File name, Expose DP comm, Expose DP_EP comm, Expose TP comm, Expose_EP_comm, Expose_PP_comm, bubble time, total comp, total exposed comm, Total time
test1, 11169638 (100.00%), 0 (0.00%), 0 (0.00%), 0 (0.00%), 0 (0.00%), 0 (0.00%), 2 (0.00%), 11169641 (100.00%), 11169643
layer_name,test1,fwd compute,wg compute,ig compute,fwd exposed comm,wg exposed comm,ig exposed comm,fwd total comm,algbw,busbw,wg total comm,algbw,busbw,ig total comm,algbw,busbw,workload finished at
grad_norm,test1,0.001000,0.001000,0.001000,0.000000,11169638.181000,0.000000,0.000000,inf,-nan,11169638.182000,45.787228,45.071804,0.000000,-nan,0.000000,11169642.864000
moe_grad_norm1,test1,0.001000,0.001000,0.001000,0.000000,0.000000,0.000000,0.000000,-nan,0.000000,0.000000,-nan,-nan,0.000000,-nan,0.000000,11169642.864000
moe_grad_norm2,test1,0.001000,0.001000,0.001000,0.000000,0.000000,0.000000,0.000000,-nan,0.000000,0.000000,-nan,-nan,0.000000,-nan,0.000000,11169642.864000
embedding_layer,test1,0.001000,0.001000,0.001000,0.000000,0.000000,0.000000,0.000000,inf,0.000000,0.000000,-nan,0.000000,0.000000,inf,0.000000,11169642.864000
attention_column,test1,0.001000,0.001000,0.001000,0.000000,0.000000,0.000000,0.000000,inf,-nan,0.000000,-nan,0.000000,0.000000,-nan,0.000000,11169642.864000
attention_row,test1,0.001000,0.001000,0.001000,0.000000,0.000000,0.000000,0.000000,inf,-nan,0.000000,-nan,0.000000,0.000000,inf,0.000000,11169642.864000
mlp_column,test1,0.001000,0.001000,0.001000,0.000000,0.000000,0.000000,0.000000,inf,-nan,0.000000,-nan,0.000000,0.000000,-nan,0.000000,11169642.864000
mlp_row,test1,0.001000,0.001000,0.001000,0.000000,0.000000,0.000000,0.000000,inf,-nan,0.000000,-nan,0.000000,0.000000,inf,0.000000,11169642.864000
attention_column,test1,0.001000,0.001000,0.001000,0.000000,0.000000,0.000000,0.000000,inf,-nan,0.000000,-nan,0.000000,0.000000,-nan,0.000000,11169642.864000
attention_row,test1,0.001000,0.001000,0.001000,0.000000,0.000000,0.000000,0.000000,inf,-nan,0.000000,-nan,0.000000,0.000000,inf,0.000000,11169642.864000
mlp_column,test1,0.001000,0.001000,0.001000,0.000000,0.000000,0.000000,0.000000,inf,-nan,0.000000,-nan,0.000000,0.000000,-nan,0.000000,11169642.864000
mlp_row,test1,0.001000,0.001000,0.001000,0.000000,0.000000,0.000000,0.000000,inf,-nan,0.000000,-nan,0.000000,0.000000,inf,0.000000,11169642.864000
attention_column,test1,0.001000,0.001000,0.001000,0.000000,0.000000,0.000000,0.000000,inf,-nan,0.000000,-nan,0.000000,0.000000,-nan,0.000000,11169642.864000
attention_row,test1,0.001000,0.001000,0.001000,0.000000,0.000000,0.000000,0.000000,inf,-nan,0.000000,-nan,0.000000,0.000000,inf,0.000000,11169642.864000
mlp_column,test1,0.001000,0.001000,0.001000,0.000000,0.000000,0.000000,0.000000,inf,-nan,0.000000,-nan,0.000000,0.000000,-nan,0.000000,11169642.864000
mlp_row,test1,0.001000,0.001000,0.001000,0.000000,0.000000,0.000000,0.000000,inf,-nan,0.000000,-nan,0.000000,0.000000,inf,0.000000,11169642.864000
attention_column,test1,0.001000,0.001000,0.001000,0.000000,0.000000,0.000000,0.000000,inf,-nan,0.000000,-nan,0.000000,0.000000,-nan,0.000000,11169642.864000
attention_row,test1,0.001000,0.001000,0.001000,0.000000,0.000000,0.000000,0.000000,inf,-nan,0.000000,-nan,0.000000,0.000000,inf,0.000000,11169642.864000
mlp_column,test1,0.001000,0.001000,0.001000,0.000000,0.000000,0.000000,0.000000,inf,-nan,0.000000,-nan,0.000000,0.000000,-nan,0.000000,11169642.864000
mlp_row,test1,0.001000,0.001000,0.001000,0.000000,0.000000,0.000000,0.000000,inf,-nan,0.000000,-nan,0.000000,0.000000,inf,0.000000,11169642.864000
attention_column,test1,0.001000,0.001000,0.001000,0.000000,0.000000,0.000000,0.000000,inf,-nan,0.000000,-nan,0.000000,0.000000,-nan,0.000000,11169642.864000
attention_row,test1,0.001000,0.001000,0.001000,0.000000,0.000000,0.000000,0.000000,inf,-nan,0.000000,-nan,0.000000,0.000000,inf,0.000000,11169642.864000
mlp_column,test1,0.001000,0.001000,0.001000,0.000000,0.000000,0.000000,0.000000,inf,-nan,0.000000,-nan,0.000000,0.000000,-nan,0.000000,11169642.864000
mlp_row,test1,0.001000,0.001000,0.001000,0.000000,0.000000,0.000000,0.000000,inf,-nan,0.000000,-nan,0.000000,0.000000,inf,0.000000,11169642.864000
attention_column,test1,0.001000,0.001000,0.001000,0.000000,0.000000,0.000000,0.000000,inf,-nan,0.000000,-nan,0.000000,0.000000,-nan,0.000000,11169642.864000
attention_row,test1,0.001000,0.001000,0.001000,0.000000,0.000000,0.000000,0.000000,inf,-nan,0.000000,-nan,0.000000,0.000000,inf,0.000000,11169642.864000
mlp_column,test1,0.001000,0.001000,0.001000,0.000000,0.000000,0.000000,0.000000,inf,-nan,0.000000,-nan,0.000000,0.000000,-nan,0.000000,11169642.864000
mlp_row,test1,0.001000,0.001000,0.001000,0.000000,0.000000,0.000000,0.000000,inf,-nan,0.000000,-nan,0.000000,0.000000,inf,0.000000,11169642.864000
attention_column,test1,0.001000,0.001000,0.001000,0.000000,0.000000,0.000000,0.000000,inf,-nan,0.000000,-nan,0.000000,0.000000,-nan,0.000000,11169642.864000
attention_row,test1,0.001000,0.001000,0.001000,0.000000,0.000000,0.000000,0.000000,inf,-nan,0.000000,-nan,0.000000,0.000000,inf,0.000000,11169642.864000
mlp_column,test1,0.001000,0.001000,0.001000,0.000000,0.000000,0.000000,0.000000,inf,-nan,0.000000,-nan,0.000000,0.000000,-nan,0.000000,11169642.864000
mlp_row,test1,0.001000,0.001000,0.001000,0.000000,0.000000,0.000000,0.000000,inf,-nan,0.000000,-nan,0.000000,0.000000,inf,0.000000,11169642.864000
attention_column,test1,0.001000,0.001000,0.001000,0.000000,0.000000,0.000000,0.000000,inf,-nan,0.000000,-nan,0.000000,0.000000,-nan,0.000000,11169642.864000
attention_row,test1,0.001000,0.001000,0.001000,0.000000,0.000000,0.000000,0.000000,inf,-nan,0.000000,-nan,0.000000,0.000000,inf,0.000000,11169642.864000
mlp_column,test1,0.001000,0.001000,0.001000,0.000000,0.000000,0.000000,0.000000,inf,-nan,0.000000,-nan,0.000000,0.000000,-nan,0.000000,11169642.864000
mlp_row,test1,0.001000,0.001000,0.001000,0.000000,0.000000,0.000000,0.000000,inf,-nan,0.000000,-nan,0.000000,0.000000,inf,0.000000,11169642.864000
attention_column,test1,0.001000,0.001000,0.001000,0.000000,0.000000,0.000000,0.000000,inf,-nan,0.000000,-nan,0.000000,0.000000,-nan,0.000000,11169642.864000
attention_row,test1,0.001000,0.001000,0.001000,0.000000,0.000000,0.000000,0.000000,inf,-nan,0.000000,-nan,0.000000,0.000000,inf,0.000000,11169642.864000
mlp_column,test1,0.001000,0.001000,0.001000,0.000000,0.000000,0.000000,0.000000,inf,-nan,0.000000,-nan,0.000000,0.000000,-nan,0.000000,11169642.864000
mlp_row,test1,0.001000,0.001000,0.001000,0.000000,0.000000,0.000000,0.000000,inf,-nan,0.000000,-nan,0.000000,0.000000,inf,0.000000,11169642.864000
attention_column,test1,0.001000,0.001000,0.001000,0.000000,0.000000,0.000000,0.000000,inf,-nan,0.000000,-nan,0.000000,0.000000,-nan,0.000000,11169642.864000
attention_row,test1,0.001000,0.001000,0.001000,0.000000,0.000000,0.000000,0.000000,inf,-nan,0.000000,-nan,0.000000,0.000000,inf,0.000000,11169642.864000
mlp_column,test1,0.001000,0.001000,0.001000,0.000000,0.000000,0.000000,0.000000,inf,-nan,0.000000,-nan,0.000000,0.000000,-nan,0.000000,11169642.864000
mlp_row,test1,0.001000,0.001000,0.001000,0.000000,0.000000,0.000000,0.000000,inf,-nan,0.000000,-nan,0.000000,0.000000,inf,0.000000,11169642.864000
attention_column,test1,0.001000,0.001000,0.001000,0.000000,0.000000,0.000000,0.000000,inf,-nan,0.000000,-nan,0.000000,0.000000,-nan,0.000000,11169642.864000
attention_row,test1,0.001000,0.001000,0.001000,0.000000,0.000000,0.000000,0.000000,inf,-nan,0.000000,-nan,0.000000,0.000000,inf,0.000000,11169642.864000
mlp_column,test1,0.001000,0.001000,0.001000,0.000000,0.000000,0.000000,0.000000,inf,-nan,0.000000,-nan,0.000000,0.000000,-nan,0.000000,11169642.864000
mlp_row,test1,0.001000,0.001000,0.001000,0.000000,0.000000,0.000000,0.000000,inf,-nan,0.000000,-nan,0.000000,0.000000,inf,0.000000,11169642.864000
attention_column,test1,0.001000,0.001000,0.001000,0.000000,0.000000,0.000000,0.000000,inf,-nan,0.000000,-nan,0.000000,0.000000,-nan,0.000000,11169642.864000
attention_row,test1,0.001000,0.001000,0.001000,0.000000,0.000000,0.000000,0.000000,inf,-nan,0.000000,-nan,0.000000,0.000000,inf,0.000000,11169642.864000
mlp_column,test1,0.001000,0.001000,0.001000,0.000000,0.000000,0.000000,0.000000,inf,-nan,0.000000,-nan,0.000000,0.000000,-nan,0.000000,11169642.864000
mlp_row,test1,0.001000,0.001000,0.001000,0.000000,0.000000,0.000000,0.000000,inf,-nan,0.000000,-nan,0.000000,0.000000,inf,0.000000,11169642.864000
attention_column,test1,0.001000,0.001000,0.001000,0.000000,0.000000,0.000000,0.000000,inf,-nan,0.000000,-nan,0.000000,0.000000,-nan,0.000000,11169642.864000
attention_row,test1,0.001000,0.001000,0.001000,0.000000,0.000000,0.000000,0.000000,inf,-nan,0.000000,-nan,0.000000,0.000000,inf,0.000000,11169642.864000
mlp_column,test1,0.001000,0.001000,0.001000,0.000000,0.000000,0.000000,0.000000,inf,-nan,0.000000,-nan,0.000000,0.000000,-nan,0.000000,11169642.864000
mlp_row,test1,0.001000,0.001000,0.001000,0.000000,0.000000,0.000000,0.000000,inf,-nan,0.000000,-nan,0.000000,0.000000,inf,0.000000,11169642.864000
attention_column,test1,0.001000,0.001000,0.001000,0.000000,0.000000,0.000000,0.000000,inf,-nan,0.000000,-nan,0.000000,0.000000,-nan,0.000000,11169642.864000
attention_row,test1,0.001000,0.001000,0.001000,0.000000,0.000000,0.000000,0.000000,inf,-nan,0.000000,-nan,0.000000,0.000000,inf,0.000000,11169642.864000
mlp_column,test1,0.001000,0.001000,0.001000,0.000000,0.000000,0.000000,0.000000,inf,-nan,0.000000,-nan,0.000000,0.000000,-nan,0.000000,11169642.864000
mlp_row,test1,0.001000,0.001000,0.001000,0.000000,0.000000,0.000000,0.000000,inf,-nan,0.000000,-nan,0.000000,0.000000,inf,0.000000,11169642.864000
attention_column,test1,0.001000,0.001000,0.001000,0.000000,0.000000,0.000000,0.000000,inf,-nan,0.000000,-nan,0.000000,0.000000,-nan,0.000000,11169642.864000
attention_row,test1,0.001000,0.001000,0.001000,0.000000,0.000000,0.000000,0.000000,inf,-nan,0.000000,-nan,0.000000,0.000000,inf,0.000000,11169642.864000
mlp_column,test1,0.001000,0.001000,0.001000,0.000000,0.000000,0.000000,0.000000,inf,-nan,0.000000,-nan,0.000000,0.000000,-nan,0.000000,11169642.864000
mlp_row,test1,0.001000,0.001000,0.001000,0.000000,0.000000,0.000000,0.000000,inf,-nan,0.000000,-nan,0.000000,0.000000,inf,0.000000,11169642.864000
attention_column,test1,0.001000,0.001000,0.001000,0.000000,0.000000,0.000000,0.000000,inf,-nan,0.000000,-nan,0.000000,0.000000,-nan,0.000000,11169642.864000
attention_row,test1,0.001000,0.001000,0.001000,0.000000,0.000000,0.000000,0.000000,inf,-nan,0.000000,-nan,0.000000,0.000000,inf,0.000000,11169642.864000
mlp_column,test1,0.001000,0.001000,0.001000,0.000000,0.000000,0.000000,0.000000,inf,-nan,0.000000,-nan,0.000000,0.000000,-nan,0.000000,11169642.864000
mlp_row,test1,0.001000,0.001000,0.001000,0.000000,0.000000,0.000000,0.000000,inf,-nan,0.000000,-nan,0.000000,0.000000,inf,0.000000,11169642.864000
attention_column,test1,0.001000,0.001000,0.001000,0.000000,0.000000,0.000000,0.000000,inf,-nan,0.000000,-nan,0.000000,0.000000,-nan,0.000000,11169642.864000
attention_row,test1,0.001000,0.001000,0.001000,0.000000,0.000000,0.000000,0.000000,inf,-nan,0.000000,-nan,0.000000,0.000000,inf,0.000000,11169642.864000
mlp_column,test1,0.001000,0.001000,0.001000,0.000000,0.000000,0.000000,0.000000,inf,-nan,0.000000,-nan,0.000000,0.000000,-nan,0.000000,11169642.864000
mlp_row,test1,0.001000,0.001000,0.001000,0.000000,0.000000,0.000000,0.000000,inf,-nan,0.000000,-nan,0.000000,0.000000,inf,0.000000,11169642.864000
attention_column,test1,0.001000,0.001000,0.001000,0.000000,0.000000,0.000000,0.000000,inf,-nan,0.000000,-nan,0.000000,0.000000,-nan,0.000000,11169642.864000
attention_row,test1,0.001000,0.001000,0.001000,0.000000,0.000000,0.000000,0.000000,inf,-nan,0.000000,-nan,0.000000,0.000000,inf,0.000000,11169642.864000
mlp_column,test1,0.001000,0.001000,0.001000,0.000000,0.000000,0.000000,0.000000,inf,-nan,0.000000,-nan,0.000000,0.000000,-nan,0.000000,11169642.864000
mlp_row,test1,0.001000,0.001000,0.001000,0.000000,0.000000,0.000000,0.000000,inf,-nan,0.000000,-nan,0.000000,0.000000,inf,0.000000,11169642.864000
attention_column,test1,0.001000,0.001000,0.001000,0.000000,0.000000,0.000000,0.000000,inf,-nan,0.000000,-nan,0.000000,0.000000,-nan,0.000000,11169642.864000
attention_row,test1,0.001000,0.001000,0.001000,0.000000,0.000000,0.000000,0.000000,inf,-nan,0.000000,-nan,0.000000,0.000000,inf,0.000000,11169642.864000
mlp_column,test1,0.001000,0.001000,0.001000,0.000000,0.000000,0.000000,0.000000,inf,-nan,0.000000,-nan,0.000000,0.000000,-nan,0.000000,11169642.864000
mlp_row,test1,0.001000,0.001000,0.001000,0.000000,0.000000,0.000000,0.000000,inf,-nan,0.000000,-nan,0.000000,0.000000,inf,0.000000,11169642.864000
attention_column,test1,0.001000,0.001000,0.001000,0.000000,0.000000,0.000000,0.000000,inf,-nan,0.000000,-nan,0.000000,0.000000,-nan,0.000000,11169642.864000
attention_row,test1,0.001000,0.001000,0.001000,0.000000,0.000000,0.000000,0.000000,inf,-nan,0.000000,-nan,0.000000,0.000000,inf,0.000000,11169642.864000
mlp_column,test1,0.001000,0.001000,0.001000,0.000000,0.000000,0.000000,0.000000,inf,-nan,0.000000,-nan,0.000000,0.000000,-nan,0.000000,11169642.864000
mlp_row,test1,0.001000,0.001000,0.001000,0.000000,0.000000,0.000000,0.000000,inf,-nan,0.000000,-nan,0.000000,0.000000,inf,0.000000,11169642.864000
attention_column,test1,0.001000,0.001000,0.001000,0.000000,0.000000,0.000000,0.000000,inf,-nan,0.000000,-nan,0.000000,0.000000,-nan,0.000000,11169642.864000
attention_row,test1,0.001000,0.001000,0.001000,0.000000,0.000000,0.000000,0.000000,inf,-nan,0.000000,-nan,0.000000,0.000000,inf,0.000000,11169642.864000
mlp_column,test1,0.001000,0.001000,0.001000,0.000000,0.000000,0.000000,0.000000,inf,-nan,0.000000,-nan,0.000000,0.000000,-nan,0.000000,11169642.864000
mlp_row,test1,0.001000,0.001000,0.001000,0.000000,0.000000,0.000000,0.000000,inf,-nan,0.000000,-nan,0.000000,0.000000,inf,0.000000,11169642.864000
attention_column,test1,0.001000,0.001000,0.001000,0.000000,0.000000,0.000000,0.000000,inf,-nan,0.000000,-nan,0.000000,0.000000,-nan,0.000000,11169642.864000
attention_row,test1,0.001000,0.001000,0.001000,0.000000,0.000000,0.000000,0.000000,inf,-nan,0.000000,-nan,0.000000,0.000000,inf,0.000000,11169642.864000
mlp_column,test1,0.001000,0.001000,0.001000,0.000000,0.000000,0.000000,0.000000,inf,-nan,0.000000,-nan,0.000000,0.000000,-nan,0.000000,11169642.864000
mlp_row,test1,0.001000,0.001000,0.001000,0.000000,0.000000,0.000000,0.000000,inf,-nan,0.000000,-nan,0.000000,0.000000,inf,0.000000,11169642.864000
attention_column,test1,0.001000,0.001000,0.001000,0.000000,0.000000,0.000000,0.000000,inf,-nan,0.000000,-nan,0.000000,0.000000,-nan,0.000000,11169642.864000
attention_row,test1,0.001000,0.001000,0.001000,0.000000,0.000000,0.000000,0.000000,inf,-nan,0.000000,-nan,0.000000,0.000000,inf,0.000000,11169642.864000
mlp_column,test1,0.001000,0.001000,0.001000,0.000000,0.000000,0.000000,0.000000,inf,-nan,0.000000,-nan,0.000000,0.000000,-nan,0.000000,11169642.864000
mlp_row,test1,0.001000,0.001000,0.001000,0.000000,0.000000,0.000000,0.000000,inf,-nan,0.000000,-nan,0.000000,0.000000,inf,0.000000,11169642.864000
attention_column,test1,0.001000,0.001000,0.001000,0.000000,0.000000,0.000000,0.000000,inf,-nan,0.000000,-nan,0.000000,0.000000,-nan,0.000000,11169642.864000
attention_row,test1,0.001000,0.001000,0.001000,0.000000,0.000000,0.000000,0.000000,inf,-nan,0.000000,-nan,0.000000,0.000000,inf,0.000000,11169642.864000
mlp_column,test1,0.001000,0.001000,0.001000,0.000000,0.000000,0.000000,0.000000,inf,-nan,0.000000,-nan,0.000000,0.000000,-nan,0.000000,11169642.864000
mlp_row,test1,0.001000,0.001000,0.001000,0.000000,0.000000,0.000000,0.000000,inf,-nan,0.000000,-nan,0.000000,0.000000,inf,0.000000,11169642.864000
attention_column,test1,0.001000,0.001000,0.001000,0.000000,0.000000,0.000000,0.000000,inf,-nan,0.000000,-nan,0.000000,0.000000,-nan,0.000000,11169642.864000
attention_row,test1,0.001000,0.001000,0.001000,0.000000,0.000000,0.000000,0.000000,inf,-nan,0.000000,-nan,0.000000,0.000000,inf,0.000000,11169642.864000
mlp_column,test1,0.001000,0.001000,0.001000,0.000000,0.000000,0.000000,0.000000,inf,-nan,0.000000,-nan,0.000000,0.000000,-nan,0.000000,11169642.864000
mlp_row,test1,0.001000,0.001000,0.001000,0.000000,0.000000,0.000000,0.000000,inf,-nan,0.000000,-nan,0.000000,0.000000,inf,0.000000,11169642.864000
attention_column,test1,0.001000,0.001000,0.001000,0.000000,0.000000,0.000000,0.000000,inf,-nan,0.000000,-nan,0.000000,0.000000,-nan,0.000000,11169642.864000
attention_row,test1,0.001000,0.001000,0.001000,0.000000,0.000000,0.000000,0.000000,inf,-nan,0.000000,-nan,0.000000,0.000000,inf,0.000000,11169642.864000
mlp_column,test1,0.001000,0.001000,0.001000,0.000000,0.000000,0.000000,0.000000,inf,-nan,0.000000,-nan,0.000000,0.000000,-nan,0.000000,11169642.864000
mlp_row,test1,0.001000,0.001000,0.001000,0.000000,0.000000,0.000000,0.000000,inf,-nan,0.000000,-nan,0.000000,0.000000,inf,0.000000,11169642.864000
attention_column,test1,0.001000,0.001000,0.001000,0.000000,0.000000,0.000000,0.000000,inf,-nan,0.000000,-nan,0.000000,0.000000,-nan,0.000000,11169642.864000
attention_row,test1,0.001000,0.001000,0.001000,0.000000,0.000000,0.000000,0.000000,inf,-nan,0.000000,-nan,0.000000,0.000000,inf,0.000000,11169642.864000
mlp_column,test1,0.001000,0.001000,0.001000,0.000000,0.000000,0.000000,0.000000,inf,-nan,0.000000,-nan,0.000000,0.000000,-nan,0.000000,11169642.864000
mlp_row,test1,0.001000,0.001000,0.001000,0.000000,0.000000,0.000000,0.000000,inf,-nan,0.000000,-nan,0.000000,0.000000,inf,0.000000,11169642.864000
attention_column,test1,0.001000,0.001000,0.001000,0.000000,0.000000,0.000000,0.000000,inf,-nan,0.000000,-nan,0.000000,0.000000,-nan,0.000000,11169642.864000
attention_row,test1,0.001000,0.001000,0.001000,0.000000,0.000000,0.000000,0.000000,inf,-nan,0.000000,-nan,0.000000,0.000000,inf,0.000000,11169642.864000
mlp_column,test1,0.001000,0.001000,0.001000,0.000000,0.000000,0.000000,0.000000,inf,-nan,0.000000,-nan,0.000000,0.000000,-nan,0.000000,11169642.864000
mlp_row,test1,0.001000,0.001000,0.001000,0.000000,0.000000,0.000000,0.000000,inf,-nan,0.000000,-nan,0.000000,0.000000,inf,0.000000,11169642.864000
attention_column,test1,0.001000,0.001000,0.001000,0.000000,0.000000,0.000000,0.000000,inf,-nan,0.000000,-nan,0.000000,0.000000,-nan,0.000000,11169642.864000
attention_row,test1,0.001000,0.001000,0.001000,0.000000,0.000000,0.000000,0.000000,inf,-nan,0.000000,-nan,0.000000,0.000000,inf,0.000000,11169642.864000
mlp_column,test1,0.001000,0.001000,0.001000,0.000000,0.000000,0.000000,0.000000,inf,-nan,0.000000,-nan,0.000000,0.000000,-nan,0.000000,11169642.864000
mlp_row,test1,0.001000,0.001000,0.001000,0.000000,0.000000,0.000000,0.000000,inf,-nan,0.000000,-nan,0.000000,0.000000,inf,0.000000,11169642.864000
attention_column,test1,0.001000,0.001000,0.001000,0.000000,0.000000,0.000000,0.000000,inf,-nan,0.000000,-nan,0.000000,0.000000,-nan,0.000000,11169642.864000
attention_row,test1,0.001000,0.001000,0.001000,0.000000,0.000000,0.000000,0.000000,inf,-nan,0.000000,-nan,0.000000,0.000000,inf,0.000000,11169642.864000
mlp_column,test1,0.001000,0.001000,0.001000,0.000000,0.000000,0.000000,0.000000,inf,-nan,0.000000,-nan,0.000000,0.000000,-nan,0.000000,11169642.864000
mlp_row,test1,0.001000,0.001000,0.001000,0.000000,0.000000,0.000000,0.000000,inf,-nan,0.000000,-nan,0.000000,0.000000,inf,0.000000,11169642.864000
attention_column,test1,0.001000,0.001000,0.001000,0.000000,0.000000,0.000000,0.000000,inf,-nan,0.000000,-nan,0.000000,0.000000,-nan,0.000000,11169642.864000
attention_row,test1,0.001000,0.001000,0.001000,0.000000,0.000000,0.000000,0.000000,inf,-nan,0.000000,-nan,0.000000,0.000000,inf,0.000000,11169642.864000
mlp_column,test1,0.001000,0.001000,0.001000,0.000000,0.000000,0.000000,0.000000,inf,-nan,0.000000,-nan,0.000000,0.000000,-nan,0.000000,11169642.864000
mlp_row,test1,0.001000,0.001000,0.001000,0.000000,0.000000,0.000000,0.000000,inf,-nan,0.000000,-nan,0.000000,0.000000,inf,0.000000,11169642.864000
attention_column,test1,0.001000,0.001000,0.001000,0.000000,0.000000,0.000000,0.000000,inf,-nan,0.000000,-nan,0.000000,0.000000,-nan,0.000000,11169642.864000
attention_row,test1,0.001000,0.001000,0.001000,0.000000,0.000000,0.000000,0.000000,inf,-nan,0.000000,-nan,0.000000,0.000000,inf,0.000000,11169642.864000
mlp_column,test1,0.001000,0.001000,0.001000,0.000000,0.000000,0.000000,0.000000,inf,-nan,0.000000,-nan,0.000000,0.000000,-nan,0.000000,11169642.864000
mlp_row,test1,0.001000,0.001000,0.001000,0.000000,0.000000,0.000000,0.000000,inf,-nan,0.000000,-nan,0.000000,0.000000,inf,0.000000,11169642.864000
attention_column,test1,0.001000,0.001000,0.001000,0.000000,0.000000,0.000000,0.000000,inf,-nan,0.000000,-nan,0.000000,0.000000,-nan,0.000000,11169642.864000
attention_row,test1,0.001000,0.001000,0.001000,0.000000,0.000000,0.000000,0.000000,inf,-nan,0.000000,-nan,0.000000,0.000000,inf,0.000000,11169642.864000
mlp_column,test1,0.001000,0.001000,0.001000,0.000000,0.000000,0.000000,0.000000,inf,-nan,0.000000,-nan,0.000000,0.000000,-nan,0.000000,11169642.864000
mlp_row,test1,0.001000,0.001000,0.001000,0.000000,0.000000,0.000000,0.000000,inf,-nan,0.000000,-nan,0.000000,0.000000,inf,0.000000,11169642.864000
attention_column,test1,0.001000,0.001000,0.001000,0.000000,0.000000,0.000000,0.000000,inf,-nan,0.000000,-nan,0.000000,0.000000,-nan,0.000000,11169642.864000
attention_row,test1,0.001000,0.001000,0.001000,0.000000,0.000000,0.000000,0.000000,inf,-nan,0.000000,-nan,0.000000,0.000000,inf,0.000000,11169642.864000
mlp_column,test1,0.001000,0.001000,0.001000,0.000000,0.000000,0.000000,0.000000,inf,-nan,0.000000,-nan,0.000000,0.000000,-nan,0.000000,11169642.864000
mlp_row,test1,0.001000,0.001000,0.001000,0.000000,0.000000,0.000000,0.000000,inf,-nan,0.000000,-nan,0.000000,0.000000,inf,0.000000,11169642.864000
attention_column,test1,0.001000,0.001000,0.001000,0.000000,0.000000,0.000000,0.000000,inf,-nan,0.000000,-nan,0.000000,0.000000,-nan,0.000000,11169642.864000
attention_row,test1,0.001000,0.001000,0.001000,0.000000,0.000000,0.000000,0.000000,inf,-nan,0.000000,-nan,0.000000,0.000000,inf,0.000000,11169642.864000
mlp_column,test1,0.001000,0.001000,0.001000,0.000000,0.000000,0.000000,0.000000,inf,-nan,0.000000,-nan,0.000000,0.000000,-nan,0.000000,11169642.864000
mlp_row,test1,0.001000,0.001000,0.001000,0.000000,0.000000,0.000000,0.000000,inf,-nan,0.000000,-nan,0.000000,0.000000,inf,0.000000,11169642.864000
attention_column,test1,0.001000,0.001000,0.001000,0.000000,0.000000,0.000000,0.000000,inf,-nan,0.000000,-nan,0.000000,0.000000,-nan,0.000000,11169642.864000
attention_row,test1,0.001000,0.001000,0.001000,0.000000,0.000000,0.000000,0.000000,inf,-nan,0.000000,-nan,0.000000,0.000000,inf,0.000000,11169642.864000
mlp_column,test1,0.001000,0.001000,0.001000,0.000000,0.000000,0.000000,0.000000,inf,-nan,0.000000,-nan,0.000000,0.000000,-nan,0.000000,11169642.864000
mlp_row,test1,0.001000,0.001000,0.001000,0.000000,0.000000,0.000000,0.000000,inf,-nan,0.000000,-nan,0.000000,0.000000,inf,0.000000,11169642.864000
attention_column,test1,0.001000,0.001000,0.001000,0.000000,0.000000,0.000000,0.000000,inf,-nan,0.000000,-nan,0.000000,0.000000,-nan,0.000000,11169642.864000
attention_row,test1,0.001000,0.001000,0.001000,0.000000,0.000000,0.000000,0.000000,inf,-nan,0.000000,-nan,0.000000,0.000000,inf,0.000000,11169642.864000
mlp_column,test1,0.001000,0.001000,0.001000,0.000000,0.000000,0.000000,0.000000,inf,-nan,0.000000,-nan,0.000000,0.000000,-nan,0.000000,11169642.864000
mlp_row,test1,0.001000,0.001000,0.001000,0.000000,0.000000,0.000000,0.000000,inf,-nan,0.000000,-nan,0.000000,0.000000,inf,0.000000,11169642.864000
attention_column,test1,0.001000,0.001000,0.001000,0.000000,0.000000,0.000000,0.000000,inf,-nan,0.000000,-nan,0.000000,0.000000,-nan,0.000000,11169642.864000
attention_row,test1,0.001000,0.001000,0.001000,0.000000,0.000000,0.000000,0.000000,inf,-nan,0.000000,-nan,0.000000,0.000000,inf,0.000000,11169642.864000
mlp_column,test1,0.001000,0.001000,0.001000,0.000000,0.000000,0.000000,0.000000,inf,-nan,0.000000,-nan,0.000000,0.000000,-nan,0.000000,11169642.864000
mlp_row,test1,0.001000,0.001000,0.001000,0.000000,0.000000,0.000000,0.000000,inf,-nan,0.000000,-nan,0.000000,0.000000,inf,0.000000,11169642.864000
attention_column,test1,0.001000,0.001000,0.001000,0.000000,0.000000,0.000000,0.000000,inf,-nan,0.000000,-nan,0.000000,0.000000,-nan,0.000000,11169642.864000
attention_row,test1,0.001000,0.001000,0.001000,0.000000,0.000000,0.000000,0.000000,inf,-nan,0.000000,-nan,0.000000,0.000000,inf,0.000000,11169642.864000
mlp_column,test1,0.001000,0.001000,0.001000,0.000000,0.000000,0.000000,0.000000,inf,-nan,0.000000,-nan,0.000000,0.000000,-nan,0.000000,11169642.864000
mlp_row,test1,0.001000,0.001000,0.001000,0.000000,0.000000,0.000000,0.000000,inf,-nan,0.000000,-nan,0.000000,0.000000,inf,0.000000,11169642.864000
attention_column,test1,0.001000,0.001000,0.001000,0.000000,0.000000,0.000000,0.000000,inf,-nan,0.000000,-nan,0.000000,0.000000,-nan,0.000000,11169642.864000
attention_row,test1,0.001000,0.001000,0.001000,0.000000,0.000000,0.000000,0.000000,inf,-nan,0.000000,-nan,0.000000,0.000000,inf,0.000000,11169642.864000
mlp_column,test1,0.001000,0.001000,0.001000,0.000000,0.000000,0.000000,0.000000,inf,-nan,0.000000,-nan,0.000000,0.000000,-nan,0.000000,11169642.864000
mlp_row,test1,0.001000,0.001000,0.001000,0.000000,0.000000,0.000000,0.000000,inf,-nan,0.000000,-nan,0.000000,0.000000,inf,0.000000,11169642.864000
attention_column,test1,0.001000,0.001000,0.001000,0.000000,0.000000,0.000000,0.000000,inf,-nan,0.000000,-nan,0.000000,0.000000,-nan,0.000000,11169642.864000
attention_row,test1,0.001000,0.001000,0.001000,0.000000,0.000000,0.000000,0.000000,inf,-nan,0.000000,-nan,0.000000,0.000000,inf,0.000000,11169642.864000
mlp_column,test1,0.001000,0.001000,0.001000,0.000000,0.000000,0.000000,0.000000,inf,-nan,0.000000,-nan,0.000000,0.000000,-nan,0.000000,11169642.864000
mlp_row,test1,0.001000,0.001000,0.001000,0.000000,0.000000,0.000000,0.000000,inf,-nan,0.000000,-nan,0.000000,0.000000,inf,0.000000,11169642.864000
attention_column,test1,0.001000,0.001000,0.001000,0.000000,0.000000,0.000000,0.000000,inf,-nan,0.000000,-nan,0.000000,0.000000,-nan,0.000000,11169642.864000
attention_row,test1,0.001000,0.001000,0.001000,0.000000,0.000000,0.000000,0.000000,inf,-nan,0.000000,-nan,0.000000,0.000000,inf,0.000000,11169642.864000
mlp_column,test1,0.001000,0.001000,0.001000,0.000000,0.000000,0.000000,0.000000,inf,-nan,0.000000,-nan,0.000000,0.000000,-nan,0.000000,11169642.864000
mlp_row,test1,0.001000,0.001000,0.001000,0.000000,0.000000,0.000000,0.000000,inf,-nan,0.000000,-nan,0.000000,0.000000,inf,0.000000,11169642.864000
attention_column,test1,0.001000,0.001000,0.001000,0.000000,0.000000,0.000000,0.000000,inf,-nan,0.000000,-nan,0.000000,0.000000,-nan,0.000000,11169642.864000
attention_row,test1,0.001000,0.001000,0.001000,0.000000,0.000000,0.000000,0.000000,inf,-nan,0.000000,-nan,0.000000,0.000000,inf,0.000000,11169642.864000
mlp_column,test1,0.001000,0.001000,0.001000,0.000000,0.000000,0.000000,0.000000,inf,-nan,0.000000,-nan,0.000000,0.000000,-nan,0.000000,11169642.864000
mlp_row,test1,0.001000,0.001000,0.001000,0.000000,0.000000,0.000000,0.000000,inf,-nan,0.000000,-nan,0.000000,0.000000,inf,0.000000,11169642.864000
attention_column,test1,0.001000,0.001000,0.001000,0.000000,0.000000,0.000000,0.000000,inf,-nan,0.000000,-nan,0.000000,0.000000,-nan,0.000000,11169642.864000
attention_row,test1,0.001000,0.001000,0.001000,0.000000,0.000000,0.000000,0.000000,inf,-nan,0.000000,-nan,0.000000,0.000000,inf,0.000000,11169642.864000
mlp_column,test1,0.001000,0.001000,0.001000,0.000000,0.000000,0.000000,0.000000,inf,-nan,0.000000,-nan,0.000000,0.000000,-nan,0.000000,11169642.864000
mlp_row,test1,0.001000,0.001000,0.001000,0.000000,0.000000,0.000000,0.000000,inf,-nan,0.000000,-nan,0.000000,0.000000,inf,0.000000,11169642.864000
attention_column,test1,0.001000,0.001000,0.001000,0.000000,0.000000,0.000000,0.000000,inf,-nan,0.000000,-nan,0.000000,0.000000,-nan,0.000000,11169642.864000
attention_row,test1,0.001000,0.001000,0.001000,0.000000,0.000000,0.000000,0.000000,inf,-nan,0.000000,-nan,0.000000,0.000000,inf,0.000000,11169642.864000
mlp_column,test1,0.001000,0.001000,0.001000,0.000000,0.000000,0.000000,0.000000,inf,-nan,0.000000,-nan,0.000000,0.000000,-nan,0.000000,11169642.864000
mlp_row,test1,0.001000,0.001000,0.001000,0.000000,0.000000,0.000000,0.000000,inf,-nan,0.000000,-nan,0.000000,0.000000,inf,0.000000,11169642.864000
attention_column,test1,0.001000,0.001000,0.001000,0.000000,0.000000,0.000000,0.000000,inf,-nan,0.000000,-nan,0.000000,0.000000,-nan,0.000000,11169642.864000
attention_row,test1,0.001000,0.001000,0.001000,0.000000,0.000000,0.000000,0.000000,inf,-nan,0.000000,-nan,0.000000,0.000000,inf,0.000000,11169642.864000
mlp_column,test1,0.001000,0.001000,0.001000,0.000000,0.000000,0.000000,0.000000,inf,-nan,0.000000,-nan,0.000000,0.000000,-nan,0.000000,11169642.864000
mlp_row,test1,0.001000,0.001000,0.001000,0.000000,0.000000,0.000000,0.000000,inf,-nan,0.000000,-nan,0.000000,0.000000,inf,0.000000,11169642.864000
attention_column,test1,0.001000,0.001000,0.001000,0.000000,0.000000,0.000000,0.000000,inf,-nan,0.000000,-nan,0.000000,0.000000,-nan,0.000000,11169642.864000
attention_row,test1,0.001000,0.001000,0.001000,0.000000,0.000000,0.000000,0.000000,inf,-nan,0.000000,-nan,0.000000,0.000000,inf,0.000000,11169642.864000
mlp_column,test1,0.001000,0.001000,0.001000,0.000000,0.000000,0.000000,0.000000,inf,-nan,0.000000,-nan,0.000000,0.000000,-nan,0.000000,11169642.864000
mlp_row,test1,0.001000,0.001000,0.001000,0.000000,0.000000,0.000000,0.000000,inf,-nan,0.000000,-nan,0.000000,0.000000,inf,0.000000,11169642.864000
attention_column,test1,0.001000,0.001000,0.001000,0.000000,0.000000,0.000000,0.000000,inf,-nan,0.000000,-nan,0.000000,0.000000,-nan,0.000000,11169642.864000
attention_row,test1,0.001000,0.001000,0.001000,0.000000,0.000000,0.000000,0.000000,inf,-nan,0.000000,-nan,0.000000,0.000000,inf,0.000000,11169642.864000
mlp_column,test1,0.001000,0.001000,0.001000,0.000000,0.000000,0.000000,0.000000,inf,-nan,0.000000,-nan,0.000000,0.000000,-nan,0.000000,11169642.864000
mlp_row,test1,0.001000,0.001000,0.001000,0.000000,0.000000,0.000000,0.000000,inf,-nan,0.000000,-nan,0.000000,0.000000,inf,0.000000,11169642.864000
attention_column,test1,0.001000,0.001000,0.001000,0.000000,0.000000,0.000000,0.000000,inf,-nan,0.000000,-nan,0.000000,0.000000,-nan,0.000000,11169642.864000
attention_row,test1,0.001000,0.001000,0.001000,0.000000,0.000000,0.000000,0.000000,inf,-nan,0.000000,-nan,0.000000,0.000000,inf,0.000000,11169642.864000
mlp_column,test1,0.001000,0.001000,0.001000,0.000000,0.000000,0.000000,0.000000,inf,-nan,0.000000,-nan,0.000000,0.000000,-nan,0.000000,11169642.864000
mlp_row,test1,0.001000,0.001000,0.001000,0.000000,0.000000,0.000000,0.000000,inf,-nan,0.000000,-nan,0.000000,0.000000,inf,0.000000,11169642.864000
attention_column,test1,0.001000,0.001000,0.001000,0.000000,0.000000,0.000000,0.000000,inf,-nan,0.000000,-nan,0.000000,0.000000,-nan,0.000000,11169642.864000
attention_row,test1,0.001000,0.001000,0.001000,0.000000,0.000000,0.000000,0.000000,inf,-nan,0.000000,-nan,0.000000,0.000000,inf,0.000000,11169642.864000
mlp_column,test1,0.001000,0.001000,0.001000,0.000000,0.000000,0.000000,0.000000,inf,-nan,0.000000,-nan,0.000000,0.000000,-nan,0.000000,11169642.864000
mlp_row,test1,0.001000,0.001000,0.001000,0.000000,0.000000,0.000000,0.000000,inf,-nan,0.000000,-nan,0.000000,0.000000,inf,0.000000,11169642.864000
attention_column,test1,0.001000,0.001000,0.001000,0.000000,0.000000,0.000000,0.000000,inf,-nan,0.000000,-nan,0.000000,0.000000,-nan,0.000000,11169642.864000
attention_row,test1,0.001000,0.001000,0.001000,0.000000,0.000000,0.000000,0.000000,inf,-nan,0.000000,-nan,0.000000,0.000000,inf,0.000000,11169642.864000
mlp_column,test1,0.001000,0.001000,0.001000,0.000000,0.000000,0.000000,0.000000,inf,-nan,0.000000,-nan,0.000000,0.000000,-nan,0.000000,11169642.864000
mlp_row,test1,0.001000,0.001000,0.001000,0.000000,0.000000,0.000000,0.000000,inf,-nan,0.000000,-nan,0.000000,0.000000,inf,0.000000,11169642.864000
attention_column,test1,0.001000,0.001000,0.001000,0.000000,0.000000,0.000000,0.000000,inf,-nan,0.000000,-nan,0.000000,0.000000,-nan,0.000000,11169642.864000
attention_row,test1,0.001000,0.001000,0.001000,0.000000,0.000000,0.000000,0.000000,inf,-nan,0.000000,-nan,0.000000,0.000000,inf,0.000000,11169642.864000
mlp_column,test1,0.001000,0.001000,0.001000,0.000000,0.000000,0.000000,0.000000,inf,-nan,0.000000,-nan,0.000000,0.000000,-nan,0.000000,11169642.864000
mlp_row,test1,0.001000,0.001000,0.001000,0.000000,0.000000,0.000000,0.000000,inf,-nan,0.000000,-nan,0.000000,0.000000,inf,0.000000,11169642.864000
attention_column,test1,0.001000,0.001000,0.001000,0.000000,0.000000,0.000000,0.000000,inf,-nan,0.000000,-nan,0.000000,0.000000,-nan,0.000000,11169642.864000
attention_row,test1,0.001000,0.001000,0.001000,0.000000,0.000000,0.000000,0.000000,inf,-nan,0.000000,-nan,0.000000,0.000000,inf,0.000000,11169642.864000
mlp_column,test1,0.001000,0.001000,0.001000,0.000000,0.000000,0.000000,0.000000,inf,-nan,0.000000,-nan,0.000000,0.000000,-nan,0.000000,11169642.864000
mlp_row,test1,0.001000,0.001000,0.001000,0.000000,0.000000,0.000000,0.000000,inf,-nan,0.000000,-nan,0.000000,0.000000,inf,0.000000,11169642.864000
attention_column,test1,0.001000,0.001000,0.001000,0.000000,0.000000,0.000000,0.000000,inf,-nan,0.000000,-nan,0.000000,0.000000,-nan,0.000000,11169642.864000
attention_row,test1,0.001000,0.001000,0.001000,0.000000,0.000000,0.000000,0.000000,inf,-nan,0.000000,-nan,0.000000,0.000000,inf,0.000000,11169642.864000
mlp_column,test1,0.001000,0.001000,0.001000,0.000000,0.000000,0.000000,0.000000,inf,-nan,0.000000,-nan,0.000000,0.000000,-nan,0.000000,11169642.864000
mlp_row,test1,0.001000,0.001000,0.001000,0.000000,0.000000,0.000000,0.000000,inf,-nan,0.000000,-nan,0.000000,0.000000,inf,0.000000,11169642.864000
attention_column,test1,0.001000,0.001000,0.001000,0.000000,0.000000,0.000000,0.000000,inf,-nan,0.000000,-nan,0.000000,0.000000,-nan,0.000000,11169642.864000
attention_row,test1,0.001000,0.001000,0.001000,0.000000,0.000000,0.000000,0.000000,inf,-nan,0.000000,-nan,0.000000,0.000000,inf,0.000000,11169642.864000
mlp_column,test1,0.001000,0.001000,0.001000,0.000000,0.000000,0.000000,0.000000,inf,-nan,0.000000,-nan,0.000000,0.000000,-nan,0.000000,11169642.864000
mlp_row,test1,0.001000,0.001000,0.001000,0.000000,0.000000,0.000000,0.000000,inf,-nan,0.000000,-nan,0.000000,0.000000,inf,0.000000,11169642.864000
attention_column,test1,0.001000,0.001000,0.001000,0.000000,0.000000,0.000000,0.000000,inf,-nan,0.000000,-nan,0.000000,0.000000,-nan,0.000000,11169642.864000
attention_row,test1,0.001000,0.001000,0.001000,0.000000,0.000000,0.000000,0.000000,inf,-nan,0.000000,-nan,0.000000,0.000000,inf,0.000000,11169642.864000
mlp_column,test1,0.001000,0.001000,0.001000,0.000000,0.000000,0.000000,0.000000,inf,-nan,0.000000,-nan,0.000000,0.000000,-nan,0.000000,11169642.864000
mlp_row,test1,0.001000,0.001000,0.001000,0.000000,0.000000,0.000000,0.000000,inf,-nan,0.000000,-nan,0.000000,0.000000,inf,0.000000,11169642.864000
attention_column,test1,0.001000,0.001000,0.001000,0.000000,0.000000,0.000000,0.000000,inf,-nan,0.000000,-nan,0.000000,0.000000,-nan,0.000000,11169642.864000
attention_row,test1,0.001000,0.001000,0.001000,0.000000,0.000000,0.000000,0.000000,inf,-nan,0.000000,-nan,0.000000,0.000000,inf,0.000000,11169642.864000
mlp_column,test1,0.001000,0.001000,0.001000,0.000000,0.000000,0.000000,0.000000,inf,-nan,0.000000,-nan,0.000000,0.000000,-nan,0.000000,11169642.864000
mlp_row,test1,0.001000,0.001000,0.001000,0.000000,0.000000,0.000000,0.000000,inf,-nan,0.000000,-nan,0.000000,0.000000,inf,0.000000,11169642.864000
attention_column,test1,0.001000,0.001000,0.001000,0.000000,0.000000,0.000000,0.000000,inf,-nan,0.000000,-nan,0.000000,0.000000,-nan,0.000000,11169642.864000
attention_row,test1,0.001000,0.001000,0.001000,0.000000,0.000000,0.000000,0.000000,inf,-nan,0.000000,-nan,0.000000,0.000000,inf,0.000000,11169642.864000
mlp_column,test1,0.001000,0.001000,0.001000,0.000000,0.000000,0.000000,0.000000,inf,-nan,0.000000,-nan,0.000000,0.000000,-nan,0.000000,11169642.864000
mlp_row,test1,0.001000,0.001000,0.001000,0.000000,0.000000,0.000000,0.000000,inf,-nan,0.000000,-nan,0.000000,0.000000,inf,0.000000,11169642.864000
attention_column,test1,0.001000,0.001000,0.001000,0.000000,0.000000,0.000000,0.000000,inf,-nan,0.000000,-nan,0.000000,0.000000,-nan,0.000000,11169642.864000
attention_row,test1,0.001000,0.001000,0.001000,0.000000,0.000000,0.000000,0.000000,inf,-nan,0.000000,-nan,0.000000,0.000000,inf,0.000000,11169642.864000
mlp_column,test1,0.001000,0.001000,0.001000,0.000000,0.000000,0.000000,0.000000,inf,-nan,0.000000,-nan,0.000000,0.000000,-nan,0.000000,11169642.864000
mlp_row,test1,0.001000,0.001000,0.001000,0.000000,0.000000,0.000000,0.000000,inf,-nan,0.000000,-nan,0.000000,0.000000,inf,0.000000,11169642.864000
attention_column,test1,0.001000,0.001000,0.001000,0.000000,0.000000,0.000000,0.000000,inf,-nan,0.000000,-nan,0.000000,0.000000,-nan,0.000000,11169642.864000
attention_row,test1,0.001000,0.001000,0.001000,0.000000,0.000000,0.000000,0.000000,inf,-nan,0.000000,-nan,0.000000,0.000000,inf,0.000000,11169642.864000
mlp_column,test1,0.001000,0.001000,0.001000,0.000000,0.000000,0.000000,0.000000,inf,-nan,0.000000,-nan,0.000000,0.000000,-nan,0.000000,11169642.864000
mlp_row,test1,0.001000,0.001000,0.001000,0.000000,0.000000,0.000000,0.000000,inf,-nan,0.000000,-nan,0.000000,0.000000,inf,0.000000,11169642.864000
attention_column,test1,0.001000,0.001000,0.001000,0.000000,0.000000,0.000000,0.000000,inf,-nan,0.000000,-nan,0.000000,0.000000,-nan,0.000000,11169642.864000
attention_row,test1,0.001000,0.001000,0.001000,0.000000,0.000000,0.000000,0.000000,inf,-nan,0.000000,-nan,0.000000,0.000000,inf,0.000000,11169642.864000
mlp_column,test1,0.001000,0.001000,0.001000,0.000000,0.000000,0.000000,0.000000,inf,-nan,0.000000,-nan,0.000000,0.000000,-nan,0.000000,11169642.864000
mlp_row,test1,0.001000,0.001000,0.001000,0.000000,0.000000,0.000000,0.000000,inf,-nan,0.000000,-nan,0.000000,0.000000,inf,0.000000,11169642.864000
attention_column,test1,0.001000,0.001000,0.001000,0.000000,0.000000,0.000000,0.000000,inf,-nan,0.000000,-nan,0.000000,0.000000,-nan,0.000000,11169642.864000
attention_row,test1,0.001000,0.001000,0.001000,0.000000,0.000000,0.000000,0.000000,inf,-nan,0.000000,-nan,0.000000,0.000000,inf,0.000000,11169642.864000
mlp_column,test1,0.001000,0.001000,0.001000,0.000000,0.000000,0.000000,0.000000,inf,-nan,0.000000,-nan,0.000000,0.000000,-nan,0.000000,11169642.864000
mlp_row,test1,0.001000,0.001000,0.001000,0.000000,0.000000,0.000000,0.000000,inf,-nan,0.000000,-nan,0.000000,0.000000,inf,0.000000,11169642.864000
attention_column,test1,0.001000,0.001000,0.001000,0.000000,0.000000,0.000000,0.000000,inf,-nan,0.000000,-nan,0.000000,0.000000,-nan,0.000000,11169642.864000
attention_row,test1,0.001000,0.001000,0.001000,0.000000,0.000000,0.000000,0.000000,inf,-nan,0.000000,-nan,0.000000,0.000000,inf,0.000000,11169642.864000
mlp_column,test1,0.001000,0.001000,0.001000,0.000000,0.000000,0.000000,0.000000,inf,-nan,0.000000,-nan,0.000000,0.000000,-nan,0.000000,11169642.864000
mlp_row,test1,0.001000,0.001000,0.001000,0.000000,0.000000,0.000000,0.000000,inf,-nan,0.000000,-nan,0.000000,0.000000,inf,0.000000,11169642.864000
attention_column,test1,0.001000,0.001000,0.001000,0.000000,0.000000,0.000000,0.000000,inf,-nan,0.000000,-nan,0.000000,0.000000,-nan,0.000000,11169642.864000
attention_row,test1,0.001000,0.001000,0.001000,0.000000,0.000000,0.000000,0.000000,inf,-nan,0.000000,-nan,0.000000,0.000000,inf,0.000000,11169642.864000
mlp_column,test1,0.001000,0.001000,0.001000,0.000000,0.000000,0.000000,0.000000,inf,-nan,0.000000,-nan,0.000000,0.000000,-nan,0.000000,11169642.864000
mlp_row,test1,0.001000,0.001000,0.001000,0.000000,0.000000,0.000000,0.000000,inf,-nan,0.000000,-nan,0.000000,0.000000,inf,0.000000,11169642.864000
attention_column,test1,0.001000,0.001000,0.001000,0.000000,0.000000,0.000000,0.000000,inf,-nan,0.000000,-nan,0.000000,0.000000,-nan,0.000000,11169642.864000
attention_row,test1,0.001000,0.001000,0.001000,0.000000,0.000000,0.000000,0.000000,inf,-nan,0.000000,-nan,0.000000,0.000000,inf,0.000000,11169642.864000
mlp_column,test1,0.001000,0.001000,0.001000,0.000000,0.000000,0.000000,0.000000,inf,-nan,0.000000,-nan,0.000000,0.000000,-nan,0.000000,11169642.864000
mlp_row,test1,0.001000,0.001000,0.001000,0.000000,0.000000,0.000000,0.000000,inf,-nan,0.000000,-nan,0.000000,0.000000,inf,0.000000,11169642.864000
attention_column,test1,0.001000,0.001000,0.001000,0.000000,0.000000,0.000000,0.000000,inf,-nan,0.000000,-nan,0.000000,0.000000,-nan,0.000000,11169642.864000
attention_row,test1,0.001000,0.001000,0.001000,0.000000,0.000000,0.000000,0.000000,inf,-nan,0.000000,-nan,0.000000,0.000000,inf,0.000000,11169642.864000
mlp_column,test1,0.001000,0.001000,0.001000,0.000000,0.000000,0.000000,0.000000,inf,-nan,0.000000,-nan,0.000000,0.000000,-nan,0.000000,11169642.864000
mlp_row,test1,0.001000,0.001000,0.001000,0.000000,0.000000,0.000000,0.000000,inf,-nan,0.000000,-nan,0.000000,0.000000,inf,0.000000,11169642.864000
attention_column,test1,0.001000,0.001000,0.001000,0.000000,0.000000,0.000000,0.000000,inf,-nan,0.000000,-nan,0.000000,0.000000,-nan,0.000000,11169642.864000
attention_row,test1,0.001000,0.001000,0.001000,0.000000,0.000000,0.000000,0.000000,inf,-nan,0.000000,-nan,0.000000,0.000000,inf,0.000000,11169642.864000
mlp_column,test1,0.001000,0.001000,0.001000,0.000000,0.000000,0.000000,0.000000,inf,-nan,0.000000,-nan,0.000000,0.000000,-nan,0.000000,11169642.864000
mlp_row,test1,0.001000,0.001000,0.001000,0.000000,0.000000,0.000000,0.000000,inf,-nan,0.000000,-nan,0.000000,0.000000,inf,0.000000,11169642.864000
attention_column,test1,0.001000,0.001000,0.001000,0.000000,0.000000,0.000000,0.000000,inf,-nan,0.000000,-nan,0.000000,0.000000,-nan,0.000000,11169642.864000
attention_row,test1,0.001000,0.001000,0.001000,0.000000,0.000000,0.000000,0.000000,inf,-nan,0.000000,-nan,0.000000,0.000000,inf,0.000000,11169642.864000
mlp_column,test1,0.001000,0.001000,0.001000,0.000000,0.000000,0.000000,0.000000,inf,-nan,0.000000,-nan,0.000000,0.000000,-nan,0.000000,11169642.864000
mlp_row,test1,0.001000,0.001000,0.001000,0.000000,0.000000,0.000000,0.000000,inf,-nan,0.000000,-nan,0.000000,0.000000,inf,0.000000,11169642.864000
attention_column,test1,0.001000,0.001000,0.001000,0.000000,0.000000,0.000000,0.000000,inf,-nan,0.000000,-nan,0.000000,0.000000,-nan,0.000000,11169642.864000
attention_row,test1,0.001000,0.001000,0.001000,0.000000,0.000000,0.000000,0.000000,inf,-nan,0.000000,-nan,0.000000,0.000000,inf,0.000000,11169642.864000
mlp_column,test1,0.001000,0.001000,0.001000,0.000000,0.000000,0.000000,0.000000,inf,-nan,0.000000,-nan,0.000000,0.000000,-nan,0.000000,11169642.864000
mlp_row,test1,0.001000,0.001000,0.001000,0.000000,0.000000,0.000000,0.000000,inf,-nan,0.000000,-nan,0.000000,0.000000,inf,0.000000,11169642.864000
attention_column,test1,0.001000,0.001000,0.001000,0.000000,0.000000,0.000000,0.000000,inf,-nan,0.000000,-nan,0.000000,0.000000,-nan,0.000000,11169642.864000
attention_row,test1,0.001000,0.001000,0.001000,0.000000,0.000000,0.000000,0.000000,inf,-nan,0.000000,-nan,0.000000,0.000000,inf,0.000000,11169642.864000
mlp_column,test1,0.001000,0.001000,0.001000,0.000000,0.000000,0.000000,0.000000,inf,-nan,0.000000,-nan,0.000000,0.000000,-nan,0.000000,11169642.864000
mlp_row,test1,0.001000,0.001000,0.001000,0.000000,0.000000,0.000000,0.000000,inf,-nan,0.000000,-nan,0.000000,0.000000,inf,0.000000,11169642.864000
attention_column,test1,0.001000,0.001000,0.001000,0.000000,0.000000,0.000000,0.000000,inf,-nan,0.000000,-nan,0.000000,0.000000,-nan,0.000000,11169642.864000
attention_row,test1,0.001000,0.001000,0.001000,0.000000,0.000000,0.000000,0.000000,inf,-nan,0.000000,-nan,0.000000,0.000000,inf,0.000000,11169642.864000
mlp_column,test1,0.001000,0.001000,0.001000,0.000000,0.000000,0.000000,0.000000,inf,-nan,0.000000,-nan,0.000000,0.000000,-nan,0.000000,11169642.864000
mlp_row,test1,0.001000,0.001000,0.001000,0.000000,0.000000,0.000000,0.000000,inf,-nan,0.000000,-nan,0.000000,0.000000,inf,0.000000,11169642.864000
attention_column,test1,0.001000,0.001000,0.001000,0.000000,0.000000,0.000000,0.000000,inf,-nan,0.000000,-nan,0.000000,0.000000,-nan,0.000000,11169642.864000
attention_row,test1,0.001000,0.001000,0.001000,0.000000,0.000000,0.000000,0.000000,inf,-nan,0.000000,-nan,0.000000,0.000000,inf,0.000000,11169642.864000
mlp_column,test1,0.001000,0.001000,0.001000,0.000000,0.000000,0.000000,0.000000,inf,-nan,0.000000,-nan,0.000000,0.000000,-nan,0.000000,11169642.864000
mlp_row,test1,0.001000,0.001000,0.001000,0.000000,0.000000,0.000000,0.000000,inf,-nan,0.000000,-nan,0.000000,0.000000,inf,0.000000,11169642.864000
attention_column,test1,0.001000,0.001000,0.001000,0.000000,0.000000,0.000000,0.000000,inf,-nan,0.000000,-nan,0.000000,0.000000,-nan,0.000000,11169642.864000
attention_row,test1,0.001000,0.001000,0.001000,0.000000,0.000000,0.000000,0.000000,inf,-nan,0.000000,-nan,0.000000,0.000000,inf,0.000000,11169642.864000
mlp_column,test1,0.001000,0.001000,0.001000,0.000000,0.000000,0.000000,0.000000,inf,-nan,0.000000,-nan,0.000000,0.000000,-nan,0.000000,11169642.864000
mlp_row,test1,0.001000,0.001000,0.001000,0.000000,0.000000,0.000000,0.000000,inf,-nan,0.000000,-nan,0.000000,0.000000,inf,0.000000,11169642.864000
attention_column,test1,0.001000,0.001000,0.001000,0.000000,0.000000,0.000000,0.000000,inf,-nan,0.000000,-nan,0.000000,0.000000,-nan,0.000000,11169642.864000
attention_row,test1,0.001000,0.001000,0.001000,0.000000,0.000000,0.000000,0.000000,inf,-nan,0.000000,-nan,0.000000,0.000000,inf,0.000000,11169642.864000
mlp_column,test1,0.001000,0.001000,0.001000,0.000000,0.000000,0.000000,0.000000,inf,-nan,0.000000,-nan,0.000000,0.000000,-nan,0.000000,11169642.864000
mlp_row,test1,0.001000,0.001000,0.001000,0.000000,0.000000,0.000000,0.000000,inf,-nan,0.000000,-nan,0.000000,0.000000,inf,0.000000,11169642.864000
attention_column,test1,0.001000,0.001000,0.001000,0.000000,0.000000,0.000000,0.000000,inf,-nan,0.000000,-nan,0.000000,0.000000,-nan,0.000000,11169642.864000
attention_row,test1,0.001000,0.001000,0.001000,0.000000,0.000000,0.000000,0.000000,inf,-nan,0.000000,-nan,0.000000,0.000000,inf,0.000000,11169642.864000
mlp_column,test1,0.001000,0.001000,0.001000,0.000000,0.000000,0.000000,0.000000,inf,-nan,0.000000,-nan,0.000000,0.000000,-nan,0.000000,11169642.864000
mlp_row,test1,0.001000,0.001000,0.001000,0.000000,0.000000,0.000000,0.000000,inf,-nan,0.000000,-nan,0.000000,0.000000,inf,0.000000,11169642.864000
attention_column,test1,0.001000,0.001000,0.001000,0.000000,0.000000,0.000000,0.000000,inf,-nan,0.000000,-nan,0.000000,0.000000,-nan,0.000000,11169642.864000
attention_row,test1,0.001000,0.001000,0.001000,0.000000,0.000000,0.000000,0.000000,inf,-nan,0.000000,-nan,0.000000,0.000000,inf,0.000000,11169642.864000
mlp_column,test1,0.001000,0.001000,0.001000,0.000000,0.000000,0.000000,0.000000,inf,-nan,0.000000,-nan,0.000000,0.000000,-nan,0.000000,11169642.864000
mlp_row,test1,0.001000,0.001000,0.001000,0.000000,0.000000,0.000000,0.000000,inf,-nan,0.000000,-nan,0.000000,0.000000,inf,0.000000,11169642.864000
attention_column,test1,0.001000,0.001000,0.001000,0.000000,0.000000,0.000000,0.000000,inf,-nan,0.000000,-nan,0.000000,0.000000,-nan,0.000000,11169642.864000
attention_row,test1,0.001000,0.001000,0.001000,0.000000,0.000000,0.000000,0.000000,inf,-nan,0.000000,-nan,0.000000,0.000000,inf,0.000000,11169642.864000
mlp_column,test1,0.001000,0.001000,0.001000,0.000000,0.000000,0.000000,0.000000,inf,-nan,0.000000,-nan,0.000000,0.000000,-nan,0.000000,11169642.864000
mlp_row,test1,0.001000,0.001000,0.001000,0.000000,0.000000,0.000000,0.000000,inf,-nan,0.000000,-nan,0.000000,0.000000,inf,0.000000,11169642.864000
attention_column,test1,0.001000,0.001000,0.001000,0.000000,0.000000,0.000000,0.000000,inf,-nan,0.000000,-nan,0.000000,0.000000,-nan,0.000000,11169642.864000
attention_row,test1,0.001000,0.001000,0.001000,0.000000,0.000000,0.000000,0.000000,inf,-nan,0.000000,-nan,0.000000,0.000000,inf,0.000000,11169642.864000
mlp_column,test1,0.001000,0.001000,0.001000,0.000000,0.000000,0.000000,0.000000,inf,-nan,0.000000,-nan,0.000000,0.000000,-nan,0.000000,11169642.864000
mlp_row,test1,0.001000,0.001000,0.001000,0.000000,0.000000,0.000000,0.000000,inf,-nan,0.000000,-nan,0.000000,0.000000,inf,0.000000,11169642.864000
attention_column,test1,0.001000,0.001000,0.001000,0.000000,0.000000,0.000000,0.000000,inf,-nan,0.000000,-nan,0.000000,0.000000,-nan,0.000000,11169642.864000
attention_row,test1,0.001000,0.001000,0.001000,0.000000,0.000000,0.000000,0.000000,inf,-nan,0.000000,-nan,0.000000,0.000000,inf,0.000000,11169642.864000
mlp_column,test1,0.001000,0.001000,0.001000,0.000000,0.000000,0.000000,0.000000,inf,-nan,0.000000,-nan,0.000000,0.000000,-nan,0.000000,11169642.864000
mlp_row,test1,0.001000,0.001000,0.001000,0.000000,0.000000,0.000000,0.000000,inf,-nan,0.000000,-nan,0.000000,0.000000,inf,0.000000,11169642.864000
attention_column,test1,0.001000,0.001000,0.001000,0.000000,0.000000,0.000000,0.000000,inf,-nan,0.000000,-nan,0.000000,0.000000,-nan,0.000000,11169642.864000
attention_row,test1,0.001000,0.001000,0.001000,0.000000,0.000000,0.000000,0.000000,inf,-nan,0.000000,-nan,0.000000,0.000000,inf,0.000000,11169642.864000
mlp_column,test1,0.001000,0.001000,0.001000,0.000000,0.000000,0.000000,0.000000,inf,-nan,0.000000,-nan,0.000000,0.000000,-nan,0.000000,11169642.864000
mlp_row,test1,0.001000,0.001000,0.001000,0.000000,0.000000,0.000000,0.000000,inf,-nan,0.000000,-nan,0.000000,0.000000,inf,0.000000,11169642.864000
attention_column,test1,0.001000,0.001000,0.001000,0.000000,0.000000,0.000000,0.000000,inf,-nan,0.000000,-nan,0.000000,0.000000,-nan,0.000000,11169642.864000
attention_row,test1,0.001000,0.001000,0.001000,0.000000,0.000000,0.000000,0.000000,inf,-nan,0.000000,-nan,0.000000,0.000000,inf,0.000000,11169642.864000
mlp_column,test1,0.001000,0.001000,0.001000,0.000000,0.000000,0.000000,0.000000,inf,-nan,0.000000,-nan,0.000000,0.000000,-nan,0.000000,11169642.864000
mlp_row,test1,0.001000,0.001000,0.001000,0.000000,0.000000,0.000000,0.000000,inf,-nan,0.000000,-nan,0.000000,0.000000,inf,0.000000,11169642.864000
attention_column,test1,0.001000,0.001000,0.001000,0.000000,0.000000,0.000000,0.000000,inf,-nan,0.000000,-nan,0.000000,0.000000,-nan,0.000000,11169642.864000
attention_row,test1,0.001000,0.001000,0.001000,0.000000,0.000000,0.000000,0.000000,inf,-nan,0.000000,-nan,0.000000,0.000000,inf,0.000000,11169642.864000
mlp_column,test1,0.001000,0.001000,0.001000,0.000000,0.000000,0.000000,0.000000,inf,-nan,0.000000,-nan,0.000000,0.000000,-nan,0.000000,11169642.864000
mlp_row,test1,0.001000,0.001000,0.001000,0.000000,0.000000,0.000000,0.000000,inf,-nan,0.000000,-nan,0.000000,0.000000,inf,0.000000,11169642.864000
attention_column,test1,0.001000,0.001000,0.001000,0.000000,0.000000,0.000000,0.000000,inf,-nan,0.000000,-nan,0.000000,0.000000,-nan,0.000000,11169642.864000
attention_row,test1,0.001000,0.001000,0.001000,0.000000,0.000000,0.000000,0.000000,inf,-nan,0.000000,-nan,0.000000,0.000000,inf,0.000000,11169642.864000
mlp_column,test1,0.001000,0.001000,0.001000,0.000000,0.000000,0.000000,0.000000,inf,-nan,0.000000,-nan,0.000000,0.000000,-nan,0.000000,11169642.864000
mlp_row,test1,0.001000,0.001000,0.001000,0.000000,0.000000,0.000000,0.000000,inf,-nan,0.000000,-nan,0.000000,0.000000,inf,0.000000,11169642.864000
attention_column,test1,0.001000,0.001000,0.001000,0.000000,0.000000,0.000000,0.000000,inf,-nan,0.000000,-nan,0.000000,0.000000,-nan,0.000000,11169642.864000
attention_row,test1,0.001000,0.001000,0.001000,0.000000,0.000000,0.000000,0.000000,inf,-nan,0.000000,-nan,0.000000,0.000000,inf,0.000000,11169642.864000
mlp_column,test1,0.001000,0.001000,0.001000,0.000000,0.000000,0.000000,0.000000,inf,-nan,0.000000,-nan,0.000000,0.000000,-nan,0.000000,11169642.864000
mlp_row,test1,0.001000,0.001000,0.001000,0.000000,0.000000,0.000000,0.000000,inf,-nan,0.000000,-nan,0.000000,0.000000,inf,0.000000,11169642.864000
attention_column,test1,0.001000,0.001000,0.001000,0.000000,0.000000,0.000000,0.000000,inf,-nan,0.000000,-nan,0.000000,0.000000,-nan,0.000000,11169642.864000
attention_row,test1,0.001000,0.001000,0.001000,0.000000,0.000000,0.000000,0.000000,inf,-nan,0.000000,-nan,0.000000,0.000000,inf,0.000000,11169642.864000
mlp_column,test1,0.001000,0.001000,0.001000,0.000000,0.000000,0.000000,0.000000,inf,-nan,0.000000,-nan,0.000000,0.000000,-nan,0.000000,11169642.864000
mlp_row,test1,0.001000,0.001000,0.001000,0.000000,0.000000,0.000000,0.000000,inf,-nan,0.000000,-nan,0.000000,0.000000,inf,0.000000,11169642.864000
attention_column,test1,0.001000,0.001000,0.001000,0.000000,0.000000,0.000000,0.000000,inf,-nan,0.000000,-nan,0.000000,0.000000,-nan,0.000000,11169642.864000
attention_row,test1,0.001000,0.001000,0.001000,0.000000,0.000000,0.000000,0.000000,inf,-nan,0.000000,-nan,0.000000,0.000000,inf,0.000000,11169642.864000
mlp_column,test1,0.001000,0.001000,0.001000,0.000000,0.000000,0.000000,0.000000,inf,-nan,0.000000,-nan,0.000000,0.000000,-nan,0.000000,11169642.864000
mlp_row,test1,0.001000,0.001000,0.001000,0.000000,0.000000,0.000000,0.000000,inf,-nan,0.000000,-nan,0.000000,0.000000,inf,0.000000,11169642.864000
attention_column,test1,0.001000,0.001000,0.001000,0.000000,0.000000,0.000000,0.000000,inf,-nan,0.000000,-nan,0.000000,0.000000,-nan,0.000000,11169642.864000
attention_row,test1,0.001000,0.001000,0.001000,0.000000,0.000000,0.000000,0.000000,inf,-nan,0.000000,-nan,0.000000,0.000000,inf,0.000000,11169642.864000
mlp_column,test1,0.001000,0.001000,0.001000,0.000000,0.000000,0.000000,0.000000,inf,-nan,0.000000,-nan,0.000000,0.000000,-nan,0.000000,11169642.864000
mlp_row,test1,0.001000,0.001000,0.001000,0.000000,0.000000,0.000000,0.000000,inf,-nan,0.000000,-nan,0.000000,0.000000,inf,0.000000,11169642.864000
attention_column,test1,0.001000,0.001000,0.001000,0.000000,0.000000,0.000000,0.000000,inf,-nan,0.000000,-nan,0.000000,0.000000,-nan,0.000000,11169642.864000
attention_row,test1,0.001000,0.001000,0.001000,0.000000,0.000000,0.000000,0.000000,inf,-nan,0.000000,-nan,0.000000,0.000000,inf,0.000000,11169642.864000
mlp_column,test1,0.001000,0.001000,0.001000,0.000000,0.000000,0.000000,0.000000,inf,-nan,0.000000,-nan,0.000000,0.000000,-nan,0.000000,11169642.864000
mlp_row,test1,0.001000,0.001000,0.001000,0.000000,0.000000,0.000000,0.000000,inf,-nan,0.000000,-nan,0.000000,0.000000,inf,0.000000,11169642.864000
attention_column,test1,0.001000,0.001000,0.001000,0.000000,0.000000,0.000000,0.000000,inf,-nan,0.000000,-nan,0.000000,0.000000,-nan,0.000000,11169642.864000
attention_row,test1,0.001000,0.001000,0.001000,0.000000,0.000000,0.000000,0.000000,inf,-nan,0.000000,-nan,0.000000,0.000000,inf,0.000000,11169642.864000
mlp_column,test1,0.001000,0.001000,0.001000,0.000000,0.000000,0.000000,0.000000,inf,-nan,0.000000,-nan,0.000000,0.000000,-nan,0.000000,11169642.864000
mlp_row,test1,0.001000,0.001000,0.001000,0.000000,0.000000,0.000000,0.000000,inf,-nan,0.000000,-nan,0.000000,0.000000,inf,0.000000,11169642.864000
attention_column,test1,0.001000,0.001000,0.001000,0.000000,0.000000,0.000000,0.000000,inf,-nan,0.000000,-nan,0.000000,0.000000,-nan,0.000000,11169642.864000
attention_row,test1,0.001000,0.001000,0.001000,0.000000,0.000000,0.000000,0.000000,inf,-nan,0.000000,-nan,0.000000,0.000000,inf,0.000000,11169642.864000
mlp_column,test1,0.001000,0.001000,0.001000,0.000000,0.000000,0.000000,0.000000,inf,-nan,0.000000,-nan,0.000000,0.000000,-nan,0.000000,11169642.864000
mlp_row,test1,0.001000,0.001000,0.001000,0.000000,0.000000,0.000000,0.000000,inf,-nan,0.000000,-nan,0.000000,0.000000,inf,0.000000,11169642.864000
attention_column,test1,0.001000,0.001000,0.001000,0.000000,0.000000,0.000000,0.000000,inf,-nan,0.000000,-nan,0.000000,0.000000,-nan,0.000000,11169642.864000
attention_row,test1,0.001000,0.001000,0.001000,0.000000,0.000000,0.000000,0.000000,inf,-nan,0.000000,-nan,0.000000,0.000000,inf,0.000000,11169642.864000
mlp_column,test1,0.001000,0.001000,0.001000,0.000000,0.000000,0.000000,0.000000,inf,-nan,0.000000,-nan,0.000000,0.000000,-nan,0.000000,11169642.864000
mlp_row,test1,0.001000,0.001000,0.001000,0.000000,0.000000,0.000000,0.000000,inf,-nan,0.000000,-nan,0.000000,0.000000,inf,0.000000,11169642.864000
attention_column,test1,0.001000,0.001000,0.001000,0.000000,0.000000,0.000000,0.000000,inf,-nan,0.000000,-nan,0.000000,0.000000,-nan,0.000000,11169642.864000
attention_row,test1,0.001000,0.001000,0.001000,0.000000,0.000000,0.000000,0.000000,inf,-nan,0.000000,-nan,0.000000,0.000000,inf,0.000000,11169642.864000
mlp_column,test1,0.001000,0.001000,0.001000,0.000000,0.000000,0.000000,0.000000,inf,-nan,0.000000,-nan,0.000000,0.000000,-nan,0.000000,11169642.864000
mlp_row,test1,0.001000,0.001000,0.001000,0.000000,0.000000,0.000000,0.000000,inf,-nan,0.000000,-nan,0.000000,0.000000,inf,0.000000,11169642.864000
attention_column,test1,0.001000,0.001000,0.001000,0.000000,0.000000,0.000000,0.000000,inf,-nan,0.000000,-nan,0.000000,0.000000,-nan,0.000000,11169642.864000
attention_row,test1,0.001000,0.001000,0.001000,0.000000,0.000000,0.000000,0.000000,inf,-nan,0.000000,-nan,0.000000,0.000000,inf,0.000000,11169642.864000
mlp_column,test1,0.001000,0.001000,0.001000,0.000000,0.000000,0.000000,0.000000,inf,-nan,0.000000,-nan,0.000000,0.000000,-nan,0.000000,11169642.864000
mlp_row,test1,0.001000,0.001000,0.001000,0.000000,0.000000,0.000000,0.000000,inf,-nan,0.000000,-nan,0.000000,0.000000,inf,0.000000,11169642.864000
attention_column,test1,0.001000,0.001000,0.001000,0.000000,0.000000,0.000000,0.000000,inf,-nan,0.000000,-nan,0.000000,0.000000,-nan,0.000000,11169642.864000
attention_row,test1,0.001000,0.001000,0.001000,0.000000,0.000000,0.000000,0.000000,inf,-nan,0.000000,-nan,0.000000,0.000000,inf,0.000000,11169642.864000
mlp_column,test1,0.001000,0.001000,0.001000,0.000000,0.000000,0.000000,0.000000,inf,-nan,0.000000,-nan,0.000000,0.000000,-nan,0.000000,11169642.864000
mlp_row,test1,0.001000,0.001000,0.001000,0.000000,0.000000,0.000000,0.000000,inf,-nan,0.000000,-nan,0.000000,0.000000,inf,0.000000,11169642.864000
attention_column,test1,0.001000,0.001000,0.001000,0.000000,0.000000,0.000000,0.000000,inf,-nan,0.000000,-nan,0.000000,0.000000,-nan,0.000000,11169642.864000
attention_row,test1,0.001000,0.001000,0.001000,0.000000,0.000000,0.000000,0.000000,inf,-nan,0.000000,-nan,0.000000,0.000000,inf,0.000000,11169642.864000
mlp_column,test1,0.001000,0.001000,0.001000,0.000000,0.000000,0.000000,0.000000,inf,-nan,0.000000,-nan,0.000000,0.000000,-nan,0.000000,11169642.864000
mlp_row,test1,0.001000,0.001000,0.001000,0.000000,0.000000,0.000000,0.000000,inf,-nan,0.000000,-nan,0.000000,0.000000,inf,0.000000,11169642.864000
attention_column,test1,0.001000,0.001000,0.001000,0.000000,0.000000,0.000000,0.000000,inf,-nan,0.000000,-nan,0.000000,0.000000,-nan,0.000000,11169642.864000
attention_row,test1,0.001000,0.001000,0.001000,0.000000,0.000000,0.000000,0.000000,inf,-nan,0.000000,-nan,0.000000,0.000000,inf,0.000000,11169642.864000
mlp_column,test1,0.001000,0.001000,0.001000,0.000000,0.000000,0.000000,0.000000,inf,-nan,0.000000,-nan,0.000000,0.000000,-nan,0.000000,11169642.864000
mlp_row,test1,0.001000,0.001000,0.001000,0.000000,0.000000,0.000000,0.000000,inf,-nan,0.000000,-nan,0.000000,0.000000,inf,0.000000,11169642.864000
final_column,test1,0.001000,0.001000,0.001000,0.000000,0.000000,0.000000,0.000000,inf,-nan,0.000000,-nan,0.000000,0.000000,-nan,0.000000,11169642.864000
embedding_norm,test1,0.001000,0.001000,0.001000,0.000000,0.000000,0.000000,0.000000,inf,-nan,0.000000,-nan,0.000000,0.000000,-nan,0.000000,11169642.864000
embedding_layer,test1,0.001000,0.001000,0.001000,0.000000,0.000000,0.000000,0.000000,inf,0.000000,0.000000,-nan,0.000000,0.000000,inf,0.000000,11169642.864000
attention_column,test1,0.001000,0.001000,0.001000,0.000000,0.000000,0.000000,0.000000,inf,-nan,0.000000,-nan,0.000000,0.000000,-nan,0.000000,11169642.864000
attention_row,test1,0.001000,0.001000,0.001000,0.000000,0.000000,0.000000,0.000000,inf,-nan,0.000000,-nan,0.000000,0.000000,inf,0.000000,11169642.864000
mlp_column,test1,0.001000,0.001000,0.001000,0.000000,0.000000,0.000000,0.000000,inf,-nan,0.000000,-nan,0.000000,0.000000,-nan,0.000000,11169642.864000
mlp_row,test1,0.001000,0.001000,0.001000,0.000000,0.000000,0.000000,0.000000,inf,-nan,0.000000,-nan,0.000000,0.000000,inf,0.000000,11169642.864000
attention_column,test1,0.001000,0.001000,0.001000,0.000000,0.000000,0.000000,0.000000,inf,-nan,0.000000,-nan,0.000000,0.000000,-nan,0.000000,11169642.864000
attention_row,test1,0.001000,0.001000,0.001000,0.000000,0.000000,0.000000,0.000000,inf,-nan,0.000000,-nan,0.000000,0.000000,inf,0.000000,11169642.864000
mlp_column,test1,0.001000,0.001000,0.001000,0.000000,0.000000,0.000000,0.000000,inf,-nan,0.000000,-nan,0.000000,0.000000,-nan,0.000000,11169642.864000
mlp_row,test1,0.001000,0.001000,0.001000,0.000000,0.000000,0.000000,0.000000,inf,-nan,0.000000,-nan,0.000000,0.000000,inf,0.000000,11169642.864000
attention_column,test1,0.001000,0.001000,0.001000,0.000000,0.000000,0.000000,0.000000,inf,-nan,0.000000,-nan,0.000000,0.000000,-nan,0.000000,11169642.864000
attention_row,test1,0.001000,0.001000,0.001000,0.000000,0.000000,0.000000,0.000000,inf,-nan,0.000000,-nan,0.000000,0.000000,inf,0.000000,11169642.864000
mlp_column,test1,0.001000,0.001000,0.001000,0.000000,0.000000,0.000000,0.000000,inf,-nan,0.000000,-nan,0.000000,0.000000,-nan,0.000000,11169642.864000
mlp_row,test1,0.001000,0.001000,0.001000,0.000000,0.000000,0.000000,0.000000,inf,-nan,0.000000,-nan,0.000000,0.000000,inf,0.000000,11169642.864000
attention_column,test1,0.001000,0.001000,0.001000,0.000000,0.000000,0.000000,0.000000,inf,-nan,0.000000,-nan,0.000000,0.000000,-nan,0.000000,11169642.864000
attention_row,test1,0.001000,0.001000,0.001000,0.000000,0.000000,0.000000,0.000000,inf,-nan,0.000000,-nan,0.000000,0.000000,inf,0.000000,11169642.864000
mlp_column,test1,0.001000,0.001000,0.001000,0.000000,0.000000,0.000000,0.000000,inf,-nan,0.000000,-nan,0.000000,0.000000,-nan,0.000000,11169642.864000
mlp_row,test1,0.001000,0.001000,0.001000,0.000000,0.000000,0.000000,0.000000,inf,-nan,0.000000,-nan,0.000000,0.000000,inf,0.000000,11169642.864000
attention_column,test1,0.001000,0.001000,0.001000,0.000000,0.000000,0.000000,0.000000,inf,-nan,0.000000,-nan,0.000000,0.000000,-nan,0.000000,11169642.864000
attention_row,test1,0.001000,0.001000,0.001000,0.000000,0.000000,0.000000,0.000000,inf,-nan,0.000000,-nan,0.000000,0.000000,inf,0.000000,11169642.864000
mlp_column,test1,0.001000,0.001000,0.001000,0.000000,0.000000,0.000000,0.000000,inf,-nan,0.000000,-nan,0.000000,0.000000,-nan,0.000000,11169642.864000
mlp_row,test1,0.001000,0.001000,0.001000,0.000000,0.000000,0.000000,0.000000,inf,-nan,0.000000,-nan,0.000000,0.000000,inf,0.000000,11169642.864000
attention_column,test1,0.001000,0.001000,0.001000,0.000000,0.000000,0.000000,0.000000,inf,-nan,0.000000,-nan,0.000000,0.000000,-nan,0.000000,11169642.864000
attention_row,test1,0.001000,0.001000,0.001000,0.000000,0.000000,0.000000,0.000000,inf,-nan,0.000000,-nan,0.000000,0.000000,inf,0.000000,11169642.864000
mlp_column,test1,0.001000,0.001000,0.001000,0.000000,0.000000,0.000000,0.000000,inf,-nan,0.000000,-nan,0.000000,0.000000,-nan,0.000000,11169642.864000
mlp_row,test1,0.001000,0.001000,0.001000,0.000000,0.000000,0.000000,0.000000,inf,-nan,0.000000,-nan,0.000000,0.000000,inf,0.000000,11169642.864000
attention_column,test1,0.001000,0.001000,0.001000,0.000000,0.000000,0.000000,0.000000,inf,-nan,0.000000,-nan,0.000000,0.000000,-nan,0.000000,11169642.864000
attention_row,test1,0.001000,0.001000,0.001000,0.000000,0.000000,0.000000,0.000000,inf,-nan,0.000000,-nan,0.000000,0.000000,inf,0.000000,11169642.864000
mlp_column,test1,0.001000,0.001000,0.001000,0.000000,0.000000,0.000000,0.000000,inf,-nan,0.000000,-nan,0.000000,0.000000,-nan,0.000000,11169642.864000
mlp_row,test1,0.001000,0.001000,0.001000,0.000000,0.000000,0.000000,0.000000,inf,-nan,0.000000,-nan,0.000000,0.000000,inf,0.000000,11169642.864000
attention_column,test1,0.001000,0.001000,0.001000,0.000000,0.000000,0.000000,0.000000,inf,-nan,0.000000,-nan,0.000000,0.000000,-nan,0.000000,11169642.864000
attention_row,test1,0.001000,0.001000,0.001000,0.000000,0.000000,0.000000,0.000000,inf,-nan,0.000000,-nan,0.000000,0.000000,inf,0.000000,11169642.864000
mlp_column,test1,0.001000,0.001000,0.001000,0.000000,0.000000,0.000000,0.000000,inf,-nan,0.000000,-nan,0.000000,0.000000,-nan,0.000000,11169642.864000
mlp_row,test1,0.001000,0.001000,0.001000,0.000000,0.000000,0.000000,0.000000,inf,-nan,0.000000,-nan,0.000000,0.000000,inf,0.000000,11169642.864000
attention_column,test1,0.001000,0.001000,0.001000,0.000000,0.000000,0.000000,0.000000,inf,-nan,0.000000,-nan,0.000000,0.000000,-nan,0.000000,11169642.864000
attention_row,test1,0.001000,0.001000,0.001000,0.000000,0.000000,0.000000,0.000000,inf,-nan,0.000000,-nan,0.000000,0.000000,inf,0.000000,11169642.864000
mlp_column,test1,0.001000,0.001000,0.001000,0.000000,0.000000,0.000000,0.000000,inf,-nan,0.000000,-nan,0.000000,0.000000,-nan,0.000000,11169642.864000
mlp_row,test1,0.001000,0.001000,0.001000,0.000000,0.000000,0.000000,0.000000,inf,-nan,0.000000,-nan,0.000000,0.000000,inf,0.000000,11169642.864000
attention_column,test1,0.001000,0.001000,0.001000,0.000000,0.000000,0.000000,0.000000,inf,-nan,0.000000,-nan,0.000000,0.000000,-nan,0.000000,11169642.864000
attention_row,test1,0.001000,0.001000,0.001000,0.000000,0.000000,0.000000,0.000000,inf,-nan,0.000000,-nan,0.000000,0.000000,inf,0.000000,11169642.864000
mlp_column,test1,0.001000,0.001000,0.001000,0.000000,0.000000,0.000000,0.000000,inf,-nan,0.000000,-nan,0.000000,0.000000,-nan,0.000000,11169642.864000
mlp_row,test1,0.001000,0.001000,0.001000,0.000000,0.000000,0.000000,0.000000,inf,-nan,0.000000,-nan,0.000000,0.000000,inf,0.000000,11169642.864000
attention_column,test1,0.001000,0.001000,0.001000,0.000000,0.000000,0.000000,0.000000,inf,-nan,0.000000,-nan,0.000000,0.000000,-nan,0.000000,11169642.864000
attention_row,test1,0.001000,0.001000,0.001000,0.000000,0.000000,0.000000,0.000000,inf,-nan,0.000000,-nan,0.000000,0.000000,inf,0.000000,11169642.864000
mlp_column,test1,0.001000,0.001000,0.001000,0.000000,0.000000,0.000000,0.000000,inf,-nan,0.000000,-nan,0.000000,0.000000,-nan,0.000000,11169642.864000
mlp_row,test1,0.001000,0.001000,0.001000,0.000000,0.000000,0.000000,0.000000,inf,-nan,0.000000,-nan,0.000000,0.000000,inf,0.000000,11169642.864000
attention_column,test1,0.001000,0.001000,0.001000,0.000000,0.000000,0.000000,0.000000,inf,-nan,0.000000,-nan,0.000000,0.000000,-nan,0.000000,11169642.864000
attention_row,test1,0.001000,0.001000,0.001000,0.000000,0.000000,0.000000,0.000000,inf,-nan,0.000000,-nan,0.000000,0.000000,inf,0.000000,11169642.864000
mlp_column,test1,0.001000,0.001000,0.001000,0.000000,0.000000,0.000000,0.000000,inf,-nan,0.000000,-nan,0.000000,0.000000,-nan,0.000000,11169642.864000
mlp_row,test1,0.001000,0.001000,0.001000,0.000000,0.000000,0.000000,0.000000,inf,-nan,0.000000,-nan,0.000000,0.000000,inf,0.000000,11169642.864000
attention_column,test1,0.001000,0.001000,0.001000,0.000000,0.000000,0.000000,0.000000,inf,-nan,0.000000,-nan,0.000000,0.000000,-nan,0.000000,11169642.864000
attention_row,test1,0.001000,0.001000,0.001000,0.000000,0.000000,0.000000,0.000000,inf,-nan,0.000000,-nan,0.000000,0.000000,inf,0.000000,11169642.864000
mlp_column,test1,0.001000,0.001000,0.001000,0.000000,0.000000,0.000000,0.000000,inf,-nan,0.000000,-nan,0.000000,0.000000,-nan,0.000000,11169642.864000
mlp_row,test1,0.001000,0.001000,0.001000,0.000000,0.000000,0.000000,0.000000,inf,-nan,0.000000,-nan,0.000000,0.000000,inf,0.000000,11169642.864000
attention_column,test1,0.001000,0.001000,0.001000,0.000000,0.000000,0.000000,0.000000,inf,-nan,0.000000,-nan,0.000000,0.000000,-nan,0.000000,11169642.864000
attention_row,test1,0.001000,0.001000,0.001000,0.000000,0.000000,0.000000,0.000000,inf,-nan,0.000000,-nan,0.000000,0.000000,inf,0.000000,11169642.864000
mlp_column,test1,0.001000,0.001000,0.001000,0.000000,0.000000,0.000000,0.000000,inf,-nan,0.000000,-nan,0.000000,0.000000,-nan,0.000000,11169642.864000
mlp_row,test1,0.001000,0.001000,0.001000,0.000000,0.000000,0.000000,0.000000,inf,-nan,0.000000,-nan,0.000000,0.000000,inf,0.000000,11169642.864000
attention_column,test1,0.001000,0.001000,0.001000,0.000000,0.000000,0.000000,0.000000,inf,-nan,0.000000,-nan,0.000000,0.000000,-nan,0.000000,11169642.864000
attention_row,test1,0.001000,0.001000,0.001000,0.000000,0.000000,0.000000,0.000000,inf,-nan,0.000000,-nan,0.000000,0.000000,inf,0.000000,11169642.864000
mlp_column,test1,0.001000,0.001000,0.001000,0.000000,0.000000,0.000000,0.000000,inf,-nan,0.000000,-nan,0.000000,0.000000,-nan,0.000000,11169642.864000
mlp_row,test1,0.001000,0.001000,0.001000,0.000000,0.000000,0.000000,0.000000,inf,-nan,0.000000,-nan,0.000000,0.000000,inf,0.000000,11169642.864000
attention_column,test1,0.001000,0.001000,0.001000,0.000000,0.000000,0.000000,0.000000,inf,-nan,0.000000,-nan,0.000000,0.000000,-nan,0.000000,11169642.864000
attention_row,test1,0.001000,0.001000,0.001000,0.000000,0.000000,0.000000,0.000000,inf,-nan,0.000000,-nan,0.000000,0.000000,inf,0.000000,11169642.864000
mlp_column,test1,0.001000,0.001000,0.001000,0.000000,0.000000,0.000000,0.000000,inf,-nan,0.000000,-nan,0.000000,0.000000,-nan,0.000000,11169642.864000
mlp_row,test1,0.001000,0.001000,0.001000,0.000000,0.000000,0.000000,0.000000,inf,-nan,0.000000,-nan,0.000000,0.000000,inf,0.000000,11169642.864000
attention_column,test1,0.001000,0.001000,0.001000,0.000000,0.000000,0.000000,0.000000,inf,-nan,0.000000,-nan,0.000000,0.000000,-nan,0.000000,11169642.864000
attention_row,test1,0.001000,0.001000,0.001000,0.000000,0.000000,0.000000,0.000000,inf,-nan,0.000000,-nan,0.000000,0.000000,inf,0.000000,11169642.864000
mlp_column,test1,0.001000,0.001000,0.001000,0.000000,0.000000,0.000000,0.000000,inf,-nan,0.000000,-nan,0.000000,0.000000,-nan,0.000000,11169642.864000
mlp_row,test1,0.001000,0.001000,0.001000,0.000000,0.000000,0.000000,0.000000,inf,-nan,0.000000,-nan,0.000000,0.000000,inf,0.000000,11169642.864000
attention_column,test1,0.001000,0.001000,0.001000,0.000000,0.000000,0.000000,0.000000,inf,-nan,0.000000,-nan,0.000000,0.000000,-nan,0.000000,11169642.864000
attention_row,test1,0.001000,0.001000,0.001000,0.000000,0.000000,0.000000,0.000000,inf,-nan,0.000000,-nan,0.000000,0.000000,inf,0.000000,11169642.864000
mlp_column,test1,0.001000,0.001000,0.001000,0.000000,0.000000,0.000000,0.000000,inf,-nan,0.000000,-nan,0.000000,0.000000,-nan,0.000000,11169642.864000
mlp_row,test1,0.001000,0.001000,0.001000,0.000000,0.000000,0.000000,0.000000,inf,-nan,0.000000,-nan,0.000000,0.000000,inf,0.000000,11169642.864000
attention_column,test1,0.001000,0.001000,0.001000,0.000000,0.000000,0.000000,0.000000,inf,-nan,0.000000,-nan,0.000000,0.000000,-nan,0.000000,11169642.864000
attention_row,test1,0.001000,0.001000,0.001000,0.000000,0.000000,0.000000,0.000000,inf,-nan,0.000000,-nan,0.000000,0.000000,inf,0.000000,11169642.864000
mlp_column,test1,0.001000,0.001000,0.001000,0.000000,0.000000,0.000000,0.000000,inf,-nan,0.000000,-nan,0.000000,0.000000,-nan,0.000000,11169642.864000
mlp_row,test1,0.001000,0.001000,0.001000,0.000000,0.000000,0.000000,0.000000,inf,-nan,0.000000,-nan,0.000000,0.000000,inf,0.000000,11169642.864000
attention_column,test1,0.001000,0.001000,0.001000,0.000000,0.000000,0.000000,0.000000,inf,-nan,0.000000,-nan,0.000000,0.000000,-nan,0.000000,11169642.864000
attention_row,test1,0.001000,0.001000,0.001000,0.000000,0.000000,0.000000,0.000000,inf,-nan,0.000000,-nan,0.000000,0.000000,inf,0.000000,11169642.864000
mlp_column,test1,0.001000,0.001000,0.001000,0.000000,0.000000,0.000000,0.000000,inf,-nan,0.000000,-nan,0.000000,0.000000,-nan,0.000000,11169642.864000
mlp_row,test1,0.001000,0.001000,0.001000,0.000000,0.000000,0.000000,0.000000,inf,-nan,0.000000,-nan,0.000000,0.000000,inf,0.000000,11169642.864000
attention_column,test1,0.001000,0.001000,0.001000,0.000000,0.000000,0.000000,0.000000,inf,-nan,0.000000,-nan,0.000000,0.000000,-nan,0.000000,11169642.864000
attention_row,test1,0.001000,0.001000,0.001000,0.000000,0.000000,0.000000,0.000000,inf,-nan,0.000000,-nan,0.000000,0.000000,inf,0.000000,11169642.864000
mlp_column,test1,0.001000,0.001000,0.001000,0.000000,0.000000,0.000000,0.000000,inf,-nan,0.000000,-nan,0.000000,0.000000,-nan,0.000000,11169642.864000
mlp_row,test1,0.001000,0.001000,0.001000,0.000000,0.000000,0.000000,0.000000,inf,-nan,0.000000,-nan,0.000000,0.000000,inf,0.000000,11169642.864000
attention_column,test1,0.001000,0.001000,0.001000,0.000000,0.000000,0.000000,0.000000,inf,-nan,0.000000,-nan,0.000000,0.000000,-nan,0.000000,11169642.864000
attention_row,test1,0.001000,0.001000,0.001000,0.000000,0.000000,0.000000,0.000000,inf,-nan,0.000000,-nan,0.000000,0.000000,inf,0.000000,11169642.864000
mlp_column,test1,0.001000,0.001000,0.001000,0.000000,0.000000,0.000000,0.000000,inf,-nan,0.000000,-nan,0.000000,0.000000,-nan,0.000000,11169642.864000
mlp_row,test1,0.001000,0.001000,0.001000,0.000000,0.000000,0.000000,0.000000,inf,-nan,0.000000,-nan,0.000000,0.000000,inf,0.000000,11169642.864000
attention_column,test1,0.001000,0.001000,0.001000,0.000000,0.000000,0.000000,0.000000,inf,-nan,0.000000,-nan,0.000000,0.000000,-nan,0.000000,11169642.864000
attention_row,test1,0.001000,0.001000,0.001000,0.000000,0.000000,0.000000,0.000000,inf,-nan,0.000000,-nan,0.000000,0.000000,inf,0.000000,11169642.864000
mlp_column,test1,0.001000,0.001000,0.001000,0.000000,0.000000,0.000000,0.000000,inf,-nan,0.000000,-nan,0.000000,0.000000,-nan,0.000000,11169642.864000
mlp_row,test1,0.001000,0.001000,0.001000,0.000000,0.000000,0.000000,0.000000,inf,-nan,0.000000,-nan,0.000000,0.000000,inf,0.000000,11169642.864000
attention_column,test1,0.001000,0.001000,0.001000,0.000000,0.000000,0.000000,0.000000,inf,-nan,0.000000,-nan,0.000000,0.000000,-nan,0.000000,11169642.864000
attention_row,test1,0.001000,0.001000,0.001000,0.000000,0.000000,0.000000,0.000000,inf,-nan,0.000000,-nan,0.000000,0.000000,inf,0.000000,11169642.864000
mlp_column,test1,0.001000,0.001000,0.001000,0.000000,0.000000,0.000000,0.000000,inf,-nan,0.000000,-nan,0.000000,0.000000,-nan,0.000000,11169642.864000
mlp_row,test1,0.001000,0.001000,0.001000,0.000000,0.000000,0.000000,0.000000,inf,-nan,0.000000,-nan,0.000000,0.000000,inf,0.000000,11169642.864000
attention_column,test1,0.001000,0.001000,0.001000,0.000000,0.000000,0.000000,0.000000,inf,-nan,0.000000,-nan,0.000000,0.000000,-nan,0.000000,11169642.864000
attention_row,test1,0.001000,0.001000,0.001000,0.000000,0.000000,0.000000,0.000000,inf,-nan,0.000000,-nan,0.000000,0.000000,inf,0.000000,11169642.864000
mlp_column,test1,0.001000,0.001000,0.001000,0.000000,0.000000,0.000000,0.000000,inf,-nan,0.000000,-nan,0.000000,0.000000,-nan,0.000000,11169642.864000
mlp_row,test1,0.001000,0.001000,0.001000,0.000000,0.000000,0.000000,0.000000,inf,-nan,0.000000,-nan,0.000000,0.000000,inf,0.000000,11169642.864000
attention_column,test1,0.001000,0.001000,0.001000,0.000000,0.000000,0.000000,0.000000,inf,-nan,0.000000,-nan,0.000000,0.000000,-nan,0.000000,11169642.864000
attention_row,test1,0.001000,0.001000,0.001000,0.000000,0.000000,0.000000,0.000000,inf,-nan,0.000000,-nan,0.000000,0.000000,inf,0.000000,11169642.864000
mlp_column,test1,0.001000,0.001000,0.001000,0.000000,0.000000,0.000000,0.000000,inf,-nan,0.000000,-nan,0.000000,0.000000,-nan,0.000000,11169642.864000
mlp_row,test1,0.001000,0.001000,0.001000,0.000000,0.000000,0.000000,0.000000,inf,-nan,0.000000,-nan,0.000000,0.000000,inf,0.000000,11169642.864000
attention_column,test1,0.001000,0.001000,0.001000,0.000000,0.000000,0.000000,0.000000,inf,-nan,0.000000,-nan,0.000000,0.000000,-nan,0.000000,11169642.864000
attention_row,test1,0.001000,0.001000,0.001000,0.000000,0.000000,0.000000,0.000000,inf,-nan,0.000000,-nan,0.000000,0.000000,inf,0.000000,11169642.864000
mlp_column,test1,0.001000,0.001000,0.001000,0.000000,0.000000,0.000000,0.000000,inf,-nan,0.000000,-nan,0.000000,0.000000,-nan,0.000000,11169642.864000
mlp_row,test1,0.001000,0.001000,0.001000,0.000000,0.000000,0.000000,0.000000,inf,-nan,0.000000,-nan,0.000000,0.000000,inf,0.000000,11169642.864000
attention_column,test1,0.001000,0.001000,0.001000,0.000000,0.000000,0.000000,0.000000,inf,-nan,0.000000,-nan,0.000000,0.000000,-nan,0.000000,11169642.864000
attention_row,test1,0.001000,0.001000,0.001000,0.000000,0.000000,0.000000,0.000000,inf,-nan,0.000000,-nan,0.000000,0.000000,inf,0.000000,11169642.864000
mlp_column,test1,0.001000,0.001000,0.001000,0.000000,0.000000,0.000000,0.000000,inf,-nan,0.000000,-nan,0.000000,0.000000,-nan,0.000000,11169642.864000
mlp_row,test1,0.001000,0.001000,0.001000,0.000000,0.000000,0.000000,0.000000,inf,-nan,0.000000,-nan,0.000000,0.000000,inf,0.000000,11169642.864000
attention_column,test1,0.001000,0.001000,0.001000,0.000000,0.000000,0.000000,0.000000,inf,-nan,0.000000,-nan,0.000000,0.000000,-nan,0.000000,11169642.864000
attention_row,test1,0.001000,0.001000,0.001000,0.000000,0.000000,0.000000,0.000000,inf,-nan,0.000000,-nan,0.000000,0.000000,inf,0.000000,11169642.864000
mlp_column,test1,0.001000,0.001000,0.001000,0.000000,0.000000,0.000000,0.000000,inf,-nan,0.000000,-nan,0.000000,0.000000,-nan,0.000000,11169642.864000
mlp_row,test1,0.001000,0.001000,0.001000,0.000000,0.000000,0.000000,0.000000,inf,-nan,0.000000,-nan,0.000000,0.000000,inf,0.000000,11169642.864000
attention_column,test1,0.001000,0.001000,0.001000,0.000000,0.000000,0.000000,0.000000,inf,-nan,0.000000,-nan,0.000000,0.000000,-nan,0.000000,11169642.864000
attention_row,test1,0.001000,0.001000,0.001000,0.000000,0.000000,0.000000,0.000000,inf,-nan,0.000000,-nan,0.000000,0.000000,inf,0.000000,11169642.864000
mlp_column,test1,0.001000,0.001000,0.001000,0.000000,0.000000,0.000000,0.000000,inf,-nan,0.000000,-nan,0.000000,0.000000,-nan,0.000000,11169642.864000
mlp_row,test1,0.001000,0.001000,0.001000,0.000000,0.000000,0.000000,0.000000,inf,-nan,0.000000,-nan,0.000000,0.000000,inf,0.000000,11169642.864000
attention_column,test1,0.001000,0.001000,0.001000,0.000000,0.000000,0.000000,0.000000,inf,-nan,0.000000,-nan,0.000000,0.000000,-nan,0.000000,11169642.864000
attention_row,test1,0.001000,0.001000,0.001000,0.000000,0.000000,0.000000,0.000000,inf,-nan,0.000000,-nan,0.000000,0.000000,inf,0.000000,11169642.864000
mlp_column,test1,0.001000,0.001000,0.001000,0.000000,0.000000,0.000000,0.000000,inf,-nan,0.000000,-nan,0.000000,0.000000,-nan,0.000000,11169642.864000
mlp_row,test1,0.001000,0.001000,0.001000,0.000000,0.000000,0.000000,0.000000,inf,-nan,0.000000,-nan,0.000000,0.000000,inf,0.000000,11169642.864000
attention_column,test1,0.001000,0.001000,0.001000,0.000000,0.000000,0.000000,0.000000,inf,-nan,0.000000,-nan,0.000000,0.000000,-nan,0.000000,11169642.864000
attention_row,test1,0.001000,0.001000,0.001000,0.000000,0.000000,0.000000,0.000000,inf,-nan,0.000000,-nan,0.000000,0.000000,inf,0.000000,11169642.864000
mlp_column,test1,0.001000,0.001000,0.001000,0.000000,0.000000,0.000000,0.000000,inf,-nan,0.000000,-nan,0.000000,0.000000,-nan,0.000000,11169642.864000
mlp_row,test1,0.001000,0.001000,0.001000,0.000000,0.000000,0.000000,0.000000,inf,-nan,0.000000,-nan,0.000000,0.000000,inf,0.000000,11169642.864000
attention_column,test1,0.001000,0.001000,0.001000,0.000000,0.000000,0.000000,0.000000,inf,-nan,0.000000,-nan,0.000000,0.000000,-nan,0.000000,11169642.864000
attention_row,test1,0.001000,0.001000,0.001000,0.000000,0.000000,0.000000,0.000000,inf,-nan,0.000000,-nan,0.000000,0.000000,inf,0.000000,11169642.864000
mlp_column,test1,0.001000,0.001000,0.001000,0.000000,0.000000,0.000000,0.000000,inf,-nan,0.000000,-nan,0.000000,0.000000,-nan,0.000000,11169642.864000
mlp_row,test1,0.001000,0.001000,0.001000,0.000000,0.000000,0.000000,0.000000,inf,-nan,0.000000,-nan,0.000000,0.000000,inf,0.000000,11169642.864000
attention_column,test1,0.001000,0.001000,0.001000,0.000000,0.000000,0.000000,0.000000,inf,-nan,0.000000,-nan,0.000000,0.000000,-nan,0.000000,11169642.864000
attention_row,test1,0.001000,0.001000,0.001000,0.000000,0.000000,0.000000,0.000000,inf,-nan,0.000000,-nan,0.000000,0.000000,inf,0.000000,11169642.864000
mlp_column,test1,0.001000,0.001000,0.001000,0.000000,0.000000,0.000000,0.000000,inf,-nan,0.000000,-nan,0.000000,0.000000,-nan,0.000000,11169642.864000
mlp_row,test1,0.001000,0.001000,0.001000,0.000000,0.000000,0.000000,0.000000,inf,-nan,0.000000,-nan,0.000000,0.000000,inf,0.000000,11169642.864000
attention_column,test1,0.001000,0.001000,0.001000,0.000000,0.000000,0.000000,0.000000,inf,-nan,0.000000,-nan,0.000000,0.000000,-nan,0.000000,11169642.864000
attention_row,test1,0.001000,0.001000,0.001000,0.000000,0.000000,0.000000,0.000000,inf,-nan,0.000000,-nan,0.000000,0.000000,inf,0.000000,11169642.864000
mlp_column,test1,0.001000,0.001000,0.001000,0.000000,0.000000,0.000000,0.000000,inf,-nan,0.000000,-nan,0.000000,0.000000,-nan,0.000000,11169642.864000
mlp_row,test1,0.001000,0.001000,0.001000,0.000000,0.000000,0.000000,0.000000,inf,-nan,0.000000,-nan,0.000000,0.000000,inf,0.000000,11169642.864000
attention_column,test1,0.001000,0.001000,0.001000,0.000000,0.000000,0.000000,0.000000,inf,-nan,0.000000,-nan,0.000000,0.000000,-nan,0.000000,11169642.864000
attention_row,test1,0.001000,0.001000,0.001000,0.000000,0.000000,0.000000,0.000000,inf,-nan,0.000000,-nan,0.000000,0.000000,inf,0.000000,11169642.864000
mlp_column,test1,0.001000,0.001000,0.001000,0.000000,0.000000,0.000000,0.000000,inf,-nan,0.000000,-nan,0.000000,0.000000,-nan,0.000000,11169642.864000
mlp_row,test1,0.001000,0.001000,0.001000,0.000000,0.000000,0.000000,0.000000,inf,-nan,0.000000,-nan,0.000000,0.000000,inf,0.000000,11169642.864000
attention_column,test1,0.001000,0.001000,0.001000,0.000000,0.000000,0.000000,0.000000,inf,-nan,0.000000,-nan,0.000000,0.000000,-nan,0.000000,11169642.864000
attention_row,test1,0.001000,0.001000,0.001000,0.000000,0.000000,0.000000,0.000000,inf,-nan,0.000000,-nan,0.000000,0.000000,inf,0.000000,11169642.864000
mlp_column,test1,0.001000,0.001000,0.001000,0.000000,0.000000,0.000000,0.000000,inf,-nan,0.000000,-nan,0.000000,0.000000,-nan,0.000000,11169642.864000
mlp_row,test1,0.001000,0.001000,0.001000,0.000000,0.000000,0.000000,0.000000,inf,-nan,0.000000,-nan,0.000000,0.000000,inf,0.000000,11169642.864000
attention_column,test1,0.001000,0.001000,0.001000,0.000000,0.000000,0.000000,0.000000,inf,-nan,0.000000,-nan,0.000000,0.000000,-nan,0.000000,11169642.864000
attention_row,test1,0.001000,0.001000,0.001000,0.000000,0.000000,0.000000,0.000000,inf,-nan,0.000000,-nan,0.000000,0.000000,inf,0.000000,11169642.864000
mlp_column,test1,0.001000,0.001000,0.001000,0.000000,0.000000,0.000000,0.000000,inf,-nan,0.000000,-nan,0.000000,0.000000,-nan,0.000000,11169642.864000
mlp_row,test1,0.001000,0.001000,0.001000,0.000000,0.000000,0.000000,0.000000,inf,-nan,0.000000,-nan,0.000000,0.000000,inf,0.000000,11169642.864000
attention_column,test1,0.001000,0.001000,0.001000,0.000000,0.000000,0.000000,0.000000,inf,-nan,0.000000,-nan,0.000000,0.000000,-nan,0.000000,11169642.864000
attention_row,test1,0.001000,0.001000,0.001000,0.000000,0.000000,0.000000,0.000000,inf,-nan,0.000000,-nan,0.000000,0.000000,inf,0.000000,11169642.864000
mlp_column,test1,0.001000,0.001000,0.001000,0.000000,0.000000,0.000000,0.000000,inf,-nan,0.000000,-nan,0.000000,0.000000,-nan,0.000000,11169642.864000
mlp_row,test1,0.001000,0.001000,0.001000,0.000000,0.000000,0.000000,0.000000,inf,-nan,0.000000,-nan,0.000000,0.000000,inf,0.000000,11169642.864000
attention_column,test1,0.001000,0.001000,0.001000,0.000000,0.000000,0.000000,0.000000,inf,-nan,0.000000,-nan,0.000000,0.000000,-nan,0.000000,11169642.864000
attention_row,test1,0.001000,0.001000,0.001000,0.000000,0.000000,0.000000,0.000000,inf,-nan,0.000000,-nan,0.000000,0.000000,inf,0.000000,11169642.864000
mlp_column,test1,0.001000,0.001000,0.001000,0.000000,0.000000,0.000000,0.000000,inf,-nan,0.000000,-nan,0.000000,0.000000,-nan,0.000000,11169642.864000
mlp_row,test1,0.001000,0.001000,0.001000,0.000000,0.000000,0.000000,0.000000,inf,-nan,0.000000,-nan,0.000000,0.000000,inf,0.000000,11169642.864000
attention_column,test1,0.001000,0.001000,0.001000,0.000000,0.000000,0.000000,0.000000,inf,-nan,0.000000,-nan,0.000000,0.000000,-nan,0.000000,11169642.864000
attention_row,test1,0.001000,0.001000,0.001000,0.000000,0.000000,0.000000,0.000000,inf,-nan,0.000000,-nan,0.000000,0.000000,inf,0.000000,11169642.864000
mlp_column,test1,0.001000,0.001000,0.001000,0.000000,0.000000,0.000000,0.000000,inf,-nan,0.000000,-nan,0.000000,0.000000,-nan,0.000000,11169642.864000
mlp_row,test1,0.001000,0.001000,0.001000,0.000000,0.000000,0.000000,0.000000,inf,-nan,0.000000,-nan,0.000000,0.000000,inf,0.000000,11169642.864000
attention_column,test1,0.001000,0.001000,0.001000,0.000000,0.000000,0.000000,0.000000,inf,-nan,0.000000,-nan,0.000000,0.000000,-nan,0.000000,11169642.864000
attention_row,test1,0.001000,0.001000,0.001000,0.000000,0.000000,0.000000,0.000000,inf,-nan,0.000000,-nan,0.000000,0.000000,inf,0.000000,11169642.864000
mlp_column,test1,0.001000,0.001000,0.001000,0.000000,0.000000,0.000000,0.000000,inf,-nan,0.000000,-nan,0.000000,0.000000,-nan,0.000000,11169642.864000
mlp_row,test1,0.001000,0.001000,0.001000,0.000000,0.000000,0.000000,0.000000,inf,-nan,0.000000,-nan,0.000000,0.000000,inf,0.000000,11169642.864000
attention_column,test1,0.001000,0.001000,0.001000,0.000000,0.000000,0.000000,0.000000,inf,-nan,0.000000,-nan,0.000000,0.000000,-nan,0.000000,11169642.864000
attention_row,test1,0.001000,0.001000,0.001000,0.000000,0.000000,0.000000,0.000000,inf,-nan,0.000000,-nan,0.000000,0.000000,inf,0.000000,11169642.864000
mlp_column,test1,0.001000,0.001000,0.001000,0.000000,0.000000,0.000000,0.000000,inf,-nan,0.000000,-nan,0.000000,0.000000,-nan,0.000000,11169642.864000
mlp_row,test1,0.001000,0.001000,0.001000,0.000000,0.000000,0.000000,0.000000,inf,-nan,0.000000,-nan,0.000000,0.000000,inf,0.000000,11169642.864000
attention_column,test1,0.001000,0.001000,0.001000,0.000000,0.000000,0.000000,0.000000,inf,-nan,0.000000,-nan,0.000000,0.000000,-nan,0.000000,11169642.864000
attention_row,test1,0.001000,0.001000,0.001000,0.000000,0.000000,0.000000,0.000000,inf,-nan,0.000000,-nan,0.000000,0.000000,inf,0.000000,11169642.864000
mlp_column,test1,0.001000,0.001000,0.001000,0.000000,0.000000,0.000000,0.000000,inf,-nan,0.000000,-nan,0.000000,0.000000,-nan,0.000000,11169642.864000
mlp_row,test1,0.001000,0.001000,0.001000,0.000000,0.000000,0.000000,0.000000,inf,-nan,0.000000,-nan,0.000000,0.000000,inf,0.000000,11169642.864000
attention_column,test1,0.001000,0.001000,0.001000,0.000000,0.000000,0.000000,0.000000,inf,-nan,0.000000,-nan,0.000000,0.000000,-nan,0.000000,11169642.864000
attention_row,test1,0.001000,0.001000,0.001000,0.000000,0.000000,0.000000,0.000000,inf,-nan,0.000000,-nan,0.000000,0.000000,inf,0.000000,11169642.864000
mlp_column,test1,0.001000,0.001000,0.001000,0.000000,0.000000,0.000000,0.000000,inf,-nan,0.000000,-nan,0.000000,0.000000,-nan,0.000000,11169642.864000
mlp_row,test1,0.001000,0.001000,0.001000,0.000000,0.000000,0.000000,0.000000,inf,-nan,0.000000,-nan,0.000000,0.000000,inf,0.000000,11169642.864000
attention_column,test1,0.001000,0.001000,0.001000,0.000000,0.000000,0.000000,0.000000,inf,-nan,0.000000,-nan,0.000000,0.000000,-nan,0.000000,11169642.864000
attention_row,test1,0.001000,0.001000,0.001000,0.000000,0.000000,0.000000,0.000000,inf,-nan,0.000000,-nan,0.000000,0.000000,inf,0.000000,11169642.864000
mlp_column,test1,0.001000,0.001000,0.001000,0.000000,0.000000,0.000000,0.000000,inf,-nan,0.000000,-nan,0.000000,0.000000,-nan,0.000000,11169642.864000
mlp_row,test1,0.001000,0.001000,0.001000,0.000000,0.000000,0.000000,0.000000,inf,-nan,0.000000,-nan,0.000000,0.000000,inf,0.000000,11169642.864000
attention_column,test1,0.001000,0.001000,0.001000,0.000000,0.000000,0.000000,0.000000,inf,-nan,0.000000,-nan,0.000000,0.000000,-nan,0.000000,11169642.864000
attention_row,test1,0.001000,0.001000,0.001000,0.000000,0.000000,0.000000,0.000000,inf,-nan,0.000000,-nan,0.000000,0.000000,inf,0.000000,11169642.864000
mlp_column,test1,0.001000,0.001000,0.001000,0.000000,0.000000,0.000000,0.000000,inf,-nan,0.000000,-nan,0.000000,0.000000,-nan,0.000000,11169642.864000
mlp_row,test1,0.001000,0.001000,0.001000,0.000000,0.000000,0.000000,0.000000,inf,-nan,0.000000,-nan,0.000000,0.000000,inf,0.000000,11169642.864000
attention_column,test1,0.001000,0.001000,0.001000,0.000000,0.000000,0.000000,0.000000,inf,-nan,0.000000,-nan,0.000000,0.000000,-nan,0.000000,11169642.864000
attention_row,test1,0.001000,0.001000,0.001000,0.000000,0.000000,0.000000,0.000000,inf,-nan,0.000000,-nan,0.000000,0.000000,inf,0.000000,11169642.864000
mlp_column,test1,0.001000,0.001000,0.001000,0.000000,0.000000,0.000000,0.000000,inf,-nan,0.000000,-nan,0.000000,0.000000,-nan,0.000000,11169642.864000
mlp_row,test1,0.001000,0.001000,0.001000,0.000000,0.000000,0.000000,0.000000,inf,-nan,0.000000,-nan,0.000000,0.000000,inf,0.000000,11169642.864000
attention_column,test1,0.001000,0.001000,0.001000,0.000000,0.000000,0.000000,0.000000,inf,-nan,0.000000,-nan,0.000000,0.000000,-nan,0.000000,11169642.864000
attention_row,test1,0.001000,0.001000,0.001000,0.000000,0.000000,0.000000,0.000000,inf,-nan,0.000000,-nan,0.000000,0.000000,inf,0.000000,11169642.864000
mlp_column,test1,0.001000,0.001000,0.001000,0.000000,0.000000,0.000000,0.000000,inf,-nan,0.000000,-nan,0.000000,0.000000,-nan,0.000000,11169642.864000
mlp_row,test1,0.001000,0.001000,0.001000,0.000000,0.000000,0.000000,0.000000,inf,-nan,0.000000,-nan,0.000000,0.000000,inf,0.000000,11169642.864000
attention_column,test1,0.001000,0.001000,0.001000,0.000000,0.000000,0.000000,0.000000,inf,-nan,0.000000,-nan,0.000000,0.000000,-nan,0.000000,11169642.864000
attention_row,test1,0.001000,0.001000,0.001000,0.000000,0.000000,0.000000,0.000000,inf,-nan,0.000000,-nan,0.000000,0.000000,inf,0.000000,11169642.864000
mlp_column,test1,0.001000,0.001000,0.001000,0.000000,0.000000,0.000000,0.000000,inf,-nan,0.000000,-nan,0.000000,0.000000,-nan,0.000000,11169642.864000
mlp_row,test1,0.001000,0.001000,0.001000,0.000000,0.000000,0.000000,0.000000,inf,-nan,0.000000,-nan,0.000000,0.000000,inf,0.000000,11169642.864000
attention_column,test1,0.001000,0.001000,0.001000,0.000000,0.000000,0.000000,0.000000,inf,-nan,0.000000,-nan,0.000000,0.000000,-nan,0.000000,11169642.864000
attention_row,test1,0.001000,0.001000,0.001000,0.000000,0.000000,0.000000,0.000000,inf,-nan,0.000000,-nan,0.000000,0.000000,inf,0.000000,11169642.864000
mlp_column,test1,0.001000,0.001000,0.001000,0.000000,0.000000,0.000000,0.000000,inf,-nan,0.000000,-nan,0.000000,0.000000,-nan,0.000000,11169642.864000
mlp_row,test1,0.001000,0.001000,0.001000,0.000000,0.000000,0.000000,0.000000,inf,-nan,0.000000,-nan,0.000000,0.000000,inf,0.000000,11169642.864000
attention_column,test1,0.001000,0.001000,0.001000,0.000000,0.000000,0.000000,0.000000,inf,-nan,0.000000,-nan,0.000000,0.000000,-nan,0.000000,11169642.864000
attention_row,test1,0.001000,0.001000,0.001000,0.000000,0.000000,0.000000,0.000000,inf,-nan,0.000000,-nan,0.000000,0.000000,inf,0.000000,11169642.864000
mlp_column,test1,0.001000,0.001000,0.001000,0.000000,0.000000,0.000000,0.000000,inf,-nan,0.000000,-nan,0.000000,0.000000,-nan,0.000000,11169642.864000
mlp_row,test1,0.001000,0.001000,0.001000,0.000000,0.000000,0.000000,0.000000,inf,-nan,0.000000,-nan,0.000000,0.000000,inf,0.000000,11169642.864000
attention_column,test1,0.001000,0.001000,0.001000,0.000000,0.000000,0.000000,0.000000,inf,-nan,0.000000,-nan,0.000000,0.000000,-nan,0.000000,11169642.864000
attention_row,test1,0.001000,0.001000,0.001000,0.000000,0.000000,0.000000,0.000000,inf,-nan,0.000000,-nan,0.000000,0.000000,inf,0.000000,11169642.864000
mlp_column,test1,0.001000,0.001000,0.001000,0.000000,0.000000,0.000000,0.000000,inf,-nan,0.000000,-nan,0.000000,0.000000,-nan,0.000000,11169642.864000
mlp_row,test1,0.001000,0.001000,0.001000,0.000000,0.000000,0.000000,0.000000,inf,-nan,0.000000,-nan,0.000000,0.000000,inf,0.000000,11169642.864000
attention_column,test1,0.001000,0.001000,0.001000,0.000000,0.000000,0.000000,0.000000,inf,-nan,0.000000,-nan,0.000000,0.000000,-nan,0.000000,11169642.864000
attention_row,test1,0.001000,0.001000,0.001000,0.000000,0.000000,0.000000,0.000000,inf,-nan,0.000000,-nan,0.000000,0.000000,inf,0.000000,11169642.864000
mlp_column,test1,0.001000,0.001000,0.001000,0.000000,0.000000,0.000000,0.000000,inf,-nan,0.000000,-nan,0.000000,0.000000,-nan,0.000000,11169642.864000
mlp_row,test1,0.001000,0.001000,0.001000,0.000000,0.000000,0.000000,0.000000,inf,-nan,0.000000,-nan,0.000000,0.000000,inf,0.000000,11169642.864000
attention_column,test1,0.001000,0.001000,0.001000,0.000000,0.000000,0.000000,0.000000,inf,-nan,0.000000,-nan,0.000000,0.000000,-nan,0.000000,11169642.864000
attention_row,test1,0.001000,0.001000,0.001000,0.000000,0.000000,0.000000,0.000000,inf,-nan,0.000000,-nan,0.000000,0.000000,inf,0.000000,11169642.864000
mlp_column,test1,0.001000,0.001000,0.001000,0.000000,0.000000,0.000000,0.000000,inf,-nan,0.000000,-nan,0.000000,0.000000,-nan,0.000000,11169642.864000
mlp_row,test1,0.001000,0.001000,0.001000,0.000000,0.000000,0.000000,0.000000,inf,-nan,0.000000,-nan,0.000000,0.000000,inf,0.000000,11169642.864000
attention_column,test1,0.001000,0.001000,0.001000,0.000000,0.000000,0.000000,0.000000,inf,-nan,0.000000,-nan,0.000000,0.000000,-nan,0.000000,11169642.864000
attention_row,test1,0.001000,0.001000,0.001000,0.000000,0.000000,0.000000,0.000000,inf,-nan,0.000000,-nan,0.000000,0.000000,inf,0.000000,11169642.864000
mlp_column,test1,0.001000,0.001000,0.001000,0.000000,0.000000,0.000000,0.000000,inf,-nan,0.000000,-nan,0.000000,0.000000,-nan,0.000000,11169642.864000
mlp_row,test1,0.001000,0.001000,0.001000,0.000000,0.000000,0.000000,0.000000,inf,-nan,0.000000,-nan,0.000000,0.000000,inf,0.000000,11169642.864000
attention_column,test1,0.001000,0.001000,0.001000,0.000000,0.000000,0.000000,0.000000,inf,-nan,0.000000,-nan,0.000000,0.000000,-nan,0.000000,11169642.864000
attention_row,test1,0.001000,0.001000,0.001000,0.000000,0.000000,0.000000,0.000000,inf,-nan,0.000000,-nan,0.000000,0.000000,inf,0.000000,11169642.864000
mlp_column,test1,0.001000,0.001000,0.001000,0.000000,0.000000,0.000000,0.000000,inf,-nan,0.000000,-nan,0.000000,0.000000,-nan,0.000000,11169642.864000
mlp_row,test1,0.001000,0.001000,0.001000,0.000000,0.000000,0.000000,0.000000,inf,-nan,0.000000,-nan,0.000000,0.000000,inf,0.000000,11169642.864000
attention_column,test1,0.001000,0.001000,0.001000,0.000000,0.000000,0.000000,0.000000,inf,-nan,0.000000,-nan,0.000000,0.000000,-nan,0.000000,11169642.864000
attention_row,test1,0.001000,0.001000,0.001000,0.000000,0.000000,0.000000,0.000000,inf,-nan,0.000000,-nan,0.000000,0.000000,inf,0.000000,11169642.864000
mlp_column,test1,0.001000,0.001000,0.001000,0.000000,0.000000,0.000000,0.000000,inf,-nan,0.000000,-nan,0.000000,0.000000,-nan,0.000000,11169642.864000
mlp_row,test1,0.001000,0.001000,0.001000,0.000000,0.000000,0.000000,0.000000,inf,-nan,0.000000,-nan,0.000000,0.000000,inf,0.000000,11169642.864000
attention_column,test1,0.001000,0.001000,0.001000,0.000000,0.000000,0.000000,0.000000,inf,-nan,0.000000,-nan,0.000000,0.000000,-nan,0.000000,11169642.864000
attention_row,test1,0.001000,0.001000,0.001000,0.000000,0.000000,0.000000,0.000000,inf,-nan,0.000000,-nan,0.000000,0.000000,inf,0.000000,11169642.864000
mlp_column,test1,0.001000,0.001000,0.001000,0.000000,0.000000,0.000000,0.000000,inf,-nan,0.000000,-nan,0.000000,0.000000,-nan,0.000000,11169642.864000
mlp_row,test1,0.001000,0.001000,0.001000,0.000000,0.000000,0.000000,0.000000,inf,-nan,0.000000,-nan,0.000000,0.000000,inf,0.000000,11169642.864000
attention_column,test1,0.001000,0.001000,0.001000,0.000000,0.000000,0.000000,0.000000,inf,-nan,0.000000,-nan,0.000000,0.000000,-nan,0.000000,11169642.864000
attention_row,test1,0.001000,0.001000,0.001000,0.000000,0.000000,0.000000,0.000000,inf,-nan,0.000000,-nan,0.000000,0.000000,inf,0.000000,11169642.864000
mlp_column,test1,0.001000,0.001000,0.001000,0.000000,0.000000,0.000000,0.000000,inf,-nan,0.000000,-nan,0.000000,0.000000,-nan,0.000000,11169642.864000
mlp_row,test1,0.001000,0.001000,0.001000,0.000000,0.000000,0.000000,0.000000,inf,-nan,0.000000,-nan,0.000000,0.000000,inf,0.000000,11169642.864000
attention_column,test1,0.001000,0.001000,0.001000,0.000000,0.000000,0.000000,0.000000,inf,-nan,0.000000,-nan,0.000000,0.000000,-nan,0.000000,11169642.864000
attention_row,test1,0.001000,0.001000,0.001000,0.000000,0.000000,0.000000,0.000000,inf,-nan,0.000000,-nan,0.000000,0.000000,inf,0.000000,11169642.864000
mlp_column,test1,0.001000,0.001000,0.001000,0.000000,0.000000,0.000000,0.000000,inf,-nan,0.000000,-nan,0.000000,0.000000,-nan,0.000000,11169642.864000
mlp_row,test1,0.001000,0.001000,0.001000,0.000000,0.000000,0.000000,0.000000,inf,-nan,0.000000,-nan,0.000000,0.000000,inf,0.000000,11169642.864000
attention_column,test1,0.001000,0.001000,0.001000,0.000000,0.000000,0.000000,0.000000,inf,-nan,0.000000,-nan,0.000000,0.000000,-nan,0.000000,11169642.864000
attention_row,test1,0.001000,0.001000,0.001000,0.000000,0.000000,0.000000,0.000000,inf,-nan,0.000000,-nan,0.000000,0.000000,inf,0.000000,11169642.864000
mlp_column,test1,0.001000,0.001000,0.001000,0.000000,0.000000,0.000000,0.000000,inf,-nan,0.000000,-nan,0.000000,0.000000,-nan,0.000000,11169642.864000
mlp_row,test1,0.001000,0.001000,0.001000,0.000000,0.000000,0.000000,0.000000,inf,-nan,0.000000,-nan,0.000000,0.000000,inf,0.000000,11169642.864000
attention_column,test1,0.001000,0.001000,0.001000,0.000000,0.000000,0.000000,0.000000,inf,-nan,0.000000,-nan,0.000000,0.000000,-nan,0.000000,11169642.864000
attention_row,test1,0.001000,0.001000,0.001000,0.000000,0.000000,0.000000,0.000000,inf,-nan,0.000000,-nan,0.000000,0.000000,inf,0.000000,11169642.864000
mlp_column,test1,0.001000,0.001000,0.001000,0.000000,0.000000,0.000000,0.000000,inf,-nan,0.000000,-nan,0.000000,0.000000,-nan,0.000000,11169642.864000
mlp_row,test1,0.001000,0.001000,0.001000,0.000000,0.000000,0.000000,0.000000,inf,-nan,0.000000,-nan,0.000000,0.000000,inf,0.000000,11169642.864000
attention_column,test1,0.001000,0.001000,0.001000,0.000000,0.000000,0.000000,0.000000,inf,-nan,0.000000,-nan,0.000000,0.000000,-nan,0.000000,11169642.864000
attention_row,test1,0.001000,0.001000,0.001000,0.000000,0.000000,0.000000,0.000000,inf,-nan,0.000000,-nan,0.000000,0.000000,inf,0.000000,11169642.864000
mlp_column,test1,0.001000,0.001000,0.001000,0.000000,0.000000,0.000000,0.000000,inf,-nan,0.000000,-nan,0.000000,0.000000,-nan,0.000000,11169642.864000
mlp_row,test1,0.001000,0.001000,0.001000,0.000000,0.000000,0.000000,0.000000,inf,-nan,0.000000,-nan,0.000000,0.000000,inf,0.000000,11169642.864000
attention_column,test1,0.001000,0.001000,0.001000,0.000000,0.000000,0.000000,0.000000,inf,-nan,0.000000,-nan,0.000000,0.000000,-nan,0.000000,11169642.864000
attention_row,test1,0.001000,0.001000,0.001000,0.000000,0.000000,0.000000,0.000000,inf,-nan,0.000000,-nan,0.000000,0.000000,inf,0.000000,11169642.864000
mlp_column,test1,0.001000,0.001000,0.001000,0.000000,0.000000,0.000000,0.000000,inf,-nan,0.000000,-nan,0.000000,0.000000,-nan,0.000000,11169642.864000
mlp_row,test1,0.001000,0.001000,0.001000,0.000000,0.000000,0.000000,0.000000,inf,-nan,0.000000,-nan,0.000000,0.000000,inf,0.000000,11169642.864000
attention_column,test1,0.001000,0.001000,0.001000,0.000000,0.000000,0.000000,0.000000,inf,-nan,0.000000,-nan,0.000000,0.000000,-nan,0.000000,11169642.864000
attention_row,test1,0.001000,0.001000,0.001000,0.000000,0.000000,0.000000,0.000000,inf,-nan,0.000000,-nan,0.000000,0.000000,inf,0.000000,11169642.864000
mlp_column,test1,0.001000,0.001000,0.001000,0.000000,0.000000,0.000000,0.000000,inf,-nan,0.000000,-nan,0.000000,0.000000,-nan,0.000000,11169642.864000
mlp_row,test1,0.001000,0.001000,0.001000,0.000000,0.000000,0.000000,0.000000,inf,-nan,0.000000,-nan,0.000000,0.000000,inf,0.000000,11169642.864000
attention_column,test1,0.001000,0.001000,0.001000,0.000000,0.000000,0.000000,0.000000,inf,-nan,0.000000,-nan,0.000000,0.000000,-nan,0.000000,11169642.864000
attention_row,test1,0.001000,0.001000,0.001000,0.000000,0.000000,0.000000,0.000000,inf,-nan,0.000000,-nan,0.000000,0.000000,inf,0.000000,11169642.864000
mlp_column,test1,0.001000,0.001000,0.001000,0.000000,0.000000,0.000000,0.000000,inf,-nan,0.000000,-nan,0.000000,0.000000,-nan,0.000000,11169642.864000
mlp_row,test1,0.001000,0.001000,0.001000,0.000000,0.000000,0.000000,0.000000,inf,-nan,0.000000,-nan,0.000000,0.000000,inf,0.000000,11169642.864000
attention_column,test1,0.001000,0.001000,0.001000,0.000000,0.000000,0.000000,0.000000,inf,-nan,0.000000,-nan,0.000000,0.000000,-nan,0.000000,11169642.864000
attention_row,test1,0.001000,0.001000,0.001000,0.000000,0.000000,0.000000,0.000000,inf,-nan,0.000000,-nan,0.000000,0.000000,inf,0.000000,11169642.864000
mlp_column,test1,0.001000,0.001000,0.001000,0.000000,0.000000,0.000000,0.000000,inf,-nan,0.000000,-nan,0.000000,0.000000,-nan,0.000000,11169642.864000
mlp_row,test1,0.001000,0.001000,0.001000,0.000000,0.000000,0.000000,0.000000,inf,-nan,0.000000,-nan,0.000000,0.000000,inf,0.000000,11169642.864000
attention_column,test1,0.001000,0.001000,0.001000,0.000000,0.000000,0.000000,0.000000,inf,-nan,0.000000,-nan,0.000000,0.000000,-nan,0.000000,11169642.864000
attention_row,test1,0.001000,0.001000,0.001000,0.000000,0.000000,0.000000,0.000000,inf,-nan,0.000000,-nan,0.000000,0.000000,inf,0.000000,11169642.864000
mlp_column,test1,0.001000,0.001000,0.001000,0.000000,0.000000,0.000000,0.000000,inf,-nan,0.000000,-nan,0.000000,0.000000,-nan,0.000000,11169642.864000
mlp_row,test1,0.001000,0.001000,0.001000,0.000000,0.000000,0.000000,0.000000,inf,-nan,0.000000,-nan,0.000000,0.000000,inf,0.000000,11169642.864000
attention_column,test1,0.001000,0.001000,0.001000,0.000000,0.000000,0.000000,0.000000,inf,-nan,0.000000,-nan,0.000000,0.000000,-nan,0.000000,11169642.864000
attention_row,test1,0.001000,0.001000,0.001000,0.000000,0.000000,0.000000,0.000000,inf,-nan,0.000000,-nan,0.000000,0.000000,inf,0.000000,11169642.864000
mlp_column,test1,0.001000,0.001000,0.001000,0.000000,0.000000,0.000000,0.000000,inf,-nan,0.000000,-nan,0.000000,0.000000,-nan,0.000000,11169642.864000
mlp_row,test1,0.001000,0.001000,0.001000,0.000000,0.000000,0.000000,0.000000,inf,-nan,0.000000,-nan,0.000000,0.000000,inf,0.000000,11169642.864000
attention_column,test1,0.001000,0.001000,0.001000,0.000000,0.000000,0.000000,0.000000,inf,-nan,0.000000,-nan,0.000000,0.000000,-nan,0.000000,11169642.864000
attention_row,test1,0.001000,0.001000,0.001000,0.000000,0.000000,0.000000,0.000000,inf,-nan,0.000000,-nan,0.000000,0.000000,inf,0.000000,11169642.864000
mlp_column,test1,0.001000,0.001000,0.001000,0.000000,0.000000,0.000000,0.000000,inf,-nan,0.000000,-nan,0.000000,0.000000,-nan,0.000000,11169642.864000
mlp_row,test1,0.001000,0.001000,0.001000,0.000000,0.000000,0.000000,0.000000,inf,-nan,0.000000,-nan,0.000000,0.000000,inf,0.000000,11169642.864000
attention_column,test1,0.001000,0.001000,0.001000,0.000000,0.000000,0.000000,0.000000,inf,-nan,0.000000,-nan,0.000000,0.000000,-nan,0.000000,11169642.864000
attention_row,test1,0.001000,0.001000,0.001000,0.000000,0.000000,0.000000,0.000000,inf,-nan,0.000000,-nan,0.000000,0.000000,inf,0.000000,11169642.864000
mlp_column,test1,0.001000,0.001000,0.001000,0.000000,0.000000,0.000000,0.000000,inf,-nan,0.000000,-nan,0.000000,0.000000,-nan,0.000000,11169642.864000
mlp_row,test1,0.001000,0.001000,0.001000,0.000000,0.000000,0.000000,0.000000,inf,-nan,0.000000,-nan,0.000000,0.000000,inf,0.000000,11169642.864000
attention_column,test1,0.001000,0.001000,0.001000,0.000000,0.000000,0.000000,0.000000,inf,-nan,0.000000,-nan,0.000000,0.000000,-nan,0.000000,11169642.864000
attention_row,test1,0.001000,0.001000,0.001000,0.000000,0.000000,0.000000,0.000000,inf,-nan,0.000000,-nan,0.000000,0.000000,inf,0.000000,11169642.864000
mlp_column,test1,0.001000,0.001000,0.001000,0.000000,0.000000,0.000000,0.000000,inf,-nan,0.000000,-nan,0.000000,0.000000,-nan,0.000000,11169642.864000
mlp_row,test1,0.001000,0.001000,0.001000,0.000000,0.000000,0.000000,0.000000,inf,-nan,0.000000,-nan,0.000000,0.000000,inf,0.000000,11169642.864000
attention_column,test1,0.001000,0.001000,0.001000,0.000000,0.000000,0.000000,0.000000,inf,-nan,0.000000,-nan,0.000000,0.000000,-nan,0.000000,11169642.864000
attention_row,test1,0.001000,0.001000,0.001000,0.000000,0.000000,0.000000,0.000000,inf,-nan,0.000000,-nan,0.000000,0.000000,inf,0.000000,11169642.864000
mlp_column,test1,0.001000,0.001000,0.001000,0.000000,0.000000,0.000000,0.000000,inf,-nan,0.000000,-nan,0.000000,0.000000,-nan,0.000000,11169642.864000
mlp_row,test1,0.001000,0.001000,0.001000,0.000000,0.000000,0.000000,0.000000,inf,-nan,0.000000,-nan,0.000000,0.000000,inf,0.000000,11169642.864000
attention_column,test1,0.001000,0.001000,0.001000,0.000000,0.000000,0.000000,0.000000,inf,-nan,0.000000,-nan,0.000000,0.000000,-nan,0.000000,11169642.864000
attention_row,test1,0.001000,0.001000,0.001000,0.000000,0.000000,0.000000,0.000000,inf,-nan,0.000000,-nan,0.000000,0.000000,inf,0.000000,11169642.864000
mlp_column,test1,0.001000,0.001000,0.001000,0.000000,0.000000,0.000000,0.000000,inf,-nan,0.000000,-nan,0.000000,0.000000,-nan,0.000000,11169642.864000
mlp_row,test1,0.001000,0.001000,0.001000,0.000000,0.000000,0.000000,0.000000,inf,-nan,0.000000,-nan,0.000000,0.000000,inf,0.000000,11169642.864000
attention_column,test1,0.001000,0.001000,0.001000,0.000000,0.000000,0.000000,0.000000,inf,-nan,0.000000,-nan,0.000000,0.000000,-nan,0.000000,11169642.864000
attention_row,test1,0.001000,0.001000,0.001000,0.000000,0.000000,0.000000,0.000000,inf,-nan,0.000000,-nan,0.000000,0.000000,inf,0.000000,11169642.864000
mlp_column,test1,0.001000,0.001000,0.001000,0.000000,0.000000,0.000000,0.000000,inf,-nan,0.000000,-nan,0.000000,0.000000,-nan,0.000000,11169642.864000
mlp_row,test1,0.001000,0.001000,0.001000,0.000000,0.000000,0.000000,0.000000,inf,-nan,0.000000,-nan,0.000000,0.000000,inf,0.000000,11169642.864000
attention_column,test1,0.001000,0.001000,0.001000,0.000000,0.000000,0.000000,0.000000,inf,-nan,0.000000,-nan,0.000000,0.000000,-nan,0.000000,11169642.864000
attention_row,test1,0.001000,0.001000,0.001000,0.000000,0.000000,0.000000,0.000000,inf,-nan,0.000000,-nan,0.000000,0.000000,inf,0.000000,11169642.864000
mlp_column,test1,0.001000,0.001000,0.001000,0.000000,0.000000,0.000000,0.000000,inf,-nan,0.000000,-nan,0.000000,0.000000,-nan,0.000000,11169642.864000
mlp_row,test1,0.001000,0.001000,0.001000,0.000000,0.000000,0.000000,0.000000,inf,-nan,0.000000,-nan,0.000000,0.000000,inf,0.000000,11169642.864000
attention_column,test1,0.001000,0.001000,0.001000,0.000000,0.000000,0.000000,0.000000,inf,-nan,0.000000,-nan,0.000000,0.000000,-nan,0.000000,11169642.864000
attention_row,test1,0.001000,0.001000,0.001000,0.000000,0.000000,0.000000,0.000000,inf,-nan,0.000000,-nan,0.000000,0.000000,inf,0.000000,11169642.864000
mlp_column,test1,0.001000,0.001000,0.001000,0.000000,0.000000,0.000000,0.000000,inf,-nan,0.000000,-nan,0.000000,0.000000,-nan,0.000000,11169642.864000
mlp_row,test1,0.001000,0.001000,0.001000,0.000000,0.000000,0.000000,0.000000,inf,-nan,0.000000,-nan,0.000000,0.000000,inf,0.000000,11169642.864000
attention_column,test1,0.001000,0.001000,0.001000,0.000000,0.000000,0.000000,0.000000,inf,-nan,0.000000,-nan,0.000000,0.000000,-nan,0.000000,11169642.864000
attention_row,test1,0.001000,0.001000,0.001000,0.000000,0.000000,0.000000,0.000000,inf,-nan,0.000000,-nan,0.000000,0.000000,inf,0.000000,11169642.864000
mlp_column,test1,0.001000,0.001000,0.001000,0.000000,0.000000,0.000000,0.000000,inf,-nan,0.000000,-nan,0.000000,0.000000,-nan,0.000000,11169642.864000
mlp_row,test1,0.001000,0.001000,0.001000,0.000000,0.000000,0.000000,0.000000,inf,-nan,0.000000,-nan,0.000000,0.000000,inf,0.000000,11169642.864000
attention_column,test1,0.001000,0.001000,0.001000,0.000000,0.000000,0.000000,0.000000,inf,-nan,0.000000,-nan,0.000000,0.000000,-nan,0.000000,11169642.864000
attention_row,test1,0.001000,0.001000,0.001000,0.000000,0.000000,0.000000,0.000000,inf,-nan,0.000000,-nan,0.000000,0.000000,inf,0.000000,11169642.864000
mlp_column,test1,0.001000,0.001000,0.001000,0.000000,0.000000,0.000000,0.000000,inf,-nan,0.000000,-nan,0.000000,0.000000,-nan,0.000000,11169642.864000
mlp_row,test1,0.001000,0.001000,0.001000,0.000000,0.000000,0.000000,0.000000,inf,-nan,0.000000,-nan,0.000000,0.000000,inf,0.000000,11169642.864000
attention_column,test1,0.001000,0.001000,0.001000,0.000000,0.000000,0.000000,0.000000,inf,-nan,0.000000,-nan,0.000000,0.000000,-nan,0.000000,11169642.864000
attention_row,test1,0.001000,0.001000,0.001000,0.000000,0.000000,0.000000,0.000000,inf,-nan,0.000000,-nan,0.000000,0.000000,inf,0.000000,11169642.864000
mlp_column,test1,0.001000,0.001000,0.001000,0.000000,0.000000,0.000000,0.000000,inf,-nan,0.000000,-nan,0.000000,0.000000,-nan,0.000000,11169642.864000
mlp_row,test1,0.001000,0.001000,0.001000,0.000000,0.000000,0.000000,0.000000,inf,-nan,0.000000,-nan,0.000000,0.000000,inf,0.000000,11169642.864000
attention_column,test1,0.001000,0.001000,0.001000,0.000000,0.000000,0.000000,0.000000,inf,-nan,0.000000,-nan,0.000000,0.000000,-nan,0.000000,11169642.864000
attention_row,test1,0.001000,0.001000,0.001000,0.000000,0.000000,0.000000,0.000000,inf,-nan,0.000000,-nan,0.000000,0.000000,inf,0.000000,11169642.864000
mlp_column,test1,0.001000,0.001000,0.001000,0.000000,0.000000,0.000000,0.000000,inf,-nan,0.000000,-nan,0.000000,0.000000,-nan,0.000000,11169642.864000
mlp_row,test1,0.001000,0.001000,0.001000,0.000000,0.000000,0.000000,0.000000,inf,-nan,0.000000,-nan,0.000000,0.000000,inf,0.000000,11169642.864000
attention_column,test1,0.001000,0.001000,0.001000,0.000000,0.000000,0.000000,0.000000,inf,-nan,0.000000,-nan,0.000000,0.000000,-nan,0.000000,11169642.864000
attention_row,test1,0.001000,0.001000,0.001000,0.000000,0.000000,0.000000,0.000000,inf,-nan,0.000000,-nan,0.000000,0.000000,inf,0.000000,11169642.864000
mlp_column,test1,0.001000,0.001000,0.001000,0.000000,0.000000,0.000000,0.000000,inf,-nan,0.000000,-nan,0.000000,0.000000,-nan,0.000000,11169642.864000
mlp_row,test1,0.001000,0.001000,0.001000,0.000000,0.000000,0.000000,0.000000,inf,-nan,0.000000,-nan,0.000000,0.000000,inf,0.000000,11169642.864000
attention_column,test1,0.001000,0.001000,0.001000,0.000000,0.000000,0.000000,0.000000,inf,-nan,0.000000,-nan,0.000000,0.000000,-nan,0.000000,11169642.864000
attention_row,test1,0.001000,0.001000,0.001000,0.000000,0.000000,0.000000,0.000000,inf,-nan,0.000000,-nan,0.000000,0.000000,inf,0.000000,11169642.864000
mlp_column,test1,0.001000,0.001000,0.001000,0.000000,0.000000,0.000000,0.000000,inf,-nan,0.000000,-nan,0.000000,0.000000,-nan,0.000000,11169642.864000
mlp_row,test1,0.001000,0.001000,0.001000,0.000000,0.000000,0.000000,0.000000,inf,-nan,0.000000,-nan,0.000000,0.000000,inf,0.000000,11169642.864000
attention_column,test1,0.001000,0.001000,0.001000,0.000000,0.000000,0.000000,0.000000,inf,-nan,0.000000,-nan,0.000000,0.000000,-nan,0.000000,11169642.864000
attention_row,test1,0.001000,0.001000,0.001000,0.000000,0.000000,0.000000,0.000000,inf,-nan,0.000000,-nan,0.000000,0.000000,inf,0.000000,11169642.864000
mlp_column,test1,0.001000,0.001000,0.001000,0.000000,0.000000,0.000000,0.000000,inf,-nan,0.000000,-nan,0.000000,0.000000,-nan,0.000000,11169642.864000
mlp_row,test1,0.001000,0.001000,0.001000,0.000000,0.000000,0.000000,0.000000,inf,-nan,0.000000,-nan,0.000000,0.000000,inf,0.000000,11169642.864000
attention_column,test1,0.001000,0.001000,0.001000,0.000000,0.000000,0.000000,0.000000,inf,-nan,0.000000,-nan,0.000000,0.000000,-nan,0.000000,11169642.864000
attention_row,test1,0.001000,0.001000,0.001000,0.000000,0.000000,0.000000,0.000000,inf,-nan,0.000000,-nan,0.000000,0.000000,inf,0.000000,11169642.864000
mlp_column,test1,0.001000,0.001000,0.001000,0.000000,0.000000,0.000000,0.000000,inf,-nan,0.000000,-nan,0.000000,0.000000,-nan,0.000000,11169642.864000
mlp_row,test1,0.001000,0.001000,0.001000,0.000000,0.000000,0.000000,0.000000,inf,-nan,0.000000,-nan,0.000000,0.000000,inf,0.000000,11169642.864000
attention_column,test1,0.001000,0.001000,0.001000,0.000000,0.000000,0.000000,0.000000,inf,-nan,0.000000,-nan,0.000000,0.000000,-nan,0.000000,11169642.864000
attention_row,test1,0.001000,0.001000,0.001000,0.000000,0.000000,0.000000,0.000000,inf,-nan,0.000000,-nan,0.000000,0.000000,inf,0.000000,11169642.864000
mlp_column,test1,0.001000,0.001000,0.001000,0.000000,0.000000,0.000000,0.000000,inf,-nan,0.000000,-nan,0.000000,0.000000,-nan,0.000000,11169642.864000
mlp_row,test1,0.001000,0.001000,0.001000,0.000000,0.000000,0.000000,0.000000,inf,-nan,0.000000,-nan,0.000000,0.000000,inf,0.000000,11169642.864000
attention_column,test1,0.001000,0.001000,0.001000,0.000000,0.000000,0.000000,0.000000,inf,-nan,0.000000,-nan,0.000000,0.000000,-nan,0.000000,11169642.864000
attention_row,test1,0.001000,0.001000,0.001000,0.000000,0.000000,0.000000,0.000000,inf,-nan,0.000000,-nan,0.000000,0.000000,inf,0.000000,11169642.864000
mlp_column,test1,0.001000,0.001000,0.001000,0.000000,0.000000,0.000000,0.000000,inf,-nan,0.000000,-nan,0.000000,0.000000,-nan,0.000000,11169642.864000
mlp_row,test1,0.001000,0.001000,0.001000,0.000000,0.000000,0.000000,0.000000,inf,-nan,0.000000,-nan,0.000000,0.000000,inf,0.000000,11169642.864000
attention_column,test1,0.001000,0.001000,0.001000,0.000000,0.000000,0.000000,0.000000,inf,-nan,0.000000,-nan,0.000000,0.000000,-nan,0.000000,11169642.864000
attention_row,test1,0.001000,0.001000,0.001000,0.000000,0.000000,0.000000,0.000000,inf,-nan,0.000000,-nan,0.000000,0.000000,inf,0.000000,11169642.864000
mlp_column,test1,0.001000,0.001000,0.001000,0.000000,0.000000,0.000000,0.000000,inf,-nan,0.000000,-nan,0.000000,0.000000,-nan,0.000000,11169642.864000
mlp_row,test1,0.001000,0.001000,0.001000,0.000000,0.000000,0.000000,0.000000,inf,-nan,0.000000,-nan,0.000000,0.000000,inf,0.000000,11169642.864000
attention_column,test1,0.001000,0.001000,0.001000,0.000000,0.000000,0.000000,0.000000,inf,-nan,0.000000,-nan,0.000000,0.000000,-nan,0.000000,11169642.864000
attention_row,test1,0.001000,0.001000,0.001000,0.000000,0.000000,0.000000,0.000000,inf,-nan,0.000000,-nan,0.000000,0.000000,inf,0.000000,11169642.864000
mlp_column,test1,0.001000,0.001000,0.001000,0.000000,0.000000,0.000000,0.000000,inf,-nan,0.000000,-nan,0.000000,0.000000,-nan,0.000000,11169642.864000
mlp_row,test1,0.001000,0.001000,0.001000,0.000000,0.000000,0.000000,0.000000,inf,-nan,0.000000,-nan,0.000000,0.000000,inf,0.000000,11169642.864000
attention_column,test1,0.001000,0.001000,0.001000,0.000000,0.000000,0.000000,0.000000,inf,-nan,0.000000,-nan,0.000000,0.000000,-nan,0.000000,11169642.864000
attention_row,test1,0.001000,0.001000,0.001000,0.000000,0.000000,0.000000,0.000000,inf,-nan,0.000000,-nan,0.000000,0.000000,inf,0.000000,11169642.864000
mlp_column,test1,0.001000,0.001000,0.001000,0.000000,0.000000,0.000000,0.000000,inf,-nan,0.000000,-nan,0.000000,0.000000,-nan,0.000000,11169642.864000
mlp_row,test1,0.001000,0.001000,0.001000,0.000000,0.000000,0.000000,0.000000,inf,-nan,0.000000,-nan,0.000000,0.000000,inf,0.000000,11169642.864000
attention_column,test1,0.001000,0.001000,0.001000,0.000000,0.000000,0.000000,0.000000,inf,-nan,0.000000,-nan,0.000000,0.000000,-nan,0.000000,11169642.864000
attention_row,test1,0.001000,0.001000,0.001000,0.000000,0.000000,0.000000,0.000000,inf,-nan,0.000000,-nan,0.000000,0.000000,inf,0.000000,11169642.864000
mlp_column,test1,0.001000,0.001000,0.001000,0.000000,0.000000,0.000000,0.000000,inf,-nan,0.000000,-nan,0.000000,0.000000,-nan,0.000000,11169642.864000
mlp_row,test1,0.001000,0.001000,0.001000,0.000000,0.000000,0.000000,0.000000,inf,-nan,0.000000,-nan,0.000000,0.000000,inf,0.000000,11169642.864000
attention_column,test1,0.001000,0.001000,0.001000,0.000000,0.000000,0.000000,0.000000,inf,-nan,0.000000,-nan,0.000000,0.000000,-nan,0.000000,11169642.864000
attention_row,test1,0.001000,0.001000,0.001000,0.000000,0.000000,0.000000,0.000000,inf,-nan,0.000000,-nan,0.000000,0.000000,inf,0.000000,11169642.864000
mlp_column,test1,0.001000,0.001000,0.001000,0.000000,0.000000,0.000000,0.000000,inf,-nan,0.000000,-nan,0.000000,0.000000,-nan,0.000000,11169642.864000
mlp_row,test1,0.001000,0.001000,0.001000,0.000000,0.000000,0.000000,0.000000,inf,-nan,0.000000,-nan,0.000000,0.000000,inf,0.000000,11169642.864000
attention_column,test1,0.001000,0.001000,0.001000,0.000000,0.000000,0.000000,0.000000,inf,-nan,0.000000,-nan,0.000000,0.000000,-nan,0.000000,11169642.864000
attention_row,test1,0.001000,0.001000,0.001000,0.000000,0.000000,0.000000,0.000000,inf,-nan,0.000000,-nan,0.000000,0.000000,inf,0.000000,11169642.864000
mlp_column,test1,0.001000,0.001000,0.001000,0.000000,0.000000,0.000000,0.000000,inf,-nan,0.000000,-nan,0.000000,0.000000,-nan,0.000000,11169642.864000
mlp_row,test1,0.001000,0.001000,0.001000,0.000000,0.000000,0.000000,0.000000,inf,-nan,0.000000,-nan,0.000000,0.000000,inf,0.000000,11169642.864000
attention_column,test1,0.001000,0.001000,0.001000,0.000000,0.000000,0.000000,0.000000,inf,-nan,0.000000,-nan,0.000000,0.000000,-nan,0.000000,11169642.864000
attention_row,test1,0.001000,0.001000,0.001000,0.000000,0.000000,0.000000,0.000000,inf,-nan,0.000000,-nan,0.000000,0.000000,inf,0.000000,11169642.864000
mlp_column,test1,0.001000,0.001000,0.001000,0.000000,0.000000,0.000000,0.000000,inf,-nan,0.000000,-nan,0.000000,0.000000,-nan,0.000000,11169642.864000
mlp_row,test1,0.001000,0.001000,0.001000,0.000000,0.000000,0.000000,0.000000,inf,-nan,0.000000,-nan,0.000000,0.000000,inf,0.000000,11169642.864000
attention_column,test1,0.001000,0.001000,0.001000,0.000000,0.000000,0.000000,0.000000,inf,-nan,0.000000,-nan,0.000000,0.000000,-nan,0.000000,11169642.864000
attention_row,test1,0.001000,0.001000,0.001000,0.000000,0.000000,0.000000,0.000000,inf,-nan,0.000000,-nan,0.000000,0.000000,inf,0.000000,11169642.864000
mlp_column,test1,0.001000,0.001000,0.001000,0.000000,0.000000,0.000000,0.000000,inf,-nan,0.000000,-nan,0.000000,0.000000,-nan,0.000000,11169642.864000
mlp_row,test1,0.001000,0.001000,0.001000,0.000000,0.000000,0.000000,0.000000,inf,-nan,0.000000,-nan,0.000000,0.000000,inf,0.000000,11169642.864000
final_column,test1,0.001000,0.001000,0.001000,0.000000,0.000000,0.000000,0.000000,inf,-nan,0.000000,-nan,0.000000,0.000000,-nan,0.000000,11169642.864000
embedding_norm,test1,0.001000,0.001000,0.001000,0.000000,0.000000,0.000000,0.000000,inf,-nan,0.000000,-nan,0.000000,0.000000,-nan,0.000000,11169642.864000
cross_entropy1,test1,0.000000,0.000000,0.000000,0.000000,0.000000,0.000000,0.000000,inf,-nan,0.000000,-nan,0.000000,0.000000,-nan,0.000000,11169642.864000
cross_entropy2,test1,0.000000,0.000000,0.000000,0.000000,0.000000,0.000000,0.000000,inf,-nan,0.000000,-nan,0.000000,0.000000,-nan,0.000000,11169642.864000
cross_entropy3,test1,0.000000,0.000000,0.000000,0.000000,0.000000,0.000000,0.000000,inf,-nan,0.000000,-nan,0.000000,0.000000,-nan,0.000000,11169642.864000
optimizer1,test1,0.000000,0.000000,0.000000,0.000000,0.000000,0.000000,0.000000,inf,-nan,0.000000,-nan,0.000000,0.000000,-nan,0.000000,11169642.864000
optimizer2,test1,0.000000,0.000000,0.000000,0.000000,0.000000,0.000000,0.000000,inf,-nan,0.000000,-nan,0.000000,0.000000,-nan,0.000000,11169642.864000
optimizer3,test1,0.000000,0.000000,0.000000,0.000000,0.000000,0.000000,0.000000,inf,-nan,0.000000,-nan,0.000000,0.000000,-nan,0.000000,11169642.864000
optimizer4,test1,0.000000,0.000000,0.000000,0.000000,0.000000,0.000000,0.000000,inf,-nan,0.000000,-nan,0.000000,0.000000,-nan,0.000000,11169642.864000
SUM,test1,0.777000,0.777000,0.777000,0.000000,11169638.181000,0.000000,0.000000,NONE,NONE,11169638.182000,NONE,NONE,0.000000,NONE,NONE
total exposed comm,11169640.533000,total comp,2.331000,total time,11169642.864000
