File name, Expose DP comm, Expose DP_EP comm, Expose TP comm, Expose_EP_comm, Expose_PP_comm, bubble time, total comp, total exposed comm, Total time
test1, 10513905 (98.41%), 0 (0.00%), 169626 (1.59%), 0 (0.00%), 0 (0.00%), 883 (0.01%), 2 (0.00%), 10683534 (100.00%), 10683536
layer_name,test1,fwd compute,wg compute,ig compute,fwd exposed comm,wg exposed comm,ig exposed comm,fwd total comm,algbw,busbw,wg total comm,algbw,busbw,ig total comm,algbw,busbw,workload finished at
grad_norm,test1,0.001000,0.001000,0.001000,101403.718000,10513905.019000,0.000000,101403.718000,639.820007,319.910004,10513905.020000,12.341775,11.570414,0.000000,-nan,0.000000,10683536.012000
moe_grad_norm1,test1,0.001000,0.001000,0.001000,0.000000,0.000000,0.000000,0.000000,-nan,0.000000,0.000000,-nan,-nan,0.000000,-nan,0.000000,10683536.012000
moe_grad_norm2,test1,0.001000,0.001000,0.001000,0.000000,0.000000,0.000000,0.000000,-nan,0.000000,0.000000,-nan,-nan,0.000000,-nan,0.000000,10683536.012000
embedding_layer,test1,0.001000,0.001000,0.001000,0.000000,0.000000,0.000000,0.000000,inf,0.000000,0.000000,-nan,0.000000,0.000000,inf,0.000000,10683536.012000
attention_column,test1,0.001000,0.001000,0.001000,76.420000,0.000000,0.000000,76.420000,613.386536,306.693268,0.000000,-nan,0.000000,0.000000,-nan,0.000000,10683536.012000
attention_row,test1,0.001000,0.001000,0.001000,76.420000,0.000000,0.000000,76.420000,613.386536,306.693268,0.000000,-nan,0.000000,0.000000,inf,0.000000,10683536.012000
mlp_column,test1,0.001000,0.001000,0.001000,76.420000,0.000000,0.000000,76.420000,613.386536,306.693268,0.000000,-nan,0.000000,0.000000,-nan,0.000000,10683536.012000
mlp_row,test1,0.001000,0.001000,0.001000,76.420000,0.000000,0.000000,76.420000,613.386536,306.693268,0.000000,-nan,0.000000,0.000000,inf,0.000000,10683536.012000
attention_column,test1,0.001000,0.001000,0.001000,76.420000,0.000000,0.000000,76.420000,613.386536,306.693268,0.000000,-nan,0.000000,0.000000,-nan,0.000000,10683536.012000
attention_row,test1,0.001000,0.001000,0.001000,76.420000,0.000000,0.000000,76.420000,613.386536,306.693268,0.000000,-nan,0.000000,0.000000,inf,0.000000,10683536.012000
mlp_column,test1,0.001000,0.001000,0.001000,76.420000,0.000000,0.000000,76.420000,613.386536,306.693268,0.000000,-nan,0.000000,0.000000,-nan,0.000000,10683536.012000
mlp_row,test1,0.001000,0.001000,0.001000,76.420000,0.000000,0.000000,76.420000,613.386536,306.693268,0.000000,-nan,0.000000,0.000000,inf,0.000000,10683536.012000
attention_column,test1,0.001000,0.001000,0.001000,76.420000,0.000000,0.000000,76.420000,613.386536,306.693268,0.000000,-nan,0.000000,0.000000,-nan,0.000000,10683536.012000
attention_row,test1,0.001000,0.001000,0.001000,76.420000,0.000000,0.000000,76.420000,613.386536,306.693268,0.000000,-nan,0.000000,0.000000,inf,0.000000,10683536.012000
mlp_column,test1,0.001000,0.001000,0.001000,76.420000,0.000000,0.000000,76.420000,613.386536,306.693268,0.000000,-nan,0.000000,0.000000,-nan,0.000000,10683536.012000
mlp_row,test1,0.001000,0.001000,0.001000,76.420000,0.000000,0.000000,76.420000,613.386536,306.693268,0.000000,-nan,0.000000,0.000000,inf,0.000000,10683536.012000
attention_column,test1,0.001000,0.001000,0.001000,76.420000,0.000000,0.000000,76.420000,613.386536,306.693268,0.000000,-nan,0.000000,0.000000,-nan,0.000000,10683536.012000
attention_row,test1,0.001000,0.001000,0.001000,76.420000,0.000000,0.000000,76.420000,613.386536,306.693268,0.000000,-nan,0.000000,0.000000,inf,0.000000,10683536.012000
mlp_column,test1,0.001000,0.001000,0.001000,76.420000,0.000000,0.000000,76.420000,613.386536,306.693268,0.000000,-nan,0.000000,0.000000,-nan,0.000000,10683536.012000
mlp_row,test1,0.001000,0.001000,0.001000,76.420000,0.000000,0.000000,76.420000,613.386536,306.693268,0.000000,-nan,0.000000,0.000000,inf,0.000000,10683536.012000
attention_column,test1,0.001000,0.001000,0.001000,76.420000,0.000000,0.000000,76.420000,613.386536,306.693268,0.000000,-nan,0.000000,0.000000,-nan,0.000000,10683536.012000
attention_row,test1,0.001000,0.001000,0.001000,76.420000,0.000000,0.000000,76.420000,613.386536,306.693268,0.000000,-nan,0.000000,0.000000,inf,0.000000,10683536.012000
mlp_column,test1,0.001000,0.001000,0.001000,76.420000,0.000000,0.000000,76.420000,613.386536,306.693268,0.000000,-nan,0.000000,0.000000,-nan,0.000000,10683536.012000
mlp_row,test1,0.001000,0.001000,0.001000,76.420000,0.000000,0.000000,76.420000,613.386536,306.693268,0.000000,-nan,0.000000,0.000000,inf,0.000000,10683536.012000
attention_column,test1,0.001000,0.001000,0.001000,76.420000,0.000000,0.000000,76.420000,613.386536,306.693268,0.000000,-nan,0.000000,0.000000,-nan,0.000000,10683536.012000
attention_row,test1,0.001000,0.001000,0.001000,76.420000,0.000000,0.000000,76.420000,613.386536,306.693268,0.000000,-nan,0.000000,0.000000,inf,0.000000,10683536.012000
mlp_column,test1,0.001000,0.001000,0.001000,76.420000,0.000000,0.000000,76.420000,613.386536,306.693268,0.000000,-nan,0.000000,0.000000,-nan,0.000000,10683536.012000
mlp_row,test1,0.001000,0.001000,0.001000,76.420000,0.000000,0.000000,76.420000,613.386536,306.693268,0.000000,-nan,0.000000,0.000000,inf,0.000000,10683536.012000
attention_column,test1,0.001000,0.001000,0.001000,76.420000,0.000000,0.000000,76.420000,613.386536,306.693268,0.000000,-nan,0.000000,0.000000,-nan,0.000000,10683536.012000
attention_row,test1,0.001000,0.001000,0.001000,76.420000,0.000000,0.000000,76.420000,613.386536,306.693268,0.000000,-nan,0.000000,0.000000,inf,0.000000,10683536.012000
mlp_column,test1,0.001000,0.001000,0.001000,76.420000,0.000000,0.000000,76.420000,613.386536,306.693268,0.000000,-nan,0.000000,0.000000,-nan,0.000000,10683536.012000
mlp_row,test1,0.001000,0.001000,0.001000,76.420000,0.000000,0.000000,76.420000,613.386536,306.693268,0.000000,-nan,0.000000,0.000000,inf,0.000000,10683536.012000
attention_column,test1,0.001000,0.001000,0.001000,76.420000,0.000000,0.000000,76.420000,613.386536,306.693268,0.000000,-nan,0.000000,0.000000,-nan,0.000000,10683536.012000
attention_row,test1,0.001000,0.001000,0.001000,76.420000,0.000000,0.000000,76.420000,613.386536,306.693268,0.000000,-nan,0.000000,0.000000,inf,0.000000,10683536.012000
mlp_column,test1,0.001000,0.001000,0.001000,76.420000,0.000000,0.000000,76.420000,613.386536,306.693268,0.000000,-nan,0.000000,0.000000,-nan,0.000000,10683536.012000
mlp_row,test1,0.001000,0.001000,0.001000,76.420000,0.000000,0.000000,76.420000,613.386536,306.693268,0.000000,-nan,0.000000,0.000000,inf,0.000000,10683536.012000
attention_column,test1,0.001000,0.001000,0.001000,76.420000,0.000000,0.000000,76.420000,613.386536,306.693268,0.000000,-nan,0.000000,0.000000,-nan,0.000000,10683536.012000
attention_row,test1,0.001000,0.001000,0.001000,76.420000,0.000000,0.000000,76.420000,613.386536,306.693268,0.000000,-nan,0.000000,0.000000,inf,0.000000,10683536.012000
mlp_column,test1,0.001000,0.001000,0.001000,76.420000,0.000000,0.000000,76.420000,613.386536,306.693268,0.000000,-nan,0.000000,0.000000,-nan,0.000000,10683536.012000
mlp_row,test1,0.001000,0.001000,0.001000,76.420000,0.000000,0.000000,76.420000,613.386536,306.693268,0.000000,-nan,0.000000,0.000000,inf,0.000000,10683536.012000
attention_column,test1,0.001000,0.001000,0.001000,76.420000,0.000000,0.000000,76.420000,613.386536,306.693268,0.000000,-nan,0.000000,0.000000,-nan,0.000000,10683536.012000
attention_row,test1,0.001000,0.001000,0.001000,76.420000,0.000000,0.000000,76.420000,613.386536,306.693268,0.000000,-nan,0.000000,0.000000,inf,0.000000,10683536.012000
mlp_column,test1,0.001000,0.001000,0.001000,76.420000,0.000000,0.000000,76.420000,613.386536,306.693268,0.000000,-nan,0.000000,0.000000,-nan,0.000000,10683536.012000
mlp_row,test1,0.001000,0.001000,0.001000,76.420000,0.000000,0.000000,76.420000,613.386536,306.693268,0.000000,-nan,0.000000,0.000000,inf,0.000000,10683536.012000
attention_column,test1,0.001000,0.001000,0.001000,76.420000,0.000000,0.000000,76.420000,613.386536,306.693268,0.000000,-nan,0.000000,0.000000,-nan,0.000000,10683536.012000
attention_row,test1,0.001000,0.001000,0.001000,76.420000,0.000000,0.000000,76.420000,613.386536,306.693268,0.000000,-nan,0.000000,0.000000,inf,0.000000,10683536.012000
mlp_column,test1,0.001000,0.001000,0.001000,76.420000,0.000000,0.000000,76.420000,613.386536,306.693268,0.000000,-nan,0.000000,0.000000,-nan,0.000000,10683536.012000
mlp_row,test1,0.001000,0.001000,0.001000,76.420000,0.000000,0.000000,76.420000,613.386536,306.693268,0.000000,-nan,0.000000,0.000000,inf,0.000000,10683536.012000
attention_column,test1,0.001000,0.001000,0.001000,76.420000,0.000000,0.000000,76.420000,613.386536,306.693268,0.000000,-nan,0.000000,0.000000,-nan,0.000000,10683536.012000
attention_row,test1,0.001000,0.001000,0.001000,76.420000,0.000000,0.000000,76.420000,613.386536,306.693268,0.000000,-nan,0.000000,0.000000,inf,0.000000,10683536.012000
mlp_column,test1,0.001000,0.001000,0.001000,76.420000,0.000000,0.000000,76.420000,613.386536,306.693268,0.000000,-nan,0.000000,0.000000,-nan,0.000000,10683536.012000
mlp_row,test1,0.001000,0.001000,0.001000,76.420000,0.000000,0.000000,76.420000,613.386536,306.693268,0.000000,-nan,0.000000,0.000000,inf,0.000000,10683536.012000
attention_column,test1,0.001000,0.001000,0.001000,76.420000,0.000000,0.000000,76.420000,613.386536,306.693268,0.000000,-nan,0.000000,0.000000,-nan,0.000000,10683536.012000
attention_row,test1,0.001000,0.001000,0.001000,76.420000,0.000000,0.000000,76.420000,613.386536,306.693268,0.000000,-nan,0.000000,0.000000,inf,0.000000,10683536.012000
mlp_column,test1,0.001000,0.001000,0.001000,76.420000,0.000000,0.000000,76.420000,613.386536,306.693268,0.000000,-nan,0.000000,0.000000,-nan,0.000000,10683536.012000
mlp_row,test1,0.001000,0.001000,0.001000,76.420000,0.000000,0.000000,76.420000,613.386536,306.693268,0.000000,-nan,0.000000,0.000000,inf,0.000000,10683536.012000
attention_column,test1,0.001000,0.001000,0.001000,76.420000,0.000000,0.000000,76.420000,613.386536,306.693268,0.000000,-nan,0.000000,0.000000,-nan,0.000000,10683536.012000
attention_row,test1,0.001000,0.001000,0.001000,76.420000,0.000000,0.000000,76.420000,613.386536,306.693268,0.000000,-nan,0.000000,0.000000,inf,0.000000,10683536.012000
mlp_column,test1,0.001000,0.001000,0.001000,76.420000,0.000000,0.000000,76.420000,613.386536,306.693268,0.000000,-nan,0.000000,0.000000,-nan,0.000000,10683536.012000
mlp_row,test1,0.001000,0.001000,0.001000,76.420000,0.000000,0.000000,76.420000,613.386536,306.693268,0.000000,-nan,0.000000,0.000000,inf,0.000000,10683536.012000
attention_column,test1,0.001000,0.001000,0.001000,76.420000,0.000000,0.000000,76.420000,613.386536,306.693268,0.000000,-nan,0.000000,0.000000,-nan,0.000000,10683536.012000
attention_row,test1,0.001000,0.001000,0.001000,76.420000,0.000000,0.000000,76.420000,613.386536,306.693268,0.000000,-nan,0.000000,0.000000,inf,0.000000,10683536.012000
mlp_column,test1,0.001000,0.001000,0.001000,76.420000,0.000000,0.000000,76.420000,613.386536,306.693268,0.000000,-nan,0.000000,0.000000,-nan,0.000000,10683536.012000
mlp_row,test1,0.001000,0.001000,0.001000,76.420000,0.000000,0.000000,76.420000,613.386536,306.693268,0.000000,-nan,0.000000,0.000000,inf,0.000000,10683536.012000
attention_column,test1,0.001000,0.001000,0.001000,76.420000,0.000000,0.000000,76.420000,613.386536,306.693268,0.000000,-nan,0.000000,0.000000,-nan,0.000000,10683536.012000
attention_row,test1,0.001000,0.001000,0.001000,76.420000,0.000000,0.000000,76.420000,613.386536,306.693268,0.000000,-nan,0.000000,0.000000,inf,0.000000,10683536.012000
mlp_column,test1,0.001000,0.001000,0.001000,76.420000,0.000000,0.000000,76.420000,613.386536,306.693268,0.000000,-nan,0.000000,0.000000,-nan,0.000000,10683536.012000
mlp_row,test1,0.001000,0.001000,0.001000,76.420000,0.000000,0.000000,76.420000,613.386536,306.693268,0.000000,-nan,0.000000,0.000000,inf,0.000000,10683536.012000
attention_column,test1,0.001000,0.001000,0.001000,76.420000,0.000000,0.000000,76.420000,613.386536,306.693268,0.000000,-nan,0.000000,0.000000,-nan,0.000000,10683536.012000
attention_row,test1,0.001000,0.001000,0.001000,76.420000,0.000000,0.000000,76.420000,613.386536,306.693268,0.000000,-nan,0.000000,0.000000,inf,0.000000,10683536.012000
mlp_column,test1,0.001000,0.001000,0.001000,76.420000,0.000000,0.000000,76.420000,613.386536,306.693268,0.000000,-nan,0.000000,0.000000,-nan,0.000000,10683536.012000
mlp_row,test1,0.001000,0.001000,0.001000,76.420000,0.000000,0.000000,76.420000,613.386536,306.693268,0.000000,-nan,0.000000,0.000000,inf,0.000000,10683536.012000
attention_column,test1,0.001000,0.001000,0.001000,76.420000,0.000000,0.000000,76.420000,613.386536,306.693268,0.000000,-nan,0.000000,0.000000,-nan,0.000000,10683536.012000
attention_row,test1,0.001000,0.001000,0.001000,76.420000,0.000000,0.000000,76.420000,613.386536,306.693268,0.000000,-nan,0.000000,0.000000,inf,0.000000,10683536.012000
mlp_column,test1,0.001000,0.001000,0.001000,76.420000,0.000000,0.000000,76.420000,613.386536,306.693268,0.000000,-nan,0.000000,0.000000,-nan,0.000000,10683536.012000
mlp_row,test1,0.001000,0.001000,0.001000,76.420000,0.000000,0.000000,76.420000,613.386536,306.693268,0.000000,-nan,0.000000,0.000000,inf,0.000000,10683536.012000
attention_column,test1,0.001000,0.001000,0.001000,76.420000,0.000000,0.000000,76.420000,613.386536,306.693268,0.000000,-nan,0.000000,0.000000,-nan,0.000000,10683536.012000
attention_row,test1,0.001000,0.001000,0.001000,76.420000,0.000000,0.000000,76.420000,613.386536,306.693268,0.000000,-nan,0.000000,0.000000,inf,0.000000,10683536.012000
mlp_column,test1,0.001000,0.001000,0.001000,76.420000,0.000000,0.000000,76.420000,613.386536,306.693268,0.000000,-nan,0.000000,0.000000,-nan,0.000000,10683536.012000
mlp_row,test1,0.001000,0.001000,0.001000,76.420000,0.000000,0.000000,76.420000,613.386536,306.693268,0.000000,-nan,0.000000,0.000000,inf,0.000000,10683536.012000
attention_column,test1,0.001000,0.001000,0.001000,76.420000,0.000000,0.000000,76.420000,613.386536,306.693268,0.000000,-nan,0.000000,0.000000,-nan,0.000000,10683536.012000
attention_row,test1,0.001000,0.001000,0.001000,76.420000,0.000000,0.000000,76.420000,613.386536,306.693268,0.000000,-nan,0.000000,0.000000,inf,0.000000,10683536.012000
mlp_column,test1,0.001000,0.001000,0.001000,76.420000,0.000000,0.000000,76.420000,613.386536,306.693268,0.000000,-nan,0.000000,0.000000,-nan,0.000000,10683536.012000
mlp_row,test1,0.001000,0.001000,0.001000,76.420000,0.000000,0.000000,76.420000,613.386536,306.693268,0.000000,-nan,0.000000,0.000000,inf,0.000000,10683536.012000
attention_column,test1,0.001000,0.001000,0.001000,76.420000,0.000000,0.000000,76.420000,613.386536,306.693268,0.000000,-nan,0.000000,0.000000,-nan,0.000000,10683536.012000
attention_row,test1,0.001000,0.001000,0.001000,76.420000,0.000000,0.000000,76.420000,613.386536,306.693268,0.000000,-nan,0.000000,0.000000,inf,0.000000,10683536.012000
mlp_column,test1,0.001000,0.001000,0.001000,76.420000,0.000000,0.000000,76.420000,613.386536,306.693268,0.000000,-nan,0.000000,0.000000,-nan,0.000000,10683536.012000
mlp_row,test1,0.001000,0.001000,0.001000,76.420000,0.000000,0.000000,76.420000,613.386536,306.693268,0.000000,-nan,0.000000,0.000000,inf,0.000000,10683536.012000
attention_column,test1,0.001000,0.001000,0.001000,76.420000,0.000000,0.000000,76.420000,613.386536,306.693268,0.000000,-nan,0.000000,0.000000,-nan,0.000000,10683536.012000
attention_row,test1,0.001000,0.001000,0.001000,76.420000,0.000000,0.000000,76.420000,613.386536,306.693268,0.000000,-nan,0.000000,0.000000,inf,0.000000,10683536.012000
mlp_column,test1,0.001000,0.001000,0.001000,76.420000,0.000000,0.000000,76.420000,613.386536,306.693268,0.000000,-nan,0.000000,0.000000,-nan,0.000000,10683536.012000
mlp_row,test1,0.001000,0.001000,0.001000,76.420000,0.000000,0.000000,76.420000,613.386536,306.693268,0.000000,-nan,0.000000,0.000000,inf,0.000000,10683536.012000
attention_column,test1,0.001000,0.001000,0.001000,76.420000,0.000000,0.000000,76.420000,613.386536,306.693268,0.000000,-nan,0.000000,0.000000,-nan,0.000000,10683536.012000
attention_row,test1,0.001000,0.001000,0.001000,76.420000,0.000000,0.000000,76.420000,613.386536,306.693268,0.000000,-nan,0.000000,0.000000,inf,0.000000,10683536.012000
mlp_column,test1,0.001000,0.001000,0.001000,76.420000,0.000000,0.000000,76.420000,613.386536,306.693268,0.000000,-nan,0.000000,0.000000,-nan,0.000000,10683536.012000
mlp_row,test1,0.001000,0.001000,0.001000,76.420000,0.000000,0.000000,76.420000,613.386536,306.693268,0.000000,-nan,0.000000,0.000000,inf,0.000000,10683536.012000
attention_column,test1,0.001000,0.001000,0.001000,76.420000,0.000000,0.000000,76.420000,613.386536,306.693268,0.000000,-nan,0.000000,0.000000,-nan,0.000000,10683536.012000
attention_row,test1,0.001000,0.001000,0.001000,76.420000,0.000000,0.000000,76.420000,613.386536,306.693268,0.000000,-nan,0.000000,0.000000,inf,0.000000,10683536.012000
mlp_column,test1,0.001000,0.001000,0.001000,76.420000,0.000000,0.000000,76.420000,613.386536,306.693268,0.000000,-nan,0.000000,0.000000,-nan,0.000000,10683536.012000
mlp_row,test1,0.001000,0.001000,0.001000,76.420000,0.000000,0.000000,76.420000,613.386536,306.693268,0.000000,-nan,0.000000,0.000000,inf,0.000000,10683536.012000
attention_column,test1,0.001000,0.001000,0.001000,76.420000,0.000000,0.000000,76.420000,613.386536,306.693268,0.000000,-nan,0.000000,0.000000,-nan,0.000000,10683536.012000
attention_row,test1,0.001000,0.001000,0.001000,76.420000,0.000000,0.000000,76.420000,613.386536,306.693268,0.000000,-nan,0.000000,0.000000,inf,0.000000,10683536.012000
mlp_column,test1,0.001000,0.001000,0.001000,76.420000,0.000000,0.000000,76.420000,613.386536,306.693268,0.000000,-nan,0.000000,0.000000,-nan,0.000000,10683536.012000
mlp_row,test1,0.001000,0.001000,0.001000,76.420000,0.000000,0.000000,76.420000,613.386536,306.693268,0.000000,-nan,0.000000,0.000000,inf,0.000000,10683536.012000
attention_column,test1,0.001000,0.001000,0.001000,76.420000,0.000000,0.000000,76.420000,613.386536,306.693268,0.000000,-nan,0.000000,0.000000,-nan,0.000000,10683536.012000
attention_row,test1,0.001000,0.001000,0.001000,76.420000,0.000000,0.000000,76.420000,613.386536,306.693268,0.000000,-nan,0.000000,0.000000,inf,0.000000,10683536.012000
mlp_column,test1,0.001000,0.001000,0.001000,76.420000,0.000000,0.000000,76.420000,613.386536,306.693268,0.000000,-nan,0.000000,0.000000,-nan,0.000000,10683536.012000
mlp_row,test1,0.001000,0.001000,0.001000,76.420000,0.000000,0.000000,76.420000,613.386536,306.693268,0.000000,-nan,0.000000,0.000000,inf,0.000000,10683536.012000
attention_column,test1,0.001000,0.001000,0.001000,76.420000,0.000000,0.000000,76.420000,613.386536,306.693268,0.000000,-nan,0.000000,0.000000,-nan,0.000000,10683536.012000
attention_row,test1,0.001000,0.001000,0.001000,76.420000,0.000000,0.000000,76.420000,613.386536,306.693268,0.000000,-nan,0.000000,0.000000,inf,0.000000,10683536.012000
mlp_column,test1,0.001000,0.001000,0.001000,76.420000,0.000000,0.000000,76.420000,613.386536,306.693268,0.000000,-nan,0.000000,0.000000,-nan,0.000000,10683536.012000
mlp_row,test1,0.001000,0.001000,0.001000,76.420000,0.000000,0.000000,76.420000,613.386536,306.693268,0.000000,-nan,0.000000,0.000000,inf,0.000000,10683536.012000
attention_column,test1,0.001000,0.001000,0.001000,76.420000,0.000000,0.000000,76.420000,613.386536,306.693268,0.000000,-nan,0.000000,0.000000,-nan,0.000000,10683536.012000
attention_row,test1,0.001000,0.001000,0.001000,76.420000,0.000000,0.000000,76.420000,613.386536,306.693268,0.000000,-nan,0.000000,0.000000,inf,0.000000,10683536.012000
mlp_column,test1,0.001000,0.001000,0.001000,76.420000,0.000000,0.000000,76.420000,613.386536,306.693268,0.000000,-nan,0.000000,0.000000,-nan,0.000000,10683536.012000
mlp_row,test1,0.001000,0.001000,0.001000,76.420000,0.000000,0.000000,76.420000,613.386536,306.693268,0.000000,-nan,0.000000,0.000000,inf,0.000000,10683536.012000
attention_column,test1,0.001000,0.001000,0.001000,76.420000,0.000000,0.000000,76.420000,613.386536,306.693268,0.000000,-nan,0.000000,0.000000,-nan,0.000000,10683536.012000
attention_row,test1,0.001000,0.001000,0.001000,76.420000,0.000000,0.000000,76.420000,613.386536,306.693268,0.000000,-nan,0.000000,0.000000,inf,0.000000,10683536.012000
mlp_column,test1,0.001000,0.001000,0.001000,76.420000,0.000000,0.000000,76.420000,613.386536,306.693268,0.000000,-nan,0.000000,0.000000,-nan,0.000000,10683536.012000
mlp_row,test1,0.001000,0.001000,0.001000,76.420000,0.000000,0.000000,76.420000,613.386536,306.693268,0.000000,-nan,0.000000,0.000000,inf,0.000000,10683536.012000
attention_column,test1,0.001000,0.001000,0.001000,76.420000,0.000000,0.000000,76.420000,613.386536,306.693268,0.000000,-nan,0.000000,0.000000,-nan,0.000000,10683536.012000
attention_row,test1,0.001000,0.001000,0.001000,76.420000,0.000000,0.000000,76.420000,613.386536,306.693268,0.000000,-nan,0.000000,0.000000,inf,0.000000,10683536.012000
mlp_column,test1,0.001000,0.001000,0.001000,76.420000,0.000000,0.000000,76.420000,613.386536,306.693268,0.000000,-nan,0.000000,0.000000,-nan,0.000000,10683536.012000
mlp_row,test1,0.001000,0.001000,0.001000,76.420000,0.000000,0.000000,76.420000,613.386536,306.693268,0.000000,-nan,0.000000,0.000000,inf,0.000000,10683536.012000
attention_column,test1,0.001000,0.001000,0.001000,76.420000,0.000000,0.000000,76.420000,613.386536,306.693268,0.000000,-nan,0.000000,0.000000,-nan,0.000000,10683536.012000
attention_row,test1,0.001000,0.001000,0.001000,76.420000,0.000000,0.000000,76.420000,613.386536,306.693268,0.000000,-nan,0.000000,0.000000,inf,0.000000,10683536.012000
mlp_column,test1,0.001000,0.001000,0.001000,76.420000,0.000000,0.000000,76.420000,613.386536,306.693268,0.000000,-nan,0.000000,0.000000,-nan,0.000000,10683536.012000
mlp_row,test1,0.001000,0.001000,0.001000,76.420000,0.000000,0.000000,76.420000,613.386536,306.693268,0.000000,-nan,0.000000,0.000000,inf,0.000000,10683536.012000
attention_column,test1,0.001000,0.001000,0.001000,76.420000,0.000000,0.000000,76.420000,613.386536,306.693268,0.000000,-nan,0.000000,0.000000,-nan,0.000000,10683536.012000
attention_row,test1,0.001000,0.001000,0.001000,76.420000,0.000000,0.000000,76.420000,613.386536,306.693268,0.000000,-nan,0.000000,0.000000,inf,0.000000,10683536.012000
mlp_column,test1,0.001000,0.001000,0.001000,76.420000,0.000000,0.000000,76.420000,613.386536,306.693268,0.000000,-nan,0.000000,0.000000,-nan,0.000000,10683536.012000
mlp_row,test1,0.001000,0.001000,0.001000,76.420000,0.000000,0.000000,76.420000,613.386536,306.693268,0.000000,-nan,0.000000,0.000000,inf,0.000000,10683536.012000
attention_column,test1,0.001000,0.001000,0.001000,76.420000,0.000000,0.000000,76.420000,613.386536,306.693268,0.000000,-nan,0.000000,0.000000,-nan,0.000000,10683536.012000
attention_row,test1,0.001000,0.001000,0.001000,76.420000,0.000000,0.000000,76.420000,613.386536,306.693268,0.000000,-nan,0.000000,0.000000,inf,0.000000,10683536.012000
mlp_column,test1,0.001000,0.001000,0.001000,76.420000,0.000000,0.000000,76.420000,613.386536,306.693268,0.000000,-nan,0.000000,0.000000,-nan,0.000000,10683536.012000
mlp_row,test1,0.001000,0.001000,0.001000,76.420000,0.000000,0.000000,76.420000,613.386536,306.693268,0.000000,-nan,0.000000,0.000000,inf,0.000000,10683536.012000
attention_column,test1,0.001000,0.001000,0.001000,76.420000,0.000000,0.000000,76.420000,613.386536,306.693268,0.000000,-nan,0.000000,0.000000,-nan,0.000000,10683536.012000
attention_row,test1,0.001000,0.001000,0.001000,76.420000,0.000000,0.000000,76.420000,613.386536,306.693268,0.000000,-nan,0.000000,0.000000,inf,0.000000,10683536.012000
mlp_column,test1,0.001000,0.001000,0.001000,76.420000,0.000000,0.000000,76.420000,613.386536,306.693268,0.000000,-nan,0.000000,0.000000,-nan,0.000000,10683536.012000
mlp_row,test1,0.001000,0.001000,0.001000,76.420000,0.000000,0.000000,76.420000,613.386536,306.693268,0.000000,-nan,0.000000,0.000000,inf,0.000000,10683536.012000
attention_column,test1,0.001000,0.001000,0.001000,76.420000,0.000000,0.000000,76.420000,613.386536,306.693268,0.000000,-nan,0.000000,0.000000,-nan,0.000000,10683536.012000
attention_row,test1,0.001000,0.001000,0.001000,76.420000,0.000000,0.000000,76.420000,613.386536,306.693268,0.000000,-nan,0.000000,0.000000,inf,0.000000,10683536.012000
mlp_column,test1,0.001000,0.001000,0.001000,76.420000,0.000000,0.000000,76.420000,613.386536,306.693268,0.000000,-nan,0.000000,0.000000,-nan,0.000000,10683536.012000
mlp_row,test1,0.001000,0.001000,0.001000,76.420000,0.000000,0.000000,76.420000,613.386536,306.693268,0.000000,-nan,0.000000,0.000000,inf,0.000000,10683536.012000
attention_column,test1,0.001000,0.001000,0.001000,76.420000,0.000000,0.000000,76.420000,613.386536,306.693268,0.000000,-nan,0.000000,0.000000,-nan,0.000000,10683536.012000
attention_row,test1,0.001000,0.001000,0.001000,76.420000,0.000000,0.000000,76.420000,613.386536,306.693268,0.000000,-nan,0.000000,0.000000,inf,0.000000,10683536.012000
mlp_column,test1,0.001000,0.001000,0.001000,76.420000,0.000000,0.000000,76.420000,613.386536,306.693268,0.000000,-nan,0.000000,0.000000,-nan,0.000000,10683536.012000
mlp_row,test1,0.001000,0.001000,0.001000,76.420000,0.000000,0.000000,76.420000,613.386536,306.693268,0.000000,-nan,0.000000,0.000000,inf,0.000000,10683536.012000
attention_column,test1,0.001000,0.001000,0.001000,76.420000,0.000000,0.000000,76.420000,613.386536,306.693268,0.000000,-nan,0.000000,0.000000,-nan,0.000000,10683536.012000
attention_row,test1,0.001000,0.001000,0.001000,76.420000,0.000000,0.000000,76.420000,613.386536,306.693268,0.000000,-nan,0.000000,0.000000,inf,0.000000,10683536.012000
mlp_column,test1,0.001000,0.001000,0.001000,76.420000,0.000000,0.000000,76.420000,613.386536,306.693268,0.000000,-nan,0.000000,0.000000,-nan,0.000000,10683536.012000
mlp_row,test1,0.001000,0.001000,0.001000,76.420000,0.000000,0.000000,76.420000,613.386536,306.693268,0.000000,-nan,0.000000,0.000000,inf,0.000000,10683536.012000
attention_column,test1,0.001000,0.001000,0.001000,76.420000,0.000000,0.000000,76.420000,613.386536,306.693268,0.000000,-nan,0.000000,0.000000,-nan,0.000000,10683536.012000
attention_row,test1,0.001000,0.001000,0.001000,76.420000,0.000000,0.000000,76.420000,613.386536,306.693268,0.000000,-nan,0.000000,0.000000,inf,0.000000,10683536.012000
mlp_column,test1,0.001000,0.001000,0.001000,76.420000,0.000000,0.000000,76.420000,613.386536,306.693268,0.000000,-nan,0.000000,0.000000,-nan,0.000000,10683536.012000
mlp_row,test1,0.001000,0.001000,0.001000,76.420000,0.000000,0.000000,76.420000,613.386536,306.693268,0.000000,-nan,0.000000,0.000000,inf,0.000000,10683536.012000
attention_column,test1,0.001000,0.001000,0.001000,76.420000,0.000000,0.000000,76.420000,613.386536,306.693268,0.000000,-nan,0.000000,0.000000,-nan,0.000000,10683536.012000
attention_row,test1,0.001000,0.001000,0.001000,76.420000,0.000000,0.000000,76.420000,613.386536,306.693268,0.000000,-nan,0.000000,0.000000,inf,0.000000,10683536.012000
mlp_column,test1,0.001000,0.001000,0.001000,76.420000,0.000000,0.000000,76.420000,613.386536,306.693268,0.000000,-nan,0.000000,0.000000,-nan,0.000000,10683536.012000
mlp_row,test1,0.001000,0.001000,0.001000,76.420000,0.000000,0.000000,76.420000,613.386536,306.693268,0.000000,-nan,0.000000,0.000000,inf,0.000000,10683536.012000
attention_column,test1,0.001000,0.001000,0.001000,76.420000,0.000000,0.000000,76.420000,613.386536,306.693268,0.000000,-nan,0.000000,0.000000,-nan,0.000000,10683536.012000
attention_row,test1,0.001000,0.001000,0.001000,76.420000,0.000000,0.000000,76.420000,613.386536,306.693268,0.000000,-nan,0.000000,0.000000,inf,0.000000,10683536.012000
mlp_column,test1,0.001000,0.001000,0.001000,76.420000,0.000000,0.000000,76.420000,613.386536,306.693268,0.000000,-nan,0.000000,0.000000,-nan,0.000000,10683536.012000
mlp_row,test1,0.001000,0.001000,0.001000,76.420000,0.000000,0.000000,76.420000,613.386536,306.693268,0.000000,-nan,0.000000,0.000000,inf,0.000000,10683536.012000
attention_column,test1,0.001000,0.001000,0.001000,76.420000,0.000000,0.000000,76.420000,613.386536,306.693268,0.000000,-nan,0.000000,0.000000,-nan,0.000000,10683536.012000
attention_row,test1,0.001000,0.001000,0.001000,76.420000,0.000000,0.000000,76.420000,613.386536,306.693268,0.000000,-nan,0.000000,0.000000,inf,0.000000,10683536.012000
mlp_column,test1,0.001000,0.001000,0.001000,76.420000,0.000000,0.000000,76.420000,613.386536,306.693268,0.000000,-nan,0.000000,0.000000,-nan,0.000000,10683536.012000
mlp_row,test1,0.001000,0.001000,0.001000,76.420000,0.000000,0.000000,76.420000,613.386536,306.693268,0.000000,-nan,0.000000,0.000000,inf,0.000000,10683536.012000
attention_column,test1,0.001000,0.001000,0.001000,76.420000,0.000000,0.000000,76.420000,613.386536,306.693268,0.000000,-nan,0.000000,0.000000,-nan,0.000000,10683536.012000
attention_row,test1,0.001000,0.001000,0.001000,76.420000,0.000000,0.000000,76.420000,613.386536,306.693268,0.000000,-nan,0.000000,0.000000,inf,0.000000,10683536.012000
mlp_column,test1,0.001000,0.001000,0.001000,76.420000,0.000000,0.000000,76.420000,613.386536,306.693268,0.000000,-nan,0.000000,0.000000,-nan,0.000000,10683536.012000
mlp_row,test1,0.001000,0.001000,0.001000,76.420000,0.000000,0.000000,76.420000,613.386536,306.693268,0.000000,-nan,0.000000,0.000000,inf,0.000000,10683536.012000
attention_column,test1,0.001000,0.001000,0.001000,76.420000,0.000000,0.000000,76.420000,613.386536,306.693268,0.000000,-nan,0.000000,0.000000,-nan,0.000000,10683536.012000
attention_row,test1,0.001000,0.001000,0.001000,76.420000,0.000000,0.000000,76.420000,613.386536,306.693268,0.000000,-nan,0.000000,0.000000,inf,0.000000,10683536.012000
mlp_column,test1,0.001000,0.001000,0.001000,76.420000,0.000000,0.000000,76.420000,613.386536,306.693268,0.000000,-nan,0.000000,0.000000,-nan,0.000000,10683536.012000
mlp_row,test1,0.001000,0.001000,0.001000,76.420000,0.000000,0.000000,76.420000,613.386536,306.693268,0.000000,-nan,0.000000,0.000000,inf,0.000000,10683536.012000
attention_column,test1,0.001000,0.001000,0.001000,76.420000,0.000000,0.000000,76.420000,613.386536,306.693268,0.000000,-nan,0.000000,0.000000,-nan,0.000000,10683536.012000
attention_row,test1,0.001000,0.001000,0.001000,76.420000,0.000000,0.000000,76.420000,613.386536,306.693268,0.000000,-nan,0.000000,0.000000,inf,0.000000,10683536.012000
mlp_column,test1,0.001000,0.001000,0.001000,76.420000,0.000000,0.000000,76.420000,613.386536,306.693268,0.000000,-nan,0.000000,0.000000,-nan,0.000000,10683536.012000
mlp_row,test1,0.001000,0.001000,0.001000,76.420000,0.000000,0.000000,76.420000,613.386536,306.693268,0.000000,-nan,0.000000,0.000000,inf,0.000000,10683536.012000
attention_column,test1,0.001000,0.001000,0.001000,76.420000,0.000000,0.000000,76.420000,613.386536,306.693268,0.000000,-nan,0.000000,0.000000,-nan,0.000000,10683536.012000
attention_row,test1,0.001000,0.001000,0.001000,76.420000,0.000000,0.000000,76.420000,613.386536,306.693268,0.000000,-nan,0.000000,0.000000,inf,0.000000,10683536.012000
mlp_column,test1,0.001000,0.001000,0.001000,76.420000,0.000000,0.000000,76.420000,613.386536,306.693268,0.000000,-nan,0.000000,0.000000,-nan,0.000000,10683536.012000
mlp_row,test1,0.001000,0.001000,0.001000,76.420000,0.000000,0.000000,76.420000,613.386536,306.693268,0.000000,-nan,0.000000,0.000000,inf,0.000000,10683536.012000
attention_column,test1,0.001000,0.001000,0.001000,76.420000,0.000000,0.000000,76.420000,613.386536,306.693268,0.000000,-nan,0.000000,0.000000,-nan,0.000000,10683536.012000
attention_row,test1,0.001000,0.001000,0.001000,76.420000,0.000000,0.000000,76.420000,613.386536,306.693268,0.000000,-nan,0.000000,0.000000,inf,0.000000,10683536.012000
mlp_column,test1,0.001000,0.001000,0.001000,76.420000,0.000000,0.000000,76.420000,613.386536,306.693268,0.000000,-nan,0.000000,0.000000,-nan,0.000000,10683536.012000
mlp_row,test1,0.001000,0.001000,0.001000,76.420000,0.000000,0.000000,76.420000,613.386536,306.693268,0.000000,-nan,0.000000,0.000000,inf,0.000000,10683536.012000
attention_column,test1,0.001000,0.001000,0.001000,76.420000,0.000000,0.000000,76.420000,613.386536,306.693268,0.000000,-nan,0.000000,0.000000,-nan,0.000000,10683536.012000
attention_row,test1,0.001000,0.001000,0.001000,76.420000,0.000000,0.000000,76.420000,613.386536,306.693268,0.000000,-nan,0.000000,0.000000,inf,0.000000,10683536.012000
mlp_column,test1,0.001000,0.001000,0.001000,76.420000,0.000000,0.000000,76.420000,613.386536,306.693268,0.000000,-nan,0.000000,0.000000,-nan,0.000000,10683536.012000
mlp_row,test1,0.001000,0.001000,0.001000,76.420000,0.000000,0.000000,76.420000,613.386536,306.693268,0.000000,-nan,0.000000,0.000000,inf,0.000000,10683536.012000
attention_column,test1,0.001000,0.001000,0.001000,76.420000,0.000000,0.000000,76.420000,613.386536,306.693268,0.000000,-nan,0.000000,0.000000,-nan,0.000000,10683536.012000
attention_row,test1,0.001000,0.001000,0.001000,76.420000,0.000000,0.000000,76.420000,613.386536,306.693268,0.000000,-nan,0.000000,0.000000,inf,0.000000,10683536.012000
mlp_column,test1,0.001000,0.001000,0.001000,76.420000,0.000000,0.000000,76.420000,613.386536,306.693268,0.000000,-nan,0.000000,0.000000,-nan,0.000000,10683536.012000
mlp_row,test1,0.001000,0.001000,0.001000,76.420000,0.000000,0.000000,76.420000,613.386536,306.693268,0.000000,-nan,0.000000,0.000000,inf,0.000000,10683536.012000
final_column,test1,0.001000,0.001000,0.001000,76.420000,0.000000,0.000000,76.420000,613.386536,306.693268,0.000000,-nan,0.000000,0.000000,-nan,0.000000,10683536.012000
embedding_norm,test1,0.001000,0.001000,0.001000,2295.610000,0.000000,0.000000,2295.610000,319.053284,319.053284,0.000000,-nan,0.000000,0.000000,-nan,0.000000,10683536.012000
embedding_layer,test1,0.001000,0.001000,0.001000,0.000000,0.000000,0.000000,0.000000,inf,0.000000,0.000000,-nan,0.000000,0.000000,inf,0.000000,10683536.012000
attention_column,test1,0.001000,0.001000,0.001000,76.420000,0.000000,0.000000,76.420000,613.386536,306.693268,0.000000,-nan,0.000000,0.000000,-nan,0.000000,10683536.012000
attention_row,test1,0.001000,0.001000,0.001000,76.420000,0.000000,0.000000,76.420000,613.386536,306.693268,0.000000,-nan,0.000000,0.000000,inf,0.000000,10683536.012000
mlp_column,test1,0.001000,0.001000,0.001000,76.420000,0.000000,0.000000,76.420000,613.386536,306.693268,0.000000,-nan,0.000000,0.000000,-nan,0.000000,10683536.012000
mlp_row,test1,0.001000,0.001000,0.001000,76.420000,0.000000,0.000000,76.420000,613.386536,306.693268,0.000000,-nan,0.000000,0.000000,inf,0.000000,10683536.012000
attention_column,test1,0.001000,0.001000,0.001000,76.420000,0.000000,0.000000,76.420000,613.386536,306.693268,0.000000,-nan,0.000000,0.000000,-nan,0.000000,10683536.012000
attention_row,test1,0.001000,0.001000,0.001000,76.420000,0.000000,0.000000,76.420000,613.386536,306.693268,0.000000,-nan,0.000000,0.000000,inf,0.000000,10683536.012000
mlp_column,test1,0.001000,0.001000,0.001000,76.420000,0.000000,0.000000,76.420000,613.386536,306.693268,0.000000,-nan,0.000000,0.000000,-nan,0.000000,10683536.012000
mlp_row,test1,0.001000,0.001000,0.001000,76.420000,0.000000,0.000000,76.420000,613.386536,306.693268,0.000000,-nan,0.000000,0.000000,inf,0.000000,10683536.012000
attention_column,test1,0.001000,0.001000,0.001000,76.420000,0.000000,0.000000,76.420000,613.386536,306.693268,0.000000,-nan,0.000000,0.000000,-nan,0.000000,10683536.012000
attention_row,test1,0.001000,0.001000,0.001000,76.420000,0.000000,0.000000,76.420000,613.386536,306.693268,0.000000,-nan,0.000000,0.000000,inf,0.000000,10683536.012000
mlp_column,test1,0.001000,0.001000,0.001000,76.420000,0.000000,0.000000,76.420000,613.386536,306.693268,0.000000,-nan,0.000000,0.000000,-nan,0.000000,10683536.012000
mlp_row,test1,0.001000,0.001000,0.001000,76.420000,0.000000,0.000000,76.420000,613.386536,306.693268,0.000000,-nan,0.000000,0.000000,inf,0.000000,10683536.012000
attention_column,test1,0.001000,0.001000,0.001000,76.420000,0.000000,0.000000,76.420000,613.386536,306.693268,0.000000,-nan,0.000000,0.000000,-nan,0.000000,10683536.012000
attention_row,test1,0.001000,0.001000,0.001000,76.420000,0.000000,0.000000,76.420000,613.386536,306.693268,0.000000,-nan,0.000000,0.000000,inf,0.000000,10683536.012000
mlp_column,test1,0.001000,0.001000,0.001000,76.420000,0.000000,0.000000,76.420000,613.386536,306.693268,0.000000,-nan,0.000000,0.000000,-nan,0.000000,10683536.012000
mlp_row,test1,0.001000,0.001000,0.001000,76.420000,0.000000,0.000000,76.420000,613.386536,306.693268,0.000000,-nan,0.000000,0.000000,inf,0.000000,10683536.012000
attention_column,test1,0.001000,0.001000,0.001000,76.420000,0.000000,0.000000,76.420000,613.386536,306.693268,0.000000,-nan,0.000000,0.000000,-nan,0.000000,10683536.012000
attention_row,test1,0.001000,0.001000,0.001000,76.420000,0.000000,0.000000,76.420000,613.386536,306.693268,0.000000,-nan,0.000000,0.000000,inf,0.000000,10683536.012000
mlp_column,test1,0.001000,0.001000,0.001000,76.420000,0.000000,0.000000,76.420000,613.386536,306.693268,0.000000,-nan,0.000000,0.000000,-nan,0.000000,10683536.012000
mlp_row,test1,0.001000,0.001000,0.001000,76.420000,0.000000,0.000000,76.420000,613.386536,306.693268,0.000000,-nan,0.000000,0.000000,inf,0.000000,10683536.012000
attention_column,test1,0.001000,0.001000,0.001000,76.420000,0.000000,0.000000,76.420000,613.386536,306.693268,0.000000,-nan,0.000000,0.000000,-nan,0.000000,10683536.012000
attention_row,test1,0.001000,0.001000,0.001000,76.420000,0.000000,0.000000,76.420000,613.386536,306.693268,0.000000,-nan,0.000000,0.000000,inf,0.000000,10683536.012000
mlp_column,test1,0.001000,0.001000,0.001000,76.420000,0.000000,0.000000,76.420000,613.386536,306.693268,0.000000,-nan,0.000000,0.000000,-nan,0.000000,10683536.012000
mlp_row,test1,0.001000,0.001000,0.001000,76.420000,0.000000,0.000000,76.420000,613.386536,306.693268,0.000000,-nan,0.000000,0.000000,inf,0.000000,10683536.012000
attention_column,test1,0.001000,0.001000,0.001000,76.420000,0.000000,0.000000,76.420000,613.386536,306.693268,0.000000,-nan,0.000000,0.000000,-nan,0.000000,10683536.012000
attention_row,test1,0.001000,0.001000,0.001000,76.420000,0.000000,0.000000,76.420000,613.386536,306.693268,0.000000,-nan,0.000000,0.000000,inf,0.000000,10683536.012000
mlp_column,test1,0.001000,0.001000,0.001000,76.420000,0.000000,0.000000,76.420000,613.386536,306.693268,0.000000,-nan,0.000000,0.000000,-nan,0.000000,10683536.012000
mlp_row,test1,0.001000,0.001000,0.001000,76.420000,0.000000,0.000000,76.420000,613.386536,306.693268,0.000000,-nan,0.000000,0.000000,inf,0.000000,10683536.012000
attention_column,test1,0.001000,0.001000,0.001000,76.420000,0.000000,0.000000,76.420000,613.386536,306.693268,0.000000,-nan,0.000000,0.000000,-nan,0.000000,10683536.012000
attention_row,test1,0.001000,0.001000,0.001000,76.420000,0.000000,0.000000,76.420000,613.386536,306.693268,0.000000,-nan,0.000000,0.000000,inf,0.000000,10683536.012000
mlp_column,test1,0.001000,0.001000,0.001000,76.420000,0.000000,0.000000,76.420000,613.386536,306.693268,0.000000,-nan,0.000000,0.000000,-nan,0.000000,10683536.012000
mlp_row,test1,0.001000,0.001000,0.001000,76.420000,0.000000,0.000000,76.420000,613.386536,306.693268,0.000000,-nan,0.000000,0.000000,inf,0.000000,10683536.012000
attention_column,test1,0.001000,0.001000,0.001000,76.420000,0.000000,0.000000,76.420000,613.386536,306.693268,0.000000,-nan,0.000000,0.000000,-nan,0.000000,10683536.012000
attention_row,test1,0.001000,0.001000,0.001000,76.420000,0.000000,0.000000,76.420000,613.386536,306.693268,0.000000,-nan,0.000000,0.000000,inf,0.000000,10683536.012000
mlp_column,test1,0.001000,0.001000,0.001000,76.420000,0.000000,0.000000,76.420000,613.386536,306.693268,0.000000,-nan,0.000000,0.000000,-nan,0.000000,10683536.012000
mlp_row,test1,0.001000,0.001000,0.001000,76.420000,0.000000,0.000000,76.420000,613.386536,306.693268,0.000000,-nan,0.000000,0.000000,inf,0.000000,10683536.012000
attention_column,test1,0.001000,0.001000,0.001000,76.420000,0.000000,0.000000,76.420000,613.386536,306.693268,0.000000,-nan,0.000000,0.000000,-nan,0.000000,10683536.012000
attention_row,test1,0.001000,0.001000,0.001000,76.420000,0.000000,0.000000,76.420000,613.386536,306.693268,0.000000,-nan,0.000000,0.000000,inf,0.000000,10683536.012000
mlp_column,test1,0.001000,0.001000,0.001000,76.420000,0.000000,0.000000,76.420000,613.386536,306.693268,0.000000,-nan,0.000000,0.000000,-nan,0.000000,10683536.012000
mlp_row,test1,0.001000,0.001000,0.001000,76.420000,0.000000,0.000000,76.420000,613.386536,306.693268,0.000000,-nan,0.000000,0.000000,inf,0.000000,10683536.012000
attention_column,test1,0.001000,0.001000,0.001000,76.420000,0.000000,0.000000,76.420000,613.386536,306.693268,0.000000,-nan,0.000000,0.000000,-nan,0.000000,10683536.012000
attention_row,test1,0.001000,0.001000,0.001000,76.420000,0.000000,0.000000,76.420000,613.386536,306.693268,0.000000,-nan,0.000000,0.000000,inf,0.000000,10683536.012000
mlp_column,test1,0.001000,0.001000,0.001000,76.420000,0.000000,0.000000,76.420000,613.386536,306.693268,0.000000,-nan,0.000000,0.000000,-nan,0.000000,10683536.012000
mlp_row,test1,0.001000,0.001000,0.001000,76.420000,0.000000,0.000000,76.420000,613.386536,306.693268,0.000000,-nan,0.000000,0.000000,inf,0.000000,10683536.012000
attention_column,test1,0.001000,0.001000,0.001000,76.420000,0.000000,0.000000,76.420000,613.386536,306.693268,0.000000,-nan,0.000000,0.000000,-nan,0.000000,10683536.012000
attention_row,test1,0.001000,0.001000,0.001000,76.420000,0.000000,0.000000,76.420000,613.386536,306.693268,0.000000,-nan,0.000000,0.000000,inf,0.000000,10683536.012000
mlp_column,test1,0.001000,0.001000,0.001000,76.420000,0.000000,0.000000,76.420000,613.386536,306.693268,0.000000,-nan,0.000000,0.000000,-nan,0.000000,10683536.012000
mlp_row,test1,0.001000,0.001000,0.001000,76.420000,0.000000,0.000000,76.420000,613.386536,306.693268,0.000000,-nan,0.000000,0.000000,inf,0.000000,10683536.012000
attention_column,test1,0.001000,0.001000,0.001000,76.420000,0.000000,0.000000,76.420000,613.386536,306.693268,0.000000,-nan,0.000000,0.000000,-nan,0.000000,10683536.012000
attention_row,test1,0.001000,0.001000,0.001000,76.420000,0.000000,0.000000,76.420000,613.386536,306.693268,0.000000,-nan,0.000000,0.000000,inf,0.000000,10683536.012000
mlp_column,test1,0.001000,0.001000,0.001000,76.420000,0.000000,0.000000,76.420000,613.386536,306.693268,0.000000,-nan,0.000000,0.000000,-nan,0.000000,10683536.012000
mlp_row,test1,0.001000,0.001000,0.001000,76.420000,0.000000,0.000000,76.420000,613.386536,306.693268,0.000000,-nan,0.000000,0.000000,inf,0.000000,10683536.012000
attention_column,test1,0.001000,0.001000,0.001000,76.420000,0.000000,0.000000,76.420000,613.386536,306.693268,0.000000,-nan,0.000000,0.000000,-nan,0.000000,10683536.012000
attention_row,test1,0.001000,0.001000,0.001000,76.420000,0.000000,0.000000,76.420000,613.386536,306.693268,0.000000,-nan,0.000000,0.000000,inf,0.000000,10683536.012000
mlp_column,test1,0.001000,0.001000,0.001000,76.420000,0.000000,0.000000,76.420000,613.386536,306.693268,0.000000,-nan,0.000000,0.000000,-nan,0.000000,10683536.012000
mlp_row,test1,0.001000,0.001000,0.001000,76.420000,0.000000,0.000000,76.420000,613.386536,306.693268,0.000000,-nan,0.000000,0.000000,inf,0.000000,10683536.012000
attention_column,test1,0.001000,0.001000,0.001000,76.420000,0.000000,0.000000,76.420000,613.386536,306.693268,0.000000,-nan,0.000000,0.000000,-nan,0.000000,10683536.012000
attention_row,test1,0.001000,0.001000,0.001000,76.420000,0.000000,0.000000,76.420000,613.386536,306.693268,0.000000,-nan,0.000000,0.000000,inf,0.000000,10683536.012000
mlp_column,test1,0.001000,0.001000,0.001000,76.420000,0.000000,0.000000,76.420000,613.386536,306.693268,0.000000,-nan,0.000000,0.000000,-nan,0.000000,10683536.012000
mlp_row,test1,0.001000,0.001000,0.001000,76.420000,0.000000,0.000000,76.420000,613.386536,306.693268,0.000000,-nan,0.000000,0.000000,inf,0.000000,10683536.012000
attention_column,test1,0.001000,0.001000,0.001000,76.420000,0.000000,0.000000,76.420000,613.386536,306.693268,0.000000,-nan,0.000000,0.000000,-nan,0.000000,10683536.012000
attention_row,test1,0.001000,0.001000,0.001000,76.420000,0.000000,0.000000,76.420000,613.386536,306.693268,0.000000,-nan,0.000000,0.000000,inf,0.000000,10683536.012000
mlp_column,test1,0.001000,0.001000,0.001000,76.420000,0.000000,0.000000,76.420000,613.386536,306.693268,0.000000,-nan,0.000000,0.000000,-nan,0.000000,10683536.012000
mlp_row,test1,0.001000,0.001000,0.001000,76.420000,0.000000,0.000000,76.420000,613.386536,306.693268,0.000000,-nan,0.000000,0.000000,inf,0.000000,10683536.012000
attention_column,test1,0.001000,0.001000,0.001000,76.420000,0.000000,0.000000,76.420000,613.386536,306.693268,0.000000,-nan,0.000000,0.000000,-nan,0.000000,10683536.012000
attention_row,test1,0.001000,0.001000,0.001000,76.420000,0.000000,0.000000,76.420000,613.386536,306.693268,0.000000,-nan,0.000000,0.000000,inf,0.000000,10683536.012000
mlp_column,test1,0.001000,0.001000,0.001000,76.420000,0.000000,0.000000,76.420000,613.386536,306.693268,0.000000,-nan,0.000000,0.000000,-nan,0.000000,10683536.012000
mlp_row,test1,0.001000,0.001000,0.001000,76.420000,0.000000,0.000000,76.420000,613.386536,306.693268,0.000000,-nan,0.000000,0.000000,inf,0.000000,10683536.012000
attention_column,test1,0.001000,0.001000,0.001000,76.420000,0.000000,0.000000,76.420000,613.386536,306.693268,0.000000,-nan,0.000000,0.000000,-nan,0.000000,10683536.012000
attention_row,test1,0.001000,0.001000,0.001000,76.420000,0.000000,0.000000,76.420000,613.386536,306.693268,0.000000,-nan,0.000000,0.000000,inf,0.000000,10683536.012000
mlp_column,test1,0.001000,0.001000,0.001000,76.420000,0.000000,0.000000,76.420000,613.386536,306.693268,0.000000,-nan,0.000000,0.000000,-nan,0.000000,10683536.012000
mlp_row,test1,0.001000,0.001000,0.001000,76.420000,0.000000,0.000000,76.420000,613.386536,306.693268,0.000000,-nan,0.000000,0.000000,inf,0.000000,10683536.012000
attention_column,test1,0.001000,0.001000,0.001000,76.420000,0.000000,0.000000,76.420000,613.386536,306.693268,0.000000,-nan,0.000000,0.000000,-nan,0.000000,10683536.012000
attention_row,test1,0.001000,0.001000,0.001000,76.420000,0.000000,0.000000,76.420000,613.386536,306.693268,0.000000,-nan,0.000000,0.000000,inf,0.000000,10683536.012000
mlp_column,test1,0.001000,0.001000,0.001000,76.420000,0.000000,0.000000,76.420000,613.386536,306.693268,0.000000,-nan,0.000000,0.000000,-nan,0.000000,10683536.012000
mlp_row,test1,0.001000,0.001000,0.001000,76.420000,0.000000,0.000000,76.420000,613.386536,306.693268,0.000000,-nan,0.000000,0.000000,inf,0.000000,10683536.012000
attention_column,test1,0.001000,0.001000,0.001000,76.420000,0.000000,0.000000,76.420000,613.386536,306.693268,0.000000,-nan,0.000000,0.000000,-nan,0.000000,10683536.012000
attention_row,test1,0.001000,0.001000,0.001000,76.420000,0.000000,0.000000,76.420000,613.386536,306.693268,0.000000,-nan,0.000000,0.000000,inf,0.000000,10683536.012000
mlp_column,test1,0.001000,0.001000,0.001000,76.420000,0.000000,0.000000,76.420000,613.386536,306.693268,0.000000,-nan,0.000000,0.000000,-nan,0.000000,10683536.012000
mlp_row,test1,0.001000,0.001000,0.001000,76.420000,0.000000,0.000000,76.420000,613.386536,306.693268,0.000000,-nan,0.000000,0.000000,inf,0.000000,10683536.012000
attention_column,test1,0.001000,0.001000,0.001000,76.420000,0.000000,0.000000,76.420000,613.386536,306.693268,0.000000,-nan,0.000000,0.000000,-nan,0.000000,10683536.012000
attention_row,test1,0.001000,0.001000,0.001000,76.420000,0.000000,0.000000,76.420000,613.386536,306.693268,0.000000,-nan,0.000000,0.000000,inf,0.000000,10683536.012000
mlp_column,test1,0.001000,0.001000,0.001000,76.420000,0.000000,0.000000,76.420000,613.386536,306.693268,0.000000,-nan,0.000000,0.000000,-nan,0.000000,10683536.012000
mlp_row,test1,0.001000,0.001000,0.001000,76.420000,0.000000,0.000000,76.420000,613.386536,306.693268,0.000000,-nan,0.000000,0.000000,inf,0.000000,10683536.012000
attention_column,test1,0.001000,0.001000,0.001000,76.420000,0.000000,0.000000,76.420000,613.386536,306.693268,0.000000,-nan,0.000000,0.000000,-nan,0.000000,10683536.012000
attention_row,test1,0.001000,0.001000,0.001000,76.420000,0.000000,0.000000,76.420000,613.386536,306.693268,0.000000,-nan,0.000000,0.000000,inf,0.000000,10683536.012000
mlp_column,test1,0.001000,0.001000,0.001000,76.420000,0.000000,0.000000,76.420000,613.386536,306.693268,0.000000,-nan,0.000000,0.000000,-nan,0.000000,10683536.012000
mlp_row,test1,0.001000,0.001000,0.001000,76.420000,0.000000,0.000000,76.420000,613.386536,306.693268,0.000000,-nan,0.000000,0.000000,inf,0.000000,10683536.012000
attention_column,test1,0.001000,0.001000,0.001000,76.420000,0.000000,0.000000,76.420000,613.386536,306.693268,0.000000,-nan,0.000000,0.000000,-nan,0.000000,10683536.012000
attention_row,test1,0.001000,0.001000,0.001000,76.420000,0.000000,0.000000,76.420000,613.386536,306.693268,0.000000,-nan,0.000000,0.000000,inf,0.000000,10683536.012000
mlp_column,test1,0.001000,0.001000,0.001000,76.420000,0.000000,0.000000,76.420000,613.386536,306.693268,0.000000,-nan,0.000000,0.000000,-nan,0.000000,10683536.012000
mlp_row,test1,0.001000,0.001000,0.001000,76.420000,0.000000,0.000000,76.420000,613.386536,306.693268,0.000000,-nan,0.000000,0.000000,inf,0.000000,10683536.012000
attention_column,test1,0.001000,0.001000,0.001000,76.420000,0.000000,0.000000,76.420000,613.386536,306.693268,0.000000,-nan,0.000000,0.000000,-nan,0.000000,10683536.012000
attention_row,test1,0.001000,0.001000,0.001000,76.420000,0.000000,0.000000,76.420000,613.386536,306.693268,0.000000,-nan,0.000000,0.000000,inf,0.000000,10683536.012000
mlp_column,test1,0.001000,0.001000,0.001000,76.420000,0.000000,0.000000,76.420000,613.386536,306.693268,0.000000,-nan,0.000000,0.000000,-nan,0.000000,10683536.012000
mlp_row,test1,0.001000,0.001000,0.001000,76.420000,0.000000,0.000000,76.420000,613.386536,306.693268,0.000000,-nan,0.000000,0.000000,inf,0.000000,10683536.012000
attention_column,test1,0.001000,0.001000,0.001000,76.420000,0.000000,0.000000,76.420000,613.386536,306.693268,0.000000,-nan,0.000000,0.000000,-nan,0.000000,10683536.012000
attention_row,test1,0.001000,0.001000,0.001000,76.420000,0.000000,0.000000,76.420000,613.386536,306.693268,0.000000,-nan,0.000000,0.000000,inf,0.000000,10683536.012000
mlp_column,test1,0.001000,0.001000,0.001000,76.420000,0.000000,0.000000,76.420000,613.386536,306.693268,0.000000,-nan,0.000000,0.000000,-nan,0.000000,10683536.012000
mlp_row,test1,0.001000,0.001000,0.001000,76.420000,0.000000,0.000000,76.420000,613.386536,306.693268,0.000000,-nan,0.000000,0.000000,inf,0.000000,10683536.012000
attention_column,test1,0.001000,0.001000,0.001000,76.420000,0.000000,0.000000,76.420000,613.386536,306.693268,0.000000,-nan,0.000000,0.000000,-nan,0.000000,10683536.012000
attention_row,test1,0.001000,0.001000,0.001000,76.420000,0.000000,0.000000,76.420000,613.386536,306.693268,0.000000,-nan,0.000000,0.000000,inf,0.000000,10683536.012000
mlp_column,test1,0.001000,0.001000,0.001000,76.420000,0.000000,0.000000,76.420000,613.386536,306.693268,0.000000,-nan,0.000000,0.000000,-nan,0.000000,10683536.012000
mlp_row,test1,0.001000,0.001000,0.001000,76.420000,0.000000,0.000000,76.420000,613.386536,306.693268,0.000000,-nan,0.000000,0.000000,inf,0.000000,10683536.012000
attention_column,test1,0.001000,0.001000,0.001000,76.420000,0.000000,0.000000,76.420000,613.386536,306.693268,0.000000,-nan,0.000000,0.000000,-nan,0.000000,10683536.012000
attention_row,test1,0.001000,0.001000,0.001000,76.420000,0.000000,0.000000,76.420000,613.386536,306.693268,0.000000,-nan,0.000000,0.000000,inf,0.000000,10683536.012000
mlp_column,test1,0.001000,0.001000,0.001000,76.420000,0.000000,0.000000,76.420000,613.386536,306.693268,0.000000,-nan,0.000000,0.000000,-nan,0.000000,10683536.012000
mlp_row,test1,0.001000,0.001000,0.001000,76.420000,0.000000,0.000000,76.420000,613.386536,306.693268,0.000000,-nan,0.000000,0.000000,inf,0.000000,10683536.012000
attention_column,test1,0.001000,0.001000,0.001000,76.420000,0.000000,0.000000,76.420000,613.386536,306.693268,0.000000,-nan,0.000000,0.000000,-nan,0.000000,10683536.012000
attention_row,test1,0.001000,0.001000,0.001000,76.420000,0.000000,0.000000,76.420000,613.386536,306.693268,0.000000,-nan,0.000000,0.000000,inf,0.000000,10683536.012000
mlp_column,test1,0.001000,0.001000,0.001000,76.420000,0.000000,0.000000,76.420000,613.386536,306.693268,0.000000,-nan,0.000000,0.000000,-nan,0.000000,10683536.012000
mlp_row,test1,0.001000,0.001000,0.001000,76.420000,0.000000,0.000000,76.420000,613.386536,306.693268,0.000000,-nan,0.000000,0.000000,inf,0.000000,10683536.012000
attention_column,test1,0.001000,0.001000,0.001000,76.420000,0.000000,0.000000,76.420000,613.386536,306.693268,0.000000,-nan,0.000000,0.000000,-nan,0.000000,10683536.012000
attention_row,test1,0.001000,0.001000,0.001000,76.420000,0.000000,0.000000,76.420000,613.386536,306.693268,0.000000,-nan,0.000000,0.000000,inf,0.000000,10683536.012000
mlp_column,test1,0.001000,0.001000,0.001000,76.420000,0.000000,0.000000,76.420000,613.386536,306.693268,0.000000,-nan,0.000000,0.000000,-nan,0.000000,10683536.012000
mlp_row,test1,0.001000,0.001000,0.001000,76.420000,0.000000,0.000000,76.420000,613.386536,306.693268,0.000000,-nan,0.000000,0.000000,inf,0.000000,10683536.012000
attention_column,test1,0.001000,0.001000,0.001000,76.420000,0.000000,0.000000,76.420000,613.386536,306.693268,0.000000,-nan,0.000000,0.000000,-nan,0.000000,10683536.012000
attention_row,test1,0.001000,0.001000,0.001000,76.420000,0.000000,0.000000,76.420000,613.386536,306.693268,0.000000,-nan,0.000000,0.000000,inf,0.000000,10683536.012000
mlp_column,test1,0.001000,0.001000,0.001000,76.420000,0.000000,0.000000,76.420000,613.386536,306.693268,0.000000,-nan,0.000000,0.000000,-nan,0.000000,10683536.012000
mlp_row,test1,0.001000,0.001000,0.001000,76.420000,0.000000,0.000000,76.420000,613.386536,306.693268,0.000000,-nan,0.000000,0.000000,inf,0.000000,10683536.012000
attention_column,test1,0.001000,0.001000,0.001000,76.420000,0.000000,0.000000,76.420000,613.386536,306.693268,0.000000,-nan,0.000000,0.000000,-nan,0.000000,10683536.012000
attention_row,test1,0.001000,0.001000,0.001000,76.420000,0.000000,0.000000,76.420000,613.386536,306.693268,0.000000,-nan,0.000000,0.000000,inf,0.000000,10683536.012000
mlp_column,test1,0.001000,0.001000,0.001000,76.420000,0.000000,0.000000,76.420000,613.386536,306.693268,0.000000,-nan,0.000000,0.000000,-nan,0.000000,10683536.012000
mlp_row,test1,0.001000,0.001000,0.001000,76.420000,0.000000,0.000000,76.420000,613.386536,306.693268,0.000000,-nan,0.000000,0.000000,inf,0.000000,10683536.012000
attention_column,test1,0.001000,0.001000,0.001000,76.420000,0.000000,0.000000,76.420000,613.386536,306.693268,0.000000,-nan,0.000000,0.000000,-nan,0.000000,10683536.012000
attention_row,test1,0.001000,0.001000,0.001000,76.420000,0.000000,0.000000,76.420000,613.386536,306.693268,0.000000,-nan,0.000000,0.000000,inf,0.000000,10683536.012000
mlp_column,test1,0.001000,0.001000,0.001000,76.420000,0.000000,0.000000,76.420000,613.386536,306.693268,0.000000,-nan,0.000000,0.000000,-nan,0.000000,10683536.012000
mlp_row,test1,0.001000,0.001000,0.001000,76.420000,0.000000,0.000000,76.420000,613.386536,306.693268,0.000000,-nan,0.000000,0.000000,inf,0.000000,10683536.012000
attention_column,test1,0.001000,0.001000,0.001000,76.420000,0.000000,0.000000,76.420000,613.386536,306.693268,0.000000,-nan,0.000000,0.000000,-nan,0.000000,10683536.012000
attention_row,test1,0.001000,0.001000,0.001000,76.420000,0.000000,0.000000,76.420000,613.386536,306.693268,0.000000,-nan,0.000000,0.000000,inf,0.000000,10683536.012000
mlp_column,test1,0.001000,0.001000,0.001000,76.420000,0.000000,0.000000,76.420000,613.386536,306.693268,0.000000,-nan,0.000000,0.000000,-nan,0.000000,10683536.012000
mlp_row,test1,0.001000,0.001000,0.001000,76.420000,0.000000,0.000000,76.420000,613.386536,306.693268,0.000000,-nan,0.000000,0.000000,inf,0.000000,10683536.012000
attention_column,test1,0.001000,0.001000,0.001000,76.420000,0.000000,0.000000,76.420000,613.386536,306.693268,0.000000,-nan,0.000000,0.000000,-nan,0.000000,10683536.012000
attention_row,test1,0.001000,0.001000,0.001000,76.420000,0.000000,0.000000,76.420000,613.386536,306.693268,0.000000,-nan,0.000000,0.000000,inf,0.000000,10683536.012000
mlp_column,test1,0.001000,0.001000,0.001000,76.420000,0.000000,0.000000,76.420000,613.386536,306.693268,0.000000,-nan,0.000000,0.000000,-nan,0.000000,10683536.012000
mlp_row,test1,0.001000,0.001000,0.001000,76.420000,0.000000,0.000000,76.420000,613.386536,306.693268,0.000000,-nan,0.000000,0.000000,inf,0.000000,10683536.012000
attention_column,test1,0.001000,0.001000,0.001000,76.420000,0.000000,0.000000,76.420000,613.386536,306.693268,0.000000,-nan,0.000000,0.000000,-nan,0.000000,10683536.012000
attention_row,test1,0.001000,0.001000,0.001000,76.420000,0.000000,0.000000,76.420000,613.386536,306.693268,0.000000,-nan,0.000000,0.000000,inf,0.000000,10683536.012000
mlp_column,test1,0.001000,0.001000,0.001000,76.420000,0.000000,0.000000,76.420000,613.386536,306.693268,0.000000,-nan,0.000000,0.000000,-nan,0.000000,10683536.012000
mlp_row,test1,0.001000,0.001000,0.001000,76.420000,0.000000,0.000000,76.420000,613.386536,306.693268,0.000000,-nan,0.000000,0.000000,inf,0.000000,10683536.012000
attention_column,test1,0.001000,0.001000,0.001000,76.420000,0.000000,0.000000,76.420000,613.386536,306.693268,0.000000,-nan,0.000000,0.000000,-nan,0.000000,10683536.012000
attention_row,test1,0.001000,0.001000,0.001000,76.420000,0.000000,0.000000,76.420000,613.386536,306.693268,0.000000,-nan,0.000000,0.000000,inf,0.000000,10683536.012000
mlp_column,test1,0.001000,0.001000,0.001000,76.420000,0.000000,0.000000,76.420000,613.386536,306.693268,0.000000,-nan,0.000000,0.000000,-nan,0.000000,10683536.012000
mlp_row,test1,0.001000,0.001000,0.001000,76.420000,0.000000,0.000000,76.420000,613.386536,306.693268,0.000000,-nan,0.000000,0.000000,inf,0.000000,10683536.012000
attention_column,test1,0.001000,0.001000,0.001000,76.420000,0.000000,0.000000,76.420000,613.386536,306.693268,0.000000,-nan,0.000000,0.000000,-nan,0.000000,10683536.012000
attention_row,test1,0.001000,0.001000,0.001000,76.420000,0.000000,0.000000,76.420000,613.386536,306.693268,0.000000,-nan,0.000000,0.000000,inf,0.000000,10683536.012000
mlp_column,test1,0.001000,0.001000,0.001000,76.420000,0.000000,0.000000,76.420000,613.386536,306.693268,0.000000,-nan,0.000000,0.000000,-nan,0.000000,10683536.012000
mlp_row,test1,0.001000,0.001000,0.001000,76.420000,0.000000,0.000000,76.420000,613.386536,306.693268,0.000000,-nan,0.000000,0.000000,inf,0.000000,10683536.012000
attention_column,test1,0.001000,0.001000,0.001000,76.420000,0.000000,0.000000,76.420000,613.386536,306.693268,0.000000,-nan,0.000000,0.000000,-nan,0.000000,10683536.012000
attention_row,test1,0.001000,0.001000,0.001000,76.420000,0.000000,0.000000,76.420000,613.386536,306.693268,0.000000,-nan,0.000000,0.000000,inf,0.000000,10683536.012000
mlp_column,test1,0.001000,0.001000,0.001000,76.420000,0.000000,0.000000,76.420000,613.386536,306.693268,0.000000,-nan,0.000000,0.000000,-nan,0.000000,10683536.012000
mlp_row,test1,0.001000,0.001000,0.001000,76.420000,0.000000,0.000000,76.420000,613.386536,306.693268,0.000000,-nan,0.000000,0.000000,inf,0.000000,10683536.012000
attention_column,test1,0.001000,0.001000,0.001000,76.420000,0.000000,0.000000,76.420000,613.386536,306.693268,0.000000,-nan,0.000000,0.000000,-nan,0.000000,10683536.012000
attention_row,test1,0.001000,0.001000,0.001000,76.420000,0.000000,0.000000,76.420000,613.386536,306.693268,0.000000,-nan,0.000000,0.000000,inf,0.000000,10683536.012000
mlp_column,test1,0.001000,0.001000,0.001000,76.420000,0.000000,0.000000,76.420000,613.386536,306.693268,0.000000,-nan,0.000000,0.000000,-nan,0.000000,10683536.012000
mlp_row,test1,0.001000,0.001000,0.001000,76.420000,0.000000,0.000000,76.420000,613.386536,306.693268,0.000000,-nan,0.000000,0.000000,inf,0.000000,10683536.012000
attention_column,test1,0.001000,0.001000,0.001000,76.420000,0.000000,0.000000,76.420000,613.386536,306.693268,0.000000,-nan,0.000000,0.000000,-nan,0.000000,10683536.012000
attention_row,test1,0.001000,0.001000,0.001000,76.420000,0.000000,0.000000,76.420000,613.386536,306.693268,0.000000,-nan,0.000000,0.000000,inf,0.000000,10683536.012000
mlp_column,test1,0.001000,0.001000,0.001000,76.420000,0.000000,0.000000,76.420000,613.386536,306.693268,0.000000,-nan,0.000000,0.000000,-nan,0.000000,10683536.012000
mlp_row,test1,0.001000,0.001000,0.001000,76.420000,0.000000,0.000000,76.420000,613.386536,306.693268,0.000000,-nan,0.000000,0.000000,inf,0.000000,10683536.012000
attention_column,test1,0.001000,0.001000,0.001000,76.420000,0.000000,0.000000,76.420000,613.386536,306.693268,0.000000,-nan,0.000000,0.000000,-nan,0.000000,10683536.012000
attention_row,test1,0.001000,0.001000,0.001000,76.420000,0.000000,0.000000,76.420000,613.386536,306.693268,0.000000,-nan,0.000000,0.000000,inf,0.000000,10683536.012000
mlp_column,test1,0.001000,0.001000,0.001000,76.420000,0.000000,0.000000,76.420000,613.386536,306.693268,0.000000,-nan,0.000000,0.000000,-nan,0.000000,10683536.012000
mlp_row,test1,0.001000,0.001000,0.001000,76.420000,0.000000,0.000000,76.420000,613.386536,306.693268,0.000000,-nan,0.000000,0.000000,inf,0.000000,10683536.012000
attention_column,test1,0.001000,0.001000,0.001000,76.420000,0.000000,0.000000,76.420000,613.386536,306.693268,0.000000,-nan,0.000000,0.000000,-nan,0.000000,10683536.012000
attention_row,test1,0.001000,0.001000,0.001000,76.420000,0.000000,0.000000,76.420000,613.386536,306.693268,0.000000,-nan,0.000000,0.000000,inf,0.000000,10683536.012000
mlp_column,test1,0.001000,0.001000,0.001000,76.420000,0.000000,0.000000,76.420000,613.386536,306.693268,0.000000,-nan,0.000000,0.000000,-nan,0.000000,10683536.012000
mlp_row,test1,0.001000,0.001000,0.001000,76.420000,0.000000,0.000000,76.420000,613.386536,306.693268,0.000000,-nan,0.000000,0.000000,inf,0.000000,10683536.012000
attention_column,test1,0.001000,0.001000,0.001000,76.420000,0.000000,0.000000,76.420000,613.386536,306.693268,0.000000,-nan,0.000000,0.000000,-nan,0.000000,10683536.012000
attention_row,test1,0.001000,0.001000,0.001000,76.420000,0.000000,0.000000,76.420000,613.386536,306.693268,0.000000,-nan,0.000000,0.000000,inf,0.000000,10683536.012000
mlp_column,test1,0.001000,0.001000,0.001000,76.420000,0.000000,0.000000,76.420000,613.386536,306.693268,0.000000,-nan,0.000000,0.000000,-nan,0.000000,10683536.012000
mlp_row,test1,0.001000,0.001000,0.001000,76.420000,0.000000,0.000000,76.420000,613.386536,306.693268,0.000000,-nan,0.000000,0.000000,inf,0.000000,10683536.012000
attention_column,test1,0.001000,0.001000,0.001000,76.420000,0.000000,0.000000,76.420000,613.386536,306.693268,0.000000,-nan,0.000000,0.000000,-nan,0.000000,10683536.012000
attention_row,test1,0.001000,0.001000,0.001000,76.420000,0.000000,0.000000,76.420000,613.386536,306.693268,0.000000,-nan,0.000000,0.000000,inf,0.000000,10683536.012000
mlp_column,test1,0.001000,0.001000,0.001000,76.420000,0.000000,0.000000,76.420000,613.386536,306.693268,0.000000,-nan,0.000000,0.000000,-nan,0.000000,10683536.012000
mlp_row,test1,0.001000,0.001000,0.001000,76.420000,0.000000,0.000000,76.420000,613.386536,306.693268,0.000000,-nan,0.000000,0.000000,inf,0.000000,10683536.012000
attention_column,test1,0.001000,0.001000,0.001000,76.420000,0.000000,0.000000,76.420000,613.386536,306.693268,0.000000,-nan,0.000000,0.000000,-nan,0.000000,10683536.012000
attention_row,test1,0.001000,0.001000,0.001000,76.420000,0.000000,0.000000,76.420000,613.386536,306.693268,0.000000,-nan,0.000000,0.000000,inf,0.000000,10683536.012000
mlp_column,test1,0.001000,0.001000,0.001000,76.420000,0.000000,0.000000,76.420000,613.386536,306.693268,0.000000,-nan,0.000000,0.000000,-nan,0.000000,10683536.012000
mlp_row,test1,0.001000,0.001000,0.001000,76.420000,0.000000,0.000000,76.420000,613.386536,306.693268,0.000000,-nan,0.000000,0.000000,inf,0.000000,10683536.012000
attention_column,test1,0.001000,0.001000,0.001000,76.420000,0.000000,0.000000,76.420000,613.386536,306.693268,0.000000,-nan,0.000000,0.000000,-nan,0.000000,10683536.012000
attention_row,test1,0.001000,0.001000,0.001000,76.420000,0.000000,0.000000,76.420000,613.386536,306.693268,0.000000,-nan,0.000000,0.000000,inf,0.000000,10683536.012000
mlp_column,test1,0.001000,0.001000,0.001000,76.420000,0.000000,0.000000,76.420000,613.386536,306.693268,0.000000,-nan,0.000000,0.000000,-nan,0.000000,10683536.012000
mlp_row,test1,0.001000,0.001000,0.001000,76.420000,0.000000,0.000000,76.420000,613.386536,306.693268,0.000000,-nan,0.000000,0.000000,inf,0.000000,10683536.012000
attention_column,test1,0.001000,0.001000,0.001000,76.420000,0.000000,0.000000,76.420000,613.386536,306.693268,0.000000,-nan,0.000000,0.000000,-nan,0.000000,10683536.012000
attention_row,test1,0.001000,0.001000,0.001000,76.420000,0.000000,0.000000,76.420000,613.386536,306.693268,0.000000,-nan,0.000000,0.000000,inf,0.000000,10683536.012000
mlp_column,test1,0.001000,0.001000,0.001000,76.420000,0.000000,0.000000,76.420000,613.386536,306.693268,0.000000,-nan,0.000000,0.000000,-nan,0.000000,10683536.012000
mlp_row,test1,0.001000,0.001000,0.001000,76.420000,0.000000,0.000000,76.420000,613.386536,306.693268,0.000000,-nan,0.000000,0.000000,inf,0.000000,10683536.012000
attention_column,test1,0.001000,0.001000,0.001000,76.420000,0.000000,0.000000,76.420000,613.386536,306.693268,0.000000,-nan,0.000000,0.000000,-nan,0.000000,10683536.012000
attention_row,test1,0.001000,0.001000,0.001000,76.420000,0.000000,0.000000,76.420000,613.386536,306.693268,0.000000,-nan,0.000000,0.000000,inf,0.000000,10683536.012000
mlp_column,test1,0.001000,0.001000,0.001000,76.420000,0.000000,0.000000,76.420000,613.386536,306.693268,0.000000,-nan,0.000000,0.000000,-nan,0.000000,10683536.012000
mlp_row,test1,0.001000,0.001000,0.001000,76.420000,0.000000,0.000000,76.420000,613.386536,306.693268,0.000000,-nan,0.000000,0.000000,inf,0.000000,10683536.012000
final_column,test1,0.001000,0.001000,0.001000,76.420000,0.000000,0.000000,76.420000,613.386536,306.693268,0.000000,-nan,0.000000,0.000000,-nan,0.000000,10683536.012000
embedding_norm,test1,0.001000,0.001000,0.001000,2295.610000,0.000000,0.000000,2295.610000,319.053284,319.053284,0.000000,-nan,0.000000,0.000000,-nan,0.000000,10683536.012000
embedding_layer,test1,0.001000,0.001000,0.001000,0.000000,0.000000,0.000000,0.000000,inf,0.000000,0.000000,-nan,0.000000,0.000000,inf,0.000000,10683536.012000
attention_column,test1,0.001000,0.001000,0.001000,76.420000,0.000000,0.000000,76.420000,613.386536,306.693268,0.000000,-nan,0.000000,0.000000,-nan,0.000000,10683536.012000
attention_row,test1,0.001000,0.001000,0.001000,76.420000,0.000000,0.000000,76.420000,613.386536,306.693268,0.000000,-nan,0.000000,0.000000,inf,0.000000,10683536.012000
mlp_column,test1,0.001000,0.001000,0.001000,76.420000,0.000000,0.000000,76.420000,613.386536,306.693268,0.000000,-nan,0.000000,0.000000,-nan,0.000000,10683536.012000
mlp_row,test1,0.001000,0.001000,0.001000,76.420000,0.000000,0.000000,76.420000,613.386536,306.693268,0.000000,-nan,0.000000,0.000000,inf,0.000000,10683536.012000
attention_column,test1,0.001000,0.001000,0.001000,76.420000,0.000000,0.000000,76.420000,613.386536,306.693268,0.000000,-nan,0.000000,0.000000,-nan,0.000000,10683536.012000
attention_row,test1,0.001000,0.001000,0.001000,76.420000,0.000000,0.000000,76.420000,613.386536,306.693268,0.000000,-nan,0.000000,0.000000,inf,0.000000,10683536.012000
mlp_column,test1,0.001000,0.001000,0.001000,76.420000,0.000000,0.000000,76.420000,613.386536,306.693268,0.000000,-nan,0.000000,0.000000,-nan,0.000000,10683536.012000
mlp_row,test1,0.001000,0.001000,0.001000,76.420000,0.000000,0.000000,76.420000,613.386536,306.693268,0.000000,-nan,0.000000,0.000000,inf,0.000000,10683536.012000
attention_column,test1,0.001000,0.001000,0.001000,76.420000,0.000000,0.000000,76.420000,613.386536,306.693268,0.000000,-nan,0.000000,0.000000,-nan,0.000000,10683536.012000
attention_row,test1,0.001000,0.001000,0.001000,76.420000,0.000000,0.000000,76.420000,613.386536,306.693268,0.000000,-nan,0.000000,0.000000,inf,0.000000,10683536.012000
mlp_column,test1,0.001000,0.001000,0.001000,76.420000,0.000000,0.000000,76.420000,613.386536,306.693268,0.000000,-nan,0.000000,0.000000,-nan,0.000000,10683536.012000
mlp_row,test1,0.001000,0.001000,0.001000,76.420000,0.000000,0.000000,76.420000,613.386536,306.693268,0.000000,-nan,0.000000,0.000000,inf,0.000000,10683536.012000
attention_column,test1,0.001000,0.001000,0.001000,76.420000,0.000000,0.000000,76.420000,613.386536,306.693268,0.000000,-nan,0.000000,0.000000,-nan,0.000000,10683536.012000
attention_row,test1,0.001000,0.001000,0.001000,76.420000,0.000000,0.000000,76.420000,613.386536,306.693268,0.000000,-nan,0.000000,0.000000,inf,0.000000,10683536.012000
mlp_column,test1,0.001000,0.001000,0.001000,76.420000,0.000000,0.000000,76.420000,613.386536,306.693268,0.000000,-nan,0.000000,0.000000,-nan,0.000000,10683536.012000
mlp_row,test1,0.001000,0.001000,0.001000,76.420000,0.000000,0.000000,76.420000,613.386536,306.693268,0.000000,-nan,0.000000,0.000000,inf,0.000000,10683536.012000
attention_column,test1,0.001000,0.001000,0.001000,76.420000,0.000000,0.000000,76.420000,613.386536,306.693268,0.000000,-nan,0.000000,0.000000,-nan,0.000000,10683536.012000
attention_row,test1,0.001000,0.001000,0.001000,76.420000,0.000000,0.000000,76.420000,613.386536,306.693268,0.000000,-nan,0.000000,0.000000,inf,0.000000,10683536.012000
mlp_column,test1,0.001000,0.001000,0.001000,76.420000,0.000000,0.000000,76.420000,613.386536,306.693268,0.000000,-nan,0.000000,0.000000,-nan,0.000000,10683536.012000
mlp_row,test1,0.001000,0.001000,0.001000,76.420000,0.000000,0.000000,76.420000,613.386536,306.693268,0.000000,-nan,0.000000,0.000000,inf,0.000000,10683536.012000
attention_column,test1,0.001000,0.001000,0.001000,76.420000,0.000000,0.000000,76.420000,613.386536,306.693268,0.000000,-nan,0.000000,0.000000,-nan,0.000000,10683536.012000
attention_row,test1,0.001000,0.001000,0.001000,76.420000,0.000000,0.000000,76.420000,613.386536,306.693268,0.000000,-nan,0.000000,0.000000,inf,0.000000,10683536.012000
mlp_column,test1,0.001000,0.001000,0.001000,76.420000,0.000000,0.000000,76.420000,613.386536,306.693268,0.000000,-nan,0.000000,0.000000,-nan,0.000000,10683536.012000
mlp_row,test1,0.001000,0.001000,0.001000,76.420000,0.000000,0.000000,76.420000,613.386536,306.693268,0.000000,-nan,0.000000,0.000000,inf,0.000000,10683536.012000
attention_column,test1,0.001000,0.001000,0.001000,76.420000,0.000000,0.000000,76.420000,613.386536,306.693268,0.000000,-nan,0.000000,0.000000,-nan,0.000000,10683536.012000
attention_row,test1,0.001000,0.001000,0.001000,76.420000,0.000000,0.000000,76.420000,613.386536,306.693268,0.000000,-nan,0.000000,0.000000,inf,0.000000,10683536.012000
mlp_column,test1,0.001000,0.001000,0.001000,76.420000,0.000000,0.000000,76.420000,613.386536,306.693268,0.000000,-nan,0.000000,0.000000,-nan,0.000000,10683536.012000
mlp_row,test1,0.001000,0.001000,0.001000,76.420000,0.000000,0.000000,76.420000,613.386536,306.693268,0.000000,-nan,0.000000,0.000000,inf,0.000000,10683536.012000
attention_column,test1,0.001000,0.001000,0.001000,76.420000,0.000000,0.000000,76.420000,613.386536,306.693268,0.000000,-nan,0.000000,0.000000,-nan,0.000000,10683536.012000
attention_row,test1,0.001000,0.001000,0.001000,76.420000,0.000000,0.000000,76.420000,613.386536,306.693268,0.000000,-nan,0.000000,0.000000,inf,0.000000,10683536.012000
mlp_column,test1,0.001000,0.001000,0.001000,76.420000,0.000000,0.000000,76.420000,613.386536,306.693268,0.000000,-nan,0.000000,0.000000,-nan,0.000000,10683536.012000
mlp_row,test1,0.001000,0.001000,0.001000,76.420000,0.000000,0.000000,76.420000,613.386536,306.693268,0.000000,-nan,0.000000,0.000000,inf,0.000000,10683536.012000
attention_column,test1,0.001000,0.001000,0.001000,76.420000,0.000000,0.000000,76.420000,613.386536,306.693268,0.000000,-nan,0.000000,0.000000,-nan,0.000000,10683536.012000
attention_row,test1,0.001000,0.001000,0.001000,76.420000,0.000000,0.000000,76.420000,613.386536,306.693268,0.000000,-nan,0.000000,0.000000,inf,0.000000,10683536.012000
mlp_column,test1,0.001000,0.001000,0.001000,76.420000,0.000000,0.000000,76.420000,613.386536,306.693268,0.000000,-nan,0.000000,0.000000,-nan,0.000000,10683536.012000
mlp_row,test1,0.001000,0.001000,0.001000,76.420000,0.000000,0.000000,76.420000,613.386536,306.693268,0.000000,-nan,0.000000,0.000000,inf,0.000000,10683536.012000
attention_column,test1,0.001000,0.001000,0.001000,76.420000,0.000000,0.000000,76.420000,613.386536,306.693268,0.000000,-nan,0.000000,0.000000,-nan,0.000000,10683536.012000
attention_row,test1,0.001000,0.001000,0.001000,76.420000,0.000000,0.000000,76.420000,613.386536,306.693268,0.000000,-nan,0.000000,0.000000,inf,0.000000,10683536.012000
mlp_column,test1,0.001000,0.001000,0.001000,76.420000,0.000000,0.000000,76.420000,613.386536,306.693268,0.000000,-nan,0.000000,0.000000,-nan,0.000000,10683536.012000
mlp_row,test1,0.001000,0.001000,0.001000,76.420000,0.000000,0.000000,76.420000,613.386536,306.693268,0.000000,-nan,0.000000,0.000000,inf,0.000000,10683536.012000
attention_column,test1,0.001000,0.001000,0.001000,76.420000,0.000000,0.000000,76.420000,613.386536,306.693268,0.000000,-nan,0.000000,0.000000,-nan,0.000000,10683536.012000
attention_row,test1,0.001000,0.001000,0.001000,76.420000,0.000000,0.000000,76.420000,613.386536,306.693268,0.000000,-nan,0.000000,0.000000,inf,0.000000,10683536.012000
mlp_column,test1,0.001000,0.001000,0.001000,76.420000,0.000000,0.000000,76.420000,613.386536,306.693268,0.000000,-nan,0.000000,0.000000,-nan,0.000000,10683536.012000
mlp_row,test1,0.001000,0.001000,0.001000,76.420000,0.000000,0.000000,76.420000,613.386536,306.693268,0.000000,-nan,0.000000,0.000000,inf,0.000000,10683536.012000
attention_column,test1,0.001000,0.001000,0.001000,76.420000,0.000000,0.000000,76.420000,613.386536,306.693268,0.000000,-nan,0.000000,0.000000,-nan,0.000000,10683536.012000
attention_row,test1,0.001000,0.001000,0.001000,76.420000,0.000000,0.000000,76.420000,613.386536,306.693268,0.000000,-nan,0.000000,0.000000,inf,0.000000,10683536.012000
mlp_column,test1,0.001000,0.001000,0.001000,76.420000,0.000000,0.000000,76.420000,613.386536,306.693268,0.000000,-nan,0.000000,0.000000,-nan,0.000000,10683536.012000
mlp_row,test1,0.001000,0.001000,0.001000,76.420000,0.000000,0.000000,76.420000,613.386536,306.693268,0.000000,-nan,0.000000,0.000000,inf,0.000000,10683536.012000
attention_column,test1,0.001000,0.001000,0.001000,76.420000,0.000000,0.000000,76.420000,613.386536,306.693268,0.000000,-nan,0.000000,0.000000,-nan,0.000000,10683536.012000
attention_row,test1,0.001000,0.001000,0.001000,76.420000,0.000000,0.000000,76.420000,613.386536,306.693268,0.000000,-nan,0.000000,0.000000,inf,0.000000,10683536.012000
mlp_column,test1,0.001000,0.001000,0.001000,76.420000,0.000000,0.000000,76.420000,613.386536,306.693268,0.000000,-nan,0.000000,0.000000,-nan,0.000000,10683536.012000
mlp_row,test1,0.001000,0.001000,0.001000,76.420000,0.000000,0.000000,76.420000,613.386536,306.693268,0.000000,-nan,0.000000,0.000000,inf,0.000000,10683536.012000
attention_column,test1,0.001000,0.001000,0.001000,76.420000,0.000000,0.000000,76.420000,613.386536,306.693268,0.000000,-nan,0.000000,0.000000,-nan,0.000000,10683536.012000
attention_row,test1,0.001000,0.001000,0.001000,76.420000,0.000000,0.000000,76.420000,613.386536,306.693268,0.000000,-nan,0.000000,0.000000,inf,0.000000,10683536.012000
mlp_column,test1,0.001000,0.001000,0.001000,76.420000,0.000000,0.000000,76.420000,613.386536,306.693268,0.000000,-nan,0.000000,0.000000,-nan,0.000000,10683536.012000
mlp_row,test1,0.001000,0.001000,0.001000,76.420000,0.000000,0.000000,76.420000,613.386536,306.693268,0.000000,-nan,0.000000,0.000000,inf,0.000000,10683536.012000
attention_column,test1,0.001000,0.001000,0.001000,76.420000,0.000000,0.000000,76.420000,613.386536,306.693268,0.000000,-nan,0.000000,0.000000,-nan,0.000000,10683536.012000
attention_row,test1,0.001000,0.001000,0.001000,76.420000,0.000000,0.000000,76.420000,613.386536,306.693268,0.000000,-nan,0.000000,0.000000,inf,0.000000,10683536.012000
mlp_column,test1,0.001000,0.001000,0.001000,76.420000,0.000000,0.000000,76.420000,613.386536,306.693268,0.000000,-nan,0.000000,0.000000,-nan,0.000000,10683536.012000
mlp_row,test1,0.001000,0.001000,0.001000,76.420000,0.000000,0.000000,76.420000,613.386536,306.693268,0.000000,-nan,0.000000,0.000000,inf,0.000000,10683536.012000
attention_column,test1,0.001000,0.001000,0.001000,76.420000,0.000000,0.000000,76.420000,613.386536,306.693268,0.000000,-nan,0.000000,0.000000,-nan,0.000000,10683536.012000
attention_row,test1,0.001000,0.001000,0.001000,76.420000,0.000000,0.000000,76.420000,613.386536,306.693268,0.000000,-nan,0.000000,0.000000,inf,0.000000,10683536.012000
mlp_column,test1,0.001000,0.001000,0.001000,76.420000,0.000000,0.000000,76.420000,613.386536,306.693268,0.000000,-nan,0.000000,0.000000,-nan,0.000000,10683536.012000
mlp_row,test1,0.001000,0.001000,0.001000,76.420000,0.000000,0.000000,76.420000,613.386536,306.693268,0.000000,-nan,0.000000,0.000000,inf,0.000000,10683536.012000
attention_column,test1,0.001000,0.001000,0.001000,76.420000,0.000000,0.000000,76.420000,613.386536,306.693268,0.000000,-nan,0.000000,0.000000,-nan,0.000000,10683536.012000
attention_row,test1,0.001000,0.001000,0.001000,76.420000,0.000000,0.000000,76.420000,613.386536,306.693268,0.000000,-nan,0.000000,0.000000,inf,0.000000,10683536.012000
mlp_column,test1,0.001000,0.001000,0.001000,76.420000,0.000000,0.000000,76.420000,613.386536,306.693268,0.000000,-nan,0.000000,0.000000,-nan,0.000000,10683536.012000
mlp_row,test1,0.001000,0.001000,0.001000,76.420000,0.000000,0.000000,76.420000,613.386536,306.693268,0.000000,-nan,0.000000,0.000000,inf,0.000000,10683536.012000
attention_column,test1,0.001000,0.001000,0.001000,76.420000,0.000000,0.000000,76.420000,613.386536,306.693268,0.000000,-nan,0.000000,0.000000,-nan,0.000000,10683536.012000
attention_row,test1,0.001000,0.001000,0.001000,76.420000,0.000000,0.000000,76.420000,613.386536,306.693268,0.000000,-nan,0.000000,0.000000,inf,0.000000,10683536.012000
mlp_column,test1,0.001000,0.001000,0.001000,76.420000,0.000000,0.000000,76.420000,613.386536,306.693268,0.000000,-nan,0.000000,0.000000,-nan,0.000000,10683536.012000
mlp_row,test1,0.001000,0.001000,0.001000,76.420000,0.000000,0.000000,76.420000,613.386536,306.693268,0.000000,-nan,0.000000,0.000000,inf,0.000000,10683536.012000
attention_column,test1,0.001000,0.001000,0.001000,76.420000,0.000000,0.000000,76.420000,613.386536,306.693268,0.000000,-nan,0.000000,0.000000,-nan,0.000000,10683536.012000
attention_row,test1,0.001000,0.001000,0.001000,76.420000,0.000000,0.000000,76.420000,613.386536,306.693268,0.000000,-nan,0.000000,0.000000,inf,0.000000,10683536.012000
mlp_column,test1,0.001000,0.001000,0.001000,76.420000,0.000000,0.000000,76.420000,613.386536,306.693268,0.000000,-nan,0.000000,0.000000,-nan,0.000000,10683536.012000
mlp_row,test1,0.001000,0.001000,0.001000,76.420000,0.000000,0.000000,76.420000,613.386536,306.693268,0.000000,-nan,0.000000,0.000000,inf,0.000000,10683536.012000
attention_column,test1,0.001000,0.001000,0.001000,76.420000,0.000000,0.000000,76.420000,613.386536,306.693268,0.000000,-nan,0.000000,0.000000,-nan,0.000000,10683536.012000
attention_row,test1,0.001000,0.001000,0.001000,76.420000,0.000000,0.000000,76.420000,613.386536,306.693268,0.000000,-nan,0.000000,0.000000,inf,0.000000,10683536.012000
mlp_column,test1,0.001000,0.001000,0.001000,76.420000,0.000000,0.000000,76.420000,613.386536,306.693268,0.000000,-nan,0.000000,0.000000,-nan,0.000000,10683536.012000
mlp_row,test1,0.001000,0.001000,0.001000,76.420000,0.000000,0.000000,76.420000,613.386536,306.693268,0.000000,-nan,0.000000,0.000000,inf,0.000000,10683536.012000
attention_column,test1,0.001000,0.001000,0.001000,76.420000,0.000000,0.000000,76.420000,613.386536,306.693268,0.000000,-nan,0.000000,0.000000,-nan,0.000000,10683536.012000
attention_row,test1,0.001000,0.001000,0.001000,76.420000,0.000000,0.000000,76.420000,613.386536,306.693268,0.000000,-nan,0.000000,0.000000,inf,0.000000,10683536.012000
mlp_column,test1,0.001000,0.001000,0.001000,76.420000,0.000000,0.000000,76.420000,613.386536,306.693268,0.000000,-nan,0.000000,0.000000,-nan,0.000000,10683536.012000
mlp_row,test1,0.001000,0.001000,0.001000,76.420000,0.000000,0.000000,76.420000,613.386536,306.693268,0.000000,-nan,0.000000,0.000000,inf,0.000000,10683536.012000
attention_column,test1,0.001000,0.001000,0.001000,76.420000,0.000000,0.000000,76.420000,613.386536,306.693268,0.000000,-nan,0.000000,0.000000,-nan,0.000000,10683536.012000
attention_row,test1,0.001000,0.001000,0.001000,76.420000,0.000000,0.000000,76.420000,613.386536,306.693268,0.000000,-nan,0.000000,0.000000,inf,0.000000,10683536.012000
mlp_column,test1,0.001000,0.001000,0.001000,76.420000,0.000000,0.000000,76.420000,613.386536,306.693268,0.000000,-nan,0.000000,0.000000,-nan,0.000000,10683536.012000
mlp_row,test1,0.001000,0.001000,0.001000,76.420000,0.000000,0.000000,76.420000,613.386536,306.693268,0.000000,-nan,0.000000,0.000000,inf,0.000000,10683536.012000
attention_column,test1,0.001000,0.001000,0.001000,76.420000,0.000000,0.000000,76.420000,613.386536,306.693268,0.000000,-nan,0.000000,0.000000,-nan,0.000000,10683536.012000
attention_row,test1,0.001000,0.001000,0.001000,76.420000,0.000000,0.000000,76.420000,613.386536,306.693268,0.000000,-nan,0.000000,0.000000,inf,0.000000,10683536.012000
mlp_column,test1,0.001000,0.001000,0.001000,76.420000,0.000000,0.000000,76.420000,613.386536,306.693268,0.000000,-nan,0.000000,0.000000,-nan,0.000000,10683536.012000
mlp_row,test1,0.001000,0.001000,0.001000,76.420000,0.000000,0.000000,76.420000,613.386536,306.693268,0.000000,-nan,0.000000,0.000000,inf,0.000000,10683536.012000
attention_column,test1,0.001000,0.001000,0.001000,76.420000,0.000000,0.000000,76.420000,613.386536,306.693268,0.000000,-nan,0.000000,0.000000,-nan,0.000000,10683536.012000
attention_row,test1,0.001000,0.001000,0.001000,76.420000,0.000000,0.000000,76.420000,613.386536,306.693268,0.000000,-nan,0.000000,0.000000,inf,0.000000,10683536.012000
mlp_column,test1,0.001000,0.001000,0.001000,76.420000,0.000000,0.000000,76.420000,613.386536,306.693268,0.000000,-nan,0.000000,0.000000,-nan,0.000000,10683536.012000
mlp_row,test1,0.001000,0.001000,0.001000,76.420000,0.000000,0.000000,76.420000,613.386536,306.693268,0.000000,-nan,0.000000,0.000000,inf,0.000000,10683536.012000
attention_column,test1,0.001000,0.001000,0.001000,76.420000,0.000000,0.000000,76.420000,613.386536,306.693268,0.000000,-nan,0.000000,0.000000,-nan,0.000000,10683536.012000
attention_row,test1,0.001000,0.001000,0.001000,76.420000,0.000000,0.000000,76.420000,613.386536,306.693268,0.000000,-nan,0.000000,0.000000,inf,0.000000,10683536.012000
mlp_column,test1,0.001000,0.001000,0.001000,76.420000,0.000000,0.000000,76.420000,613.386536,306.693268,0.000000,-nan,0.000000,0.000000,-nan,0.000000,10683536.012000
mlp_row,test1,0.001000,0.001000,0.001000,76.420000,0.000000,0.000000,76.420000,613.386536,306.693268,0.000000,-nan,0.000000,0.000000,inf,0.000000,10683536.012000
attention_column,test1,0.001000,0.001000,0.001000,76.420000,0.000000,0.000000,76.420000,613.386536,306.693268,0.000000,-nan,0.000000,0.000000,-nan,0.000000,10683536.012000
attention_row,test1,0.001000,0.001000,0.001000,76.420000,0.000000,0.000000,76.420000,613.386536,306.693268,0.000000,-nan,0.000000,0.000000,inf,0.000000,10683536.012000
mlp_column,test1,0.001000,0.001000,0.001000,76.420000,0.000000,0.000000,76.420000,613.386536,306.693268,0.000000,-nan,0.000000,0.000000,-nan,0.000000,10683536.012000
mlp_row,test1,0.001000,0.001000,0.001000,76.420000,0.000000,0.000000,76.420000,613.386536,306.693268,0.000000,-nan,0.000000,0.000000,inf,0.000000,10683536.012000
attention_column,test1,0.001000,0.001000,0.001000,76.420000,0.000000,0.000000,76.420000,613.386536,306.693268,0.000000,-nan,0.000000,0.000000,-nan,0.000000,10683536.012000
attention_row,test1,0.001000,0.001000,0.001000,76.420000,0.000000,0.000000,76.420000,613.386536,306.693268,0.000000,-nan,0.000000,0.000000,inf,0.000000,10683536.012000
mlp_column,test1,0.001000,0.001000,0.001000,76.420000,0.000000,0.000000,76.420000,613.386536,306.693268,0.000000,-nan,0.000000,0.000000,-nan,0.000000,10683536.012000
mlp_row,test1,0.001000,0.001000,0.001000,76.420000,0.000000,0.000000,76.420000,613.386536,306.693268,0.000000,-nan,0.000000,0.000000,inf,0.000000,10683536.012000
attention_column,test1,0.001000,0.001000,0.001000,76.420000,0.000000,0.000000,76.420000,613.386536,306.693268,0.000000,-nan,0.000000,0.000000,-nan,0.000000,10683536.012000
attention_row,test1,0.001000,0.001000,0.001000,76.420000,0.000000,0.000000,76.420000,613.386536,306.693268,0.000000,-nan,0.000000,0.000000,inf,0.000000,10683536.012000
mlp_column,test1,0.001000,0.001000,0.001000,76.420000,0.000000,0.000000,76.420000,613.386536,306.693268,0.000000,-nan,0.000000,0.000000,-nan,0.000000,10683536.012000
mlp_row,test1,0.001000,0.001000,0.001000,76.420000,0.000000,0.000000,76.420000,613.386536,306.693268,0.000000,-nan,0.000000,0.000000,inf,0.000000,10683536.012000
attention_column,test1,0.001000,0.001000,0.001000,76.420000,0.000000,0.000000,76.420000,613.386536,306.693268,0.000000,-nan,0.000000,0.000000,-nan,0.000000,10683536.012000
attention_row,test1,0.001000,0.001000,0.001000,76.420000,0.000000,0.000000,76.420000,613.386536,306.693268,0.000000,-nan,0.000000,0.000000,inf,0.000000,10683536.012000
mlp_column,test1,0.001000,0.001000,0.001000,76.420000,0.000000,0.000000,76.420000,613.386536,306.693268,0.000000,-nan,0.000000,0.000000,-nan,0.000000,10683536.012000
mlp_row,test1,0.001000,0.001000,0.001000,76.420000,0.000000,0.000000,76.420000,613.386536,306.693268,0.000000,-nan,0.000000,0.000000,inf,0.000000,10683536.012000
attention_column,test1,0.001000,0.001000,0.001000,76.420000,0.000000,0.000000,76.420000,613.386536,306.693268,0.000000,-nan,0.000000,0.000000,-nan,0.000000,10683536.012000
attention_row,test1,0.001000,0.001000,0.001000,76.420000,0.000000,0.000000,76.420000,613.386536,306.693268,0.000000,-nan,0.000000,0.000000,inf,0.000000,10683536.012000
mlp_column,test1,0.001000,0.001000,0.001000,76.420000,0.000000,0.000000,76.420000,613.386536,306.693268,0.000000,-nan,0.000000,0.000000,-nan,0.000000,10683536.012000
mlp_row,test1,0.001000,0.001000,0.001000,76.420000,0.000000,0.000000,76.420000,613.386536,306.693268,0.000000,-nan,0.000000,0.000000,inf,0.000000,10683536.012000
attention_column,test1,0.001000,0.001000,0.001000,76.420000,0.000000,0.000000,76.420000,613.386536,306.693268,0.000000,-nan,0.000000,0.000000,-nan,0.000000,10683536.012000
attention_row,test1,0.001000,0.001000,0.001000,76.420000,0.000000,0.000000,76.420000,613.386536,306.693268,0.000000,-nan,0.000000,0.000000,inf,0.000000,10683536.012000
mlp_column,test1,0.001000,0.001000,0.001000,76.420000,0.000000,0.000000,76.420000,613.386536,306.693268,0.000000,-nan,0.000000,0.000000,-nan,0.000000,10683536.012000
mlp_row,test1,0.001000,0.001000,0.001000,76.420000,0.000000,0.000000,76.420000,613.386536,306.693268,0.000000,-nan,0.000000,0.000000,inf,0.000000,10683536.012000
attention_column,test1,0.001000,0.001000,0.001000,76.420000,0.000000,0.000000,76.420000,613.386536,306.693268,0.000000,-nan,0.000000,0.000000,-nan,0.000000,10683536.012000
attention_row,test1,0.001000,0.001000,0.001000,76.420000,0.000000,0.000000,76.420000,613.386536,306.693268,0.000000,-nan,0.000000,0.000000,inf,0.000000,10683536.012000
mlp_column,test1,0.001000,0.001000,0.001000,76.420000,0.000000,0.000000,76.420000,613.386536,306.693268,0.000000,-nan,0.000000,0.000000,-nan,0.000000,10683536.012000
mlp_row,test1,0.001000,0.001000,0.001000,76.420000,0.000000,0.000000,76.420000,613.386536,306.693268,0.000000,-nan,0.000000,0.000000,inf,0.000000,10683536.012000
attention_column,test1,0.001000,0.001000,0.001000,76.420000,0.000000,0.000000,76.420000,613.386536,306.693268,0.000000,-nan,0.000000,0.000000,-nan,0.000000,10683536.012000
attention_row,test1,0.001000,0.001000,0.001000,76.420000,0.000000,0.000000,76.420000,613.386536,306.693268,0.000000,-nan,0.000000,0.000000,inf,0.000000,10683536.012000
mlp_column,test1,0.001000,0.001000,0.001000,76.420000,0.000000,0.000000,76.420000,613.386536,306.693268,0.000000,-nan,0.000000,0.000000,-nan,0.000000,10683536.012000
mlp_row,test1,0.001000,0.001000,0.001000,76.420000,0.000000,0.000000,76.420000,613.386536,306.693268,0.000000,-nan,0.000000,0.000000,inf,0.000000,10683536.012000
attention_column,test1,0.001000,0.001000,0.001000,76.420000,0.000000,0.000000,76.420000,613.386536,306.693268,0.000000,-nan,0.000000,0.000000,-nan,0.000000,10683536.012000
attention_row,test1,0.001000,0.001000,0.001000,76.420000,0.000000,0.000000,76.420000,613.386536,306.693268,0.000000,-nan,0.000000,0.000000,inf,0.000000,10683536.012000
mlp_column,test1,0.001000,0.001000,0.001000,76.420000,0.000000,0.000000,76.420000,613.386536,306.693268,0.000000,-nan,0.000000,0.000000,-nan,0.000000,10683536.012000
mlp_row,test1,0.001000,0.001000,0.001000,76.420000,0.000000,0.000000,76.420000,613.386536,306.693268,0.000000,-nan,0.000000,0.000000,inf,0.000000,10683536.012000
attention_column,test1,0.001000,0.001000,0.001000,76.420000,0.000000,0.000000,76.420000,613.386536,306.693268,0.000000,-nan,0.000000,0.000000,-nan,0.000000,10683536.012000
attention_row,test1,0.001000,0.001000,0.001000,76.420000,0.000000,0.000000,76.420000,613.386536,306.693268,0.000000,-nan,0.000000,0.000000,inf,0.000000,10683536.012000
mlp_column,test1,0.001000,0.001000,0.001000,76.420000,0.000000,0.000000,76.420000,613.386536,306.693268,0.000000,-nan,0.000000,0.000000,-nan,0.000000,10683536.012000
mlp_row,test1,0.001000,0.001000,0.001000,76.420000,0.000000,0.000000,76.420000,613.386536,306.693268,0.000000,-nan,0.000000,0.000000,inf,0.000000,10683536.012000
attention_column,test1,0.001000,0.001000,0.001000,76.420000,0.000000,0.000000,76.420000,613.386536,306.693268,0.000000,-nan,0.000000,0.000000,-nan,0.000000,10683536.012000
attention_row,test1,0.001000,0.001000,0.001000,76.420000,0.000000,0.000000,76.420000,613.386536,306.693268,0.000000,-nan,0.000000,0.000000,inf,0.000000,10683536.012000
mlp_column,test1,0.001000,0.001000,0.001000,76.420000,0.000000,0.000000,76.420000,613.386536,306.693268,0.000000,-nan,0.000000,0.000000,-nan,0.000000,10683536.012000
mlp_row,test1,0.001000,0.001000,0.001000,76.420000,0.000000,0.000000,76.420000,613.386536,306.693268,0.000000,-nan,0.000000,0.000000,inf,0.000000,10683536.012000
attention_column,test1,0.001000,0.001000,0.001000,76.420000,0.000000,0.000000,76.420000,613.386536,306.693268,0.000000,-nan,0.000000,0.000000,-nan,0.000000,10683536.012000
attention_row,test1,0.001000,0.001000,0.001000,76.420000,0.000000,0.000000,76.420000,613.386536,306.693268,0.000000,-nan,0.000000,0.000000,inf,0.000000,10683536.012000
mlp_column,test1,0.001000,0.001000,0.001000,76.420000,0.000000,0.000000,76.420000,613.386536,306.693268,0.000000,-nan,0.000000,0.000000,-nan,0.000000,10683536.012000
mlp_row,test1,0.001000,0.001000,0.001000,76.420000,0.000000,0.000000,76.420000,613.386536,306.693268,0.000000,-nan,0.000000,0.000000,inf,0.000000,10683536.012000
attention_column,test1,0.001000,0.001000,0.001000,76.420000,0.000000,0.000000,76.420000,613.386536,306.693268,0.000000,-nan,0.000000,0.000000,-nan,0.000000,10683536.012000
attention_row,test1,0.001000,0.001000,0.001000,76.420000,0.000000,0.000000,76.420000,613.386536,306.693268,0.000000,-nan,0.000000,0.000000,inf,0.000000,10683536.012000
mlp_column,test1,0.001000,0.001000,0.001000,76.420000,0.000000,0.000000,76.420000,613.386536,306.693268,0.000000,-nan,0.000000,0.000000,-nan,0.000000,10683536.012000
mlp_row,test1,0.001000,0.001000,0.001000,76.420000,0.000000,0.000000,76.420000,613.386536,306.693268,0.000000,-nan,0.000000,0.000000,inf,0.000000,10683536.012000
attention_column,test1,0.001000,0.001000,0.001000,76.420000,0.000000,0.000000,76.420000,613.386536,306.693268,0.000000,-nan,0.000000,0.000000,-nan,0.000000,10683536.012000
attention_row,test1,0.001000,0.001000,0.001000,76.420000,0.000000,0.000000,76.420000,613.386536,306.693268,0.000000,-nan,0.000000,0.000000,inf,0.000000,10683536.012000
mlp_column,test1,0.001000,0.001000,0.001000,76.420000,0.000000,0.000000,76.420000,613.386536,306.693268,0.000000,-nan,0.000000,0.000000,-nan,0.000000,10683536.012000
mlp_row,test1,0.001000,0.001000,0.001000,76.420000,0.000000,0.000000,76.420000,613.386536,306.693268,0.000000,-nan,0.000000,0.000000,inf,0.000000,10683536.012000
attention_column,test1,0.001000,0.001000,0.001000,76.420000,0.000000,0.000000,76.420000,613.386536,306.693268,0.000000,-nan,0.000000,0.000000,-nan,0.000000,10683536.012000
attention_row,test1,0.001000,0.001000,0.001000,76.420000,0.000000,0.000000,76.420000,613.386536,306.693268,0.000000,-nan,0.000000,0.000000,inf,0.000000,10683536.012000
mlp_column,test1,0.001000,0.001000,0.001000,76.420000,0.000000,0.000000,76.420000,613.386536,306.693268,0.000000,-nan,0.000000,0.000000,-nan,0.000000,10683536.012000
mlp_row,test1,0.001000,0.001000,0.001000,76.420000,0.000000,0.000000,76.420000,613.386536,306.693268,0.000000,-nan,0.000000,0.000000,inf,0.000000,10683536.012000
attention_column,test1,0.001000,0.001000,0.001000,76.420000,0.000000,0.000000,76.420000,613.386536,306.693268,0.000000,-nan,0.000000,0.000000,-nan,0.000000,10683536.012000
attention_row,test1,0.001000,0.001000,0.001000,76.420000,0.000000,0.000000,76.420000,613.386536,306.693268,0.000000,-nan,0.000000,0.000000,inf,0.000000,10683536.012000
mlp_column,test1,0.001000,0.001000,0.001000,76.420000,0.000000,0.000000,76.420000,613.386536,306.693268,0.000000,-nan,0.000000,0.000000,-nan,0.000000,10683536.012000
mlp_row,test1,0.001000,0.001000,0.001000,76.420000,0.000000,0.000000,76.420000,613.386536,306.693268,0.000000,-nan,0.000000,0.000000,inf,0.000000,10683536.012000
attention_column,test1,0.001000,0.001000,0.001000,76.420000,0.000000,0.000000,76.420000,613.386536,306.693268,0.000000,-nan,0.000000,0.000000,-nan,0.000000,10683536.012000
attention_row,test1,0.001000,0.001000,0.001000,76.420000,0.000000,0.000000,76.420000,613.386536,306.693268,0.000000,-nan,0.000000,0.000000,inf,0.000000,10683536.012000
mlp_column,test1,0.001000,0.001000,0.001000,76.420000,0.000000,0.000000,76.420000,613.386536,306.693268,0.000000,-nan,0.000000,0.000000,-nan,0.000000,10683536.012000
mlp_row,test1,0.001000,0.001000,0.001000,76.420000,0.000000,0.000000,76.420000,613.386536,306.693268,0.000000,-nan,0.000000,0.000000,inf,0.000000,10683536.012000
attention_column,test1,0.001000,0.001000,0.001000,76.420000,0.000000,0.000000,76.420000,613.386536,306.693268,0.000000,-nan,0.000000,0.000000,-nan,0.000000,10683536.012000
attention_row,test1,0.001000,0.001000,0.001000,76.420000,0.000000,0.000000,76.420000,613.386536,306.693268,0.000000,-nan,0.000000,0.000000,inf,0.000000,10683536.012000
mlp_column,test1,0.001000,0.001000,0.001000,76.420000,0.000000,0.000000,76.420000,613.386536,306.693268,0.000000,-nan,0.000000,0.000000,-nan,0.000000,10683536.012000
mlp_row,test1,0.001000,0.001000,0.001000,76.420000,0.000000,0.000000,76.420000,613.386536,306.693268,0.000000,-nan,0.000000,0.000000,inf,0.000000,10683536.012000
attention_column,test1,0.001000,0.001000,0.001000,76.420000,0.000000,0.000000,76.420000,613.386536,306.693268,0.000000,-nan,0.000000,0.000000,-nan,0.000000,10683536.012000
attention_row,test1,0.001000,0.001000,0.001000,76.420000,0.000000,0.000000,76.420000,613.386536,306.693268,0.000000,-nan,0.000000,0.000000,inf,0.000000,10683536.012000
mlp_column,test1,0.001000,0.001000,0.001000,76.420000,0.000000,0.000000,76.420000,613.386536,306.693268,0.000000,-nan,0.000000,0.000000,-nan,0.000000,10683536.012000
mlp_row,test1,0.001000,0.001000,0.001000,76.420000,0.000000,0.000000,76.420000,613.386536,306.693268,0.000000,-nan,0.000000,0.000000,inf,0.000000,10683536.012000
attention_column,test1,0.001000,0.001000,0.001000,76.420000,0.000000,0.000000,76.420000,613.386536,306.693268,0.000000,-nan,0.000000,0.000000,-nan,0.000000,10683536.012000
attention_row,test1,0.001000,0.001000,0.001000,76.420000,0.000000,0.000000,76.420000,613.386536,306.693268,0.000000,-nan,0.000000,0.000000,inf,0.000000,10683536.012000
mlp_column,test1,0.001000,0.001000,0.001000,76.420000,0.000000,0.000000,76.420000,613.386536,306.693268,0.000000,-nan,0.000000,0.000000,-nan,0.000000,10683536.012000
mlp_row,test1,0.001000,0.001000,0.001000,76.420000,0.000000,0.000000,76.420000,613.386536,306.693268,0.000000,-nan,0.000000,0.000000,inf,0.000000,10683536.012000
attention_column,test1,0.001000,0.001000,0.001000,76.420000,0.000000,0.000000,76.420000,613.386536,306.693268,0.000000,-nan,0.000000,0.000000,-nan,0.000000,10683536.012000
attention_row,test1,0.001000,0.001000,0.001000,76.420000,0.000000,0.000000,76.420000,613.386536,306.693268,0.000000,-nan,0.000000,0.000000,inf,0.000000,10683536.012000
mlp_column,test1,0.001000,0.001000,0.001000,76.420000,0.000000,0.000000,76.420000,613.386536,306.693268,0.000000,-nan,0.000000,0.000000,-nan,0.000000,10683536.012000
mlp_row,test1,0.001000,0.001000,0.001000,76.420000,0.000000,0.000000,76.420000,613.386536,306.693268,0.000000,-nan,0.000000,0.000000,inf,0.000000,10683536.012000
attention_column,test1,0.001000,0.001000,0.001000,76.420000,0.000000,0.000000,76.420000,613.386536,306.693268,0.000000,-nan,0.000000,0.000000,-nan,0.000000,10683536.012000
attention_row,test1,0.001000,0.001000,0.001000,76.420000,0.000000,0.000000,76.420000,613.386536,306.693268,0.000000,-nan,0.000000,0.000000,inf,0.000000,10683536.012000
mlp_column,test1,0.001000,0.001000,0.001000,76.420000,0.000000,0.000000,76.420000,613.386536,306.693268,0.000000,-nan,0.000000,0.000000,-nan,0.000000,10683536.012000
mlp_row,test1,0.001000,0.001000,0.001000,76.420000,0.000000,0.000000,76.420000,613.386536,306.693268,0.000000,-nan,0.000000,0.000000,inf,0.000000,10683536.012000
attention_column,test1,0.001000,0.001000,0.001000,76.420000,0.000000,0.000000,76.420000,613.386536,306.693268,0.000000,-nan,0.000000,0.000000,-nan,0.000000,10683536.012000
attention_row,test1,0.001000,0.001000,0.001000,76.420000,0.000000,0.000000,76.420000,613.386536,306.693268,0.000000,-nan,0.000000,0.000000,inf,0.000000,10683536.012000
mlp_column,test1,0.001000,0.001000,0.001000,76.420000,0.000000,0.000000,76.420000,613.386536,306.693268,0.000000,-nan,0.000000,0.000000,-nan,0.000000,10683536.012000
mlp_row,test1,0.001000,0.001000,0.001000,76.420000,0.000000,0.000000,76.420000,613.386536,306.693268,0.000000,-nan,0.000000,0.000000,inf,0.000000,10683536.012000
final_column,test1,0.001000,0.001000,0.001000,76.420000,0.000000,0.000000,76.420000,613.386536,306.693268,0.000000,-nan,0.000000,0.000000,-nan,0.000000,10683536.012000
embedding_norm,test1,0.001000,0.001000,0.001000,2295.610000,0.000000,0.000000,2295.610000,319.053284,319.053284,0.000000,-nan,0.000000,0.000000,-nan,0.000000,10683536.012000
embedding_layer,test1,0.001000,0.001000,0.001000,0.000000,0.000000,0.000000,0.000000,inf,0.000000,0.000000,-nan,0.000000,0.000000,inf,0.000000,10683536.012000
attention_column,test1,0.001000,0.001000,0.001000,76.420000,0.000000,0.000000,76.420000,613.386536,306.693268,0.000000,-nan,0.000000,0.000000,-nan,0.000000,10683536.012000
attention_row,test1,0.001000,0.001000,0.001000,76.420000,0.000000,0.000000,76.420000,613.386536,306.693268,0.000000,-nan,0.000000,0.000000,inf,0.000000,10683536.012000
mlp_column,test1,0.001000,0.001000,0.001000,76.420000,0.000000,0.000000,76.420000,613.386536,306.693268,0.000000,-nan,0.000000,0.000000,-nan,0.000000,10683536.012000
mlp_row,test1,0.001000,0.001000,0.001000,76.420000,0.000000,0.000000,76.420000,613.386536,306.693268,0.000000,-nan,0.000000,0.000000,inf,0.000000,10683536.012000
attention_column,test1,0.001000,0.001000,0.001000,76.420000,0.000000,0.000000,76.420000,613.386536,306.693268,0.000000,-nan,0.000000,0.000000,-nan,0.000000,10683536.012000
attention_row,test1,0.001000,0.001000,0.001000,76.420000,0.000000,0.000000,76.420000,613.386536,306.693268,0.000000,-nan,0.000000,0.000000,inf,0.000000,10683536.012000
mlp_column,test1,0.001000,0.001000,0.001000,76.420000,0.000000,0.000000,76.420000,613.386536,306.693268,0.000000,-nan,0.000000,0.000000,-nan,0.000000,10683536.012000
mlp_row,test1,0.001000,0.001000,0.001000,76.420000,0.000000,0.000000,76.420000,613.386536,306.693268,0.000000,-nan,0.000000,0.000000,inf,0.000000,10683536.012000
attention_column,test1,0.001000,0.001000,0.001000,76.420000,0.000000,0.000000,76.420000,613.386536,306.693268,0.000000,-nan,0.000000,0.000000,-nan,0.000000,10683536.012000
attention_row,test1,0.001000,0.001000,0.001000,76.420000,0.000000,0.000000,76.420000,613.386536,306.693268,0.000000,-nan,0.000000,0.000000,inf,0.000000,10683536.012000
mlp_column,test1,0.001000,0.001000,0.001000,76.420000,0.000000,0.000000,76.420000,613.386536,306.693268,0.000000,-nan,0.000000,0.000000,-nan,0.000000,10683536.012000
mlp_row,test1,0.001000,0.001000,0.001000,76.420000,0.000000,0.000000,76.420000,613.386536,306.693268,0.000000,-nan,0.000000,0.000000,inf,0.000000,10683536.012000
attention_column,test1,0.001000,0.001000,0.001000,76.420000,0.000000,0.000000,76.420000,613.386536,306.693268,0.000000,-nan,0.000000,0.000000,-nan,0.000000,10683536.012000
attention_row,test1,0.001000,0.001000,0.001000,76.420000,0.000000,0.000000,76.420000,613.386536,306.693268,0.000000,-nan,0.000000,0.000000,inf,0.000000,10683536.012000
mlp_column,test1,0.001000,0.001000,0.001000,76.420000,0.000000,0.000000,76.420000,613.386536,306.693268,0.000000,-nan,0.000000,0.000000,-nan,0.000000,10683536.012000
mlp_row,test1,0.001000,0.001000,0.001000,76.420000,0.000000,0.000000,76.420000,613.386536,306.693268,0.000000,-nan,0.000000,0.000000,inf,0.000000,10683536.012000
attention_column,test1,0.001000,0.001000,0.001000,76.420000,0.000000,0.000000,76.420000,613.386536,306.693268,0.000000,-nan,0.000000,0.000000,-nan,0.000000,10683536.012000
attention_row,test1,0.001000,0.001000,0.001000,76.420000,0.000000,0.000000,76.420000,613.386536,306.693268,0.000000,-nan,0.000000,0.000000,inf,0.000000,10683536.012000
mlp_column,test1,0.001000,0.001000,0.001000,76.420000,0.000000,0.000000,76.420000,613.386536,306.693268,0.000000,-nan,0.000000,0.000000,-nan,0.000000,10683536.012000
mlp_row,test1,0.001000,0.001000,0.001000,76.420000,0.000000,0.000000,76.420000,613.386536,306.693268,0.000000,-nan,0.000000,0.000000,inf,0.000000,10683536.012000
attention_column,test1,0.001000,0.001000,0.001000,76.420000,0.000000,0.000000,76.420000,613.386536,306.693268,0.000000,-nan,0.000000,0.000000,-nan,0.000000,10683536.012000
attention_row,test1,0.001000,0.001000,0.001000,76.420000,0.000000,0.000000,76.420000,613.386536,306.693268,0.000000,-nan,0.000000,0.000000,inf,0.000000,10683536.012000
mlp_column,test1,0.001000,0.001000,0.001000,76.420000,0.000000,0.000000,76.420000,613.386536,306.693268,0.000000,-nan,0.000000,0.000000,-nan,0.000000,10683536.012000
mlp_row,test1,0.001000,0.001000,0.001000,76.420000,0.000000,0.000000,76.420000,613.386536,306.693268,0.000000,-nan,0.000000,0.000000,inf,0.000000,10683536.012000
attention_column,test1,0.001000,0.001000,0.001000,76.420000,0.000000,0.000000,76.420000,613.386536,306.693268,0.000000,-nan,0.000000,0.000000,-nan,0.000000,10683536.012000
attention_row,test1,0.001000,0.001000,0.001000,76.420000,0.000000,0.000000,76.420000,613.386536,306.693268,0.000000,-nan,0.000000,0.000000,inf,0.000000,10683536.012000
mlp_column,test1,0.001000,0.001000,0.001000,76.420000,0.000000,0.000000,76.420000,613.386536,306.693268,0.000000,-nan,0.000000,0.000000,-nan,0.000000,10683536.012000
mlp_row,test1,0.001000,0.001000,0.001000,76.420000,0.000000,0.000000,76.420000,613.386536,306.693268,0.000000,-nan,0.000000,0.000000,inf,0.000000,10683536.012000
attention_column,test1,0.001000,0.001000,0.001000,76.420000,0.000000,0.000000,76.420000,613.386536,306.693268,0.000000,-nan,0.000000,0.000000,-nan,0.000000,10683536.012000
attention_row,test1,0.001000,0.001000,0.001000,76.420000,0.000000,0.000000,76.420000,613.386536,306.693268,0.000000,-nan,0.000000,0.000000,inf,0.000000,10683536.012000
mlp_column,test1,0.001000,0.001000,0.001000,76.420000,0.000000,0.000000,76.420000,613.386536,306.693268,0.000000,-nan,0.000000,0.000000,-nan,0.000000,10683536.012000
mlp_row,test1,0.001000,0.001000,0.001000,76.420000,0.000000,0.000000,76.420000,613.386536,306.693268,0.000000,-nan,0.000000,0.000000,inf,0.000000,10683536.012000
attention_column,test1,0.001000,0.001000,0.001000,76.420000,0.000000,0.000000,76.420000,613.386536,306.693268,0.000000,-nan,0.000000,0.000000,-nan,0.000000,10683536.012000
attention_row,test1,0.001000,0.001000,0.001000,76.420000,0.000000,0.000000,76.420000,613.386536,306.693268,0.000000,-nan,0.000000,0.000000,inf,0.000000,10683536.012000
mlp_column,test1,0.001000,0.001000,0.001000,76.420000,0.000000,0.000000,76.420000,613.386536,306.693268,0.000000,-nan,0.000000,0.000000,-nan,0.000000,10683536.012000
mlp_row,test1,0.001000,0.001000,0.001000,76.420000,0.000000,0.000000,76.420000,613.386536,306.693268,0.000000,-nan,0.000000,0.000000,inf,0.000000,10683536.012000
attention_column,test1,0.001000,0.001000,0.001000,76.420000,0.000000,0.000000,76.420000,613.386536,306.693268,0.000000,-nan,0.000000,0.000000,-nan,0.000000,10683536.012000
attention_row,test1,0.001000,0.001000,0.001000,76.420000,0.000000,0.000000,76.420000,613.386536,306.693268,0.000000,-nan,0.000000,0.000000,inf,0.000000,10683536.012000
mlp_column,test1,0.001000,0.001000,0.001000,76.420000,0.000000,0.000000,76.420000,613.386536,306.693268,0.000000,-nan,0.000000,0.000000,-nan,0.000000,10683536.012000
mlp_row,test1,0.001000,0.001000,0.001000,76.420000,0.000000,0.000000,76.420000,613.386536,306.693268,0.000000,-nan,0.000000,0.000000,inf,0.000000,10683536.012000
attention_column,test1,0.001000,0.001000,0.001000,76.420000,0.000000,0.000000,76.420000,613.386536,306.693268,0.000000,-nan,0.000000,0.000000,-nan,0.000000,10683536.012000
attention_row,test1,0.001000,0.001000,0.001000,76.420000,0.000000,0.000000,76.420000,613.386536,306.693268,0.000000,-nan,0.000000,0.000000,inf,0.000000,10683536.012000
mlp_column,test1,0.001000,0.001000,0.001000,76.420000,0.000000,0.000000,76.420000,613.386536,306.693268,0.000000,-nan,0.000000,0.000000,-nan,0.000000,10683536.012000
mlp_row,test1,0.001000,0.001000,0.001000,76.420000,0.000000,0.000000,76.420000,613.386536,306.693268,0.000000,-nan,0.000000,0.000000,inf,0.000000,10683536.012000
attention_column,test1,0.001000,0.001000,0.001000,76.420000,0.000000,0.000000,76.420000,613.386536,306.693268,0.000000,-nan,0.000000,0.000000,-nan,0.000000,10683536.012000
attention_row,test1,0.001000,0.001000,0.001000,76.420000,0.000000,0.000000,76.420000,613.386536,306.693268,0.000000,-nan,0.000000,0.000000,inf,0.000000,10683536.012000
mlp_column,test1,0.001000,0.001000,0.001000,76.420000,0.000000,0.000000,76.420000,613.386536,306.693268,0.000000,-nan,0.000000,0.000000,-nan,0.000000,10683536.012000
mlp_row,test1,0.001000,0.001000,0.001000,76.420000,0.000000,0.000000,76.420000,613.386536,306.693268,0.000000,-nan,0.000000,0.000000,inf,0.000000,10683536.012000
attention_column,test1,0.001000,0.001000,0.001000,76.420000,0.000000,0.000000,76.420000,613.386536,306.693268,0.000000,-nan,0.000000,0.000000,-nan,0.000000,10683536.012000
attention_row,test1,0.001000,0.001000,0.001000,76.420000,0.000000,0.000000,76.420000,613.386536,306.693268,0.000000,-nan,0.000000,0.000000,inf,0.000000,10683536.012000
mlp_column,test1,0.001000,0.001000,0.001000,76.420000,0.000000,0.000000,76.420000,613.386536,306.693268,0.000000,-nan,0.000000,0.000000,-nan,0.000000,10683536.012000
mlp_row,test1,0.001000,0.001000,0.001000,76.420000,0.000000,0.000000,76.420000,613.386536,306.693268,0.000000,-nan,0.000000,0.000000,inf,0.000000,10683536.012000
attention_column,test1,0.001000,0.001000,0.001000,76.420000,0.000000,0.000000,76.420000,613.386536,306.693268,0.000000,-nan,0.000000,0.000000,-nan,0.000000,10683536.012000
attention_row,test1,0.001000,0.001000,0.001000,76.420000,0.000000,0.000000,76.420000,613.386536,306.693268,0.000000,-nan,0.000000,0.000000,inf,0.000000,10683536.012000
mlp_column,test1,0.001000,0.001000,0.001000,76.420000,0.000000,0.000000,76.420000,613.386536,306.693268,0.000000,-nan,0.000000,0.000000,-nan,0.000000,10683536.012000
mlp_row,test1,0.001000,0.001000,0.001000,76.420000,0.000000,0.000000,76.420000,613.386536,306.693268,0.000000,-nan,0.000000,0.000000,inf,0.000000,10683536.012000
attention_column,test1,0.001000,0.001000,0.001000,76.420000,0.000000,0.000000,76.420000,613.386536,306.693268,0.000000,-nan,0.000000,0.000000,-nan,0.000000,10683536.012000
attention_row,test1,0.001000,0.001000,0.001000,76.420000,0.000000,0.000000,76.420000,613.386536,306.693268,0.000000,-nan,0.000000,0.000000,inf,0.000000,10683536.012000
mlp_column,test1,0.001000,0.001000,0.001000,76.420000,0.000000,0.000000,76.420000,613.386536,306.693268,0.000000,-nan,0.000000,0.000000,-nan,0.000000,10683536.012000
mlp_row,test1,0.001000,0.001000,0.001000,76.420000,0.000000,0.000000,76.420000,613.386536,306.693268,0.000000,-nan,0.000000,0.000000,inf,0.000000,10683536.012000
attention_column,test1,0.001000,0.001000,0.001000,76.420000,0.000000,0.000000,76.420000,613.386536,306.693268,0.000000,-nan,0.000000,0.000000,-nan,0.000000,10683536.012000
attention_row,test1,0.001000,0.001000,0.001000,76.420000,0.000000,0.000000,76.420000,613.386536,306.693268,0.000000,-nan,0.000000,0.000000,inf,0.000000,10683536.012000
mlp_column,test1,0.001000,0.001000,0.001000,76.420000,0.000000,0.000000,76.420000,613.386536,306.693268,0.000000,-nan,0.000000,0.000000,-nan,0.000000,10683536.012000
mlp_row,test1,0.001000,0.001000,0.001000,76.420000,0.000000,0.000000,76.420000,613.386536,306.693268,0.000000,-nan,0.000000,0.000000,inf,0.000000,10683536.012000
attention_column,test1,0.001000,0.001000,0.001000,76.420000,0.000000,0.000000,76.420000,613.386536,306.693268,0.000000,-nan,0.000000,0.000000,-nan,0.000000,10683536.012000
attention_row,test1,0.001000,0.001000,0.001000,76.420000,0.000000,0.000000,76.420000,613.386536,306.693268,0.000000,-nan,0.000000,0.000000,inf,0.000000,10683536.012000
mlp_column,test1,0.001000,0.001000,0.001000,76.420000,0.000000,0.000000,76.420000,613.386536,306.693268,0.000000,-nan,0.000000,0.000000,-nan,0.000000,10683536.012000
mlp_row,test1,0.001000,0.001000,0.001000,76.420000,0.000000,0.000000,76.420000,613.386536,306.693268,0.000000,-nan,0.000000,0.000000,inf,0.000000,10683536.012000
attention_column,test1,0.001000,0.001000,0.001000,76.420000,0.000000,0.000000,76.420000,613.386536,306.693268,0.000000,-nan,0.000000,0.000000,-nan,0.000000,10683536.012000
attention_row,test1,0.001000,0.001000,0.001000,76.420000,0.000000,0.000000,76.420000,613.386536,306.693268,0.000000,-nan,0.000000,0.000000,inf,0.000000,10683536.012000
mlp_column,test1,0.001000,0.001000,0.001000,76.420000,0.000000,0.000000,76.420000,613.386536,306.693268,0.000000,-nan,0.000000,0.000000,-nan,0.000000,10683536.012000
mlp_row,test1,0.001000,0.001000,0.001000,76.420000,0.000000,0.000000,76.420000,613.386536,306.693268,0.000000,-nan,0.000000,0.000000,inf,0.000000,10683536.012000
attention_column,test1,0.001000,0.001000,0.001000,76.420000,0.000000,0.000000,76.420000,613.386536,306.693268,0.000000,-nan,0.000000,0.000000,-nan,0.000000,10683536.012000
attention_row,test1,0.001000,0.001000,0.001000,76.420000,0.000000,0.000000,76.420000,613.386536,306.693268,0.000000,-nan,0.000000,0.000000,inf,0.000000,10683536.012000
mlp_column,test1,0.001000,0.001000,0.001000,76.420000,0.000000,0.000000,76.420000,613.386536,306.693268,0.000000,-nan,0.000000,0.000000,-nan,0.000000,10683536.012000
mlp_row,test1,0.001000,0.001000,0.001000,76.420000,0.000000,0.000000,76.420000,613.386536,306.693268,0.000000,-nan,0.000000,0.000000,inf,0.000000,10683536.012000
attention_column,test1,0.001000,0.001000,0.001000,76.420000,0.000000,0.000000,76.420000,613.386536,306.693268,0.000000,-nan,0.000000,0.000000,-nan,0.000000,10683536.012000
attention_row,test1,0.001000,0.001000,0.001000,76.420000,0.000000,0.000000,76.420000,613.386536,306.693268,0.000000,-nan,0.000000,0.000000,inf,0.000000,10683536.012000
mlp_column,test1,0.001000,0.001000,0.001000,76.420000,0.000000,0.000000,76.420000,613.386536,306.693268,0.000000,-nan,0.000000,0.000000,-nan,0.000000,10683536.012000
mlp_row,test1,0.001000,0.001000,0.001000,76.420000,0.000000,0.000000,76.420000,613.386536,306.693268,0.000000,-nan,0.000000,0.000000,inf,0.000000,10683536.012000
attention_column,test1,0.001000,0.001000,0.001000,76.420000,0.000000,0.000000,76.420000,613.386536,306.693268,0.000000,-nan,0.000000,0.000000,-nan,0.000000,10683536.012000
attention_row,test1,0.001000,0.001000,0.001000,76.420000,0.000000,0.000000,76.420000,613.386536,306.693268,0.000000,-nan,0.000000,0.000000,inf,0.000000,10683536.012000
mlp_column,test1,0.001000,0.001000,0.001000,76.420000,0.000000,0.000000,76.420000,613.386536,306.693268,0.000000,-nan,0.000000,0.000000,-nan,0.000000,10683536.012000
mlp_row,test1,0.001000,0.001000,0.001000,76.420000,0.000000,0.000000,76.420000,613.386536,306.693268,0.000000,-nan,0.000000,0.000000,inf,0.000000,10683536.012000
attention_column,test1,0.001000,0.001000,0.001000,76.420000,0.000000,0.000000,76.420000,613.386536,306.693268,0.000000,-nan,0.000000,0.000000,-nan,0.000000,10683536.012000
attention_row,test1,0.001000,0.001000,0.001000,76.420000,0.000000,0.000000,76.420000,613.386536,306.693268,0.000000,-nan,0.000000,0.000000,inf,0.000000,10683536.012000
mlp_column,test1,0.001000,0.001000,0.001000,76.420000,0.000000,0.000000,76.420000,613.386536,306.693268,0.000000,-nan,0.000000,0.000000,-nan,0.000000,10683536.012000
mlp_row,test1,0.001000,0.001000,0.001000,76.420000,0.000000,0.000000,76.420000,613.386536,306.693268,0.000000,-nan,0.000000,0.000000,inf,0.000000,10683536.012000
attention_column,test1,0.001000,0.001000,0.001000,76.420000,0.000000,0.000000,76.420000,613.386536,306.693268,0.000000,-nan,0.000000,0.000000,-nan,0.000000,10683536.012000
attention_row,test1,0.001000,0.001000,0.001000,76.420000,0.000000,0.000000,76.420000,613.386536,306.693268,0.000000,-nan,0.000000,0.000000,inf,0.000000,10683536.012000
mlp_column,test1,0.001000,0.001000,0.001000,76.420000,0.000000,0.000000,76.420000,613.386536,306.693268,0.000000,-nan,0.000000,0.000000,-nan,0.000000,10683536.012000
mlp_row,test1,0.001000,0.001000,0.001000,76.420000,0.000000,0.000000,76.420000,613.386536,306.693268,0.000000,-nan,0.000000,0.000000,inf,0.000000,10683536.012000
attention_column,test1,0.001000,0.001000,0.001000,76.420000,0.000000,0.000000,76.420000,613.386536,306.693268,0.000000,-nan,0.000000,0.000000,-nan,0.000000,10683536.012000
attention_row,test1,0.001000,0.001000,0.001000,76.420000,0.000000,0.000000,76.420000,613.386536,306.693268,0.000000,-nan,0.000000,0.000000,inf,0.000000,10683536.012000
mlp_column,test1,0.001000,0.001000,0.001000,76.420000,0.000000,0.000000,76.420000,613.386536,306.693268,0.000000,-nan,0.000000,0.000000,-nan,0.000000,10683536.012000
mlp_row,test1,0.001000,0.001000,0.001000,76.420000,0.000000,0.000000,76.420000,613.386536,306.693268,0.000000,-nan,0.000000,0.000000,inf,0.000000,10683536.012000
attention_column,test1,0.001000,0.001000,0.001000,76.420000,0.000000,0.000000,76.420000,613.386536,306.693268,0.000000,-nan,0.000000,0.000000,-nan,0.000000,10683536.012000
attention_row,test1,0.001000,0.001000,0.001000,76.420000,0.000000,0.000000,76.420000,613.386536,306.693268,0.000000,-nan,0.000000,0.000000,inf,0.000000,10683536.012000
mlp_column,test1,0.001000,0.001000,0.001000,76.420000,0.000000,0.000000,76.420000,613.386536,306.693268,0.000000,-nan,0.000000,0.000000,-nan,0.000000,10683536.012000
mlp_row,test1,0.001000,0.001000,0.001000,76.420000,0.000000,0.000000,76.420000,613.386536,306.693268,0.000000,-nan,0.000000,0.000000,inf,0.000000,10683536.012000
attention_column,test1,0.001000,0.001000,0.001000,76.420000,0.000000,0.000000,76.420000,613.386536,306.693268,0.000000,-nan,0.000000,0.000000,-nan,0.000000,10683536.012000
attention_row,test1,0.001000,0.001000,0.001000,76.420000,0.000000,0.000000,76.420000,613.386536,306.693268,0.000000,-nan,0.000000,0.000000,inf,0.000000,10683536.012000
mlp_column,test1,0.001000,0.001000,0.001000,76.420000,0.000000,0.000000,76.420000,613.386536,306.693268,0.000000,-nan,0.000000,0.000000,-nan,0.000000,10683536.012000
mlp_row,test1,0.001000,0.001000,0.001000,76.420000,0.000000,0.000000,76.420000,613.386536,306.693268,0.000000,-nan,0.000000,0.000000,inf,0.000000,10683536.012000
attention_column,test1,0.001000,0.001000,0.001000,76.420000,0.000000,0.000000,76.420000,613.386536,306.693268,0.000000,-nan,0.000000,0.000000,-nan,0.000000,10683536.012000
attention_row,test1,0.001000,0.001000,0.001000,76.420000,0.000000,0.000000,76.420000,613.386536,306.693268,0.000000,-nan,0.000000,0.000000,inf,0.000000,10683536.012000
mlp_column,test1,0.001000,0.001000,0.001000,76.420000,0.000000,0.000000,76.420000,613.386536,306.693268,0.000000,-nan,0.000000,0.000000,-nan,0.000000,10683536.012000
mlp_row,test1,0.001000,0.001000,0.001000,76.420000,0.000000,0.000000,76.420000,613.386536,306.693268,0.000000,-nan,0.000000,0.000000,inf,0.000000,10683536.012000
attention_column,test1,0.001000,0.001000,0.001000,76.420000,0.000000,0.000000,76.420000,613.386536,306.693268,0.000000,-nan,0.000000,0.000000,-nan,0.000000,10683536.012000
attention_row,test1,0.001000,0.001000,0.001000,76.420000,0.000000,0.000000,76.420000,613.386536,306.693268,0.000000,-nan,0.000000,0.000000,inf,0.000000,10683536.012000
mlp_column,test1,0.001000,0.001000,0.001000,76.420000,0.000000,0.000000,76.420000,613.386536,306.693268,0.000000,-nan,0.000000,0.000000,-nan,0.000000,10683536.012000
mlp_row,test1,0.001000,0.001000,0.001000,76.420000,0.000000,0.000000,76.420000,613.386536,306.693268,0.000000,-nan,0.000000,0.000000,inf,0.000000,10683536.012000
attention_column,test1,0.001000,0.001000,0.001000,76.420000,0.000000,0.000000,76.420000,613.386536,306.693268,0.000000,-nan,0.000000,0.000000,-nan,0.000000,10683536.012000
attention_row,test1,0.001000,0.001000,0.001000,76.420000,0.000000,0.000000,76.420000,613.386536,306.693268,0.000000,-nan,0.000000,0.000000,inf,0.000000,10683536.012000
mlp_column,test1,0.001000,0.001000,0.001000,76.420000,0.000000,0.000000,76.420000,613.386536,306.693268,0.000000,-nan,0.000000,0.000000,-nan,0.000000,10683536.012000
mlp_row,test1,0.001000,0.001000,0.001000,76.420000,0.000000,0.000000,76.420000,613.386536,306.693268,0.000000,-nan,0.000000,0.000000,inf,0.000000,10683536.012000
attention_column,test1,0.001000,0.001000,0.001000,76.420000,0.000000,0.000000,76.420000,613.386536,306.693268,0.000000,-nan,0.000000,0.000000,-nan,0.000000,10683536.012000
attention_row,test1,0.001000,0.001000,0.001000,76.420000,0.000000,0.000000,76.420000,613.386536,306.693268,0.000000,-nan,0.000000,0.000000,inf,0.000000,10683536.012000
mlp_column,test1,0.001000,0.001000,0.001000,76.420000,0.000000,0.000000,76.420000,613.386536,306.693268,0.000000,-nan,0.000000,0.000000,-nan,0.000000,10683536.012000
mlp_row,test1,0.001000,0.001000,0.001000,76.420000,0.000000,0.000000,76.420000,613.386536,306.693268,0.000000,-nan,0.000000,0.000000,inf,0.000000,10683536.012000
attention_column,test1,0.001000,0.001000,0.001000,76.420000,0.000000,0.000000,76.420000,613.386536,306.693268,0.000000,-nan,0.000000,0.000000,-nan,0.000000,10683536.012000
attention_row,test1,0.001000,0.001000,0.001000,76.420000,0.000000,0.000000,76.420000,613.386536,306.693268,0.000000,-nan,0.000000,0.000000,inf,0.000000,10683536.012000
mlp_column,test1,0.001000,0.001000,0.001000,76.420000,0.000000,0.000000,76.420000,613.386536,306.693268,0.000000,-nan,0.000000,0.000000,-nan,0.000000,10683536.012000
mlp_row,test1,0.001000,0.001000,0.001000,76.420000,0.000000,0.000000,76.420000,613.386536,306.693268,0.000000,-nan,0.000000,0.000000,inf,0.000000,10683536.012000
attention_column,test1,0.001000,0.001000,0.001000,76.420000,0.000000,0.000000,76.420000,613.386536,306.693268,0.000000,-nan,0.000000,0.000000,-nan,0.000000,10683536.012000
attention_row,test1,0.001000,0.001000,0.001000,76.420000,0.000000,0.000000,76.420000,613.386536,306.693268,0.000000,-nan,0.000000,0.000000,inf,0.000000,10683536.012000
mlp_column,test1,0.001000,0.001000,0.001000,76.420000,0.000000,0.000000,76.420000,613.386536,306.693268,0.000000,-nan,0.000000,0.000000,-nan,0.000000,10683536.012000
mlp_row,test1,0.001000,0.001000,0.001000,76.420000,0.000000,0.000000,76.420000,613.386536,306.693268,0.000000,-nan,0.000000,0.000000,inf,0.000000,10683536.012000
attention_column,test1,0.001000,0.001000,0.001000,76.420000,0.000000,0.000000,76.420000,613.386536,306.693268,0.000000,-nan,0.000000,0.000000,-nan,0.000000,10683536.012000
attention_row,test1,0.001000,0.001000,0.001000,76.420000,0.000000,0.000000,76.420000,613.386536,306.693268,0.000000,-nan,0.000000,0.000000,inf,0.000000,10683536.012000
mlp_column,test1,0.001000,0.001000,0.001000,76.420000,0.000000,0.000000,76.420000,613.386536,306.693268,0.000000,-nan,0.000000,0.000000,-nan,0.000000,10683536.012000
mlp_row,test1,0.001000,0.001000,0.001000,76.420000,0.000000,0.000000,76.420000,613.386536,306.693268,0.000000,-nan,0.000000,0.000000,inf,0.000000,10683536.012000
attention_column,test1,0.001000,0.001000,0.001000,76.420000,0.000000,0.000000,76.420000,613.386536,306.693268,0.000000,-nan,0.000000,0.000000,-nan,0.000000,10683536.012000
attention_row,test1,0.001000,0.001000,0.001000,76.420000,0.000000,0.000000,76.420000,613.386536,306.693268,0.000000,-nan,0.000000,0.000000,inf,0.000000,10683536.012000
mlp_column,test1,0.001000,0.001000,0.001000,76.420000,0.000000,0.000000,76.420000,613.386536,306.693268,0.000000,-nan,0.000000,0.000000,-nan,0.000000,10683536.012000
mlp_row,test1,0.001000,0.001000,0.001000,76.420000,0.000000,0.000000,76.420000,613.386536,306.693268,0.000000,-nan,0.000000,0.000000,inf,0.000000,10683536.012000
attention_column,test1,0.001000,0.001000,0.001000,76.420000,0.000000,0.000000,76.420000,613.386536,306.693268,0.000000,-nan,0.000000,0.000000,-nan,0.000000,10683536.012000
attention_row,test1,0.001000,0.001000,0.001000,76.420000,0.000000,0.000000,76.420000,613.386536,306.693268,0.000000,-nan,0.000000,0.000000,inf,0.000000,10683536.012000
mlp_column,test1,0.001000,0.001000,0.001000,76.420000,0.000000,0.000000,76.420000,613.386536,306.693268,0.000000,-nan,0.000000,0.000000,-nan,0.000000,10683536.012000
mlp_row,test1,0.001000,0.001000,0.001000,76.420000,0.000000,0.000000,76.420000,613.386536,306.693268,0.000000,-nan,0.000000,0.000000,inf,0.000000,10683536.012000
attention_column,test1,0.001000,0.001000,0.001000,76.420000,0.000000,0.000000,76.420000,613.386536,306.693268,0.000000,-nan,0.000000,0.000000,-nan,0.000000,10683536.012000
attention_row,test1,0.001000,0.001000,0.001000,76.420000,0.000000,0.000000,76.420000,613.386536,306.693268,0.000000,-nan,0.000000,0.000000,inf,0.000000,10683536.012000
mlp_column,test1,0.001000,0.001000,0.001000,76.420000,0.000000,0.000000,76.420000,613.386536,306.693268,0.000000,-nan,0.000000,0.000000,-nan,0.000000,10683536.012000
mlp_row,test1,0.001000,0.001000,0.001000,76.420000,0.000000,0.000000,76.420000,613.386536,306.693268,0.000000,-nan,0.000000,0.000000,inf,0.000000,10683536.012000
attention_column,test1,0.001000,0.001000,0.001000,76.420000,0.000000,0.000000,76.420000,613.386536,306.693268,0.000000,-nan,0.000000,0.000000,-nan,0.000000,10683536.012000
attention_row,test1,0.001000,0.001000,0.001000,76.420000,0.000000,0.000000,76.420000,613.386536,306.693268,0.000000,-nan,0.000000,0.000000,inf,0.000000,10683536.012000
mlp_column,test1,0.001000,0.001000,0.001000,76.420000,0.000000,0.000000,76.420000,613.386536,306.693268,0.000000,-nan,0.000000,0.000000,-nan,0.000000,10683536.012000
mlp_row,test1,0.001000,0.001000,0.001000,76.420000,0.000000,0.000000,76.420000,613.386536,306.693268,0.000000,-nan,0.000000,0.000000,inf,0.000000,10683536.012000
attention_column,test1,0.001000,0.001000,0.001000,76.420000,0.000000,0.000000,76.420000,613.386536,306.693268,0.000000,-nan,0.000000,0.000000,-nan,0.000000,10683536.012000
attention_row,test1,0.001000,0.001000,0.001000,76.420000,0.000000,0.000000,76.420000,613.386536,306.693268,0.000000,-nan,0.000000,0.000000,inf,0.000000,10683536.012000
mlp_column,test1,0.001000,0.001000,0.001000,76.420000,0.000000,0.000000,76.420000,613.386536,306.693268,0.000000,-nan,0.000000,0.000000,-nan,0.000000,10683536.012000
mlp_row,test1,0.001000,0.001000,0.001000,76.420000,0.000000,0.000000,76.420000,613.386536,306.693268,0.000000,-nan,0.000000,0.000000,inf,0.000000,10683536.012000
attention_column,test1,0.001000,0.001000,0.001000,76.420000,0.000000,0.000000,76.420000,613.386536,306.693268,0.000000,-nan,0.000000,0.000000,-nan,0.000000,10683536.012000
attention_row,test1,0.001000,0.001000,0.001000,76.420000,0.000000,0.000000,76.420000,613.386536,306.693268,0.000000,-nan,0.000000,0.000000,inf,0.000000,10683536.012000
mlp_column,test1,0.001000,0.001000,0.001000,76.420000,0.000000,0.000000,76.420000,613.386536,306.693268,0.000000,-nan,0.000000,0.000000,-nan,0.000000,10683536.012000
mlp_row,test1,0.001000,0.001000,0.001000,76.420000,0.000000,0.000000,76.420000,613.386536,306.693268,0.000000,-nan,0.000000,0.000000,inf,0.000000,10683536.012000
attention_column,test1,0.001000,0.001000,0.001000,76.420000,0.000000,0.000000,76.420000,613.386536,306.693268,0.000000,-nan,0.000000,0.000000,-nan,0.000000,10683536.012000
attention_row,test1,0.001000,0.001000,0.001000,76.420000,0.000000,0.000000,76.420000,613.386536,306.693268,0.000000,-nan,0.000000,0.000000,inf,0.000000,10683536.012000
mlp_column,test1,0.001000,0.001000,0.001000,76.420000,0.000000,0.000000,76.420000,613.386536,306.693268,0.000000,-nan,0.000000,0.000000,-nan,0.000000,10683536.012000
mlp_row,test1,0.001000,0.001000,0.001000,76.420000,0.000000,0.000000,76.420000,613.386536,306.693268,0.000000,-nan,0.000000,0.000000,inf,0.000000,10683536.012000
attention_column,test1,0.001000,0.001000,0.001000,76.420000,0.000000,0.000000,76.420000,613.386536,306.693268,0.000000,-nan,0.000000,0.000000,-nan,0.000000,10683536.012000
attention_row,test1,0.001000,0.001000,0.001000,76.420000,0.000000,0.000000,76.420000,613.386536,306.693268,0.000000,-nan,0.000000,0.000000,inf,0.000000,10683536.012000
mlp_column,test1,0.001000,0.001000,0.001000,76.420000,0.000000,0.000000,76.420000,613.386536,306.693268,0.000000,-nan,0.000000,0.000000,-nan,0.000000,10683536.012000
mlp_row,test1,0.001000,0.001000,0.001000,76.420000,0.000000,0.000000,76.420000,613.386536,306.693268,0.000000,-nan,0.000000,0.000000,inf,0.000000,10683536.012000
attention_column,test1,0.001000,0.001000,0.001000,76.420000,0.000000,0.000000,76.420000,613.386536,306.693268,0.000000,-nan,0.000000,0.000000,-nan,0.000000,10683536.012000
attention_row,test1,0.001000,0.001000,0.001000,76.420000,0.000000,0.000000,76.420000,613.386536,306.693268,0.000000,-nan,0.000000,0.000000,inf,0.000000,10683536.012000
mlp_column,test1,0.001000,0.001000,0.001000,76.420000,0.000000,0.000000,76.420000,613.386536,306.693268,0.000000,-nan,0.000000,0.000000,-nan,0.000000,10683536.012000
mlp_row,test1,0.001000,0.001000,0.001000,76.420000,0.000000,0.000000,76.420000,613.386536,306.693268,0.000000,-nan,0.000000,0.000000,inf,0.000000,10683536.012000
attention_column,test1,0.001000,0.001000,0.001000,76.420000,0.000000,0.000000,76.420000,613.386536,306.693268,0.000000,-nan,0.000000,0.000000,-nan,0.000000,10683536.012000
attention_row,test1,0.001000,0.001000,0.001000,76.420000,0.000000,0.000000,76.420000,613.386536,306.693268,0.000000,-nan,0.000000,0.000000,inf,0.000000,10683536.012000
mlp_column,test1,0.001000,0.001000,0.001000,76.420000,0.000000,0.000000,76.420000,613.386536,306.693268,0.000000,-nan,0.000000,0.000000,-nan,0.000000,10683536.012000
mlp_row,test1,0.001000,0.001000,0.001000,76.420000,0.000000,0.000000,76.420000,613.386536,306.693268,0.000000,-nan,0.000000,0.000000,inf,0.000000,10683536.012000
attention_column,test1,0.001000,0.001000,0.001000,76.420000,0.000000,0.000000,76.420000,613.386536,306.693268,0.000000,-nan,0.000000,0.000000,-nan,0.000000,10683536.012000
attention_row,test1,0.001000,0.001000,0.001000,76.420000,0.000000,0.000000,76.420000,613.386536,306.693268,0.000000,-nan,0.000000,0.000000,inf,0.000000,10683536.012000
mlp_column,test1,0.001000,0.001000,0.001000,76.420000,0.000000,0.000000,76.420000,613.386536,306.693268,0.000000,-nan,0.000000,0.000000,-nan,0.000000,10683536.012000
mlp_row,test1,0.001000,0.001000,0.001000,76.420000,0.000000,0.000000,76.420000,613.386536,306.693268,0.000000,-nan,0.000000,0.000000,inf,0.000000,10683536.012000
attention_column,test1,0.001000,0.001000,0.001000,76.420000,0.000000,0.000000,76.420000,613.386536,306.693268,0.000000,-nan,0.000000,0.000000,-nan,0.000000,10683536.012000
attention_row,test1,0.001000,0.001000,0.001000,76.420000,0.000000,0.000000,76.420000,613.386536,306.693268,0.000000,-nan,0.000000,0.000000,inf,0.000000,10683536.012000
mlp_column,test1,0.001000,0.001000,0.001000,76.420000,0.000000,0.000000,76.420000,613.386536,306.693268,0.000000,-nan,0.000000,0.000000,-nan,0.000000,10683536.012000
mlp_row,test1,0.001000,0.001000,0.001000,76.420000,0.000000,0.000000,76.420000,613.386536,306.693268,0.000000,-nan,0.000000,0.000000,inf,0.000000,10683536.012000
attention_column,test1,0.001000,0.001000,0.001000,76.420000,0.000000,0.000000,76.420000,613.386536,306.693268,0.000000,-nan,0.000000,0.000000,-nan,0.000000,10683536.012000
attention_row,test1,0.001000,0.001000,0.001000,76.420000,0.000000,0.000000,76.420000,613.386536,306.693268,0.000000,-nan,0.000000,0.000000,inf,0.000000,10683536.012000
mlp_column,test1,0.001000,0.001000,0.001000,76.420000,0.000000,0.000000,76.420000,613.386536,306.693268,0.000000,-nan,0.000000,0.000000,-nan,0.000000,10683536.012000
mlp_row,test1,0.001000,0.001000,0.001000,76.420000,0.000000,0.000000,76.420000,613.386536,306.693268,0.000000,-nan,0.000000,0.000000,inf,0.000000,10683536.012000
attention_column,test1,0.001000,0.001000,0.001000,76.420000,0.000000,0.000000,76.420000,613.386536,306.693268,0.000000,-nan,0.000000,0.000000,-nan,0.000000,10683536.012000
attention_row,test1,0.001000,0.001000,0.001000,76.420000,0.000000,0.000000,76.420000,613.386536,306.693268,0.000000,-nan,0.000000,0.000000,inf,0.000000,10683536.012000
mlp_column,test1,0.001000,0.001000,0.001000,76.420000,0.000000,0.000000,76.420000,613.386536,306.693268,0.000000,-nan,0.000000,0.000000,-nan,0.000000,10683536.012000
mlp_row,test1,0.001000,0.001000,0.001000,76.420000,0.000000,0.000000,76.420000,613.386536,306.693268,0.000000,-nan,0.000000,0.000000,inf,0.000000,10683536.012000
attention_column,test1,0.001000,0.001000,0.001000,76.420000,0.000000,0.000000,76.420000,613.386536,306.693268,0.000000,-nan,0.000000,0.000000,-nan,0.000000,10683536.012000
attention_row,test1,0.001000,0.001000,0.001000,76.420000,0.000000,0.000000,76.420000,613.386536,306.693268,0.000000,-nan,0.000000,0.000000,inf,0.000000,10683536.012000
mlp_column,test1,0.001000,0.001000,0.001000,76.420000,0.000000,0.000000,76.420000,613.386536,306.693268,0.000000,-nan,0.000000,0.000000,-nan,0.000000,10683536.012000
mlp_row,test1,0.001000,0.001000,0.001000,76.420000,0.000000,0.000000,76.420000,613.386536,306.693268,0.000000,-nan,0.000000,0.000000,inf,0.000000,10683536.012000
final_column,test1,0.001000,0.001000,0.001000,76.420000,0.000000,0.000000,76.420000,613.386536,306.693268,0.000000,-nan,0.000000,0.000000,-nan,0.000000,10683536.012000
embedding_norm,test1,0.001000,0.001000,0.001000,2295.610000,0.000000,0.000000,2295.610000,319.053284,319.053284,0.000000,-nan,0.000000,0.000000,-nan,0.000000,10683536.012000
cross_entropy1,test1,0.000000,0.000000,0.000000,6.268000,0.000000,0.000000,6.268000,1.217198,1.217198,0.000000,-nan,0.000000,0.000000,-nan,0.000000,10683536.012000
cross_entropy2,test1,0.000000,0.000000,0.000000,6.268000,0.000000,0.000000,6.268000,1.217198,1.217198,0.000000,-nan,0.000000,0.000000,-nan,0.000000,10683536.012000
cross_entropy3,test1,0.000000,0.000000,0.000000,6.268000,0.000000,0.000000,6.268000,1.217198,1.217198,0.000000,-nan,0.000000,0.000000,-nan,0.000000,10683536.012000
optimizer1,test1,0.000000,0.000000,0.000000,6.268000,0.000000,0.000000,6.268000,0.608599,0.608599,0.000000,-nan,0.000000,0.000000,-nan,0.000000,10683536.012000
optimizer2,test1,0.000000,0.000000,0.000000,6.268000,0.000000,0.000000,6.268000,0.608599,0.608599,0.000000,-nan,0.000000,0.000000,-nan,0.000000,10683536.012000
optimizer3,test1,0.000000,0.000000,0.000000,6.268000,0.000000,0.000000,6.268000,0.608599,0.608599,0.000000,-nan,0.000000,0.000000,-nan,0.000000,10683536.012000
optimizer4,test1,0.000000,0.000000,0.000000,6.268000,0.000000,0.000000,6.268000,0.608599,0.608599,0.000000,-nan,0.000000,0.000000,-nan,0.000000,10683536.012000
SUM,test1,0.783000,0.783000,0.783000,169626.274000,10513905.019000,0.000000,169626.274000,NONE,NONE,10513905.020000,NONE,NONE,0.000000,NONE,NONE
total exposed comm,10683533.663000,total comp,2.349000,total time,10683536.012000
