0b001801 0b001101 10000 100 131072 559010 13484 6838 4328
0b001c01 0b001501 10000 100 131072 559010 13484 6838 6252
0b001001 0b001901 10000 100 131072 559010 13481 6838 4320
0b000801 0b000101 10000 100 131072 559010 13482 6838 488
0b001401 0b001d01 10000 100 131072 559010 13481 6838 6244
0b000c01 0b000501 10000 100 131072 559010 13482 6838 2412
0b000901 0b000201 10000 100 131072 559010 15043 6838 969
0b000d01 0b000601 10000 100 131072 559010 15043 6838 2893
0b000301 0b000c01 10000 100 131072 559010 15087 6838 1923
0b000701 0b000801 10000 100 131072 559010 15088 6838 7
0b001101 0b001a01 10000 100 131072 559010 15090 6838 4801
0b000101 0b000a01 10000 100 131072 559010 15094 6838 961
0b001301 0b001c01 10000 100 131072 559010 15090 6838 5763
0b000501 0b000e01 10000 100 131072 559010 15094 6838 2885
0b001501 0b001e01 10000 100 131072 559010 15090 6838 6725
0b001701 0b001801 10000 100 131072 559010 15090 6838 3847
0b001b01 0b001401 10000 100 131072 559010 15106 6838 5771
0b001f01 0b001001 10000 100 131072 559010 15106 6838 3855
0b001901 0b001201 10000 100 131072 559010 15109 6838 4809
0b001d01 0b001601 10000 100 131072 559010 15109 6838 6733
0b000b01 0b000401 10000 100 131072 559010 15177 15174 1931
0b000f01 0b000001 10000 100 131072 559010 15177 15174 15
0b000201 0b000b01 10000 100 131072 559010 15431 6838 1442
0b000601 0b000f01 10000 100 131072 559010 15431 6838 3366
0b001201 0b001b01 10000 100 131072 559010 15433 6838 5282
0b001601 0b001f01 10000 100 131072 559010 15433 6838 7206
0b000a01 0b000301 10000 100 131072 559010 15437 6838 1450
0b000e01 0b000701 10000 100 131072 559010 15437 6838 3374
0b001a01 0b001301 10000 100 131072 559010 15450 6838 5290
0b001e01 0b001701 10000 100 131072 559010 15450 6838 7214
0b000001 0b000901 10000 100 131072 559010 15865 15174 480
0b000401 0b000d01 10000 100 131072 559010 15865 15174 2404
0b000901 0b000a01 10006 100 131072 559010 20528 2898 3369
0b000d01 0b000e01 10006 100 131072 559010 20528 2898 3373
0b000901 0b000a01 10005 100 131072 559010 20529 2898 2889
0b000d01 0b000e01 10005 100 131072 559010 20529 2898 2413
0b000901 0b000a01 10004 100 131072 559010 20530 2898 2409
0b000d01 0b000e01 10004 100 131072 559010 20530 2898 1933
0b000901 0b000a01 10003 100 131072 559010 20531 2898 1929
0b000d01 0b000e01 10003 100 131072 559010 20531 2898 1453
0b000901 0b000a01 10002 100 131072 559010 20532 2898 1449
0b000d01 0b000e01 10002 100 131072 559010 20532 2898 973
0b000901 0b000a01 10001 100 131072 559010 20533 2898 489
0b000d01 0b000e01 10001 100 131072 559010 20533 2898 493
0b000901 0b000a01 10000 100 131072 559010 20534 2898 9
0b000d01 0b000e01 10000 100 131072 559010 20534 2898 13
0b001301 0b001401 10006 100 131072 559010 20587 2898 7203
0b001701 0b001001 10006 100 131072 559010 20587 2898 7207
0b001b01 0b001c01 10006 100 131072 559010 20587 2898 7211
0b001f01 0b001801 10006 100 131072 559010 20587 2898 7215
0b001301 0b001401 10005 100 131072 559010 20588 2898 6723
0b001701 0b001001 10005 100 131072 559010 20588 2898 6727
0b001b01 0b001c01 10005 100 131072 559010 20588 2898 6731
0b001f01 0b001801 10005 100 131072 559010 20588 2898 6735
0b001301 0b001401 10004 100 131072 559010 20589 2898 6243
0b001701 0b001001 10004 100 131072 559010 20589 2898 6247
0b001b01 0b001c01 10004 100 131072 559010 20589 2898 6251
0b001301 0b001401 10003 100 131072 559010 20590 2898 5283
0b001f01 0b001801 10004 100 131072 559010 20589 2898 6255
0b001701 0b001001 10003 100 131072 559010 20590 2898 5767
0b001b01 0b001c01 10003 100 131072 559010 20590 2898 5291
0b001301 0b001401 10002 100 131072 559010 20591 2898 4803
0b001f01 0b001801 10003 100 131072 559010 20590 2898 5775
0b001701 0b001001 10002 100 131072 559010 20591 2898 5287
0b001b01 0b001c01 10002 100 131072 559010 20591 2898 4811
0b001f01 0b001801 10002 100 131072 559010 20591 2898 5295
0b001301 0b001401 10001 100 131072 559010 20592 2898 4323
0b001701 0b001001 10001 100 131072 559010 20592 2898 4807
0b001b01 0b001c01 10001 100 131072 559010 20592 2898 4331
0b001f01 0b001801 10001 100 131072 559010 20592 2898 4815
0b001301 0b001401 10000 100 131072 559010 20593 2898 3843
0b001701 0b001001 10000 100 131072 559010 20593 2898 4327
0b001b01 0b001c01 10000 100 131072 559010 20593 2898 3851
0b001f01 0b001801 10000 100 131072 559010 20593 2898 4335
0b000101 0b000201 10006 100 131072 559010 20744 2898 3361
0b000501 0b000601 10006 100 131072 559010 20744 2898 3365
0b000101 0b000201 10005 100 131072 559010 20745 2898 2881
0b000501 0b000601 10005 100 131072 559010 20745 2898 2405
0b000101 0b000201 10004 100 131072 559010 20746 2898 2401
0b000501 0b000601 10004 100 131072 559010 20746 2898 1925
0b000101 0b000201 10003 100 131072 559010 20747 2898 1921
0b000501 0b000601 10003 100 131072 559010 20747 2898 1445
0b000101 0b000201 10002 100 131072 559010 20748 2898 1441
0b000501 0b000601 10002 100 131072 559010 20748 2898 965
0b000101 0b000201 10001 100 131072 559010 20749 2898 481
0b000b01 0b000c01 10006 100 131072 559010 20572 2898 3371
0b000f01 0b000801 10006 100 131072 559010 20572 2898 3375
0b000501 0b000601 10001 100 131072 559010 20749 2898 485
0b000101 0b000201 10000 100 131072 559010 20750 2898 1
0b000b01 0b000c01 10005 100 131072 559010 20573 2898 2891
0b000501 0b000601 10000 100 131072 559010 20750 2898 5
0b000f01 0b000801 10005 100 131072 559010 20573 2898 2895
0b000b01 0b000c01 10004 100 131072 559010 20574 2898 2411
0b000f01 0b000801 10004 100 131072 559010 20574 2898 2415
0b000b01 0b000c01 10003 100 131072 559010 20575 2898 1451
0b000f01 0b000801 10003 100 131072 559010 20575 2898 1935
0b000b01 0b000c01 10002 100 131072 559010 20576 2898 971
0b001201 0b001301 10006 100 131072 559010 20617 2898 7202
0b000f01 0b000801 10002 100 131072 559010 20576 2898 1455
0b001601 0b001701 10006 100 131072 559010 20617 2898 6726
0b001201 0b001301 10005 100 131072 559010 20618 2898 6722
0b001a01 0b001b01 10006 100 131072 559010 20617 2898 7210
0b001601 0b001701 10005 100 131072 559010 20618 2898 6246
0b001e01 0b001f01 10006 100 131072 559010 20617 2898 6734
0b001201 0b001301 10004 100 131072 559010 20619 2898 6242
0b001601 0b001701 10004 100 131072 559010 20619 2898 5766
0b001a01 0b001b01 10005 100 131072 559010 20618 2898 6730
0b001e01 0b001f01 10005 100 131072 559010 20618 2898 6254
0b001201 0b001301 10003 100 131072 559010 20620 2898 5762
0b001601 0b001701 10003 100 131072 559010 20620 2898 5286
0b001a01 0b001b01 10004 100 131072 559010 20619 2898 6250
0b001e01 0b001f01 10004 100 131072 559010 20619 2898 5774
0b001201 0b001301 10002 100 131072 559010 20621 2898 4802
0b001601 0b001701 10002 100 131072 559010 20621 2898 4806
0b001a01 0b001b01 10003 100 131072 559010 20620 2898 5770
0b001e01 0b001f01 10003 100 131072 559010 20620 2898 5294
0b001a01 0b001b01 10002 100 131072 559010 20621 2898 4810
0b001e01 0b001f01 10002 100 131072 559010 20621 2898 4814
0b000b01 0b000c01 10001 100 131072 559010 20598 2898 491
0b000f01 0b000801 10001 100 131072 559010 20598 2898 975
0b000b01 0b000c01 10000 100 131072 559010 20599 2898 11
0b000f01 0b000801 10000 100 131072 559010 20599 2898 495
0b001401 0b001501 10000 100 131072 559010 20631 2898 3844
0b001001 0b001101 10000 100 131072 559010 20631 2898 3840
0b001c01 0b001d01 10000 100 131072 559010 20631 2898 3852
0b001801 0b001901 10000 100 131072 559010 20631 2898 3848
0b001401 0b001501 10006 100 131072 559010 20632 2898 7204
0b001001 0b001101 10006 100 131072 559010 20632 2898 7200
0b001c01 0b001d01 10006 100 131072 559010 20632 2898 7212
0b001401 0b001501 10005 100 131072 559010 20633 2898 6724
0b001001 0b001101 10005 100 131072 559010 20633 2898 6720
0b001801 0b001901 10006 100 131072 559010 20632 2898 7208
0b001c01 0b001d01 10005 100 131072 559010 20633 2898 6732
0b001401 0b001501 10004 100 131072 559010 20634 2898 5764
0b001801 0b001901 10005 100 131072 559010 20633 2898 6728
0b001001 0b001101 10004 100 131072 559010 20634 2898 6240
0b001401 0b001501 10003 100 131072 559010 20635 2898 5284
0b001c01 0b001d01 10004 100 131072 559010 20634 2898 5772
0b001001 0b001101 10003 100 131072 559010 20635 2898 5760
0b000a01 0b000b01 10006 100 131072 559010 20631 2898 3370
0b001801 0b001901 10004 100 131072 559010 20634 2898 6248
0b000e01 0b000f01 10006 100 131072 559010 20631 2898 2894
0b001401 0b001501 10002 100 131072 559010 20636 2898 4804
0b000c01 0b000d01 10000 100 131072 559010 20631 2898 12
0b001c01 0b001d01 10003 100 131072 559010 20635 2898 5292
0b001001 0b001101 10002 100 131072 559010 20636 2898 5280
0b000801 0b000901 10000 100 131072 559010 20631 2898 8
0b001801 0b001901 10003 100 131072 559010 20635 2898 5768
0b001401 0b001501 10001 100 131072 559010 20637 2898 4324
0b001001 0b001101 10001 100 131072 559010 20637 2898 4800
0b001c01 0b001d01 10002 100 131072 559010 20636 2898 4812
0b000a01 0b000b01 10005 100 131072 559010 20632 2898 2890
0b001801 0b001901 10002 100 131072 559010 20636 2898 5288
0b000e01 0b000f01 10005 100 131072 559010 20632 2898 2414
0b001c01 0b001d01 10001 100 131072 559010 20637 2898 4332
0b000c01 0b000d01 10006 100 131072 559010 20632 2898 3372
0b001801 0b001901 10001 100 131072 559010 20637 2898 4808
0b000801 0b000901 10006 100 131072 559010 20632 2898 3368
0b000c01 0b000d01 10005 100 131072 559010 20633 2898 2892
0b000801 0b000901 10005 100 131072 559010 20633 2898 2888
0b001201 0b001301 10001 100 131072 559010 20643 2898 4322
0b001601 0b001701 10001 100 131072 559010 20643 2898 4326
0b001a01 0b001b01 10001 100 131072 559010 20643 2898 4330
0b001201 0b001301 10000 100 131072 559010 20644 2898 3842
0b001e01 0b001f01 10001 100 131072 559010 20643 2898 4334
0b001601 0b001701 10000 100 131072 559010 20644 2898 3846
0b001a01 0b001b01 10000 100 131072 559010 20644 2898 3850
0b001e01 0b001f01 10000 100 131072 559010 20644 2898 3854
0b000a01 0b000b01 10004 100 131072 559010 20655 2898 2410
0b000e01 0b000f01 10004 100 131072 559010 20655 2898 1934
0b000c01 0b000d01 10004 100 131072 559010 20655 2898 1932
0b000801 0b000901 10004 100 131072 559010 20655 2898 2408
0b000a01 0b000b01 10003 100 131072 559010 20656 2898 1930
0b000e01 0b000f01 10003 100 131072 559010 20656 2898 1454
0b000c01 0b000d01 10003 100 131072 559010 20656 2898 1452
0b000801 0b000901 10003 100 131072 559010 20656 2898 1928
0b000a01 0b000b01 10002 100 131072 559010 20657 2898 970
0b000e01 0b000f01 10002 100 131072 559010 20657 2898 974
0b000c01 0b000d01 10002 100 131072 559010 20657 2898 972
0b000801 0b000901 10002 100 131072 559010 20657 2898 1448
0b000a01 0b000b01 10001 100 131072 559010 20658 2898 490
0b000e01 0b000f01 10001 100 131072 559010 20658 2898 494
0b000c01 0b000d01 10001 100 131072 559010 20658 2898 492
0b000801 0b000901 10001 100 131072 559010 20658 2898 968
0b000a01 0b000b01 10000 100 131072 559010 20659 2898 10
0b000e01 0b000f01 10000 100 131072 559010 20659 2898 14
0b001101 0b001201 10006 100 131072 559010 20836 2898 7201
0b001501 0b001601 10006 100 131072 559010 20836 2898 7205
0b001101 0b001201 10005 100 131072 559010 20837 2898 6721
0b001501 0b001601 10005 100 131072 559010 20837 2898 6245
0b001901 0b001a01 10006 100 131072 559010 20836 2898 7209
0b001101 0b001201 10004 100 131072 559010 20838 2898 6241
0b001d01 0b001e01 10006 100 131072 559010 20836 2898 7213
0b001501 0b001601 10004 100 131072 559010 20838 2898 5765
0b001901 0b001a01 10005 100 131072 559010 20837 2898 6729
0b001d01 0b001e01 10005 100 131072 559010 20837 2898 6253
0b001901 0b001a01 10004 100 131072 559010 20838 2898 6249
0b001d01 0b001e01 10004 100 131072 559010 20838 2898 5773
0b001101 0b001201 10003 100 131072 559010 20860 2898 5761
0b001501 0b001601 10003 100 131072 559010 20860 2898 5285
0b001101 0b001201 10002 100 131072 559010 20861 2898 5281
0b001501 0b001601 10002 100 131072 559010 20861 2898 4805
0b001901 0b001a01 10003 100 131072 559010 20860 2898 5769
0b001d01 0b001e01 10003 100 131072 559010 20860 2898 5293
0b001901 0b001a01 10002 100 131072 559010 20861 2898 5289
0b001d01 0b001e01 10002 100 131072 559010 20861 2898 4813
0b001101 0b001201 10001 100 131072 559010 20883 2898 4321
0b001501 0b001601 10001 100 131072 559010 20883 2898 4325
0b001101 0b001201 10000 100 131072 559010 20884 2898 3841
0b001501 0b001601 10000 100 131072 559010 20884 2898 3845
0b001901 0b001a01 10001 100 131072 559010 20883 2898 4329
0b001d01 0b001e01 10001 100 131072 559010 20883 2898 4333
0b001901 0b001a01 10000 100 131072 559010 20884 2898 3849
0b001d01 0b001e01 10000 100 131072 559010 20884 2898 3853
0b000201 0b000301 10006 100 131072 559010 21324 2898 3362
0b000601 0b000701 10006 100 131072 559010 21324 2898 2886
0b000201 0b000301 10005 100 131072 559010 21325 2898 2882
0b000601 0b000701 10005 100 131072 559010 21325 2898 2406
0b000201 0b000301 10004 100 131072 559010 21326 2898 2402
0b000601 0b000701 10004 100 131072 559010 21326 2898 1926
0b000201 0b000301 10003 100 131072 559010 21327 2898 1922
0b000601 0b000701 10003 100 131072 559010 21327 2898 1446
0b000201 0b000301 10002 100 131072 559010 21328 2898 962
0b000601 0b000701 10002 100 131072 559010 21328 2898 966
0b000201 0b000301 10001 100 131072 559010 21329 2898 482
0b000601 0b000701 10001 100 131072 559010 21329 2898 486
0b000201 0b000301 10000 100 131072 559010 21330 2898 2
0b000601 0b000701 10000 100 131072 559010 21330 2898 6
0b000101 0b000201 10007 100 131072 575502 6669 2898 497
0b000501 0b000601 10007 100 131072 575502 6669 2898 2421
0b000201 0b000301 10007 100 131072 577063 5146 2898 978
0b000601 0b000701 10007 100 131072 577063 5146 2898 2902
0b000801 0b000901 10007 100 131072 577108 5100 2898 24
0b000c01 0b000d01 10007 100 131072 577107 5101 2898 1948
0b001b01 0b001c01 10007 100 131072 577453 4755 2898 5307
0b000b01 0b000c01 10007 100 131072 577451 4757 2898 1467
0b001f01 0b001801 10007 100 131072 577453 4755 2898 7231
0b001301 0b001401 10007 100 131072 577470 4738 2898 5299
0b000f01 0b000801 10007 100 131072 577451 4757 2898 3391
0b001a01 0b001b01 10007 100 131072 577110 5098 2898 4826
0b000901 0b000a01 10007 100 131072 577885 4324 2898 505
0b001701 0b001001 10007 100 131072 577470 4738 2898 7223
0b001e01 0b001f01 10007 100 131072 577110 5098 2898 6750
0b000d01 0b000e01 10007 100 131072 577885 4324 2898 2429
0b001201 0b001301 10007 100 131072 577129 5079 2898 4818
0b001901 0b001a01 10007 100 131072 575501 6707 2898 4345
0b000a01 0b000b01 10007 100 131072 577114 5100 2898 986
0b001601 0b001701 10007 100 131072 577129 5079 2898 6742
0b001d01 0b001e01 10007 100 131072 575501 6707 2898 6269
0b001101 0b001201 10007 100 131072 575504 6704 2898 4337
0b000e01 0b000f01 10007 100 131072 577114 5100 2898 2910
0b001801 0b001901 10007 100 131072 577110 5104 2898 3864
0b001501 0b001601 10007 100 131072 575504 6704 2898 6261
0b001c01 0b001d01 10007 100 131072 577110 5104 2898 5788
0b001001 0b001101 10007 100 131072 577126 5088 2898 3856
0b001401 0b001501 10007 100 131072 577126 5088 2898 5780
0b000c01 0b000501 10001 100 131072 582594 12622 6838 2428
0b000801 0b000101 10001 100 131072 582619 12665 6838 504
0b001001 0b001901 10001 100 131072 582613 12694 6838 4336
0b001c01 0b001501 10001 100 131072 582609 12701 6838 6268
0b001401 0b001d01 10001 100 131072 582609 12715 6838 6260
0b001801 0b001101 10001 100 131072 582613 12717 6838 4344
0b000d01 0b000601 10001 100 131072 582653 13322 6838 2909
0b000901 0b000201 10001 100 131072 582678 13305 6838 985
0b001501 0b001e01 10001 100 131072 582653 13324 6838 6741
0b001d01 0b001601 10001 100 131072 582653 13326 6838 6749
0b001101 0b001a01 10001 100 131072 582657 13322 6838 4817
0b001901 0b001201 10001 100 131072 582657 13324 6838 4825
0b000a01 0b000301 10001 100 131072 582552 14496 6838 1466
0b000e01 0b000701 10001 100 131072 582548 14542 6838 3390
0b001301 0b001c01 10001 100 131072 582640 14671 6838 5779
0b001b01 0b001401 10001 100 131072 582640 14690 6838 5787
0b001701 0b001801 10001 100 131072 582664 14715 6838 3863
0b001f01 0b001001 10001 100 131072 582664 14734 6838 3871
0b000201 0b000b01 10001 100 131072 582768 15003 6838 1458
0b000601 0b000f01 10001 100 131072 582764 15045 6838 3382
0b000f01 0b000001 10001 100 131072 582679 15110 15174 31
0b000b01 0b000401 10001 100 131072 582676 15131 15174 1947
0b001601 0b001f01 10001 100 131072 582856 15153 6838 7222
0b001201 0b001b01 10001 100 131072 582881 15133 6838 5298
0b001e01 0b001701 10001 100 131072 582856 15172 6838 7230
0b001a01 0b001301 10001 100 131072 582881 15152 6838 5306
0b000301 0b000c01 10001 100 131072 583347 14768 6838 1939
0b000701 0b000801 10001 100 131072 583350 14789 6838 23
0b000501 0b000601 10008 100 131072 598226 3013 2898 2437
0b000101 0b000201 10008 100 131072 598294 3007 2898 513
0b000201 0b000301 10008 100 131072 582764 19628 2898 3378
0b000601 0b000701 10008 100 131072 582765 19627 2898 2422
0b000201 0b000301 10009 100 131072 582765 19628 2898 2898
0b000601 0b000701 10009 100 131072 582766 19627 2898 1942
0b000201 0b000301 10010 100 131072 582766 19628 2898 2418
0b000601 0b000701 10010 100 131072 582767 19627 2898 1462
0b000201 0b000301 10011 100 131072 582767 19628 2898 1938
0b000601 0b000701 10011 100 131072 582768 19627 2898 982
0b000201 0b000301 10012 100 131072 582769 19627 2898 498
0b000601 0b000701 10012 100 131072 582769 19627 2898 502
0b000201 0b000301 10013 100 131072 582770 19627 2898 18
0b000601 0b000701 10013 100 131072 582770 19627 2898 22
0b000e01 0b000f01 10008 100 131072 582549 19886 2898 2430
0b000a01 0b000b01 10008 100 131072 582548 19887 2898 3386
0b000e01 0b000f01 10009 100 131072 582550 19886 2898 1950
0b000a01 0b000b01 10009 100 131072 582549 19887 2898 2906
0b000e01 0b000f01 10010 100 131072 582551 19886 2898 1470
0b000a01 0b000b01 10010 100 131072 582550 19887 2898 2426
0b000e01 0b000f01 10011 100 131072 582552 19886 2898 990
0b000a01 0b000b01 10011 100 131072 582551 19887 2898 1946
0b000e01 0b000f01 10012 100 131072 582553 19886 2898 510
0b000a01 0b000b01 10012 100 131072 582553 19886 2898 506
0b000e01 0b000f01 10013 100 131072 582554 19886 2898 30
0b000a01 0b000b01 10013 100 131072 582554 19886 2898 26
0b000d01 0b000e01 10008 100 131072 582651 19895 2898 29
0b000901 0b000a01 10008 100 131072 582651 19916 2898 25
0b000d01 0b000e01 10009 100 131072 582652 19916 2898 3389
0b000901 0b000a01 10009 100 131072 582652 19916 2898 3385
0b000d01 0b000e01 10010 100 131072 582675 19894 2898 1949
0b000901 0b000a01 10010 100 131072 582653 19916 2898 2905
0b000d01 0b000e01 10011 100 131072 582676 19894 2898 1469
0b000901 0b000a01 10011 100 131072 582675 19895 2898 2425
0b000d01 0b000e01 10012 100 131072 582677 19894 2898 989
0b000901 0b000a01 10012 100 131072 582676 19895 2898 1945
0b000d01 0b000e01 10013 100 131072 582678 19894 2898 509
0b000901 0b000a01 10013 100 131072 582677 19895 2898 1465
0b000c01 0b000d01 10008 100 131072 582592 20069 2898 3388
0b000801 0b000901 10008 100 131072 582592 20069 2898 3384
0b000c01 0b000d01 10009 100 131072 582593 20090 2898 2908
0b000801 0b000901 10009 100 131072 582593 20090 2898 2904
0b000c01 0b000d01 10010 100 131072 582595 20089 2898 1468
0b000801 0b000901 10010 100 131072 582594 20090 2898 2424
0b000c01 0b000d01 10011 100 131072 582596 20089 2898 988
0b000801 0b000901 10011 100 131072 582595 20090 2898 1944
0b000c01 0b000d01 10012 100 131072 582618 20068 2898 508
0b000801 0b000901 10012 100 131072 582596 20090 2898 1464
0b000c01 0b000d01 10013 100 131072 582619 20068 2898 28
0b000801 0b000901 10013 100 131072 582618 20069 2898 984
0b001b01 0b001c01 10008 100 131072 582637 20091 2898 7227
0b001301 0b001401 10008 100 131072 582637 20091 2898 7219
0b001301 0b001401 10009 100 131072 582638 20091 2898 6739
0b001b01 0b001c01 10009 100 131072 582638 20091 2898 6747
0b001301 0b001401 10010 100 131072 582639 20091 2898 6259
0b001b01 0b001c01 10010 100 131072 582639 20091 2898 6267
0b001b01 0b001c01 10011 100 131072 582641 20090 2898 4827
0b001301 0b001401 10011 100 131072 582641 20090 2898 4819
0b001b01 0b001c01 10012 100 131072 582663 20069 2898 4347
0b001301 0b001401 10012 100 131072 582663 20069 2898 4339
0b001b01 0b001c01 10013 100 131072 582664 20069 2898 3867
0b001301 0b001401 10013 100 131072 582664 20069 2898 3859
0b001f01 0b001801 10008 100 131072 582637 20114 2898 6751
0b001701 0b001001 10008 100 131072 582637 20114 2898 6743
0b001f01 0b001801 10009 100 131072 582638 20114 2898 6271
0b001701 0b001001 10009 100 131072 582638 20114 2898 6263
0b001f01 0b001801 10010 100 131072 582639 20114 2898 5791
0b001f01 0b001801 10011 100 131072 582640 20114 2898 5311
0b001701 0b001001 10010 100 131072 582639 20114 2898 5783
0b001f01 0b001801 10012 100 131072 582641 20114 2898 4831
0b001701 0b001001 10011 100 131072 582640 20114 2898 5303
0b001f01 0b001801 10013 100 131072 582663 20093 2898 4351
0b001701 0b001001 10012 100 131072 582641 20114 2898 4823
0b001701 0b001001 10013 100 131072 582663 20093 2898 4343
0b000b01 0b000c01 10008 100 131072 582651 20154 2898 3387
0b000f01 0b000801 10008 100 131072 582651 20155 2898 2911
0b000b01 0b000c01 10009 100 131072 582652 20154 2898 2907
0b000f01 0b000801 10009 100 131072 582652 20155 2898 2431
0b000b01 0b000c01 10010 100 131072 582675 20132 2898 2427
0b000f01 0b000801 10010 100 131072 582675 20133 2898 1951
0b000b01 0b000c01 10011 100 131072 582677 20131 2898 987
0b001801 0b001901 10008 100 131072 582607 20198 2898 7224
0b000f01 0b000801 10011 100 131072 582676 20133 2898 1471
0b000b01 0b000c01 10012 100 131072 582678 20131 2898 507
0b001001 0b001101 10008 100 131072 582607 20198 2898 7216
0b001801 0b001901 10009 100 131072 582608 20198 2898 6744
0b000f01 0b000801 10012 100 131072 582677 20133 2898 991
0b001001 0b001101 10009 100 131072 582608 20198 2898 6736
0b001801 0b001901 10010 100 131072 582609 20198 2898 6264
0b000b01 0b000c01 10013 100 131072 582679 20131 2898 27
0b001001 0b001101 10010 100 131072 582609 20198 2898 6256
0b000f01 0b000801 10013 100 131072 582678 20133 2898 511
0b001801 0b001901 10011 100 131072 582610 20198 2898 5784
0b001801 0b001901 10012 100 131072 582611 20198 2898 5304
0b001001 0b001101 10011 100 131072 582610 20198 2898 5776
0b001801 0b001901 10013 100 131072 582612 20198 2898 4824
0b001001 0b001101 10012 100 131072 582611 20198 2898 5296
0b001001 0b001101 10013 100 131072 582612 20198 2898 4816
0b001c01 0b001d01 10008 100 131072 582607 20220 2898 7228
0b001c01 0b001d01 10009 100 131072 582608 20220 2898 6748
0b001c01 0b001d01 10010 100 131072 582610 20219 2898 5308
0b001c01 0b001d01 10011 100 131072 582611 20219 2898 4828
0b001401 0b001501 10008 100 131072 582607 20220 2898 7220
0b001c01 0b001d01 10012 100 131072 582612 20219 2898 4348
0b001401 0b001501 10009 100 131072 582608 20220 2898 6740
0b001401 0b001501 10010 100 131072 582610 20219 2898 5300
0b001c01 0b001d01 10013 100 131072 582613 20219 2898 3868
0b001401 0b001501 10011 100 131072 582611 20219 2898 4820
0b001401 0b001501 10012 100 131072 582612 20219 2898 4340
0b001401 0b001501 10013 100 131072 582613 20219 2898 3860
0b000e01 0b000f01 10014 100 131072 585219 17674 2898 2446
0b000a01 0b000b01 10014 100 131072 585219 17674 2898 522
0b000d01 0b000e01 10014 100 131072 585218 17764 2898 1965
0b000901 0b000a01 10014 100 131072 585218 17764 2898 41
0b001501 0b001601 10008 100 131072 582651 20501 2898 3861
0b001d01 0b001e01 10008 100 131072 582651 20501 2898 3869
0b001101 0b001201 10008 100 131072 582651 20501 2898 3857
0b001901 0b001a01 10008 100 131072 582651 20501 2898 3865
0b001501 0b001601 10009 100 131072 582652 20501 2898 7221
0b001d01 0b001e01 10009 100 131072 582652 20501 2898 7229
0b001101 0b001201 10009 100 131072 582652 20501 2898 7217
0b001901 0b001a01 10009 100 131072 582652 20501 2898 7225
0b001501 0b001601 10010 100 131072 582654 20500 2898 5781
0b001d01 0b001e01 10010 100 131072 582654 20500 2898 5789
0b000201 0b000301 10014 100 131072 585181 18032 2898 514
0b001101 0b001201 10010 100 131072 582653 20501 2898 6737
0b001901 0b001a01 10010 100 131072 582653 20501 2898 6745
0b000601 0b000701 10014 100 131072 585181 18032 2898 2438
0b001501 0b001601 10011 100 131072 582655 20500 2898 5301
0b001d01 0b001e01 10011 100 131072 582655 20500 2898 5309
0b001101 0b001201 10011 100 131072 582654 20501 2898 6257
0b001901 0b001a01 10011 100 131072 582654 20501 2898 6265
0b001101 0b001201 10012 100 131072 582655 20501 2898 5777
0b001901 0b001a01 10012 100 131072 582655 20501 2898 5785
0b001501 0b001601 10012 100 131072 582656 20521 2898 4821
0b001101 0b001201 10013 100 131072 582656 20522 2898 5297
0b001d01 0b001e01 10012 100 131072 582656 20521 2898 4829
0b001501 0b001601 10013 100 131072 582657 20521 2898 4341
0b001901 0b001a01 10013 100 131072 582656 20522 2898 5305
0b001d01 0b001e01 10013 100 131072 582657 20521 2898 4349
0b000c01 0b000d01 10014 100 131072 585218 18318 2898 1484
0b000801 0b000901 10014 100 131072 585218 18318 2898 3400
0b001601 0b001701 10008 100 131072 582857 20475 2898 6262
0b001e01 0b001f01 10008 100 131072 582857 20475 2898 6270
0b001201 0b001301 10008 100 131072 582856 20476 2898 7218
0b001a01 0b001b01 10008 100 131072 582856 20476 2898 7226
0b001601 0b001701 10009 100 131072 582858 20475 2898 5782
0b001201 0b001301 10009 100 131072 582857 20476 2898 6738
0b001e01 0b001f01 10009 100 131072 582858 20475 2898 5790
0b001a01 0b001b01 10009 100 131072 582857 20476 2898 6746
0b001601 0b001701 10010 100 131072 582880 20454 2898 5302
0b001201 0b001301 10010 100 131072 582858 20476 2898 6258
0b001e01 0b001f01 10010 100 131072 582880 20454 2898 5310
0b001a01 0b001b01 10010 100 131072 582858 20476 2898 6266
0b001601 0b001701 10011 100 131072 582881 20454 2898 4822
0b001201 0b001301 10011 100 131072 582880 20455 2898 5778
0b001e01 0b001f01 10011 100 131072 582881 20454 2898 4830
0b001a01 0b001b01 10011 100 131072 582880 20455 2898 5786
0b001601 0b001701 10012 100 131072 582903 20433 2898 4342
0b001201 0b001301 10012 100 131072 582903 20433 2898 4338
0b001e01 0b001f01 10012 100 131072 582903 20433 2898 4350
0b001a01 0b001b01 10012 100 131072 582903 20433 2898 4346
0b001601 0b001701 10013 100 131072 582904 20433 2898 3862
0b001201 0b001301 10013 100 131072 582904 20433 2898 3858
0b001e01 0b001f01 10013 100 131072 582904 20433 2898 3870
0b001a01 0b001b01 10013 100 131072 582904 20433 2898 3866
0b001301 0b001401 10014 100 131072 585218 18364 2898 4835
0b001701 0b001001 10014 100 131072 585218 18366 2898 6759
0b001b01 0b001c01 10014 100 131072 585218 18364 2898 4843
0b001f01 0b001801 10014 100 131072 585218 18366 2898 6767
0b000b01 0b000c01 10014 100 131072 585224 18421 2898 1003
0b000f01 0b000801 10014 100 131072 585224 18421 2898 2927
0b001001 0b001101 10014 100 131072 585218 18452 2898 7232
0b001801 0b001901 10014 100 131072 585218 18452 2898 7240
0b001401 0b001501 10014 100 131072 585218 18474 2898 5316
0b001c01 0b001d01 10014 100 131072 585218 18474 2898 5324
0b001101 0b001201 10014 100 131072 585224 18793 2898 3873
0b001901 0b001a01 10014 100 131072 585224 18793 2898 3881
0b001501 0b001601 10014 100 131072 585224 18793 2898 5797
0b001d01 0b001e01 10014 100 131072 585224 18793 2898 5805
0b001601 0b001701 10014 100 131072 585218 18870 2898 6278
0b001e01 0b001f01 10014 100 131072 585218 18870 2898 6286
0b001201 0b001301 10014 100 131072 585218 18870 2898 4354
0b001a01 0b001b01 10014 100 131072 585218 18870 2898 4362
0b000201 0b000301 10015 100 131072 598993 6814 2898 994
0b000601 0b000701 10015 100 131072 598985 6867 2898 2918
0b001001 0b001101 10015 100 131072 600408 5400 2898 3872
0b001801 0b001901 10015 100 131072 600389 5419 2898 3880
0b001401 0b001501 10015 100 131072 600340 5468 2898 5796
0b001c01 0b001d01 10015 100 131072 600321 5487 2898 5804
0b001701 0b001001 10015 100 131072 601038 4815 2898 7239
0b001f01 0b001801 10015 100 131072 601019 4834 2898 7247
0b001301 0b001401 10015 100 131072 601043 4829 2898 5315
0b001b01 0b001c01 10015 100 131072 601024 4848 2898 5323
0b001501 0b001601 10015 100 131072 598320 7556 2898 6277
0b001d01 0b001e01 10015 100 131072 598334 7542 2898 6285
0b001101 0b001201 10015 100 131072 598340 7538 2898 4353
0b001901 0b001a01 10015 100 131072 598317 7561 2898 4361
0b000c01 0b000d01 10015 100 131072 601125 4807 2898 1964
0b000801 0b000901 10015 100 131072 601149 4783 2898 40
0b001601 0b001701 10015 100 131072 598989 7074 2898 6758
0b001e01 0b001f01 10015 100 131072 598987 7076 2898 6766
0b001201 0b001301 10015 100 131072 598991 7072 2898 4834
0b001a01 0b001b01 10015 100 131072 598989 7074 2898 4842
0b000b01 0b000c01 10015 100 131072 600781 6078 2898 1483
0b000f01 0b000801 10015 100 131072 600819 6041 2898 3407
0b000201 0b000301 10016 100 131072 604311 3657 2898 530
0b000601 0b000701 10016 100 131072 604249 3719 2898 2454
0b000d01 0b000601 10002 100 131072 605693 12016 6838 2925
0b000901 0b000201 10002 100 131072 605697 12058 6838 1001
0b001501 0b001e01 10002 100 131072 605838 12198 6838 6757
0b001101 0b001a01 10002 100 131072 605820 12217 6838 4833
0b001d01 0b001601 10002 100 131072 605838 12217 6838 6765
0b001901 0b001201 10002 100 131072 605820 12236 6838 4841
0b001401 0b001d01 10002 100 131072 605740 12621 6838 6276
0b001c01 0b001501 10002 100 131072 605740 12644 6838 6284
0b001001 0b001901 10002 100 131072 605766 12682 6838 4352
0b001801 0b001101 10002 100 131072 605766 12705 6838 4360
0b000c01 0b000501 10002 100 131072 605817 12783 6838 2444
0b000801 0b000101 10002 100 131072 605821 12823 6838 520
0b000a01 0b000301 10002 100 131072 605582 13192 6838 1482
0b000e01 0b000701 10002 100 131072 605578 13200 6838 3406
0b001201 0b001b01 10002 100 131072 606188 12646 6838 5314
0b001a01 0b001301 10002 100 131072 606188 12648 6838 5322
0b001601 0b001f01 10002 100 131072 606163 12673 6838 7238
0b001e01 0b001701 10002 100 131072 606163 12675 6838 7246
0b000301 0b000c01 10002 100 131072 605405 13525 6838 1955
0b000701 0b000801 10002 100 131072 605407 13524 6838 39
0b000b01 0b000401 10002 100 131072 605448 15103 15174 1963
0b000f01 0b000001 10002 100 131072 605450 15103 15174 47
0b001301 0b001c01 10002 100 131072 606345 14514 6838 5795
0b001701 0b001801 10002 100 131072 606347 14514 6838 3879
0b001b01 0b001401 10002 100 131072 606345 14533 6838 5803
0b001f01 0b001001 10002 100 131072 606347 14533 6838 3887
0b000e01 0b000f01 10015 100 131072 605556 17281 2898 46
0b000e01 0b000f01 10016 100 131072 605579 17369 2898 1966
0b000a01 0b000b01 10015 100 131072 605577 17371 2898 42
0b000e01 0b000f01 10017 100 131072 605580 17369 2898 1486
0b000e01 0b000f01 10018 100 131072 605581 17369 2898 1006
0b000e01 0b000f01 10019 100 131072 605582 17369 2898 526
0b000a01 0b000b01 10016 100 131072 605578 17392 2898 3402
0b000a01 0b000b01 10017 100 131072 605579 17392 2898 2922
0b000a01 0b000b01 10018 100 131072 605580 17392 2898 2442
0b000a01 0b000b01 10019 100 131072 605581 17392 2898 1962
0b000e01 0b000f01 10020 100 131072 605992 17026 2898 1982
0b000a01 0b000b01 10020 100 131072 605992 17027 2898 58
0b000b01 0b000c01 10016 100 131072 605445 17628 2898 3403
0b000f01 0b000801 10016 100 131072 605445 17629 2898 2447
0b000b01 0b000c01 10017 100 131072 605446 17649 2898 2923
0b000f01 0b000801 10017 100 131072 605446 17650 2898 1967
0b000b01 0b000c01 10018 100 131072 605447 17649 2898 2443
0b000f01 0b000801 10018 100 131072 605447 17650 2898 1487
0b000b01 0b000c01 10019 100 131072 605449 17648 2898 523
0b000f01 0b000801 10019 100 131072 605448 17650 2898 1007
0b000b01 0b000c01 10020 100 131072 605450 17648 2898 43
0b000f01 0b000801 10020 100 131072 605449 17650 2898 527
0b000b01 0b000c01 10021 100 131072 605903 17262 2898 539
0b000f01 0b000801 10021 100 131072 605903 17263 2898 2463
0b000601 0b000701 10017 100 131072 620719 3050 2898 2934
0b000201 0b000301 10017 100 131072 620765 3048 2898 1010
0b000501 0b000601 10009 100 131072 621610 2969 2898 2453
0b000101 0b000201 10009 100 131072 621654 2969 2898 529
0b000d01 0b000e01 10015 100 131072 605671 19557 2898 3405
0b000901 0b000a01 10015 100 131072 605671 19646 2898 3401
0b000901 0b000a01 10016 100 131072 605693 19625 2898 2921
0b000901 0b000a01 10017 100 131072 605694 19625 2898 2441
0b000901 0b000a01 10018 100 131072 605695 19625 2898 1961
0b000901 0b000a01 10019 100 131072 605696 19625 2898 1481
0b000d01 0b000e01 10016 100 131072 605694 19667 2898 1485
0b000d01 0b000e01 10017 100 131072 605695 19667 2898 1005
0b000d01 0b000e01 10018 100 131072 605696 19667 2898 525
0b000d01 0b000e01 10019 100 131072 605697 19688 2898 45
0b001c01 0b001d01 10016 100 131072 605738 19795 2898 7244
0b001401 0b001501 10016 100 131072 605738 19795 2898 7236
0b001c01 0b001d01 10017 100 131072 605739 19795 2898 6764
0b001401 0b001501 10017 100 131072 605739 19795 2898 6756
0b001c01 0b001d01 10018 100 131072 605741 19794 2898 4844
0b001401 0b001501 10018 100 131072 605741 19794 2898 4836
0b001c01 0b001d01 10019 100 131072 605742 19794 2898 4364
0b001401 0b001501 10019 100 131072 605742 19794 2898 4356
0b001c01 0b001d01 10020 100 131072 605743 19794 2898 3884
0b001401 0b001501 10020 100 131072 605743 19794 2898 3876
0b001801 0b001901 10016 100 131072 605761 19838 2898 6760
0b001001 0b001101 10016 100 131072 605761 19838 2898 6752
0b001001 0b001101 10017 100 131072 605762 19838 2898 6272
0b001801 0b001901 10017 100 131072 605762 19838 2898 6280
0b001001 0b001101 10018 100 131072 605763 19838 2898 5792
0b001801 0b001901 10018 100 131072 605763 19838 2898 5800
0b001001 0b001101 10019 100 131072 605764 19838 2898 5312
0b001801 0b001901 10019 100 131072 605764 19838 2898 5320
0b001001 0b001101 10020 100 131072 605765 19838 2898 4832
0b001801 0b001901 10020 100 131072 605765 19838 2898 4840
0b000d01 0b000e01 10020 100 131072 606546 19158 2898 1501
0b000901 0b000a01 10020 100 131072 606546 19159 2898 3417
0b000c01 0b000d01 10016 100 131072 605815 19934 2898 3404
0b000801 0b000901 10016 100 131072 605816 19933 2898 2920
0b000c01 0b000d01 10017 100 131072 605816 19934 2898 2924
0b000801 0b000901 10017 100 131072 605817 19933 2898 2440
0b000c01 0b000d01 10018 100 131072 605818 19933 2898 1004
0b000801 0b000901 10018 100 131072 605818 19933 2898 1960
0b000c01 0b000d01 10019 100 131072 605819 19933 2898 524
0b000801 0b000901 10019 100 131072 605819 19954 2898 1480
0b000c01 0b000d01 10020 100 131072 605820 19954 2898 44
0b000801 0b000901 10020 100 131072 605820 19954 2898 1000
0b001101 0b001201 10016 100 131072 605815 20245 2898 7233
0b001c01 0b001d01 10021 100 131072 606592 19474 2898 4860
0b001101 0b001201 10017 100 131072 605816 20245 2898 6753
0b001801 0b001901 10021 100 131072 606594 19472 2898 6776
0b001101 0b001201 10018 100 131072 605817 20245 2898 6273
0b001101 0b001201 10019 100 131072 605818 20245 2898 5793
0b001101 0b001201 10020 100 131072 605819 20245 2898 5313
0b001401 0b001501 10021 100 131072 606592 19474 2898 4852
0b001001 0b001101 10021 100 131072 606594 19472 2898 6768
0b001901 0b001a01 10016 100 131072 605815 20267 2898 7241
0b001901 0b001a01 10017 100 131072 605816 20267 2898 6761
0b001901 0b001a01 10018 100 131072 605817 20267 2898 6281
0b001901 0b001a01 10019 100 131072 605818 20267 2898 5801
0b001901 0b001a01 10020 100 131072 605819 20267 2898 5321
0b000d01 0b000e01 10021 100 131072 608942 17180 2898 1981
0b001501 0b001601 10016 100 131072 605837 20264 2898 7237
0b000901 0b000a01 10021 100 131072 608942 17181 2898 57
0b001501 0b001601 10017 100 131072 605839 20263 2898 5317
0b001501 0b001601 10018 100 131072 605840 20263 2898 4837
0b001501 0b001601 10019 100 131072 605841 20263 2898 4357
0b001501 0b001601 10020 100 131072 605842 20263 2898 3877
0b001d01 0b001e01 10016 100 131072 605837 20264 2898 7245
0b001d01 0b001e01 10017 100 131072 605839 20263 2898 5325
0b001d01 0b001e01 10018 100 131072 605840 20263 2898 4845
0b001d01 0b001e01 10019 100 131072 605841 20263 2898 4365
0b001d01 0b001e01 10020 100 131072 605842 20263 2898 3885
0b000c01 0b000d01 10021 100 131072 606655 19573 2898 1020
0b000801 0b000901 10021 100 131072 606655 19594 2898 2936
0b001101 0b001201 10021 100 131072 606680 19847 2898 7249
0b001901 0b001a01 10021 100 131072 606680 19869 2898 7257
0b001201 0b001301 10016 100 131072 606162 20400 2898 3874
0b001601 0b001701 10016 100 131072 606162 20401 2898 3878
0b001201 0b001301 10017 100 131072 606163 20400 2898 7234
0b001601 0b001701 10017 100 131072 606164 20400 2898 5798
0b001201 0b001301 10018 100 131072 606164 20400 2898 6754
0b001601 0b001701 10018 100 131072 606165 20400 2898 5318
0b001201 0b001301 10019 100 131072 606165 20400 2898 6274
0b001a01 0b001b01 10016 100 131072 606162 20400 2898 3882
0b001601 0b001701 10019 100 131072 606187 20379 2898 4838
0b001e01 0b001f01 10016 100 131072 606162 20401 2898 3886
0b001201 0b001301 10020 100 131072 606166 20400 2898 5794
0b001a01 0b001b01 10017 100 131072 606163 20400 2898 7242
0b001601 0b001701 10020 100 131072 606188 20379 2898 4358
0b001501 0b001601 10021 100 131072 606702 19866 2898 5333
0b001e01 0b001f01 10017 100 131072 606164 20400 2898 5806
0b001a01 0b001b01 10018 100 131072 606164 20400 2898 6762
0b001e01 0b001f01 10018 100 131072 606165 20400 2898 5326
0b001a01 0b001b01 10019 100 131072 606165 20400 2898 6282
0b001e01 0b001f01 10019 100 131072 606187 20379 2898 4846
0b001a01 0b001b01 10020 100 131072 606166 20400 2898 5802
0b001e01 0b001f01 10020 100 131072 606188 20379 2898 4366
0b001d01 0b001e01 10021 100 131072 606702 19866 2898 5341
0b001701 0b001001 10016 100 131072 606342 20324 2898 6279
0b001f01 0b001801 10016 100 131072 606342 20324 2898 6287
0b001301 0b001401 10016 100 131072 606342 20324 2898 7235
0b001b01 0b001c01 10016 100 131072 606342 20324 2898 7243
0b001701 0b001001 10017 100 131072 606343 20324 2898 5799
0b001f01 0b001801 10017 100 131072 606343 20324 2898 5807
0b001301 0b001401 10017 100 131072 606343 20324 2898 6755
0b001b01 0b001c01 10017 100 131072 606343 20324 2898 6763
0b001701 0b001001 10018 100 131072 606344 20324 2898 5319
0b001f01 0b001801 10018 100 131072 606344 20324 2898 5327
0b001301 0b001401 10018 100 131072 606344 20324 2898 6275
0b001b01 0b001c01 10018 100 131072 606344 20324 2898 6283
0b001701 0b001001 10019 100 131072 606345 20324 2898 4839
0b001f01 0b001801 10019 100 131072 606345 20324 2898 4847
0b001301 0b001401 10019 100 131072 606346 20323 2898 4355
0b001b01 0b001c01 10019 100 131072 606346 20323 2898 4363
0b001701 0b001001 10020 100 131072 606346 20324 2898 4359
0b001f01 0b001801 10020 100 131072 606346 20324 2898 4367
0b001b01 0b001c01 10020 100 131072 606347 20323 2898 3883
0b001301 0b001401 10020 100 131072 606347 20323 2898 3875
0b001c01 0b001d01 10022 100 131072 608882 17943 2898 5340
0b001401 0b001501 10022 100 131072 608882 17943 2898 5332
0b001801 0b001901 10022 100 131072 608863 17962 2898 7256
0b001001 0b001101 10022 100 131072 608863 17962 2898 7248
0b001e01 0b001f01 10021 100 131072 607027 20003 2898 5822
0b001601 0b001701 10021 100 131072 607027 20003 2898 5814
0b001a01 0b001b01 10021 100 131072 607027 20023 2898 3898
0b001201 0b001301 10021 100 131072 607027 20023 2898 3890
0b001f01 0b001801 10021 100 131072 607098 19971 2898 6303
0b001b01 0b001c01 10021 100 131072 607098 19971 2898 4379
0b001701 0b001001 10021 100 131072 607098 19971 2898 6295
0b001301 0b001401 10021 100 131072 607098 19971 2898 4371
0b001101 0b001201 10022 100 131072 608818 18416 2898 3889
0b001901 0b001a01 10022 100 131072 608818 18438 2898 3897
0b001d01 0b001e01 10022 100 131072 608818 18457 2898 5821
0b001501 0b001601 10022 100 131072 608818 18457 2898 5813
0b001201 0b001301 10022 100 131072 608888 18760 2898 4370
0b001a01 0b001b01 10022 100 131072 608888 18760 2898 4378
0b001601 0b001701 10022 100 131072 608886 18763 2898 6294
0b001e01 0b001f01 10022 100 131072 608886 18763 2898 6302
0b001701 0b001001 10022 100 131072 609073 18659 2898 6775
0b001f01 0b001801 10022 100 131072 609073 18659 2898 6783
0b001301 0b001401 10022 100 131072 609073 18680 2898 4851
0b001b01 0b001c01 10022 100 131072 609073 18680 2898 4859
0b001c01 0b001d01 10023 100 131072 623869 5095 2898 5820
0b001401 0b001501 10023 100 131072 623888 5076 2898 5812
0b001001 0b001101 10023 100 131072 623890 5096 2898 3888
0b001801 0b001901 10023 100 131072 623871 5115 2898 3896
0b001701 0b001001 10023 100 131072 621848 7711 2898 7255
0b001f01 0b001801 10023 100 131072 621846 7713 2898 7263
0b001301 0b001401 10023 100 131072 621846 7713 2898 5331
0b001b01 0b001c01 10023 100 131072 621844 7715 2898 5339
0b000c01 0b000d01 10022 100 131072 609869 19836 2898 1500
0b000801 0b000901 10022 100 131072 609870 19835 2898 3416
0b001e01 0b001f01 10023 100 131072 621046 8935 2898 6782
0b001601 0b001701 10023 100 131072 621065 8916 2898 6774
0b001a01 0b001b01 10023 100 131072 621047 9064 2898 4858
0b001201 0b001301 10023 100 131072 621066 9155 2898 4850
0b000601 0b000701 10018 100 131072 627589 2919 2898 2470
0b000201 0b000301 10018 100 131072 627633 2917 2898 546
0b001901 0b001a01 10023 100 131072 621458 8994 2898 4377
0b001101 0b001201 10023 100 131072 621481 8971 2898 4369
0b001501 0b001601 10023 100 131072 621394 9608 2898 6293
0b001d01 0b001e01 10023 100 131072 621371 9631 2898 6301
0b000801 0b000101 10003 100 131072 626109 11400 6838 536
0b000c01 0b000501 10003 100 131072 626106 11484 6838 2460
0b000701 0b000001 10006 100 131072 559010 79119 11234 3367
0b000301 0b000401 10006 100 131072 559010 79119 11234 3363
0b000701 0b000001 10005 100 131072 559010 79123 11234 2887
0b000301 0b000401 10005 100 131072 559010 79123 11234 2883
0b000701 0b000001 10004 100 131072 559010 79127 11234 2407
0b000301 0b000401 10004 100 131072 559010 79127 11234 2403
0b000701 0b000001 10003 100 131072 559010 79131 11234 1927
0b000301 0b000401 10003 100 131072 559010 79131 11234 1443
0b000701 0b000001 10002 100 131072 559010 79135 11234 1447
0b000301 0b000401 10002 100 131072 559010 79135 11234 963
0b000701 0b000001 10001 100 131072 559010 79223 11234 967
0b000301 0b000401 10001 100 131072 559010 79223 11234 483
0b000701 0b000001 10000 100 131072 559010 79227 11234 487
0b000301 0b000401 10000 100 131072 559010 79227 11234 3
0b000e01 0b000701 10003 100 131072 628238 10874 6838 3422
0b001301 0b001c01 10003 100 131072 629576 9644 6838 5811
0b001b01 0b001401 10003 100 131072 629576 9663 6838 5819
0b001701 0b001801 10003 100 131072 629573 9649 6838 3895
0b001f01 0b001001 10003 100 131072 629573 9669 6838 3903
0b000a01 0b000301 10003 100 131072 628331 10948 6838 1498
0b001c01 0b001501 10003 100 131072 629678 9641 6838 6300
0b001401 0b001d01 10003 100 131072 629678 9622 6838 6292
0b001001 0b001901 10003 100 131072 629680 9623 6838 4368
0b001801 0b001101 10003 100 131072 629680 9642 6838 4376
0b000c01 0b000d01 10023 100 131072 621940 18194 2898 1980
0b000801 0b000901 10023 100 131072 621941 18193 2898 56
0b000b01 0b000c01 10022 100 131072 625958 14496 2898 59
0b000f01 0b000801 10022 100 131072 625958 14584 2898 1983
0b000b01 0b000c01 10023 100 131072 625980 14563 2898 3419
0b000f01 0b000801 10023 100 131072 625959 14584 2898 1503
0b000b01 0b000c01 10024 100 131072 625981 14563 2898 2939
0b000f01 0b000801 10024 100 131072 625960 14584 2898 1023
0b000b01 0b000c01 10025 100 131072 625982 14563 2898 2459
0b000f01 0b000801 10025 100 131072 625961 14584 2898 543
0b000b01 0b000c01 10026 100 131072 626029 14517 2898 75
0b000f01 0b000801 10026 100 131072 626028 14518 2898 1999
0b000f01 0b000001 10003 100 131072 625847 15083 15174 63
0b001601 0b001f01 10003 100 131072 629111 11762 6838 7254
0b001e01 0b001701 10003 100 131072 629111 11781 6838 7262
0b000b01 0b000401 10003 100 131072 625983 15083 15174 1979
0b001201 0b001b01 10003 100 131072 629074 11874 6838 5330
0b001d01 0b001601 10003 100 131072 628544 12434 6838 6781
0b001501 0b001e01 10003 100 131072 628544 12415 6838 6773
0b001a01 0b001301 10003 100 131072 629096 11895 6838 5338
0b001901 0b001201 10003 100 131072 628613 12478 6838 4857
0b001101 0b001a01 10003 100 131072 628613 12459 6838 4849
0b000d01 0b000601 10003 100 131072 628760 12465 6838 2941
0b000901 0b000201 10003 100 131072 628784 12508 6838 1017
0b000c01 0b000d01 10024 100 131072 626083 17228 2898 3420
0b000801 0b000901 10024 100 131072 626084 17227 2898 2456
0b000c01 0b000d01 10025 100 131072 626105 17207 2898 2940
0b000801 0b000901 10025 100 131072 626106 17206 2898 1976
0b000c01 0b000d01 10026 100 131072 626107 17206 2898 540
0b000801 0b000901 10026 100 131072 626107 17206 2898 1496
0b000c01 0b000d01 10027 100 131072 626108 17206 2898 60
0b000101 0b000201 10010 100 131072 640519 2907 2898 545
0b000801 0b000901 10027 100 131072 626108 17206 2898 1016
0b000c01 0b000d01 10028 100 131072 626175 17140 2898 556
0b000801 0b000901 10028 100 131072 626176 17139 2898 2472
0b000501 0b000601 10010 100 131072 640600 2907 2898 2469
0b000a01 0b000b01 10021 100 131072 628327 17164 2898 3418
0b000a01 0b000b01 10022 100 131072 628328 17164 2898 2938
0b000a01 0b000b01 10023 100 131072 628329 17164 2898 2458
0b000a01 0b000b01 10024 100 131072 628330 17164 2898 1978
0b000e01 0b000f01 10021 100 131072 628371 17165 2898 1502
0b000e01 0b000f01 10022 100 131072 628372 17186 2898 1022
0b000e01 0b000f01 10023 100 131072 628373 17186 2898 542
0b000e01 0b000f01 10024 100 131072 628395 17165 2898 62
0b000a01 0b000b01 10025 100 131072 628715 16964 2898 3434
0b000901 0b000a01 10022 100 131072 628759 16973 2898 2937
0b000d01 0b000e01 10022 100 131072 628759 16973 2898 3421
0b000e01 0b000f01 10025 100 131072 628714 17031 2898 1518
0b000901 0b000a01 10023 100 131072 628760 16994 2898 2457
0b000d01 0b000e01 10023 100 131072 628761 16993 2898 1021
0b000901 0b000a01 10024 100 131072 628761 16994 2898 1977
0b000901 0b000a01 10025 100 131072 628783 16973 2898 1497
0b000a01 0b000b01 10026 100 131072 629133 16635 2898 74
0b000d01 0b000e01 10024 100 131072 628762 17014 2898 541
0b000d01 0b000e01 10025 100 131072 628784 16993 2898 61
0b000e01 0b000f01 10026 100 131072 629132 16680 2898 1998
0b000901 0b000a01 10026 100 131072 629259 16828 2898 2953
0b000d01 0b000e01 10026 100 131072 629238 16849 2898 1037
0b000601 0b000701 10019 100 131072 644235 3397 2898 2950
0b000201 0b000301 10019 100 131072 644302 3545 2898 1026
0b000701 0b000001 10007 100 131072 577457 70890 11234 3383
0b000301 0b000401 10007 100 131072 577457 70893 11234 1459
0b001e01 0b001f01 10024 100 131072 629112 19967 2898 5342
0b001601 0b001701 10024 100 131072 629112 19967 2898 5334
0b001e01 0b001f01 10025 100 131072 629113 19967 2898 4862
0b001601 0b001701 10025 100 131072 629113 19967 2898 4854
0b001601 0b001701 10026 100 131072 629114 19967 2898 4374
0b001e01 0b001f01 10026 100 131072 629114 19967 2898 4382
0b001e01 0b001f01 10027 100 131072 629115 19988 2898 3902
0b001601 0b001701 10027 100 131072 629115 19988 2898 3894
0b001a01 0b001b01 10024 100 131072 629092 20082 2898 7258
0b001101 0b001201 10024 100 131072 628609 20566 2898 6769
0b001901 0b001a01 10024 100 131072 628609 20566 2898 6777
0b001101 0b001201 10025 100 131072 628610 20566 2898 6289
0b001a01 0b001b01 10025 100 131072 629093 20082 2898 6778
0b001101 0b001201 10026 100 131072 628611 20566 2898 5809
0b001901 0b001a01 10025 100 131072 628610 20566 2898 6297
0b001101 0b001201 10027 100 131072 628612 20566 2898 5329
0b001a01 0b001b01 10026 100 131072 629094 20082 2898 6298
0b001901 0b001a01 10026 100 131072 628611 20566 2898 5817
0b001a01 0b001b01 10027 100 131072 629095 20082 2898 5818
0b001901 0b001a01 10027 100 131072 628612 20566 2898 5337
0b001201 0b001301 10024 100 131072 629070 20126 2898 7250
0b001201 0b001301 10025 100 131072 629071 20126 2898 6770
0b001201 0b001301 10026 100 131072 629072 20126 2898 6290
0b001201 0b001301 10027 100 131072 629073 20126 2898 5810
0b001d01 0b001e01 10024 100 131072 628543 20698 2898 7261
0b001d01 0b001e01 10025 100 131072 628545 20697 2898 4861
0b001501 0b001601 10024 100 131072 628543 20698 2898 7253
0b001d01 0b001e01 10026 100 131072 628546 20697 2898 4381
0b001d01 0b001e01 10027 100 131072 628547 20697 2898 3901
0b001501 0b001601 10025 100 131072 628545 20697 2898 4853
0b001501 0b001601 10026 100 131072 628546 20697 2898 4373
0b001501 0b001601 10027 100 131072 628547 20697 2898 3893
0b000901 0b000a01 10027 100 131072 632715 16623 2898 3433
0b000d01 0b000e01 10027 100 131072 632715 16644 2898 1517
0b001601 0b001701 10028 100 131072 629578 19865 2898 5350
0b001e01 0b001f01 10028 100 131072 629578 19865 2898 5358
0b001101 0b001201 10028 100 131072 629076 20476 2898 6785
0b001201 0b001301 10028 100 131072 629537 20017 2898 7266
0b001a01 0b001b01 10028 100 131072 629559 19973 2898 7274
0b001901 0b001a01 10028 100 131072 629076 20476 2898 6793
0b001301 0b001401 10024 100 131072 629572 20019 2898 3891
0b001301 0b001401 10025 100 131072 629573 20019 2898 7251
0b001301 0b001401 10026 100 131072 629574 20019 2898 6771
0b001301 0b001401 10027 100 131072 629575 20019 2898 6291
0b001501 0b001601 10028 100 131072 629076 20521 2898 4869
0b001d01 0b001e01 10028 100 131072 629076 20542 2898 4877
0b001b01 0b001c01 10024 100 131072 629572 20063 2898 3899
0b001701 0b001001 10024 100 131072 629574 20083 2898 5815
0b001b01 0b001c01 10025 100 131072 629573 20063 2898 7259
0b001701 0b001001 10025 100 131072 629575 20083 2898 5335
0b001b01 0b001c01 10026 100 131072 629574 20063 2898 6779
0b001701 0b001001 10026 100 131072 629576 20083 2898 4855
0b001b01 0b001c01 10027 100 131072 629575 20063 2898 6299
0b001701 0b001001 10027 100 131072 629577 20104 2898 4375
0b001f01 0b001801 10024 100 131072 629574 20083 2898 5823
0b001f01 0b001801 10025 100 131072 629575 20083 2898 5343
0b001f01 0b001801 10026 100 131072 629576 20083 2898 4863
0b001f01 0b001801 10027 100 131072 629577 20104 2898 4383
0b000601 0b000701 10020 100 131072 646517 3413 2898 2486
0b001601 0b001701 10029 100 131072 630285 19578 2898 5830
0b000201 0b000301 10020 100 131072 646436 3560 2898 562
0b001e01 0b001f01 10029 100 131072 630285 19578 2898 5838
0b001201 0b001301 10029 100 131072 630244 19643 2898 3906
0b001101 0b001201 10029 100 131072 629835 20114 2898 7265
0b001a01 0b001b01 10029 100 131072 630266 19665 2898 3914
0b001901 0b001a01 10029 100 131072 629835 20114 2898 7273
0b001501 0b001601 10029 100 131072 629835 20159 2898 5349
0b001d01 0b001e01 10029 100 131072 629835 20159 2898 5357
0b001301 0b001401 10028 100 131072 630060 19998 2898 3907
0b001701 0b001001 10028 100 131072 630040 20063 2898 5831
0b001b01 0b001c01 10028 100 131072 630060 20021 2898 3915
0b001401 0b001501 10024 100 131072 629676 20467 2898 7252
0b001401 0b001501 10025 100 131072 629677 20467 2898 6772
0b001f01 0b001801 10028 100 131072 630040 20063 2898 5839
0b001001 0b001101 10024 100 131072 629676 20469 2898 6288
0b001401 0b001501 10026 100 131072 629679 20466 2898 4372
0b001001 0b001101 10025 100 131072 629677 20469 2898 5808
0b001401 0b001501 10027 100 131072 629680 20466 2898 3892
0b001001 0b001101 10026 100 131072 629678 20469 2898 5328
0b001001 0b001101 10027 100 131072 629679 20469 2898 4848
0b001c01 0b001d01 10024 100 131072 629676 20489 2898 7260
0b001c01 0b001d01 10025 100 131072 629677 20489 2898 6780
0b001801 0b001901 10024 100 131072 629676 20491 2898 6296
0b001c01 0b001d01 10026 100 131072 629679 20488 2898 4380
0b001801 0b001901 10025 100 131072 629677 20491 2898 5816
0b001c01 0b001d01 10027 100 131072 629680 20488 2898 3900
0b001801 0b001901 10026 100 131072 629678 20491 2898 5336
0b001801 0b001901 10027 100 131072 629679 20491 2898 4856
0b001301 0b001401 10029 100 131072 630658 19710 2898 4387
0b001b01 0b001c01 10029 100 131072 630658 19754 2898 4395
0b001701 0b001001 10029 100 131072 630659 19775 2898 6311
0b001f01 0b001801 10029 100 131072 630659 19775 2898 6319
0b001401 0b001501 10028 100 131072 630079 20422 2898 4388
0b001001 0b001101 10028 100 131072 630079 20424 2898 6304
0b001c01 0b001d01 10028 100 131072 630079 20444 2898 4396
0b001801 0b001901 10028 100 131072 630079 20446 2898 6312
0b001101 0b001201 10030 100 131072 631996 18647 2898 3905
0b001901 0b001a01 10030 100 131072 631996 18647 2898 3913
0b001501 0b001601 10030 100 131072 631974 18691 2898 5829
0b001d01 0b001e01 10030 100 131072 631974 18691 2898 5837
0b001401 0b001501 10029 100 131072 630763 20135 2898 4868
0b001001 0b001101 10029 100 131072 630742 20158 2898 6784
0b001c01 0b001d01 10029 100 131072 630763 20157 2898 4876
0b001801 0b001901 10029 100 131072 630742 20180 2898 6792
0b001201 0b001301 10030 100 131072 633462 17528 2898 4386
0b001a01 0b001b01 10030 100 131072 633462 17528 2898 4394
0b001601 0b001701 10030 100 131072 634012 17067 2898 6310
0b001e01 0b001f01 10030 100 131072 634012 17067 2898 6318
0b001701 0b001001 10030 100 131072 632991 18238 2898 6791
0b001f01 0b001801 10030 100 131072 632991 18238 2898 6799
0b001301 0b001401 10030 100 131072 633231 18020 2898 4867
0b001b01 0b001c01 10030 100 131072 633121 18130 2898 4875
0b000c01 0b000501 10004 100 131072 643555 7673 6838 2476
0b000801 0b000101 10004 100 131072 643555 7674 6838 552
0b001c01 0b001d01 10030 100 131072 632569 18970 2898 5356
0b001801 0b001901 10030 100 131072 632569 18972 2898 7272
0b001401 0b001501 10030 100 131072 632569 18948 2898 5348
0b001001 0b001101 10030 100 131072 632569 18950 2898 7264
0b001901 0b001a01 10031 100 131072 642313 9809 2898 4393
0b001d01 0b001e01 10031 100 131072 642310 9834 2898 6317
0b001101 0b001201 10031 100 131072 642332 9790 2898 4385
0b001501 0b001601 10031 100 131072 642329 9815 2898 6309
0b001601 0b001701 10031 100 131072 643988 8672 2898 6790
0b001e01 0b001f01 10031 100 131072 643969 8691 2898 6798
0b001201 0b001301 10031 100 131072 644101 8799 2898 4866
0b001a01 0b001b01 10031 100 131072 644082 8818 2898 4874
0b001001 0b001101 10031 100 131072 642252 10897 2898 3904
0b001801 0b001901 10031 100 131072 642232 10917 2898 3912
0b001c01 0b001d01 10031 100 131072 642230 11004 2898 5836
0b000d01 0b000601 10004 100 131072 646322 7087 6838 2957
0b000901 0b000201 10004 100 131072 646324 7097 6838 1033
0b001401 0b001501 10031 100 131072 642249 11161 2898 5828
0b000c01 0b000d01 10029 100 131072 643464 11422 2898 76
0b001301 0b001401 10031 100 131072 644001 11056 2898 5347
0b000c01 0b000d01 10030 100 131072 643553 11598 2898 3436
0b000c01 0b000d01 10031 100 131072 643554 11598 2898 2956
0b000c01 0b000d01 10032 100 131072 643556 11597 2898 92
0b000801 0b000901 10029 100 131072 643552 11687 2898 1992
0b000801 0b000901 10030 100 131072 643553 11687 2898 1512
0b000801 0b000901 10031 100 131072 643554 11687 2898 1032
0b000801 0b000901 10032 100 131072 643562 11680 2898 2008
0b001b01 0b001c01 10031 100 131072 643958 11231 2898 5355
0b001f01 0b001801 10031 100 131072 643883 11790 2898 7279
0b001701 0b001001 10031 100 131072 643902 11771 2898 7271
0b000101 0b000201 10011 100 131072 654239 2927 2898 561
0b000501 0b000601 10011 100 131072 654238 2937 2898 2485
0b000a01 0b000301 10004 100 131072 648766 8541 6838 1514
0b000e01 0b000701 10004 100 131072 648742 8625 6838 3438
0b000901 0b000a01 10028 100 131072 643144 14627 2898 73
0b000d01 0b000e01 10028 100 131072 643144 14649 2898 1997
0b000601 0b000701 10021 100 131072 656419 2933 2898 2966
0b000201 0b000301 10021 100 131072 656431 2934 2898 1042
0b001701 0b001801 10004 100 131072 652113 9659 6838 3911
0b001f01 0b001001 10004 100 131072 652113 9678 6838 3919
0b001b01 0b001401 10004 100 131072 652187 9640 6838 5835
0b001301 0b001c01 10004 100 131072 652209 9662 6838 5827
0b000401 0b000d01 10001 100 131072 641147 20741 15174 2420
0b001201 0b001b01 10004 100 131072 652188 9732 6838 5346
0b000001 0b000901 10001 100 131072 641247 20711 15174 496
0b001a01 0b001301 10004 100 131072 652188 9755 6838 5354
0b001601 0b001f01 10004 100 131072 652251 9729 6838 7270
0b001e01 0b001701 10004 100 131072 652251 9752 6838 7278
0b000901 0b000a01 10029 100 131072 646321 15851 2898 2473
0b000901 0b000a01 10030 100 131072 646322 15851 2898 1993
0b000901 0b000a01 10031 100 131072 646323 15851 2898 1513
0b000901 0b000a01 10032 100 131072 646331 15844 2898 2489
0b000d01 0b000e01 10029 100 131072 646321 16028 2898 3437
0b000d01 0b000e01 10030 100 131072 646323 16027 2898 557
0b000d01 0b000e01 10031 100 131072 646324 16027 2898 77
0b000d01 0b000e01 10032 100 131072 646333 16019 2898 573
0b000a01 0b000b01 10027 100 131072 648742 14145 2898 2954
0b000f01 0b000801 10027 100 131072 648546 14341 2898 1519
0b000a01 0b000b01 10028 100 131072 648764 14124 2898 2474
0b000a01 0b000b01 10029 100 131072 648765 14124 2898 1994
0b001501 0b001e01 10004 100 131072 653154 9784 6838 6789
0b000e01 0b000f01 10027 100 131072 648764 14149 2898 1038
0b001101 0b001a01 10004 100 131072 653158 9790 6838 4865
0b000b01 0b000c01 10027 100 131072 648501 14429 2898 3435
0b000601 0b000701 10022 100 131072 660185 2911 2898 2502
0b000b01 0b000c01 10028 100 131072 648502 14429 2898 2955
0b000201 0b000301 10022 100 131072 660176 2925 2898 578
0b000b01 0b000c01 10029 100 131072 648503 14429 2898 2475
0b001d01 0b001601 10004 100 131072 653176 9809 6838 6797
0b000e01 0b000f01 10028 100 131072 648786 14149 2898 558
0b000e01 0b000f01 10029 100 131072 648787 14149 2898 78
0b001901 0b001201 10004 100 131072 653180 9811 6838 4873
0b000f01 0b000801 10028 100 131072 648568 14408 2898 1039
0b000f01 0b000801 10029 100 131072 648569 14408 2898 559
0b000b01 0b000c01 10030 100 131072 648689 14332 2898 3451
0b001401 0b001d01 10004 100 131072 652604 10495 6838 6308
0b000b01 0b000c01 10031 100 131072 648778 14266 2898 91
0b000f01 0b000801 10030 100 131072 648755 14311 2898 1535
0b000f01 0b000801 10031 100 131072 648822 14267 2898 2015
0b001c01 0b001501 10004 100 131072 652648 10518 6838 6316
0b001001 0b001901 10004 100 131072 652691 10478 6838 4384
0b001801 0b001101 10004 100 131072 652691 10501 6838 4392
0b000a01 0b000b01 10030 100 131072 649097 14144 2898 2970
0b000e01 0b000f01 10030 100 131072 649097 14170 2898 1054
0b000b01 0b000401 10004 100 131072 648504 15247 15174 1995
0b000f01 0b000001 10004 100 131072 648570 15247 15174 79
0b000a01 0b000b01 10031 100 131072 652348 12585 2898 3450
0b000e01 0b000f01 10031 100 131072 652369 12590 2898 1534
0b000d01 0b000601 10005 100 131072 658162 7631 6838 2973
0b000901 0b000201 10005 100 131072 658251 7545 6838 1049
0b000e01 0b000f01 10032 100 131072 660803 8112 2898 2014
0b000a01 0b000b01 10032 100 131072 660781 8549 2898 90
0b000d01 0b000e01 10033 100 131072 657896 12516 2898 93
0b000901 0b000a01 10033 100 131072 658249 12231 2898 2009
0b000901 0b000a01 10034 100 131072 658250 12252 2898 1529
0b000901 0b000a01 10035 100 131072 658259 12244 2898 2025
0b000d01 0b000e01 10034 100 131072 658161 12384 2898 3453
0b000d01 0b000e01 10035 100 131072 658163 12383 2898 109
0b000601 0b000701 10023 100 131072 668803 2908 2898 2982
0b000201 0b000301 10023 100 131072 668806 2908 2898 1058
0b000a01 0b000301 10005 100 131072 665184 6820 6838 1530
0b000d01 0b000e01 10036 100 131072 664898 7255 2898 2445
0b000901 0b000a01 10036 100 131072 664968 7186 2898 521
0b000e01 0b000701 10005 100 131072 665359 6821 6838 3454
0b001e01 0b001f01 10032 100 131072 652252 19959 2898 4878
0b001e01 0b001f01 10033 100 131072 652253 19959 2898 4398
0b001e01 0b001f01 10034 100 131072 652254 19959 2898 3918
0b001601 0b001701 10032 100 131072 652252 19982 2898 4870
0b001a01 0b001b01 10032 100 131072 652185 20073 2898 6794
0b001601 0b001701 10033 100 131072 652253 19982 2898 4390
0b001a01 0b001b01 10033 100 131072 652186 20073 2898 6314
0b001601 0b001701 10034 100 131072 652254 19982 2898 3910
0b001a01 0b001b01 10034 100 131072 652187 20073 2898 5834
0b001801 0b001901 10032 100 131072 652667 19602 2898 5832
0b001801 0b001901 10033 100 131072 652668 19602 2898 5352
0b001801 0b001901 10034 100 131072 652669 19602 2898 4872
0b001201 0b001301 10032 100 131072 652185 20073 2898 6786
0b001201 0b001301 10033 100 131072 652186 20073 2898 6306
0b001201 0b001301 10034 100 131072 652187 20073 2898 5826
0b001001 0b001101 10032 100 131072 652667 19602 2898 5824
0b001001 0b001101 10033 100 131072 652668 19602 2898 5344
0b001001 0b001101 10034 100 131072 652669 19602 2898 4864
0b001c01 0b001d01 10032 100 131072 652645 19710 2898 3916
0b001c01 0b001d01 10033 100 131072 652646 19710 2898 7276
0b001c01 0b001d01 10034 100 131072 652647 19710 2898 6796
0b001401 0b001501 10032 100 131072 652601 19776 2898 3908
0b001401 0b001501 10033 100 131072 652602 19776 2898 7268
0b001401 0b001501 10034 100 131072 652603 19776 2898 6788
0b001a01 0b001b01 10035 100 131072 652562 20139 2898 6810
0b001601 0b001701 10035 100 131072 652607 20070 2898 4886
0b001201 0b001301 10035 100 131072 652562 20139 2898 6802
0b001e01 0b001f01 10035 100 131072 652628 20136 2898 4894
0b000c01 0b000501 10005 100 131072 665942 6828 6838 2492
0b001b01 0b001c01 10032 100 131072 652184 20614 2898 7275
0b001701 0b001001 10032 100 131072 652089 20687 2898 5351
0b001f01 0b001801 10032 100 131072 652089 20709 2898 5359
0b001701 0b001001 10033 100 131072 652090 20687 2898 4871
0b001b01 0b001c01 10033 100 131072 652185 20614 2898 6795
0b001701 0b001001 10034 100 131072 652091 20687 2898 4391
0b001f01 0b001801 10033 100 131072 652090 20709 2898 4879
0b000801 0b000101 10005 100 131072 665987 6828 6838 568
0b001b01 0b001c01 10034 100 131072 652186 20614 2898 6315
0b001f01 0b001801 10034 100 131072 652091 20709 2898 4399
0b001301 0b001401 10032 100 131072 652206 20592 2898 7267
0b001301 0b001401 10033 100 131072 652207 20592 2898 6787
0b001301 0b001401 10034 100 131072 652208 20592 2898 6307
0b001801 0b001901 10035 100 131072 653113 19715 2898 5848
0b001001 0b001101 10035 100 131072 653113 19715 2898 5840
0b001c01 0b001d01 10035 100 131072 653091 19823 2898 3932
0b001401 0b001501 10035 100 131072 653068 19868 2898 3924
0b001a01 0b001b01 10036 100 131072 652959 20101 2898 7290
0b001501 0b001601 10032 100 131072 653153 19904 2898 7269
0b001501 0b001601 10033 100 131072 653155 19903 2898 4389
0b001501 0b001601 10034 100 131072 653156 19903 2898 3909
0b001201 0b001301 10036 100 131072 652959 20101 2898 7282
0b001d01 0b001e01 10032 100 131072 653175 19928 2898 7277
0b001d01 0b001e01 10033 100 131072 653177 19927 2898 4397
0b001d01 0b001e01 10034 100 131072 653178 19927 2898 3917
0b001101 0b001201 10032 100 131072 653155 19948 2898 6305
0b001101 0b001201 10033 100 131072 653156 19948 2898 5825
0b001101 0b001201 10034 100 131072 653157 19948 2898 5345
0b001e01 0b001f01 10036 100 131072 653004 20119 2898 5374
0b001901 0b001a01 10032 100 131072 653177 19948 2898 6313
0b001901 0b001a01 10033 100 131072 653178 19948 2898 5833
0b001901 0b001a01 10034 100 131072 653179 19948 2898 5353
0b001601 0b001701 10036 100 131072 653004 20120 2898 5366
0b001c01 0b001d01 10036 100 131072 653422 19759 2898 4412
0b001001 0b001101 10036 100 131072 653444 19739 2898 6320
0b001801 0b001901 10036 100 131072 653444 19739 2898 6328
0b001401 0b001501 10036 100 131072 653378 19825 2898 4404
0b001701 0b001001 10035 100 131072 652453 20768 2898 5367
0b001b01 0b001c01 10035 100 131072 652542 20701 2898 7291
0b001f01 0b001801 10035 100 131072 652453 20790 2898 5375
0b001301 0b001401 10035 100 131072 652564 20679 2898 7283
0b001701 0b001001 10036 100 131072 652873 20615 2898 5847
0b001b01 0b001c01 10036 100 131072 652941 20569 2898 3931
0b001f01 0b001801 10036 100 131072 652873 20637 2898 5855
0b001301 0b001401 10036 100 131072 652897 20613 2898 3923
0b001e01 0b001f01 10037 100 131072 653675 19845 2898 5854
0b001601 0b001701 10037 100 131072 653675 19846 2898 5846
0b001a01 0b001b01 10037 100 131072 653653 19870 2898 3930
0b001201 0b001301 10037 100 131072 653653 19870 2898 3922
0b001501 0b001601 10035 100 131072 653511 20101 2898 4405
0b001801 0b001901 10037 100 131072 654239 19409 2898 6808
0b001001 0b001101 10037 100 131072 654239 19409 2898 6800
0b001d01 0b001e01 10035 100 131072 653533 20125 2898 4413
0b001101 0b001201 10035 100 131072 653513 20145 2898 6321
0b001901 0b001a01 10035 100 131072 653535 20145 2898 6329
0b001c01 0b001d01 10037 100 131072 654261 19451 2898 4892
0b001401 0b001501 10037 100 131072 654261 19473 2898 4884
0b001501 0b001601 10036 100 131072 653908 20059 2898 4885
0b001e01 0b001f01 10038 100 131072 655154 18855 2898 6334
0b001d01 0b001e01 10036 100 131072 653930 20081 2898 4893
0b001601 0b001701 10038 100 131072 655154 18856 2898 6326
0b001a01 0b001b01 10038 100 131072 655132 18880 2898 4410
0b001101 0b001201 10036 100 131072 653910 20101 2898 6801
0b001201 0b001301 10038 100 131072 655132 18880 2898 4402
0b001901 0b001a01 10036 100 131072 653932 20101 2898 6809
0b001b01 0b001c01 10037 100 131072 654000 20041 2898 4411
0b001301 0b001401 10037 100 131072 654000 20041 2898 4403
0b001701 0b001001 10037 100 131072 654089 20062 2898 6327
0b001f01 0b001801 10037 100 131072 654089 20084 2898 6335
0b001501 0b001601 10037 100 131072 654527 19837 2898 5365
0b001d01 0b001e01 10037 100 131072 654549 19859 2898 5373
0b001101 0b001201 10037 100 131072 654529 19879 2898 7281
0b001901 0b001a01 10037 100 131072 654551 19879 2898 7289
0b001701 0b001001 10038 100 131072 655670 18922 2898 6807
0b001f01 0b001801 10038 100 131072 655670 18944 2898 6815
0b001301 0b001401 10038 100 131072 655910 18748 2898 4883
0b001b01 0b001c01 10038 100 131072 655910 18748 2898 4891
0b001101 0b001201 10038 100 131072 656159 18778 2898 3921
0b001901 0b001a01 10038 100 131072 656159 18800 2898 3929
0b001d01 0b001e01 10038 100 131072 656244 18739 2898 5853
0b001501 0b001601 10038 100 131072 656420 18563 2898 5845
0b001401 0b001501 10038 100 131072 658067 16948 2898 5364
0b001c01 0b001d01 10038 100 131072 658199 16838 2898 5372
0b001801 0b001901 10038 100 131072 658683 16422 2898 7288
0b001001 0b001101 10038 100 131072 658683 16422 2898 7280
0b001e01 0b001f01 10039 100 131072 665948 9606 2898 6814
0b001601 0b001701 10039 100 131072 665995 9560 2898 6806
0b001a01 0b001b01 10039 100 131072 665958 9599 2898 4890
0b001201 0b001301 10039 100 131072 666001 9556 2898 4882
0b000a01 0b000b01 10033 100 131072 665182 10492 2898 2490
0b000a01 0b000b01 10034 100 131072 665183 10492 2898 2010
0b000a01 0b000b01 10035 100 131072 665192 10484 2898 2506
0b000e01 0b000f01 10033 100 131072 665360 10363 2898 574
0b000e01 0b000f01 10034 100 131072 665361 10363 2898 94
0b000e01 0b000f01 10035 100 131072 665370 10376 2898 590
0b001401 0b001501 10039 100 131072 664837 11256 2898 5844
0b001c01 0b001d01 10039 100 131072 664881 11212 2898 5852
0b001801 0b001901 10039 100 131072 664782 11313 2898 3928
0b001001 0b001101 10039 100 131072 664801 11338 2898 3920
0b000801 0b000901 10033 100 131072 665897 11301 2898 1528
0b000801 0b000901 10034 100 131072 665986 11477 2898 1048
0b000c01 0b000d01 10033 100 131072 665940 11583 2898 3452
0b000c01 0b000d01 10034 100 131072 665941 11583 2898 2972
0b000801 0b000901 10035 100 131072 666076 11476 2898 1544
0b000801 0b000901 10036 100 131072 666099 11475 2898 2024
0b000c01 0b000d01 10035 100 131072 666031 11582 2898 3468
0b000c01 0b000d01 10036 100 131072 666054 11560 2898 108
0b001301 0b001401 10039 100 131072 664953 12684 2898 5363
0b001b01 0b001c01 10039 100 131072 664930 12707 2898 5371
0b001701 0b001001 10039 100 131072 665013 12733 2898 7287
0b001f01 0b001801 10039 100 131072 664990 12846 2898 7295
0b000b01 0b000c01 10032 100 131072 665897 12083 2898 2971
0b000b01 0b000c01 10033 100 131072 665898 12083 2898 2491
0b000f01 0b000801 10032 100 131072 665923 12190 2898 1055
0b000f01 0b000801 10033 100 131072 665945 12169 2898 575
0b000b01 0b000c01 10034 100 131072 666251 12280 2898 2987
0b000501 0b000601 10012 100 131072 675780 2914 2898 2501
0b000f01 0b000801 10034 100 131072 666277 12387 2898 1071
0b000101 0b000201 10012 100 131072 675825 2907 2898 577
0b000b01 0b000c01 10035 100 131072 667943 12345 2898 3467
0b001501 0b001601 10039 100 131072 666176 14178 2898 6325
0b000f01 0b000801 10035 100 131072 667969 12540 2898 1551
0b001d01 0b001e01 10039 100 131072 666109 14531 2898 6333
0b001101 0b001201 10039 100 131072 666202 14812 2898 4401
0b001901 0b001a01 10039 100 131072 666179 15033 2898 4409
0b000a01 0b000301 10006 100 131072 673512 9462 6838 1546
0b000e01 0b000701 10006 100 131072 673555 9513 6838 3470
0b000e01 0b000f01 10036 100 131072 673422 9734 2898 110
0b000a01 0b000b01 10036 100 131072 673490 9692 2898 2026
0b000a01 0b000b01 10037 100 131072 673513 9670 2898 2042
0b000e01 0b000f01 10037 100 131072 673556 9645 2898 126
0b000b01 0b000c01 10036 100 131072 672340 11087 2898 107
0b000f01 0b000801 10036 100 131072 671925 11519 2898 2031
0b000e01 0b000f01 10038 100 131072 675163 8369 2898 2462
0b000a01 0b000b01 10038 100 131072 675164 8372 2898 538
0b000f01 0b000001 10005 100 131072 665946 17592 15174 95
0b000b01 0b000401 10005 100 131072 665899 17655 15174 2011
0b000601 0b000701 10024 100 131072 681704 2908 2898 2518
0b000201 0b000301 10024 100 131072 681742 2908 2898 594
0b001101 0b001a01 10005 100 131072 675281 9823 6838 4881
0b001901 0b001201 10005 100 131072 675281 9846 6838 4889
0b001d01 0b001601 10005 100 131072 675367 9818 6838 6813
0b001501 0b001e01 10005 100 131072 675389 9862 6838 6805
0b001f01 0b001001 10005 100 131072 675223 10138 6838 3935
0b001701 0b001801 10005 100 131072 675246 10181 6838 3927
0b001301 0b001c01 10005 100 131072 675270 10302 6838 5843
0b001b01 0b001401 10005 100 131072 675270 10325 6838 5851
0b001001 0b001901 10005 100 131072 675788 10101 6838 4400
0b001801 0b001101 10005 100 131072 675810 10082 6838 4408
0b001401 0b001d01 10005 100 131072 675810 10128 6838 6324
0b001c01 0b001501 10005 100 131072 675810 10130 6838 6332
0b001201 0b001b01 10005 100 131072 676115 9931 6838 5362
0b001601 0b001f01 10005 100 131072 676067 10008 6838 7286
0b001a01 0b001301 10005 100 131072 676137 9952 6838 5370
0b001e01 0b001701 10005 100 131072 676113 10029 6838 7294
0b000b01 0b000c01 10037 100 131072 678684 7529 2898 2507
0b000b01 0b000c01 10038 100 131072 678694 7520 2898 2523
0b000f01 0b000801 10037 100 131072 678733 7503 2898 591
0b000f01 0b000801 10038 100 131072 678756 7481 2898 607
0b000901 0b000201 10006 100 131072 680473 7411 6838 1065
0b000d01 0b000601 10006 100 131072 680534 7542 6838 2989
0b000901 0b000a01 10037 100 131072 680208 8051 2898 1545
0b000c01 0b000d01 10037 100 131072 680990 7340 2898 2988
0b000801 0b000901 10037 100 131072 681123 7313 2898 1064
0b000801 0b000101 10006 100 131072 681124 7503 6838 584
0b000c01 0b000501 10006 100 131072 680991 7662 6838 2508
0b000901 0b000a01 10038 100 131072 680562 8404 2898 1561
0b000901 0b000a01 10039 100 131072 680584 8383 2898 2041
0b000d01 0b000e01 10037 100 131072 680533 8607 2898 3469
0b000d01 0b000e01 10038 100 131072 680623 8694 2898 3485
0b000d01 0b000e01 10039 100 131072 680624 8694 2898 125
0b000b01 0b000c01 10039 100 131072 686546 3015 2898 555
0b000f01 0b000801 10039 100 131072 686542 3021 2898 2479
0b000c01 0b000d01 10038 100 131072 681541 8314 2898 3004
0b000801 0b000901 10038 100 131072 681674 8278 2898 1080
0b000c01 0b000d01 10039 100 131072 683298 8197 2898 3484
0b000801 0b000901 10039 100 131072 683519 8157 2898 1560
0b000c01 0b000d01 10040 100 131072 686437 6068 2898 124
0b000801 0b000901 10040 100 131072 686454 6169 2898 2040
0b001a01 0b001b01 10040 100 131072 676135 17706 2898 6330
0b001a01 0b001b01 10041 100 131072 676136 17706 2898 5850
0b001201 0b001301 10040 100 131072 676113 17750 2898 6322
0b001201 0b001301 10041 100 131072 676114 17750 2898 5842
0b001e01 0b001f01 10040 100 131072 676114 17747 2898 4414
0b001e01 0b001f01 10041 100 131072 676115 17747 2898 3934
0b001601 0b001701 10040 100 131072 676068 17816 2898 4406
0b000201 0b000301 10025 100 131072 690894 3056 2898 1074
0b001601 0b001701 10041 100 131072 676069 17816 2898 3926
0b000601 0b000701 10025 100 131072 691086 3066 2898 2998
0b001801 0b001901 10040 100 131072 675808 18615 2898 5368
0b001801 0b001901 10041 100 131072 675809 18615 2898 4888
0b000101 0b000201 10013 100 131072 691637 2976 2898 593
0b001c01 0b001d01 10040 100 131072 675808 18657 2898 7292
0b001c01 0b001d01 10041 100 131072 675809 18657 2898 6812
0b001401 0b001501 10040 100 131072 675808 18657 2898 7284
0b001401 0b001501 10041 100 131072 675809 18657 2898 6804
0b001001 0b001101 10040 100 131072 675786 18725 2898 5360
0b001001 0b001101 10041 100 131072 675787 18725 2898 4880
0b000501 0b000601 10013 100 131072 691663 2987 2898 2517
0b001f01 0b001801 10040 100 131072 675221 19670 2898 4895
0b001f01 0b001801 10041 100 131072 675222 19670 2898 4415
0b000a01 0b000b01 10039 100 131072 691977 2891 2898 2058
0b001701 0b001001 10040 100 131072 675244 19689 2898 4887
0b001701 0b001001 10041 100 131072 675245 19689 2898 4407
0b001b01 0b001c01 10040 100 131072 675268 19710 2898 6811
0b001b01 0b001c01 10041 100 131072 675269 19710 2898 6331
0b001301 0b001401 10040 100 131072 675268 19710 2898 6803
0b001301 0b001401 10041 100 131072 675269 19710 2898 6323
0b001101 0b001201 10040 100 131072 675279 19908 2898 5841
0b001101 0b001201 10041 100 131072 675280 19908 2898 5361
0b000e01 0b000f01 10039 100 131072 692328 2910 2898 142
0b001901 0b001a01 10040 100 131072 675279 19974 2898 5849
0b001901 0b001a01 10041 100 131072 675280 19974 2898 5369
0b001d01 0b001e01 10040 100 131072 675365 19932 2898 3933
0b001d01 0b001e01 10041 100 131072 675366 19932 2898 7293
0b001501 0b001601 10040 100 131072 675387 19932 2898 3925
0b001501 0b001601 10041 100 131072 675388 19932 2898 7285
0b000c01 0b000d01 10041 100 131072 692571 2911 2898 572
0b000801 0b000901 10041 100 131072 692573 2913 2898 2488
0b001a01 0b001b01 10042 100 131072 676690 18741 2898 6346
0b001201 0b001301 10042 100 131072 676668 18785 2898 6338
0b001e01 0b001f01 10042 100 131072 676668 18783 2898 4430
0b001601 0b001701 10042 100 131072 676622 18852 2898 4422
0b001001 0b001101 10042 100 131072 676231 19342 2898 5376
0b001801 0b001901 10042 100 131072 676253 19364 2898 5384
0b001c01 0b001d01 10042 100 131072 676253 19406 2898 7308
0b001401 0b001501 10042 100 131072 676253 19406 2898 7300
0b001701 0b001001 10042 100 131072 675687 20174 2898 4903
0b001301 0b001401 10042 100 131072 675711 20195 2898 6819
0b001b01 0b001c01 10042 100 131072 675711 20197 2898 6827
0b000f01 0b000001 10006 100 131072 678734 17379 15174 111
0b000b01 0b000401 10006 100 131072 678685 17433 15174 2027
0b001f01 0b001801 10042 100 131072 675774 20179 2898 4911
0b001a01 0b001b01 10043 100 131072 677043 18939 2898 6826
0b001201 0b001301 10043 100 131072 677021 18984 2898 6818
0b001e01 0b001f01 10043 100 131072 677021 18981 2898 4910
0b001001 0b001101 10043 100 131072 676498 19518 2898 5856
0b001601 0b001701 10043 100 131072 676977 19048 2898 4902
0b001801 0b001901 10043 100 131072 676520 19540 2898 5864
0b001401 0b001501 10043 100 131072 676520 19582 2898 3940
0b001c01 0b001d01 10043 100 131072 676520 19582 2898 3948
0b001101 0b001201 10042 100 131072 675838 20411 2898 5857
0b001901 0b001a01 10042 100 131072 675838 20477 2898 5865
0b001301 0b001401 10043 100 131072 676070 20279 2898 7299
0b001b01 0b001c01 10043 100 131072 676070 20281 2898 7307
0b001d01 0b001e01 10042 100 131072 675924 20435 2898 3949
0b001501 0b001601 10042 100 131072 675946 20435 2898 3941
0b001f01 0b001801 10043 100 131072 676133 20263 2898 5391
0b001701 0b001001 10043 100 131072 676134 20282 2898 5383
0b001a01 0b001b01 10044 100 131072 677440 18985 2898 7306
0b001201 0b001301 10044 100 131072 677418 19030 2898 7298
0b001e01 0b001f01 10044 100 131072 677418 19027 2898 5390
0b001601 0b001701 10044 100 131072 677374 19094 2898 5382
0b001c01 0b001d01 10044 100 131072 677051 19584 2898 4428
0b001401 0b001501 10044 100 131072 677051 19584 2898 4420
0b001801 0b001901 10044 100 131072 677183 19498 2898 6344
0b001701 0b001001 10044 100 131072 676531 20150 2898 5863
0b001101 0b001201 10043 100 131072 676193 20499 2898 6337
0b001d01 0b001e01 10043 100 131072 676191 20501 2898 4429
0b001a01 0b001b01 10045 100 131072 677969 18723 2898 3946
0b001301 0b001401 10044 100 131072 676533 20173 2898 3939
0b001b01 0b001c01 10044 100 131072 676533 20173 2898 3947
0b001501 0b001601 10043 100 131072 676213 20501 2898 4421
0b001201 0b001301 10045 100 131072 677947 18768 2898 3938
0b001001 0b001101 10044 100 131072 677161 19564 2898 6336
0b001f01 0b001801 10044 100 131072 676530 20221 2898 5871
0b001901 0b001a01 10043 100 131072 676193 20565 2898 6345
0b001e01 0b001f01 10045 100 131072 677993 18785 2898 5870
0b001601 0b001701 10045 100 131072 677993 18808 2898 5862
0b001701 0b001001 10045 100 131072 677020 19928 2898 6343
0b001801 0b001901 10045 100 131072 677624 19324 2898 6824
0b001f01 0b001801 10045 100 131072 677019 19931 2898 6351
0b001401 0b001501 10045 100 131072 677668 19300 2898 4900
0b001301 0b001401 10045 100 131072 677022 19949 2898 4419
0b001c01 0b001d01 10045 100 131072 677668 19300 2898 4908
0b001b01 0b001c01 10045 100 131072 677022 19949 2898 4427
0b001001 0b001101 10045 100 131072 677602 19390 2898 6816
0b001101 0b001201 10044 100 131072 676658 20389 2898 6817
0b001901 0b001a01 10044 100 131072 676658 20455 2898 6825
0b001d01 0b001e01 10044 100 131072 676722 20413 2898 4909
0b001501 0b001601 10044 100 131072 676744 20413 2898 4901
0b001701 0b001001 10046 100 131072 678565 19066 2898 6823
0b001f01 0b001801 10046 100 131072 678564 19069 2898 6831
0b001b01 0b001c01 10046 100 131072 678567 19109 2898 4907
0b001301 0b001401 10046 100 131072 678567 19109 2898 4899
0b001101 0b001201 10045 100 131072 678115 19703 2898 7297
0b001501 0b001601 10045 100 131072 678025 19793 2898 5381
0b001d01 0b001e01 10045 100 131072 678047 19817 2898 5389
0b001901 0b001a01 10045 100 131072 678115 19837 2898 7305
0b001401 0b001501 10046 100 131072 680647 17336 2898 5380
0b001c01 0b001d01 10046 100 131072 680647 17336 2898 5388
0b001001 0b001101 10046 100 131072 680756 17251 2898 7296
0b001801 0b001901 10046 100 131072 680846 17161 2898 7304
0b001501 0b001601 10046 100 131072 679103 19180 2898 5861
0b001101 0b001201 10046 100 131072 679149 19134 2898 3937
0b001d01 0b001e01 10046 100 131072 679103 19224 2898 5869
0b001901 0b001a01 10046 100 131072 679105 19244 2898 3945
0b001601 0b001701 10046 100 131072 683364 15316 2898 6342
0b001e01 0b001f01 10046 100 131072 683650 15138 2898 6350
0b001201 0b001301 10046 100 131072 684024 14942 2898 4418
0b001a01 0b001b01 10046 100 131072 684222 14810 2898 4426
0b000c01 0b000501 10007 100 131072 689223 9917 6838 2524
0b000c01 0b000501 10008 100 131072 689233 9908 6838 2540
0b000801 0b000101 10007 100 131072 689246 9956 6838 600
0b000801 0b000101 10008 100 131072 689256 9947 6838 616
0b000d01 0b000e01 10040 100 131072 694505 5041 2898 3501
0b000901 0b000201 10007 100 131072 691446 8250 6838 1081
0b000d01 0b000601 10007 100 131072 691340 8444 6838 3005
0b000901 0b000a01 10040 100 131072 694686 5179 2898 1577
0b000201 0b000301 10026 100 131072 697623 2909 2898 610
0b000601 0b000701 10026 100 131072 697660 2909 2898 2534
0b001601 0b001701 10047 100 131072 688195 12333 2898 6822
0b001e01 0b001f01 10047 100 131072 688261 12463 2898 6830
0b001a01 0b001b01 10047 100 131072 688114 12657 2898 4906
0b001201 0b001301 10047 100 131072 688137 12788 2898 4898
0b000d01 0b000e01 10041 100 131072 695515 5923 2898 141
0b000901 0b000a01 10041 100 131072 695633 6040 2898 2057
0b001c01 0b001d01 10047 100 131072 688582 12812 2898 5868
0b001401 0b001501 10047 100 131072 688605 12789 2898 5860
0b001801 0b001901 10047 100 131072 688437 13201 2898 3944
0b001001 0b001101 10047 100 131072 688371 13267 2898 3936
0b000d01 0b000601 10008 100 131072 692865 9215 6838 3021
0b000a01 0b000301 10007 100 131072 691269 10884 6838 1562
0b000901 0b000201 10008 100 131072 692962 9439 6838 1097
0b000d01 0b000e01 10042 100 131072 698492 4439 2898 589
0b000901 0b000a01 10042 100 131072 698496 4607 2898 2505
0b000a01 0b000301 10008 100 131072 691976 12416 6838 1578
0b001701 0b001001 10047 100 131072 689152 15194 2898 7303
0b001301 0b001401 10047 100 131072 689099 15248 2898 5379
0b001b01 0b001c01 10047 100 131072 689056 15335 2898 5387
0b001f01 0b001801 10047 100 131072 689085 15329 2898 7311
0b001101 0b001201 10047 100 131072 688902 16644 2898 4417
0b001d01 0b001e01 10047 100 131072 688948 16686 2898 6349
0b001501 0b001601 10047 100 131072 688950 16684 2898 6341
0b001901 0b001a01 10047 100 131072 688899 16845 2898 4425
0b000e01 0b000701 10007 100 131072 692150 13852 6838 3486
0b000201 0b000301 10027 100 131072 702706 3337 2898 1090
0b000e01 0b000701 10008 100 131072 692327 13873 6838 3502
0b000601 0b000701 10027 100 131072 702794 3731 2898 3014
0b001801 0b001101 10006 100 131072 697902 9636 6838 4424
0b001001 0b001901 10006 100 131072 697944 9657 6838 4416
0b001c01 0b001501 10006 100 131072 697989 9671 6838 6348
0b001401 0b001d01 10006 100 131072 697989 9690 6838 6340
0b001201 0b001b01 10006 100 131072 698198 9788 6838 5378
0b000501 0b000601 10014 100 131072 702150 5869 2898 2533
0b000501 0b000601 10015 100 131072 702160 5860 2898 2549
0b001a01 0b001301 10006 100 131072 698264 9790 6838 5386
0b000101 0b000201 10014 100 131072 702212 5873 2898 609
0b000101 0b000201 10015 100 131072 702222 5864 2898 625
0b001901 0b001201 10006 100 131072 697434 10701 6838 4905
0b001e01 0b001701 10006 100 131072 698308 9845 6838 7310
0b001601 0b001f01 10006 100 131072 698330 9848 6838 7302
0b001f01 0b001001 10006 100 131072 696872 11301 6838 3951
0b001701 0b001801 10006 100 131072 696895 11344 6838 3943
0b001101 0b001a01 10006 100 131072 697522 10724 6838 4897
0b001b01 0b001401 10006 100 131072 696852 11637 6838 5867
0b001301 0b001c01 10006 100 131072 696874 11681 6838 5859
0b000e01 0b000f01 10040 100 131072 704448 4136 2898 158
0b000201 0b000301 10028 100 131072 705411 3181 2898 1106
0b000601 0b000701 10028 100 131072 705090 3578 2898 3030
0b000a01 0b000b01 10040 100 131072 704683 4199 2898 2074
0b001501 0b001e01 10006 100 131072 697476 11225 6838 6821
0b001d01 0b001601 10006 100 131072 697476 11248 6838 6829
0b000e01 0b000f01 10041 100 131072 705941 4136 2898 606
0b000a01 0b000b01 10041 100 131072 706113 4199 2898 2522
0b000a01 0b000301 10009 100 131072 702875 8046 6838 1594
0b000e01 0b000701 10009 100 131072 702556 8475 6838 3518
0b001701 0b001001 10048 100 131072 696894 15791 2898 4423
0b001301 0b001401 10048 100 131072 696873 15835 2898 6339
0b001b01 0b001c01 10048 100 131072 696851 15901 2898 6347
0b001f01 0b001801 10048 100 131072 696871 15882 2898 4431
0b001601 0b001701 10048 100 131072 698329 15534 2898 3942
0b001801 0b001901 10048 100 131072 697901 15996 2898 4904
0b001e01 0b001f01 10048 100 131072 698307 15752 2898 3950
0b001401 0b001501 10048 100 131072 697988 16281 2898 6820
0b001001 0b001101 10048 100 131072 697943 16350 2898 4896
0b001c01 0b001d01 10048 100 131072 697988 16281 2898 6828
0b001a01 0b001b01 10048 100 131072 698263 16063 2898 5866
0b001201 0b001301 10048 100 131072 698197 16217 2898 5858
0b001501 0b001601 10048 100 131072 697475 17644 2898 7301
0b001901 0b001a01 10048 100 131072 697433 17818 2898 5385
0b001d01 0b001e01 10048 100 131072 697475 17820 2898 7309
0b001101 0b001201 10048 100 131072 697521 17862 2898 5377
0b000f01 0b000801 10040 100 131072 713087 2876 2898 623
0b000b01 0b000c01 10040 100 131072 713322 2876 2898 2539
0b000601 0b000701 10029 100 131072 711029 5710 2898 2550
0b000601 0b000701 10030 100 131072 711039 5701 2898 2566
0b000201 0b000301 10029 100 131072 711095 5702 2898 626
0b000201 0b000301 10030 100 131072 711105 5693 2898 642
0b001601 0b001701 10049 100 131072 699391 18017 2898 3958
0b001a01 0b001b01 10049 100 131072 699325 18084 2898 5882
0b001e01 0b001f01 10049 100 131072 699369 18081 2898 3966
0b001201 0b001301 10049 100 131072 699259 18217 2898 5874
0b001301 0b001401 10049 100 131072 698463 19024 2898 6355
0b001c01 0b001d01 10049 100 131072 698918 18588 2898 6844
0b001401 0b001501 10049 100 131072 698916 18590 2898 6836
0b001b01 0b001c01 10049 100 131072 698441 19090 2898 6363
0b001001 0b001101 10049 100 131072 698871 18657 2898 4912
0b001f01 0b001801 10049 100 131072 698461 19071 2898 4447
0b001801 0b001901 10049 100 131072 698963 18633 2898 4920
0b001701 0b001001 10049 100 131072 698484 19134 2898 4439
0b000f01 0b000001 10007 100 131072 686166 31828 15174 127
0b000f01 0b000001 10008 100 131072 686211 32122 15174 143
0b000b01 0b000401 10007 100 131072 686192 32142 15174 2043
0b000b01 0b000401 10008 100 131072 686202 32175 15174 2059
0b001601 0b001701 10050 100 131072 699724 18345 2898 4438
0b001e01 0b001f01 10050 100 131072 699702 18430 2898 4446
0b001101 0b001201 10049 100 131072 698583 19575 2898 5393
0b001a01 0b001b01 10050 100 131072 699768 18434 2898 6362
0b001201 0b001301 10050 100 131072 699702 18590 2898 6354
0b001901 0b001a01 10049 100 131072 698627 19707 2898 5401
0b001501 0b001601 10049 100 131072 698669 19689 2898 7317
0b001d01 0b001e01 10049 100 131072 698669 19711 2898 7325
0b001401 0b001501 10050 100 131072 699359 19072 2898 7316
0b001c01 0b001d01 10050 100 131072 699361 19070 2898 7324
0b001801 0b001901 10050 100 131072 699406 19117 2898 5400
0b001301 0b001401 10050 100 131072 699015 19531 2898 6835
0b001001 0b001101 10050 100 131072 699426 19161 2898 5392
0b001b01 0b001c01 10050 100 131072 698992 19600 2898 6843
0b001f01 0b001801 10050 100 131072 699012 19581 2898 4927
0b001601 0b001701 10051 100 131072 700167 18455 2898 4918
0b001a01 0b001b01 10051 100 131072 700123 18522 2898 6842
0b001e01 0b001f01 10051 100 131072 700145 18519 2898 4926
0b001701 0b001001 10050 100 131072 699035 19644 2898 4919
0b001201 0b001301 10051 100 131072 700057 18676 2898 6834
0b001401 0b001501 10051 100 131072 699716 19158 2898 3956
0b001c01 0b001d01 10051 100 131072 699716 19158 2898 3964
0b001001 0b001101 10051 100 131072 699691 19229 2898 5872
0b001801 0b001901 10051 100 131072 699761 19203 2898 5880
0b001c01 0b001d01 10052 100 131072 699981 19070 2898 4444
0b001401 0b001501 10052 100 131072 699981 19072 2898 4436
0b001801 0b001901 10052 100 131072 699960 19093 2898 6360
0b001101 0b001201 10050 100 131072 699026 20063 2898 5873
0b001001 0b001101 10052 100 131072 699958 19139 2898 6352
0b001301 0b001401 10051 100 131072 699458 19641 2898 7315
0b001901 0b001a01 10050 100 131072 699070 20063 2898 5881
0b001b01 0b001c01 10051 100 131072 699435 19708 2898 7323
0b001f01 0b001801 10051 100 131072 699455 19689 2898 5407
0b001701 0b001001 10051 100 131072 699478 19754 2898 5399
0b001601 0b001701 10052 100 131072 700828 18413 2898 5398
0b001e01 0b001f01 10052 100 131072 700874 18410 2898 5406
0b001501 0b001601 10050 100 131072 699112 20177 2898 3957
0b001d01 0b001e01 10050 100 131072 699112 20199 2898 3965
0b001b01 0b001c01 10052 100 131072 699702 19620 2898 3963
0b001201 0b001301 10052 100 131072 700828 18503 2898 7314
0b001a01 0b001b01 10052 100 131072 700962 18390 2898 7322
0b001301 0b001401 10052 100 131072 699725 19641 2898 3955
0b001c01 0b001d01 10053 100 131072 700686 18700 2898 4924
0b001401 0b001501 10053 100 131072 700686 18700 2898 4916
0b001801 0b001901 10053 100 131072 700643 18745 2898 6840
0b001f01 0b001801 10052 100 131072 699788 19623 2898 5887
0b001001 0b001101 10053 100 131072 700641 18791 2898 6832
0b001701 0b001001 10052 100 131072 699811 19688 2898 5879
0b001601 0b001701 10053 100 131072 701293 18213 2898 5878
0b001e01 0b001f01 10053 100 131072 701337 18233 2898 5886
0b001201 0b001301 10053 100 131072 701293 18324 2898 3954
0b001a01 0b001b01 10053 100 131072 701359 18258 2898 3962
0b001901 0b001a01 10051 100 131072 699691 20215 2898 6361
0b001501 0b001601 10051 100 131072 699645 20305 2898 4437
0b001101 0b001201 10051 100 131072 699735 20237 2898 6353
0b001d01 0b001e01 10051 100 131072 699645 20327 2898 4445
0b001101 0b001201 10052 100 131072 700002 20147 2898 6833
0b001901 0b001a01 10052 100 131072 699958 20213 2898 6841
0b001501 0b001601 10052 100 131072 699978 20237 2898 4917
0b001d01 0b001e01 10052 100 131072 699978 20259 2898 4925
0b001f01 0b001801 10053 100 131072 701798 18606 2898 6367
0b001701 0b001001 10053 100 131072 701690 18734 2898 6359
0b001301 0b001401 10053 100 131072 701976 18515 2898 4435
0b001b01 0b001c01 10053 100 131072 702042 18471 2898 4443
0b001101 0b001201 10053 100 131072 701017 19661 2898 7313
0b001501 0b001601 10053 100 131072 700993 19685 2898 5397
0b001901 0b001a01 10053 100 131072 701017 19683 2898 7321
0b001d01 0b001e01 10053 100 131072 700993 19707 2898 5405
0b001701 0b001001 10054 100 131072 703538 17415 2898 6839
0b001f01 0b001801 10054 100 131072 703734 17243 2898 6847
0b001b01 0b001c01 10054 100 131072 703781 17217 2898 4923
0b001301 0b001401 10054 100 131072 703935 17085 2898 4915
0b001401 0b001501 10054 100 131072 707357 14234 2898 5396
0b001c01 0b001d01 10054 100 131072 707401 14190 2898 5404
0b001801 0b001901 10054 100 131072 707424 14213 2898 7320
0b001001 0b001101 10054 100 131072 707356 14281 2898 7312
0b001501 0b001601 10054 100 131072 704404 17289 2898 5877
0b001101 0b001201 10054 100 131072 704648 17045 2898 3953
0b001d01 0b001e01 10054 100 131072 704404 17333 2898 5885
0b001901 0b001a01 10054 100 131072 704648 17089 2898 3961
0b001601 0b001701 10054 100 131072 708644 13270 2898 6358
0b001e01 0b001f01 10054 100 131072 708644 13313 2898 6366
0b001201 0b001301 10054 100 131072 708556 13490 2898 4434
0b001a01 0b001b01 10054 100 131072 708754 13336 2898 4442
0b001601 0b001701 10055 100 131072 711734 10642 2898 6838
0b001e01 0b001f01 10055 100 131072 711711 10708 2898 6846
0b001001 0b001101 10055 100 131072 711183 11357 2898 3952
0b001a01 0b001b01 10055 100 131072 711256 11341 2898 4922
0b001201 0b001301 10055 100 131072 711145 11452 2898 4914
0b001801 0b001901 10055 100 131072 711249 11511 2898 3960
0b001c01 0b001d01 10055 100 131072 711565 11215 2898 5884
0b001401 0b001501 10055 100 131072 711499 11391 2898 5876
0b001301 0b001401 10055 100 131072 711064 12139 2898 5395
0b001b01 0b001c01 10055 100 131072 710996 12471 2898 5403
0b001f01 0b001801 10055 100 131072 711188 12503 2898 7327
0b001701 0b001001 10055 100 131072 711163 12792 2898 7319
0b001101 0b001201 10055 100 131072 710548 14624 2898 4433
0b001901 0b001a01 10055 100 131072 710611 14759 2898 4441
0b001501 0b001601 10055 100 131072 710670 14920 2898 6357
0b001d01 0b001e01 10055 100 131072 710689 15033 2898 6365
0b000701 0b000001 10008 100 131072 583344 143565 11234 2903
0b000301 0b000401 10008 100 131072 583344 143565 11234 3379
0b000701 0b000001 10009 100 131072 583345 143568 11234 2423
0b000301 0b000401 10009 100 131072 583345 143568 11234 2899
0b000701 0b000001 10010 100 131072 583346 143571 11234 1943
0b000301 0b000401 10010 100 131072 583346 143571 11234 2419
0b000701 0b000001 10011 100 131072 583347 143574 11234 1463
0b000301 0b000401 10011 100 131072 583348 143573 11234 979
0b000701 0b000001 10012 100 131072 583348 143577 11234 983
0b000301 0b000401 10012 100 131072 583349 143576 11234 499
0b000701 0b000001 10013 100 131072 583349 143664 11234 503
0b000301 0b000401 10013 100 131072 583350 143663 11234 19
0b000701 0b000001 10014 100 131072 585219 144178 11234 2919
0b000301 0b000401 10014 100 131072 585219 144178 11234 995
0b001001 0b001901 10007 100 131072 715695 14362 6838 4432
0b000801 0b000101 10009 100 131072 718973 11478 6838 632
0b001801 0b001101 10007 100 131072 715763 14429 6838 4440
0b001601 0b001f01 10007 100 131072 718129 12151 6838 7318
0b001e01 0b001701 10007 100 131072 718305 11996 6838 7326
0b001401 0b001d01 10007 100 131072 715718 14910 6838 6356
0b001a01 0b001301 10007 100 131072 718261 12365 6838 5402
0b001201 0b001b01 10007 100 131072 718393 12244 6838 5394
0b001c01 0b001501 10007 100 131072 715762 14913 6838 6364
0b000c01 0b000501 10009 100 131072 719208 11861 6838 2556
0b001d01 0b001601 10007 100 131072 717279 14220 6838 6845
0b001501 0b001e01 10007 100 131072 717279 14207 6838 6837
0b001901 0b001201 10007 100 131072 716907 14641 6838 4921
0b001101 0b001a01 10007 100 131072 717303 14306 6838 4913
0b001f01 0b001001 10007 100 131072 717069 14785 6838 3967
0b001701 0b001801 10007 100 131072 716873 14967 6838 3959
0b001b01 0b001401 10007 100 131072 717336 14539 6838 5883
0b001301 0b001c01 10007 100 131072 717424 14458 6838 5875
0b000f01 0b000001 10009 100 131072 698248 33752 15174 159
0b000b01 0b000401 10009 100 131072 697878 34124 15174 2075
0b001101 0b001a01 10008 100 131072 720538 11633 6838 4929
0b001701 0b001801 10008 100 131072 720418 11784 6838 3975
0b001f01 0b001001 10008 100 131072 720460 11768 6838 3983
0b001901 0b001201 10008 100 131072 720606 11650 6838 4937
0b001b01 0b001401 10008 100 131072 720419 12168 6838 5899
0b001301 0b001c01 10008 100 131072 720486 12190 6838 5891
0b001d01 0b001601 10008 100 131072 720516 12337 6838 6861
0b001501 0b001e01 10008 100 131072 720516 12332 6838 6853
0b001601 0b001f01 10008 100 131072 721368 12072 6838 7334
0b001201 0b001b01 10008 100 131072 721168 12292 6838 5410
0b001e01 0b001701 10008 100 131072 721390 12092 6838 7342
0b001a01 0b001301 10008 100 131072 721344 12269 6838 5418
0b001801 0b001101 10008 100 131072 720542 13355 6838 4456
0b001401 0b001d01 10008 100 131072 720497 13534 6838 6372
0b001001 0b001901 10008 100 131072 720628 13446 6838 4448
0b001c01 0b001501 10008 100 131072 720541 13555 6838 6380
0b001201 0b001301 10056 100 131072 722099 12029 2898 5890
0b001e01 0b001f01 10056 100 131072 722321 11870 2898 3982
0b001601 0b001701 10056 100 131072 722299 11893 2898 3974
0b001a01 0b001b01 10056 100 131072 722143 12249 2898 5898
0b001b01 0b001c01 10056 100 131072 721212 14952 2898 6379
0b000101 0b000201 10016 100 131072 733461 2918 2898 641
0b001001 0b001101 10056 100 131072 721689 14518 2898 4928
0b001701 0b001001 10056 100 131072 721079 15155 2898 4455
0b001f01 0b001801 10056 100 131072 721142 15092 2898 4463
0b001401 0b001501 10056 100 131072 721556 14759 2898 6852
0b001c01 0b001d01 10056 100 131072 721602 14713 2898 6860
0b001301 0b001401 10056 100 131072 721302 15016 2898 6371
0b001801 0b001901 10056 100 131072 721603 14758 2898 4936
0b000501 0b000601 10016 100 131072 734079 2920 2898 2565
0b001b01 0b001c01 10057 100 131072 721655 15984 2898 6859
0b001301 0b001401 10057 100 131072 721743 16050 2898 6851
0b001501 0b001601 10056 100 131072 721441 16472 2898 7333
0b001f01 0b001801 10057 100 131072 721674 16343 2898 4943
0b001701 0b001001 10057 100 131072 721632 16385 2898 4935
0b001d01 0b001e01 10056 100 131072 721441 16582 2898 7341
0b001001 0b001101 10057 100 131072 722242 15816 2898 5408
0b001c01 0b001d01 10057 100 131072 722153 16013 2898 7340
0b001401 0b001501 10057 100 131072 722109 16057 2898 7332
0b001801 0b001901 10057 100 131072 722154 16058 2898 5416
0b001901 0b001a01 10056 100 131072 721533 16734 2898 5417
0b001101 0b001201 10056 100 131072 721597 16780 2898 5409
0b001601 0b001701 10057 100 131072 722960 15460 2898 4454
0b001e01 0b001f01 10057 100 131072 722982 15437 2898 4462
0b001a01 0b001b01 10057 100 131072 722916 15571 2898 6378
0b001c01 0b001d01 10058 100 131072 722332 16231 2898 3980
0b001401 0b001501 10058 100 131072 722376 16319 2898 3972
0b001001 0b001101 10058 100 131072 722509 16210 2898 5888
0b001201 0b001301 10057 100 131072 722982 15747 2898 6370
0b001801 0b001901 10058 100 131072 722421 16320 2898 5896
0b001301 0b001401 10058 100 131072 722341 16643 2898 7331
0b001b01 0b001c01 10058 100 131072 722362 16732 2898 7339
0b001701 0b001001 10058 100 131072 722251 16959 2898 5415
0b001601 0b001701 10058 100 131072 723225 15988 2898 4934
0b001f01 0b001801 10058 100 131072 722294 16916 2898 5423
0b001e01 0b001f01 10058 100 131072 723247 15965 2898 4942
0b001201 0b001301 10058 100 131072 723159 16099 2898 6850
0b001a01 0b001b01 10058 100 131072 723181 16099 2898 6858
0b001501 0b001601 10057 100 131072 721884 17420 2898 3973
0b001301 0b001401 10059 100 131072 722627 16690 2898 3971
0b001d01 0b001e01 10057 100 131072 721884 17530 2898 3981
0b001b01 0b001c01 10059 100 131072 722627 16800 2898 3979
0b001101 0b001201 10057 100 131072 721930 17528 2898 5889
0b001701 0b001001 10059 100 131072 722516 17025 2898 5895
0b001f01 0b001801 10059 100 131072 722580 16961 2898 5903
0b001901 0b001a01 10057 100 131072 721974 17682 2898 5897
0b001501 0b001601 10058 100 131072 722063 17638 2898 4453
0b001901 0b001a01 10058 100 131072 722063 17726 2898 6377
0b001d01 0b001e01 10058 100 131072 722061 17750 2898 4461
0b001101 0b001201 10058 100 131072 722107 17748 2898 6369
0b001601 0b001701 10059 100 131072 723688 16302 2898 5414
0b001e01 0b001f01 10059 100 131072 723710 16277 2898 5422
0b001501 0b001601 10059 100 131072 722396 17636 2898 4933
0b000b01 0b000401 10010 100 131072 711892 28256 15174 2091
0b000f01 0b000001 10010 100 131072 711594 28562 15174 175
0b001201 0b001301 10059 100 131072 723688 16455 2898 7330
0b001d01 0b001e01 10059 100 131072 722396 17746 2898 4941
0b001a01 0b001b01 10059 100 131072 723710 16457 2898 7338
0b001901 0b001a01 10059 100 131072 722398 17834 2898 6857
0b001001 0b001101 10059 100 131072 723434 16830 2898 6368
0b001801 0b001901 10059 100 131072 723414 16872 2898 6376
0b001101 0b001201 10059 100 131072 722442 17856 2898 6849
0b001c01 0b001d01 10059 100 131072 723523 16915 2898 4460
0b001401 0b001501 10059 100 131072 723501 16959 2898 4452
0b001001 0b001101 10060 100 131072 723963 16830 2898 6848
0b001c01 0b001d01 10060 100 131072 724008 16893 2898 4940
0b001801 0b001901 10060 100 131072 723987 16916 2898 6856
0b001601 0b001701 10060 100 131072 724703 16256 2898 5894
0b001e01 0b001f01 10060 100 131072 724747 16211 2898 5902
0b001401 0b001501 10060 100 131072 724030 16959 2898 4932
0b001201 0b001301 10060 100 131072 724703 16411 2898 3970
0b001a01 0b001b01 10060 100 131072 724747 16389 2898 3978
0b001301 0b001401 10060 100 131072 725056 16642 2898 4451
0b001b01 0b001c01 10060 100 131072 725100 16642 2898 4459
0b001f01 0b001801 10060 100 131072 724967 16823 2898 6383
0b001701 0b001001 10060 100 131072 724924 16866 2898 6375
0b001501 0b001601 10060 100 131072 724601 17350 2898 5413
0b001301 0b001401 10061 100 131072 725607 16466 2898 4931
0b001f01 0b001801 10061 100 131072 725429 16714 2898 6863
0b001d01 0b001e01 10060 100 131072 724601 17548 2898 5421
0b001701 0b001001 10061 100 131072 725386 16757 2898 6855
0b001b01 0b001c01 10061 100 131072 725607 16576 2898 4939
0b000201 0b000301 10031 100 131072 739389 2908 2898 658
0b001901 0b001a01 10060 100 131072 724647 17590 2898 7337
0b001101 0b001201 10060 100 131072 724647 17722 2898 7329
0b000601 0b000701 10031 100 131072 740009 2908 2898 2582
0b001401 0b001501 10061 100 131072 726213 16651 2898 5412
0b001c01 0b001d01 10061 100 131072 726477 16607 2898 5420
0b001801 0b001901 10061 100 131072 726701 16429 2898 7336
0b001101 0b001201 10061 100 131072 725550 17590 2898 3969
0b001d01 0b001e01 10061 100 131072 725790 17352 2898 5901
0b001501 0b001601 10061 100 131072 725900 17264 2898 5893
0b001901 0b001a01 10061 100 131072 725770 17460 2898 3977
0b001001 0b001101 10061 100 131072 726965 16363 2898 7328
0b001201 0b001301 10061 100 131072 728182 15401 2898 4450
0b001a01 0b001b01 10061 100 131072 728380 15335 2898 4458
0b001601 0b001701 10061 100 131072 728600 15246 2898 6374
0b001e01 0b001f01 10061 100 131072 728732 15157 2898 6382
0b001301 0b001c01 10009 100 131072 737138 10509 6838 5907
0b001b01 0b001401 10009 100 131072 737402 10241 6838 5915
0b001701 0b001801 10009 100 131072 737202 10530 6838 3991
0b000401 0b000d01 10002 100 131072 729927 18004 15174 2436
0b001f01 0b001001 10009 100 131072 737201 10544 6838 3999
0b000001 0b000901 10002 100 131072 730023 18172 15174 512
0b001d01 0b001601 10009 100 131072 739325 9659 6838 6877
0b001501 0b001e01 10009 100 131072 739325 9683 6838 6869
0b001101 0b001a01 10009 100 131072 739217 9844 6838 4945
0b001901 0b001201 10009 100 131072 739371 9699 6838 4953
0b001c01 0b001501 10009 100 131072 739174 10109 6838 6396
0b001301 0b001401 10062 100 131072 733636 15788 2898 5411
0b001401 0b001d01 10009 100 131072 739328 10107 6838 6388
0b001001 0b001901 10009 100 131072 739244 10242 6838 4464
0b001801 0b001101 10009 100 131072 739244 10259 6838 4472
0b001b01 0b001c01 10062 100 131072 733647 15953 2898 5419
0b001701 0b001001 10062 100 131072 733311 16337 2898 7335
0b001f01 0b001801 10062 100 131072 733290 16358 2898 7343
0b001e01 0b001f01 10062 100 131072 734496 15620 2898 6862
0b001601 0b001701 10062 100 131072 734509 15740 2898 6854
0b001201 0b001301 10062 100 131072 734558 15692 2898 4930
0b001a01 0b001b01 10062 100 131072 734619 15675 2898 4938
0b001601 0b001f01 10009 100 131072 740923 9675 6838 7350
0b001e01 0b001701 10009 100 131072 741033 9693 6838 7358
0b001a01 0b001b01 10063 100 131072 735181 15642 2898 4954
0b001201 0b001301 10063 100 131072 735266 15645 2898 4946
0b001a01 0b001301 10009 100 131072 741277 9694 6838 5434
0b001201 0b001b01 10009 100 131072 741387 9691 6838 5426
0b001901 0b001a01 10062 100 131072 733067 18062 2898 4457
0b001101 0b001201 10062 100 131072 733202 18081 2898 4449
0b001e01 0b001f01 10063 100 131072 735858 15579 2898 6878
0b001501 0b001601 10062 100 131072 733685 17752 2898 6373
0b001d01 0b001e01 10062 100 131072 733638 17908 2898 6381
0b001601 0b001701 10063 100 131072 735863 15709 2898 6870
0b001001 0b001101 10062 100 131072 734864 17135 2898 3968
0b001801 0b001901 10062 100 131072 734850 17215 2898 3976
0b001301 0b001401 10063 100 131072 736623 15446 2898 5427
0b001b01 0b001c01 10063 100 131072 736470 15643 2898 5435
0b001001 0b001101 10063 100 131072 735238 17070 2898 3984
0b001c01 0b001d01 10062 100 131072 734892 17459 2898 5900
0b001401 0b001501 10062 100 131072 734885 17488 2898 5892
0b001801 0b001901 10063 100 131072 735212 17164 2898 3992
0b001701 0b001001 10063 100 131072 736492 15933 2898 7351
0b001f01 0b001801 10063 100 131072 736450 15975 2898 7359
0b001c01 0b001d01 10063 100 131072 735686 17502 2898 5916
0b001401 0b001501 10063 100 131072 735597 17635 2898 5908
0b000d01 0b000e01 10043 100 131072 750941 2876 2898 2461
0b000901 0b000a01 10043 100 131072 751205 2876 2898 537
0b001501 0b001601 10063 100 131072 737106 17570 2898 6389
0b001d01 0b001e01 10063 100 131072 737041 17701 2898 6397
0b001101 0b001201 10063 100 131072 736907 17857 2898 4465
0b001901 0b001a01 10063 100 131072 737084 17812 2898 4473
0b001b01 0b001c01 10064 100 131072 741497 17723 2898 6395
0b001701 0b001001 10064 100 131072 741430 17882 2898 4471
0b001f01 0b001801 10064 100 131072 741429 17949 2898 4479
0b000e01 0b000f01 10042 100 131072 756827 2876 2898 2478
0b000a01 0b000b01 10042 100 131072 757091 2876 2898 554
0b001301 0b001401 10064 100 131072 741739 17943 2898 6387
0b001c01 0b001d01 10064 100 131072 740649 19120 2898 6876
0b001501 0b001601 10064 100 131072 741176 18937 2898 7349
0b001801 0b001901 10064 100 131072 741027 19096 2898 4952
0b001401 0b001501 10064 100 131072 740803 19362 2898 6868
0b001d01 0b001e01 10064 100 131072 741176 19025 2898 7357
0b001001 0b001101 10064 100 131072 741027 19162 2898 4944
0b001101 0b001201 10064 100 131072 741068 19199 2898 5425
0b001901 0b001a01 10064 100 131072 741222 19177 2898 5433
0b001d01 0b001e01 10065 100 131072 741573 19091 2898 3997
0b001701 0b001001 10065 100 131072 742223 18476 2898 4951
0b001201 0b001301 10064 100 131072 742468 18241 2898 5906
0b001b01 0b001c01 10065 100 131072 742290 18471 2898 6875
0b001f01 0b001801 10065 100 131072 742222 18544 2898 4959
0b001301 0b001401 10065 100 131072 742268 18495 2898 6867
0b001501 0b001601 10065 100 131072 741705 19179 2898 3989
0b001601 0b001701 10064 100 131072 742314 18593 2898 3990
0b001e01 0b001f01 10064 100 131072 742424 18592 2898 3998
0b001901 0b001a01 10065 100 131072 741751 19419 2898 5913
0b001101 0b001201 10065 100 131072 741729 19463 2898 5905
0b001a01 0b001b01 10064 100 131072 742666 18638 2898 5914
0b001a01 0b001b01 10065 100 131072 742799 18660 2898 6394
0b001201 0b001301 10065 100 131072 742865 18638 2898 6386
0b001e01 0b001f01 10065 100 131072 742821 18812 2898 4478
0b001601 0b001701 10065 100 131072 742711 18967 2898 4470
0b001701 0b001001 10066 100 131072 743000 18892 2898 5431
0b001f01 0b001801 10066 100 131072 742997 18964 2898 5439
0b001a01 0b001b01 10066 100 131072 743242 18746 2898 6874
0b001201 0b001301 10066 100 131072 743308 18703 2898 6866
0b001e01 0b001f01 10066 100 131072 743152 18878 2898 4958
0b001601 0b001701 10066 100 131072 743042 19033 2898 4950
0b001301 0b001401 10066 100 131072 743153 18935 2898 7347
0b001b01 0b001c01 10066 100 131072 743177 18911 2898 7355
0b001401 0b001501 10065 100 131072 741994 20178 2898 7348
0b001001 0b001101 10065 100 131072 742220 19976 2898 5424
0b001c01 0b001d01 10065 100 131072 742104 20134 2898 7356
0b001801 0b001901 10065 100 131072 742220 20064 2898 5432
0b001401 0b001501 10066 100 131072 742327 20242 2898 3988
0b001001 0b001101 10066 100 131072 742551 20042 2898 5904
0b001c01 0b001d01 10066 100 131072 742437 20198 2898 3996
0b001801 0b001901 10066 100 131072 742551 20130 2898 5912
0b001701 0b001001 10067 100 131072 743969 18916 2898 5911
0b001f01 0b001801 10067 100 131072 743968 18984 2898 5919
0b001101 0b001201 10066 100 131072 743274 19771 2898 6385
0b001901 0b001a01 10066 100 131072 743296 19727 2898 6393
0b001301 0b001401 10067 100 131072 744124 18955 2898 3987
0b001d01 0b001e01 10066 100 131072 743448 19597 2898 4477
0b001b01 0b001c01 10067 100 131072 744146 18933 2898 3995
0b001501 0b001601 10066 100 131072 743470 19663 2898 4469
0b001d01 0b001e01 10067 100 131072 743911 19575 2898 4957
0b001101 0b001201 10067 100 131072 743803 19683 2898 6865
0b001901 0b001a01 10067 100 131072 743913 19661 2898 6873
0b001501 0b001601 10067 100 131072 743999 19575 2898 4949
0b001601 0b001701 10067 100 131072 744961 18879 2898 5430
0b001e01 0b001f01 10067 100 131072 745159 18768 2898 5438
0b001a01 0b001b01 10067 100 131072 745247 18726 2898 7354
0b001201 0b001301 10067 100 131072 745379 18638 2898 7346
0b001201 0b001301 10068 100 131072 746150 18441 2898 3986
0b001a01 0b001b01 10068 100 131072 746240 18416 2898 3994
0b001301 0b001401 10068 100 131072 746593 18075 2898 4467
0b001601 0b001701 10068 100 131072 746174 18615 2898 5910
0b001b01 0b001c01 10068 100 131072 746725 18075 2898 4475
0b001e01 0b001f01 10068 100 131072 746152 18656 2898 5918
0b001701 0b001001 10068 100 131072 746856 17970 2898 6391
0b001501 0b001601 10068 100 131072 745874 18954 2898 5429
0b001d01 0b001e01 10068 100 131072 746094 18803 2898 5437
0b001f01 0b001801 10068 100 131072 746899 18016 2898 6399
0b001801 0b001901 10067 100 131072 744800 20152 2898 6392
0b001001 0b001101 10067 100 131072 744800 20196 2898 6384
0b001c01 0b001d01 10067 100 131072 744752 20264 2898 4476
0b001401 0b001501 10067 100 131072 744708 20374 2898 4468
0b001901 0b001a01 10068 100 131072 746140 18933 2898 7353
0b000701 0b000001 10015 100 131072 600100 165190 11234 3399
0b000301 0b000401 10015 100 131072 600058 165232 11234 1475
0b001101 0b001201 10068 100 131072 746338 18825 2898 7345
0b000f01 0b000801 10041 100 131072 762713 2876 2898 2495
0b001001 0b001101 10068 100 131072 745153 20108 2898 6864
0b001801 0b001901 10068 100 131072 745153 20174 2898 6872
0b001401 0b001501 10068 100 131072 745083 20374 2898 4948
0b001c01 0b001d01 10068 100 131072 745193 20308 2898 4956
0b000b01 0b000c01 10041 100 131072 762977 2876 2898 571
0b001501 0b001601 10069 100 131072 752293 17161 2898 6405
0b001201 0b001301 10069 100 131072 752080 17375 2898 4962
0b001a01 0b001b01 10069 100 131072 752071 17472 2898 4970
0b001d01 0b001e01 10069 100 131072 752445 17163 2898 6413
0b001601 0b001701 10069 100 131072 751994 17616 2898 6886
0b001e01 0b001f01 10069 100 131072 752018 17701 2898 6894
0b001901 0b001a01 10069 100 131072 752496 17508 2898 4489
0b001101 0b001201 10069 100 131072 752513 17645 2898 4481
0b001801 0b001901 10069 100 131072 750742 19492 2898 4008
0b001c01 0b001d01 10069 100 131072 750657 19641 2898 5932
0b001001 0b001101 10069 100 131072 750755 19567 2898 4000
0b001401 0b001501 10069 100 131072 750653 19777 2898 5924
0b001f01 0b001801 10069 100 131072 753126 17776 2898 6879
0b001701 0b001001 10069 100 131072 753259 17687 2898 6871
0b001301 0b001401 10069 100 131072 753260 17836 2898 4947
0b001b01 0b001c01 10069 100 131072 753304 17880 2898 4955
0b000801 0b000901 10042 100 131072 768599 2876 2898 2504
0b001f01 0b001801 10070 100 131072 753608 17691 2898 7375
0b001701 0b001001 10070 100 131072 753736 17607 2898 7367
0b001c01 0b001501 10010 100 131072 762230 9279 6838 6412
0b000c01 0b000d01 10042 100 131072 768863 2876 2898 588
0b001a01 0b001b01 10070 100 131072 754139 17519 2898 4474
0b001201 0b001301 10070 100 131072 754293 17388 2898 4466
0b001b01 0b001c01 10070 100 131072 753833 17882 2898 4971
0b001401 0b001501 10070 100 131072 752434 19323 2898 5428
0b001c01 0b001d01 10070 100 131072 752610 19147 2898 5436
0b001301 0b001401 10070 100 131072 753921 17838 2898 4963
0b001301 0b001401 10071 100 131072 753981 17779 2898 5443
0b001801 0b001901 10070 100 131072 752658 19165 2898 7352
0b001b01 0b001c01 10071 100 131072 754088 17738 2898 5451
0b001001 0b001901 10010 100 131072 762322 9505 6838 4480
0b001401 0b001d01 10010 100 131072 762692 9140 6838 6404
0b001801 0b001101 10010 100 131072 762388 9527 6838 4488
0b001001 0b001101 10070 100 131072 752658 19253 2898 7344
0b001f01 0b001801 10071 100 131072 754447 17513 2898 6895
0b001d01 0b001601 10010 100 131072 762779 9210 6838 6893
0b001601 0b001701 10070 100 131072 754447 17540 2898 6390
0b001701 0b001001 10071 100 131072 754582 17424 2898 6887
0b001d01 0b001e01 10070 100 131072 755361 16760 2898 5917
0b001501 0b001601 10070 100 131072 755383 16848 2898 5909
0b001e01 0b001f01 10070 100 131072 754556 17674 2898 6398
0b001901 0b001a01 10070 100 131072 755075 17178 2898 3993
0b001101 0b001201 10070 100 131072 755009 17266 2898 3985
0b001501 0b001e01 10010 100 131072 763175 9257 6838 6885
0b001901 0b001a01 10071 100 131072 755386 17088 2898 4009
0b001101 0b001201 10071 100 131072 755318 17178 2898 4001
0b001901 0b001201 10010 100 131072 763133 9581 6838 4969
0b001601 0b001f01 10010 100 131072 763123 9642 6838 7366
0b001d01 0b001e01 10071 100 131072 756198 16584 2898 5933
0b001101 0b001a01 10010 100 131072 763199 9583 6838 4961
0b001501 0b001601 10071 100 131072 756242 16540 2898 5925
0b001201 0b001b01 10010 100 131072 763277 9578 6838 5442
0b001e01 0b001701 10010 100 131072 763211 9644 6838 7374
0b001301 0b001c01 10010 100 131072 763719 9170 6838 5923
0b001a01 0b001301 10010 100 131072 763409 9602 6838 5450
0b001c01 0b001d01 10071 100 131072 755123 18395 2898 5452
0b001b01 0b001401 10010 100 131072 764314 9216 6838 5931
0b001701 0b001801 10010 100 131072 763917 9682 6838 4007
0b001401 0b001501 10071 100 131072 755079 18549 2898 5444
0b001f01 0b001001 10010 100 131072 764026 9708 6838 4015
0b001801 0b001901 10071 100 131072 755435 18371 2898 7368
0b001001 0b001101 10071 100 131072 755435 18459 2898 7360
0b001201 0b001301 10071 100 131072 757774 16661 2898 4482
0b001a01 0b001b01 10071 100 131072 757906 16639 2898 4490
0b001601 0b001701 10071 100 131072 757686 16968 2898 6406
0b001e01 0b001f01 10071 100 131072 757752 17165 2898 6414
0b000901 0b000a01 10044 100 131072 774485 2876 2898 2521
0b000d01 0b000e01 10044 100 131072 774749 2876 2898 605
0b001e01 0b001f01 10072 100 131072 763674 18130 2898 4014
0b001201 0b001301 10072 100 131072 764202 17648 2898 5922
0b001601 0b001701 10072 100 131072 763894 18087 2898 4006
0b001a01 0b001b01 10072 100 131072 764180 17868 2898 5930
0b001401 0b001501 10072 100 131072 763773 18460 2898 6884
0b001c01 0b001d01 10072 100 131072 763771 18462 2898 6892
0b001b01 0b001c01 10072 100 131072 764469 17790 2898 6411
0b001f01 0b001801 10072 100 131072 764643 17642 2898 4495
0b001301 0b001401 10072 100 131072 764513 17790 2898 6403
0b001001 0b001101 10072 100 131072 763709 18612 2898 4960
0b001801 0b001901 10072 100 131072 763776 18613 2898 4968
0b001701 0b001001 10072 100 131072 764688 17795 2898 4487
0b001f01 0b001801 10073 100 131072 765040 17862 2898 4975
0b001701 0b001001 10073 100 131072 765085 18015 2898 4967
0b000a01 0b000b01 10043 100 131072 780371 2876 2898 2538
0b000e01 0b000f01 10043 100 131072 780635 2876 2898 622
0b001b01 0b001c01 10073 100 131072 764998 18186 2898 6891
0b001101 0b001201 10072 100 131072 765206 17965 2898 5441
0b001501 0b001601 10072 100 131072 765182 18011 2898 7365
0b001301 0b001401 10073 100 131072 765021 18207 2898 6883
0b001d01 0b001e01 10072 100 131072 765248 18099 2898 7373
0b001901 0b001a01 10072 100 131072 765294 18119 2898 5449
0b001001 0b001101 10073 100 131072 764902 18810 2898 5440
0b001c01 0b001d01 10073 100 131072 765098 18678 2898 7372
0b001401 0b001501 10073 100 131072 765098 18678 2898 7364
0b001801 0b001901 10073 100 131072 764971 18807 2898 5448
0b001101 0b001201 10073 100 131072 765603 18341 2898 5921
0b001d01 0b001e01 10073 100 131072 765645 18321 2898 4013
0b001501 0b001601 10073 100 131072 765579 18387 2898 4005
0b001901 0b001a01 10073 100 131072 765691 18341 2898 5929
0b001001 0b001101 10074 100 131072 765895 19006 2898 5920
0b001c01 0b001d01 10074 100 131072 766089 18876 2898 4012
0b001401 0b001501 10074 100 131072 766089 18876 2898 4004
0b001801 0b001901 10074 100 131072 765962 19005 2898 5928
0b001201 0b001301 10073 100 131072 766055 19035 2898 6402
0b001a01 0b001b01 10073 100 131072 766033 19101 2898 6410
0b001f01 0b001801 10074 100 131072 766937 18210 2898 5455
0b001701 0b001001 10074 100 131072 766850 18363 2898 5447
0b001e01 0b001f01 10073 100 131072 766055 19451 2898 4494
0b001b01 0b001c01 10074 100 131072 766983 18580 2898 7371
0b001301 0b001401 10074 100 131072 767027 18582 2898 7363
0b001201 0b001301 10074 100 131072 766496 19123 2898 6882
0b001601 0b001701 10073 100 131072 766143 19540 2898 4486
0b001a01 0b001b01 10074 100 131072 766584 19211 2898 6890
0b001f01 0b001801 10075 100 131072 767818 18102 2898 5935
0b001701 0b001001 10075 100 131072 767799 18187 2898 5927
0b001e01 0b001f01 10074 100 131072 766496 19539 2898 4974
0b001301 0b001401 10075 100 131072 767601 18449 2898 4003
0b001b01 0b001c01 10075 100 131072 767666 18450 2898 4011
0b001601 0b001701 10074 100 131072 766584 19628 2898 4966
0b001401 0b001501 10075 100 131072 767678 18612 2898 4484
0b001c01 0b001d01 10075 100 131072 767810 18612 2898 4492
0b001001 0b001101 10075 100 131072 767836 18786 2898 6400
0b001101 0b001201 10074 100 131072 768006 18715 2898 6401
0b001801 0b001901 10075 100 131072 767925 18807 2898 6408
0b001901 0b001a01 10074 100 131072 767962 18847 2898 6409
0b001501 0b001601 10074 100 131072 768092 18783 2898 4485
0b001d01 0b001e01 10074 100 131072 768026 18849 2898 4493
0b001201 0b001301 10075 100 131072 768173 18771 2898 7362
0b001101 0b001201 10075 100 131072 768271 18693 2898 6881
0b001a01 0b001b01 10075 100 131072 768083 18925 2898 7370
0b001901 0b001a01 10075 100 131072 768337 18847 2898 6889
0b001601 0b001701 10075 100 131072 767838 19391 2898 5446
0b001501 0b001601 10075 100 131072 768467 18805 2898 4965
0b001d01 0b001e01 10075 100 131072 768511 18761 2898 4973
0b001e01 0b001f01 10075 100 131072 767907 19387 2898 5454
0b000b01 0b000c01 10042 100 131072 786257 2876 2898 2555
0b000f01 0b000801 10042 100 131072 786521 2876 2898 639
0b001f01 0b001801 10076 100 131072 772729 16738 2898 6911
0b001701 0b001001 10076 100 131072 772620 16869 2898 6903
0b001301 0b001401 10076 100 131072 772465 17262 2898 4979
0b001b01 0b001c01 10076 100 131072 772553 17218 2898 4987
0b001601 0b001701 10076 100 131072 772464 18836 2898 6422
0b001e01 0b001f01 10076 100 131072 772618 18791 2898 6430
0b001a01 0b001b01 10076 100 131072 773014 18551 2898 4506
0b001201 0b001301 10076 100 131072 773168 18573 2898 4498
0b001701 0b001001 10077 100 131072 774997 17091 2898 6407
0b001b01 0b001c01 10077 100 131072 774668 17548 2898 4491
0b001301 0b001401 10077 100 131072 774691 17613 2898 4483
0b001f01 0b001801 10077 100 131072 775240 17068 2898 6415
0b001901 0b001a01 10076 100 131072 773244 19309 2898 4025
0b001101 0b001201 10076 100 131072 773332 19265 2898 4017
0b001d01 0b001e01 10076 100 131072 773308 19421 2898 5949
0b001f01 0b001801 10078 100 131072 775775 16974 2898 7391
0b001701 0b001001 10078 100 131072 775865 16994 2898 7383
0b001501 0b001601 10076 100 131072 773440 19621 2898 5941
0b001401 0b001501 10076 100 131072 774106 18965 2898 4964
0b001001 0b001101 10076 100 131072 773956 19141 2898 6880
0b001b01 0b001c01 10078 100 131072 775865 17342 2898 5467
0b001c01 0b001d01 10076 100 131072 774194 19121 2898 4972
0b001801 0b001901 10076 100 131072 773912 19405 2898 6888
0b001301 0b001401 10078 100 131072 776021 17384 2898 5459
0b001001 0b001101 10077 100 131072 774353 19361 2898 7376
0b001801 0b001901 10077 100 131072 774309 19471 2898 7384
0b001701 0b001001 10079 100 131072 777664 16164 2898 6423
0b001a01 0b001b01 10077 100 131072 775263 18681 2898 4010
0b001601 0b001701 10077 100 131072 774999 18965 2898 6902
0b001f01 0b001801 10079 100 131072 777927 16057 2898 6431
0b001401 0b001501 10077 100 131072 774769 19229 2898 4980
0b001401 0b001501 10078 100 131072 774770 19229 2898 5460
0b001e01 0b001f01 10077 100 131072 775131 18942 2898 5934
0b001c01 0b001d01 10077 100 131072 774725 19361 2898 4988
0b001201 0b001301 10077 100 131072 775285 18835 2898 4002
0b001a01 0b001b01 10078 100 131072 775484 18681 2898 4026
0b001601 0b001701 10078 100 131072 775241 18944 2898 5926
0b001b01 0b001c01 10079 100 131072 777555 16625 2898 4507
0b001301 0b001401 10079 100 131072 777445 16757 2898 4499
0b001f01 0b001001 10011 100 131072 784814 9400 6838 4031
0b001c01 0b001d01 10078 100 131072 774836 19385 2898 5468
0b001201 0b001301 10078 100 131072 775506 18725 2898 4018
0b001501 0b001601 10077 100 131072 774519 19735 2898 6421
0b001301 0b001c01 10011 100 131072 784860 9395 6838 5939
0b001e01 0b001f01 10078 100 131072 775442 18852 2898 6910
0b001a01 0b001b01 10079 100 131072 775792 18554 2898 4986
0b001001 0b001101 10078 100 131072 775016 19361 2898 6896
0b001701 0b001801 10011 100 131072 784991 9419 6838 4023
0b001201 0b001301 10079 100 131072 775724 18688 2898 4978
0b001901 0b001a01 10077 100 131072 774833 19575 2898 7369
0b001901 0b001a01 10078 100 131072 774837 19572 2898 4505
0b001601 0b001701 10079 100 131072 775792 18641 2898 5942
0b001801 0b001901 10078 100 131072 774970 19473 2898 6904
0b001101 0b001201 10078 100 131072 774921 19531 2898 7361
0b001101 0b001201 10077 100 131072 774925 19528 2898 4497
0b001d01 0b001e01 10077 100 131072 774767 19685 2898 5453
0b001501 0b001601 10078 100 131072 774767 19708 2898 5445
0b001e01 0b001f01 10079 100 131072 775792 18681 2898 5950
0b001b01 0b001401 10011 100 131072 785058 9418 6838 5947
0b001d01 0b001e01 10078 100 131072 774842 19721 2898 6429
0b001801 0b001101 10011 100 131072 785295 9418 6838 4504
0b001c01 0b001501 10011 100 131072 785269 9588 6838 6428
0b001401 0b001d01 10011 100 131072 785313 9590 6838 6420
0b001001 0b001901 10011 100 131072 785493 9441 6838 4496
0b001d01 0b001601 10011 100 131072 785243 9713 6838 6909
0b001501 0b001e01 10011 100 131072 785243 9736 6838 6901
0b001c01 0b001d01 10079 100 131072 775899 19093 2898 5948
0b001101 0b001a01 10011 100 131072 785331 9686 6838 4977
0b001901 0b001201 10011 100 131072 785399 9685 6838 4985
0b001401 0b001501 10079 100 131072 776540 18672 2898 5940
0b001501 0b001601 10079 100 131072 776638 18896 2898 5461
0b001d01 0b001e01 10079 100 131072 776528 19006 2898 5469
0b001901 0b001a01 10079 100 131072 776816 18738 2898 7385
0b001101 0b001201 10079 100 131072 776904 18696 2898 7377
0b001001 0b001101 10079 100 131072 776744 18910 2898 4016
0b001801 0b001901 10079 100 131072 776609 19089 2898 4024
0b001201 0b001b01 10011 100 131072 786181 9543 6838 5458
0b001601 0b001f01 10011 100 131072 786203 9629 6838 7382
0b001a01 0b001301 10011 100 131072 786423 9567 6838 5466
0b001e01 0b001701 10011 100 131072 786357 9653 6838 7390
0b000c01 0b000501 10010 100 131072 792143 6857 6838 2572
0b000801 0b000101 10010 100 131072 792407 6845 6838 648
0b001601 0b001701 10080 100 131072 786976 15512 2898 4022
0b001e01 0b001f01 10080 100 131072 786976 15643 2898 4030
0b001201 0b001301 10080 100 131072 786954 15799 2898 5938
0b001a01 0b001b01 10080 100 131072 787042 15821 2898 5946
0b001901 0b001a01 10080 100 131072 786788 17305 2898 5465
0b001d01 0b001e01 10080 100 131072 786786 17482 2898 7389
0b001101 0b001201 10080 100 131072 786722 17569 2898 5457
0b001301 0b001401 10080 100 131072 788100 16359 2898 6419
0b001501 0b001601 10080 100 131072 786786 17681 2898 7381
0b001f01 0b001801 10080 100 131072 788516 16079 2898 4511
0b001b01 0b001c01 10080 100 131072 788144 16491 2898 6427
0b000501 0b000601 10017 100 131072 802010 2907 2898 2581
0b001701 0b001001 10080 100 131072 788693 16210 2898 4503
0b000101 0b000201 10017 100 131072 802262 2907 2898 657
0b001301 0b001401 10081 100 131072 788629 16601 2898 6899
0b001401 0b001501 10080 100 131072 786238 19011 2898 6900
0b001c01 0b001d01 10080 100 131072 786194 19141 2898 6908
0b001f01 0b001801 10081 100 131072 789045 16321 2898 4991
0b001b01 0b001c01 10081 100 131072 788805 16755 2898 6907
0b001901 0b001a01 10081 100 131072 787977 17659 2898 5945
0b001701 0b001001 10081 100 131072 789222 16452 2898 4983
0b001801 0b001901 10080 100 131072 785912 19757 2898 4984
0b001d01 0b001e01 10081 100 131072 787975 17815 2898 4029
0b001001 0b001101 10080 100 131072 786110 19713 2898 4976
0b001101 0b001201 10081 100 131072 787911 17923 2898 5937
0b001501 0b001601 10081 100 131072 787975 18035 2898 4021
0b001601 0b001701 10081 100 131072 789885 16612 2898 4502
0b001301 0b001401 10082 100 131072 789954 16599 2898 7379
0b001201 0b001301 10081 100 131072 789731 16856 2898 6418
0b001e01 0b001f01 10081 100 131072 789885 16743 2898 4510
0b001a01 0b001b01 10081 100 131072 789819 16899 2898 6426
0b001b01 0b001c01 10082 100 131072 790018 16733 2898 7387
0b001f01 0b001801 10082 100 131072 790304 16517 2898 5471
0b001701 0b001001 10082 100 131072 790239 16628 2898 5463
0b001201 0b001301 10082 100 131072 789974 16899 2898 6898
0b001601 0b001701 10082 100 131072 790282 16612 2898 4982
0b001e01 0b001f01 10082 100 131072 790282 16743 2898 4990
0b001a01 0b001b01 10082 100 131072 790194 16921 2898 6906
0b001d01 0b001e01 10082 100 131072 789432 17832 2898 4509
0b001501 0b001601 10082 100 131072 789300 18052 2898 4501
0b001901 0b001a01 10082 100 131072 789742 17611 2898 6425
0b001101 0b001201 10082 100 131072 789632 17919 2898 6417
0b001801 0b001901 10081 100 131072 788157 20463 2898 5464
0b001401 0b001501 10081 100 131072 788619 20065 2898 7380
0b001c01 0b001d01 10081 100 131072 788573 20155 2898 7388
0b001001 0b001101 10081 100 131072 788223 20529 2898 5456
0b001401 0b001501 10082 100 131072 789060 20087 2898 4020
0b001c01 0b001d01 10082 100 131072 789126 20219 2898 4028
0b001801 0b001901 10082 100 131072 788930 20615 2898 5944
0b001001 0b001101 10082 100 131072 788996 20681 2898 5936
0b000601 0b000701 10032 100 131072 807927 2908 2898 2598
0b000201 0b000301 10032 100 131072 808179 2908 2898 674
0b001701 0b001001 10083 100 131072 794310 17552 2898 6439
0b001f01 0b001801 10083 100 131072 794419 17465 2898 6447
0b001b01 0b001c01 10083 100 131072 794575 17657 2898 4523
0b001301 0b001401 10083 100 131072 794751 17569 2898 4515
0b001401 0b001501 10083 100 131072 792737 20021 2898 4996
0b001c01 0b001d01 10083 100 131072 792781 20175 2898 5004
0b001801 0b001901 10083 100 131072 792477 20547 2898 6920
0b001001 0b001101 10083 100 131072 792499 20525 2898 6912
0b001201 0b001301 10083 100 131072 795607 18155 2898 4034
0b001a01 0b001b01 10083 100 131072 795563 18309 2898 4042
0b001e01 0b001f01 10083 100 131072 795739 18307 2898 5966
0b001101 0b001201 10083 100 131072 796107 18051 2898 6897
0b001501 0b001601 10083 100 131072 796081 18187 2898 4981
0b001901 0b001a01 10083 100 131072 796327 18051 2898 6905
0b001d01 0b001e01 10083 100 131072 796325 18229 2898 4989
0b001601 0b001701 10083 100 131072 796071 18506 2898 5958
0b001901 0b001a01 10084 100 131072 796790 18249 2898 7401
0b001101 0b001201 10084 100 131072 796724 18359 2898 7393
0b001301 0b001c01 10012 100 131072 805763 9492 6838 5955
0b001b01 0b001401 10012 100 131072 805873 9475 6838 5963
0b001701 0b001801 10012 100 131072 805498 9890 6838 4039
0b001f01 0b001001 10012 100 131072 805629 9767 6838 4047
0b001c01 0b001d01 10084 100 131072 795226 20261 2898 4508
0b001401 0b001501 10084 100 131072 795314 20239 2898 4500
0b001501 0b001601 10084 100 131072 797008 18583 2898 4997
0b001501 0b001601 10085 100 131072 797009 18583 2898 5477
0b001d01 0b001e01 10084 100 131072 797096 18517 2898 5005
0b001901 0b001a01 10085 100 131072 797453 18247 2898 6921
0b001d01 0b001e01 10085 100 131072 797231 18493 2898 5485
0b001101 0b001201 10085 100 131072 797387 18359 2898 6913
0b001001 0b001101 10084 100 131072 795098 20679 2898 6416
0b001b01 0b001c01 10084 100 131072 796954 18846 2898 4027
0b001701 0b001001 10084 100 131072 796974 18852 2898 6919
0b001f01 0b001801 10084 100 131072 797083 18765 2898 5951
0b001301 0b001401 10084 100 131072 797130 18758 2898 4019
0b001801 0b001901 10084 100 131072 795318 20613 2898 6424
0b001101 0b001201 10086 100 131072 797723 18200 2898 4513
0b001301 0b001401 10085 100 131072 797241 18758 2898 4035
0b001b01 0b001c01 10085 100 131072 797175 18846 2898 4043
0b001901 0b001a01 10086 100 131072 797944 18111 2898 4521
0b001701 0b001001 10085 100 131072 797195 18852 2898 5943
0b001f01 0b001801 10085 100 131072 797304 18765 2898 6927
0b001301 0b001401 10086 100 131072 797422 18666 2898 4995
0b001b01 0b001c01 10086 100 131072 797356 18754 2898 5003
0b001f01 0b001801 10086 100 131072 797483 18675 2898 5967
0b001d01 0b001e01 10086 100 131072 797913 18274 2898 6445
0b001701 0b001001 10086 100 131072 797443 18781 2898 5959
0b001d01 0b001e01 10087 100 131072 798002 18274 2898 5965
0b001501 0b001601 10086 100 131072 797867 18430 2898 6437
0b001101 0b001201 10087 100 131072 798664 17743 2898 4033
0b001601 0b001701 10084 100 131072 797264 19170 2898 6438
0b001801 0b001901 10085 100 131072 795759 20705 2898 7400
0b001901 0b001a01 10087 100 131072 798708 17768 2898 4041
0b001501 0b001601 10087 100 131072 798222 18252 2898 5957
0b001201 0b001301 10084 100 131072 797462 19083 2898 7378
0b001201 0b001301 10085 100 131072 797463 19083 2898 4514
0b001a01 0b001301 10012 100 131072 807103 9464 6838 5482
0b001001 0b001101 10085 100 131072 795869 20705 2898 7392
0b001a01 0b001b01 10084 100 131072 797418 19216 2898 7386
0b001a01 0b001b01 10085 100 131072 797419 19237 2898 4522
0b001601 0b001701 10085 100 131072 797485 19170 2898 5462
0b001c01 0b001d01 10085 100 131072 796217 20467 2898 5484
0b001e01 0b001f01 10084 100 131072 797462 19235 2898 5470
0b001b01 0b001c01 10087 100 131072 798734 17975 2898 5483
0b001f01 0b001801 10087 100 131072 798842 17915 2898 7407
0b001e01 0b001701 10012 100 131072 807278 9488 6838 7406
0b001201 0b001b01 10012 100 131072 807301 9484 6838 5474
0b001e01 0b001f01 10085 100 131072 797573 19235 2898 6446
0b001301 0b001401 10087 100 131072 799000 17819 2898 5475
0b001401 0b001501 10085 100 131072 796415 20467 2898 5476
0b001701 0b001001 10087 100 131072 799020 17871 2898 7399
0b001601 0b001701 10086 100 131072 797966 18954 2898 6918
0b001601 0b001f01 10012 100 131072 807477 9506 6838 7398
0b001201 0b001301 10086 100 131072 798094 18893 2898 4994
0b001e01 0b001f01 10086 100 131072 797989 19084 2898 6926
0b001401 0b001d01 10012 100 131072 807469 9608 6838 6436
0b001801 0b001101 10012 100 131072 807605 9485 6838 4520
0b001a01 0b001b01 10086 100 131072 798027 19070 2898 5002
0b001601 0b001701 10087 100 131072 798544 18641 2898 5478
0b001201 0b001301 10087 100 131072 798610 18576 2898 7394
0b001e01 0b001f01 10087 100 131072 798544 18728 2898 5486
0b001c01 0b001501 10012 100 131072 807645 9640 6838 6444
0b001a01 0b001b01 10087 100 131072 798564 18732 2898 7402
0b001001 0b001101 10086 100 131072 796838 20509 2898 6432
0b001001 0b001901 10012 100 131072 807913 9509 6838 4512
0b001c01 0b001d01 10086 100 131072 797190 20265 2898 4524
0b001801 0b001901 10086 100 131072 796994 20463 2898 6440
0b001401 0b001501 10086 100 131072 797212 20331 2898 4516
0b001c01 0b001d01 10087 100 131072 797265 20279 2898 5964
0b001001 0b001101 10087 100 131072 797224 20388 2898 4032
0b001801 0b001901 10087 100 131072 797420 20302 2898 4040
0b001401 0b001501 10087 100 131072 797486 20234 2898 5956
0b001501 0b001e01 10012 100 131072 808259 9675 6838 6917
0b001d01 0b001601 10012 100 131072 808345 9701 6838 6925
0b001901 0b001201 10012 100 131072 808679 9650 6838 5001
0b001101 0b001a01 10012 100 131072 808833 9674 6838 4993
0b001701 0b001001 10088 100 131072 809507 14075 2898 4519
0b001f01 0b001801 10088 100 131072 809638 14340 2898 4527
0b001701 0b001001 10089 100 131072 809904 14141 2898 4999
0b000701 0b000001 10016 100 131072 605402 219049 11234 2439
0b000301 0b000401 10016 100 131072 605402 219049 11234 3395
0b000701 0b000001 10017 100 131072 605403 219052 11234 1959
0b000301 0b000401 10017 100 131072 605403 219052 11234 2915
0b000701 0b000001 10018 100 131072 605404 219055 11234 1479
0b000301 0b000401 10018 100 131072 605404 219055 11234 2435
0b000701 0b000001 10019 100 131072 605405 219058 11234 999
0b000301 0b000401 10019 100 131072 605406 219057 11234 515
0b000701 0b000001 10020 100 131072 605406 219061 11234 519
0b000301 0b000401 10020 100 131072 605407 219060 11234 35
0b001b01 0b001c01 10088 100 131072 809728 14620 2898 6443
0b001f01 0b001801 10089 100 131072 810035 14406 2898 5007
0b001301 0b001401 10088 100 131072 809597 15213 2898 6435
0b001b01 0b001c01 10089 100 131072 810125 14686 2898 6923
0b001301 0b001401 10089 100 131072 809883 15236 2898 6915
0b001e01 0b001f01 10088 100 131072 808800 17052 2898 4046
0b001a01 0b001b01 10088 100 131072 808646 17451 2898 5962
0b001601 0b001701 10088 100 131072 809020 17163 2898 4038
0b001201 0b001301 10088 100 131072 808844 17473 2898 5954
0b000701 0b000001 10021 100 131072 606223 220804 11234 2455
0b000301 0b000401 10021 100 131072 606223 220804 11234 531
0b001401 0b001501 10088 100 131072 808240 18527 2898 6916
0b001801 0b001901 10088 100 131072 808376 18525 2898 5000
0b001c01 0b001d01 10088 100 131072 808570 18549 2898 6924
0b001001 0b001101 10088 100 131072 808684 18481 2898 4992
0b001901 0b001a01 10088 100 131072 811630 15809 2898 5481
0b001e01 0b001f01 10089 100 131072 810274 17273 2898 4526
0b001101 0b001201 10088 100 131072 811762 15809 2898 5473
0b001601 0b001701 10089 100 131072 810362 17362 2898 4518
0b001501 0b001601 10088 100 131072 811694 16185 2898 7397
0b001a01 0b001b01 10089 100 131072 810363 17739 2898 6442
0b001d01 0b001e01 10088 100 131072 811738 16383 2898 7405
0b001401 0b001501 10089 100 131072 809563 18591 2898 7396
0b001201 0b001301 10089 100 131072 810561 17761 2898 6434
0b001c01 0b001d01 10089 100 131072 809761 18657 2898 7404
0b001501 0b001601 10089 100 131072 812157 16341 2898 4037
0b001901 0b001a01 10089 100 131072 812555 15965 2898 5961
0b001001 0b001101 10089 100 131072 809877 18697 2898 5472
0b001801 0b001901 10089 100 131072 809831 18743 2898 5480
0b001101 0b001201 10089 100 131072 812687 15965 2898 5953
0b001d01 0b001e01 10089 100 131072 812355 16385 2898 4045
0b001501 0b001601 10090 100 131072 815768 16273 2898 5013
0b001901 0b001a01 10090 100 131072 816034 16117 2898 6937
0b001101 0b001201 10090 100 131072 816034 16271 2898 6929
0b001d01 0b001e01 10090 100 131072 815966 16471 2898 5021
0b000701 0b000001 10022 100 131072 608862 223985 11234 2935
0b000301 0b000401 10022 100 131072 608817 224030 11234 1011
0b001b01 0b001c01 10090 100 131072 816882 15942 2898 4059
0b001301 0b001401 10090 100 131072 816772 16074 2898 4051
0b001f01 0b001801 10090 100 131072 817056 16058 2898 5983
0b001001 0b001101 10090 100 131072 814872 19093 2898 6448
0b001801 0b001901 10090 100 131072 814894 19073 2898 6456
0b001c01 0b001d01 10090 100 131072 815242 19031 2898 4540
0b001401 0b001501 10090 100 131072 815330 18965 2898 4532
0b001701 0b001001 10090 100 131072 817587 16869 2898 5975
0b001601 0b001701 10090 100 131072 817278 18330 2898 4998
0b001201 0b001301 10090 100 131072 817168 18463 2898 6914
0b000701 0b000001 10023 100 131072 610978 225221 11234 2471
0b000301 0b000401 10023 100 131072 610978 225221 11234 547
0b001e01 0b001f01 10090 100 131072 817564 18549 2898 5006
0b001a01 0b001b01 10090 100 131072 817388 18881 2898 6922
0b001501 0b001601 10091 100 131072 818563 18629 2898 4517
0b001d01 0b001e01 10091 100 131072 818497 18827 2898 4525
0b001c01 0b001501 10013 100 131072 827358 10204 6838 6460
0b001001 0b001901 10013 100 131072 826592 11054 6838 4528
0b001801 0b001101 10013 100 131072 826988 10682 6838 4536
0b001401 0b001d01 10013 100 131072 827820 9890 6838 6452
0b001201 0b001301 10091 100 131072 818093 19697 2898 7410
0b001a01 0b001b01 10091 100 131072 818049 19761 2898 7418
0b001101 0b001201 10091 100 131072 818787 19043 2898 6433
0b001901 0b001a01 10091 100 131072 818941 19021 2898 6441
0b001701 0b001001 10091 100 131072 819444 18711 2898 6455
0b001b01 0b001c01 10091 100 131072 819644 18729 2898 7403
0b001b01 0b001c01 10092 100 131072 819666 18708 2898 4539
0b001f01 0b001801 10091 100 131072 819707 18690 2898 5487
0b001301 0b001401 10091 100 131072 819555 18840 2898 7395
0b001301 0b001401 10093 100 131072 819556 18840 2898 4531
0b001301 0b001401 10092 100 131072 819577 18820 2898 5491
0b001f01 0b001001 10013 100 131072 828862 9578 6838 4063
0b001b01 0b001c01 10093 100 131072 819795 18668 2898 5499
0b001701 0b001001 10092 100 131072 819665 18821 2898 5479
0b001f01 0b001801 10092 100 131072 819818 18692 2898 6463
0b001701 0b001001 10093 100 131072 819776 18799 2898 7415
0b001b01 0b001401 10013 100 131072 829107 9474 6838 5979
0b001301 0b001401 10094 100 131072 819997 18599 2898 5011
0b001b01 0b001c01 10094 100 131072 820107 18489 2898 5019
0b001e01 0b001f01 10091 100 131072 818623 19978 2898 5022
0b001301 0b001401 10095 100 131072 820196 18445 2898 7411
0b001701 0b001001 10094 100 131072 819930 18716 2898 6935
0b001b01 0b001c01 10095 100 131072 820306 18381 2898 7419
0b001f01 0b001801 10093 100 131072 819993 18696 2898 7423
0b001f01 0b001801 10094 100 131072 820083 18607 2898 6943
0b001601 0b001701 10091 100 131072 818601 20090 2898 5014
0b001701 0b001001 10095 100 131072 820195 18496 2898 5495
0b001601 0b001701 10092 100 131072 818602 20111 2898 5494
0b001e01 0b001f01 10092 100 131072 818734 20000 2898 5502
0b001a01 0b001b01 10092 100 131072 818710 20029 2898 6938
0b001701 0b001801 10013 100 131072 829193 9538 6838 4055
0b001c01 0b001d01 10091 100 131072 818265 20486 2898 5980
0b001901 0b001a01 10092 100 131072 819474 19281 2898 7417
0b001001 0b001101 10091 100 131072 818406 20347 2898 4048
0b001401 0b001501 10091 100 131072 818358 20415 2898 5972
0b001f01 0b001801 10095 100 131072 820282 18518 2898 5503
0b001301 0b001c01 10013 100 131072 829327 9492 6838 5971
0b001201 0b001301 10092 100 131072 818756 20091 2898 6930
0b001201 0b001301 10093 100 131072 818933 20048 2898 4530
0b001801 0b001901 10091 100 131072 818398 20596 2898 4056
0b001101 0b001201 10092 100 131072 819584 19438 2898 7409
0b001a01 0b001b01 10093 100 131072 819065 20026 2898 4538
0b001501 0b001601 10092 100 131072 819892 19240 2898 5493
0b001e01 0b001f01 10093 100 131072 819197 19980 2898 6462
0b001501 0b001e01 10013 100 131072 829777 9431 6838 6933
0b001d01 0b001e01 10092 100 131072 819694 19503 2898 5501
0b001e01 0b001f01 10094 100 131072 819286 19980 2898 5982
0b001201 0b001301 10094 100 131072 819417 19917 2898 4050
0b001a01 0b001b01 10094 100 131072 819486 19870 2898 4058
0b001601 0b001701 10093 100 131072 819307 20069 2898 6454
0b001001 0b001101 10092 100 131072 818836 20599 2898 6928
0b001901 0b001201 10013 100 131072 829911 9547 6838 5017
0b001101 0b001201 10093 100 131072 820100 19365 2898 4529
0b001601 0b001701 10094 100 131072 819484 19981 2898 5974
0b001d01 0b001e01 10093 100 131072 820087 19422 2898 6461
0b001c01 0b001d01 10092 100 131072 818810 20755 2898 4044
0b001501 0b001601 10093 100 131072 820295 19282 2898 6453
0b001401 0b001501 10092 100 131072 818898 20689 2898 4036
0b001d01 0b001601 10013 100 131072 830129 9465 6838 6941
0b001901 0b001a01 10093 100 131072 820432 19208 2898 4537
0b001101 0b001201 10094 100 131072 820357 19289 2898 6449
0b001001 0b001101 10093 100 131072 819057 20599 2898 5952
0b001801 0b001901 10092 100 131072 818858 20797 2898 5960
0b001401 0b001501 10093 100 131072 819009 20689 2898 4052
0b001901 0b001a01 10094 100 131072 820467 19262 2898 6457
0b001001 0b001101 10094 100 131072 819234 20511 2898 5968
0b001101 0b001a01 10013 100 131072 830175 9571 6838 5009
0b001501 0b001601 10094 100 131072 820553 19203 2898 4533
0b001d01 0b001e01 10094 100 131072 820465 19313 2898 4541
0b001d01 0b001e01 10095 100 131072 820554 19225 2898 5981
0b001c01 0b001d01 10093 100 131072 819031 20755 2898 4060
0b001101 0b001201 10095 100 131072 820622 19157 2898 4049
0b001401 0b001501 10094 100 131072 819098 20689 2898 5012
0b001901 0b001a01 10095 100 131072 820732 19068 2898 4057
0b001501 0b001601 10095 100 131072 820730 19093 2898 5973
0b001c01 0b001d01 10094 100 131072 819120 20755 2898 5020
0b001801 0b001901 10093 100 131072 819079 20797 2898 6936
0b001801 0b001901 10094 100 131072 819168 20709 2898 5976
0b001e01 0b001f01 10095 100 131072 820944 19034 2898 6942
0b001001 0b001101 10095 100 131072 819901 20109 2898 7408
0b001401 0b001501 10095 100 131072 819829 20223 2898 5492
0b001a01 0b001301 10013 100 131072 830449 9650 6838 5498
0b001601 0b001701 10095 100 131072 821056 19055 2898 6934
0b001201 0b001301 10095 100 131072 821339 18773 2898 5010
0b001c01 0b001d01 10095 100 131072 819719 20421 2898 5500
0b001801 0b001901 10095 100 131072 819767 20375 2898 7416
0b001a01 0b001b01 10095 100 131072 821517 18683 2898 5018
0b001201 0b001b01 10013 100 131072 830581 9674 6838 5490
0b001601 0b001f01 10013 100 131072 830889 9551 6838 7414
0b001e01 0b001701 10013 100 131072 831131 9599 6838 7422
0b001b01 0b001c01 10096 100 131072 831112 10200 2898 6459
0b001f01 0b001801 10096 100 131072 830557 10803 2898 4543
0b001701 0b001001 10096 100 131072 830734 11132 2898 4535
0b000401 0b000d01 10003 100 131072 827469 15078 15174 2452
0b000001 0b000901 10003 100 131072 827477 15078 15174 528
0b001301 0b001401 10096 100 131072 831332 11102 2898 6451
0b001001 0b001101 10096 100 131072 827055 15642 2898 5008
0b001801 0b001901 10096 100 131072 827451 15774 2898 5016
0b001c01 0b001d01 10096 100 131072 827821 15996 2898 6940
0b001401 0b001501 10096 100 131072 828129 15864 2898 6932
0b001501 0b001601 10096 100 131072 831164 14560 2898 7413
0b001d01 0b001e01 10096 100 131072 831428 14428 2898 7421
0b001901 0b001a01 10096 100 131072 831584 14403 2898 5497
0b001101 0b001201 10096 100 131072 831584 14668 2898 5489
0b001a01 0b001b01 10096 100 131072 831530 15383 2898 5978
0b001201 0b001301 10096 100 131072 831662 15251 2898 5970
0b000301 0b000401 10024 100 131072 621784 225439 11234 1491
0b000701 0b000001 10024 100 131072 621788 225523 11234 3415
0b001e01 0b001f01 10096 100 131072 831750 15909 2898 4062
0b001601 0b001701 10096 100 131072 831508 16218 2898 4054
0b000d01 0b000e01 10045 100 131072 845557 2876 2898 2477
0b000901 0b000a01 10045 100 131072 845565 2876 2898 553
0b001701 0b001001 10097 100 131072 838618 11347 2898 5015
0b001a01 0b001b01 10097 100 131072 835161 15295 2898 6954
0b001f01 0b001801 10097 100 131072 839123 11370 2898 5023
0b001201 0b001301 10097 100 131072 835315 15295 2898 6946
0b001601 0b001701 10097 100 131072 835051 16218 2898 5030
0b001e01 0b001f01 10097 100 131072 835447 15909 2898 5038
0b000301 0b000401 10025 100 131072 626823 224812 11234 1027
0b000701 0b000001 10025 100 131072 626779 224944 11234 2951
0b001301 0b001401 10097 100 131072 838641 13016 2898 6931
0b001401 0b001501 10097 100 131072 835856 16148 2898 4068
0b001c01 0b001d01 10097 100 131072 835834 16300 2898 4076
0b001901 0b001a01 10097 100 131072 836977 15173 2898 6473
0b001801 0b001901 10097 100 131072 836124 16036 2898 5992
0b001101 0b001201 10097 100 131072 836975 15438 2898 6465
0b001d01 0b001e01 10097 100 131072 837283 15198 2898 4557
0b001501 0b001601 10097 100 131072 837305 15506 2898 4549
0b001b01 0b001c01 10097 100 131072 839279 13544 2898 6939
0b001001 0b001101 10097 100 131072 837466 16080 2898 5984
0b001801 0b001101 10014 100 131072 844370 9261 6838 4552
0b000e01 0b000f01 10044 100 131072 851443 2876 2898 2494
0b001001 0b001901 10014 100 131072 844876 9306 6838 4544
0b000a01 0b000b01 10044 100 131072 851451 2876 2898 570
0b001c01 0b001501 10014 100 131072 844322 10337 6838 6476
0b001401 0b001d01 10014 100 131072 845444 9333 6838 6468
0b001d01 0b001601 10014 100 131072 846827 9689 6838 6957
0b001501 0b001e01 10014 100 131072 847003 9539 6838 6949
0b001101 0b001a01 10014 100 131072 845707 10999 6838 5025
0b001901 0b001201 10014 100 131072 846235 10497 6838 5033
0b001601 0b001701 10098 100 131072 840202 17230 2898 4534
0b001e01 0b001f01 10098 100 131072 840334 17559 2898 4542
0b001b01 0b001c01 10098 100 131072 840820 17262 2898 7435
0b001601 0b001f01 10014 100 131072 848734 9721 6838 7430
0b001e01 0b001701 10014 100 131072 848866 9598 6838 7438
0b001a01 0b001301 10014 100 131072 848997 9483 6838 5514
0b001901 0b001a01 10098 100 131072 840656 17941 2898 4553
0b001501 0b001601 10098 100 131072 840572 18179 2898 6469
0b001201 0b001b01 10014 100 131072 849262 9504 6838 5506
0b001301 0b001401 10098 100 131072 840800 18054 2898 7427
0b001201 0b001301 10098 100 131072 840840 18047 2898 6450
0b001d01 0b001e01 10098 100 131072 840720 18208 2898 6477
0b001101 0b001201 10098 100 131072 840680 18248 2898 4545
0b001a01 0b001b01 10098 100 131072 840972 18245 2898 6458
0b001b01 0b001401 10014 100 131072 849923 9715 6838 5995
0b001301 0b001c01 10014 100 131072 849923 9738 6838 5987
0b000301 0b000401 10026 100 131072 633560 226509 11234 563
0b000701 0b000001 10026 100 131072 633518 226551 11234 2487
0b001701 0b001001 10098 100 131072 841701 18301 2898 5031
0b001f01 0b001801 10098 100 131072 841611 18391 2898 5039
0b001701 0b001001 10099 100 131072 841723 18280 2898 5511
0b000f01 0b000801 10043 100 131072 857329 2876 2898 2511
0b000b01 0b000c01 10043 100 131072 857337 2876 2898 587
0b001f01 0b001001 10014 100 131072 850669 9676 6838 4079
0b001701 0b001801 10014 100 131072 850736 9674 6838 4071
0b001f01 0b001801 10099 100 131072 841744 18655 2898 5519
0b001b01 0b001c01 10099 100 131072 841749 18844 2898 6955
0b001301 0b001401 10099 100 131072 841857 19110 2898 6947
0b001a01 0b001b01 10099 100 131072 841765 19213 2898 7434
0b001f01 0b001801 10100 100 131072 842187 18873 2898 6479
0b001301 0b001401 10100 100 131072 841991 19087 2898 4547
0b001b01 0b001c01 10100 100 131072 842101 19045 2898 4555
0b001f01 0b001801 10101 100 131072 842276 18895 2898 5999
0b001701 0b001001 10100 100 131072 842386 18828 2898 6471
0b001c01 0b001d01 10098 100 131072 841383 19824 2898 7420
0b001c01 0b001d01 10099 100 131072 841384 19824 2898 4556
0b001001 0b001101 10098 100 131072 841165 20090 2898 6464
0b001701 0b001001 10101 100 131072 842475 18850 2898 5991
0b001c01 0b001d01 10100 100 131072 841473 19870 2898 5516
0b001d01 0b001e01 10099 100 131072 841761 19640 2898 5997
0b001101 0b001201 10099 100 131072 841763 19632 2898 4065
0b001b01 0b001c01 10101 100 131072 842366 19045 2898 4075
0b001301 0b001401 10101 100 131072 842344 19089 2898 4067
0b001c01 0b001d01 10101 100 131072 841606 19848 2898 5036
0b001801 0b001901 10098 100 131072 841407 20068 2898 5496
0b001201 0b001301 10099 100 131072 842032 19455 2898 7426
0b001501 0b001601 10099 100 131072 841783 19726 2898 5989
0b001c01 0b001d01 10102 100 131072 841697 19846 2898 7436
0b001c01 0b001d01 10103 100 131072 841829 19715 2898 5996
0b001601 0b001701 10099 100 131072 842142 19409 2898 5510
0b001401 0b001501 10098 100 131072 841405 20156 2898 7412
0b001401 0b001501 10099 100 131072 841406 20156 2898 4548
0b001401 0b001501 10100 100 131072 841407 20156 2898 5508
0b001801 0b001901 10099 100 131072 841520 20088 2898 6472
0b001401 0b001501 10101 100 131072 841591 20061 2898 5988
0b001401 0b001501 10102 100 131072 841606 20047 2898 5028
0b001401 0b001501 10103 100 131072 841651 20003 2898 7428
0b001901 0b001a01 10099 100 131072 842004 19678 2898 4073
0b001001 0b001101 10099 100 131072 841450 20334 2898 4064
0b001801 0b001901 10100 100 131072 841699 20132 2898 7432
0b001f01 0b001801 10102 100 131072 842988 18844 2898 6959
0b001801 0b001901 10101 100 131072 841700 20132 2898 6952
0b001801 0b001901 10102 100 131072 841741 20092 2898 4072
0b001b01 0b001c01 10102 100 131072 843210 18664 2898 5035
0b001801 0b001901 10103 100 131072 841810 20068 2898 5512
0b001301 0b001401 10102 100 131072 843109 18787 2898 5507
0b001001 0b001101 10100 100 131072 841496 20401 2898 5488
0b001301 0b001401 10103 100 131072 843122 18775 2898 5027
0b001001 0b001101 10101 100 131072 841585 20313 2898 7424
0b001b01 0b001c01 10103 100 131072 843265 18654 2898 5515
0b001e01 0b001f01 10099 100 131072 842207 19720 2898 5518
0b001e01 0b001f01 10100 100 131072 842218 19710 2898 6958
0b001701 0b001001 10102 100 131072 843121 18801 2898 6951
0b001001 0b001101 10102 100 131072 841656 20309 2898 6944
0b001001 0b001101 10103 100 131072 841701 20265 2898 5504
0b001f01 0b001801 10103 100 131072 843450 18651 2898 7439
0b001201 0b001301 10100 100 131072 842468 19703 2898 5026
0b001201 0b001301 10101 100 131072 842475 19718 2898 4546
0b001701 0b001001 10103 100 131072 843740 18539 2898 7431
0b001e01 0b001f01 10101 100 131072 842519 19805 2898 6478
0b001601 0b001701 10100 100 131072 842587 19714 2898 6470
0b001601 0b001701 10101 100 131072 842604 19698 2898 6950
0b001201 0b001301 10102 100 131072 842656 19669 2898 6466
0b001201 0b001301 10103 100 131072 842789 19606 2898 4066
0b001a01 0b001b01 10100 100 131072 842650 19762 2898 4554
0b001601 0b001701 10102 100 131072 842766 19647 2898 4550
0b001101 0b001201 10100 100 131072 842445 20017 2898 6945
0b001601 0b001701 10103 100 131072 842833 19669 2898 5990
0b001a01 0b001b01 10101 100 131072 842739 19806 2898 6474
0b001a01 0b001b01 10102 100 131072 842756 19790 2898 5034
0b001e01 0b001f01 10102 100 131072 842788 19759 2898 4558
0b001e01 0b001f01 10103 100 131072 842789 19759 2898 5998
0b001a01 0b001b01 10103 100 131072 842810 19758 2898 4074
0b001d01 0b001e01 10100 100 131072 842575 20019 2898 4061
0b001101 0b001201 10101 100 131072 842666 20017 2898 5969
0b001101 0b001201 10102 100 131072 842755 19929 2898 5985
0b001501 0b001601 10100 100 131072 842597 20107 2898 4053
0b001901 0b001a01 10100 100 131072 842665 20083 2898 5977
0b001d01 0b001e01 10101 100 131072 842796 20019 2898 4077
0b001d01 0b001e01 10102 100 131072 842885 19931 2898 5037
0b001501 0b001601 10101 100 131072 842708 20107 2898 4069
0b001101 0b001201 10103 100 131072 843020 19797 2898 7425
0b001501 0b001601 10102 100 131072 842797 20107 2898 5029
0b001d01 0b001e01 10103 100 131072 843150 19799 2898 5517
0b001501 0b001601 10103 100 131072 843062 19909 2898 5509
0b001901 0b001a01 10101 100 131072 842886 20083 2898 6953
0b001901 0b001a01 10102 100 131072 842887 20083 2898 5993
0b001901 0b001a01 10103 100 131072 843152 19885 2898 7433
0b001801 0b001901 10104 100 131072 853503 10710 2898 5032
0b001001 0b001101 10104 100 131072 852975 11546 2898 5024
0b000801 0b000901 10043 100 131072 863215 2876 2898 2520
0b000c01 0b000d01 10043 100 131072 863223 2876 2898 604
0b001b01 0b001c01 10104 100 131072 853466 14358 2898 6971
0b001301 0b001401 10104 100 131072 853620 15348 2898 6963
0b001401 0b001501 10104 100 131072 854667 14452 2898 6948
0b001f01 0b001801 10104 100 131072 854366 15684 2898 5055
0b001701 0b001001 10104 100 131072 854279 16211 2898 5047
0b000701 0b000001 10027 100 131072 642122 229320 11234 3431
0b000301 0b000401 10027 100 131072 642289 229153 11234 1507
0b001501 0b001601 10104 100 131072 855014 16474 2898 4085
0b001901 0b001a01 10104 100 131072 855170 16626 2898 6009
0b000901 0b000a01 10046 100 131072 869101 2876 2898 2537
0b000d01 0b000e01 10046 100 131072 869109 2876 2898 621
0b001c01 0b001d01 10104 100 131072 855833 16146 2898 6956
0b001a01 0b001b01 10104 100 131072 855160 16902 2898 6490
0b001201 0b001301 10104 100 131072 855423 17033 2898 6482
0b001e01 0b001f01 10104 100 131072 855491 16989 2898 4574
0b001d01 0b001e01 10104 100 131072 855144 17378 2898 4093
0b001601 0b001701 10104 100 131072 855821 16791 2898 4566
0b001101 0b001201 10104 100 131072 856556 16384 2898 6001
0b001101 0b001201 10105 100 131072 856641 16300 2898 4561
0b001901 0b001a01 10105 100 131072 857192 16607 2898 4569
0b001501 0b001601 10105 100 131072 857669 16438 2898 6485
0b001d01 0b001e01 10105 100 131072 857787 17354 2898 6493
0b001901 0b001201 10015 100 131072 867223 9256 6838 5049
0b001101 0b001a01 10015 100 131072 867531 9265 6838 5041
0b001601 0b001701 10105 100 131072 859526 17379 2898 6966
0b001a01 0b001b01 10105 100 131072 859716 17233 2898 5050
0b001701 0b001001 10105 100 131072 860442 16521 2898 4551
0b001e01 0b001f01 10105 100 131072 859552 17419 2898 6974
0b001f01 0b001801 10105 100 131072 860903 16280 2898 4559
0b001201 0b001301 10105 100 131072 859742 17449 2898 5042
0b000a01 0b000b01 10045 100 131072 874987 2876 2898 2554
0b000e01 0b000f01 10045 100 131072 874995 2876 2898 638
0b001c01 0b001d01 10105 100 131072 861092 16872 2898 7452
0b001301 0b001401 10105 100 131072 861490 16569 2898 5523
0b001f01 0b001801 10106 100 131072 861465 16643 2898 7455
0b001b01 0b001c01 10105 100 131072 861776 16437 2898 5531
0b001701 0b001001 10106 100 131072 861474 16876 2898 7447
0b001501 0b001e01 10015 100 131072 872129 6820 6838 6965
0b001301 0b001401 10106 100 131072 861897 17087 2898 6467
0b001a01 0b001b01 10106 100 131072 861607 17631 2898 4570
0b001601 0b001701 10106 100 131072 861761 17741 2898 6486
0b001e01 0b001f01 10106 100 131072 861938 17674 2898 6494
0b001b01 0b001c01 10106 100 131072 862227 17529 2898 6475
0b001401 0b001501 10105 100 131072 861864 17930 2898 7444
0b001201 0b001301 10106 100 131072 861938 17938 2898 4562
0b001d01 0b001601 10015 100 131072 874989 6820 6838 6973
0b001401 0b001501 10106 100 131072 862648 19941 2898 6004
0b001801 0b001901 10105 100 131072 863012 19930 2898 5048
0b001101 0b001201 10106 100 131072 864265 18841 2898 6481
0b001c01 0b001d01 10106 100 131072 862671 20446 2898 6012
0b001001 0b001101 10105 100 131072 863012 20326 2898 5040
0b001001 0b001101 10106 100 131072 863013 20326 2898 5520
0b000b01 0b000c01 10044 100 131072 880873 2876 2898 2571
0b000f01 0b000801 10044 100 131072 880881 2876 2898 655
0b001901 0b001a01 10106 100 131072 864485 19217 2898 5513
0b001b01 0b001c01 10107 100 131072 863988 19927 2898 7451
0b001901 0b001a01 10107 100 131072 864618 19305 2898 6489
0b001101 0b001201 10107 100 131072 864794 19199 2898 4081
0b001101 0b001201 10108 100 131072 864907 19175 2898 5505
0b001101 0b001201 10109 100 131072 864908 19175 2898 7441
0b001001 0b001101 10107 100 131072 863355 20734 2898 4080
0b001901 0b001a01 10108 100 131072 864841 19259 2898 7449
0b001901 0b001a01 10109 100 131072 864842 19259 2898 6969
0b001101 0b001201 10110 100 131072 864975 19130 2898 6961
0b001101 0b001201 10111 100 131072 864976 19130 2898 5521
0b001901 0b001a01 10110 100 131072 864843 19280 2898 4089
0b001901 0b001a01 10111 100 131072 864888 19236 2898 5529
0b001501 0b001601 10106 100 131072 864571 19639 2898 7429
0b001501 0b001601 10107 100 131072 864572 19639 2898 4565
0b001501 0b001601 10108 100 131072 864573 19639 2898 5525
0b001d01 0b001e01 10106 100 131072 864217 20103 2898 7437
0b001d01 0b001e01 10107 100 131072 864218 20103 2898 4573
0b001501 0b001601 10109 100 131072 864662 19660 2898 6005
0b001501 0b001601 10110 100 131072 864663 19660 2898 5045
0b001501 0b001601 10111 100 131072 864664 19660 2898 7445
0b000701 0b000001 10028 100 131072 650642 234025 11234 2967
0b001801 0b001901 10107 100 131072 863409 21097 2898 5528
0b001801 0b001901 10106 100 131072 863420 21087 2898 4088
0b001d01 0b001e01 10108 100 131072 864353 20189 2898 5533
0b001d01 0b001e01 10109 100 131072 864464 20167 2898 5053
0b001d01 0b001e01 10110 100 131072 864553 20100 2898 7453
0b001d01 0b001e01 10111 100 131072 864554 20100 2898 6013
0b000301 0b000401 10028 100 131072 650857 234426 11234 1043
0b001301 0b001401 10107 100 131072 864497 20584 2898 7443
0b001701 0b001001 10107 100 131072 864561 20593 2898 5527
0b001e01 0b001f01 10107 100 131072 864411 20846 2898 6014
0b001601 0b001701 10107 100 131072 864519 20738 2898 6006
0b001c01 0b001d01 10107 100 131072 863603 21673 2898 6972
0b001001 0b001101 10108 100 131072 864224 21188 2898 6480
0b001801 0b001901 10108 100 131072 864070 21362 2898 6488
0b001001 0b001101 10109 100 131072 864335 21188 2898 6000
0b001801 0b001901 10109 100 131072 864181 21362 2898 6008
0b001401 0b001501 10107 100 131072 863977 21695 2898 6964
0b001401 0b001501 10108 100 131072 864088 21717 2898 4564
0b001f01 0b001801 10107 100 131072 864937 20945 2898 5535
0b001f01 0b001801 10108 100 131072 864938 20945 2898 6975
0b001001 0b001101 10110 100 131072 864932 21032 2898 6960
0b001201 0b001301 10107 100 131072 864405 21627 2898 4082
0b001c01 0b001d01 10108 100 131072 864156 21913 2898 4572
0b001801 0b001901 10110 100 131072 864842 21234 2898 6968
0b001401 0b001501 10109 100 131072 864443 21693 2898 4084
0b001001 0b001101 10111 100 131072 865289 20874 2898 7440
0b001a01 0b001b01 10107 100 131072 864692 21493 2898 4090
0b001801 0b001901 10111 100 131072 865111 21098 2898 7448
0b001301 0b001401 10108 100 131072 865181 21198 2898 5043
0b001301 0b001401 10109 100 131072 865203 21177 2898 4563
0b001701 0b001001 10108 100 131072 865311 21078 2898 6487
0b001c01 0b001d01 10109 100 131072 864421 21979 2898 4092
0b001701 0b001001 10109 100 131072 865312 21078 2898 6967
0b001f01 0b001801 10109 100 131072 865334 21078 2898 6495
0b001301 0b001401 10110 100 131072 865335 21156 2898 6483
0b001301 0b001401 10111 100 131072 865405 21087 2898 4083
0b001401 0b001501 10110 100 131072 864906 21591 2898 5524
0b001f01 0b001801 10110 100 131072 865557 20966 2898 4575
0b001401 0b001501 10111 100 131072 864907 21591 2898 5044
0b001f01 0b001801 10111 100 131072 865558 20966 2898 6015
0b001701 0b001001 10110 100 131072 865423 21078 2898 4567
0b001701 0b001001 10111 100 131072 865512 20990 2898 6007
0b001b01 0b001c01 10108 100 131072 865422 21220 2898 4571
0b001c01 0b001d01 10110 100 131072 864884 21789 2898 5052
0b001c01 0b001d01 10111 100 131072 864929 21745 2898 5532
0b001b01 0b001c01 10109 100 131072 865555 21241 2898 6491
0b001b01 0b001c01 10110 100 131072 865556 21241 2898 5051
0b001b01 0b001c01 10111 100 131072 865578 21220 2898 4091
0b001e01 0b001f01 10108 100 131072 865604 21810 2898 4078
0b001601 0b001701 10108 100 131072 865714 21744 2898 4070
0b001601 0b001701 10109 100 131072 865825 21854 2898 4086
0b001601 0b001701 10110 100 131072 865914 21766 2898 5046
0b001d01 0b001e01 10112 100 131072 880974 6772 2898 7469
0b001e01 0b001f01 10109 100 131072 865825 21922 2898 4094
0b001e01 0b001f01 10110 100 131072 865826 21922 2898 5054
0b001e01 0b001f01 10111 100 131072 865959 21790 2898 5534
0b001601 0b001701 10111 100 131072 865981 21876 2898 5526
0b001501 0b001601 10112 100 131072 882804 5426 2898 7461
0b001401 0b001501 10112 100 131072 871978 16413 2898 6980
0b001201 0b001301 10108 100 131072 865472 22951 2898 6962
0b001a01 0b001b01 10108 100 131072 865758 22732 2898 5994
0b001801 0b001901 10112 100 131072 873060 15465 2898 5064
0b001001 0b001101 10112 100 131072 873500 15113 2898 5056
0b001c01 0b001d01 10112 100 131072 870834 17865 2898 6988
0b001201 0b001301 10109 100 131072 865693 23171 2898 5986
0b001201 0b001301 10110 100 131072 865703 23162 2898 6002
0b001a01 0b001b01 10109 100 131072 865979 22952 2898 6970
0b001a01 0b001b01 10110 100 131072 865980 22952 2898 6010
0b001a01 0b001b01 10111 100 131072 866047 22886 2898 7450
0b001201 0b001301 10111 100 131072 865827 23215 2898 7442
0b001001 0b001901 10015 100 131072 880003 10370 6838 4560
0b001801 0b001101 10015 100 131072 880223 10603 6838 4568
0b001801 0b001901 10113 100 131072 881118 9784 2898 7464
0b001401 0b001d01 10015 100 131072 881994 8948 6838 6484
0b001301 0b001401 10112 100 131072 875466 15655 2898 6499
0b001b01 0b001c01 10112 100 131072 875072 16177 2898 6507
0b001f01 0b001801 10112 100 131072 875490 15949 2898 4591
0b001701 0b001001 10112 100 131072 875622 15927 2898 4583
0b001d01 0b001e01 10113 100 131072 886127 5846 2898 6029
0b001001 0b001101 10113 100 131072 881360 10732 2898 7456
0b001401 0b001501 10113 100 131072 881069 11351 2898 5540
0b001c01 0b001501 10015 100 131072 882766 9747 6838 6492
0b001501 0b001601 10113 100 131072 885599 7234 2898 6021
0b000701 0b000001 10029 100 131072 652940 240987 11234 2503
0b000801 0b000101 10011 100 131072 886767 7069 6838 664
0b000301 0b000401 10029 100 131072 653006 241005 11234 579
0b001c01 0b001d01 10113 100 131072 881223 12409 2898 5548
0b001b01 0b001c01 10113 100 131072 879959 13821 2898 5067
0b001301 0b001401 10113 100 131072 880201 13671 2898 5059
0b001701 0b001001 10113 100 131072 879915 14825 2898 6983
0b001f01 0b001801 10113 100 131072 879981 14759 2898 6991
0b001b01 0b001c01 10114 100 131072 882248 12853 2898 4587
0b001301 0b001401 10114 100 131072 882886 12483 2898 4579
0b001601 0b001701 10112 100 131072 874498 21064 2898 4102
0b001f01 0b001801 10114 100 131072 882622 13615 2898 6511
0b001701 0b001001 10114 100 131072 882512 13727 2898 6503
0b001e01 0b001f01 10112 100 131072 875532 21218 2898 4110
0b001a01 0b001b01 10112 100 131072 874806 22157 2898 6026
0b000c01 0b000501 10011 100 131072 886759 10681 6838 2588
0b001601 0b001701 10113 100 131072 877117 20690 2898 6502
0b001c01 0b001d01 10114 100 131072 886925 10934 2898 7468
0b001101 0b001201 10112 100 131072 886349 11608 2898 5537
0b001201 0b001301 10112 100 131072 875950 22356 2898 6018
0b001201 0b001301 10113 100 131072 875951 22356 2898 4578
0b001a01 0b001b01 10113 100 131072 876809 21739 2898 4586
0b001e01 0b001f01 10113 100 131072 878151 21064 2898 6510
0b000101 0b000201 10018 100 131072 896846 2916 2898 673
0b001b01 0b001c01 10115 100 131072 889195 10333 2898 4107
0b001301 0b001401 10115 100 131072 889042 10490 2898 4099
0b001f01 0b001801 10115 100 131072 888267 11407 2898 6031
0b001701 0b001001 10115 100 131072 888267 11407 2898 6023
0b001001 0b001101 10114 100 131072 888164 11526 2898 5536
0b001001 0b001901 10016 100 131072 889511 10203 6838 4576
0b001801 0b001101 10016 100 131072 889533 10215 6838 4584
0b001401 0b001501 10114 100 131072 888091 11750 2898 7460
0b001901 0b001201 10016 100 131072 885952 14175 6838 5065
0b001101 0b001a01 10016 100 131072 886348 13820 6838 5057
0b001201 0b001301 10114 100 131072 879489 20909 2898 5058
0b001a01 0b001b01 10114 100 131072 879806 20613 2898 5066
0b001301 0b001401 10116 100 131072 891433 9422 2898 6979
0b001701 0b001001 10116 100 131072 890690 10173 2898 5063
0b001f01 0b001801 10116 100 131072 890758 10149 2898 5071
0b001701 0b001001 10117 100 131072 890867 10041 2898 5543
0b001f01 0b001801 10117 100 131072 890759 10170 2898 5551
0b001301 0b001401 10117 100 131072 892052 8958 2898 7459
0b001b01 0b001c01 10116 100 131072 891941 9130 2898 6987
0b001b01 0b001c01 10117 100 131072 891943 9129 2898 7467
0b001901 0b001201 10017 100 131072 891565 10058 6838 5081
0b001801 0b001901 10114 100 131072 888892 12802 2898 5544
0b001801 0b001901 10115 100 131072 888893 12802 2898 6984
0b001101 0b001a01 10017 100 131072 891653 10081 6838 5073
0b001401 0b001d01 10016 100 131072 889501 12429 6838 6500
0b001c01 0b001501 10016 100 131072 889806 12161 6838 6508
0b001e01 0b001f01 10114 100 131072 881959 20425 2898 6990
0b001801 0b001901 10116 100 131072 889422 12994 2898 6504
0b001801 0b001901 10117 100 131072 889534 12949 2898 6024
0b001001 0b001101 10115 100 131072 889399 13126 2898 6496
0b001001 0b001101 10116 100 131072 889400 13126 2898 6976
0b001001 0b001101 10117 100 131072 889512 13081 2898 6016
0b001401 0b001501 10115 100 131072 889389 13658 2898 5060
0b001401 0b001501 10116 100 131072 889390 13658 2898 4580
0b001c01 0b001d01 10115 100 131072 889652 13527 2898 4588
0b001401 0b001501 10117 100 131072 889502 13635 2898 4100
0b000501 0b000601 10018 100 131072 900450 2924 2898 2597
0b001501 0b001601 10114 100 131072 888815 14476 2898 4581
0b001101 0b001201 10113 100 131072 887099 16237 2898 4097
0b001c01 0b001d01 10116 100 131072 889807 13703 2898 5068
0b001c01 0b001d01 10117 100 131072 889808 13703 2898 4108
0b001701 0b001001 10118 100 131072 900847 3028 2898 6519
0b001201 0b001301 10115 100 131072 886116 17806 2898 6498
0b001d01 0b001e01 10114 100 131072 889079 15003 2898 4589
0b001601 0b001701 10114 100 131072 884819 19308 2898 6982
0b001501 0b001601 10115 100 131072 889146 15070 2898 4101
0b001a01 0b001b01 10115 100 131072 886933 17317 2898 6506
0b001201 0b001301 10116 100 131072 887003 17360 2898 4098
0b001201 0b001301 10117 100 131072 887093 17271 2898 7458
0b001a01 0b001b01 10116 100 131072 887110 17229 2898 7466
0b001201 0b001301 10118 100 131072 887115 17250 2898 6978
0b001a01 0b001b01 10117 100 131072 887111 17229 2898 6986
0b001a01 0b001b01 10118 100 131072 887133 17208 2898 4106
0b001501 0b001601 10116 100 131072 889507 15370 2898 5541
0b001501 0b001601 10117 100 131072 889508 15370 2898 5061
0b001a01 0b001301 10015 100 131072 886742 18136 6838 5530
0b001a01 0b001301 10016 100 131072 887134 17781 6838 5546
0b001201 0b001b01 10015 100 131072 887122 17876 6838 5522
0b001201 0b001b01 10016 100 131072 887132 17867 6838 5538
0b001d01 0b001e01 10115 100 131072 889410 15597 2898 4109
0b001301 0b001401 10118 100 131072 901347 3913 2898 4595
0b001801 0b001101 10017 100 131072 894479 10784 6838 4600
0b001f01 0b001801 10118 100 131072 902255 3027 2898 6527
0b001001 0b001901 10017 100 131072 894589 10787 6838 4592
0b000201 0b000301 10033 100 131072 902772 2908 2898 690
0b001d01 0b001e01 10116 100 131072 889683 15831 2898 5069
0b001d01 0b001e01 10117 100 131072 889684 15831 2898 5549
0b001401 0b001d01 10017 100 131072 894161 11471 6838 6516
0b001f01 0b001001 10015 100 131072 890424 15281 6838 4095
0b001c01 0b001501 10017 100 131072 894289 11478 6838 6524
0b001601 0b001701 10115 100 131072 887221 18561 2898 4582
0b001601 0b001701 10116 100 131072 887222 18561 2898 5542
0b001b01 0b001c01 10118 100 131072 901588 4207 2898 4603
0b001d01 0b001601 10016 100 131072 888286 17512 6838 6989
0b001601 0b001701 10117 100 131072 887332 18539 2898 6022
0b001601 0b001701 10118 100 131072 887333 18539 2898 5062
0b001e01 0b001f01 10115 100 131072 887331 18582 2898 4590
0b001e01 0b001f01 10116 100 131072 887552 18450 2898 5550
0b001701 0b001801 10015 100 131072 890468 15567 6838 4087
0b001501 0b001e01 10016 100 131072 888682 17376 6838 6981
0b001e01 0b001f01 10117 100 131072 887641 18428 2898 5070
0b001e01 0b001f01 10118 100 131072 887664 18406 2898 6030
0b001b01 0b001401 10015 100 131072 891500 14597 6838 6011
0b001501 0b001e01 10017 100 131072 891431 14873 6838 6997
0b001d01 0b001601 10017 100 131072 891739 14580 6838 7005
0b001f01 0b001001 10016 100 131072 890757 15615 6838 4111
0b001701 0b001801 10016 100 131072 890689 15705 6838 4103
0b001901 0b001a01 10112 100 131072 887516 19203 2898 5545
0b001901 0b001a01 10113 100 131072 887517 19203 2898 4105
0b001b01 0b001401 10016 100 131072 891942 14824 6838 6027
0b001e01 0b001f01 10119 100 131072 894983 12122 2898 6046
0b001301 0b001c01 10015 100 131072 891904 15283 6838 6003
0b001301 0b001c01 10016 100 131072 891914 15275 6838 6019
0b001301 0b001401 10119 100 131072 903438 4089 2898 5075
0b001b01 0b001c01 10119 100 131072 903459 4405 2898 5083
0b001601 0b001701 10119 100 131072 895843 12054 2898 6038
0b000301 0b000401 10030 100 131072 660317 248243 11234 1523
0b001f01 0b001801 10119 100 131072 905424 3038 2898 7007
0b001601 0b001f01 10015 100 131072 887250 21490 6838 7446
0b000701 0b000001 10030 100 131072 660377 248479 11234 3447
0b001e01 0b001701 10015 100 131072 887360 21447 6838 7454
0b001a01 0b001b01 10119 100 131072 903178 5876 2898 5082
0b001601 0b001f01 10016 100 131072 887334 21693 6838 7462
0b000601 0b000701 10033 100 131072 906384 2909 2898 2614
0b001e01 0b001701 10016 100 131072 887663 21897 6838 7470
0b001e01 0b001701 10017 100 131072 890756 18948 6838 7486
0b001601 0b001f01 10017 100 131072 891240 18458 6838 7478
0b001a01 0b001b01 10120 100 131072 904744 5169 2898 5098
0b001101 0b001201 10114 100 131072 888422 21617 2898 6497
0b001101 0b001201 10115 100 131072 888533 21749 2898 6017
0b001701 0b001801 10017 100 131072 898602 11908 6838 4119
0b001201 0b001301 10119 100 131072 903137 7393 2898 5074
0b001201 0b001b01 10017 100 131072 900967 9607 6838 5554
0b001101 0b001201 10116 100 131072 888974 22409 2898 6977
0b001b01 0b001401 10017 100 131072 900003 11381 6838 6043
0b001c01 0b001d01 10118 100 131072 896820 14773 2898 5084
0b001f01 0b001001 10017 100 131072 899790 11898 6838 4127
0b001101 0b001201 10117 100 131072 889173 22607 2898 7457
0b001201 0b001301 10120 100 131072 904633 7310 2898 5090
0b001d01 0b001e01 10118 100 131072 893952 18012 2898 6509
0b001901 0b001a01 10114 100 131072 888442 23711 2898 6505
0b001801 0b001901 10118 100 131072 897780 14589 2898 7000
0b001901 0b001a01 10115 100 131072 888553 23845 2898 6025
0b001401 0b001501 10118 100 131072 896912 15649 2898 5076
0b001001 0b001101 10118 100 131072 897780 14982 2898 6992
0b001201 0b001301 10121 100 131072 906346 6456 2898 4114
0b001a01 0b001b01 10121 100 131072 909730 3091 2898 4122
0b001301 0b001c01 10017 100 131072 901346 11459 6838 6035
0b001901 0b001a01 10116 100 131072 889086 24612 2898 6985
0b001501 0b001601 10118 100 131072 895460 18198 2898 5557
0b001501 0b001601 10119 100 131072 895523 18136 2898 6501
0b001901 0b001a01 10117 100 131072 889219 24678 2898 7465
0b001c01 0b001d01 10119 100 131072 898141 15804 2898 4604
0b001801 0b001901 10119 100 131072 899277 15491 2898 6520
0b001401 0b001501 10119 100 131072 898409 16506 2898 4596
0b001001 0b001101 10119 100 131072 899279 15640 2898 6512
0b001d01 0b001e01 10119 100 131072 896642 19153 2898 5565
0b000301 0b000401 10031 100 131072 662375 254037 11234 1059
0b000701 0b000001 10031 100 131072 662362 254050 11234 2983
0b001a01 0b001301 10017 100 131072 909729 6867 6838 5562
0b001701 0b001001 10119 100 131072 907167 10493 2898 6999
0b001101 0b001201 10118 100 131072 893836 24351 2898 4577
0b001e01 0b001f01 10120 100 131072 907092 12179 2898 4606
0b001101 0b001201 10119 100 131072 895102 24670 2898 7473
0b001901 0b001a01 10118 100 131072 893383 26897 2898 4585
0b001001 0b001101 10120 100 131072 902714 17598 2898 6032
0b001c01 0b001d01 10120 100 131072 902568 18195 2898 4124
0b001901 0b001a01 10119 100 131072 893912 26963 2898 7481
0b001d01 0b001e01 10120 100 131072 900869 20385 2898 7485
0b001401 0b001501 10120 100 131072 902572 18680 2898 4116
0b001801 0b001901 10120 100 131072 902714 18567 2898 6040
0b001601 0b001701 10120 100 131072 906301 15527 2898 4598
0b001501 0b001601 10120 100 131072 902851 19657 2898 7477
0b001001 0b001101 10121 100 131072 903903 19072 2898 5072
0b001001 0b001101 10122 100 131072 903948 19028 2898 5552
0b001201 0b001301 10122 100 131072 913049 10139 2898 6514
0b001c01 0b001d01 10121 100 131072 904111 19425 2898 7004
0b001c01 0b001d01 10122 100 131072 904112 19425 2898 7484
0b001401 0b001501 10121 100 131072 903895 19997 2898 6996
0b001801 0b001901 10121 100 131072 903947 20107 2898 5080
0b001801 0b001901 10122 100 131072 903969 20086 2898 5560
0b001401 0b001501 10122 100 131072 904050 20107 2898 7476
0b001201 0b001301 10123 100 131072 913292 11107 2898 6034
0b001601 0b001701 10121 100 131072 907226 17839 2898 4118
0b001a01 0b001b01 10122 100 131072 915163 10182 2898 6522
0b001501 0b001601 10121 100 131072 904977 20440 2898 6517
0b001e01 0b001f01 10121 100 131072 908017 17729 2898 4126
0b001d01 0b001e01 10121 100 131072 904940 20873 2898 6525
0b001001 0b001101 10123 100 131072 906915 19142 2898 6528
0b001601 0b001701 10122 100 131072 907887 18654 2898 5558
0b001601 0b001701 10123 100 131072 907888 18654 2898 5078
0b001a01 0b001b01 10123 100 131072 915408 11148 2898 6042
0b001201 0b001301 10124 100 131072 914393 12207 2898 6994
0b001201 0b001301 10125 100 131072 914790 12207 2898 7474
0b000701 0b000001 10032 100 131072 666106 261502 11234 2519
0b000301 0b000401 10032 100 131072 666111 261497 11234 595
0b001e01 0b001f01 10122 100 131072 908524 18675 2898 5086
0b001e01 0b001f01 10123 100 131072 908525 18696 2898 5566
0b001501 0b001601 10122 100 131072 906057 21209 2898 5077
0b001501 0b001601 10123 100 131072 906058 21209 2898 4597
0b001001 0b001101 10124 100 131072 908715 18575 2898 4096
0b001501 0b001601 10124 100 131072 906147 21253 2898 4117
0b001601 0b001701 10124 100 131072 908808 18600 2898 6998
0b001001 0b001101 10125 100 131072 909382 18173 2898 4112
0b000401 0b000501 10000 100 131072 559010 368636 11234 4
0b000001 0b000101 10000 100 131072 559010 368636 11234 0
0b000401 0b000501 10006 100 131072 559010 368640 11234 3364
0b000001 0b000101 10006 100 131072 559010 368640 11234 3360
0b000401 0b000501 10005 100 131072 559010 368644 11234 2884
0b000001 0b000101 10005 100 131072 559010 368644 11234 2880
0b000401 0b000501 10004 100 131072 559010 368648 11234 1924
0b000001 0b000101 10004 100 131072 559010 368648 11234 2400
0b000401 0b000501 10003 100 131072 559010 368652 11234 1444
0b000001 0b000101 10003 100 131072 559010 368652 11234 1920
0b000401 0b000501 10002 100 131072 559010 368656 11234 964
0b000001 0b000101 10002 100 131072 559010 368656 11234 1440
0b000401 0b000501 10001 100 131072 559010 368660 11234 484
0b000001 0b000101 10001 100 131072 559010 368660 11234 960
0b001601 0b001701 10125 100 131072 909329 18410 2898 7014
0b001e01 0b001f01 10124 100 131072 909068 18684 2898 7006
0b001d01 0b001e01 10122 100 131072 906189 21627 2898 4605
0b001e01 0b001f01 10125 100 131072 909314 18571 2898 7022
0b001301 0b001401 10120 100 131072 906962 21261 2898 6515
0b001c01 0b001d01 10123 100 131072 908835 19433 2898 4620
0b001d01 0b001e01 10123 100 131072 906520 21782 2898 5085
0b001d01 0b001e01 10124 100 131072 906521 21782 2898 4125
0b001401 0b001501 10123 100 131072 908300 20150 2898 4612
0b001801 0b001901 10123 100 131072 908322 20134 2898 6536
0b001101 0b001201 10120 100 131072 902700 26193 2898 5553
0b001801 0b001901 10124 100 131072 909045 19852 2898 4104
0b001101 0b001201 10121 100 131072 902758 26138 2898 4593
0b001401 0b001501 10124 100 131072 909107 19872 2898 6020
0b001001 0b001101 10126 100 131072 914698 14287 2898 4128
0b001801 0b001901 10125 100 131072 909404 19692 2898 4120
0b001a01 0b001b01 10124 100 131072 916708 12401 2898 7002
0b001c01 0b001d01 10124 100 131072 910197 18973 2898 6028
0b001c01 0b001d01 10125 100 131072 910207 18964 2898 6044
0b001401 0b001501 10125 100 131072 909776 19468 2898 6036
0b001501 0b001601 10125 100 131072 908777 20500 2898 6533
0b001a01 0b001b01 10125 100 131072 916907 12401 2898 7482
0b001c01 0b001d01 10126 100 131072 910874 18474 2898 5100
0b001401 0b001501 10126 100 131072 910537 18884 2898 5092
0b001801 0b001901 10126 100 131072 911472 18109 2898 7016
0b001d01 0b001e01 10125 100 131072 908642 21147 2898 6541
0b001001 0b001101 10127 100 131072 920670 9196 2898 7008
0b001801 0b001901 10127 100 131072 913520 16326 2898 4136
0b001401 0b001501 10127 100 131072 914394 15490 2898 6052
0b001c01 0b001d01 10127 100 131072 915815 14172 2898 6060
0b001f01 0b001801 10120 100 131072 908953 21157 2898 4607
0b001201 0b001301 10126 100 131072 921197 8974 2898 4594
0b001e01 0b001f01 10126 100 131072 914974 15228 2898 6526
0b001201 0b001301 10127 100 131072 922782 7741 2898 7490
0b001901 0b001a01 10120 100 131072 902724 27857 2898 4601
0b001301 0b001401 10121 100 131072 907403 23594 2898 4115
0b001301 0b001401 10122 100 131072 907404 23595 2898 7475
0b001301 0b001401 10123 100 131072 907405 23596 2898 6995
0b001f01 0b001801 10121 100 131072 909042 21927 2898 5567
0b001f01 0b001801 10122 100 131072 909109 22103 2898 5087
0b001f01 0b001801 10123 100 131072 909110 22103 2898 6047
0b001601 0b001701 10126 100 131072 916668 14964 2898 5574
0b001601 0b001701 10127 100 131072 916669 14964 2898 6518
0b001e01 0b001f01 10127 100 131072 918805 12781 2898 5582
0b001b01 0b001c01 10120 100 131072 907290 24569 2898 6523
0b001301 0b001401 10124 100 131072 907888 24060 2898 5539
0b001301 0b001401 10125 100 131072 907925 24025 2898 5555
0b001101 0b001201 10122 100 131072 905535 26512 2898 6513
0b001101 0b001201 10123 100 131072 905536 26533 2898 6993
0b001101 0b001201 10124 100 131072 905603 26467 2898 6033
0b001b01 0b001c01 10121 100 131072 907379 24922 2898 7483
0b001b01 0b001c01 10122 100 131072 907380 24922 2898 7003
0b001701 0b001001 10120 100 131072 908822 23490 2898 4599
0b001b01 0b001c01 10123 100 131072 907381 24922 2898 4123
0b001701 0b001001 10121 100 131072 908823 23490 2898 5559
0b001701 0b001001 10122 100 131072 908911 23645 2898 6039
0b001701 0b001001 10123 100 131072 908912 23645 2898 5079
0b001a01 0b001b01 10126 100 131072 923290 9316 2898 4602
0b001a01 0b001b01 10127 100 131072 923885 8858 2898 7498
0b001901 0b001a01 10121 100 131072 904704 28065 2898 5561
0b001901 0b001a01 10122 100 131072 904705 28066 2898 7001
0b001b01 0b001c01 10124 100 131072 908008 25431 2898 5547
0b001b01 0b001c01 10125 100 131072 908018 25423 2898 5563
0b001901 0b001a01 10123 100 131072 905426 28085 2898 6521
0b001901 0b001a01 10124 100 131072 905493 28020 2898 6041
0b001f01 0b001801 10124 100 131072 910145 23491 2898 6063
0b001501 0b001601 10126 100 131072 915571 18327 2898 5093
0b001d01 0b001e01 10126 100 131072 914603 19383 2898 5101
0b001101 0b001201 10125 100 131072 908273 26087 2898 4609
0b001101 0b001a01 10018 100 131072 925985 8493 6838 5089
0b001e01 0b001701 10018 100 131072 924264 10358 6838 7502
0b001301 0b001c01 10018 100 131072 927409 7465 6838 6051
0b001201 0b001301 10128 100 131072 931906 3188 2898 4610
0b001901 0b001201 10018 100 131072 927064 8542 6838 5097
0b001901 0b001a01 10125 100 131072 908386 27557 2898 4617
0b001d01 0b001601 10018 100 131072 926546 9417 6838 7021
0b001601 0b001f01 10018 100 131072 925518 10530 6838 7494
0b001501 0b001e01 10018 100 131072 926902 9398 6838 7013
0b001d01 0b001e01 10127 100 131072 916955 19484 2898 4621
0b001701 0b001001 10124 100 131072 910937 25514 2898 6055
0b001f01 0b001801 10125 100 131072 911750 24878 2898 7471
0b001501 0b001601 10127 100 131072 917925 18794 2898 4613
0b001b01 0b001401 10018 100 131072 929566 7437 6838 6059
0b001f01 0b001801 10126 100 131072 912037 24988 2898 7487
0b001701 0b001801 10018 100 131072 928075 9093 6838 4135
0b001f01 0b001801 10127 100 131072 912708 25022 2898 7503
0b001701 0b001001 10125 100 131072 911817 26197 2898 7463
0b000101 0b000a01 10001 100 131072 930680 7704 6838 977
0b001401 0b001d01 10018 100 131072 931233 6955 6838 6532
0b001a01 0b001b01 10128 100 131072 933591 4627 2898 4618
0b001f01 0b001001 10018 100 131072 928756 9643 6838 4143
0b001201 0b001b01 10018 100 131072 931903 6962 6838 5570
0b001b01 0b001c01 10126 100 131072 912064 26860 2898 5099
0b001701 0b001001 10126 100 131072 912570 26545 2898 7479
0b001701 0b001001 10127 100 131072 912714 26402 2898 7495
0b000501 0b000e01 10001 100 131072 930664 8579 6838 2901
0b001b01 0b001c01 10127 100 131072 912923 26903 2898 5115
0b001301 0b001401 10126 100 131072 913540 26759 2898 5091
0b001b01 0b001c01 10128 100 131072 913584 26859 2898 5579
0b001801 0b001101 10018 100 131072 933120 7542 6838 4616
0b001c01 0b001501 10018 100 131072 934869 6925 6838 6540
0b001101 0b001201 10126 100 131072 915772 26117 2898 7009
0b001301 0b001401 10127 100 131072 914953 27129 2898 5107
0b001901 0b001a01 10126 100 131072 915379 26705 2898 7017
0b001b01 0b001c01 10129 100 131072 915831 26329 2898 4139
0b001e01 0b001f01 10128 100 131072 928823 13583 2898 6542
0b001501 0b001601 10128 100 131072 924262 18157 2898 4133
0b001a01 0b001301 10018 100 131072 935779 6846 6838 5578
0b001001 0b001901 10018 100 131072 935322 7526 6838 4608
0b001d01 0b001e01 10128 100 131072 923773 19159 2898 4141
0b001301 0b001401 10128 100 131072 915812 27151 2898 4131
0b001101 0b001201 10127 100 131072 917929 25897 2898 6529
0b001601 0b001701 10128 100 131072 928427 15461 2898 6534
0b000a01 0b000b01 10046 100 131072 941394 2876 2898 1002
0b001901 0b001a01 10127 100 131072 917778 26419 2898 6537
0b001501 0b001601 10129 100 131072 927167 17629 2898 7493
0b000e01 0b000f01 10046 100 131072 942253 2876 2898 2926
0b001d01 0b001e01 10129 100 131072 926547 18850 2898 7501
0b001301 0b001401 10129 100 131072 919606 26306 2898 5571
0b000501 0b000601 10019 100 131072 930656 16821 2898 21
0b000101 0b000201 10019 100 131072 930656 16821 2898 17
0b001f01 0b001801 10128 100 131072 922281 25133 2898 4623
0b000501 0b000601 10020 100 131072 930660 16819 2898 3381
0b000101 0b000201 10020 100 131072 930660 16819 2898 3377
0b000501 0b000601 10021 100 131072 930668 16813 2898 1941
0b000101 0b000201 10021 100 131072 930664 16817 2898 2897
0b000501 0b000601 10022 100 131072 930672 16811 2898 1461
0b000101 0b000201 10022 100 131072 930668 16815 2898 2417
0b000501 0b000601 10023 100 131072 930676 16809 2898 981
0b000101 0b000201 10023 100 131072 930672 16813 2898 1937
0b000501 0b000601 10024 100 131072 930680 16807 2898 501
0b000101 0b000201 10024 100 131072 930676 16811 2898 1457
0b000701 0b000001 10033 100 131072 674721 273516 11234 2999
0b001801 0b001901 10128 100 131072 933979 14189 2898 5576
0b001e01 0b001f01 10129 100 131072 930826 17371 2898 4622
0b001001 0b001101 10128 100 131072 935323 13085 2898 5568
0b001601 0b001701 10129 100 131072 930276 18279 2898 5094
0b001601 0b001701 10130 100 131072 930277 18279 2898 4614
0b001601 0b001701 10131 100 131072 930410 18279 2898 4134
0b001201 0b001301 10129 100 131072 935057 13669 2898 6530
0b001201 0b001301 10130 100 131072 935079 13648 2898 7010
0b001201 0b001301 10131 100 131072 935080 13648 2898 6050
0b000301 0b000401 10033 100 131072 674724 274305 11234 1075
0b001101 0b001201 10128 100 131072 923322 25610 2898 6049
0b001e01 0b001f01 10130 100 131072 931312 17964 2898 5102
0b001e01 0b001f01 10131 100 131072 931313 17964 2898 4142
0b001801 0b001901 10129 100 131072 934222 15642 2898 5096
0b001801 0b001901 10130 100 131072 934223 15642 2898 6056
0b000701 0b000001 10034 100 131072 675190 274987 11234 3463
0b000301 0b000401 10034 100 131072 675014 275163 11234 1539
0b000b01 0b000c01 10045 100 131072 947280 2876 2898 1019
0b001901 0b001a01 10128 100 131072 924291 25633 2898 6057
0b001a01 0b001b01 10129 100 131072 935781 14148 2898 7018
0b001001 0b001101 10129 100 131072 935566 14537 2898 6048
0b001001 0b001101 10130 100 131072 935567 14537 2898 5088
0b001301 0b001401 10130 100 131072 926198 24362 2898 6531
0b001601 0b001701 10132 100 131072 932287 18385 2898 6550
0b001501 0b001601 10130 100 131072 931460 19233 2898 4629
0b000f01 0b000801 10045 100 131072 948139 2876 2898 2943
0b001b01 0b001c01 10130 100 131072 928355 22586 2898 6539
0b001101 0b001201 10129 100 131072 925986 25086 2898 5569
0b001d01 0b001e01 10130 100 131072 931278 19817 2898 4637
0b001e01 0b001f01 10132 100 131072 932799 18351 2898 6558
0b001701 0b001001 10128 100 131072 924838 26367 2898 4615
0b001501 0b001601 10131 100 131072 931989 19255 2898 6037
0b001501 0b001601 10132 100 131072 932254 19167 2898 6053
0b001501 0b001601 10133 100 131072 932431 19057 2898 5109
0b001501 0b001601 10134 100 131072 932894 18727 2898 6069
0b001201 0b001301 10132 100 131072 937370 14443 2898 4626
0b001d01 0b001e01 10131 100 131072 932180 19796 2898 6045
0b001d01 0b001e01 10132 100 131072 932190 19787 2898 6061
0b001d01 0b001e01 10133 100 131072 932358 19686 2898 5117
0b001901 0b001a01 10129 100 131072 927065 25104 2898 5577
0b001a01 0b001b01 10130 100 131072 936521 15655 2898 6538
0b001a01 0b001b01 10131 100 131072 936523 15654 2898 6058
0b001d01 0b001e01 10134 100 131072 932997 19224 2898 6077
0b001401 0b001501 10128 100 131072 934007 18289 2898 4132
0b001401 0b001501 10129 100 131072 934009 18288 2898 7492
0b001401 0b001501 10130 100 131072 934011 18287 2898 7012
0b001301 0b001401 10131 100 131072 929610 23134 2898 7011
0b001301 0b001401 10132 100 131072 930007 22892 2898 7491
0b001b01 0b001c01 10131 100 131072 932119 20786 2898 7019
0b001201 0b001301 10133 100 131072 938616 14298 2898 5106
0b001b01 0b001c01 10132 100 131072 932318 20700 2898 7499
0b001101 0b001201 10130 100 131072 929067 24073 2898 6545
0b001a01 0b001b01 10132 100 131072 937488 15658 2898 5114
0b001d01 0b001e01 10135 100 131072 941198 12167 2898 6557
0b001501 0b001601 10135 100 131072 944804 8540 2898 6549
0b001801 0b001901 10131 100 131072 936646 17180 2898 6072
0b001101 0b001201 10131 100 131072 930300 23875 2898 4113
0b001e01 0b001f01 10133 100 131072 936996 17227 2898 5118
0b001601 0b001701 10133 100 131072 936908 17336 2898 5110
0b001101 0b001201 10132 100 131072 930565 23743 2898 4129
0b001a01 0b001b01 10133 100 131072 938953 15492 2898 4634
0b001401 0b001501 10131 100 131072 934958 19501 2898 5556
0b001401 0b001501 10132 100 131072 934968 19492 2898 5572
0b001101 0b001201 10133 100 131072 931995 22974 2898 4145
0b001301 0b001401 10133 100 131072 933181 22008 2898 4611
0b001f01 0b001801 10129 100 131072 930209 25111 2898 5103
0b001f01 0b001801 10130 100 131072 930231 25090 2898 5583
0b001b01 0b001c01 10133 100 131072 935616 19737 2898 4619
0b001b01 0b001c01 10134 100 131072 935753 19601 2898 7515
0b001101 0b001201 10134 100 131072 932876 22534 2898 7025
0b001301 0b001401 10134 100 131072 933533 21942 2898 7507
0b001901 0b001a01 10130 100 131072 931466 24270 2898 6553
0b001f01 0b001801 10131 100 131072 930762 24977 2898 7023
0b000c01 0b000d01 10044 100 131072 953166 2876 2898 1036
0b001f01 0b001801 10132 100 131072 930895 25042 2898 7039
0b001901 0b001a01 10131 100 131072 931907 24138 2898 4121
0b001901 0b001a01 10132 100 131072 932106 24072 2898 4137
0b001e01 0b001f01 10134 100 131072 939310 16903 2898 7038
0b001e01 0b001f01 10135 100 131072 939449 16919 2898 4638
0b001901 0b001a01 10133 100 131072 932591 23808 2898 7033
0b001901 0b001a01 10134 100 131072 932856 23632 2898 4153
0b001001 0b001101 10131 100 131072 939461 17048 2898 6064
0b001601 0b001701 10134 100 131072 938973 17594 2898 7030
0b001701 0b001001 10129 100 131072 929551 27200 2898 5575
0b001701 0b001001 10130 100 131072 929552 27200 2898 5095
0b001201 0b001301 10134 100 131072 944899 11876 2898 7026
0b001801 0b001901 10132 100 131072 939638 17191 2898 7480
0b000801 0b000901 10044 100 131072 954025 2876 2898 2952
0b001c01 0b001d01 10128 100 131072 935311 21736 2898 7500
0b001c01 0b001d01 10129 100 131072 935312 21736 2898 7020
0b001c01 0b001d01 10130 100 131072 935313 21736 2898 4140
0b001801 0b001901 10133 100 131072 940035 17059 2898 7496
0b001801 0b001901 10134 100 131072 940178 16961 2898 4152
0b001801 0b001901 10135 100 131072 940740 16466 2898 7512
0b001701 0b001001 10131 100 131072 930418 26929 2898 7015
0b000201 0b000b01 10002 100 131072 950497 6910 6838 1474
0b001601 0b001701 10135 100 131072 939729 17740 2898 4630
0b001f01 0b001801 10133 100 131072 933212 24509 2898 6543
0b001701 0b001001 10132 100 131072 930749 26997 2898 7031
0b001201 0b001301 10135 100 131072 946836 10996 2898 6546
0b001001 0b001101 10132 100 131072 941024 17058 2898 7472
0b001a01 0b001b01 10134 100 131072 945094 13100 2898 7034
0b001001 0b001101 10133 100 131072 941409 16872 2898 4144
0b001301 0b001401 10135 100 131072 938104 20302 2898 4627
0b001001 0b001101 10134 100 131072 942125 16421 2898 7488
0b001001 0b001101 10135 100 131072 942135 16412 2898 7504
0b001f01 0b001801 10134 100 131072 934596 24267 2898 5599
0b001b01 0b001c01 10135 100 131072 941228 17651 2898 4635
0b001a01 0b001b01 10135 100 131072 947207 11713 2898 6554
0b001101 0b001201 10135 100 131072 943672 15418 2898 4625
0b001601 0b001f01 10019 100 131072 947806 11335 6838 7510
0b001b01 0b001c01 10136 100 131072 941875 17445 2898 5595
0b001801 0b001101 10019 100 131072 950424 8996 6838 4632
0b001e01 0b001701 10019 100 131072 948407 11102 6838 7518
0b000601 0b000f01 10002 100 131072 950489 9842 6838 3398
0b001701 0b001801 10019 100 131072 951699 9130 6838 4151
0b001c01 0b001d01 10131 100 131072 936449 24411 2898 5564
0b001c01 0b001d01 10132 100 131072 936459 24402 2898 5580
0b001701 0b001001 10133 100 131072 934642 26251 2898 5591
0b001701 0b001001 10134 100 131072 934643 26251 2898 6535
0b001301 0b001c01 10019 100 131072 951738 9361 6838 6067
0b001001 0b001901 10019 100 131072 954215 6949 6838 4624
0b001f01 0b001001 10019 100 131072 952287 9147 6838 4159
0b001401 0b001501 10133 100 131072 940013 21671 2898 6068
0b000d01 0b000e01 10047 100 131072 959052 2876 2898 1053
0b001101 0b001201 10136 100 131072 951418 10683 2898 5585
0b001b01 0b001401 10019 100 131072 955187 6935 6838 6075
0b001901 0b001201 10019 100 131072 952874 9424 6838 5113
0b001501 0b001e01 10019 100 131072 955308 7044 6838 7029
0b001e01 0b001f01 10136 100 131072 945942 16565 2898 4158
0b001201 0b001b01 10019 100 131072 954082 8582 6838 5586
0b000901 0b000a01 10047 100 131072 959911 2876 2898 2969
0b001101 0b001a01 10019 100 131072 953114 9560 6838 5105
0b001601 0b001701 10136 100 131072 945429 17277 2898 4150
0b001401 0b001d01 10019 100 131072 953570 9258 6838 6548
0b001f01 0b001801 10135 100 131072 939058 23897 2898 7519
0b001a01 0b001b01 10136 100 131072 952934 10189 2898 6074
0b000b01 0b000c01 10046 100 131072 960417 2876 2898 1499
0b001701 0b001001 10135 100 131072 937632 25619 2898 7511
0b001c01 0b001501 10019 100 131072 953951 9406 6838 6556
0b001101 0b001201 10137 100 131072 953113 10573 2898 6065
0b001c01 0b001d01 10133 100 131072 937884 25860 2898 6076
0b001a01 0b001301 10019 100 131072 955179 8712 6838 5594
0b001301 0b001401 10136 100 131072 945635 18449 2898 5587
0b001901 0b001a01 10135 100 131072 945858 18376 2898 4633
0b000201 0b000301 10034 100 131072 950487 14042 2898 34
0b000601 0b000701 10034 100 131072 950487 14042 2898 38
0b000201 0b000301 10035 100 131072 950489 14042 2898 3394
0b000601 0b000701 10035 100 131072 950491 14040 2898 1958
0b000201 0b000301 10036 100 131072 950491 14042 2898 2914
0b000601 0b000701 10036 100 131072 950493 14040 2898 1478
0b000201 0b000301 10037 100 131072 950493 14042 2898 2434
0b000601 0b000701 10037 100 131072 950495 14040 2898 998
0b000201 0b000301 10038 100 131072 950495 14042 2898 1954
0b000601 0b000701 10038 100 131072 950497 14040 2898 518
0b001201 0b001301 10136 100 131072 951942 12846 2898 6066
0b001501 0b001601 10136 100 131072 955306 9529 2898 4149
0b001501 0b001601 10137 100 131072 955307 9529 2898 7509
0b000301 0b000401 10035 100 131072 685984 279974 11234 1555
0b000f01 0b000801 10046 100 131072 963341 2987 2898 3423
0b000701 0b000001 10035 100 131072 686078 280408 11234 3479
0b001401 0b001501 10134 100 131072 943309 23503 2898 5108
0b001d01 0b001601 10019 100 131072 960058 6878 6838 7037
0b000e01 0b000f01 10047 100 131072 964938 2935 2898 1070
0b001b01 0b001c01 10137 100 131072 952939 15404 2898 7035
0b000a01 0b000b01 10047 100 131072 965797 2876 2898 2986
0b001501 0b001601 10138 100 131072 957469 11132 2898 5573
0b001501 0b001601 10139 100 131072 957479 11123 2898 5589
0b001d01 0b001e01 10136 100 131072 960057 8723 2898 7517
0b001d01 0b001e01 10137 100 131072 960059 8722 2898 4157
0b000c01 0b000d01 10045 100 131072 966303 2876 2898 1516
0b001401 0b001501 10135 100 131072 945092 24097 2898 5124
0b001f01 0b001801 10136 100 131072 945416 23876 2898 6559
0b001901 0b001a01 10136 100 131072 951178 18667 2898 5593
0b001301 0b001401 10137 100 131072 951736 18160 2898 6547
0b001301 0b001401 10138 100 131072 951737 18181 2898 7027
0b001401 0b001501 10136 100 131072 945973 24211 2898 4148
0b001c01 0b001d01 10134 100 131072 941934 29052 2898 5116
0b001b01 0b001c01 10138 100 131072 955186 15819 2898 6555
0b001901 0b001a01 10137 100 131072 952875 18511 2898 6073
0b000801 0b000901 10045 100 131072 969338 3000 2898 3432
0b001b01 0b001c01 10139 100 131072 956156 16060 2898 5131
0b001701 0b001001 10136 100 131072 946898 25330 2898 6551
0b001301 0b001401 10139 100 131072 954823 17406 2898 4643
0b001c01 0b001d01 10135 100 131072 942836 29540 2898 5132
0b000301 0b000401 10036 100 131072 687660 285002 11234 611
0b000701 0b000001 10036 100 131072 687622 285040 11234 2535
0b001401 0b001501 10137 100 131072 948922 23926 2898 5588
0b001301 0b001401 10140 100 131072 955924 17098 2898 5123
0b001c01 0b001d01 10136 100 131072 943453 29605 2898 5596
0b001b01 0b001c01 10140 100 131072 957455 15818 2898 4651
0b001e01 0b001f01 10137 100 131072 954105 19256 2898 4654
0b000f01 0b000801 10047 100 131072 970883 2937 2898 1087
0b001501 0b001601 10140 100 131072 964694 9063 2898 6085
0b001601 0b001701 10137 100 131072 953703 20214 2898 4646
0b001f01 0b001801 10137 100 131072 951207 23037 2898 4639
0b000b01 0b000c01 10047 100 131072 971683 2876 2898 3003
0b001c01 0b001d01 10137 100 131072 945170 29652 2898 4156
0b001f01 0b001801 10138 100 131072 952286 22619 2898 5119
0b000d01 0b000e01 10048 100 131072 972189 2876 2898 1533
0b001201 0b001301 10137 100 131072 956150 18913 2898 6562
0b001e01 0b001f01 10138 100 131072 954986 20070 2898 6062
0b001e01 0b001f01 10139 100 131072 954996 20061 2898 6078
0b001e01 0b001f01 10140 100 131072 955054 20004 2898 5134
0b001601 0b001701 10138 100 131072 954254 20852 2898 6054
0b001301 0b001401 10141 100 131072 959785 15352 2898 7043
0b001e01 0b001f01 10141 100 131072 955231 19916 2898 6094
0b001601 0b001701 10139 100 131072 954431 20873 2898 6070
0b001901 0b001a01 10138 100 131072 956836 18511 2898 6089
0b001601 0b001701 10140 100 131072 954498 20961 2898 5126
0b001301 0b001401 10142 100 131072 960842 14648 2898 6563
0b001201 0b001b01 10020 100 131072 965111 10424 6838 5602
0b001101 0b001201 10138 100 131072 959519 16048 2898 6081
0b001601 0b001701 10141 100 131072 954631 20961 2898 6086
0b001b01 0b001c01 10141 100 131072 961204 14446 2898 7051
0b001e01 0b001f01 10142 100 131072 956375 19301 2898 6574
0b001f01 0b001001 10020 100 131072 965517 10165 6838 4175
0b001b01 0b001401 10020 100 131072 966133 9576 6838 6091
0b001701 0b001001 10137 100 131072 951565 24216 2898 5111
0b001701 0b001001 10138 100 131072 951566 24216 2898 4631
0b001f01 0b001801 10139 100 131072 954160 21746 2898 6575
0b001b01 0b001c01 10142 100 131072 961930 14029 2898 6571
0b001601 0b001f01 10020 100 131072 967846 8085 6838 7526
0b001501 0b001601 10141 100 131072 966367 9592 2898 6565
0b001701 0b001801 10020 100 131072 965716 10427 6838 4167
0b001301 0b001401 10143 100 131072 966901 9514 2898 5603
0b001a01 0b001b01 10137 100 131072 958746 17674 2898 6570
0b001b01 0b001c01 10143 100 131072 965674 10904 2898 5611
0b001601 0b001701 10142 100 131072 956354 20362 2898 6566
0b001701 0b001001 10139 100 131072 953682 23203 2898 6567
0b001801 0b001901 10136 100 131072 958330 18828 2898 5112
0b001801 0b001901 10137 100 131072 958331 18828 2898 5592
0b001001 0b001101 10136 100 131072 959761 17460 2898 5584
0b001201 0b001301 10138 100 131072 957185 20037 2898 4130
0b001001 0b001101 10137 100 131072 959762 17481 2898 5104
0b001d01 0b001e01 10138 100 131072 963870 13568 2898 5581
0b001d01 0b001e01 10139 100 131072 963880 13559 2898 5597
0b001a01 0b001b01 10138 100 131072 959055 18423 2898 4138
0b001201 0b001301 10139 100 131072 957318 20169 2898 4146
0b001f01 0b001801 10140 100 131072 957233 20324 2898 5135
0b000701 0b000801 10003 100 131072 967539 10321 6838 55
0b001a01 0b001b01 10139 100 131072 959188 18555 2898 4154
0b001a01 0b001b01 10140 100 131072 959409 18555 2898 7050
0b001a01 0b001b01 10141 100 131072 959498 18555 2898 4170
0b001101 0b001201 10139 100 131072 961092 17100 2898 7489
0b000901 0b000a01 10048 100 131072 975348 3003 2898 3449
0b001201 0b001301 10140 100 131072 957979 20281 2898 4162
0b001101 0b001201 10140 100 131072 961291 17078 2898 4161
0b001e01 0b001f01 10143 100 131072 965362 13091 2898 7054
0b001701 0b001001 10140 100 131072 957254 21281 2898 5127
0b001101 0b001201 10141 100 131072 961556 17012 2898 7505
0b001101 0b001201 10142 100 131072 961566 17024 2898 7521
0b001801 0b001901 10138 100 131072 958749 19889 2898 7032
0b001201 0b001301 10141 100 131072 958420 20199 2898 7042
0b001e01 0b001701 10020 100 131072 971790 6952 6838 7534
0b001101 0b001201 10143 100 131072 962430 16293 2898 4641
0b001f01 0b001801 10141 100 131072 959223 19657 2898 7055
0b001f01 0b001801 10142 100 131072 959378 19657 2898 4655
0b001801 0b001901 10139 100 131072 958947 20176 2898 7048
0b001901 0b001a01 10139 100 131072 959839 19369 2898 7497
0b001001 0b001101 10138 100 131072 960357 19002 2898 7024
0b001e01 0b001f01 10144 100 131072 971791 7565 2898 4174
0b001901 0b001a01 10140 100 131072 960104 19281 2898 7513
0b001901 0b001a01 10141 100 131072 960149 19237 2898 4169
0b001901 0b001a01 10142 100 131072 960216 19215 2898 7529
0b000801 0b000901 10046 100 131072 976830 2940 2898 1096
0b001a01 0b001301 10020 100 131072 972855 6908 6838 5610
0b000301 0b000c01 10003 100 131072 967547 12544 6838 1971
0b001901 0b001a01 10143 100 131072 964174 15742 2898 4649
0b001d01 0b001e01 10140 100 131072 965838 14438 2898 6573
0b000c01 0b000d01 10046 100 131072 977569 2876 2898 3020
0b001301 0b001c01 10020 100 131072 967798 12579 6838 6083
0b001001 0b001101 10139 100 131072 960756 19747 2898 7040
0b001201 0b001301 10142 100 131072 962100 18643 2898 4642
0b001701 0b001001 10141 100 131072 959577 21291 2898 7047
0b001501 0b001601 10142 100 131072 969822 11062 2898 5125
0b000e01 0b000f01 10048 100 131072 978075 2876 2898 1550
0b001d01 0b001e01 10141 100 131072 966754 14424 2898 6093
0b001401 0b001d01 10020 100 131072 972906 8547 6838 6564
0b001f01 0b001801 10143 100 131072 962151 19338 2898 7535
0b001701 0b001001 10142 100 131072 960479 21270 2898 4647
0b001401 0b001501 10138 100 131072 955754 26352 2898 7028
0b001a01 0b001b01 10142 100 131072 965684 16492 2898 5130
0b001401 0b001501 10139 100 131072 955909 26462 2898 7508
0b001c01 0b001501 10020 100 131072 974015 8639 6838 6572
0b001201 0b001301 10143 100 131072 965308 17702 2898 5122
0b001801 0b001901 10140 100 131072 960731 22308 2898 6552
0b001301 0b001401 10144 100 131072 978073 5083 2898 6579
0b001501 0b001601 10143 100 131072 972199 11066 2898 5141
0b001701 0b001001 10143 100 131072 962519 21145 2898 7527
0b000801 0b000901 10047 100 131072 980870 2876 2898 72
0b001a01 0b001b01 10143 100 131072 967244 16474 2898 4650
0b000301 0b000401 10037 100 131072 696960 287150 11234 1091
0b000701 0b000001 10037 100 131072 697162 286948 11234 3015
0b001501 0b001601 10144 100 131072 973194 10556 2898 4165
0b001101 0b001201 10144 100 131072 980231 3952 2898 5601
0b000a01 0b000b01 10048 100 131072 981361 2876 2898 3466
0b001501 0b001601 10145 100 131072 975858 8531 2898 5605
0b001201 0b001301 10144 100 131072 966696 17703 2898 6082
0b001801 0b001901 10141 100 131072 961873 23191 2898 5608
0b000c01 0b000d01 10047 100 131072 983101 2876 2898 1996
0b001901 0b001a01 10144 100 131072 980169 5622 2898 5609
0b001401 0b001501 10140 100 131072 958199 27763 2898 4628
0b001401 0b001501 10141 100 131072 958485 27698 2898 7524
0b000f01 0b000801 10048 100 131072 983961 2876 2898 1567
0b001c01 0b001d01 10138 100 131072 955915 30953 2898 7036
0b001c01 0b001d01 10139 100 131072 956028 30841 2898 7516
0b001601 0b001701 10143 100 131072 967845 19194 2898 4166
0b001001 0b001101 10140 100 131072 963903 24088 2898 5600
0b001001 0b001101 10141 100 131072 963904 24088 2898 6544
0b001801 0b001901 10142 100 131072 963839 24196 2898 4168
0b001401 0b001d01 10021 100 131072 978500 9814 6838 6580
0b001801 0b001101 10020 100 131072 977254 11074 6838 4648
0b001101 0b001201 10145 100 131072 982369 6087 2898 7041
0b001d01 0b001e01 10142 100 131072 973996 14557 2898 5133
0b001001 0b001101 10142 100 131072 964444 24362 2898 4160
0b000001 0b000101 10007 100 131072 577197 411638 11234 16
0b000401 0b000501 10007 100 131072 577197 411806 11234 1940
0b001e01 0b001f01 10145 100 131072 980448 8568 2898 5598
0b001e01 0b001f01 10146 100 131072 980458 8559 2898 5614
0b001101 0b001201 10146 100 131072 983513 5518 2898 7057
0b001401 0b001501 10142 100 131072 961416 27738 2898 4644
0b001c01 0b001501 10021 100 131072 978969 10335 6838 6588
0b000901 0b000a01 10049 100 131072 986756 2876 2898 89
0b001c01 0b001d01 10140 100 131072 958363 31169 2898 4636
0b001c01 0b001d01 10141 100 131072 958364 31169 2898 7532
0b001601 0b001701 10144 100 131072 969946 19800 2898 7046
0b001d01 0b001e01 10143 100 131072 975386 14316 2898 5149
0b000b01 0b000c01 10048 100 131072 987247 2876 2898 3483
0b001001 0b001901 10020 100 131072 978792 11186 6838 4640
0b001d01 0b001e01 10144 100 131072 976068 13965 2898 5613
0b001f01 0b001001 10021 100 131072 982366 7675 6838 4191
0b001901 0b001201 10020 100 131072 980168 9962 6838 5129
0b001b01 0b001c01 10144 100 131072 978545 11642 2898 5627
0b001101 0b001a01 10020 100 131072 980253 10101 6838 5121
0b001801 0b001901 10143 100 131072 965965 24535 2898 7528
0b001901 0b001a01 10145 100 131072 981648 8945 2898 7049
0b001001 0b001101 10143 100 131072 966261 24461 2898 7520
0b001801 0b001101 10021 100 131072 982045 8761 6838 4664
0b001a01 0b001b01 10144 100 131072 974396 16412 2898 6090
0b001d01 0b001e01 10145 100 131072 977832 13016 2898 4173
0b001601 0b001701 10145 100 131072 971611 19720 2898 5590
0b001601 0b001701 10146 100 131072 971621 19711 2898 5606
0b000d01 0b000601 10009 100 131072 983455 8000 6838 3037
0b001901 0b001a01 10146 100 131072 982133 9274 2898 7065
0b000d01 0b000e01 10049 100 131072 988987 2876 2898 2013
0b001e01 0b001f01 10147 100 131072 983286 8642 2898 6590
0b001401 0b001501 10143 100 131072 965132 27367 2898 6084
0b001e01 0b001f01 10148 100 131072 984188 8313 2898 6110
0b000801 0b000901 10048 100 131072 989847 2876 2898 1576
0b001c01 0b001d01 10142 100 131072 961889 30617 2898 4652
0b001001 0b001901 10021 100 131072 984759 7904 6838 4656
0b001c01 0b001d01 10143 100 131072 962330 30550 2898 5612
0b001401 0b001d01 10022 100 131072 986166 6968 6838 6596
0b001501 0b001e01 10020 100 131072 985116 8042 6838 7045
0b001501 0b001601 10146 100 131072 985381 7828 2898 7525
0b000901 0b000201 10009 100 131072 982780 11286 6838 1113
0b001401 0b001501 10144 100 131072 967094 26792 2898 5604
0b001c01 0b001d01 10144 100 131072 964109 30114 2898 6092
0b001301 0b001c01 10021 100 131072 987409 7005 6838 6099
0b001501 0b001601 10147 100 131072 985664 8868 2898 6581
0b000101 0b000201 10025 100 131072 991845 2907 2898 33
0b000501 0b000601 10025 100 131072 992013 2922 2898 1957
0b000701 0b000001 10038 100 131072 703579 291823 11234 2551
0b001201 0b001b01 10021 100 131072 987193 8146 6838 5618
0b001a01 0b001b01 10145 100 131072 978357 17096 2898 6106
0b000a01 0b000b01 10049 100 131072 992642 2876 2898 106
0b001601 0b001701 10147 100 131072 976767 18794 2898 6102
0b001201 0b001301 10145 100 131072 978577 17314 2898 6098
0b000c01 0b000d01 10048 100 131072 993133 2876 2898 3500
0b001801 0b001901 10144 100 131072 972302 23743 2898 6568
0b001d01 0b001e01 10146 100 131072 984463 11804 2898 6589
0b001b01 0b001c01 10145 100 131072 979430 16922 2898 6587
0b001d01 0b001601 10020 100 131072 989878 6877 6838 7053
0b001701 0b001801 10021 100 131072 990049 6845 6838 4183
0b001a01 0b001301 10021 100 131072 988801 8250 6838 5626
0b001901 0b001a01 10147 100 131072 986049 11147 2898 6569
0b000601 0b000701 10039 100 131072 994465 2922 2898 3046
0b000e01 0b000f01 10049 100 131072 994873 2876 2898 2030
0b001301 0b001401 10145 100 131072 980232 17444 2898 4147
0b001601 0b001701 10148 100 131072 978969 18793 2898 6582
0b001401 0b001501 10145 100 131072 972928 24921 2898 7044
0b000901 0b000a01 10050 100 131072 995733 2876 2898 1593
0b001301 0b001401 10146 100 131072 980497 17972 2898 4163
0b001c01 0b001d01 10145 100 131072 971353 27669 2898 7052
0b001701 0b001001 10144 100 131072 976927 22280 2898 4663
0b001401 0b001501 10146 100 131072 975239 24043 2898 4660
0b001001 0b001101 10144 100 131072 975238 24154 2898 6560
0b001401 0b001501 10147 100 131072 976032 23605 2898 5140
0b001301 0b001401 10147 100 131072 981270 18410 2898 4179
0b001b01 0b001c01 10146 100 131072 980488 19209 2898 4155
0b001801 0b001901 10145 100 131072 977915 21959 2898 5128
0b001301 0b001401 10148 100 131072 981629 18404 2898 7059
0b001b01 0b001c01 10147 100 131072 980753 19473 2898 4171
0b001401 0b001501 10148 100 131072 978147 22153 2898 7060
0b001f01 0b001801 10144 100 131072 976371 23941 2898 4671
0b001401 0b001501 10149 100 131072 978719 21670 2898 6100
0b001401 0b001501 10150 100 131072 979425 21031 2898 5620
0b001b01 0b001c01 10148 100 131072 980974 19473 2898 7067
0b001b01 0b001c01 10149 100 131072 981063 19473 2898 4187
0b000601 0b000701 10040 100 131072 997945 2922 2898 1974
0b001801 0b001901 10146 100 131072 978916 21709 2898 6584
0b001b01 0b001401 10021 100 131072 993818 6875 6838 6107
0b001301 0b001401 10149 100 131072 982773 18031 2898 5619
0b001801 0b001901 10147 100 131072 979153 21693 2898 4184
0b001901 0b001a01 10148 100 131072 988074 12804 2898 5625
0b000301 0b000401 10038 100 131072 703542 297452 11234 627
0b000b01 0b000c01 10049 100 131072 998528 2876 2898 123
0b001301 0b001401 10150 100 131072 983753 17646 2898 4659
0b001701 0b001001 10145 100 131072 978116 23336 2898 6071
0b001801 0b001901 10148 100 131072 980567 21005 2898 5144
0b001201 0b001301 10146 100 131072 981202 20520 2898 7506
0b000d01 0b000e01 10050 100 131072 999019 2876 2898 3517
0b000201 0b000301 10039 100 131072 997076 5013 2898 1122
0b001701 0b001001 10146 100 131072 978314 23579 2898 6087
0b001c01 0b001d01 10146 100 131072 975226 26710 2898 5148
0b001801 0b001901 10149 100 131072 981890 20079 2898 7064
0b001201 0b001301 10147 100 131072 981379 20652 2898 4178
0b001701 0b001001 10147 100 131072 978469 23623 2898 5143
0b001301 0b001401 10151 100 131072 986020 16132 2898 5139
0b001601 0b001701 10149 100 131072 983894 18336 2898 5142
0b001701 0b001001 10148 100 131072 978602 23669 2898 6103
0b001201 0b001301 10148 100 131072 981578 20718 2898 7522
0b001201 0b001301 10149 100 131072 981600 20697 2898 7538
0b001201 0b001301 10150 100 131072 981733 20653 2898 4658
0b001001 0b001101 10145 100 131072 978692 23768 2898 4176
0b001001 0b001101 10146 100 131072 978791 23670 2898 5120
0b001801 0b001901 10150 100 131072 984499 18043 2898 7544
0b001b01 0b001c01 10150 100 131072 985186 17397 2898 5147
0b001c01 0b001d01 10147 100 131072 976283 26316 2898 4668
0b001e01 0b001f01 10149 100 131072 991563 11153 2898 5150
0b000201 0b000301 10040 100 131072 997762 5009 2898 50
0b001b01 0b001c01 10151 100 131072 986728 16296 2898 4667
0b001601 0b001f01 10021 100 131072 996219 6838 6838 7542
0b001001 0b001101 10147 100 131072 979895 23229 2898 6576
0b001701 0b001001 10149 100 131072 979726 23470 2898 6583
0b000f01 0b000801 10049 100 131072 1000759 2876 2898 2047
0b001a01 0b001b01 10146 100 131072 982218 21518 2898 7514
0b001001 0b001101 10148 100 131072 981545 22372 2898 5136
0b001601 0b001701 10150 100 131072 986275 17718 2898 5158
0b001501 0b001601 10148 100 131072 988972 15088 2898 4645
0b001a01 0b001b01 10147 100 131072 982395 21694 2898 7530
0b001a01 0b001b01 10148 100 131072 982396 21694 2898 4186
0b001a01 0b001b01 10149 100 131072 982441 21650 2898 7546
0b001c01 0b001d01 10148 100 131072 978660 25526 2898 7068
0b001601 0b001701 10151 100 131072 986760 17498 2898 4182
0b001301 0b001401 10152 100 131072 1000061 4298 2898 5635
0b001601 0b001701 10152 100 131072 987399 17058 2898 5622
0b001a01 0b001b01 10150 100 131072 982926 21496 2898 4666
0b001701 0b001001 10150 100 131072 981752 22903 2898 7543
0b001f01 0b001801 10145 100 131072 978066 26584 2898 6079
0b001f01 0b001801 10146 100 131072 978068 26583 2898 5151
0b001f01 0b001801 10147 100 131072 978076 26576 2898 6095
0b001501 0b001601 10149 100 131072 989193 15483 2898 7541
0b001f01 0b001801 10148 100 131072 978157 26517 2898 6111
0b001b01 0b001c01 10152 100 131072 998349 6336 2898 5643
0b001801 0b001901 10151 100 131072 999904 4782 2898 4200
0b001001 0b001101 10149 100 131072 983878 20899 2898 7056
0b001c01 0b001d01 10149 100 131072 979588 25287 2898 5628
0b001901 0b001a01 10149 100 131072 991045 14061 2898 4185
0b001f01 0b001801 10149 100 131072 978686 26430 2898 6591
0b001f01 0b001801 10150 100 131072 978941 26419 2898 7551
0b001d01 0b001e01 10147 100 131072 989879 16077 2898 7533
0b001001 0b001101 10150 100 131072 986674 19424 2898 7536
0b001e01 0b001f01 10150 100 131072 992712 13528 2898 5166
0b001e01 0b001f01 10151 100 131072 993043 13814 2898 5630
0b001201 0b001301 10151 100 131072 991466 15520 2898 7058
0b000c01 0b000d01 10049 100 131072 1004414 2876 2898 140
0b001201 0b001301 10152 100 131072 992041 15122 2898 7074
0b001c01 0b001d01 10150 100 131072 983387 23937 2898 6108
0b001201 0b001301 10153 100 131072 993140 14156 2898 5138
0b001f01 0b001801 10151 100 131072 981463 25949 2898 7071
0b001101 0b001201 10147 100 131072 991001 16400 2898 5617
0b001101 0b001201 10148 100 131072 991002 16400 2898 6561
0b001e01 0b001f01 10152 100 131072 993858 13792 2898 4190
0b001601 0b001701 10153 100 131072 997542 10218 2898 6598
0b001b01 0b001401 10022 100 131072 998463 9382 6838 6123
0b001301 0b001c01 10022 100 131072 998901 9427 6838 6115
0b001c01 0b001501 10022 100 131072 999362 9156 6838 6604
0b001101 0b001201 10149 100 131072 991338 17231 2898 4657
0b001601 0b001701 10154 100 131072 999765 8876 2898 7062
0b001e01 0b001f01 10153 100 131072 996168 12627 2898 7070
0b000a01 0b000301 10010 100 131072 1001619 7515 6838 1610
0b000801 0b000901 10049 100 131072 1006645 2876 2898 2056
0b001e01 0b001f01 10154 100 131072 999277 10157 2898 6606
0b001101 0b001201 10150 100 131072 991816 17898 2898 4177
0b001501 0b001e01 10021 100 131072 1000859 9568 6838 7061
0b001901 0b001a01 10150 100 131072 992988 17427 2898 4665
0b001501 0b001601 10150 100 131072 992164 18518 2898 4661
0b001501 0b001601 10151 100 131072 992314 18523 2898 6597
0b001601 0b001701 10155 100 131072 1007070 3886 2898 4662
0b001001 0b001101 10151 100 131072 993051 18108 2898 4192
0b001a01 0b001b01 10151 100 131072 993364 17943 2898 5146
0b001901 0b001a01 10151 100 131072 993510 17941 2898 7545
0b001a01 0b001b01 10152 100 131072 993603 17883 2898 7066
0b001a01 0b001301 10022 100 131072 1003888 7667 6838 5642
0b001a01 0b001b01 10153 100 131072 994417 17334 2898 7082
0b001d01 0b001e01 10148 100 131072 991324 20485 2898 6605
0b000e01 0b000701 10010 100 131072 1004905 7213 6838 3534
0b001901 0b001201 10021 100 131072 1002884 9374 6838 5145
0b001d01 0b001601 10021 100 131072 1002032 10389 6838 7069
0b001101 0b001201 10151 100 131072 993732 19394 2898 7537
0b001101 0b001201 10152 100 131072 993816 19311 2898 4673
0b000d01 0b000e01 10051 100 131072 1010300 2876 2898 157
0b001a01 0b001b01 10154 100 131072 1000206 12998 2898 6586
0b001001 0b001901 10022 100 131072 1002217 11607 6838 4672
0b001701 0b001801 10022 100 131072 1007268 7044 6838 4199
0b001901 0b001a01 10152 100 131072 995673 18726 2898 4681
0b001401 0b001501 10151 100 131072 1000686 13839 2898 4164
0b001801 0b001101 10022 100 131072 1003322 11692 6838 4680
0b001501 0b001e01 10022 100 131072 1003310 11779 6838 7077
0b001501 0b001601 10152 100 131072 995509 19798 2898 6101
0b000901 0b000a01 10051 100 131072 1012531 2876 2898 2073
0b001901 0b001201 10022 100 131072 1004582 11100 6838 5161
0b001d01 0b001e01 10149 100 131072 992542 23228 2898 4653
0b001d01 0b001e01 10150 100 131072 992543 23249 2898 7549
0b001a01 0b001b01 10155 100 131072 1008116 7907 2898 4202
0b001c01 0b001d01 10151 100 131072 993197 23020 2898 5644
0b001601 0b001f01 10022 100 131072 1007686 8562 6838 7558
0b001d01 0b001601 10022 100 131072 1007196 9103 6838 7085
0b001201 0b001301 10154 100 131072 1010412 6377 2898 6578
0b001101 0b001a01 10021 100 131072 1005471 11359 6838 5137
0b001701 0b001001 10151 100 131072 992756 24243 2898 7063
0b001501 0b001601 10153 100 131072 996896 20128 2898 5621
0b001201 0b001b01 10022 100 131072 1010411 6950 6838 5634
0b000301 0b000401 10039 100 131072 705163 312553 11234 1571
0b001e01 0b001701 10021 100 131072 1008966 8626 6838 7550
0b001f01 0b001001 10022 100 131072 1010660 6948 6838 4207
0b001e01 0b001f01 10155 100 131072 1013437 4537 2898 7086
0b001101 0b001a01 10022 100 131072 1006927 11377 6838 5153
0b001901 0b001a01 10153 100 131072 999055 19371 2898 6585
0b001f01 0b001801 10152 100 131072 992026 26437 2898 5615
0b001f01 0b001801 10153 100 131072 992036 26428 2898 5631
0b000e01 0b000f01 10050 100 131072 1016186 2876 2898 174
0b001701 0b001001 10152 100 131072 994341 24639 2898 5607
0b001701 0b001001 10153 100 131072 994351 24630 2898 5623
0b001d01 0b001e01 10151 100 131072 995516 25163 2898 4669
0b000a01 0b000b01 10050 100 131072 1018417 2876 2898 2090
0b001f01 0b001801 10154 100 131072 994938 25990 2898 6607
0b001d01 0b001e01 10152 100 131072 995890 25318 2898 5629
0b001e01 0b001f01 10156 100 131072 1014819 6440 2898 6622
0b001f01 0b001801 10155 100 131072 995511 25772 2898 6127
0b001a01 0b001b01 10156 100 131072 1013425 7903 2898 4682
0b001d01 0b001e01 10153 100 131072 996144 25219 2898 6621
0b001401 0b001501 10152 100 131072 1001479 19977 2898 4180
0b001c01 0b001d01 10152 100 131072 997424 24161 2898 6124
0b001101 0b001201 10153 100 131072 1002402 19658 2898 6577
0b001d01 0b001e01 10154 100 131072 997233 25057 2898 6109
0b001501 0b001601 10154 100 131072 1002292 20015 2898 4677
0b001501 0b001601 10155 100 131072 1002647 19881 2898 5157
0b001701 0b001001 10154 100 131072 998571 23974 2898 6119
0b001001 0b001101 10152 100 131072 1004462 18096 2898 6080
0b001501 0b001601 10156 100 131072 1003399 19482 2898 6117
0b001501 0b001601 10157 100 131072 1003466 19482 2898 5637
0b001201 0b001301 10155 100 131072 1011579 11813 2898 4674
0b001301 0b001401 10153 100 131072 1004732 18695 2898 7523
0b001901 0b001a01 10154 100 131072 1003635 19941 2898 6601
0b001a01 0b001b01 10157 100 131072 1014461 9204 2898 7562
0b001901 0b001a01 10155 100 131072 1003856 19831 2898 4201
0b001601 0b001701 10156 100 131072 1013692 10038 2898 4678
0b001001 0b001101 10153 100 131072 1004903 18844 2898 6096
0b001001 0b001101 10154 100 131072 1005102 18998 2898 5152
0b001701 0b001001 10155 100 131072 1000772 23538 2898 6599
0b001901 0b001a01 10156 100 131072 1004979 19413 2898 7081
0b001001 0b001101 10155 100 131072 1005281 19130 2898 6112
0b001601 0b001701 10157 100 131072 1013847 10654 2898 6614
0b001901 0b001a01 10157 100 131072 1005552 19126 2898 7561
0b001101 0b001201 10154 100 131072 1005470 19218 2898 4193
0b001b01 0b001c01 10153 100 131072 1006746 18028 2898 7531
0b001101 0b001201 10155 100 131072 1006134 18997 2898 6593
0b001501 0b001601 10158 100 131072 1011528 13621 2898 6613
0b001901 0b001a01 10158 100 131072 1007696 17511 2898 4217
0b001001 0b001101 10156 100 131072 1006206 19130 2898 6592
0b001e01 0b001701 10022 100 131072 1018802 6900 6838 7566
0b001e01 0b001f01 10157 100 131072 1018099 7849 2898 7102
0b001101 0b001201 10156 100 131072 1007787 18203 2898 7073
0b001301 0b001401 10154 100 131072 1005041 20962 2898 4195
0b001401 0b001501 10153 100 131072 1002690 23544 2898 4196
0b001901 0b001a01 10159 100 131072 1016834 9650 2898 4697
0b001201 0b001301 10156 100 131072 1012724 13758 2898 4194
0b001101 0b001201 10157 100 131072 1009108 17589 2898 7553
0b001001 0b001101 10157 100 131072 1007665 19036 2898 7552
0b001501 0b001601 10159 100 131072 1017535 9511 2898 4181
0b001301 0b001401 10155 100 131072 1005306 21823 2898 7539
0b001301 0b001401 10156 100 131072 1005316 21814 2898 7555
0b001401 0b001501 10154 100 131072 1003043 24167 2898 7076
0b001301 0b001401 10157 100 131072 1005396 21889 2898 4675
0b001d01 0b001e01 10155 100 131072 1004946 22625 2898 5165
0b001e01 0b001f01 10158 100 131072 1018780 8821 2898 4670
0b001c01 0b001d01 10153 100 131072 1002707 25020 2898 4172
0b001d01 0b001e01 10156 100 131072 1005609 22295 2898 4685
0b001401 0b001501 10155 100 131072 1003703 24586 2898 6116
0b001c01 0b001d01 10154 100 131072 1003236 25152 2898 4188
0b001401 0b001501 10156 100 131072 1003814 24629 2898 5636
0b001c01 0b001d01 10155 100 131072 1003457 25107 2898 7084
0b001c01 0b001d01 10156 100 131072 1003546 25130 2898 4204
0b001501 0b001601 10160 100 131072 1024466 4368 2898 4197
0b001401 0b001501 10157 100 131072 1004409 24454 2898 4676
0b001b01 0b001c01 10154 100 131072 1007099 21850 2898 7547
0b001b01 0b001c01 10155 100 131072 1007100 21850 2898 4203
0b001b01 0b001c01 10156 100 131072 1007109 21842 2898 7563
0b001d01 0b001e01 10157 100 131072 1007885 21082 2898 5645
0b001401 0b001501 10158 100 131072 1005162 24142 2898 5156
0b001b01 0b001c01 10157 100 131072 1007432 22135 2898 4683
0b001d01 0b001e01 10158 100 131072 1010334 19360 2898 6125
0b001601 0b001701 10158 100 131072 1015431 14259 2898 7078
0b001701 0b001001 10156 100 131072 1005240 24487 2898 5159
0b001f01 0b001801 10156 100 131072 1005726 24124 2898 5167
0b001c01 0b001d01 10157 100 131072 1005593 24433 2898 5164
0b001c01 0b001d01 10158 100 131072 1006034 24257 2898 4684
0b001a01 0b001b01 10158 100 131072 1017409 12924 2898 4698
0b001f01 0b001801 10157 100 131072 1006067 24378 2898 7567
0b001401 0b001501 10159 100 131072 1007369 23080 2898 5652
0b001101 0b001201 10158 100 131072 1014169 16643 2898 4209
0b001c01 0b001d01 10159 100 131072 1007695 23191 2898 5660
0b001c01 0b001d01 10160 100 131072 1011338 20341 2898 6140
0b001801 0b001901 10152 100 131072 1007660 24169 2898 6088
0b001801 0b001901 10153 100 131072 1007661 24169 2898 5160
0b001801 0b001901 10154 100 131072 1007670 24161 2898 6104
0b001801 0b001901 10155 100 131072 1007684 24169 2898 6120
0b001d01 0b001e01 10159 100 131072 1019227 12764 2898 5661
0b001701 0b001001 10157 100 131072 1007003 25299 2898 5175
0b001201 0b001301 10157 100 131072 1015268 17137 2898 5154
0b001401 0b001501 10160 100 131072 1010855 21817 2898 6132
0b001801 0b001901 10156 100 131072 1008126 24608 2898 6600
0b000301 0b000401 10040 100 131072 707402 325435 11234 1587
0b001701 0b001001 10158 100 131072 1007467 25364 2898 5639
0b001801 0b001901 10157 100 131072 1008370 24673 2898 7560
0b001301 0b001401 10158 100 131072 1009996 23539 2898 7075
0b001301 0b001401 10159 100 131072 1010173 23495 2898 7091
0b001301 0b001401 10160 100 131072 1010306 23473 2898 5155
0b001101 0b001a01 10023 100 131072 1027110 6820 6838 5169
0b001201 0b001301 10158 100 131072 1016136 18074 2898 7554
0b001201 0b001301 10159 100 131072 1016137 18074 2898 4690
0b001101 0b001201 10159 100 131072 1018024 16638 2898 4689
0b001f01 0b001801 10158 100 131072 1009250 25706 2898 5183
0b001501 0b001601 10161 100 131072 1029244 6105 2898 4213
0b001801 0b001901 10158 100 131072 1010422 25154 2898 7080
0b001f01 0b001801 10159 100 131072 1009867 25794 2898 5647
0b001301 0b001401 10161 100 131072 1014565 21354 2898 5651
0b001701 0b001001 10159 100 131072 1010770 25384 2898 6615
0b001701 0b001001 10160 100 131072 1011651 25120 2898 7079
0b000f01 0b000001 10011 100 131072 1022072 15083 15174 191
0b001f01 0b001801 10160 100 131072 1011805 25551 2898 7087
0b001d01 0b001e01 10160 100 131072 1024595 12809 2898 6141
0b001201 0b001301 10160 100 131072 1018692 18910 2898 5170
0b001a01 0b001b01 10159 100 131072 1019840 17843 2898 5162
0b001f01 0b001801 10161 100 131072 1012444 25330 2898 6623
0b000701 0b000001 10039 100 131072 709012 329646 11234 3495
0b001701 0b001001 10161 100 131072 1013966 24258 2898 4679
0b001c01 0b001d01 10161 100 131072 1027784 10540 2898 7548
0b001501 0b001e01 10023 100 131072 1030220 8206 6838 7093
0b001301 0b001401 10162 100 131072 1019799 18763 2898 6595
0b000b01 0b000401 10011 100 131072 1024303 15083 15174 2107
0b001601 0b001701 10159 100 131072 1018317 20793 2898 6118
0b001d01 0b001601 10023 100 131072 1031574 8219 6838 7101
0b001001 0b001101 10158 100 131072 1020009 20499 2898 7072
0b001101 0b001201 10160 100 131072 1025568 15257 2898 6097
0b001e01 0b001f01 10159 100 131072 1023689 17503 2898 4686
0b001a01 0b001b01 10160 100 131072 1021314 19934 2898 5178
0b000301 0b000401 10041 100 131072 709053 332446 11234 1107
0b001001 0b001101 10159 100 131072 1020618 20771 2898 4208
0b001f01 0b001801 10162 100 131072 1019258 22149 2898 7583
0b001a01 0b001b01 10161 100 131072 1021436 20010 2898 6602
0b001601 0b001701 10160 100 131072 1019309 22222 2898 7094
0b001701 0b001001 10162 100 131072 1020602 21037 2898 7559
0b001901 0b001201 10023 100 131072 1034840 6820 6838 5177
0b001b01 0b001c01 10158 100 131072 1014317 27545 2898 5163
0b001101 0b001201 10161 100 131072 1026757 15194 2898 6113
0b001b01 0b001c01 10159 100 131072 1014496 27586 2898 7083
0b001f01 0b001801 10163 100 131072 1020984 21216 2898 7103
0b001301 0b001401 10163 100 131072 1026402 15923 2898 4691
0b001b01 0b001c01 10160 100 131072 1014761 27674 2898 7099
0b001101 0b001201 10162 100 131072 1027421 15080 2898 6129
0b001001 0b001101 10160 100 131072 1021990 20788 2898 5616
0b001001 0b001101 10161 100 131072 1022000 20779 2898 5632
0b001101 0b001201 10163 100 131072 1028346 14512 2898 6609
0b001e01 0b001f01 10160 100 131072 1024218 18713 2898 5646
0b001601 0b001701 10161 100 131072 1020034 22884 2898 5638
0b001e01 0b001f01 10161 100 131072 1024373 18757 2898 6638
0b001101 0b001201 10164 100 131072 1029711 13368 2898 7569
0b000701 0b000001 10040 100 131072 709210 334045 11234 3511
0b001f01 0b001801 10164 100 131072 1024269 19124 2898 6639
0b001b01 0b001c01 10161 100 131072 1016214 27454 2898 6603
0b001801 0b001901 10159 100 131072 1017322 26979 2898 4216
0b001f01 0b001801 10165 100 131072 1028958 15492 2898 7119
0b001f01 0b001801 10166 100 131072 1030611 14106 2898 4687
0b001e01 0b001f01 10162 100 131072 1025300 19436 2898 6126
0b001301 0b001401 10164 100 131072 1029492 15296 2898 4211
0b001c01 0b001d01 10162 100 131072 1031959 12974 2898 7564
0b001c01 0b001d01 10163 100 131072 1031960 12974 2898 4220
0b001c01 0b001d01 10164 100 131072 1031969 12966 2898 7580
0b001401 0b001501 10161 100 131072 1026437 18637 2898 7540
0b001c01 0b001d01 10165 100 131072 1032577 12513 2898 4700
0b001701 0b001001 10163 100 131072 1026740 18818 2898 4695
0b001b01 0b001c01 10162 100 131072 1019033 26705 2898 4219
0b001201 0b001301 10161 100 131072 1025070 20808 2898 6594
0b001701 0b001001 10164 100 131072 1027511 18488 2898 6631
0b000701 0b000001 10041 100 131072 709535 336720 11234 3031
0b001001 0b001101 10162 100 131072 1025555 20972 2898 6128
0b001701 0b001001 10165 100 131072 1028712 17904 2898 7575
0b001b01 0b001c01 10163 100 131072 1020371 26292 2898 5659
0b001501 0b001601 10162 100 131072 1031299 16241 2898 6133
0b001501 0b001601 10163 100 131072 1031453 16418 2898 5653
0b001001 0b001901 10023 100 131072 1041234 6820 6838 4688
0b001401 0b001d01 10023 100 131072 1041572 6820 6838 6612
0b001701 0b001001 10166 100 131072 1032700 15765 2898 7095
0b001501 0b001601 10164 100 131072 1031873 16593 2898 4693
0b000301 0b000401 10042 100 131072 711602 337041 11234 1123
0b001b01 0b001c01 10164 100 131072 1024338 24459 2898 4699
0b001001 0b001101 10163 100 131072 1027320 21541 2898 6608
0b001501 0b001601 10165 100 131072 1032314 16595 2898 5173
0b001401 0b001501 10162 100 131072 1029013 20089 2898 4212
0b001301 0b001401 10165 100 131072 1035415 13688 2898 5171
0b001501 0b001601 10166 100 131072 1033459 16111 2898 5669
0b001a01 0b001b01 10162 100 131072 1026586 23156 2898 6618
0b001a01 0b001b01 10163 100 131072 1026697 23178 2898 4218
0b001b01 0b001c01 10165 100 131072 1026675 23227 2898 7579
0b001501 0b001601 10167 100 131072 1035682 14702 2898 6149
0b001a01 0b001b01 10164 100 131072 1027402 23024 2898 7098
0b001f01 0b001801 10167 100 131072 1044202 6302 2898 4703
0b001a01 0b001b01 10165 100 131072 1027688 22915 2898 7578
0b001a01 0b001b01 10166 100 131072 1028217 22606 2898 4234
0b001301 0b001401 10166 100 131072 1037220 13622 2898 7571
0b001301 0b001401 10167 100 131072 1037221 13622 2898 4707
0b001801 0b001901 10160 100 131072 1021473 29589 2898 5624
0b001801 0b001901 10161 100 131072 1021483 29580 2898 5640
0b001a01 0b001b01 10167 100 131072 1029494 21617 2898 4714
0b001d01 0b001e01 10161 100 131072 1030737 20545 2898 4189
0b001901 0b001a01 10160 100 131072 1034839 16467 2898 6105
0b001901 0b001a01 10161 100 131072 1034849 16458 2898 6121
0b001901 0b001a01 10162 100 131072 1034863 16445 2898 6137
0b001101 0b001201 10165 100 131072 1043518 8058 2898 7089
0b001201 0b001301 10162 100 131072 1027698 23969 2898 4210
0b001401 0b001501 10163 100 131072 1030139 21542 2898 7556
0b001401 0b001501 10164 100 131072 1030149 21533 2898 7572
0b001401 0b001501 10165 100 131072 1030295 21542 2898 4692
0b001601 0b001701 10162 100 131072 1025317 26548 2898 4694
0b001a01 0b001b01 10168 100 131072 1036940 15057 2898 5194
0b001301 0b001401 10168 100 131072 1040612 11510 2898 5187
0b001201 0b001301 10163 100 131072 1028141 24253 2898 6610
0b001601 0b001701 10163 100 131072 1025538 26856 2898 5174
0b001b01 0b001c01 10166 100 131072 1033343 19152 2898 4715
0b001501 0b001601 10168 100 131072 1048084 4617 2898 7557
0b001901 0b001a01 10163 100 131072 1035744 16995 2898 6617
0b001e01 0b001f01 10163 100 131072 1030581 22453 2898 5182
0b001901 0b001a01 10164 100 131072 1036053 17039 2898 7577
0b001601 0b001701 10164 100 131072 1025891 27276 2898 6134
0b001601 0b001701 10165 100 131072 1025958 27210 2898 5654
0b001701 0b001001 10167 100 131072 1042120 11106 2898 6135
0b001e01 0b001f01 10164 100 131072 1030914 22517 2898 4702
0b001c01 0b001501 10023 100 131072 1046678 6820 6838 6620
0b001201 0b001301 10164 100 131072 1029000 24715 2898 7090
0b001d01 0b001e01 10162 100 131072 1031398 22503 2898 4205
0b001301 0b001401 10169 100 131072 1048888 5065 2898 6611
0b001801 0b001901 10162 100 131072 1023938 30051 2898 6616
0b001701 0b001001 10168 100 131072 1044541 9654 2898 7111
0b001801 0b001901 10163 100 131072 1024293 29939 2898 6136
0b001e01 0b001f01 10165 100 131072 1031977 22337 2898 5662
0b001701 0b001001 10169 100 131072 1045928 8553 2898 5655
0b001201 0b001301 10165 100 131072 1029707 24780 2898 7570
0b001d01 0b001e01 10163 100 131072 1031686 22942 2898 4221
0b001e01 0b001f01 10166 100 131072 1032704 22031 2898 6142
0b001901 0b001a01 10165 100 131072 1038586 16358 2898 7097
0b001f01 0b001801 10168 100 131072 1045941 9522 2898 5663
0b001f01 0b001801 10169 100 131072 1046140 9500 2898 6655
0b001e01 0b001f01 10167 100 131072 1035001 20900 2898 5678
0b001101 0b001201 10166 100 131072 1044399 11511 2898 4225
0b001f01 0b001801 10170 100 131072 1047746 8425 2898 6143
0b001001 0b001101 10164 100 131072 1032737 23530 2898 5168
0b001601 0b001701 10166 100 131072 1028159 28113 2898 6630
0b001801 0b001101 10023 100 131072 1047727 8712 6838 4696
0b000301 0b000401 10043 100 131072 713931 343101 11234 1603
0b001501 0b001601 10169 100 131072 1052112 4900 2898 4229
0b001001 0b001901 10024 100 131072 1048568 8732 6838 4704
0b001c01 0b001d01 10166 100 131072 1044872 12522 2898 5180
0b000701 0b000001 10042 100 131072 711678 346138 11234 3047
0b001d01 0b001e01 10164 100 131072 1033036 24895 2898 5181
0b001e01 0b001f01 10168 100 131072 1040414 17625 2898 6158
0b001e01 0b001f01 10169 100 131072 1041436 16958 2898 7118
0b001601 0b001701 10167 100 131072 1030056 28419 2898 4198
0b001b01 0b001c01 10167 100 131072 1040693 17832 2898 5179
0b001d01 0b001e01 10165 100 131072 1033301 25225 2898 4701
0b001201 0b001301 10166 100 131072 1033822 24787 2898 4226
0b001101 0b001201 10167 100 131072 1045788 12874 2898 5633
0b001101 0b001201 10168 100 131072 1045798 12865 2898 5649
0b001c01 0b001d01 10167 100 131072 1045092 13691 2898 7100
0b001d01 0b001e01 10166 100 131072 1033896 25337 2898 5677
0b001c01 0b001d01 10168 100 131072 1045445 14395 2898 7116
0b001001 0b001101 10165 100 131072 1035312 24566 2898 5184
0b001d01 0b001e01 10167 100 131072 1034689 25317 2898 6157
0b001601 0b001701 10168 100 131072 1031844 28436 2898 4214
0b001801 0b001101 10024 100 131072 1053514 6820 6838 4712
0b001001 0b001101 10166 100 131072 1035841 24698 2898 5648
0b001101 0b001201 10169 100 131072 1049537 11441 2898 6145
0b001101 0b001201 10170 100 131072 1051871 10076 2898 6625
0b001401 0b001501 10166 100 131072 1036545 25574 2898 7092
0b001401 0b001501 10167 100 131072 1036678 25640 2898 7108
0b001401 0b001501 10168 100 131072 1036789 25706 2898 5172
0b001601 0b001f01 10023 100 131072 1055711 6820 6838 7574
0b001301 0b001401 10170 100 131072 1054677 8162 2898 4227
0b001901 0b001a01 10166 100 131072 1047311 15535 2898 4233
0b001b01 0b001c01 10168 100 131072 1044258 18624 2898 5195
0b001801 0b001901 10164 100 131072 1032860 30077 2898 5176
0b001b01 0b001c01 10169 100 131072 1044456 18603 2898 6619
0b001201 0b001301 10167 100 131072 1037672 25848 2898 4706
0b001801 0b001901 10165 100 131072 1033455 30275 2898 7576
0b001401 0b001d01 10024 100 131072 1056963 6820 6838 6628
0b001001 0b001101 10167 100 131072 1039164 24742 2898 6624
0b000701 0b000001 10043 100 131072 714041 350391 11234 3527
0b001401 0b001501 10169 100 131072 1038929 25417 2898 5668
0b001001 0b001101 10168 100 131072 1039781 24654 2898 7088
0b001101 0b001201 10171 100 131072 1059449 5099 2898 4705
0b001701 0b001001 10170 100 131072 1054875 10587 2898 4711
0b001301 0b001401 10171 100 131072 1055404 10342 2898 6627
0b001601 0b001701 10169 100 131072 1038359 27664 2898 4230
0b001901 0b001a01 10167 100 131072 1051064 14953 2898 4713
0b001c01 0b001d01 10169 100 131072 1048748 17301 2898 4236
0b001101 0b001a01 10024 100 131072 1059277 6949 6838 5185
0b001d01 0b001e01 10168 100 131072 1041334 24901 2898 7565
0b001501 0b001601 10170 100 131072 1054691 11923 2898 7573
0b001501 0b001601 10171 100 131072 1054701 11935 2898 7589
0b001501 0b001601 10172 100 131072 1054847 11922 2898 4709
0b001e01 0b001f01 10170 100 131072 1054292 12513 2898 4206
0b001c01 0b001d01 10170 100 131072 1049673 17675 2898 5676
0b001701 0b001001 10171 100 131072 1055404 12085 2898 5191
0b001501 0b001601 10173 100 131072 1056508 11142 2898 6629
0b001301 0b001401 10172 100 131072 1056725 11354 2898 7107
0b001001 0b001101 10169 100 131072 1044649 23795 2898 7568
0b001701 0b001001 10172 100 131072 1056177 12501 2898 6151
0b001701 0b001001 10173 100 131072 1056178 12501 2898 5671
0b001301 0b001401 10173 100 131072 1057497 11309 2898 7587
0b001401 0b001501 10170 100 131072 1045335 23836 2898 4708
0b001701 0b001801 10023 100 131072 1061485 7786 6838 4215
0b001701 0b001001 10174 100 131072 1059282 10168 2898 6647
0b001c01 0b001d01 10171 100 131072 1051807 17742 2898 4716
0b001601 0b001701 10170 100 131072 1042803 26904 2898 7110
0b001101 0b001a01 10025 100 131072 1062888 6907 6838 5201
0b001f01 0b001801 10171 100 131072 1056044 14015 2898 5199
0b001c01 0b001d01 10172 100 131072 1052912 17342 2898 7596
0b001901 0b001a01 10168 100 131072 1054072 16280 2898 5641
0b001901 0b001a01 10169 100 131072 1054082 16271 2898 5657
0b001801 0b001901 10166 100 131072 1037966 32543 2898 5192
0b001401 0b001501 10171 100 131072 1047798 22958 2898 4228
0b001a01 0b001b01 10169 100 131072 1054316 16505 2898 6122
0b001a01 0b001b01 10170 100 131072 1054326 16496 2898 6138
0b001a01 0b001b01 10171 100 131072 1054336 16508 2898 6154
0b001301 0b001401 10174 100 131072 1061619 9256 2898 4243
0b001701 0b001801 10024 100 131072 1063290 7800 6838 4231
0b001e01 0b001f01 10171 100 131072 1056911 14251 2898 4222
0b001c01 0b001d01 10173 100 131072 1055505 15872 2898 4732
0b001801 0b001901 10167 100 131072 1038671 32719 2898 5656
0b001201 0b001b01 10023 100 131072 1061672 9789 6838 5650
0b001201 0b001b01 10024 100 131072 1061682 9781 6838 5666
0b001d01 0b001601 10024 100 131072 1061793 9838 6838 7117
0b001e01 0b001f01 10172 100 131072 1057638 14405 2898 4238
0b001501 0b001601 10174 100 131072 1065505 6594 2898 5189
0b001101 0b001201 10172 100 131072 1063344 8769 2898 4721
0b001301 0b001401 10175 100 131072 1066530 5600 2898 4723
0b001101 0b001201 10173 100 131072 1063549 8919 2898 5665
0b001001 0b001101 10170 100 131072 1049009 23495 2898 6640
0b001201 0b001301 10168 100 131072 1043835 28690 2898 6114
0b001d01 0b001e01 10169 100 131072 1047943 24681 2898 7581
0b001d01 0b001e01 10170 100 131072 1047944 24681 2898 4237
0b001d01 0b001e01 10171 100 131072 1047953 24673 2898 7597
0b001d01 0b001e01 10172 100 131072 1048100 24527 2898 4717
0b001f01 0b001801 10172 100 131072 1056441 16395 2898 4719
0b001901 0b001201 10024 100 131072 1065947 7051 6838 5193
0b001501 0b001601 10175 100 131072 1067356 5754 2898 5685
0b001901 0b001a01 10170 100 131072 1056999 16175 2898 6633
0b000301 0b000401 10044 100 131072 719807 353537 11234 643
0b000301 0b000401 10045 100 131072 719817 353531 11234 659
0b001001 0b001101 10171 100 131072 1049626 23669 2898 7584
0b001801 0b001901 10168 100 131072 1040366 32898 2898 7096
0b001901 0b001a01 10171 100 131072 1057242 16067 2898 6153
0b001c01 0b001d01 10174 100 131072 1061535 11800 2898 5196
0b001801 0b001901 10169 100 131072 1040784 32722 2898 6632
0b000701 0b000001 10044 100 131072 719749 353763 11234 2567
0b000701 0b000001 10045 100 131072 719759 353757 11234 2583
0b001201 0b001301 10169 100 131072 1044670 28956 2898 5186
0b001a01 0b001b01 10172 100 131072 1055749 17983 2898 6634
0b001201 0b001301 10170 100 131072 1044961 28864 2898 6130
0b001401 0b001501 10172 100 131072 1052113 21843 2898 5188
0b001c01 0b001d01 10175 100 131072 1065892 8170 2898 5212
0b001201 0b001301 10171 100 131072 1045511 28843 2898 6146
0b001a01 0b001b01 10173 100 131072 1056102 18182 2898 7594
0b001901 0b001a01 10172 100 131072 1060310 14035 2898 4729
0b001201 0b001301 10172 100 131072 1045868 28641 2898 6626
0b001d01 0b001e01 10173 100 131072 1051402 22998 2898 6637
0b001201 0b001301 10173 100 131072 1046089 28553 2898 7586
0b001c01 0b001501 10024 100 131072 1066069 8894 6838 6636
0b001b01 0b001c01 10170 100 131072 1052752 22225 2898 6635
0b001001 0b001101 10172 100 131072 1051475 23581 2898 7104
0b001b01 0b001c01 10171 100 131072 1052885 22424 2898 4235
0b001d01 0b001601 10025 100 131072 1062850 12623 6838 7133
0b001f01 0b001801 10173 100 131072 1057324 18153 2898 5679
0b001001 0b001901 10025 100 131072 1068472 7082 6838 4720
0b001401 0b001501 10173 100 131072 1053852 21821 2898 7588
0b001401 0b001501 10174 100 131072 1053853 21821 2898 4724
0b001701 0b001001 10175 100 131072 1072717 3045 2898 7127
0b001401 0b001d01 10025 100 131072 1068756 7100 6838 6644
0b001b01 0b001c01 10172 100 131072 1053436 22602 2898 7115
0b001f01 0b001801 10174 100 131072 1057745 18393 2898 6159
0b001a01 0b001b01 10174 100 131072 1057954 18203 2898 7114
0b001b01 0b001c01 10173 100 131072 1053613 22560 2898 7595
0b001901 0b001a01 10173 100 131072 1066740 9476 2898 7593
0b001b01 0b001c01 10174 100 131072 1053833 22561 2898 4251
0b001b01 0b001c01 10175 100 131072 1054121 22362 2898 4731
0b001e01 0b001f01 10173 100 131072 1060941 15574 2898 5198
0b001401 0b001501 10175 100 131072 1055132 21467 2898 5204
0b001b01 0b001c01 10176 100 131072 1055007 21786 2898 5211
0b001801 0b001901 10170 100 131072 1044417 32548 2898 7592
0b001f01 0b001801 10175 100 131072 1058911 18376 2898 5695
0b001e01 0b001f01 10174 100 131072 1061536 15792 2898 4718
0b001501 0b001601 10176 100 131072 1072181 5352 2898 4725
0b001801 0b001901 10171 100 131072 1045210 32352 2898 7112
0b001101 0b001201 10174 100 131072 1066916 10964 2898 6641
0b001e01 0b001f01 10175 100 131072 1062243 15679 2898 5694
0b001601 0b001701 10171 100 131072 1050550 27414 2898 6150
0b001701 0b001801 10025 100 131072 1069033 9067 6838 4247
0b001601 0b001701 10172 100 131072 1050881 27326 2898 5670
0b001801 0b001901 10172 100 131072 1046403 31864 2898 6648
0b001e01 0b001f01 10176 100 131072 1063016 15456 2898 6174
0b001f01 0b001801 10176 100 131072 1061049 17497 2898 6175
0b001101 0b001201 10175 100 131072 1067445 11228 2898 7105
0b001f01 0b001801 10177 100 131072 1061404 17275 2898 7135
0b001001 0b001101 10173 100 131072 1056236 22501 2898 6144
0b001601 0b001701 10173 100 131072 1051476 27436 2898 4710
0b001f01 0b001001 10023 100 131072 1069815 9099 6838 4223
0b001801 0b001901 10173 100 131072 1047460 31472 2898 7128
0b001601 0b001701 10174 100 131072 1051919 27214 2898 5190
0b001e01 0b001701 10023 100 131072 1069245 9999 6838 7582
0b001f01 0b001801 10178 100 131072 1065541 13733 2898 7599
0b001501 0b001e01 10024 100 131072 1065129 14256 6838 7109
0b001001 0b001101 10174 100 131072 1057205 22237 2898 7120
0b001001 0b001101 10175 100 131072 1057491 22084 2898 5664
0b001501 0b001e01 10025 100 131072 1065328 14277 6838 7125
0b001201 0b001301 10174 100 131072 1054586 25077 2898 7106
0b001601 0b001701 10175 100 131072 1052580 27148 2898 5686
0b001601 0b001701 10176 100 131072 1053394 26863 2898 6166
0b001501 0b001601 10177 100 131072 1073766 8630 2898 4245
0b001601 0b001f01 10024 100 131072 1069624 12839 6838 7590
0b001601 0b001f01 10025 100 131072 1069646 12818 6838 7606
0b001d01 0b001e01 10174 100 131072 1060404 22145 2898 5197
0b001801 0b001101 10025 100 131072 1075846 6948 6838 4728
0b001101 0b001201 10176 100 131072 1071454 11420 2898 7585
0b001401 0b001501 10176 100 131072 1065849 17042 2898 4244
0b001201 0b001301 10175 100 131072 1058920 24068 2898 4242
0b001901 0b001201 10025 100 131072 1073519 9747 6838 5209
0b001301 0b001401 10176 100 131072 1076636 7238 2898 5203
0b001f01 0b001001 10024 100 131072 1074172 9716 6838 4239
0b001f01 0b001001 10025 100 131072 1075053 9758 6838 4255
0b001c01 0b001501 10025 100 131072 1077987 7034 6838 6652
0b001901 0b001a01 10174 100 131072 1074400 10669 2898 5673
0b000301 0b000401 10046 100 131072 745307 340086 11234 675
0b000701 0b000001 10046 100 131072 745927 339466 11234 2599
0b001601 0b001701 10177 100 131072 1060022 25495 2898 4246
0b000001 0b000101 10008 100 131072 600799 484773 11234 32
0b000401 0b000501 10008 100 131072 600817 484755 11234 1956
0b001a01 0b001b01 10175 100 131072 1065856 20029 2898 4250
0b001401 0b001501 10177 100 131072 1071089 15061 2898 7124
0b001401 0b001501 10178 100 131072 1071816 14731 2898 7604
0b001301 0b001401 10177 100 131072 1077519 9128 2898 6643
0b001301 0b001401 10178 100 131072 1077652 9194 2898 7603
0b001401 0b001501 10179 100 131072 1073885 13283 2898 4260
0b001201 0b001301 10176 100 131072 1063988 23290 2898 6162
0b001401 0b001501 10180 100 131072 1075140 12271 2898 4740
0b001e01 0b001701 10024 100 131072 1075634 12022 6838 7598
0b001e01 0b001701 10025 100 131072 1075644 12014 6838 7614
0b001e01 0b001f01 10177 100 131072 1075635 12079 2898 4254
0b001e01 0b001f01 10178 100 131072 1075637 12078 2898 4734
0b001201 0b001301 10177 100 131072 1064957 23202 2898 6642
0b000001 0b000101 10009 100 131072 623563 464653 11234 48
0b000401 0b000501 10009 100 131072 623561 464655 11234 1972
0b001b01 0b001c01 10177 100 131072 1074471 13896 2898 5675
0b001b01 0b001c01 10178 100 131072 1074481 13887 2898 5691
0b001a01 0b001b01 10176 100 131072 1069027 19918 2898 4730
0b001a01 0b001b01 10177 100 131072 1069236 19863 2898 5210
0b001e01 0b001f01 10179 100 131072 1077410 11714 2898 6654
0b001f01 0b001801 10179 100 131072 1079525 9784 2898 5215
0b001001 0b001101 10176 100 131072 1070499 18952 2898 5200
0b001801 0b001901 10174 100 131072 1058473 31183 2898 5672
0b001b01 0b001c01 10179 100 131072 1076742 13083 2898 6651
0b001801 0b001901 10175 100 131072 1058650 31271 2898 6664
0b001201 0b001301 10178 100 131072 1067558 22450 2898 4722
0b001301 0b001401 10179 100 131072 1082673 7524 2898 7123
0b001401 0b001501 10181 100 131072 1086884 3325 2898 5220
0b001b01 0b001c01 10180 100 131072 1077294 13060 2898 7611
0b001801 0b001901 10176 100 131072 1059181 31225 2898 6152
0b001001 0b001101 10177 100 131072 1071688 18996 2898 6160
0b001001 0b001101 10178 100 131072 1071689 18996 2898 5680
0b001d01 0b001e01 10175 100 131072 1066793 24075 2898 6653
0b001001 0b001101 10179 100 131072 1072460 18666 2898 6656
0b001101 0b001201 10177 100 131072 1075514 15620 2898 6657
0b001301 0b001c01 10023 100 131072 1075535 15619 6838 6131
0b001301 0b001401 10180 100 131072 1085998 5212 2898 4259
0b001b01 0b001c01 10181 100 131072 1079167 12133 2898 7131
0b000101 0b000201 10026 100 131072 1088582 3056 2898 49
0b000501 0b000601 10026 100 131072 1088582 3056 2898 1973
0b001a01 0b001b01 10178 100 131072 1072805 18804 2898 5226
0b001c01 0b001d01 10176 100 131072 1078319 13299 2898 4252
0b001501 0b001601 10178 100 131072 1076966 15147 2898 5205
0b001201 0b001b01 10025 100 131072 1075478 16650 6838 5682
0b001101 0b001201 10178 100 131072 1076305 16018 2898 7601
0b001901 0b001a01 10175 100 131072 1076274 16040 2898 7113
0b001a01 0b001301 10023 100 131072 1073362 19319 6838 5658
0b001a01 0b001301 10024 100 131072 1073372 19310 6838 5674
0b001b01 0b001401 10023 100 131072 1073831 19176 6838 6139
0b001b01 0b001401 10024 100 131072 1073841 19167 6838 6155
0b001b01 0b001401 10025 100 131072 1073854 19155 6838 6171
0b001901 0b001a01 10176 100 131072 1076516 16503 2898 6649
0b001401 0b001501 10182 100 131072 1089856 3255 2898 7620
0b001d01 0b001e01 10176 100 131072 1069059 24452 2898 4253
0b001e01 0b001f01 10180 100 131072 1082395 11486 2898 7134
0b001e01 0b001f01 10181 100 131072 1082615 11355 2898 7150
0b001f01 0b001801 10180 100 131072 1080338 13685 2898 4735
0b001a01 0b001b01 10179 100 131072 1076184 17982 2898 6650
0b000101 0b000201 10027 100 131072 1091226 3048 2898 65
0b000501 0b000601 10027 100 131072 1091226 3048 2898 1989
0b001101 0b001201 10179 100 131072 1078066 16149 2898 7121
0b001a01 0b001b01 10180 100 131072 1076319 17914 2898 6170
0b001301 0b001c01 10024 100 131072 1076835 17735 6838 6147
0b001d01 0b001e01 10177 100 131072 1070358 24232 2898 5693
0b001a01 0b001b01 10181 100 131072 1077355 17252 2898 4746
0b001001 0b001101 10180 100 131072 1078772 15875 2898 7136
0b001601 0b001701 10178 100 131072 1069779 24893 2898 4726
0b001301 0b001c01 10025 100 131072 1077364 17448 6838 6163
0b001201 0b001301 10179 100 131072 1075123 19711 2898 4738
0b001a01 0b001b01 10182 100 131072 1079226 15646 2898 7610
0b001e01 0b001f01 10182 100 131072 1085559 9360 2898 5214
0b001301 0b001401 10181 100 131072 1091169 4068 2898 6659
0b001601 0b001701 10179 100 131072 1070660 24827 2898 6646
0b001a01 0b001301 10025 100 131072 1088079 7522 6838 5690
0b001f01 0b001801 10181 100 131072 1080932 14810 2898 5711
0b001201 0b001301 10180 100 131072 1076008 19817 2898 5202
0b001701 0b001801 10026 100 131072 1088527 7366 6838 4263
0b001501 0b001e01 10026 100 131072 1089160 6864 6838 7141
0b001b01 0b001c01 10182 100 131072 1088895 7359 2898 4267
0b001d01 0b001e01 10178 100 131072 1072559 23836 2898 4733
0b001001 0b001101 10181 100 131072 1081924 14638 2898 4224
0b001501 0b001601 10179 100 131072 1077973 18629 2898 6645
0b001f01 0b001801 10182 100 131072 1081482 15141 2898 6191
0b001401 0b001d01 10026 100 131072 1089657 6957 6838 6660
0b001d01 0b001e01 10179 100 131072 1073264 23792 2898 7613
0b000601 0b000701 10041 100 131072 1094648 3035 2898 1990
0b000201 0b000301 10041 100 131072 1094648 3035 2898 66
0b001301 0b001c01 10026 100 131072 1090288 7453 6838 6179
0b001c01 0b001d01 10177 100 131072 1079048 18867 2898 7132
0b001d01 0b001e01 10180 100 131072 1074387 23552 2898 4749
0b001f01 0b001001 10026 100 131072 1090724 7376 6838 4271
0b001e01 0b001f01 10183 100 131072 1093878 4238 2898 6670
0b001001 0b001101 10182 100 131072 1086898 11337 2898 4240
0b001001 0b001101 10183 100 131072 1087821 10547 2898 4256
0b001901 0b001a01 10177 100 131072 1078564 19867 2898 4745
0b001601 0b001701 10180 100 131072 1074641 23950 2898 7126
0b001c01 0b001d01 10178 100 131072 1079183 19459 2898 7612
0b001501 0b001601 10180 100 131072 1078683 20141 2898 7605
0b001501 0b001601 10181 100 131072 1078684 20141 2898 4741
0b001601 0b001701 10181 100 131072 1075109 23751 2898 5206
0b001d01 0b001e01 10181 100 131072 1076345 22741 2898 5213
0b001601 0b001701 10182 100 131072 1076120 23181 2898 5702
0b001c01 0b001d01 10179 100 131072 1079404 19920 2898 4268
0b001101 0b001a01 10026 100 131072 1092461 6921 6838 5217
0b001d01 0b001e01 10182 100 131072 1077072 22302 2898 5229
0b000701 0b000001 10047 100 131072 813845 285743 11234 2615
0b000301 0b000401 10047 100 131072 814097 285491 11234 691
0b001c01 0b001d01 10180 100 131072 1079493 20052 2898 4748
0b001701 0b001001 10176 100 131072 1080974 18755 2898 6167
0b001d01 0b001e01 10183 100 131072 1078866 20907 2898 6669
0b001c01 0b001501 10026 100 131072 1092835 6979 6838 6668
0b001c01 0b001d01 10181 100 131072 1079803 20337 2898 5228
0b001601 0b001701 10183 100 131072 1078483 21699 2898 7142
0b000601 0b000701 10042 100 131072 1097284 3051 2898 2006
0b000201 0b000301 10042 100 131072 1097284 3051 2898 82
0b001501 0b001601 10182 100 131072 1079609 20801 2898 5221
0b001a01 0b001b01 10183 100 131072 1095324 5223 2898 7130
0b001101 0b001201 10180 100 131072 1081747 18886 2898 6161
0b001201 0b001301 10181 100 131072 1080890 19883 2898 6658
0b001301 0b001401 10182 100 131072 1093018 7769 2898 4739
0b001901 0b001a01 10178 100 131072 1079975 20921 2898 7609
0b001401 0b001501 10183 100 131072 1093207 7875 2898 7140
0b001601 0b001701 10184 100 131072 1080543 20610 2898 4742
0b001a01 0b001b01 10184 100 131072 1096029 5225 2898 6666
0b000401 0b000501 10010 100 131072 641139 460202 11234 3380
0b000001 0b000101 10010 100 131072 641139 460202 11234 3376
0b000401 0b000501 10011 100 131072 641143 460202 11234 2900
0b000001 0b000101 10011 100 131072 641143 460202 11234 2896
0b000401 0b000501 10012 100 131072 641151 460198 11234 1460
0b000001 0b000101 10012 100 131072 641147 460202 11234 2416
0b000401 0b000501 10013 100 131072 641155 460198 11234 980
0b000001 0b000101 10013 100 131072 641151 460202 11234 1936
0b000401 0b000501 10014 100 131072 641243 460114 11234 500
0b000001 0b000101 10014 100 131072 641155 460202 11234 1456
0b000401 0b000501 10015 100 131072 641247 460114 11234 20
0b000001 0b000101 10015 100 131072 641243 460118 11234 976
0b001201 0b001301 10182 100 131072 1081683 19793 2898 7122
0b000401 0b000501 10016 100 131072 644076 457493 11234 1988
0b000001 0b000101 10016 100 131072 643940 457629 11234 64
0b001901 0b001a01 10179 100 131072 1080572 20985 2898 7129
0b001101 0b001201 10181 100 131072 1082452 19324 2898 7137
0b000401 0b000501 10017 100 131072 651360 450713 11234 1476
0b000001 0b000101 10017 100 131072 651357 450716 11234 3392
0b001101 0b001201 10182 100 131072 1082585 19390 2898 5681
0b001901 0b001a01 10180 100 131072 1081277 20831 2898 6665
0b001701 0b001001 10177 100 131072 1081217 21003 2898 5687
0b001901 0b001a01 10181 100 131072 1081942 20607 2898 7145
0b000401 0b000501 10018 100 131072 666761 436228 11234 2004
0b000001 0b000101 10018 100 131072 666827 436162 11234 80
0b001601 0b001701 10185 100 131072 1085406 17948 2898 4262
0b001f01 0b001801 10183 100 131072 1085473 18064 2898 7615
0b001f01 0b001801 10184 100 131072 1085483 18055 2898 7631
0b001801 0b001101 10026 100 131072 1097033 6833 6838 4744
0b001b01 0b001401 10026 100 131072 1097243 6844 6838 6187
0b001801 0b001901 10177 100 131072 1072281 31844 2898 4232
0b001201 0b001301 10183 100 131072 1085884 18545 2898 7602
0b001d01 0b001e01 10184 100 131072 1094628 9944 2898 4269
0b001201 0b001301 10184 100 131072 1086276 18374 2898 5218
0b001801 0b001901 10178 100 131072 1073069 31915 2898 5208
0b001401 0b001d01 10027 100 131072 1098247 6925 6838 6676
0b001001 0b001101 10184 100 131072 1101110 4324 2898 4272
0b001401 0b001501 10184 100 131072 1094220 11221 2898 4276
0b001801 0b001901 10179 100 131072 1074100 32226 2898 4248
0b001101 0b001201 10183 100 131072 1085804 20574 2898 4737
0b001701 0b001001 10178 100 131072 1081922 24987 2898 4727
0b001901 0b001a01 10182 100 131072 1092666 14291 2898 5689
0b001901 0b001a01 10183 100 131072 1092931 14115 2898 6681
0b001901 0b001a01 10184 100 131072 1093416 13697 2898 6169
0b001b01 0b001c01 10183 100 131072 1091955 15657 2898 4747
0b001701 0b001001 10179 100 131072 1082143 25646 2898 5207
0b001d01 0b001601 10026 100 131072 1100925 6953 6838 7149
0b001e01 0b001701 10026 100 131072 1100066 7874 6838 7630
0b001701 0b001001 10180 100 131072 1082254 25781 2898 7591
0b001601 0b001701 10186 100 131072 1095123 13006 2898 5222
0b001b01 0b001c01 10184 100 131072 1092109 16032 2898 5227
0b001001 0b001101 10185 100 131072 1102739 5914 2898 6176
0b001701 0b001001 10181 100 131072 1082738 26287 2898 5703
0b001f01 0b001801 10185 100 131072 1090725 18358 2898 4751
0b001401 0b001501 10185 100 131072 1096017 13385 2898 6148
0b001401 0b001501 10186 100 131072 1096027 13376 2898 6164
0b001401 0b001501 10187 100 131072 1096037 13367 2898 6180
0b001501 0b001601 10183 100 131072 1085901 23606 2898 4261
0b001701 0b001001 10182 100 131072 1083267 26618 2898 6183
0b001001 0b001101 10186 100 131072 1105230 4682 2898 5696
0b001601 0b001f01 10026 100 131072 1101834 8145 6838 7622
0b001e01 0b001f01 10184 100 131072 1096521 13484 2898 4270
0b001a01 0b001b01 10185 100 131072 1101441 8713 2898 4762
0b001f01 0b001801 10186 100 131072 1092134 18052 2898 6671
0b001601 0b001701 10187 100 131072 1099612 10698 2898 6662
0b001201 0b001301 10185 100 131072 1094144 16579 2898 6674
0b001901 0b001a01 10185 100 131072 1107135 3732 2898 4249
0b000101 0b000a01 10002 100 131072 1104371 6824 6838 993
0b001d01 0b001e01 10185 100 131072 1099624 11945 2898 6685
0b001201 0b001301 10186 100 131072 1095333 16292 2898 7618
0b001601 0b001701 10188 100 131072 1101835 9906 2898 4758
0b001301 0b001401 10183 100 131072 1095691 16108 2898 5667
0b001301 0b001401 10184 100 131072 1095701 16099 2898 5683
0b001201 0b001b01 10026 100 131072 1104985 7006 6838 5698
0b001501 0b001601 10184 100 131072 1088031 24293 2898 6661
0b001801 0b001901 10180 100 131072 1078487 34092 2898 5688
0b001601 0b001701 10189 100 131072 1103420 9160 2898 5238
0b001401 0b001501 10188 100 131072 1103797 9000 2898 4756
0b001201 0b001301 10187 100 131072 1097225 15633 2898 7138
0b001901 0b001a01 10186 100 131072 1109336 3734 2898 4265
0b001701 0b001801 10027 100 131072 1106364 6964 6838 4279
0b001f01 0b001801 10187 100 131072 1096891 16640 2898 7151
0b001401 0b001501 10189 100 131072 1107097 6449 2898 6196
0b001501 0b001e01 10027 100 131072 1104092 9467 6838 7157
0b000501 0b000e01 10002 100 131072 1104355 9479 6838 2917
0b001f01 0b001801 10188 100 131072 1096980 16640 2898 7167
0b001801 0b001901 10181 100 131072 1079148 34494 2898 6168
0b001f01 0b001801 10189 100 131072 1097929 16156 2898 5231
0b001b01 0b001c01 10185 100 131072 1094619 19507 2898 5243
0b001e01 0b001f01 10185 100 131072 1097600 16632 2898 5710
0b001501 0b001601 10185 100 131072 1089557 24887 2898 7621
0b000301 0b000401 10048 100 131072 908690 206151 11234 707
0b000701 0b000001 10048 100 131072 912303 202706 11234 2631
0b001901 0b001201 10026 100 131072 1107994 6984 6838 5225
0b001f01 0b001801 10190 100 131072 1101126 13884 2898 6687
0b001501 0b001601 10186 100 131072 1090178 24879 2898 4277
0b001b01 0b001c01 10186 100 131072 1095138 19955 2898 5707
0b001501 0b001601 10187 100 131072 1090421 24989 2898 4757
0b001801 0b001901 10182 100 131072 1080297 35198 2898 5704
0b000001 0b000101 10019 100 131072 686548 429298 11234 96
0b000401 0b000501 10019 100 131072 686564 429282 11234 2020
0b001201 0b001301 10188 100 131072 1103643 12450 2898 6178
0b001801 0b001901 10183 100 131072 1081110 35375 2898 4264
0b001201 0b001301 10189 100 131072 1104786 11748 2898 7154
0b001d01 0b001e01 10186 100 131072 1101652 14978 2898 7629
0b001a01 0b001301 10026 100 131072 1109967 6942 6838 5706
0b000a01 0b000b01 10051 100 131072 1114205 2876 2898 1018
0b001801 0b001901 10184 100 131072 1081556 35480 2898 6184
0b001801 0b001901 10185 100 131072 1081689 35348 2898 7144
0b000001 0b000101 10020 100 131072 699123 417995 11234 112
0b000401 0b000501 10020 100 131072 699128 417990 11234 2036
0b001f01 0b001801 10191 100 131072 1112989 4178 2898 7647
0b001a01 0b001b01 10186 100 131072 1102392 14878 2898 5242
0b001201 0b001301 10190 100 131072 1109388 8071 2898 4754
0b001d01 0b001e01 10187 100 131072 1102334 15177 2898 4285
0b001801 0b001901 10186 100 131072 1082284 35294 2898 7608
0b001001 0b001901 10026 100 131072 1109919 7664 6838 4736
0b001301 0b001401 10185 100 131072 1097844 19789 2898 4755
0b001d01 0b001e01 10188 100 131072 1102555 15089 2898 4765
0b001501 0b001601 10188 100 131072 1093219 24502 2898 5237
0b001601 0b001701 10190 100 131072 1110888 6846 2898 7158
0b001d01 0b001e01 10189 100 131072 1103150 14759 2898 5245
0b001101 0b001201 10184 100 131072 1093694 24593 2898 6177
0b001101 0b001201 10185 100 131072 1093695 24593 2898 5697
0b001b01 0b001c01 10187 100 131072 1097176 21153 2898 6667
0b001b01 0b001c01 10188 100 131072 1097617 21241 2898 4763
0b001d01 0b001e01 10190 100 131072 1108182 10700 2898 6701
0b001101 0b001201 10186 100 131072 1094136 24747 2898 6673
0b001c01 0b001d01 10182 100 131072 1091377 27522 2898 5692
0b001c01 0b001d01 10183 100 131072 1091387 27513 2898 5708
0b001b01 0b001c01 10189 100 131072 1097882 21218 2898 7627
0b001301 0b001401 10186 100 131072 1098611 20816 2898 5699
0b000e01 0b000f01 10051 100 131072 1116844 2876 2898 2942
0b001801 0b001101 10027 100 131072 1112093 7538 6838 4760
0b001e01 0b001f01 10186 100 131072 1099034 20702 2898 7166
0b001301 0b001401 10187 100 131072 1098835 20967 2898 5219
0b001f01 0b001001 10027 100 131072 1113015 7007 6838 4287
0b001501 0b001601 10189 100 131072 1096121 23889 2898 7637
0b001601 0b001701 10191 100 131072 1112517 7574 2898 4278
0b001f01 0b001801 10192 100 131072 1117242 3091 2898 5727
0b001001 0b001101 10187 100 131072 1110799 9698 2898 5216
0b001e01 0b001f01 10187 100 131072 1099405 21381 2898 4750
0b001401 0b001501 10190 100 131072 1114809 5957 2898 5684
0b001401 0b001501 10191 100 131072 1114819 5948 2898 5700
0b001201 0b001301 10191 100 131072 1117988 3179 2898 5234
0b001001 0b001101 10188 100 131072 1111045 10179 2898 7600
0b001c01 0b001d01 10184 100 131072 1093364 28704 2898 7628
0b001001 0b001101 10189 100 131072 1112035 10179 2898 5712
0b001001 0b001101 10190 100 131072 1112895 9606 2898 6192
0b000b01 0b000c01 10050 100 131072 1120091 2876 2898 1035
0b001b01 0b001c01 10190 100 131072 1103557 19240 2898 7147
0b001101 0b001201 10187 100 131072 1097657 25254 2898 7153
0b001c01 0b001d01 10185 100 131072 1094164 28943 2898 6156
0b001b01 0b001c01 10191 100 131072 1104264 18886 2898 6683
0b001a01 0b001b01 10187 100 131072 1103906 19372 2898 7626
0b001701 0b001001 10183 100 131072 1090666 32607 2898 7607
0b001701 0b001001 10184 100 131072 1090676 32598 2898 7623
0b001c01 0b001d01 10186 100 131072 1094310 29040 2898 7148
0b001901 0b001a01 10187 100 131072 1115589 8057 2898 5705
0b001e01 0b001f01 10188 100 131072 1100949 23719 2898 4766
0b001a01 0b001b01 10188 100 131072 1104567 20254 2898 7146
0b001601 0b001f01 10027 100 131072 1117454 7388 6838 7638
0b001101 0b001201 10188 100 131072 1099572 25338 2898 4241
0b000f01 0b000801 10050 100 131072 1122730 2876 2898 2959
0b001601 0b001701 10192 100 131072 1115334 10104 2898 6678
0b001a01 0b001b01 10189 100 131072 1105118 20496 2898 6682
0b001401 0b001501 10192 100 131072 1120643 5115 2898 4772
0b001301 0b001c01 10027 100 131072 1119103 6966 6838 6195
0b001001 0b001101 10191 100 131072 1123032 3037 2898 4288
0b001a01 0b001b01 10190 100 131072 1105559 20496 2898 7162
0b001501 0b001601 10190 100 131072 1102824 23415 2898 6677
0b001b01 0b001c01 10192 100 131072 1113164 13515 2898 4779
0b001101 0b001201 10189 100 131072 1101245 25484 2898 4257
0b001c01 0b001d01 10187 100 131072 1097580 29118 2898 6172
0b001101 0b001201 10190 100 131072 1101378 25550 2898 4273
0b001e01 0b001f01 10189 100 131072 1102096 24773 2898 5230
0b001c01 0b001d01 10188 100 131072 1097822 29097 2898 6188
0b001201 0b001301 10192 100 131072 1121297 5776 2898 6194
0b001e01 0b001701 10027 100 131072 1119640 7447 6838 7646
0b001e01 0b001f01 10190 100 131072 1102384 24882 2898 5246
0b001b01 0b001c01 10193 100 131072 1115001 12405 2898 5723
0b001f01 0b001801 10193 100 131072 1122746 4909 2898 7183
0b000501 0b000601 10028 100 131072 1104351 23692 2898 3397
0b000101 0b000201 10028 100 131072 1104351 23692 2898 3393
0b000501 0b000601 10029 100 131072 1104359 23685 2898 1477
0b000101 0b000201 10029 100 131072 1104355 23689 2898 2913
0b000501 0b000601 10030 100 131072 1104363 23682 2898 997
0b000101 0b000201 10030 100 131072 1104359 23686 2898 2433
0b000501 0b000601 10031 100 131072 1104367 23679 2898 517
0b000101 0b000201 10031 100 131072 1104363 23683 2898 1953
0b000501 0b000601 10032 100 131072 1104371 23676 2898 37
0b000101 0b000201 10032 100 131072 1104367 23680 2898 1473
0b001e01 0b001f01 10191 100 131072 1102783 25012 2898 6686
0b001c01 0b001d01 10189 100 131072 1099264 28846 2898 4284
0b000101 0b000201 10033 100 131072 1104579 23677 2898 81
0b000501 0b000601 10033 100 131072 1104579 23677 2898 2005
0b001201 0b001301 10193 100 131072 1121893 6391 2898 6690
0b000101 0b000201 10034 100 131072 1105083 23515 2898 3409
0b000501 0b000601 10034 100 131072 1105083 23515 2898 1493
0b001c01 0b001501 10027 100 131072 1121339 6944 6838 6684
0b001201 0b001b01 10027 100 131072 1121298 7085 6838 5714
0b001601 0b001701 10193 100 131072 1118067 10344 2898 4294
0b001801 0b001901 10187 100 131072 1092319 36182 2898 5224
0b001601 0b001701 10194 100 131072 1118420 10212 2898 4774
0b000c01 0b000d01 10050 100 131072 1125977 2876 2898 1052
0b000101 0b000201 10035 100 131072 1105999 22984 2898 97
0b000501 0b000601 10035 100 131072 1105999 22984 2898 2021
0b001a01 0b001b01 10191 100 131072 1110056 18992 2898 6698
0b001a01 0b001b01 10192 100 131072 1110123 18926 2898 6186
0b001601 0b001701 10195 100 131072 1120731 8562 2898 5254
0b001401 0b001501 10193 100 131072 1122437 6888 2898 5716
0b001301 0b001401 10188 100 131072 1103783 25603 2898 6675
0b001401 0b001501 10194 100 131072 1122812 6690 2898 5236
0b001c01 0b001d01 10190 100 131072 1100751 28812 2898 6204
0b001601 0b001f01 10028 100 131072 1123020 6943 6838 7654
0b001701 0b001801 10028 100 131072 1123101 6955 6838 4295
0b001a01 0b001b01 10193 100 131072 1113877 16273 2898 4266
0b001d01 0b001e01 10191 100 131072 1121909 8294 2898 5709
0b001d01 0b001e01 10192 100 131072 1121919 8285 2898 5725
0b001b01 0b001c01 10194 100 131072 1120280 10084 2898 5259
0b001f01 0b001801 10194 100 131072 1123796 6634 2898 4767
0b001301 0b001401 10189 100 131072 1104486 25959 2898 7139
0b001a01 0b001b01 10194 100 131072 1116080 14357 2898 4282
0b001101 0b001a01 10027 100 131072 1123507 6977 6838 5233
0b001901 0b001a01 10188 100 131072 1116652 14368 2898 6185
0b000801 0b000901 10050 100 131072 1128616 2876 2898 2968
0b001e01 0b001f01 10192 100 131072 1107582 24376 2898 4286
0b000101 0b000201 10036 100 131072 1118856 13350 2898 113
0b000501 0b000601 10036 100 131072 1118856 13351 2898 2037
0b001001 0b001101 10192 100 131072 1126283 5926 2898 7616
0b001001 0b001101 10193 100 131072 1126293 5917 2898 7632
0b000501 0b000601 10037 100 131072 1120128 12235 2898 2053
0b000101 0b000201 10037 100 131072 1120128 12235 2898 129
0b001501 0b001601 10191 100 131072 1108451 23851 2898 4293
0b001601 0b001701 10196 100 131072 1129249 3244 2898 6694
0b001101 0b001201 10191 100 131072 1106876 26075 2898 4753
0b001c01 0b001501 10028 100 131072 1126160 6868 6838 6700
0b001d01 0b001601 10027 100 131072 1126360 6915 6838 7165
0b001a01 0b001301 10027 100 131072 1126656 6943 6838 5722
0b001701 0b001001 10185 100 131072 1097682 36409 2898 4743
0b001101 0b001201 10192 100 131072 1108444 25897 2898 4289
0b001301 0b001401 10190 100 131072 1107439 27079 2898 7619
0b001201 0b001301 10194 100 131072 1125921 8655 2898 7170
0b000d01 0b000e01 10052 100 131072 1131863 2876 2898 1069
0b001301 0b001401 10191 100 131072 1107660 27057 2898 5235
0b001701 0b001001 10186 100 131072 1098497 36953 2898 6663
0b001401 0b001501 10195 100 131072 1133455 3038 2898 7156
0b001801 0b001901 10188 100 131072 1098752 37804 2898 5720
0b001901 0b001a01 10189 100 131072 1118505 18062 2898 5721
0b001801 0b001901 10189 100 131072 1098903 37962 2898 4280
0b000901 0b000a01 10052 100 131072 1134502 2876 2898 2985
0b001101 0b001201 10193 100 131072 1111663 25695 2898 6193
0b001801 0b001901 10190 100 131072 1099633 37826 2898 6200
0b001501 0b001601 10192 100 131072 1112412 25130 2898 6165
0b001201 0b001301 10195 100 131072 1127920 9623 2898 4258
0b001501 0b001601 10193 100 131072 1112422 25121 2898 6181
0b001501 0b001601 10194 100 131072 1112432 25112 2898 6197
0b000201 0b000b01 10003 100 131072 1131057 6893 6838 1490
0b000601 0b000f01 10003 100 131072 1131053 6906 6838 3414
0b001301 0b001c01 10028 100 131072 1130083 7730 6838 6211
0b001901 0b001a01 10190 100 131072 1119495 18727 2898 4281
0b001701 0b001801 10029 100 131072 1131421 6904 6838 4311
0b001901 0b001201 10027 100 131072 1131511 6859 6838 5241
0b001e01 0b001f01 10193 100 131072 1114579 23804 2898 6702
0b001101 0b001201 10194 100 131072 1112922 25493 2898 5713
0b001d01 0b001e01 10193 100 131072 1125078 13685 2898 7645
0b001901 0b001a01 10191 100 131072 1120046 18726 2898 6201
0b001901 0b001a01 10192 100 131072 1120047 18726 2898 7161
0b001a01 0b001b01 10195 100 131072 1133494 5380 2898 5258
0b001901 0b001a01 10193 100 131072 1120588 18362 2898 7625
0b001901 0b001a01 10194 100 131072 1120593 18358 2898 4761
0b001401 0b001d01 10028 100 131072 1132396 6947 6838 6692
0b001a01 0b001b01 10196 100 131072 1134030 5373 2898 6202
0b001b01 0b001401 10027 100 131072 1132059 7748 6838 6203
0b001e01 0b001f01 10194 100 131072 1116569 23511 2898 7182
0b001701 0b001001 10187 100 131072 1101601 38761 2898 7143
0b000e01 0b000f01 10052 100 131072 1137749 2876 2898 1086
0b001801 0b001101 10028 100 131072 1133440 6955 6838 4776
0b001601 0b001701 10197 100 131072 1135312 5113 2898 4310
0b001d01 0b001e01 10194 100 131072 1126117 14407 2898 6173
0b001701 0b001001 10188 100 131072 1101870 38844 2898 5223
0b001701 0b001001 10189 100 131072 1102311 38712 2898 5719
0b001501 0b001601 10195 100 131072 1115807 25313 2898 4773
0b001201 0b001301 10196 100 131072 1129739 11412 2898 4274
0b001c01 0b001d01 10191 100 131072 1110622 30771 2898 4764
0b001b01 0b001c01 10195 100 131072 1126288 15126 2898 7643
0b001201 0b001301 10197 100 131072 1129938 11478 2898 4290
0b001001 0b001101 10194 100 131072 1138460 3040 2898 6672
0b001301 0b001401 10192 100 131072 1113733 27987 2898 6691
0b001501 0b001601 10196 100 131072 1116556 25269 2898 6213
0b001c01 0b001d01 10192 100 131072 1111151 30748 2898 5244
0b001f01 0b001001 10028 100 131072 1134968 6973 6838 4303
0b001f01 0b001801 10195 100 131072 1127678 14287 2898 4783
0b001701 0b001001 10190 100 131072 1103192 38976 2898 7159
0b001f01 0b001801 10196 100 131072 1127852 14642 2898 7663
0b001301 0b001401 10193 100 131072 1114635 28186 2898 7635
0b001e01 0b001f01 10195 100 131072 1120521 22334 2898 4302
0b001701 0b001001 10191 100 131072 1104163 38800 2898 4759
0b001e01 0b001f01 10196 100 131072 1120654 22333 2898 4782
0b001601 0b001701 10198 100 131072 1136285 6763 2898 7174
0b001e01 0b001f01 10197 100 131072 1120919 22157 2898 5262
0b000a01 0b000b01 10052 100 131072 1140388 2979 2898 3002
0b001401 0b001501 10196 100 131072 1137528 5858 2898 7636
0b001e01 0b001f01 10198 100 131072 1121892 21515 2898 6718
0b000b01 0b000c01 10051 100 131072 1140960 2985 2898 1515
0b000f01 0b000801 10051 100 131072 1140969 2981 2898 3439
0b001801 0b001901 10191 100 131072 1106547 37212 2898 7624
0b001801 0b001901 10192 100 131072 1106557 37203 2898 7640
0b001401 0b001501 10197 100 131072 1137727 6056 2898 5252
0b001301 0b001401 10194 100 131072 1115868 28163 2898 7155
0b001001 0b001901 10027 100 131072 1137101 6949 6838 4752
0b001d01 0b001e01 10195 100 131072 1129708 14869 2898 6189
0b001d01 0b001e01 10196 100 131072 1129929 14869 2898 6205
0b001101 0b001201 10195 100 131072 1122641 23355 2898 4769
0b001d01 0b001e01 10197 100 131072 1131120 15065 2898 4301
0b001501 0b001e01 10028 100 131072 1139503 6852 6838 7173
0b001f01 0b001801 10197 100 131072 1129879 16497 2898 5247
0b001b01 0b001c01 10196 100 131072 1127831 18578 2898 7163
0b000f01 0b000801 10052 100 131072 1143635 2963 2898 1103
0b001401 0b001501 10198 100 131072 1142817 3851 2898 6212
0b001f01 0b001801 10198 100 131072 1130276 16871 2898 5263
0b001a01 0b001301 10028 100 131072 1139577 7750 6838 5738
0b001d01 0b001e01 10198 100 131072 1132573 14759 2898 6221
0b001e01 0b001f01 10199 100 131072 1133213 14207 2898 5726
0b001e01 0b001f01 10200 100 131072 1133223 14198 2898 5742
0b001101 0b001201 10196 100 131072 1124234 23347 2898 7617
0b001c01 0b001d01 10193 100 131072 1117136 30530 2898 5260
0b001301 0b001401 10195 100 131072 1119544 28384 2898 7171
0b001201 0b001301 10198 100 131072 1135961 11968 2898 4770
0b001f01 0b001801 10199 100 131072 1130805 17139 2898 6703
0b001901 0b001a01 10195 100 131072 1139566 8502 2898 5737
0b001b01 0b001c01 10197 100 131072 1128624 19655 2898 6699
0b001301 0b001401 10196 100 131072 1119919 28406 2898 5715
0b001c01 0b001d01 10194 100 131072 1118103 30226 2898 5724
0b001101 0b001201 10197 100 131072 1125224 23128 2898 5729
0b001101 0b001201 10198 100 131072 1125511 22974 2898 6209
0b001e01 0b001701 10028 100 131072 1141773 6995 6838 7662
0b001301 0b001401 10197 100 131072 1120469 28387 2898 4771
0b001b01 0b001c01 10198 100 131072 1129065 19875 2898 7179
0b001501 0b001601 10197 100 131072 1123776 25165 2898 5701
0b001501 0b001601 10198 100 131072 1123786 25156 2898 5717
0b001201 0b001301 10199 100 131072 1137351 11726 2898 4306
0b001801 0b001901 10193 100 131072 1113196 35961 2898 6680
0b001201 0b001b01 10028 100 131072 1141425 7752 6838 5730
0b000b01 0b000c01 10052 100 131072 1146377 2984 2898 3019
0b001b01 0b001401 10028 100 131072 1142413 6981 6838 6219
0b001901 0b001a01 10196 100 131072 1139875 9736 2898 4297
0b001701 0b001001 10192 100 131072 1110950 38856 2898 7639
0b001701 0b001001 10193 100 131072 1111139 38689 2898 5239
0b000c01 0b000d01 10051 100 131072 1146955 2984 2898 1532
0b000801 0b000901 10051 100 131072 1146960 2981 2898 3448
0b001f01 0b001801 10200 100 131072 1132973 17062 2898 7679
0b001101 0b001201 10199 100 131072 1129079 21628 2898 4305
0b001901 0b001a01 10197 100 131072 1140469 10287 2898 6217
0b001201 0b001301 10200 100 131072 1140368 10648 2898 6210
0b001401 0b001501 10199 100 131072 1145831 5487 2898 7652
0b001b01 0b001c01 10199 100 131072 1131393 20188 2898 5739
0b001401 0b001d01 10029 100 131072 1144730 6941 6838 6708
0b001301 0b001401 10198 100 131072 1124177 27501 2898 5251
0b001c01 0b001d01 10195 100 131072 1121868 29832 2898 4780
0b001201 0b001301 10201 100 131072 1141380 10363 2898 5250
0b001701 0b001001 10194 100 131072 1113320 38489 2898 6679
0b001c01 0b001d01 10196 100 131072 1122110 29789 2898 7644
0b001b01 0b001c01 10200 100 131072 1132058 20140 2898 6715
0b000801 0b000901 10052 100 131072 1149608 2981 2898 1112
0b001801 0b001901 10194 100 131072 1116338 36210 2898 4296
0b001801 0b001901 10195 100 131072 1116541 36008 2898 7160
0b001b01 0b001c01 10201 100 131072 1133160 19611 2898 4283
0b001801 0b001901 10196 100 131072 1116630 36162 2898 7176
0b001f01 0b001001 10029 100 131072 1145865 6937 6838 4319
0b001b01 0b001c01 10202 100 131072 1133447 19457 2898 4299
0b001801 0b001901 10197 100 131072 1117095 35918 2898 5240
0b001701 0b001001 10195 100 131072 1114751 38379 2898 4775
0b001e01 0b001f01 10201 100 131072 1143534 9960 2898 6190
0b001801 0b001101 10029 100 131072 1144975 8563 6838 4792
0b001501 0b001601 10199 100 131072 1128768 24797 2898 4789
0b001101 0b001201 10200 100 131072 1135219 18481 2898 7633
0b001101 0b001201 10201 100 131072 1135229 18472 2898 7649
0b001701 0b001001 10196 100 131072 1115590 38135 2898 5255
0b001a01 0b001b01 10197 100 131072 1141232 12499 2898 4298
0b001801 0b001901 10198 100 131072 1118020 35786 2898 6696
0b001d01 0b001e01 10199 100 131072 1142353 11764 2898 6717
0b001601 0b001701 10199 100 131072 1140552 13635 2898 6182
0b001601 0b001701 10200 100 131072 1140562 13626 2898 6198
0b001601 0b001701 10201 100 131072 1140572 13617 2898 6214
0b000201 0b000301 10043 100 131072 1131053 23627 2898 3410
0b000601 0b000701 10043 100 131072 1131054 23627 2898 1494
0b000201 0b000301 10044 100 131072 1131054 23628 2898 2930
0b000601 0b000701 10044 100 131072 1131055 23628 2898 1014
0b000201 0b000301 10045 100 131072 1131055 23629 2898 2450
0b000601 0b000701 10045 100 131072 1131056 23629 2898 534
0b000201 0b000301 10046 100 131072 1131056 23630 2898 1970
0b000601 0b000701 10046 100 131072 1131057 23630 2898 54
0b001001 0b001901 10028 100 131072 1145973 8611 6838 4768
0b000201 0b000301 10047 100 131072 1131266 23635 2898 98
0b000601 0b000701 10047 100 131072 1131266 23636 2898 2022
0b001401 0b001501 10200 100 131072 1147041 7910 2898 7172
0b001c01 0b001d01 10197 100 131072 1125807 29247 2898 7164
0b001b01 0b001c01 10203 100 131072 1141884 13179 2898 5275
0b000201 0b000301 10048 100 131072 1131608 23550 2898 3426
0b000601 0b000701 10048 100 131072 1131608 23551 2898 1510
0b000c01 0b000d01 10052 100 131072 1152371 2984 2898 3036
0b000201 0b000301 10049 100 131072 1131993 23358 2898 114
0b000601 0b000701 10049 100 131072 1131993 23359 2898 2038
0b001801 0b001901 10199 100 131072 1120177 35038 2898 7656
0b000901 0b000a01 10053 100 131072 1152951 2876 2898 3465
0b000d01 0b000e01 10053 100 131072 1152949 2984 2898 1549
0b001501 0b001601 10200 100 131072 1131293 24409 2898 6693
0b001101 0b001201 10202 100 131072 1143405 12541 2898 4785
0b001d01 0b001e01 10200 100 131072 1144403 11697 2898 4781
0b001101 0b001201 10203 100 131072 1144510 11591 2898 6689
0b000201 0b000301 10050 100 131072 1135216 21072 2898 130
0b000601 0b000701 10050 100 131072 1135217 21072 2898 2054
0b000201 0b000301 10051 100 131072 1135373 20917 2898 146
0b000601 0b000701 10051 100 131072 1135373 20918 2898 2070
0b001501 0b001601 10201 100 131072 1132335 24138 2898 5733
0b001701 0b001001 10197 100 131072 1120744 35783 2898 7175
0b001501 0b001601 10202 100 131072 1132512 24094 2898 5253
0b001d01 0b001e01 10201 100 131072 1144909 11742 2898 5261
0b001001 0b001101 10195 100 131072 1143372 13350 2898 7152
0b001b01 0b001c01 10204 100 131072 1152187 4593 2898 5755
0b001a01 0b001b01 10198 100 131072 1141782 15097 2898 6218
0b001a01 0b001b01 10199 100 131072 1141783 15097 2898 7178
0b001801 0b001901 10200 100 131072 1123343 33721 2898 5736
0b001a01 0b001b01 10200 100 131072 1141960 15185 2898 7642
0b001a01 0b001b01 10201 100 131072 1141961 15185 2898 4778
0b001301 0b001401 10199 100 131072 1131294 26190 2898 6707
0b001201 0b001301 10202 100 131072 1149006 8808 2898 4786
0b001c01 0b001501 10029 100 131072 1151289 6852 6838 6716
0b001601 0b001701 10202 100 131072 1144130 14116 2898 4790
0b001501 0b001601 10203 100 131072 1136038 22219 2898 6709
0b001c01 0b001d01 10198 100 131072 1129079 29322 2898 6220
0b001f01 0b001801 10201 100 131072 1141393 17114 2898 6719
0b001601 0b001701 10203 100 131072 1144835 13940 2898 6230
0b001c01 0b001d01 10199 100 131072 1129689 29373 2898 4796
0b001001 0b001101 10196 100 131072 1143724 15618 2898 5232
0b001b01 0b001c01 10205 100 131072 1156741 3035 2898 4315
0b001c01 0b001d01 10200 100 131072 1130416 29423 2898 5740
0b001f01 0b001801 10202 100 131072 1143090 17134 2898 7199
0b001801 0b001901 10201 100 131072 1130665 29572 2898 7192
0b001201 0b001301 10203 100 131072 1150591 9720 2898 7634
0b001001 0b001101 10197 100 131072 1144033 16519 2898 5728
0b001a01 0b001301 10029 100 131072 1151078 9470 6838 5754
0b001201 0b001b01 10029 100 131072 1151362 9557 6838 5746
0b001301 0b001c01 10029 100 131072 1154026 6952 6838 6227
0b001801 0b001901 10202 100 131072 1133066 28052 2898 4312
0b001a01 0b001b01 10202 100 131072 1152621 8750 2898 4314
0b001a01 0b001b01 10203 100 131072 1153766 7804 2898 6234
0b000a01 0b000b01 10053 100 131072 1158837 2876 2898 3482
0b000e01 0b000f01 10053 100 131072 1158943 2876 2898 1566
0b000301 0b000401 10049 100 131072 967539 194426 11234 51
0b000701 0b000001 10049 100 131072 967541 194424 11234 1975
0b000301 0b000401 10050 100 131072 967541 194428 11234 3411
0b000701 0b000001 10050 100 131072 967543 194426 11234 1495
0b000301 0b000401 10051 100 131072 967543 194430 11234 2931
0b000701 0b000001 10051 100 131072 967545 194428 11234 1015
0b000301 0b000401 10052 100 131072 967545 194432 11234 2451
0b000701 0b000001 10052 100 131072 967547 194430 11234 535
0b001201 0b001301 10204 100 131072 1151495 10313 2898 6226
0b001701 0b001001 10198 100 131072 1128448 33474 2898 6695
0b001c01 0b001d01 10201 100 131072 1133374 28789 2898 5276
0b001e01 0b001f01 10202 100 131072 1147587 14584 2898 6206
0b001301 0b001401 10200 100 131072 1136609 25563 2898 5731
0b001901 0b001a01 10198 100 131072 1146769 15446 2898 7641
0b001901 0b001a01 10199 100 131072 1146779 15437 2898 7657
0b001f01 0b001801 10203 100 131072 1145997 16650 2898 4799
0b001001 0b001101 10198 100 131072 1144951 17739 2898 4304
0b001f01 0b001801 10204 100 131072 1146086 16650 2898 5279
0b001101 0b001201 10204 100 131072 1159732 3021 2898 7169
0b001901 0b001a01 10200 100 131072 1147060 15751 2898 4777
0b001e01 0b001f01 10203 100 131072 1147808 15045 2898 6222
0b001701 0b001001 10199 100 131072 1130097 32837 2898 7655
0b001301 0b001401 10201 100 131072 1137586 25357 2898 7187
0b001001 0b001101 10199 100 131072 1145178 17779 2898 7168
0b001001 0b001901 10029 100 131072 1156140 7120 6838 4784
0b001501 0b001601 10204 100 131072 1146396 16966 2898 7653
0b001501 0b001601 10205 100 131072 1146793 16702 2898 5269
0b001701 0b001001 10200 100 131072 1131642 32173 2898 4791
0b001d01 0b001e01 10202 100 131072 1150676 13310 2898 5277
0b001701 0b001001 10201 100 131072 1132303 31821 2898 5271
0b001501 0b001601 10206 100 131072 1149678 14522 2898 6229
0b000701 0b000801 10004 100 131072 1157697 6821 6838 71
0b001401 0b001501 10201 100 131072 1150938 13704 2898 7188
0b000901 0b000201 10010 100 131072 1155599 9279 6838 1129
0b001601 0b001701 10204 100 131072 1151951 12813 2898 5718
0b001601 0b001701 10205 100 131072 1151961 12804 2898 5734
0b001501 0b001601 10207 100 131072 1154328 10491 2898 7669
0b001d01 0b001e01 10203 100 131072 1151339 13549 2898 5741
0b001301 0b001401 10202 100 131072 1140553 24346 2898 4275
0b000301 0b000c01 10004 100 131072 1157696 7413 6838 1987
0b001801 0b001901 10203 100 131072 1145504 19583 2898 7672
0b001e01 0b001f01 10204 100 131072 1149195 15973 2898 4318
0b001f01 0b001801 10205 100 131072 1150430 14755 2898 5743
0b001f01 0b001801 10206 100 131072 1150440 14746 2898 5759
0b001401 0b001501 10202 100 131072 1151335 13924 2898 5732
0b001e01 0b001f01 10205 100 131072 1149365 15892 2898 7198
0b001701 0b001001 10202 100 131072 1135503 29814 2898 6711
0b001901 0b001201 10028 100 131072 1156023 9298 6838 5257
0b001e01 0b001f01 10206 100 131072 1150342 15510 2898 6238
0b001401 0b001501 10203 100 131072 1151866 14098 2898 4788
0b001801 0b001901 10204 100 131072 1149386 16824 2898 5256
0b001401 0b001501 10204 100 131072 1152404 13957 2898 6228
0b001801 0b001901 10205 100 131072 1150157 16186 2898 5272
0b001801 0b001901 10206 100 131072 1150954 15456 2898 6712
0b001101 0b001201 10205 100 131072 1163562 3509 2898 5745
0b001c01 0b001d01 10202 100 131072 1140823 26262 2898 6236
0b001301 0b001401 10203 100 131072 1144161 22983 2898 4291
0b001301 0b001401 10204 100 131072 1144426 22833 2898 4307
0b000b01 0b000c01 10053 100 131072 1164723 2876 2898 3499
0b001401 0b001501 10205 100 131072 1154688 12602 2898 5268
0b001b01 0b001401 10029 100 131072 1159889 7427 6838 6235
0b001201 0b001301 10205 100 131072 1156710 10622 2898 7650
0b001201 0b001301 10206 100 131072 1156720 10613 2898 7666
0b001f01 0b001801 10207 100 131072 1156504 11062 2898 6207
0b000f01 0b000801 10053 100 131072 1164829 2883 2898 1583
0b001d01 0b001e01 10204 100 131072 1154710 12997 2898 4797
0b001d01 0b001e01 10205 100 131072 1154909 12931 2898 7661
0b001b01 0b001c01 10206 100 131072 1159890 8246 2898 7195
0b001201 0b001301 10207 100 131072 1159111 9367 2898 6706
0b001b01 0b001c01 10207 100 131072 1160155 8510 2898 7659
0b001b01 0b001c01 10208 100 131072 1160156 8510 2898 4795
0b001c01 0b001d01 10203 100 131072 1144424 24600 2898 7660
0b001101 0b001a01 10028 100 131072 1162352 6820 6838 5249
0b001101 0b001201 10206 100 131072 1165967 3503 2898 7185
0b001601 0b001701 10206 100 131072 1158712 10795 2898 6710
0b001e01 0b001f01 10207 100 131072 1159110 10618 2898 4798
0b001501 0b001e01 10029 100 131072 1157961 11844 6838 7189
0b001e01 0b001f01 10208 100 131072 1159661 10244 2898 5278
0b001301 0b001401 10205 100 131072 1150337 19653 2898 5747
0b001701 0b001001 10203 100 131072 1146058 23945 2898 7191
0b001601 0b001701 10207 100 131072 1159483 10553 2898 5750
0b001601 0b001701 10208 100 131072 1159616 10443 2898 5270
0b001d01 0b001601 10028 100 131072 1158064 11992 6838 7181
0b000d01 0b000601 10010 100 131072 1158365 11992 6838 3053
0b001301 0b001401 10206 100 131072 1150939 19337 2898 4787
0b000801 0b000901 10053 100 131072 1167528 2883 2898 88
0b000201 0b000301 10052 100 131072 1167888 2921 2898 1138
0b001d01 0b001e01 10206 100 131072 1161411 9508 2898 6237
0b001401 0b001501 10206 100 131072 1165182 5831 2898 5748
0b000c01 0b000d01 10053 100 131072 1168119 3149 2898 2012
0b001501 0b001601 10208 100 131072 1168269 3027 2898 5749
0b001d01 0b001e01 10207 100 131072 1162849 8378 2898 5757
0b001c01 0b001d01 10204 100 131072 1149419 22009 2898 7180
0b001301 0b001401 10207 100 131072 1154753 16753 2898 5267
0b001f01 0b001801 10208 100 131072 1165181 6459 2898 6223
0b001801 0b001901 10207 100 131072 1168195 3539 2898 5752
0b001f01 0b001801 10209 100 131072 1165863 6129 2898 6239
0b001e01 0b001f01 10209 100 131072 1167898 4230 2898 5758
0b001201 0b001301 10208 100 131072 1165763 6506 2898 7186
0b001c01 0b001d01 10205 100 131072 1151950 20664 2898 7196
0b001901 0b001a01 10201 100 131072 1152167 20612 2898 6697
0b001701 0b001001 10204 100 131072 1151778 21086 2898 7671
0b001001 0b001101 10200 100 131072 1152816 20048 2898 7648
0b001001 0b001101 10201 100 131072 1152838 20027 2898 5248
0b001601 0b001f01 10029 100 131072 1166372 6913 6838 7670
0b001301 0b001401 10208 100 131072 1163321 10024 2898 7651
0b001201 0b001301 10209 100 131072 1168331 5019 2898 5266
0b000801 0b000901 10054 100 131072 1170722 2883 2898 1592
0b000c01 0b000d01 10054 100 131072 1170609 3139 2898 3516
0b001c01 0b001d01 10206 100 131072 1154591 19147 2898 5756
0b000701 0b000001 10053 100 131072 1000397 173680 11234 3063
0b001801 0b001901 10208 100 131072 1170576 3521 2898 6216
0b001401 0b001501 10207 100 131072 1167909 6166 2898 4292
0b001c01 0b001d01 10207 100 131072 1155781 18375 2898 4300
0b001c01 0b001d01 10208 100 131072 1155914 18287 2898 4316
0b001a01 0b001b01 10204 100 131072 1165225 9067 2898 7658
0b001a01 0b001b01 10205 100 131072 1165235 9058 2898 7674
0b001001 0b001101 10202 100 131072 1154819 19498 2898 6688
0b001301 0b001401 10209 100 131072 1170342 4568 2898 7667
0b001a01 0b001b01 10206 100 131072 1165821 9087 2898 4794
0b001401 0b001501 10208 100 131072 1170154 4998 2898 4308
0b001001 0b001101 10203 100 131072 1156735 18551 2898 5264
0b001d01 0b001e01 10208 100 131072 1172034 3283 2898 7677
0b001601 0b001701 10209 100 131072 1173066 3007 2898 7190
0b001901 0b001201 10029 100 131072 1169220 6852 6838 5273
0b000901 0b000a01 10054 100 131072 1173421 2883 2898 105
0b000601 0b000701 10052 100 131072 1173367 2924 2898 3062
0b001701 0b001001 10205 100 131072 1157197 18974 2898 6199
0b001701 0b001001 10206 100 131072 1157207 18965 2898 6215
0b001701 0b001001 10207 100 131072 1157217 18956 2898 6231
0b001001 0b001101 10204 100 131072 1159537 16833 2898 7184
0b001c01 0b001d01 10209 100 131072 1171675 4746 2898 7676
0b000d01 0b000e01 10054 100 131072 1174278 3149 2898 2029
0b001801 0b001901 10209 100 131072 1174650 3002 2898 6232
0b001e01 0b001701 10029 100 131072 1170850 6865 6838 7678
0b001a01 0b001b01 10207 100 131072 1172182 5829 2898 5274
0b001001 0b001101 10205 100 131072 1164932 13283 2898 6704
0b001001 0b001101 10206 100 131072 1165944 12426 2898 7664
0b001901 0b001a01 10202 100 131072 1155558 23413 2898 4313
0b001901 0b001a01 10203 100 131072 1155559 23413 2898 7177
0b001701 0b001001 10208 100 131072 1167774 11217 2898 5735
0b001701 0b001001 10209 100 131072 1167784 11209 2898 5751
0b001901 0b001a01 10204 100 131072 1155802 23303 2898 7193
0b001401 0b001501 10209 100 131072 1176355 2982 2898 7668
0b000901 0b000a01 10055 100 131072 1176615 2883 2898 1609
0b001901 0b001a01 10205 100 131072 1156816 23054 2898 6713
0b000d01 0b000e01 10055 100 131072 1176758 3149 2898 3533
0b000401 0b000d01 10004 100 131072 1164987 15078 15174 2468
0b001a01 0b001b01 10208 100 131072 1175789 4207 2898 6714
0b000001 0b000901 10004 100 131072 1164987 15107 15174 544
0b001501 0b001601 10209 100 131072 1177085 2977 2898 4309
0b001d01 0b001e01 10209 100 131072 1177166 2876 2898 4317
0b001101 0b001201 10207 100 131072 1175874 4455 2898 7665
0b001901 0b001a01 10206 100 131072 1157594 22624 2898 4793
0b001b01 0b001c01 10209 100 131072 1177302 2988 2898 7675
0b001901 0b001a01 10207 100 131072 1158225 22184 2898 7673
0b001901 0b001a01 10208 100 131072 1160074 20715 2898 5753
0b001d01 0b001601 10029 100 131072 1174438 6878 6838 7197
0b001101 0b001201 10208 100 131072 1177327 4517 2898 6705
0b000a01 0b000b01 10054 100 131072 1179314 2883 2898 122
0b000301 0b000401 10053 100 131072 1005099 177605 11234 1139
0b001101 0b001a01 10029 100 131072 1175875 6847 6838 5265
0b001901 0b001a01 10209 100 131072 1177107 5742 2898 6233
0b000e01 0b000f01 10054 100 131072 1180437 2886 2898 2046
0b001a01 0b001b01 10209 100 131072 1181982 2915 2898 7194
0b000701 0b000001 10054 100 131072 1003877 181395 11234 1991
0b000301 0b000401 10054 100 131072 1005781 179659 11234 67
0b000d01 0b000e01 10056 100 131072 1183075 2885 2898 2493
0b000901 0b000a01 10056 100 131072 1183104 2876 2898 569
0b001001 0b001101 10207 100 131072 1179181 7085 2898 6208
0b001001 0b001101 10208 100 131072 1179191 7077 2898 6224
0b001001 0b001101 10209 100 131072 1182001 5676 2898 5744
0b000b01 0b000c01 10054 100 131072 1185207 2876 2898 139
0b000001 0b000101 10021 100 131072 721004 467112 11234 128
0b000001 0b000101 10022 100 131072 721343 466777 11234 144
0b000f01 0b000801 10054 100 131072 1186333 2906 2898 2063
0b000a01 0b000301 10011 100 131072 1182508 6820 6838 1626
0b000e01 0b000701 10011 100 131072 1182917 6820 6838 3550
0b000e01 0b000f01 10055 100 131072 1188970 2885 2898 2510
0b000a01 0b000b01 10055 100 131072 1188990 2876 2898 586
0b001101 0b001201 10209 100 131072 1189276 2876 2898 6225
0b000c01 0b000d01 10055 100 131072 1191093 2876 2898 156
0b000801 0b000901 10055 100 131072 1192249 2907 2898 2072
0b000401 0b000501 10021 100 131072 721344 475257 11234 2052
0b000401 0b000501 10022 100 131072 721387 475218 11234 2068
0b000301 0b000401 10055 100 131072 1012144 184510 11234 1619
0b000701 0b000001 10055 100 131072 1015128 181694 11234 3543
0b000101 0b000201 10038 100 131072 1191126 5710 2898 145
0b000101 0b000201 10039 100 131072 1191136 5701 2898 161
0b000001 0b000101 10023 100 131072 729919 467442 11234 2912
0b000001 0b000101 10024 100 131072 729923 467442 11234 2432
0b000001 0b000101 10025 100 131072 729927 467442 11234 1952
0b000001 0b000101 10026 100 131072 729931 467442 11234 1472
0b000401 0b000501 10023 100 131072 729919 467454 11234 3396
0b000001 0b000101 10027 100 131072 729935 467442 11234 992
0b000401 0b000501 10024 100 131072 729923 467454 11234 2916
0b000401 0b000501 10025 100 131072 729931 467450 11234 996
0b000401 0b000501 10026 100 131072 729935 467450 11234 516
0b000401 0b000501 10027 100 131072 730023 467366 11234 36
0b000001 0b000101 10028 100 131072 732407 465182 11234 2928
0b000f01 0b000801 10055 100 131072 1194865 2886 2898 2527
0b000b01 0b000c01 10055 100 131072 1194876 2876 2898 603
0b000401 0b000501 10028 100 131072 732407 465206 11234 1012
0b000001 0b000101 10029 100 131072 735010 462683 11234 160
0b000401 0b000501 10029 100 131072 735012 462713 11234 2084
0b000001 0b000101 10030 100 131072 743166 454947 11234 176
0b000401 0b000501 10030 100 131072 743158 455007 11234 2100
0b000001 0b000101 10031 100 131072 768300 431293 11234 3408
0b000401 0b000501 10031 100 131072 768300 431385 11234 1492
0b000d01 0b000e01 10057 100 131072 1196979 2876 2898 173
0b000901 0b000a01 10057 100 131072 1198166 2908 2898 2089
0b000c01 0b000d01 10056 100 131072 1200762 2876 2898 620
0b000801 0b000901 10056 100 131072 1200761 2887 2898 2536
0b000e01 0b000f01 10056 100 131072 1202865 2876 2898 190
0b000201 0b000301 10053 100 131072 1199846 6045 2898 162
0b000201 0b000301 10054 100 131072 1199856 6036 2898 178
0b000a01 0b000b01 10056 100 131072 1204084 2909 2898 2106
0b000101 0b000a01 10003 100 131072 1200387 6820 6838 1009
0b000501 0b000e01 10003 100 131072 1200387 6820 6838 2933
0b000d01 0b000e01 10058 100 131072 1206648 2876 2898 637
0b000901 0b000a01 10058 100 131072 1206658 2888 2898 2553
0b000301 0b000401 10056 100 131072 1100693 111470 11234 83
0b000701 0b000001 10056 100 131072 1100693 111470 11234 2007
0b000a01 0b000b01 10057 100 131072 1210217 3296 2898 1034
0b000e01 0b000f01 10057 100 131072 1210217 3317 2898 2958
0b000a01 0b000b01 10058 100 131072 1212556 3290 2898 2570
0b000e01 0b000f01 10058 100 131072 1212534 3312 2898 654
0b000b01 0b000c01 10056 100 131072 1216523 3296 2898 1051
0b000f01 0b000801 10056 100 131072 1216544 3317 2898 2975
0b000b01 0b000c01 10057 100 131072 1218856 3296 2898 2587
0b000f01 0b000801 10057 100 131072 1218856 3317 2898 671
0b000101 0b000201 10040 100 131072 1200371 21813 2898 2929
0b000101 0b000201 10041 100 131072 1200375 21811 2898 2449
0b000101 0b000201 10042 100 131072 1200379 21809 2898 1969
0b000101 0b000201 10043 100 131072 1200383 21807 2898 1489
0b000101 0b000201 10044 100 131072 1200599 21763 2898 2945
0b000101 0b000201 10045 100 131072 1200703 21725 2898 177
0b000101 0b000201 10046 100 131072 1201123 21434 2898 193
0b000101 0b000201 10047 100 131072 1202603 20169 2898 3425
0b000301 0b000401 10057 100 131072 1103345 119499 11234 99
0b000701 0b000001 10057 100 131072 1103345 119499 11234 2023
0b000f01 0b000001 10012 100 131072 1208751 15083 15174 207
0b000501 0b000601 10038 100 131072 1199611 24449 2898 2069
0b000501 0b000601 10039 100 131072 1199621 24441 2898 2085
0b000b01 0b000401 10012 100 131072 1210003 15083 15174 2123
0b000c01 0b000d01 10057 100 131072 1222829 2876 2898 1068
0b000801 0b000901 10057 100 131072 1222871 2876 2898 2984
0b000501 0b000601 10040 100 131072 1200383 26767 2898 3413
0b000501 0b000601 10041 100 131072 1200391 26760 2898 1013
0b000501 0b000601 10042 100 131072 1200395 26757 2898 533
0b000501 0b000601 10043 100 131072 1200399 26754 2898 53
0b000501 0b000601 10044 100 131072 1200623 26615 2898 1029
0b000501 0b000601 10045 100 131072 1200735 26547 2898 2101
0b000501 0b000601 10046 100 131072 1201175 26261 2898 2117
0b000501 0b000601 10047 100 131072 1202695 24918 2898 1509
0b000d01 0b000e01 10059 100 131072 1228715 2876 2898 1085
0b000901 0b000a01 10059 100 131072 1228757 2876 2898 3001
0b000c01 0b000501 10012 100 131072 1225162 6820 6838 2604
0b000801 0b000101 10012 100 131072 1225183 6820 6838 680
0b000201 0b000b01 10004 100 131072 1225200 6820 6838 1506
0b000601 0b000f01 10004 100 131072 1230160 6820 6838 3430
0b000e01 0b000f01 10059 100 131072 1234601 2876 2898 1102
0b000a01 0b000b01 10059 100 131072 1234643 2991 2898 3018
0b000b01 0b000c01 10058 100 131072 1235030 2993 2898 1531
0b000501 0b000601 10048 100 131072 1234992 3022 2898 2613
0b000101 0b000201 10048 100 131072 1235013 3006 2898 689
0b000601 0b000701 10053 100 131072 1227070 14397 2898 2086
0b000601 0b000701 10054 100 131072 1227080 14389 2898 2102
0b000b01 0b000c01 10059 100 131072 1240644 2993 2898 3035
0b000c01 0b000d01 10058 100 131072 1241033 2993 2898 1548
0b000001 0b000101 10032 100 131072 827461 417470 11234 2448
0b000001 0b000101 10033 100 131072 827465 417470 11234 1968
0b000001 0b000101 10034 100 131072 827469 417470 11234 1488
0b000001 0b000101 10035 100 131072 827473 417470 11234 1008
0b000201 0b000301 10055 100 131072 1225194 19780 2898 2946
0b000201 0b000301 10056 100 131072 1225196 19780 2898 2466
0b000201 0b000301 10057 100 131072 1225198 19780 2898 1986
0b000f01 0b000801 10058 100 131072 1239990 5144 2898 3455
0b000201 0b000301 10058 100 131072 1225372 19820 2898 2962
0b000201 0b000301 10059 100 131072 1225438 19841 2898 194
0b000201 0b000301 10060 100 131072 1225567 19778 2898 210
0b000201 0b000301 10061 100 131072 1225782 19650 2898 3442
0b000f01 0b000801 10059 100 131072 1240487 5132 2898 1119
0b000201 0b000301 10062 100 131072 1241029 6572 2898 706
0b000c01 0b000d01 10059 100 131072 1246647 2993 2898 3052
0b000d01 0b000e01 10060 100 131072 1247036 2993 2898 1565
0b000801 0b000901 10058 100 131072 1248144 5144 2898 3464
0b000801 0b000901 10059 100 131072 1248629 5144 2898 1128
0b000401 0b000501 10032 100 131072 827461 426222 11234 3412
0b000401 0b000501 10033 100 131072 827465 426222 11234 2932
0b000601 0b000701 10055 100 131072 1230161 23548 2898 1030
0b000601 0b000701 10056 100 131072 1230162 23549 2898 550
0b000601 0b000701 10057 100 131072 1230163 23550 2898 70
0b000401 0b000501 10034 100 131072 827473 426302 11234 532
0b000401 0b000501 10035 100 131072 827477 426302 11234 52
0b000601 0b000701 10058 100 131072 1230248 23573 2898 1046
0b000601 0b000701 10059 100 131072 1230292 23531 2898 2118
0b000601 0b000701 10060 100 131072 1230446 23443 2898 2134
0b000601 0b000701 10061 100 131072 1230623 23310 2898 1526
0b000101 0b000a01 10004 100 131072 1247953 6820 6838 1025
0b000301 0b000c01 10005 100 131072 1247988 6820 6838 2003
0b000601 0b000701 10062 100 131072 1241024 14058 2898 2630
0b000e01 0b000f01 10060 100 131072 1253039 2876 2898 1582
0b000001 0b000101 10036 100 131072 830037 426378 11234 2464
0b000101 0b000201 10049 100 131072 1247941 8494 2898 2465
0b000101 0b000201 10050 100 131072 1247945 8491 2898 1985
0b000101 0b000201 10051 100 131072 1247949 8488 2898 1505
0b000901 0b000a01 10060 100 131072 1256298 2945 2898 3481
0b000d01 0b000601 10011 100 131072 1252650 6820 6838 3069
0b000c01 0b000d01 10060 100 131072 1257818 2876 2898 2028
0b000a01 0b000b01 10060 100 131072 1257783 2941 2898 1050
0b000f01 0b000801 10060 100 131072 1258925 2876 2898 1599
0b000101 0b000201 10052 100 131072 1259425 3017 2898 2481
0b000501 0b000e01 10004 100 131072 1256697 6820 6838 2949
0b000901 0b000201 10011 100 131072 1256783 6849 6838 1145
0b000701 0b000801 10005 100 131072 1256723 6820 6838 87
0b000501 0b000601 10049 100 131072 1256693 8392 2898 3429
0b000a01 0b000b01 10061 100 131072 1262253 2941 2898 3498
0b000201 0b000301 10063 100 131072 1259445 5800 2898 2482
0b000201 0b000301 10064 100 131072 1259446 5800 2898 2002
0b000401 0b000501 10036 100 131072 830037 435214 11234 548
0b000501 0b000601 10050 100 131072 1256785 8476 2898 549
0b000501 0b000601 10051 100 131072 1256789 8473 2898 69
0b000601 0b000701 10063 100 131072 1262480 3011 2898 3078
0b000201 0b000b01 10005 100 131072 1259447 6924 6838 1522
0b000d01 0b000e01 10061 100 131072 1263704 2896 2898 2045
0b000b01 0b000c01 10060 100 131072 1263734 2941 2898 1067
0b000801 0b000901 10060 100 131072 1264811 3905 2898 1608
0b000e01 0b000f01 10061 100 131072 1266527 2877 2898 2974
0b000201 0b000301 10065 100 131072 1265452 4508 2898 2498
0b000801 0b000901 10061 100 131072 1266553 3887 2898 104
0b000201 0b000301 10066 100 131072 1266642 4509 2898 1154
0b000501 0b000601 10052 100 131072 1268261 3007 2898 565
0b000e01 0b000f01 10062 100 131072 1269610 2878 2898 2062
0b000b01 0b000c01 10061 100 131072 1268204 4577 2898 3515
0b000c01 0b000d01 10061 100 131072 1269685 3155 2898 1084
0b000b01 0b000c01 10062 100 131072 1269381 4584 2898 1547
0b000601 0b000701 10064 100 131072 1268271 5799 2898 566
0b000601 0b000701 10065 100 131072 1268272 5799 2898 86
0b000601 0b000f01 10005 100 131072 1268095 6820 6838 3446
0b000301 0b000c01 10006 100 131072 1268256 6820 6838 2019
0b000f01 0b000801 10061 100 131072 1272414 2878 2898 2991
0b000901 0b000a01 10061 100 131072 1271726 3905 2898 1625
0b000601 0b000701 10066 100 131072 1274278 2911 2898 582
0b000901 0b000a01 10062 100 131072 1273450 3905 2898 121
0b000f01 0b000801 10062 100 131072 1275498 3230 2898 2079
0b000d01 0b000e01 10062 100 131072 1275850 3147 2898 1101
0b000f01 0b000801 10063 100 131072 1277925 3321 2898 3471
0b000801 0b000901 10062 100 131072 1278302 3007 2898 3000
0b000c01 0b000d01 10062 100 131072 1275791 5612 2898 3532
0b000a01 0b000b01 10062 100 131072 1280365 2876 2898 138
0b000701 0b000801 10006 100 131072 1277081 6820 6838 103
0b000c01 0b000d01 10063 100 131072 1276975 6782 2898 1564
0b000c01 0b000d01 10064 100 131072 1278086 6219 2898 2044
0b000801 0b000901 10063 100 131072 1281738 3161 2898 2088
0b000e01 0b000f01 10063 100 131072 1282007 2917 2898 1118
0b000a01 0b000301 10012 100 131072 1278641 6820 6838 1642
0b000901 0b000a01 10063 100 131072 1284319 3147 2898 3017
0b000d01 0b000e01 10063 100 131072 1284413 3421 2898 3549
0b000801 0b000901 10064 100 131072 1284256 3579 2898 3480
0b000b01 0b000c01 10063 100 131072 1286251 2876 2898 155
0b000001 0b000101 10037 100 131072 835857 453694 11234 2944
0b000801 0b000901 10065 100 131072 1286911 3575 2898 120
0b000f01 0b000801 10064 100 131072 1287934 2984 2898 1135
0b000901 0b000a01 10064 100 131072 1287909 3015 2898 2105
0b000d01 0b000e01 10064 100 131072 1286767 5794 2898 1581
0b000d01 0b000e01 10065 100 131072 1287315 5533 2898 2061
0b000a01 0b000b01 10063 100 131072 1290476 3141 2898 3034
0b000901 0b000a01 10065 100 131072 1290845 3099 2898 3497
0b000c01 0b000d01 10065 100 131072 1292137 2907 2898 172
0b000101 0b000201 10053 100 131072 1292561 2908 2898 2961
0b000901 0b000a01 10066 100 131072 1293496 3359 2898 137
0b000801 0b000901 10066 100 131072 1293928 3002 2898 1144
0b000a01 0b000b01 10064 100 131072 1293934 3009 2898 2122
0b000401 0b000501 10037 100 131072 835857 462110 11234 1028
0b000e01 0b000701 10012 100 131072 1290844 6820 6838 3566
0b000b01 0b000c01 10064 100 131072 1296627 3122 2898 3051
0b000001 0b000101 10038 100 131072 839209 460630 11234 2480
0b000a01 0b000b01 10065 100 131072 1296954 2996 2898 3514
0b000e01 0b000f01 10064 100 131072 1295571 5480 2898 1598
0b000d01 0b000e01 10066 100 131072 1298054 3015 2898 189
0b000e01 0b000f01 10065 100 131072 1295858 5474 2898 2078
0b000201 0b000301 10067 100 131072 1298479 2909 2898 2978
0b000a01 0b000b01 10066 100 131072 1299865 2876 2898 154
0b000501 0b000601 10053 100 131072 1300977 2908 2898 1045
0b000101 0b000201 10054 100 131072 1302849 2908 2898 2497
0b000c01 0b000d01 10066 100 131072 1302759 3127 2898 3068
0b000b01 0b000c01 10065 100 131072 1302960 3001 2898 3531
0b000901 0b000201 10012 100 131072 1299940 6820 6838 1161
0b000e01 0b000f01 10066 100 131072 1304079 3000 2898 206
0b000401 0b000501 10038 100 131072 839209 469466 11234 564
0b000b01 0b000c01 10066 100 131072 1305751 2963 2898 171
0b000f01 0b000801 10065 100 131072 1304061 5507 2898 1615
0b000601 0b000701 10067 100 131072 1306895 2908 2898 1062
0b000f01 0b000801 10066 100 131072 1304342 5480 2898 2095
0b000701 0b000001 10058 100 131072 1157691 152645 11234 1511
0b000701 0b000001 10059 100 131072 1157693 152647 11234 1031
0b000701 0b000001 10060 100 131072 1157695 152649 11234 551
0b000701 0b000001 10061 100 131072 1157912 153672 11234 2039
0b000c01 0b000d01 10067 100 131072 1308971 2876 2898 3548
0b000701 0b000001 10062 100 131072 1158169 154651 11234 1527
0b000301 0b000401 10058 100 131072 1157690 155270 11234 3427
0b000301 0b000401 10059 100 131072 1157692 155269 11234 2947
0b000301 0b000401 10060 100 131072 1157694 155268 11234 2467
0b000701 0b000001 10063 100 131072 1158362 155091 11234 2055
0b000201 0b000301 10068 100 131072 1308767 4694 2898 2514
0b000301 0b000401 10061 100 131072 1157911 156502 11234 115
0b000201 0b000301 10069 100 131072 1309770 4693 2898 1170
0b000c01 0b000d01 10068 100 131072 1311724 2876 2898 188
0b000501 0b000601 10054 100 131072 1311685 2913 2898 581
0b000b01 0b000401 10013 100 131072 1299953 15083 15174 2139
0b000701 0b000001 10064 100 131072 1159299 156006 11234 2071
0b000701 0b000001 10065 100 131072 1159309 156000 11234 2087
0b000301 0b000401 10062 100 131072 1158168 157569 11234 3443
0b000d01 0b000601 10012 100 131072 1308896 6820 6838 3085
0b000301 0b000401 10063 100 131072 1158361 158000 11234 131
0b000d01 0b000e01 10067 100 131072 1314857 2876 2898 3565
0b000801 0b000901 10067 100 131072 1312578 5375 2898 1624
0b000801 0b000901 10068 100 131072 1312832 5375 2898 2104
0b000301 0b000401 10064 100 131072 1159298 158915 11234 147
0b000301 0b000401 10065 100 131072 1159308 158909 11234 163
0b000d01 0b000e01 10068 100 131072 1317610 2876 2898 205
0b000601 0b000701 10068 100 131072 1317608 4566 2898 598
0b000601 0b000701 10069 100 131072 1318726 4576 2898 3094
0b000f01 0b000001 10013 100 131072 1310089 15205 15174 223
0b000701 0b000001 10066 100 131072 1179301 146161 11234 3079
0b000301 0b000401 10066 100 131072 1173819 151718 11234 1155
0b000001 0b000101 10039 100 131072 850321 475283 11234 3424
0b000401 0b000501 10039 100 131072 850233 475467 11234 1508
0b000001 0b000101 10040 100 131072 854733 471115 11234 2960
0b000901 0b000a01 10067 100 131072 1320963 5375 2898 1641
0b000e01 0b000f01 10067 100 131072 1323496 2876 2898 222
0b000901 0b000a01 10068 100 131072 1321217 5375 2898 2121
0b000e01 0b000701 10013 100 131072 1320743 6850 6838 3582
0b000001 0b000901 10005 100 131072 1313354 15550 15174 560
0b000401 0b000d01 10005 100 131072 1315972 15078 15174 2484
0b000501 0b000601 10055 100 131072 1328710 2918 2898 1525
0b000a01 0b000b01 10067 100 131072 1329602 2933 2898 2138
0b000401 0b000501 10040 100 131072 854645 479027 11234 1044
0b000101 0b000201 10055 100 131072 1328614 5477 2898 3441
0b000101 0b000201 10056 100 131072 1328858 5448 2898 2977
0b000901 0b000a01 10069 100 131072 1331914 2901 2898 585
0b000a01 0b000301 10013 100 131072 1329348 6820 6838 1658
0b000d01 0b000e01 10069 100 131072 1334060 2876 2898 2509
0b000301 0b000401 10067 100 131072 1192338 144740 11234 1635
0b000701 0b000001 10067 100 131072 1192747 144364 11234 3559
0b000001 0b000101 10041 100 131072 863079 474134 11234 2496
0b000401 0b000501 10041 100 131072 863079 474234 11234 580
0b000601 0b000701 10070 100 131072 1334638 2952 2898 1542
0b000001 0b000101 10042 100 131072 874452 463461 11234 3440
0b000001 0b000101 10043 100 131072 887677 450952 11234 2976
0b000001 0b000101 10044 100 131072 896937 442176 11234 2512
0b000501 0b000601 10056 100 131072 1336682 2915 2898 1061
0b000a01 0b000b01 10068 100 131072 1337825 2876 2898 602
0b000e01 0b000f01 10068 100 131072 1339946 2876 2898 2526
0b000201 0b000301 10070 100 131072 1337101 5612 2898 3458
0b000201 0b000301 10071 100 131072 1337316 5618 2898 2994
0b000501 0b000601 10057 100 131072 1340323 2930 2898 597
0b000f01 0b000001 10014 100 131072 1329382 15083 15174 239
0b000601 0b000701 10071 100 131072 1342607 2930 2898 1078
0b000b01 0b000c01 10067 100 131072 1343711 2876 2898 619
0b000f01 0b000801 10067 100 131072 1345832 2876 2898 2543
0b000101 0b000201 10057 100 131072 1340223 8372 2898 2513
0b000601 0b000701 10072 100 131072 1346263 2909 2898 614
0b000b01 0b000401 10014 100 131072 1335545 15083 15174 2155
0b000101 0b000201 10058 100 131072 1340923 9690 2898 3457
0b000101 0b000201 10059 100 131072 1341639 9695 2898 2993
0b000101 0b000201 10060 100 131072 1342123 9361 2898 2529
0b000c01 0b000d01 10069 100 131072 1349597 2876 2898 636
0b000801 0b000901 10069 100 131072 1351718 2876 2898 2552
0b000201 0b000301 10072 100 131072 1351605 4375 2898 2530
0b000d01 0b000e01 10070 100 131072 1355483 2876 2898 653
0b000401 0b000501 10042 100 131072 874452 485591 11234 1524
0b000301 0b000401 10068 100 131072 1208901 151193 11234 179
0b000301 0b000401 10069 100 131072 1208911 151184 11234 195
0b000901 0b000a01 10070 100 131072 1357604 2876 2898 2569
0b000401 0b000501 10043 100 131072 888293 472470 11234 1060
0b000401 0b000501 10044 100 131072 897021 464226 11234 596
0b000701 0b000001 10068 100 131072 1244477 117182 11234 2103
0b000701 0b000001 10069 100 131072 1244487 117176 11234 2119
0b000001 0b000101 10045 100 131072 911866 449973 11234 3456
0b000201 0b000301 10073 100 131072 1353623 8462 2898 3474
0b000201 0b000301 10074 100 131072 1354344 8465 2898 3010
0b000201 0b000301 10075 100 131072 1354494 8360 2898 2546
0b000e01 0b000f01 10069 100 131072 1361369 2876 2898 670
0b000a01 0b000b01 10069 100 131072 1363490 2876 2898 2586
0b000101 0b000201 10061 100 131072 1364849 2907 2898 3473
0b000501 0b000601 10058 100 131072 1363053 6841 2898 1541
0b000f01 0b000801 10068 100 131072 1367255 2876 2898 687
0b000501 0b000601 10059 100 131072 1363773 7533 2898 1077
0b000501 0b000601 10060 100 131072 1364257 7272 2898 613
0b000b01 0b000c01 10068 100 131072 1369376 2876 2898 2603
0b000201 0b000301 10076 100 131072 1370766 2909 2898 3490
0b000601 0b000701 10073 100 131072 1372904 5522 2898 1558
0b000801 0b000101 10013 100 131072 1373141 6820 6838 696
0b000601 0b000701 10074 100 131072 1374316 6959 2898 1094
0b000601 0b000701 10075 100 131072 1374539 6844 2898 630
0b000c01 0b000501 10013 100 131072 1375262 6820 6838 2620
0b000101 0b000201 10062 100 131072 1382971 2908 2898 705
0b000501 0b000601 10061 100 131072 1385092 2907 2898 2629
0b000001 0b000101 10046 100 131072 919422 471317 11234 2992
0b000201 0b000301 10077 100 131072 1388889 2908 2898 722
0b000601 0b000701 10076 100 131072 1391009 2909 2898 2646
0b000101 0b000201 10063 100 131072 1393749 2907 2898 3009
0b000201 0b000301 10078 100 131072 1399666 2909 2898 3026
0b000401 0b000501 10045 100 131072 911570 494141 11234 1540
0b000501 0b000601 10062 100 131072 1408721 2914 2898 1557
0b000601 0b000701 10077 100 131072 1414645 2908 2898 1574
0b000401 0b000501 10046 100 131072 919422 514937 11234 1076
0b000301 0b000401 10070 100 131072 1247984 187204 11234 2963
0b000301 0b000401 10071 100 131072 1247986 187290 11234 2483
0b000001 0b000101 10047 100 131072 930618 506697 11234 2528
0b000301 0b000401 10072 100 131072 1248202 189203 11234 2979
0b000301 0b000401 10073 100 131072 1248289 189472 11234 211
0b000301 0b000401 10074 100 131072 1248355 189590 11234 227
0b000301 0b000401 10075 100 131072 1248442 189591 11234 3459
0b000301 0b000401 10076 100 131072 1250611 188926 11234 723
0b000501 0b000601 10063 100 131072 1437369 2907 2898 1093
0b000701 0b000001 10070 100 131072 1256719 185422 11234 1047
0b000701 0b000001 10071 100 131072 1256721 185424 11234 567
0b000101 0b000201 10064 100 131072 1440325 2907 2898 2545
0b000701 0b000001 10072 100 131072 1256831 186570 11234 1063
0b000701 0b000001 10073 100 131072 1256833 186569 11234 2135
0b000701 0b000001 10074 100 131072 1256899 186950 11234 2151
0b000701 0b000001 10075 100 131072 1256943 186907 11234 1543
0b000701 0b000001 10076 100 131072 1258092 188056 11234 2647
0b000601 0b000701 10078 100 131072 1443286 2912 2898 1110
0b000201 0b000301 10079 100 131072 1446242 2908 2898 2562
0b000301 0b000401 10077 100 131072 1268255 182487 11234 2499
0b000401 0b000d01 10006 100 131072 1438286 15078 15174 2500
0b000d01 0b000e01 10071 100 131072 1456374 2876 2898 2525
0b000701 0b000001 10077 100 131072 1268501 191129 11234 3095
0b000001 0b000901 10006 100 131072 1445155 15078 15174 576
0b000e01 0b000f01 10070 100 131072 1462260 2876 2898 2542
0b000901 0b000a01 10071 100 131072 1463243 2876 2898 601
0b000701 0b000001 10078 100 131072 1277080 190926 11234 583
0b000301 0b000401 10078 100 131072 1272970 195316 11234 2515
0b000401 0b000d01 10007 100 131072 1453782 15078 15174 2516
0b000f01 0b000801 10069 100 131072 1468146 2876 2898 2559
0b000401 0b000501 10047 100 131072 930618 541326 11234 612
0b000a01 0b000b01 10070 100 131072 1469129 2876 2898 618
0b000301 0b000401 10079 100 131072 1274161 198889 11234 1171
0b000701 0b000001 10079 100 131072 1280199 193187 11234 599
0b000001 0b000101 10048 100 131072 951247 522442 11234 3008
0b000001 0b000101 10049 100 131072 953187 520606 11234 3472
0b000d01 0b000e01 10072 100 131072 1471870 2876 2898 2541
0b000801 0b000901 10070 100 131072 1474032 2876 2898 2568
0b000b01 0b000c01 10069 100 131072 1475015 2876 2898 635
0b000501 0b000601 10064 100 131072 1474954 2908 2898 629
0b000e01 0b000f01 10071 100 131072 1477756 2876 2898 2558
0b000101 0b000201 10065 100 131072 1476699 5605 2898 3025
0b000101 0b000201 10066 100 131072 1476803 5588 2898 3489
0b000901 0b000a01 10072 100 131072 1479918 2876 2898 2585
0b000c01 0b000d01 10070 100 131072 1480901 2876 2898 652
0b000601 0b000701 10079 100 131072 1480872 2908 2898 646
0b000301 0b000401 10080 100 131072 1288471 196195 11234 1651
0b000401 0b000501 10048 100 131072 952039 532771 11234 1092
0b000401 0b000501 10049 100 131072 953187 531727 11234 1556
0b000701 0b000001 10080 100 131072 1300674 184580 11234 3575
0b000001 0b000101 10050 100 131072 969496 515890 11234 3488
0b000401 0b000d01 10008 100 131072 1471326 15078 15174 2532
0b000f01 0b000801 10070 100 131072 1483642 2876 2898 2575
0b000001 0b000101 10051 100 131072 975672 511414 11234 2544
0b000a01 0b000b01 10071 100 131072 1485804 2876 2898 2602
0b000d01 0b000e01 10073 100 131072 1486787 3002 2898 669
0b000201 0b000301 10080 100 131072 1485314 5748 2898 3042
0b000201 0b000301 10081 100 131072 1485401 5750 2898 3506
0b000001 0b000901 10007 100 131072 1471046 20706 15174 592
0b000801 0b000901 10071 100 131072 1489528 2876 2898 2584
0b000d01 0b000e01 10074 100 131072 1489414 3002 2898 2557
0b000101 0b000201 10067 100 131072 1488396 4069 2898 3505
0b000501 0b000601 10065 100 131072 1487820 5608 2898 1109
0b000501 0b000601 10066 100 131072 1487924 5591 2898 1573
0b000101 0b000201 10068 100 131072 1490096 4051 2898 2561
0b000b01 0b000c01 10070 100 131072 1491690 2876 2898 2619
0b000e01 0b000f01 10072 100 131072 1492799 3002 2898 686
0b000301 0b000401 10081 100 131072 1304398 192020 11234 2995
0b000401 0b000501 10050 100 131072 968968 527539 11234 1572
0b000401 0b000501 10051 100 131072 975672 521023 11234 628
0b000701 0b000001 10081 100 131072 1312813 184016 11234 1079
0b000001 0b000901 10008 100 131072 1476426 20711 15174 608
0b000001 0b000101 10052 100 131072 987120 511119 11234 3024
0b000e01 0b000f01 10073 100 131072 1495426 3002 2898 2574
0b000201 0b000301 10082 100 131072 1495475 4006 2898 3522
0b000901 0b000a01 10073 100 131072 1494762 4976 2898 617
0b000901 0b000a01 10074 100 131072 1495414 5103 2898 2601
0b000201 0b000301 10083 100 131072 1497157 4007 2898 2578
0b000f01 0b000801 10071 100 131072 1498811 3002 2898 703
0b000601 0b000701 10080 100 131072 1496438 5745 2898 1126
0b000601 0b000701 10081 100 131072 1496525 5747 2898 1590
0b000901 0b000a01 10075 100 131072 1500147 3006 2898 633
0b000101 0b000201 10069 100 131072 1501249 2907 2898 3041
0b000c01 0b000501 10014 100 131072 1497576 6820 6838 2636
0b000f01 0b000801 10072 100 131072 1501438 3002 2898 2591
0b000501 0b000601 10067 100 131072 1499517 5598 2898 1589
0b000501 0b000601 10068 100 131072 1499705 5563 2898 645
0b000a01 0b000b01 10072 100 131072 1502748 5582 2898 634
0b000a01 0b000b01 10073 100 131072 1503527 6317 2898 2618
0b000201 0b000301 10084 100 131072 1507166 2909 2898 3058
0b000801 0b000901 10072 100 131072 1507450 2876 2898 2600
0b000501 0b000601 10069 100 131072 1507406 2993 2898 2645
0b000a01 0b000b01 10074 100 131072 1506163 4985 2898 650
0b000801 0b000101 10014 100 131072 1504823 6820 6838 712
0b000601 0b000701 10082 100 131072 1508125 5747 2898 1606
0b000601 0b000701 10083 100 131072 1508278 5851 2898 662
0b000701 0b000001 10082 100 131072 1325184 189851 11234 615
0b000301 0b000401 10082 100 131072 1316471 198612 11234 2531
0b000b01 0b000c01 10071 100 131072 1511340 4703 2898 651
0b000901 0b000a01 10076 100 131072 1513336 2876 2898 2617
0b000601 0b000701 10084 100 131072 1513409 3272 2898 2662
0b000101 0b000201 10070 100 131072 1514653 2907 2898 721
0b000b01 0b000c01 10072 100 131072 1512854 6215 2898 2635
0b000301 0b000401 10083 100 131072 1317473 201666 11234 1187
0b000401 0b000501 10052 100 131072 987120 532177 11234 1108
0b000b01 0b000c01 10073 100 131072 1514158 5619 2898 667
0b000701 0b000001 10083 100 131072 1326312 193603 11234 3111
0b000c01 0b000d01 10071 100 131072 1519053 2907 2898 668
0b000a01 0b000b01 10075 100 131072 1519222 2898 2898 2634
0b000201 0b000301 10085 100 131072 1520570 2909 2898 738
0b000501 0b000601 10070 100 131072 1522307 2907 2898 1125
0b000c01 0b000d01 10072 100 131072 1522787 2942 2898 684
0b000d01 0b000e01 10075 100 131072 1524970 2908 2898 685
0b000b01 0b000c01 10074 100 131072 1525130 2900 2898 2651
0b000c01 0b000501 10015 100 131072 1522079 7492 6838 2652
0b000001 0b000101 10053 100 131072 998412 532250 11234 2560
0b000701 0b000001 10084 100 131072 1330603 200123 11234 3591
0b000301 0b000401 10084 100 131072 1339178 191838 11234 1667
0b000401 0b000501 10053 100 131072 1004004 527038 11234 644
0b000601 0b000701 10085 100 131072 1528254 2904 2898 1142
0b000d01 0b000e01 10076 100 131072 1528739 2906 2898 701
0b000001 0b000901 10009 100 131072 1518075 15078 15174 624
0b000401 0b000d01 10009 100 131072 1518123 15078 15174 2548
0b000e01 0b000f01 10074 100 131072 1530888 2910 2898 702
0b000101 0b000201 10071 100 131072 1533672 2927 2898 2577
0b000501 0b000601 10071 100 131072 1532581 4204 2898 2661
0b000e01 0b000f01 10075 100 131072 1534655 3011 2898 718
0b000c01 0b000501 10016 100 131072 1531040 6820 6838 2668
0b000501 0b000601 10072 100 131072 1534082 4192 2898 661
0b000901 0b000a01 10077 100 131072 1536163 2876 2898 649
0b000d01 0b000e01 10077 100 131072 1536211 2937 2898 2573
0b000f01 0b000801 10073 100 131072 1536808 2910 2898 719
0b000701 0b000001 10085 100 131072 1340600 201552 11234 1559
0b000201 0b000301 10086 100 131072 1539639 2908 2898 2594
0b000f01 0b000801 10074 100 131072 1540676 3003 2898 735
0b000501 0b000601 10073 100 131072 1540900 3014 2898 2677
0b000601 0b000701 10086 100 131072 1539825 4290 2898 2678
0b000a01 0b000b01 10076 100 131072 1542049 2876 2898 666
0b000e01 0b000f01 10076 100 131072 1542158 2940 2898 2590
0b000601 0b000701 10087 100 131072 1541314 4291 2898 678
0b000801 0b000101 10015 100 131072 1542728 6820 6838 728
0b000601 0b000701 10088 100 131072 1546954 2919 2898 2694
0b000b01 0b000c01 10075 100 131072 1547935 2876 2898 683
0b000f01 0b000801 10075 100 131072 1548108 2876 2898 2607
0b000301 0b000401 10085 100 131072 1345723 206912 11234 3475
0b000801 0b000101 10016 100 131072 1546689 6820 6838 744
0b000301 0b000401 10086 100 131072 1345944 207575 11234 3011
0b000701 0b000001 10086 100 131072 1348547 204972 11234 1095
0b000401 0b000501 10054 100 131072 1020726 532954 11234 1588
0b000101 0b000201 10072 100 131072 1552558 2919 2898 737
0b000c01 0b000d01 10073 100 131072 1553851 2876 2898 700
0b000801 0b000901 10073 100 131072 1554024 2876 2898 2616
0b000101 0b000201 10073 100 131072 1556549 2944 2898 753
0b000501 0b000601 10074 100 131072 1556720 2907 2898 1605
0b000201 0b000301 10087 100 131072 1558517 2940 2898 754
0b000d01 0b000e01 10078 100 131072 1559737 2876 2898 717
0b000901 0b000a01 10078 100 131072 1559910 2876 2898 2633
0b000701 0b000001 10087 100 131072 1352182 212491 11234 631
0b000301 0b000401 10087 100 131072 1358990 206016 11234 2547
0b000201 0b000301 10088 100 131072 1562533 2919 2898 770
0b000601 0b000701 10089 100 131072 1562667 2900 2898 1622
0b000001 0b000101 10054 100 131072 1040165 525420 11234 192
0b000001 0b000101 10055 100 131072 1041668 524049 11234 3504
0b000e01 0b000f01 10077 100 131072 1565623 2876 2898 734
0b000a01 0b000b01 10077 100 131072 1565796 2876 2898 2650
0b000101 0b000201 10074 100 131072 1568625 5572 2898 209
0b000101 0b000201 10075 100 131072 1568757 5560 2898 3521
0b000f01 0b000801 10076 100 131072 1571509 2876 2898 751
0b000b01 0b000c01 10076 100 131072 1571682 2876 2898 2667
0b000701 0b000001 10088 100 131072 1381436 195567 11234 1575
0b000001 0b000101 10056 100 131072 1046265 535505 11234 3520
0b000201 0b000301 10089 100 131072 1577237 5586 2898 226
0b000201 0b000301 10090 100 131072 1577357 5574 2898 3538
0b000001 0b000901 10010 100 131072 1567713 15403 15174 640
0b000401 0b000d01 10010 100 131072 1568046 15453 15174 2564
0b000801 0b000101 10017 100 131072 1577425 7158 6838 760
0b000c01 0b000501 10017 100 131072 1577598 7200 6838 2684
0b000101 0b000201 10076 100 131072 1584810 2907 2898 3537
0b000901 0b000a01 10079 100 131072 1586126 2876 2898 665
0b000d01 0b000e01 10079 100 131072 1586509 2876 2898 2589
0b000101 0b000201 10077 100 131072 1587623 2907 2898 769
0b000501 0b000601 10075 100 131072 1587838 2907 2898 2693
0b000001 0b000101 10057 100 131072 1049265 543213 11234 3040
0b000301 0b000401 10088 100 131072 1365095 227583 11234 3491
0b000201 0b000301 10091 100 131072 1590757 2909 2898 3554
0b000a01 0b000b01 10078 100 131072 1592012 2876 2898 682
0b000e01 0b000f01 10078 100 131072 1592395 2876 2898 2606
0b000201 0b000301 10092 100 131072 1593570 2944 2898 786
0b000601 0b000701 10090 100 131072 1593785 2908 2898 2710
0b000101 0b000201 10078 100 131072 1595518 2923 2898 3057
0b000301 0b000401 10089 100 131072 1365819 232644 11234 3027
0b000401 0b000501 10055 100 131072 1035847 562641 11234 1604
0b000301 0b000401 10090 100 131072 1365864 232691 11234 2563
0b000701 0b000001 10089 100 131072 1384285 214582 11234 1111
0b000701 0b000001 10090 100 131072 1384393 214918 11234 647
0b000b01 0b000c01 10077 100 131072 1597928 2876 2898 699
0b000f01 0b000801 10077 100 131072 1598311 2876 2898 2623
0b000201 0b000301 10093 100 131072 1601481 2908 2898 3074
0b000501 0b000601 10076 100 131072 1601528 2907 2898 1621
0b000c01 0b000d01 10074 100 131072 1603844 2876 2898 716
0b000801 0b000901 10074 100 131072 1604227 2876 2898 2632
0b000301 0b000401 10091 100 131072 1376685 233150 11234 3507
0b000401 0b000501 10056 100 131072 1042396 567481 11234 2116
0b000401 0b000501 10057 100 131072 1044509 565492 11234 1124
0b000401 0b000501 10058 100 131072 1051653 558584 11234 1140
0b000601 0b000701 10091 100 131072 1607475 2908 2898 1638
0b000001 0b000101 10058 100 131072 1060826 549903 11234 3056
0b000701 0b000001 10091 100 131072 1396928 213831 11234 2663
0b000001 0b000101 10059 100 131072 1067442 543515 11234 3536
0b000001 0b000101 10060 100 131072 1076522 534871 11234 2576
0b000001 0b000101 10061 100 131072 1076532 534865 11234 2592
0b000d01 0b000e01 10080 100 131072 1609730 2876 2898 733
0b000901 0b000a01 10080 100 131072 1610113 2876 2898 2649
0b000401 0b000d01 10011 100 131072 1601595 15078 15174 2580
0b000001 0b000901 10011 100 131072 1602351 15078 15174 656
0b000e01 0b000f01 10079 100 131072 1615616 2876 2898 750
0b000a01 0b000b01 10079 100 131072 1615999 2876 2898 2666
0b000501 0b000601 10077 100 131072 1612917 8154 2898 2133
0b000501 0b000601 10078 100 131072 1613041 8244 2898 1141
0b000501 0b000601 10079 100 131072 1613277 8116 2898 1157
0b000401 0b000501 10059 100 131072 1060042 561660 11234 1620
0b000301 0b000401 10092 100 131072 1394807 226896 11234 739
0b000d01 0b000e01 10081 100 131072 1619683 2876 2898 2605
0b000001 0b000101 10062 100 131072 1088403 534411 11234 2608
0b000701 0b000001 10092 100 131072 1420593 202286 11234 1591
0b000901 0b000a01 10081 100 131072 1620439 2876 2898 681
0b000001 0b000101 10063 100 131072 1102598 520796 11234 2624
0b000001 0b000101 10064 100 131072 1118019 505859 11234 2640
0b000101 0b000201 10079 100 131072 1613769 10172 2898 3073
0b000f01 0b000801 10078 100 131072 1621532 2876 2898 767
0b000b01 0b000c01 10078 100 131072 1621915 2876 2898 2683
0b000101 0b000201 10080 100 131072 1613997 10604 2898 3553
0b000101 0b000201 10081 100 131072 1614433 10574 2898 2593
0b000101 0b000201 10082 100 131072 1614473 10568 2898 2609
0b000501 0b000601 10080 100 131072 1624742 3017 2898 1637
0b000e01 0b000f01 10080 100 131072 1625599 2876 2898 2622
0b000a01 0b000b01 10080 100 131072 1626355 2876 2898 698
0b000601 0b000701 10092 100 131072 1624111 8523 2898 2150
0b000301 0b000401 10093 100 131072 1405615 227554 11234 3043
0b000101 0b000201 10083 100 131072 1625854 7326 2898 2625
0b000601 0b000701 10093 100 131072 1624325 8948 2898 1158
0b000601 0b000701 10094 100 131072 1624433 8927 2898 1174
0b000401 0b000501 10060 100 131072 1076354 557013 11234 660
0b000401 0b000501 10061 100 131072 1076364 557007 11234 676
0b000401 0b000501 10062 100 131072 1088403 545472 11234 692
0b000801 0b000101 10018 100 131072 1627448 6820 6838 776
0b000f01 0b000801 10079 100 131072 1631515 2876 2898 2639
0b000401 0b000501 10063 100 131072 1102598 531761 11234 708
0b000101 0b000201 10084 100 131072 1626434 7927 2898 2641
0b000c01 0b000501 10018 100 131072 1627831 6820 6838 2700
0b000101 0b000201 10085 100 131072 1626888 7694 2898 2657
0b000b01 0b000c01 10079 100 131072 1632271 2876 2898 715
0b000401 0b000501 10064 100 131072 1117851 517044 11234 724
0b000701 0b000001 10093 100 131072 1449238 186069 11234 1127
0b000601 0b000701 10095 100 131072 1630799 4667 2898 1654
0b000201 0b000301 10094 100 131072 1626981 9260 2898 3090
0b000201 0b000301 10095 100 131072 1627641 11709 2898 3570
0b000801 0b000901 10075 100 131072 1637431 2876 2898 2648
0b000201 0b000301 10096 100 131072 1628047 12232 2898 2610
0b000101 0b000201 10086 100 131072 1637278 3007 2898 785
0b000201 0b000301 10097 100 131072 1628087 12281 2898 2626
0b000c01 0b000d01 10075 100 131072 1638187 2876 2898 732
0b000001 0b000101 10065 100 131072 1164975 476036 11234 1984
0b000001 0b000101 10066 100 131072 1164979 476036 11234 1504
0b000001 0b000101 10067 100 131072 1164983 476036 11234 1024
0b000901 0b000a01 10082 100 131072 1643317 2876 2898 2665
0b000301 0b000401 10094 100 131072 1452190 194182 11234 2579
0b000d01 0b000e01 10082 100 131072 1644073 2876 2898 749
0b000201 0b000301 10098 100 131072 1636220 11215 2898 2642
0b000401 0b000501 10065 100 131072 1164975 482869 11234 68
0b000401 0b000501 10066 100 131072 1164979 482869 11234 3428
0b000401 0b000501 10067 100 131072 1164983 482869 11234 2948
0b000701 0b000001 10094 100 131072 1486820 161136 11234 663
0b000001 0b000101 10068 100 131072 1177087 471205 11234 3072
0b000201 0b000301 10099 100 131072 1637371 11010 2898 2658
0b000201 0b000301 10100 100 131072 1637592 10899 2898 2674
0b000201 0b000301 10101 100 131072 1643295 6573 2898 802
0b000101 0b000201 10087 100 131072 1644021 5885 2898 2001
0b000101 0b000201 10088 100 131072 1644025 5883 2898 1521
0b000101 0b000a01 10005 100 131072 1644029 6820 6838 1041
0b000501 0b000601 10081 100 131072 1636407 15351 2898 677
0b000501 0b000601 10082 100 131072 1636447 15450 2898 693
0b000a01 0b000b01 10081 100 131072 1649233 2876 2898 2682
0b000e01 0b000f01 10081 100 131072 1649989 2876 2898 766
0b000501 0b000601 10083 100 131072 1636915 16387 2898 709
0b000501 0b000601 10084 100 131072 1637399 16660 2898 725
0b000101 0b000201 10089 100 131072 1651302 2964 2898 3089
0b000501 0b000601 10085 100 131072 1637691 16719 2898 2709
0b000501 0b000601 10086 100 131072 1637905 16614 2898 741
0b000201 0b000301 10102 100 131072 1652916 2966 2898 2018
0b000a01 0b000b01 10082 100 131072 1653889 2941 2898 1066
0b000501 0b000e01 10005 100 131072 1650862 6845 6838 2965
0b000b01 0b000c01 10080 100 131072 1655149 2952 2898 2699
0b000f01 0b000801 10080 100 131072 1655905 2876 2898 783
0b000501 0b000601 10087 100 131072 1650854 8089 2898 85
0b000501 0b000601 10088 100 131072 1650858 8086 2898 3445
0b000201 0b000b01 10006 100 131072 1652918 6820 6838 1538
0b000201 0b000301 10103 100 131072 1657276 2917 2898 3106
0b000b01 0b000c01 10081 100 131072 1659870 2876 2898 1083
0b000e01 0b000f01 10082 100 131072 1660747 2876 2898 2990
0b000401 0b000d01 10012 100 131072 1649412 15078 15174 2596
0b000001 0b000101 10069 100 131072 1188282 476658 11234 2000
0b000b01 0b000c01 10082 100 131072 1662778 2876 2898 1563
0b000301 0b000c01 10007 100 131072 1658892 6874 6838 2035
0b000001 0b000901 10012 100 131072 1650996 15120 15174 672
0b000c01 0b000501 10019 100 131072 1661141 6944 6838 2716
0b000601 0b000701 10096 100 131072 1654798 13631 2898 694
0b000801 0b000101 10019 100 131072 1661821 6875 6838 792
0b000c01 0b000d01 10076 100 131072 1665786 2919 2898 1100
0b000601 0b000f01 10006 100 131072 1661954 6820 6838 3462
0b000601 0b000701 10097 100 131072 1654937 14259 2898 710
0b000f01 0b000801 10081 100 131072 1666663 2876 2898 3007
0b000301 0b000401 10095 100 131072 1494102 175926 11234 3059
0b000301 0b000401 10096 100 131072 1494191 176193 11234 3523
0b000d01 0b000e01 10083 100 131072 1667530 3102 2898 2621
0b000701 0b000001 10095 100 131072 1505223 165453 11234 1143
0b000101 0b000201 10090 100 131072 1667950 2909 2898 2017
0b000701 0b000001 10096 100 131072 1505312 165726 11234 1607
0b000901 0b000a01 10083 100 131072 1669156 2876 2898 697
0b000601 0b000701 10098 100 131072 1656342 16321 2898 726
0b000601 0b000701 10099 100 131072 1657069 16584 2898 742
0b000601 0b000701 10100 100 131072 1657420 16477 2898 2726
0b000601 0b000701 10101 100 131072 1657529 16413 2898 758
0b000501 0b000601 10089 100 131072 1671095 3029 2898 2725
0b000c01 0b000d01 10077 100 131072 1668694 5722 2898 1580
0b000601 0b000701 10102 100 131072 1661953 12613 2898 102
0b000c01 0b000d01 10078 100 131072 1668806 5721 2898 2060
0b000101 0b000201 10091 100 131072 1671706 2941 2898 801
0b000d01 0b000e01 10084 100 131072 1671745 3013 2898 1117
0b000f01 0b000801 10082 100 131072 1671814 2987 2898 3487
0b000801 0b000901 10076 100 131072 1672579 2975 2898 3016
0b000e01 0b000f01 10083 100 131072 1673672 2926 2898 2638
0b000201 0b000301 10104 100 131072 1673869 2934 2898 2034
0b000a01 0b000b01 10083 100 131072 1675072 2876 2898 714
0b000601 0b000701 10103 100 131072 1677134 2921 2898 2742
0b000201 0b000301 10105 100 131072 1677657 2908 2898 818
0b000801 0b000901 10077 100 131072 1677841 2991 2898 3496
0b000e01 0b000f01 10084 100 131072 1677798 3158 2898 1134
0b000901 0b000a01 10084 100 131072 1678594 2976 2898 3033
0b000f01 0b000801 10083 100 131072 1679638 2928 2898 2655
0b000d01 0b000e01 10085 100 131072 1677456 5654 2898 1597
0b000d01 0b000e01 10086 100 131072 1677567 5650 2898 2077
0b000b01 0b000c01 10083 100 131072 1680988 2876 2898 731
0b000701 0b000801 10007 100 131072 1677576 6820 6838 119
0b000301 0b000401 10097 100 131072 1502521 183463 11234 3539
0b000301 0b000c01 10008 100 131072 1679813 6820 6838 2051
0b000001 0b000101 10070 100 131072 1199832 486986 11234 3552
0b000901 0b000a01 10085 100 131072 1683872 2987 2898 3513
0b000f01 0b000801 10084 100 131072 1683996 2973 2898 1151
0b000a01 0b000b01 10084 100 131072 1684610 2977 2898 3050
0b000401 0b000501 10068 100 131072 1185714 503765 11234 1156
0b000801 0b000901 10078 100 131072 1685576 3924 2898 2664
0b000c01 0b000d01 10079 100 131072 1686874 2876 2898 748
0b000e01 0b000f01 10085 100 131072 1686150 5556 2898 1614
0b000e01 0b000f01 10086 100 131072 1686257 5556 2898 2094
0b000801 0b000901 10079 100 131072 1687406 5036 2898 136
0b000c01 0b000d01 10080 100 131072 1689643 2970 2898 2076
0b000101 0b000201 10092 100 131072 1689828 2926 2898 3569
0b000301 0b000401 10098 100 131072 1504204 188572 11234 2595
0b000401 0b000501 10069 100 131072 1188450 504342 11234 84
0b000a01 0b000b01 10085 100 131072 1689899 2999 2898 3530
0b000b01 0b000c01 10084 100 131072 1690627 2977 2898 3067
0b000801 0b000901 10080 100 131072 1689979 4109 2898 1160
0b000501 0b000601 10090 100 131072 1692489 2908 2898 1173
0b000901 0b000a01 10086 100 131072 1692540 2945 2898 2681
0b000d01 0b000e01 10087 100 131072 1692790 2876 2898 765
0b000701 0b000001 10097 100 131072 1516912 180584 11234 1623
0b000901 0b000a01 10087 100 131072 1695482 2876 2898 153
0b000d01 0b000e01 10088 100 131072 1695653 2970 2898 2093
0b000201 0b000301 10106 100 131072 1695764 2908 2898 3586
0b000501 0b000601 10091 100 131072 1695802 2921 2898 101
0b000b01 0b000c01 10085 100 131072 1695938 2989 2898 3547
0b000701 0b000001 10098 100 131072 1517169 182382 11234 679
0b000c01 0b000d01 10081 100 131072 1696614 2980 2898 3084
0b000f01 0b000801 10085 100 131072 1694746 5678 2898 1631
0b000f01 0b000801 10086 100 131072 1694853 5682 2898 2111
0b000601 0b000701 10104 100 131072 1698407 2919 2898 1190
0b000a01 0b000b01 10086 100 131072 1698525 2892 2898 2698
0b000e01 0b000f01 10087 100 131072 1698706 2954 2898 782
0b000901 0b000201 10013 100 131072 1697128 6820 6838 1177
0b000301 0b000401 10099 100 131072 1513115 191025 11234 3075
0b000a01 0b000b01 10087 100 131072 1701398 2876 2898 170
0b000401 0b000501 10070 100 131072 1199664 504665 11234 1636
0b000e01 0b000f01 10088 100 131072 1701663 2876 2898 2110
0b000701 0b000001 10099 100 131072 1519721 184923 11234 2679
0b000601 0b000701 10105 100 131072 1701733 2919 2898 118
0b000c01 0b000d01 10082 100 131072 1701937 2900 2898 3564
0b000001 0b000101 10071 100 131072 1215173 491540 11234 2016
0b000b01 0b000c01 10086 100 131072 1704457 2891 2898 2715
0b000f01 0b000801 10087 100 131072 1704700 3012 2898 799
0b000801 0b000901 10081 100 131072 1703434 5803 2898 1640
0b000801 0b000901 10082 100 131072 1703545 5803 2898 2120
0b000d01 0b000601 10013 100 131072 1702634 6853 6838 3101
0b000201 0b000301 10107 100 131072 1706958 2925 2898 1186
0b000b01 0b000c01 10087 100 131072 1707314 2876 2898 187
0b000501 0b000601 10092 100 131072 1707339 2907 2898 1653
0b000f01 0b000801 10088 100 131072 1707579 2957 2898 2127
0b000d01 0b000e01 10089 100 131072 1707877 2876 2898 3581
0b000401 0b000d01 10013 100 131072 1695816 15078 15174 2612
0b000101 0b000201 10093 100 131072 1709723 2907 2898 2033
0b000701 0b000801 10008 100 131072 1707662 7349 6838 135
0b000301 0b000401 10100 100 131072 1526519 189342 11234 755
0b000401 0b000501 10071 100 131072 1215173 500801 11234 100
0b000c01 0b000d01 10083 100 131072 1713200 2965 2898 204
0b000701 0b000001 10100 100 131072 1534198 182025 11234 1159
0b000001 0b000101 10072 100 131072 1225854 490528 11234 2032
0b000001 0b000101 10073 100 131072 1226844 489542 11234 208
0b000401 0b000501 10072 100 131072 1225854 490540 11234 116
0b000801 0b000901 10083 100 131072 1713546 3009 2898 2136
0b000d01 0b000e01 10090 100 131072 1713934 2977 2898 2637
0b000c01 0b000501 10020 100 131072 1710358 6820 6838 2732
0b000601 0b000701 10106 100 131072 1712497 4921 2898 3110
0b000901 0b000a01 10088 100 131072 1712277 5654 2898 1657
0b000901 0b000a01 10089 100 131072 1712388 5650 2898 2137
0b000601 0b000701 10107 100 131072 1713256 4929 2898 1670
0b000801 0b000101 10020 100 131072 1710722 7616 6838 808
0b000001 0b000901 10013 100 131072 1702591 15775 15174 688
0b000201 0b000301 10108 100 131072 1715640 2900 2898 2050
0b000401 0b000501 10073 100 131072 1228096 491174 11234 2132
0b000e01 0b000701 10014 100 131072 1713793 6820 6838 3598
0b000801 0b000901 10084 100 131072 1718021 2946 2898 152
0b000d01 0b000e01 10091 100 131072 1719205 2976 2898 221
0b000e01 0b000f01 10089 100 131072 1719951 2976 2898 2654
0b000901 0b000a01 10090 100 131072 1719595 4065 2898 2153
0b000a01 0b000b01 10088 100 131072 1721078 3151 2898 2154
0b000901 0b000a01 10091 100 131072 1721406 5166 2898 713
0b000101 0b000201 10094 100 131072 1719392 7495 2898 2049
0b000101 0b000201 10095 100 131072 1719396 7493 2898 225
0b000501 0b000601 10093 100 131072 1718984 8580 2898 117
0b000301 0b000401 10101 100 131072 1545587 182130 11234 2611
0b000a01 0b000301 10014 100 131072 1720971 6826 6838 1674
0b000101 0b000201 10096 100 131072 1721348 6521 2898 817
0b000e01 0b000f01 10090 100 131072 1725221 2969 2898 238
0b000901 0b000a01 10092 100 131072 1724007 4220 2898 169
0b000301 0b000c01 10009 100 131072 1721550 6882 6838 2067
0b000501 0b000601 10094 100 131072 1719404 9391 2898 133
0b000f01 0b000801 10089 100 131072 1725937 2978 2898 2671
0b000501 0b000601 10095 100 131072 1720188 9359 2898 2741
0b000a01 0b000b01 10089 100 131072 1726700 2945 2898 2170
0b000501 0b000601 10096 100 131072 1722280 7971 2898 2149
0b000701 0b000001 10101 100 131072 1547155 186105 11234 2695
0b000a01 0b000b01 10090 100 131072 1729612 3989 2898 730
0b000c01 0b000d01 10084 100 131072 1731442 2876 2898 2092
0b000801 0b000901 10085 100 131072 1731925 2876 2898 2680
0b000a01 0b000b01 10091 100 131072 1731267 3974 2898 186
0b000601 0b000701 10108 100 131072 1730574 6564 2898 134
0b000201 0b000301 10109 100 131072 1729897 7986 2898 2066
0b000201 0b000301 10110 100 131072 1729899 7986 2898 242
0b000201 0b000301 10111 100 131072 1730879 7496 2898 834
0b000701 0b000001 10102 100 131072 1548645 190334 11234 695
0b000301 0b000401 10102 100 131072 1564497 175049 11234 771
0b000d01 0b000e01 10092 100 131072 1737358 2876 2898 2109
0b000b01 0b000c01 10088 100 131072 1736611 3968 2898 747
0b000901 0b000a01 10093 100 131072 1737841 2876 2898 2697
0b000601 0b000701 10109 100 131072 1731805 9033 2898 150
0b000601 0b000701 10110 100 131072 1732557 9048 2898 2758
0b000601 0b000701 10111 100 131072 1733261 8580 2898 2166
0b000b01 0b000c01 10089 100 131072 1738281 3959 2898 203
0b000b01 0b000401 10015 100 131072 1727269 17426 15174 2171
0b000e01 0b000f01 10091 100 131072 1743274 2876 2898 2126
0b000a01 0b000b01 10092 100 131072 1743757 2876 2898 2714
0b000c01 0b000d01 10085 100 131072 1743589 3968 2898 764
0b000c01 0b000d01 10086 100 131072 1745250 3968 2898 220
0b000f01 0b000001 10015 100 131072 1731200 18790 15174 255
0b000701 0b000001 10103 100 131072 1552913 197166 11234 2711
0b000301 0b000401 10103 100 131072 1568492 182259 11234 787
0b000301 0b000c01 10010 100 131072 1740893 10586 6838 2083
0b000f01 0b000801 10090 100 131072 1749160 2876 2898 2143
0b000401 0b000d01 10014 100 131072 1730757 21645 15174 2628
0b000b01 0b000c01 10090 100 131072 1749673 2876 2898 2731
0b000d01 0b000e01 10093 100 131072 1750597 3986 2898 781
0b000b01 0b000401 10016 100 131072 1732655 23125 15174 2187
0b000d01 0b000e01 10094 100 131072 1752258 4917 2898 237
0b000c01 0b000d01 10087 100 131072 1754489 3015 2898 2108
0b000801 0b000901 10086 100 131072 1755046 2876 2898 2152
0b000d01 0b000e01 10095 100 131072 1755442 3730 2898 2653
0b000701 0b000801 10009 100 131072 1740148 19880 6838 151
0b000e01 0b000f01 10092 100 131072 1757623 3191 2898 798
0b000701 0b000001 10104 100 131072 1568607 193181 11234 1639
0b000701 0b000801 10010 100 131072 1743848 18822 6838 167
0b000d01 0b000e01 10096 100 131072 1760544 3004 2898 2125
0b000901 0b000a01 10094 100 131072 1760962 2939 2898 2169
0b000e01 0b000f01 10093 100 131072 1760215 4365 2898 254
0b000001 0b000901 10014 100 131072 1742019 22950 15174 704
0b000801 0b000901 10087 100 131072 1763038 3192 2898 168
0b000e01 0b000f01 10094 100 131072 1762182 4137 2898 2670
0b000f01 0b000801 10091 100 131072 1763824 3026 2898 815
0b000801 0b000901 10088 100 131072 1765680 3152 2898 184
0b000e01 0b000f01 10095 100 131072 1766558 2897 2898 2142
0b000c01 0b000501 10021 100 131072 1755559 14294 6838 2748
0b000a01 0b000b01 10093 100 131072 1766911 3017 2898 2186
0b000f01 0b000801 10092 100 131072 1769359 2879 2898 2687
0b000901 0b000a01 10095 100 131072 1768009 4724 2898 729
0b000301 0b000401 10104 100 131072 1585863 187442 11234 243
0b000301 0b000401 10105 100 131072 1585971 187694 11234 3555
0b000701 0b000001 10105 100 131072 1599733 174520 11234 2727
0b000901 0b000a01 10096 100 131072 1769270 5901 2898 185
0b000f01 0b000801 10093 100 131072 1772495 2893 2898 2159
0b000501 0b000601 10097 100 131072 1772863 2920 2898 2757
0b000901 0b000a01 10097 100 131072 1771872 4680 2898 201
0b000801 0b000901 10089 100 131072 1775248 2933 2898 2696
0b000a01 0b000b01 10094 100 131072 1775743 3246 2898 746
0b000801 0b000901 10090 100 131072 1778398 2896 2898 2168
0b000601 0b000701 10112 100 131072 1778793 2909 2898 2774
0b000a01 0b000b01 10095 100 131072 1778211 5080 2898 202
0b000901 0b000a01 10098 100 131072 1781221 3001 2898 2713
0b000801 0b000101 10021 100 131072 1769860 14391 6838 824
0b000a01 0b000b01 10096 100 131072 1779592 4712 2898 218
0b000301 0b000401 10106 100 131072 1596706 188416 11234 3571
0b000b01 0b000c01 10091 100 131072 1782029 2979 2898 763
0b000701 0b000001 10106 100 131072 1613423 172455 11234 1655
0b000001 0b000101 10074 100 131072 1313346 473122 11234 1520
0b000001 0b000101 10075 100 131072 1313350 473122 11234 1040
0b000001 0b000101 10076 100 131072 1314594 471882 11234 2048
0b000001 0b000101 10077 100 131072 1315830 470758 11234 1536
0b000001 0b000101 10078 100 131072 1316463 470129 11234 2064
0b000901 0b000a01 10099 100 131072 1784304 2876 2898 2185
0b000f01 0b000001 10016 100 131072 1767590 21104 15174 271
0b000001 0b000101 10079 100 131072 1318315 471321 11234 2080
0b000001 0b000101 10080 100 131072 1318325 471315 11234 2096
0b000a01 0b000b01 10097 100 131072 1787262 3011 2898 2730
0b000b01 0b000401 10017 100 131072 1772968 18010 15174 2203
0b000c01 0b000d01 10088 100 131072 1788018 3024 2898 780
0b000b01 0b000c01 10092 100 131072 1786331 4839 2898 219
0b000b01 0b000c01 10093 100 131072 1787344 4925 2898 235
0b000101 0b000201 10097 100 131072 1787261 5160 2898 833
0b000a01 0b000b01 10098 100 131072 1790220 2964 2898 2202
0b000301 0b000401 10107 100 131072 1599554 196697 11234 803
0b000b01 0b000c01 10094 100 131072 1793313 2966 2898 2747
0b000d01 0b000e01 10097 100 131072 1794082 3052 2898 797
0b000201 0b000301 10112 100 131072 1795431 3113 2898 850
0b000c01 0b000d01 10089 100 131072 1794180 4730 2898 236
0b000c01 0b000d01 10090 100 131072 1795279 4662 2898 252
0b000e01 0b000f01 10096 100 131072 1800144 2976 2898 814
0b000101 0b000a01 10006 100 131072 1789482 15915 6838 1057
0b000101 0b000201 10098 100 131072 1789478 16061 2898 1537
0b000101 0b000201 10099 100 131072 1789486 16054 2898 2065
0b000101 0b000201 10100 100 131072 1789598 16029 2898 1553
0b000101 0b000201 10101 100 131072 1789602 16026 2898 2081
0b000d01 0b000e01 10098 100 131072 1801950 4689 2898 253
0b000101 0b000201 10102 100 131072 1792646 14234 2898 2097
0b000101 0b000201 10103 100 131072 1792656 14226 2898 2113
0b000d01 0b000e01 10099 100 131072 1802951 4677 2898 269
0b000301 0b000401 10108 100 131072 1607429 200196 11234 3091
0b000401 0b000501 10074 100 131072 1315970 492620 11234 3444
0b000401 0b000501 10075 100 131072 1315971 492623 11234 2964
0b000401 0b000501 10076 100 131072 1317423 491175 11234 132
0b000401 0b000501 10077 100 131072 1318046 490668 11234 2148
0b000401 0b000501 10078 100 131072 1318747 489971 11234 3460
0b000401 0b000501 10079 100 131072 1319371 489351 11234 148
0b000401 0b000501 10080 100 131072 1321223 487603 11234 164
0b000401 0b000501 10081 100 131072 1321233 487597 11234 180
0b000f01 0b000801 10094 100 131072 1806160 2876 2898 831
0b000a01 0b000b01 10099 100 131072 1808437 2876 2898 1082
0b000e01 0b000f01 10097 100 131072 1809649 4619 2898 270
0b000e01 0b000f01 10098 100 131072 1810668 4610 2898 286
0b000c01 0b000501 10022 100 131072 1799289 16787 6838 2764
0b000b01 0b000c01 10095 100 131072 1814353 2876 2898 1099
0b000b01 0b000401 10018 100 131072 1796224 21144 15174 2219
0b000201 0b000301 10113 100 131072 1808550 9767 2898 2082
0b000201 0b000301 10114 100 131072 1808638 9935 2898 2098
0b000201 0b000301 10115 100 131072 1809890 9918 2898 2114
0b000201 0b000301 10116 100 131072 1809900 9910 2898 2130
0b000301 0b000401 10109 100 131072 1639281 180800 11234 3107
0b000701 0b000001 10107 100 131072 1635674 184835 11234 2167
0b000801 0b000101 10022 100 131072 1812046 10169 6838 840
0b000c01 0b000d01 10091 100 131072 1820239 2876 2898 1116
0b000001 0b000101 10081 100 131072 1328304 495501 11234 224
0b000001 0b000101 10082 100 131072 1328472 495337 11234 3088
0b000501 0b000e01 10006 100 131072 1811604 15030 6838 2981
0b000701 0b000001 10108 100 131072 1636313 191877 11234 1175
0b000701 0b000001 10109 100 131072 1636400 192146 11234 1191
0b000d01 0b000e01 10100 100 131072 1826125 2876 2898 1133
0b000401 0b000501 10082 100 131072 1328547 500648 11234 1172
0b001901 0b001201 10030 100 2097152 1736664 93157 48204 8649
0b000101 0b000201 10104 100 131072 1825225 5328 2898 849
0b000701 0b000001 10110 100 131072 1638506 192780 11234 1671
0b000001 0b000101 10083 100 131072 1340121 491379 11234 3568
0b000001 0b000101 10084 100 131072 1347475 484281 11234 240
0b000001 0b000101 10085 100 131072 1364669 467571 11234 2112
0b000001 0b000101 10086 100 131072 1364679 467565 11234 2128
0b000501 0b000601 10098 100 131072 1811600 21068 2898 3461
0b000501 0b000601 10099 100 131072 1811608 21062 2898 149
0b000e01 0b000f01 10099 100 131072 1829674 3275 2898 3006
0b000501 0b000601 10100 100 131072 1811724 21246 2898 2165
0b000501 0b000601 10101 100 131072 1811728 21244 2898 3477
0b000501 0b000601 10102 100 131072 1811732 21242 2898 165
0b000501 0b000601 10103 100 131072 1811836 21225 2898 181
0b000501 0b000601 10104 100 131072 1811846 21217 2898 197
0b001d01 0b001601 10030 100 2097152 1736199 96998 48204 10573
0b000201 0b000b01 10007 100 131072 1808549 24869 6838 1554
0b000101 0b000201 10105 100 131072 1826815 6901 2898 241
0b000101 0b000201 10106 100 131072 1826819 6898 2898 3105
0b000201 0b000b01 10008 100 131072 1808637 25352 6838 1570
0b001801 0b001101 10030 100 2097152 1733683 100449 48204 8168
0b000e01 0b000f01 10100 100 131072 1832041 3262 2898 1150
0b000501 0b000601 10105 100 131072 1819086 16061 2898 2773
0b001501 0b001e01 10030 100 2097152 1738349 97696 48204 10565
0b000201 0b000301 10117 100 131072 1833563 3041 2898 866
0b000501 0b000601 10106 100 131072 1832205 4642 2898 1189
0b000f01 0b000801 10095 100 131072 1835989 3275 2898 3023
0b001401 0b001d01 10030 100 2097152 1735388 103783 48204 10084
0b001301 0b001c01 10030 100 2097152 1732362 107119 48204 9603
0b000b01 0b000c01 10096 100 131072 1836458 5060 2898 1579
0b000f01 0b000801 10096 100 131072 1838343 3275 2898 1167
0b001001 0b001901 10030 100 2097152 1741070 100284 48204 8160
0b001f01 0b001001 10030 100 2097152 1732297 109302 48204 7695
0b001e01 0b001701 10030 100 2097152 1739054 102746 48204 11054
0b001101 0b001a01 10030 100 2097152 1748309 93520 48204 8641
0b000b01 0b000c01 10097 100 131072 1837029 5058 2898 1595
0b000f01 0b000001 10017 100 131072 1817308 25465 15174 287
0b000201 0b000301 10118 100 131072 1836726 6146 2898 258
0b000201 0b000301 10119 100 131072 1836757 6138 2898 3122
0b001601 0b001f01 10030 100 2097152 1740328 102705 48204 11046
0b001c01 0b001501 10030 100 2097152 1739302 103804 48204 10092
0b000101 0b000201 10107 100 131072 1834510 10240 2898 3585
0b001701 0b001801 10030 100 2097152 1736727 108398 48204 7687
0b000301 0b000c01 10011 100 131072 1821357 24090 6838 2099
0b000801 0b000901 10091 100 131072 1842274 3275 2898 3032
0b000101 0b000201 10108 100 131072 1834766 10726 2898 257
0b000101 0b000201 10109 100 131072 1835280 10718 2898 2129
0b000101 0b000201 10110 100 131072 1835320 10680 2898 2145
0b000301 0b000401 10110 100 131072 1642390 203805 11234 3587
0b000f01 0b000001 10018 100 131072 1818318 27994 15174 303
0b000301 0b000c01 10012 100 131072 1821613 24760 6838 2115
0b000601 0b000f01 10007 100 131072 1835678 10990 6838 3478
0b000601 0b000f01 10008 100 131072 1836012 10991 6838 3494
0b000801 0b000901 10092 100 131072 1844628 3275 2898 1176
0b001a01 0b001301 10030 100 2097152 1741861 105774 48204 9130
0b000301 0b000c01 10013 100 131072 1822848 25102 6838 2131
0b000301 0b000c01 10014 100 131072 1822888 25064 6838 2147
0b000c01 0b000d01 10092 100 131072 1844528 5774 2898 1596
0b000901 0b000a01 10100 100 131072 1848559 2876 2898 3049
0b000601 0b000701 10113 100 131072 1835680 16694 2898 166
0b000c01 0b000d01 10093 100 131072 1845097 7538 2898 1612
0b001b01 0b001401 10030 100 2097152 1743909 108542 48204 9611
0b000701 0b000001 10111 100 131072 1671469 182299 11234 711
0b000601 0b000701 10114 100 131072 1835980 18054 2898 2182
0b000601 0b000701 10115 100 131072 1836014 18128 2898 182
0b000601 0b000701 10116 100 131072 1836101 18128 2898 198
0b000601 0b000701 10117 100 131072 1836141 18090 2898 214
0b000301 0b000401 10111 100 131072 1643319 211258 11234 2627
0b001201 0b001b01 10030 100 2097152 1751164 103442 48204 9122
0b000301 0b000401 10112 100 131072 1643408 211531 11234 2643
0b000f01 0b000801 10097 100 131072 1849708 5312 2898 3503
0b000601 0b000701 10118 100 131072 1838187 16854 2898 2790
0b000601 0b000701 10119 100 131072 1839887 15453 2898 1206
0b000f01 0b000801 10098 100 131072 1850043 5294 2898 3519
0b000201 0b000301 10120 100 131072 1847790 8520 2898 3602
0b000d01 0b000e01 10101 100 131072 1853312 3755 2898 1613
0b000a01 0b000b01 10100 100 131072 1854475 2876 2898 3066
0b000901 0b000201 10014 100 131072 1850913 6895 6838 1193
0b000201 0b000301 10121 100 131072 1848532 10011 2898 274
0b000201 0b000301 10122 100 131072 1849038 10017 2898 2146
0b000201 0b000301 10123 100 131072 1849078 9979 2898 2162
0b000401 0b000501 10083 100 131072 1340088 519310 11234 1652
0b000d01 0b000e01 10102 100 131072 1855645 3838 2898 1629
0b000c01 0b000d01 10094 100 131072 1848457 11164 2898 2124
0b000c01 0b000d01 10095 100 131072 1849383 11145 2898 2140
0b000c01 0b000d01 10096 100 131072 1850960 10537 2898 2156
0b000c01 0b000d01 10097 100 131072 1850970 10528 2898 2172
0b000b01 0b000c01 10098 100 131072 1860391 2925 2898 3083
0b000801 0b000901 10093 100 131072 1858030 5312 2898 3512
0b000e01 0b000f01 10101 100 131072 1860107 3277 2898 1630
0b000801 0b000901 10094 100 131072 1858347 5312 2898 3528
0b000201 0b000301 10124 100 131072 1860848 2920 2898 1202
0b000701 0b000801 10011 100 131072 1855414 9723 6838 183
0b000501 0b000601 10107 100 131072 1862408 2907 2898 1669
0b000e01 0b000f01 10102 100 131072 1862523 3497 2898 1646
0b000701 0b000001 10112 100 131072 1672236 195618 11234 727
0b000c01 0b000d01 10098 100 131072 1866326 3019 2898 3100
0b000f01 0b000801 10099 100 131072 1866424 3052 2898 1647
0b000d01 0b000e01 10103 100 131072 1862631 7601 2898 2141
0b000701 0b000801 10012 100 131072 1857182 13312 6838 199
0b000701 0b000801 10013 100 131072 1857269 13312 6838 215
0b000701 0b000801 10014 100 131072 1857309 13274 6838 231
0b000601 0b000701 10120 100 131072 1868355 2908 2898 1686
0b000801 0b000901 10095 100 131072 1868147 3144 2898 200
0b000301 0b000c01 10015 100 131072 1862095 9643 6838 2163
0b000301 0b000c01 10016 100 131072 1862105 9634 6838 2179
0b000001 0b000901 10015 100 131072 1856808 15078 15174 720
0b000901 0b000a01 10101 100 131072 1866352 5444 2898 3529
0b000901 0b000a01 10102 100 131072 1866669 5444 2898 3545
0b000f01 0b000801 10100 100 131072 1869060 3125 2898 1663
0b000d01 0b000e01 10104 100 131072 1863538 9405 2898 2157
0b000d01 0b000e01 10105 100 131072 1864507 9433 2898 2173
0b000d01 0b000e01 10106 100 131072 1864517 9424 2898 2189
0b000e01 0b000f01 10103 100 131072 1873272 2990 2898 2158
0b000d01 0b000601 10014 100 131072 1872385 6870 6838 3117
0b000901 0b000a01 10103 100 131072 1874301 5527 2898 217
0b000c01 0b000d01 10099 100 131072 1874748 5606 2898 2188
0b000c01 0b000d01 10100 100 131072 1874788 5589 2898 2204
0b000a01 0b000b01 10101 100 131072 1874836 5576 2898 3546
0b000901 0b000a01 10104 100 131072 1874896 5527 2898 745
0b000a01 0b000b01 10102 100 131072 1875153 5555 2898 3562
0b000801 0b000901 10096 100 131072 1872486 9598 2898 1656
0b000f01 0b000801 10101 100 131072 1879302 3172 2898 2175
0b000e01 0b000f01 10104 100 131072 1875983 6818 2898 2174
0b000401 0b000d01 10015 100 131072 1857617 25830 15174 2644
0b000401 0b000d01 10016 100 131072 1857949 25759 15174 2660
0b000e01 0b000f01 10105 100 131072 1876950 7682 2898 2190
0b000e01 0b000f01 10106 100 131072 1876960 7673 2898 2206
0b000601 0b000701 10121 100 131072 1882295 2909 2898 3126
0b000001 0b000901 10016 100 131072 1870864 15078 15174 736
0b000801 0b000901 10097 100 131072 1873504 12774 2898 216
0b000801 0b000901 10098 100 131072 1873591 12885 2898 232
0b000801 0b000901 10099 100 131072 1873601 12876 2898 248
0b000801 0b000901 10100 100 131072 1875195 12161 2898 1672
0b000a01 0b000b01 10103 100 131072 1882868 5256 2898 234
0b000901 0b000a01 10105 100 131072 1885124 3190 2898 1673
0b000a01 0b000b01 10104 100 131072 1883463 5278 2898 762
0b000b01 0b000c01 10099 100 131072 1883452 5594 2898 3563
0b000b01 0b000c01 10100 100 131072 1883748 5573 2898 3579
0b000801 0b000901 10101 100 131072 1885484 4246 2898 2184
0b000f01 0b000801 10102 100 131072 1885811 4897 2898 2191
0b000301 0b000401 10113 100 131072 1650445 240745 11234 2659
0b000d01 0b000e01 10107 100 131072 1883394 8013 2898 2205
0b000d01 0b000e01 10108 100 131072 1883434 8038 2898 2221
0b000f01 0b000801 10103 100 131072 1887642 6752 2898 2207
0b000f01 0b000801 10104 100 131072 1887652 6743 2898 2223
0b000d01 0b000e01 10109 100 131072 1886457 8123 2898 2669
0b000d01 0b000e01 10110 100 131072 1886718 7951 2898 2685
0b000301 0b000401 10114 100 131072 1651391 244387 11234 2675
0b000401 0b000501 10084 100 131072 1353638 542154 11234 2164
0b000301 0b000401 10115 100 131072 1651501 244809 11234 2691
0b000b01 0b000c01 10101 100 131072 1891164 5199 2898 251
0b000801 0b000901 10102 100 131072 1893748 3023 2898 2200
0b000b01 0b000c01 10102 100 131072 1891781 5221 2898 779
0b000c01 0b000d01 10101 100 131072 1892086 5599 2898 3580
0b000c01 0b000d01 10102 100 131072 1892361 5578 2898 3596
0b000301 0b000401 10116 100 131072 1652878 245200 11234 819
0b000a01 0b000301 10015 100 131072 1891354 6820 6838 1690
0b000701 0b000001 10113 100 131072 1675673 223147 11234 743
0b000501 0b000601 10108 100 131072 1898802 2924 2898 2181
0b000e01 0b000f01 10107 100 131072 1894417 7957 2898 2222
0b000e01 0b000f01 10108 100 131072 1894482 8025 2898 2238
0b000801 0b000901 10103 100 131072 1897434 5857 2898 2216
0b000801 0b000901 10104 100 131072 1897474 5840 2898 2232
0b000901 0b000a01 10106 100 131072 1888982 14805 2898 761
0b000701 0b000001 10114 100 131072 1676663 227625 11234 759
0b000c01 0b000d01 10103 100 131072 1899373 5159 2898 268
0b000701 0b000001 10115 100 131072 1676907 228186 11234 2743
0b000701 0b000001 10116 100 131072 1676952 228142 11234 775
0b000c01 0b000d01 10104 100 131072 1900012 5181 2898 796
0b000901 0b000a01 10107 100 131072 1889318 16361 2898 233
0b000e01 0b000f01 10109 100 131072 1897590 8216 2898 2686
0b000e01 0b000f01 10110 100 131072 1897679 8150 2898 2702
0b000901 0b000a01 10108 100 131072 1889516 16585 2898 249
0b000901 0b000a01 10109 100 131072 1889526 16577 2898 265
0b000d01 0b000e01 10111 100 131072 1900695 5629 2898 3597
0b000d01 0b000e01 10112 100 131072 1900949 5608 2898 3613
0b000901 0b000a01 10110 100 131072 1890366 16580 2898 1689
0b000601 0b000701 10122 100 131072 1904766 2910 2898 2198
0b000901 0b000a01 10111 100 131072 1892740 16143 2898 2201
0b000301 0b000401 10117 100 131072 1663203 246089 11234 3123
0b000401 0b000501 10085 100 131072 1363104 546227 11234 196
0b000401 0b000501 10086 100 131072 1363114 546221 11234 212
0b000701 0b000001 10117 100 131072 1683065 227403 11234 2759
0b000901 0b000a01 10112 100 131072 1899781 12667 2898 2217
0b000d01 0b000e01 10113 100 131072 1907542 4976 2898 285
0b000a01 0b000b01 10105 100 131072 1906827 6018 2898 778
0b000f01 0b000801 10105 100 131072 1905384 7493 2898 2239
0b000d01 0b000e01 10114 100 131072 1908203 4968 2898 813
0b000f01 0b000801 10106 100 131072 1905517 7740 2898 2255
0b000901 0b000a01 10113 100 131072 1906301 8350 2898 2233
0b000901 0b000a01 10114 100 131072 1906324 8328 2898 2249
0b000f01 0b000801 10107 100 131072 1908816 7824 2898 2703
0b000f01 0b000801 10108 100 131072 1908839 7802 2898 2719
0b000a01 0b000301 10016 100 131072 1909956 6820 6838 1706
0b000501 0b000601 10109 100 131072 1912371 5668 2898 213
0b000501 0b000601 10110 100 131072 1912411 5651 2898 229
0b000e01 0b000701 10015 100 131072 1909334 9340 6838 3614
0b000e01 0b000701 10016 100 131072 1909567 9340 6838 3630
0b000b01 0b000c01 10103 100 131072 1915885 3140 2898 795
0b000e01 0b000f01 10111 100 131072 1915558 5022 2898 302
0b000301 0b000401 10118 100 131072 1683575 237678 11234 835
0b000e01 0b000f01 10112 100 131072 1916211 5022 2898 830
0b000401 0b000d01 10017 100 131072 1894200 27762 15174 2676
0b000701 0b000001 10118 100 131072 1704336 217877 11234 1207
0b000a01 0b000b01 10106 100 131072 1908719 13573 2898 250
0b000801 0b000901 10105 100 131072 1915917 6728 2898 2248
0b000a01 0b000b01 10107 100 131072 1909111 14317 2898 266
0b000a01 0b000b01 10108 100 131072 1909121 14309 2898 282
0b000801 0b000901 10106 100 131072 1916297 7421 2898 2264
0b000c01 0b000d01 10105 100 131072 1922035 2876 2898 812
0b000a01 0b000b01 10109 100 131072 1911923 14244 2898 2218
0b000601 0b000701 10123 100 131072 1921079 5681 2898 230
0b000601 0b000701 10124 100 131072 1921119 5664 2898 246
0b000801 0b000901 10107 100 131072 1919680 7544 2898 2712
0b000801 0b000901 10108 100 131072 1919720 7505 2898 2728
0b000f01 0b000801 10109 100 131072 1924243 2999 2898 847
0b000d01 0b000e01 10115 100 131072 1924972 2876 2898 2701
0b000a01 0b000b01 10110 100 131072 1915488 13317 2898 2234
0b000a01 0b000b01 10111 100 131072 1917691 12081 2898 2250
0b000a01 0b000b01 10112 100 131072 1917731 12042 2898 2266
0b000901 0b000a01 10115 100 131072 1925655 4802 2898 2265
0b000d01 0b000e01 10116 100 131072 1927921 2876 2898 829
0b000401 0b000d01 10018 100 131072 1898788 32255 15174 2692
0b000401 0b000d01 10019 100 131072 1899320 32264 15174 2708
0b000b01 0b000c01 10104 100 131072 1925302 6436 2898 267
0b000301 0b000401 10119 100 131072 1701682 231364 11234 3603
0b000901 0b000a01 10116 100 131072 1926728 6755 2898 2281
0b000001 0b000901 10017 100 131072 1901830 32075 15174 752
0b000e01 0b000f01 10113 100 131072 1930888 2876 2898 2718
0b000b01 0b000c01 10105 100 131072 1926438 7461 2898 283
0b000b01 0b000c01 10106 100 131072 1926448 7452 2898 299
0b000a01 0b000b01 10113 100 131072 1933497 3258 2898 2282
0b000e01 0b000f01 10114 100 131072 1933837 3058 2898 846
0b000901 0b000a01 10117 100 131072 1930234 6891 2898 2729
0b000901 0b000a01 10118 100 131072 1930244 6882 2898 2745
0b000801 0b000101 10023 100 131072 1930282 7559 6838 856
0b000f01 0b000001 10019 100 131072 1923590 15219 15174 319
0b000001 0b000901 10018 100 131072 1907298 31723 15174 768
0b000c01 0b000d01 10106 100 131072 1934748 4292 2898 284
0b000001 0b000901 10019 100 131072 1908104 31278 15174 784
0b000701 0b000801 10015 100 131072 1929800 9738 6838 247
0b000701 0b000801 10016 100 131072 1929810 9730 6838 263
0b000d01 0b000e01 10117 100 131072 1934053 5514 2898 2717
0b000f01 0b000801 10110 100 131072 1936774 2878 2898 2735
0b000a01 0b000b01 10114 100 131072 1936523 3224 2898 2298
0b000901 0b000a01 10119 100 131072 1936915 3075 2898 777
0b000d01 0b000e01 10118 100 131072 1934594 5566 2898 2733
0b000f01 0b000801 10111 100 131072 1939905 2906 2898 863
0b000c01 0b000d01 10107 100 131072 1936909 6514 2898 300
0b000c01 0b000d01 10108 100 131072 1936919 6505 2898 316
0b000101 0b000201 10111 100 131072 1940881 2909 2898 865
0b000301 0b000401 10120 100 131072 1712893 231694 11234 1203
0b000401 0b000501 10087 100 131072 1438198 506780 11234 2980
0b000b01 0b000401 10019 100 131072 1929177 15595 15174 2235
0b000d01 0b000e01 10119 100 131072 1942050 3007 2898 301
0b000401 0b000501 10088 100 131072 1440415 504655 11234 2996
0b000401 0b000501 10089 100 131072 1440771 504303 11234 228
0b000401 0b000501 10090 100 131072 1440955 504123 11234 244
0b000401 0b000501 10091 100 131072 1441043 504039 11234 3476
0b000701 0b000001 10119 100 131072 1720428 224672 11234 3127
0b000401 0b000501 10092 100 131072 1442547 502611 11234 740
0b000a01 0b000b01 10115 100 131072 1940165 7217 2898 2746
0b000a01 0b000b01 10116 100 131072 1940205 7222 2898 2762
0b000901 0b000a01 10120 100 131072 1942031 5750 2898 793
0b000e01 0b000f01 10115 100 131072 1942607 5325 2898 2734
0b000901 0b000a01 10121 100 131072 1942392 5785 2898 809
0b000e01 0b000f01 10116 100 131072 1943200 5546 2898 2750
0b000a01 0b000b01 10117 100 131072 1943030 5781 2898 794
0b000201 0b000301 10125 100 131072 1946830 2908 2898 882
0b000701 0b000001 10120 100 131072 1721195 230077 11234 1687
0b000801 0b000901 10109 100 131072 1942548 8598 2898 264
0b000801 0b000901 10110 100 131072 1942558 8589 2898 280
0b000801 0b000901 10111 100 131072 1942662 8530 2898 2744
0b000e01 0b000f01 10117 100 131072 1948097 3459 2898 318
0b000d01 0b000e01 10120 100 131072 1946433 5849 2898 317
0b000d01 0b000e01 10121 100 131072 1946443 5841 2898 333
0b000801 0b000101 10024 100 131072 1945821 6820 6838 872
0b000f01 0b000801 10112 100 131072 1950942 4913 2898 2751
0b000001 0b000101 10087 100 131072 1445151 511072 11234 1056
0b000001 0b000101 10088 100 131072 1446411 509816 11234 1072
0b000701 0b000001 10121 100 131072 1723623 232607 11234 3607
0b000001 0b000101 10089 100 131072 1446412 509819 11234 2144
0b000001 0b000101 10090 100 131072 1446859 509376 11234 2160
0b000001 0b000101 10091 100 131072 1446860 509379 11234 1552
0b000001 0b000101 10092 100 131072 1449158 507157 11234 2656
0b000a01 0b000b01 10118 100 131072 1950821 5602 2898 810
0b000301 0b000401 10121 100 131072 1730807 225648 11234 1683
0b000f01 0b000801 10113 100 131072 1951756 4956 2898 2767
0b000001 0b000101 10093 100 131072 1462670 494073 11234 3104
0b000a01 0b000b01 10119 100 131072 1951217 5624 2898 826
0b000501 0b000e01 10007 100 131072 1948018 9487 6838 2997
0b000501 0b000e01 10008 100 131072 1948110 9481 6838 3013
0b000b01 0b000c01 10107 100 131072 1950392 7886 2898 2763
0b000b01 0b000c01 10108 100 131072 1950437 7927 2898 2779
0b000101 0b000201 10112 100 131072 1955681 2911 2898 881
0b000b01 0b000c01 10109 100 131072 1951821 7217 2898 811
0b000501 0b000601 10111 100 131072 1948114 11260 2898 245
0b000501 0b000601 10112 100 131072 1948122 11253 2898 3493
0b000501 0b000601 10113 100 131072 1948124 11252 2898 261
0b000501 0b000601 10114 100 131072 1948168 11209 2898 757
0b000e01 0b000f01 10118 100 131072 1955322 5938 2898 334
0b000e01 0b000f01 10119 100 131072 1955362 5963 2898 350
0b000901 0b000a01 10122 100 131072 1954156 8716 2898 281
0b000901 0b000a01 10123 100 131072 1954166 8707 2898 297
0b000901 0b000a01 10124 100 131072 1954202 8694 2898 2761
0b000801 0b000901 10112 100 131072 1958865 4967 2898 2760
0b000801 0b000901 10113 100 131072 1959722 4952 2898 2776
0b000201 0b000301 10126 100 131072 1961632 3120 2898 898
0b000b01 0b000c01 10110 100 131072 1959433 5351 2898 827
0b000c01 0b000d01 10109 100 131072 1962048 3094 2898 828
0b000b01 0b000c01 10111 100 131072 1959851 5339 2898 843
0b000e01 0b000f01 10120 100 131072 1960545 5948 2898 3022
0b000e01 0b000f01 10121 100 131072 1960631 5885 2898 3038
0b000101 0b000a01 10007 100 131072 1959263 9550 6838 1073
0b000101 0b000a01 10008 100 131072 1959303 9533 6838 1089
0b000601 0b000f01 10009 100 131072 1962385 6875 6838 3510
0b000f01 0b000001 10020 100 131072 1954566 15083 15174 335
0b000b01 0b000401 10020 100 131072 1931815 38754 15174 2251
0b000601 0b000701 10125 100 131072 1962384 8474 2898 262
0b000601 0b000701 10126 100 131072 1962387 8473 2898 774
0b000601 0b000701 10127 100 131072 1962394 8468 2898 278
0b000c01 0b000501 10023 100 131072 1961288 9551 6838 2780
0b000c01 0b000501 10024 100 131072 1961374 9552 6838 2796
0b000d01 0b000e01 10122 100 131072 1968152 3142 2898 845
0b000901 0b000a01 10125 100 131072 1966842 5014 2898 2777
0b000901 0b000a01 10126 100 131072 1967684 5053 2898 2793
0b000101 0b000201 10113 100 131072 1959271 13935 2898 2161
0b000101 0b000201 10114 100 131072 1959279 13929 2898 1569
0b000101 0b000201 10115 100 131072 1959281 13929 2898 2177
0b000101 0b000201 10116 100 131072 1959325 13907 2898 2673
0b000c01 0b000d01 10110 100 131072 1967794 5360 2898 844
0b000101 0b000201 10117 100 131072 1959753 13572 2898 3121
0b000c01 0b000d01 10111 100 131072 1968200 5355 2898 860
0b000a01 0b000b01 10120 100 131072 1965912 10637 2898 298
0b000f01 0b000801 10114 100 131072 1969503 7165 2898 3039
0b000a01 0b000b01 10121 100 131072 1965936 10741 2898 2778
0b000a01 0b000b01 10122 100 131072 1965952 10727 2898 314
0b000f01 0b000801 10115 100 131072 1969526 7187 2898 3055
0b000301 0b000401 10122 100 131072 1740895 236137 11234 259
0b000e01 0b000f01 10122 100 131072 1974334 3087 2898 862
0b000f01 0b000801 10116 100 131072 1972270 5747 2898 3535
0b000b01 0b000401 10021 100 131072 1932782 45440 15174 2267
0b000b01 0b000401 10022 100 131072 1932792 45439 15174 2283
0b000701 0b000001 10122 100 131072 1744615 233641 11234 2775
0b000301 0b000401 10123 100 131072 1741415 237679 11234 851
0b000401 0b000501 10093 100 131072 1476090 503023 11234 1188
0b000701 0b000001 10123 100 131072 1744851 234377 11234 2183
0b000501 0b000601 10115 100 131072 1973849 5606 2898 2789
0b000001 0b000101 10094 100 131072 1488294 491183 11234 3584
0b000401 0b000501 10094 100 131072 1487706 491783 11234 1668
0b000501 0b000601 10116 100 131072 1973936 5606 2898 2805
0b000401 0b000501 10095 100 131072 1499458 480339 11234 3012
0b000001 0b000101 10095 100 131072 1499869 479976 11234 1088
0b000001 0b000101 10096 100 131072 1522955 457550 11234 3120
0b000401 0b000501 10096 100 131072 1522179 458366 11234 1204
0b000401 0b000501 10097 100 131072 1534056 446877 11234 1684
0b000d01 0b000e01 10123 100 131072 1976164 5280 2898 861
0b000d01 0b000e01 10124 100 131072 1976565 5280 2898 877
0b000201 0b000b01 10009 100 131072 1976218 6852 6838 1586
0b000f01 0b000801 10117 100 131072 1980431 3000 2898 879
0b000701 0b000801 10017 100 131072 1973868 9571 6838 279
0b000701 0b000801 10018 100 131072 1973878 9563 6838 295
0b000a01 0b000b01 10123 100 131072 1971853 12599 2898 1098
0b000a01 0b000b01 10124 100 131072 1971893 12560 2898 1114
0b000a01 0b000b01 10125 100 131072 1974896 10790 2898 2794
0b000a01 0b000b01 10126 100 131072 1975777 10064 2898 2810
0b000101 0b000201 10118 100 131072 1982487 4831 2898 3601
0b000201 0b000301 10127 100 131072 1976216 11509 2898 2178
0b000201 0b000301 10128 100 131072 1976226 11500 2898 2194
0b000201 0b000301 10129 100 131072 1976242 11485 2898 2690
0b000201 0b000301 10130 100 131072 1976335 11415 2898 3138
0b000801 0b000901 10114 100 131072 1979678 8426 2898 3048
0b000801 0b000901 10115 100 131072 1979723 8551 2898 3064
0b000101 0b000201 10119 100 131072 1983515 4841 2898 3137
0b000601 0b000701 10128 100 131072 1982465 6020 2898 2806
0b000601 0b000701 10129 100 131072 1982552 6021 2898 2822
0b000b01 0b000401 10023 100 131072 1939765 49311 15174 2299
0b000b01 0b000c01 10112 100 131072 1979559 9716 2898 315
0b000501 0b000e01 10009 100 131072 1982807 6820 6838 3029
0b000e01 0b000f01 10123 100 131072 1984484 5228 2898 878
0b000101 0b000a01 10009 100 131072 1982855 6883 6838 1105
0b000b01 0b000c01 10113 100 131072 1979687 10325 2898 2795
0b000b01 0b000c01 10114 100 131072 1979689 10325 2898 331
0b000e01 0b000f01 10124 100 131072 1984885 5228 2898 894
0b000801 0b000901 10116 100 131072 1981027 9139 2898 3544
0b000501 0b000601 10117 100 131072 1982123 9162 2898 1205
0b000f01 0b000001 10021 100 131072 1964270 27144 15174 351
0b000f01 0b000001 10022 100 131072 1964335 27340 15174 367
0b000001 0b000101 10097 100 131072 1533766 458116 11234 3600
0b000701 0b000001 10124 100 131072 1784742 207212 11234 2791
0b000001 0b000101 10098 100 131072 1545192 447066 11234 1568
0b000501 0b000601 10118 100 131072 1982499 9847 2898 1685
0b000001 0b000101 10099 100 131072 1556559 436063 11234 1104
0b000301 0b000401 10124 100 131072 1801584 191132 11234 867
0b000401 0b000501 10098 100 131072 1555675 437087 11234 3492
0b000401 0b000501 10099 100 131072 1556559 436207 11234 3028
0b000801 0b000101 10025 100 131072 1986441 6878 6838 888
0b000001 0b000101 10100 100 131072 1580043 413331 11234 1584
0b000501 0b000601 10119 100 131072 1983555 9843 2898 1221
0b000501 0b000601 10120 100 131072 1983943 9602 2898 1701
0b000801 0b000901 10117 100 131072 1986449 7379 2898 296
0b000801 0b000901 10118 100 131072 1986459 7370 2898 312
0b000001 0b000101 10101 100 131072 1601907 392091 11234 1120
0b000401 0b000501 10100 100 131072 1595718 398476 11234 3508
0b000001 0b000101 10102 100 131072 1613799 380583 11234 2672
0b000001 0b000101 10103 100 131072 1625919 368763 11234 1600
0b000201 0b000301 10131 100 131072 1990328 4658 2898 3618
0b000e01 0b000f01 10125 100 131072 1992667 3010 2898 3054
0b000a01 0b000b01 10127 100 131072 1992778 3114 2898 1130
0b000201 0b000301 10132 100 131072 1991366 4699 2898 3154
0b000001 0b000101 10104 100 131072 1638347 358567 11234 1136
0b000c01 0b000d01 10112 100 131072 1992285 5278 2898 332
0b000f01 0b000801 10118 100 131072 1992722 5381 2898 895
0b000c01 0b000d01 10113 100 131072 1993024 5287 2898 348
0b000f01 0b000801 10119 100 131072 1993123 5360 2898 911
0b000b01 0b000401 10024 100 131072 1942757 56576 15174 2315
0b000901 0b000a01 10127 100 131072 1991114 8402 2898 3065
0b000c01 0b000501 10025 100 131072 1993022 7020 6838 2812
0b000901 0b000a01 10128 100 131072 1991284 8822 2898 3081
0b000501 0b000601 10121 100 131072 1995772 4419 2898 3509
0b000301 0b000c01 10017 100 131072 1990735 9622 6838 2195
0b000301 0b000c01 10018 100 131072 1990745 9614 6838 2211
0b000b01 0b000c01 10115 100 131072 1986080 14658 2898 1611
0b000f01 0b000801 10120 100 131072 1998687 2876 2898 3071
0b000601 0b000701 10130 100 131072 1994295 7312 2898 1222
0b000501 0b000601 10122 100 131072 1997204 4464 2898 3525
0b000b01 0b000c01 10116 100 131072 1987462 14958 2898 1115
0b000b01 0b000c01 10117 100 131072 1987472 14950 2898 1131
0b000501 0b000e01 10010 100 131072 1995776 6921 6838 3045
0b000901 0b000a01 10129 100 131072 1993176 9652 2898 3561
0b000b01 0b000c01 10118 100 131072 1988696 14373 2898 2811
0b000b01 0b000c01 10119 100 131072 1988851 14263 2898 2827
0b000101 0b000a01 10010 100 131072 1995632 8271 6838 1121
0b000601 0b000701 10131 100 131072 1995356 9416 2898 1702
0b000b01 0b000c01 10120 100 131072 1998902 6194 2898 1147
0b000901 0b000a01 10130 100 131072 1996838 8532 2898 313
0b000901 0b000a01 10131 100 131072 1996848 8544 2898 329
0b000401 0b000501 10101 100 131072 1601503 403960 11234 3044
0b000301 0b000401 10125 100 131072 1839644 165849 11234 883
0b000d01 0b000e01 10125 100 131072 2000573 5022 2898 349
0b000601 0b000701 10132 100 131072 1996408 9463 2898 1238
0b000601 0b000701 10133 100 131072 1996555 9361 2898 1718
0b000501 0b000601 10123 100 131072 2003052 3002 2898 2821
0b000d01 0b000e01 10126 100 131072 2001321 5087 2898 365
0b000101 0b000a01 10011 100 131072 1997008 9602 6838 1137
0b000101 0b000201 10120 100 131072 1994892 12296 2898 3617
0b000801 0b000901 10119 100 131072 2004573 2910 2898 3080
0b000101 0b000a01 10012 100 131072 1999924 8335 6838 1153
0b000e01 0b000f01 10126 100 131072 2005737 2902 2898 3070
0b000101 0b000201 10121 100 131072 1995268 13736 2898 1585
0b000a01 0b000b01 10128 100 131072 2002556 7014 2898 3082
0b000801 0b000101 10026 100 131072 2001113 9425 6838 904
0b000801 0b000101 10027 100 131072 2001493 9425 6838 920
0b000101 0b000201 10122 100 131072 1996329 14823 2898 897
0b000101 0b000201 10123 100 131072 1996384 14835 2898 1601
0b000601 0b000f01 10010 100 131072 2003201 8111 6838 3526
0b000101 0b000201 10124 100 131072 1997392 14312 2898 2689
0b000101 0b000201 10125 100 131072 1997692 14079 2898 1617
0b000601 0b000701 10134 100 131072 2009064 2912 2898 2838
0b000601 0b000f01 10011 100 131072 2004678 8112 6838 3542
0b000201 0b000301 10133 100 131072 2010198 2964 2898 3634
0b000a01 0b000b01 10129 100 131072 2003146 10185 2898 3098
0b000901 0b000a01 10132 100 131072 2010493 3003 2898 3097
0b000e01 0b000f01 10127 100 131072 2008635 4914 2898 366
0b000e01 0b000f01 10128 100 131072 2009448 4938 2898 382
0b000f01 0b000801 10121 100 131072 2011649 3210 2898 3087
0b000501 0b000e01 10011 100 131072 2008473 6957 6838 3061
0b000c01 0b000501 10026 100 131072 2006079 9575 6838 2828
0b000c01 0b000501 10027 100 131072 2006124 9576 6838 2844
0b000b01 0b000c01 10121 100 131072 2012580 3132 2898 3099
0b000c01 0b000d01 10114 100 131072 2003367 14059 2898 2220
0b000c01 0b000d01 10115 100 131072 2003377 14050 2898 2236
0b000c01 0b000d01 10116 100 131072 2003748 14384 2898 1628
0b000f01 0b000801 10122 100 131072 2014322 4637 2898 3551
0b000101 0b000201 10126 100 131072 2013548 5504 2898 913
0b000101 0b000201 10127 100 131072 2013928 5480 2898 929
0b000201 0b000301 10134 100 131072 2014162 5341 2898 914
0b000201 0b000b01 10010 100 131072 2012014 7639 6838 1602
0b000b01 0b000c01 10122 100 131072 2016341 3262 2898 3115
0b000701 0b000001 10125 100 131072 1857074 162936 11234 2199
0b000201 0b000301 10135 100 131072 2014714 5322 2898 2706
0b000c01 0b000d01 10117 100 131072 2005430 14726 2898 1132
0b000c01 0b000d01 10118 100 131072 2005440 14718 2898 1148
0b000f01 0b000801 10123 100 131072 2015800 4543 2898 3567
0b000801 0b000901 10120 100 131072 2017869 2985 2898 3096
0b000c01 0b000d01 10119 100 131072 2008106 13131 2898 1164
0b000e01 0b000f01 10129 100 131072 2018470 2965 2898 3086
0b000a01 0b000b01 10130 100 131072 2005868 16120 2898 3578
0b000c01 0b000d01 10120 100 131072 2018722 4894 2898 3116
0b000201 0b000b01 10011 100 131072 2014229 9836 6838 1618
0b000a01 0b000b01 10131 100 131072 2006943 17258 2898 1146
0b000501 0b000601 10124 100 131072 2018664 5648 2898 2837
0b000201 0b000b01 10012 100 131072 2014781 9559 6838 1634
0b000501 0b000601 10125 100 131072 2018710 5646 2898 2853
0b000a01 0b000b01 10132 100 131072 2008410 17662 2898 330
0b000c01 0b000d01 10121 100 131072 2022613 3491 2898 3132
0b000a01 0b000b01 10133 100 131072 2008450 17711 2898 346
0b000801 0b000901 10121 100 131072 2021969 4458 2898 3560
0b000b01 0b000c01 10123 100 131072 2022663 3846 2898 1627
0b000a01 0b000b01 10134 100 131072 2009650 17106 2898 1162
0b000901 0b000a01 10133 100 131072 2023864 3056 2898 3113
0b000a01 0b000b01 10135 100 131072 2011299 16021 2898 1178
0b000201 0b000301 10136 100 131072 2022062 5352 2898 930
0b000401 0b000501 10102 100 131072 1612875 414592 11234 3524
0b000f01 0b000801 10124 100 131072 2024445 3022 2898 3103
0b000201 0b000301 10137 100 131072 2022418 5349 2898 946
0b000801 0b000901 10122 100 131072 2023353 4377 2898 3576
0b000301 0b000401 10126 100 131072 1845905 182003 11234 3139
0b000301 0b000401 10127 100 131072 1845912 182000 11234 275
0b000701 0b000001 10126 100 131072 1858081 169972 11234 2807
0b000a01 0b000b01 10136 100 131072 2016536 11643 2898 3114
0b000701 0b000001 10127 100 131072 1858350 170256 11234 1223
0b000401 0b000501 10103 100 131072 1624743 407514 11234 756
0b000c01 0b000d01 10122 100 131072 2029519 3054 2898 1644
0b000a01 0b000b01 10137 100 131072 2029960 3040 2898 3130
0b000601 0b000701 10135 100 131072 2027322 5777 2898 2854
0b000601 0b000701 10136 100 131072 2027366 5799 2898 2870
0b000501 0b000601 10126 100 131072 2030477 2998 2898 3541
0b000801 0b000901 10123 100 131072 2030477 3007 2898 3112
0b000d01 0b000601 10015 100 131072 2026626 7093 6838 3133
0b000901 0b000a01 10134 100 131072 2029437 4478 2898 3577
0b000d01 0b000e01 10127 100 131072 2020436 13578 2898 2237
0b000d01 0b000e01 10128 100 131072 2020446 13570 2898 2253
0b000901 0b000a01 10135 100 131072 2030740 4458 2898 3593
0b000d01 0b000e01 10129 100 131072 2021142 14220 2898 1645
0b000b01 0b000c01 10124 100 131072 2024998 10695 2898 3595
0b000d01 0b000601 10016 100 131072 2029114 7085 6838 3149
0b000d01 0b000e01 10130 100 131072 2023166 14644 2898 1149
0b000d01 0b000e01 10131 100 131072 2023176 14635 2898 1165
0b000501 0b000601 10127 100 131072 2035267 2968 2898 773
0b000d01 0b000e01 10132 100 131072 2024247 14005 2898 1181
0b000f01 0b000001 10023 100 131072 2016559 22861 15174 383
0b000901 0b000a01 10136 100 131072 2036494 2978 2898 3129
0b000601 0b000701 10137 100 131072 2036729 3277 2898 3142
0b000701 0b000001 10128 100 131072 1874273 165895 11234 1703
0b000d01 0b000e01 10133 100 131072 2035613 4768 2898 1661
0b000301 0b000401 10128 100 131072 1859320 182258 11234 3619
0b000a01 0b000b01 10138 100 131072 2036955 4625 2898 3594
0b000c01 0b000d01 10123 100 131072 2038703 3008 2898 3612
0b000f01 0b000001 10024 100 131072 2017396 25259 15174 399
0b000a01 0b000b01 10139 100 131072 2038238 4729 2898 3610
0b000601 0b000f01 10012 100 131072 2036485 6853 6838 3558
0b000601 0b000701 10138 100 131072 2039239 4291 2898 3158
0b000001 0b000101 10105 100 131072 1673716 371130 11234 1152
0b000001 0b000101 10106 100 131072 1674078 370772 11234 1616
0b000601 0b000701 10139 100 131072 2041275 3997 2898 790
0b000a01 0b000b01 10140 100 131072 2042482 3237 2898 3146
0b000d01 0b000e01 10134 100 131072 2044721 3000 2898 3629
0b000f01 0b000801 10125 100 131072 2046348 3085 2898 3583
0b000e01 0b000f01 10130 100 131072 2037054 12832 2898 2254
0b000e01 0b000f01 10131 100 131072 2037094 12920 2898 2270
0b000b01 0b000c01 10125 100 131072 2027075 22960 2898 1643
0b000301 0b000401 10129 100 131072 1861583 189000 11234 291
0b000b01 0b000c01 10126 100 131072 2027211 23519 2898 1163
0b000101 0b000201 10128 100 131072 2047860 2908 2898 1633
0b000b01 0b000c01 10127 100 131072 2027350 23802 2898 1659
0b000401 0b000501 10104 100 131072 1636209 415358 11234 3060
0b000701 0b000001 10129 100 131072 1888214 163554 11234 3143
0b000001 0b000101 10107 100 131072 1700536 352015 11234 1632
0b000e01 0b000f01 10132 100 131072 2038402 14767 2898 1662
0b000101 0b000a01 10013 100 131072 2047856 6820 6838 1169
0b000b01 0b000c01 10128 100 131072 2029082 25930 2898 347
0b000b01 0b000c01 10129 100 131072 2029171 26018 2898 363
0b000801 0b000901 10124 100 131072 2052443 2991 2898 3592
0b000b01 0b000c01 10130 100 131072 2029766 26040 2898 1179
0b000b01 0b000c01 10131 100 131072 2030330 26005 2898 1195
0b000e01 0b000f01 10133 100 131072 2040850 15576 2898 1166
0b000e01 0b000f01 10134 100 131072 2040890 15537 2898 1182
0b000e01 0b000f01 10135 100 131072 2041292 15312 2898 1198
0b000b01 0b000c01 10132 100 131072 2031189 25697 2898 3131
0b000e01 0b000f01 10136 100 131072 2043421 13558 2898 1678
0b000e01 0b000701 10017 100 131072 2050761 6892 6838 3646
0b000101 0b000201 10129 100 131072 2055561 2907 2898 1649
0b000b01 0b000c01 10133 100 131072 2036010 23132 2898 3147
0b000f01 0b000801 10126 100 131072 2052896 7013 2898 2271
0b000201 0b000b01 10013 100 131072 2053778 6820 6838 1650
0b000f01 0b000801 10127 100 131072 2053024 7496 2898 2287
0b000a01 0b000b01 10141 100 131072 2057686 3113 2898 1194
0b000501 0b000e01 10012 100 131072 2054577 6867 6838 3077
0b000901 0b000a01 10137 100 131072 2058444 2976 2898 3609
0b000301 0b000401 10130 100 131072 1866778 195001 11234 1219
0b000b01 0b000c01 10134 100 131072 2044620 17372 2898 3611
0b000b01 0b000c01 10135 100 131072 2045977 16280 2898 3627
0b000b01 0b000c01 10136 100 131072 2048729 13793 2898 3163
0b000401 0b000501 10105 100 131072 1673068 389948 11234 3076
0b000401 0b000501 10106 100 131072 1673424 389596 11234 3540
0b000c01 0b000d01 10124 100 131072 2053045 10118 2898 1660
0b000701 0b000001 10130 100 131072 1910686 153118 11234 2215
0b000001 0b000101 10108 100 131072 1707684 356148 11234 2688
0b000a01 0b000b01 10142 100 131072 2064430 3015 2898 3626
0b000e01 0b000f01 10137 100 131072 2064484 3015 2898 3102
0b000201 0b000b01 10014 100 131072 2061478 6820 6838 1666
0b000f01 0b000801 10128 100 131072 2056179 12141 2898 1679
0b000801 0b000901 10125 100 131072 2062919 5410 2898 2280
0b000501 0b000601 10128 100 131072 2066030 2909 2898 3557
0b000801 0b000901 10126 100 131072 2063530 5415 2898 2296
0b000d01 0b000e01 10135 100 131072 2066173 3024 2898 1677
0b000b01 0b000c01 10137 100 131072 2063608 5701 2898 1675
0b000b01 0b000c01 10138 100 131072 2063809 5699 2898 1211
0b000101 0b000201 10130 100 131072 2066842 2907 2898 2705
0b000c01 0b000d01 10125 100 131072 2053740 16094 2898 1180
0b000c01 0b000d01 10126 100 131072 2054162 17683 2898 1676
0b000501 0b000e01 10013 100 131072 2066026 6820 6838 3093
0b000f01 0b000801 10129 100 131072 2059436 13795 2898 1183
0b000f01 0b000801 10130 100 131072 2059446 13786 2898 1199
0b000f01 0b000801 10131 100 131072 2059614 13685 2898 1215
0b000f01 0b000801 10132 100 131072 2059989 13443 2898 1695
0b000301 0b000401 10131 100 131072 1901184 173177 11234 1699
0b000401 0b000501 10107 100 131072 1689024 385621 11234 3556
0b000801 0b000901 10127 100 131072 2071330 3215 2898 1688
0b000e01 0b000f01 10138 100 131072 2072237 3033 2898 1694
0b000b01 0b000c01 10139 100 131072 2070455 5013 2898 3643
0b000201 0b000301 10138 100 131072 2072759 2900 2898 2722
0b000f01 0b000801 10133 100 131072 2070509 5119 2898 3119
0b000b01 0b000c01 10140 100 131072 2071308 5041 2898 1691
0b000001 0b000101 10109 100 131072 1719263 357221 11234 1168
0b000901 0b000a01 10138 100 131072 2071339 5194 2898 2297
0b000d01 0b000e01 10136 100 131072 2072844 3921 2898 1197
0b000901 0b000a01 10139 100 131072 2071955 5216 2898 2313
0b000601 0b000f01 10013 100 131072 2071979 6820 6838 3574
0b000d01 0b000e01 10137 100 131072 2074855 4018 2898 1693
0b000e01 0b000f01 10139 100 131072 2075886 3018 2898 3118
0b000501 0b000601 10129 100 131072 2077655 2911 2898 3573
0b000901 0b000a01 10140 100 131072 2077555 3108 2898 1705
0b000f01 0b000801 10134 100 131072 2078280 3090 2898 1711
0b000e01 0b000f01 10140 100 131072 2079805 3714 2898 1214
0b001301 0b001401 10210 100 2097152 1732362 352042 44264 7683
0b001301 0b001401 10211 100 2097152 1732362 352043 44264 8163
0b001301 0b001401 10212 100 2097152 1732362 352044 44264 8643
0b001301 0b001401 10213 100 2097152 1732362 352045 44264 9123
0b001301 0b001401 10214 100 2097152 1732362 352067 44264 10083
0b001301 0b001401 10215 100 2097152 1732362 352068 44264 10563
0b001301 0b001401 10216 100 2097152 1732362 352069 44264 11043
0b000a01 0b000b01 10143 100 131072 2079573 5083 2898 2314
0b000a01 0b000b01 10144 100 131072 2080211 5035 2898 2330
0b001f01 0b001801 10216 100 2097152 1732297 352866 44264 11055
0b001f01 0b001801 10215 100 2097152 1732297 352867 44264 10575
0b001f01 0b001801 10214 100 2097152 1732297 352868 44264 10095
0b001f01 0b001801 10213 100 2097152 1732297 352890 44264 9615
0b001f01 0b001801 10212 100 2097152 1732297 352891 44264 9135
0b001f01 0b001801 10211 100 2097152 1732297 352892 44264 8655
0b001f01 0b001801 10210 100 2097152 1732297 352893 44264 8175
0b000701 0b000001 10131 100 131072 1921684 163792 11234 3623
0b000e01 0b000f01 10141 100 131072 2081883 3772 2898 1710
0b000301 0b000401 10132 100 131072 1919786 166410 11234 1715
0b000101 0b000a01 10014 100 131072 2079494 6850 6838 1185
0b000401 0b000501 10108 100 131072 1707180 379170 11234 3092
0b000701 0b000001 10132 100 131072 1921947 164501 11234 3639
0b000c01 0b000d01 10127 100 131072 2058022 28486 2898 364
0b000401 0b000501 10109 100 131072 1718901 367865 11234 772
0b000001 0b000101 10110 100 131072 1736300 350526 11234 2704
0b001801 0b001901 10210 100 2097152 1733683 353141 44264 7688
0b001801 0b001901 10211 100 2097152 1733683 353142 44264 8648
0b001801 0b001901 10212 100 2097152 1733683 353143 44264 9128
0b001801 0b001901 10213 100 2097152 1733683 353144 44264 9608
0b001801 0b001901 10214 100 2097152 1733683 353145 44264 10088
0b001801 0b001901 10215 100 2097152 1733683 353146 44264 10568
0b001801 0b001901 10216 100 2097152 1733683 353168 44264 11048
0b000c01 0b000d01 10128 100 131072 2058199 28815 2898 380
0b000001 0b000101 10111 100 131072 1753000 334538 11234 256
0b000001 0b000101 10112 100 131072 1753089 334453 11234 2720
0b000001 0b000101 10113 100 131072 1764798 323208 11234 1648
0b000f01 0b000801 10135 100 131072 2081839 6290 2898 3599
0b000f01 0b000801 10136 100 131072 2081944 6362 2898 3135
0b001401 0b001501 10210 100 2097152 1735388 352809 44264 7684
0b001401 0b001501 10211 100 2097152 1735388 352810 44264 8164
0b001401 0b001501 10212 100 2097152 1735388 352811 44264 8644
0b001401 0b001501 10213 100 2097152 1735388 352812 44264 9124
0b001401 0b001501 10214 100 2097152 1735388 352813 44264 9604
0b001401 0b001501 10215 100 2097152 1735388 352814 44264 10564
0b001401 0b001501 10216 100 2097152 1735388 352836 44264 11044
0b000c01 0b000d01 10129 100 131072 2058816 29586 2898 1196
0b000c01 0b000d01 10130 100 131072 2059345 29899 2898 1212
0b000c01 0b000d01 10131 100 131072 2059896 29917 2898 3148
0b001701 0b001001 10216 100 2097152 1736727 353583 44264 11047
0b001701 0b001001 10215 100 2097152 1736727 353605 44264 10567
0b001701 0b001001 10214 100 2097152 1736727 353606 44264 10087
0b001701 0b001001 10213 100 2097152 1736727 353607 44264 9607
0b001701 0b001001 10212 100 2097152 1736727 353608 44264 9127
0b001d01 0b001e01 10210 100 2097152 1736199 354131 44264 7693
0b001701 0b001001 10211 100 2097152 1736727 353630 44264 8647
0b001d01 0b001e01 10211 100 2097152 1736199 354153 44264 8173
0b001701 0b001001 10210 100 2097152 1736727 353631 44264 8167
0b001d01 0b001e01 10212 100 2097152 1736199 354154 44264 8653
0b001d01 0b001e01 10213 100 2097152 1736199 354155 44264 9133
0b001d01 0b001e01 10214 100 2097152 1736199 354156 44264 9613
0b001d01 0b001e01 10215 100 2097152 1736199 354157 44264 10093
0b001d01 0b001e01 10216 100 2097152 1736199 354179 44264 11053
0b000601 0b000f01 10014 100 131072 2083606 6820 6838 3590
0b000a01 0b000301 10017 100 131072 2083703 6911 6838 1722
0b001901 0b001a01 10210 100 2097152 1736664 354385 44264 7689
0b001901 0b001a01 10211 100 2097152 1736664 354386 44264 8169
0b001901 0b001a01 10212 100 2097152 1736664 354387 44264 9129
0b001901 0b001a01 10213 100 2097152 1736664 354388 44264 9609
0b001901 0b001a01 10214 100 2097152 1736664 354389 44264 10089
0b001901 0b001a01 10215 100 2097152 1736664 354411 44264 10569
0b001901 0b001a01 10216 100 2097152 1736664 354412 44264 11049
0b000801 0b000901 10128 100 131072 2076241 15037 2898 1192
0b000801 0b000901 10129 100 131072 2076251 15028 2898 1208
0b000801 0b000901 10130 100 131072 2076309 15059 2898 1224
0b000801 0b000901 10131 100 131072 2076442 15080 2898 1704
0b000c01 0b000d01 10132 100 131072 2062182 29920 2898 3164
0b000001 0b000101 10114 100 131072 1777263 315047 11234 2736
0b000a01 0b000b01 10145 100 131072 2089384 2876 2898 1210
0b000f01 0b000801 10137 100 131072 2086529 5790 2898 1231
0b000501 0b000601 10130 100 131072 2089776 2907 2898 789
0b001501 0b001601 10210 100 2097152 1738349 354495 44264 7685
0b001501 0b001601 10211 100 2097152 1738349 354517 44264 8165
0b001501 0b001601 10212 100 2097152 1738349 354518 44264 8645
0b001501 0b001601 10213 100 2097152 1738349 354540 44264 9125
0b001501 0b001601 10214 100 2097152 1738349 354541 44264 9605
0b001501 0b001601 10215 100 2097152 1738349 354542 44264 10085
0b001501 0b001601 10216 100 2097152 1738349 354543 44264 11045
0b000f01 0b000801 10138 100 131072 2088665 4824 2898 1727
0b000801 0b000901 10132 100 131072 2078638 14855 2898 3128
0b001c01 0b001d01 10210 100 2097152 1739302 354457 44264 7692
0b001c01 0b001d01 10211 100 2097152 1739302 354458 44264 8172
0b001c01 0b001d01 10212 100 2097152 1739302 354480 44264 8652
0b001c01 0b001d01 10213 100 2097152 1739302 354481 44264 9132
0b001c01 0b001d01 10214 100 2097152 1739302 354482 44264 9612
0b001c01 0b001d01 10215 100 2097152 1739302 354483 44264 10572
0b001c01 0b001d01 10216 100 2097152 1739302 354484 44264 11052
0b001e01 0b001f01 10210 100 2097152 1739054 355354 44264 7694
0b001e01 0b001f01 10211 100 2097152 1739054 355355 44264 8174
0b001e01 0b001f01 10212 100 2097152 1739054 355356 44264 8654
0b001e01 0b001f01 10213 100 2097152 1739054 355357 44264 9134
0b001e01 0b001f01 10214 100 2097152 1739054 355358 44264 9614
0b001e01 0b001f01 10215 100 2097152 1739054 355359 44264 10094
0b001e01 0b001f01 10216 100 2097152 1739054 355381 44264 10574
0b000c01 0b000d01 10133 100 131072 2065002 29565 2898 3628
0b000c01 0b000d01 10134 100 131072 2065267 29433 2898 3644
0b000c01 0b000d01 10135 100 131072 2065532 29279 2898 3180
0b001601 0b001701 10216 100 2097152 1740328 355540 44264 10566
0b001601 0b001701 10215 100 2097152 1740328 355562 44264 10086
0b001601 0b001701 10214 100 2097152 1740328 355563 44264 9606
0b001601 0b001701 10213 100 2097152 1740328 355564 44264 9126
0b001601 0b001701 10212 100 2097152 1740328 355565 44264 8646
0b001601 0b001701 10211 100 2097152 1740328 355566 44264 8166
0b001601 0b001701 10210 100 2097152 1740328 355567 44264 7686
0b000f01 0b000801 10139 100 131072 2093436 3020 2898 3615
0b001b01 0b001c01 10210 100 2097152 1743909 352977 44264 7691
0b001b01 0b001c01 10211 100 2097152 1743909 352999 44264 8171
0b001b01 0b001c01 10212 100 2097152 1743909 353000 44264 8651
0b001b01 0b001c01 10213 100 2097152 1743909 353001 44264 9131
0b001b01 0b001c01 10214 100 2097152 1743909 353002 44264 10091
0b001b01 0b001c01 10215 100 2097152 1743909 353003 44264 10571
0b001b01 0b001c01 10216 100 2097152 1743909 353004 44264 11051
0b000501 0b000e01 10014 100 131072 2089360 7879 6838 3109
0b001001 0b001101 10210 100 2097152 1741070 356015 44264 7680
0b001001 0b001101 10211 100 2097152 1741070 356016 44264 8640
0b001001 0b001101 10212 100 2097152 1741070 356038 44264 9120
0b001001 0b001101 10213 100 2097152 1741070 356060 44264 9600
0b001001 0b001101 10214 100 2097152 1741070 356061 44264 10080
0b001001 0b001101 10215 100 2097152 1741070 356062 44264 10560
0b001001 0b001101 10216 100 2097152 1741070 356063 44264 11040
0b000c01 0b000d01 10136 100 131072 2072319 25240 2898 1692
0b000801 0b000901 10133 100 131072 2084380 13240 2898 1720
0b000c01 0b000d01 10137 100 131072 2072518 25108 2898 1228
0b001a01 0b001b01 10211 100 2097152 1741861 356259 44264 8170
0b001a01 0b001b01 10212 100 2097152 1741861 356260 44264 8650
0b001a01 0b001b01 10213 100 2097152 1741861 356261 44264 9610
0b001a01 0b001b01 10214 100 2097152 1741861 356262 44264 10090
0b001a01 0b001b01 10215 100 2097152 1741861 356284 44264 10570
0b001a01 0b001b01 10216 100 2097152 1741861 356285 44264 11050
0b000b01 0b000c01 10141 100 131072 2095270 3002 2898 1227
0b001a01 0b001b01 10210 100 2097152 1741861 356440 44264 7690
0b000601 0b000701 10140 100 131072 2095723 2908 2898 806
0b000901 0b000a01 10141 100 131072 2094532 4033 2898 1721
0b000301 0b000401 10133 100 131072 1952748 145988 11234 899
0b000d01 0b000e01 10138 100 131072 2089518 9090 2898 381
0b000c01 0b000d01 10138 100 131072 2078508 20114 2898 3660
0b000c01 0b000d01 10139 100 131072 2079359 19330 2898 1708
0b000401 0b000501 10110 100 131072 1742586 356205 11234 788
0b000401 0b000501 10111 100 131072 1747705 351318 11234 2180
0b000101 0b000201 10131 100 131072 2089836 9853 2898 2721
0b000701 0b000001 10133 100 131072 1973870 125874 11234 791
0b000001 0b000101 10115 100 131072 1788888 311127 11234 1664
0b000001 0b000101 10116 100 131072 1791704 308451 11234 272
0b000d01 0b000e01 10139 100 131072 2090024 10563 2898 397
0b000901 0b000a01 10142 100 131072 2096503 4105 2898 3145
0b001301 0b001401 10217 100 2097152 1850645 250793 44264 9139
0b000101 0b000201 10132 100 131072 2090548 11947 2898 273
0b000101 0b000201 10133 100 131072 2090552 11945 2898 2737
0b000101 0b000201 10134 100 131072 2091016 11801 2898 1665
0b000801 0b000901 10134 100 131072 2091139 11752 2898 3608
0b000801 0b000901 10135 100 131072 2091316 11752 2898 3144
0b000901 0b000a01 10143 100 131072 2100660 3339 2898 1737
0b000c01 0b000d01 10140 100 131072 2101282 3001 2898 1244
0b000101 0b000201 10135 100 131072 2095320 10073 2898 2753
0b000e01 0b000f01 10142 100 131072 2100249 5155 2898 3134
0b000d01 0b000e01 10140 100 131072 2091412 14150 2898 1213
0b000201 0b000301 10139 100 131072 2102699 3297 2898 2738
0b000801 0b000901 10136 100 131072 2095359 11167 2898 1240
0b000a01 0b000b01 10146 100 131072 2103648 2898 2898 3162
0b000801 0b000901 10137 100 131072 2096529 10570 2898 1736
0b000501 0b000601 10131 100 131072 2101801 5478 2898 805
0b000501 0b000601 10132 100 131072 2102033 5460 2898 2197
0b000d01 0b000e01 10141 100 131072 2092254 15311 2898 1229
0b000801 0b000901 10138 100 131072 2099466 8360 2898 3624
0b000401 0b000501 10112 100 131072 1753761 354290 11234 804
0b000e01 0b000f01 10143 100 131072 2101618 6645 2898 398
0b000d01 0b000601 10017 100 131072 2092853 15514 6838 3165
0b001101 0b001201 10210 100 2097152 1748309 360114 44264 7681
0b001101 0b001201 10211 100 2097152 1748309 360136 44264 8161
0b001101 0b001201 10212 100 2097152 1748309 360137 44264 9121
0b001101 0b001201 10213 100 2097152 1748309 360138 44264 9601
0b001101 0b001201 10214 100 2097152 1748309 360139 44264 10081
0b001101 0b001201 10215 100 2097152 1748309 360140 44264 10561
0b001101 0b001201 10216 100 2097152 1748309 360141 44264 11041
0b001201 0b001301 10210 100 2097152 1751164 357547 44264 7682
0b001201 0b001301 10211 100 2097152 1751164 357569 44264 8162
0b001201 0b001301 10212 100 2097152 1751164 357570 44264 8642
0b001201 0b001301 10213 100 2097152 1751164 357571 44264 9602
0b001201 0b001301 10214 100 2097152 1751164 357572 44264 10082
0b001201 0b001301 10215 100 2097152 1751164 357573 44264 10562
0b001201 0b001301 10216 100 2097152 1751164 357595 44264 11042
0b000101 0b000201 10136 100 131072 2103025 6595 2898 1681
0b000101 0b000201 10137 100 131072 2103165 6525 2898 289
0b000e01 0b000f01 10144 100 131072 2103597 6093 2898 414
0b000301 0b000401 10134 100 131072 1967762 142690 11234 915
0b000401 0b000501 10113 100 131072 1758790 351750 11234 2196
0b000f01 0b000801 10140 100 131072 2108414 3027 2898 3151
0b000b01 0b000401 10025 100 131072 2087666 23912 15174 2331
0b000a01 0b000301 10018 100 131072 2101605 10325 6838 1738
0b000901 0b000a01 10144 100 131072 2105901 6535 2898 3625
0b000b01 0b000c01 10142 100 131072 2109586 2876 2898 3179
0b000201 0b000301 10140 100 131072 2105505 7326 2898 290
0b000201 0b000301 10141 100 131072 2105507 7326 2898 2754
0b000901 0b000a01 10145 100 131072 2106078 6864 2898 3161
0b000d01 0b000601 10018 100 131072 2095142 18010 6838 3181
0b000e01 0b000f01 10145 100 131072 2108572 4984 2898 1230
0b000b01 0b000401 10026 100 131072 2088256 25761 15174 2347
0b000501 0b000601 10133 100 131072 2111061 3319 2898 821
0b000e01 0b000f01 10146 100 131072 2110605 4730 2898 1246
0b000201 0b000301 10142 100 131072 2108403 7118 2898 2770
0b000d01 0b000601 10019 100 131072 2097851 18902 6838 3197
0b000501 0b000601 10134 100 131072 2113550 3405 2898 2213
0b000201 0b000301 10143 100 131072 2112730 4268 2898 306
0b000d01 0b000e01 10142 100 131072 2097607 19323 2898 3645
0b000d01 0b000e01 10143 100 131072 2097740 19323 2898 3661
0b000901 0b000a01 10146 100 131072 2110109 7005 2898 1753
0b000901 0b000a01 10147 100 131072 2110836 6521 2898 3641
0b000801 0b000901 10139 100 131072 2114451 3051 2898 3160
0b000c01 0b000d01 10141 100 131072 2115472 3021 2898 3196
0b000601 0b000701 10141 100 131072 2110319 8750 2898 822
0b000d01 0b000e01 10144 100 131072 2100569 19150 2898 1709
0b000d01 0b000e01 10145 100 131072 2100636 19169 2898 1245
0b000601 0b000701 10142 100 131072 2110533 9388 2898 2214
0b000d01 0b000e01 10146 100 131072 2101632 18616 2898 3677
0b000d01 0b000e01 10147 100 131072 2101699 18593 2898 1725
0b000f01 0b000801 10141 100 131072 2116596 3900 2898 1247
0b000a01 0b000b01 10147 100 131072 2115476 5372 2898 3642
0b000d01 0b000e01 10148 100 131072 2107293 13715 2898 1261
0b000a01 0b000b01 10148 100 131072 2115982 5877 2898 3178
0b000601 0b000701 10143 100 131072 2111407 10598 2898 3174
0b000401 0b000501 10114 100 131072 1776315 345765 11234 260
0b000401 0b000501 10115 100 131072 1776705 345379 11234 3572
0b000f01 0b000801 10142 100 131072 2118375 3887 2898 1263
0b000701 0b000001 10134 100 131072 1991495 130948 11234 2823
0b000701 0b000001 10135 100 131072 1991583 131222 11234 2839
0b000201 0b000b01 10015 100 131072 2105827 17272 6838 1682
0b000901 0b000a01 10148 100 131072 2120512 3022 2898 3177
0b001f01 0b001801 10217 100 2097152 1846043 277480 44264 11071
0b000a01 0b000301 10019 100 131072 2107039 16939 6838 1754
0b000a01 0b000b01 10149 100 131072 2120397 3676 2898 3658
0b000901 0b000201 10015 100 131072 2094318 30215 6838 1209
0b000901 0b000201 10016 100 131072 2094328 30206 6838 1225
0b000901 0b000201 10017 100 131072 2094378 30307 6838 1241
0b000001 0b000901 10020 100 131072 2102754 23978 15174 800
0b000801 0b000901 10140 100 131072 2123506 3863 2898 1256
0b000601 0b000701 10144 100 131072 2116192 12050 2898 3190
0b000801 0b000901 10141 100 131072 2125272 3863 2898 1272
0b000601 0b000701 10145 100 131072 2117420 11789 2898 838
0b000a01 0b000b01 10150 100 131072 2126574 3007 2898 3194
0b000601 0b000701 10146 100 131072 2119793 10559 2898 3206
0b000601 0b000701 10147 100 131072 2119995 10402 2898 2230
0b000b01 0b000c01 10143 100 131072 2123888 6775 2898 3659
0b000501 0b000601 10135 100 131072 2125090 5865 2898 277
0b000501 0b000601 10136 100 131072 2125094 5863 2898 3589
0b000901 0b000201 10018 100 131072 2109536 21732 6838 1257
0b000201 0b000b01 10016 100 131072 2112630 19059 6838 1698
0b000901 0b000a01 10149 100 131072 2129742 2876 2898 825
0b000e01 0b000f01 10147 100 131072 2122759 10184 2898 1726
0b000e01 0b000f01 10148 100 131072 2122845 10352 2898 1262
0b000e01 0b000f01 10149 100 131072 2123332 10329 2898 1742
0b000301 0b000401 10135 100 131072 1990737 143018 11234 2707
0b000301 0b000401 10136 100 131072 1990760 142996 11234 3155
0b000e01 0b000f01 10150 100 131072 2124048 9846 2898 1278
0b000b01 0b000c01 10144 100 131072 2124899 9047 2898 3195
0b000701 0b000001 10136 100 131072 2004617 129578 11234 1239
0b000b01 0b000c01 10145 100 131072 2126109 10147 2898 1707
0b000201 0b000301 10144 100 131072 2127543 8921 2898 1218
0b000201 0b000301 10145 100 131072 2127553 8913 2898 1234
0b000201 0b000301 10146 100 131072 2127695 8901 2898 1250
0b000c01 0b000d01 10142 100 131072 2133673 3101 2898 3676
0b000d01 0b000601 10020 100 131072 2121503 15346 6838 3213
0b000e01 0b000701 10018 100 131072 2119970 16913 6838 3662
0b000601 0b000701 10148 100 131072 2133995 2921 2898 294
0b000e01 0b000701 10019 100 131072 2120103 16924 6838 3678
0b000b01 0b000c01 10146 100 131072 2127083 10185 2898 3675
0b000e01 0b000701 10020 100 131072 2123288 14592 6838 3694
0b000201 0b000301 10147 100 131072 2134278 4529 2898 1266
0b000a01 0b000b01 10151 100 131072 2135658 3009 2898 842
0b000a01 0b000301 10020 100 131072 2120154 18617 6838 1770
0b000f01 0b000001 10025 100 131072 2111303 28586 15174 415
0b000b01 0b000c01 10147 100 131072 2132591 7763 2898 3211
0b000c01 0b000d01 10143 100 131072 2136956 3870 2898 3212
0b000b01 0b000c01 10148 100 131072 2134699 6274 2898 1723
0b000601 0b000701 10149 100 131072 2139889 2917 2898 3222
0b000d01 0b000e01 10149 100 131072 2139784 3056 2898 3693
0b000901 0b000201 10019 100 131072 2130379 12636 6838 1273
0b000f01 0b000001 10026 100 131072 2112730 30618 15174 431
0b000b01 0b000c01 10149 100 131072 2141677 3019 2898 859
0b000f01 0b000801 10143 100 131072 2135983 9848 2898 1743
0b000901 0b000201 10020 100 131072 2132145 14398 6838 1289
0b000f01 0b000801 10144 100 131072 2136237 10352 2898 1279
0b000c01 0b000d01 10144 100 131072 2139266 7352 2898 1724
0b001701 0b001001 10217 100 2097152 1844810 301789 44264 11063
0b000f01 0b000801 10145 100 131072 2136701 10352 2898 1759
0b000f01 0b000801 10146 100 131072 2136934 10184 2898 1295
0b000c01 0b000d01 10145 100 131072 2140278 7875 2898 3692
0b000201 0b000301 10148 100 131072 2146025 2914 2898 1282
0b000301 0b000401 10137 100 131072 1997996 153691 11234 3635
0b000201 0b000301 10149 100 131072 2149553 2926 2898 1298
0b000c01 0b000d01 10146 100 131072 2143364 9265 2898 3228
0b000c01 0b000d01 10147 100 131072 2143983 9043 2898 1740
0b000701 0b000801 10019 100 131072 2139926 13538 6838 311
0b000d01 0b000e01 10150 100 131072 2149628 4427 2898 1741
0b000c01 0b000d01 10148 100 131072 2147706 6401 2898 876
0b000601 0b000f01 10015 100 131072 2133997 20755 6838 3606
0b000d01 0b000e01 10151 100 131072 2151163 4299 2898 3709
0b000d01 0b000601 10021 100 131072 2143836 12032 6838 3229
0b000301 0b000401 10138 100 131072 1999075 156919 11234 3171
0b000401 0b000501 10116 100 131072 1788162 367906 11234 3588
0b001d01 0b001e01 10217 100 2097152 1842181 313766 44264 10109
0b000401 0b000501 10117 100 131072 1794018 362314 11234 2212
0b000801 0b000901 10142 100 131072 2148841 8546 2898 1752
0b001c01 0b001d01 10217 100 2097152 1842491 315808 44264 9628
0b000701 0b000001 10137 100 131072 2007782 150925 11234 1719
0b000401 0b000d01 10020 100 131072 2136765 23351 15174 2724
0b000e01 0b000f01 10151 100 131072 2157095 3155 2898 1758
0b000801 0b000901 10143 100 131072 2149599 10963 2898 1288
0b000d01 0b000e01 10152 100 131072 2156036 4688 2898 1757
0b000f01 0b000801 10147 100 131072 2157762 3026 2898 3631
0b000e01 0b000701 10021 100 131072 2145880 15299 6838 3710
0b000801 0b000901 10144 100 131072 2150063 11201 2898 1768
0b000801 0b000901 10145 100 131072 2150128 11181 2898 1304
0b000d01 0b000e01 10153 100 131072 2157117 4680 2898 893
0b000601 0b000701 10150 100 131072 2158908 3098 2898 3238
0b000801 0b000901 10146 100 131072 2156474 6486 2898 328
0b000401 0b000501 10118 100 131072 1799291 364101 11234 820
0b000901 0b000a01 10150 100 131072 2160397 2994 2898 1769
0b000501 0b000601 10137 100 131072 2159078 5502 2898 3605
0b000501 0b000601 10138 100 131072 2159342 5492 2898 2229
0b000d01 0b000e01 10154 100 131072 2163126 2979 2898 2749
0b000f01 0b000801 10148 100 131072 2163260 2998 2898 1775
0b000801 0b000901 10147 100 131072 2163798 3014 2898 3640
0b000301 0b000401 10139 100 131072 2016172 151606 11234 3651
0b000901 0b000a01 10151 100 131072 2164274 4124 2898 1785
0b000e01 0b000f01 10152 100 131072 2163764 4732 2898 1774
0b000501 0b000601 10139 100 131072 2166402 2974 2898 837
0b000e01 0b000f01 10153 100 131072 2164837 4900 2898 910
0b000701 0b000001 10138 100 131072 2008881 161041 11234 1255
0b000701 0b000001 10139 100 131072 2008926 161188 11234 1735
0b000901 0b000a01 10152 100 131072 2165970 4227 2898 345
0b000601 0b000701 10151 100 131072 2167844 2961 2898 2246
0b000e01 0b000701 10022 100 131072 2158502 12860 6838 3726
0b000d01 0b000601 10022 100 131072 2155639 16190 6838 3245
0b000801 0b000901 10148 100 131072 2169268 3015 2898 1784
0b000e01 0b000f01 10154 100 131072 2169145 3140 2898 2766
0b000901 0b000a01 10153 100 131072 2169822 3080 2898 3657
0b001201 0b001301 10217 100 2097152 1832831 340653 44264 8658
0b000601 0b000701 10152 100 131072 2172386 3244 2898 854
0b000f01 0b000801 10149 100 131072 2171506 4759 2898 1791
0b000a01 0b000b01 10152 100 131072 2173237 3050 2898 362
0b000601 0b000701 10153 100 131072 2174839 3260 2898 3254
0b000901 0b000a01 10154 100 131072 2175293 3001 2898 1801
0b000701 0b000001 10140 100 131072 2014986 163754 11234 2855
0b000f01 0b000801 10150 100 131072 2172747 5914 2898 927
0b000001 0b000101 10117 100 131072 1823519 355279 11234 2176
0b000a01 0b000b01 10153 100 131072 2175942 3056 2898 3674
0b000a01 0b000301 10021 100 131072 2166431 12793 6838 1786
0b000001 0b000101 10118 100 131072 1831230 347952 11234 1184
0b000001 0b000101 10119 100 131072 1831586 347600 11234 1200
0b000001 0b000101 10120 100 131072 1834326 345016 11234 1680
0b000f01 0b000801 10151 100 131072 2175295 4649 2898 2783
0b000801 0b000901 10149 100 131072 2179275 2906 2898 1800
0b000b01 0b000c01 10150 100 131072 2179297 2918 2898 379
0b000a01 0b000301 10022 100 131072 2171438 12187 6838 1802
0b000901 0b000201 10021 100 131072 2163572 20715 6838 1305
0b001b01 0b001c01 10217 100 2097152 1857616 326931 44264 9147
0b000b01 0b000c01 10151 100 131072 2182008 2918 2898 3691
0b001401 0b001d01 10031 100 2097152 2087439 97736 48204 10100
0b000601 0b000f01 10016 100 131072 2167590 17941 6838 3622
0b000801 0b000901 10150 100 131072 2182954 2905 2898 2792
0b000901 0b000201 10022 100 131072 2164319 21556 6838 1321
0b000101 0b000201 10138 100 131072 2181808 5159 2898 2193
0b000101 0b000201 10139 100 131072 2182352 5152 2898 1697
0b000901 0b000a01 10155 100 131072 2185191 2905 2898 1817
0b000c01 0b000d01 10149 100 131072 2185225 2918 2898 396
0b000301 0b000401 10140 100 131072 2022513 165650 11234 931
0b000401 0b000501 10119 100 131072 1810665 379526 11234 3108
0b000301 0b000401 10141 100 131072 2023046 167179 11234 2723
0b000701 0b000001 10141 100 131072 2036109 154592 11234 2871
0b000c01 0b000d01 10150 100 131072 2187936 2918 2898 3708
0b001601 0b001701 10217 100 2097152 1836207 354949 44264 10582
0b000f01 0b000801 10152 100 131072 2188541 2876 2898 3647
0b000901 0b000a01 10156 100 131072 2188869 2876 2898 2809
0b000201 0b000301 10150 100 131072 2187297 4743 2898 1314
0b001b01 0b001401 10031 100 2097152 2101132 91288 48204 9627
0b000d01 0b000e01 10155 100 131072 2191153 2918 2898 413
0b000a01 0b000301 10023 100 131072 2181334 13015 6838 1818
0b000201 0b000301 10151 100 131072 2188885 6349 2898 1330
0b000201 0b000301 10152 100 131072 2189977 5809 2898 2210
0b001801 0b001101 10031 100 2097152 2088200 108179 48204 8184
0b000d01 0b000e01 10156 100 131072 2193864 2918 2898 3725
0b000801 0b000901 10151 100 131072 2194427 2876 2898 3656
0b001101 0b001201 10217 100 2097152 1837142 360034 44264 8177
0b001c01 0b001501 10031 100 2097152 2099921 97382 48204 10108
0b000a01 0b000b01 10154 100 131072 2194785 2876 2898 2826
0b000801 0b000101 10028 100 131072 2181671 16207 6838 936
0b001901 0b001a01 10217 100 2097152 1844364 354359 44264 8185
0b000001 0b000101 10121 100 131072 1845813 353466 11234 288
0b001e01 0b001f01 10217 100 2097152 1839055 360391 44264 10590
0b000e01 0b000f01 10155 100 131072 2197111 2876 2898 430
0b001801 0b001901 10217 100 2097152 1848135 351999 44264 7704
0b001a01 0b001b01 10217 100 2097152 1844839 356185 44264 8666
0b001501 0b001601 10217 100 2097152 1846116 354928 44264 10101
0b001d01 0b001601 10031 100 2097152 2096795 104331 48204 10589
0b000301 0b000401 10142 100 131072 2030424 171044 11234 947
0b000401 0b000501 10120 100 131072 1820408 381220 11234 2228
0b001f01 0b001001 10031 100 2097152 2097418 104097 48204 7711
0b000401 0b000501 10121 100 131072 1823121 378671 11234 3124
0b001301 0b001c01 10031 100 2097152 2111745 90025 48204 9619
0b000701 0b000001 10142 100 131072 2043016 158983 11234 3159
0b001001 0b001901 10031 100 2097152 2093368 109210 48204 8176
0b000401 0b000501 10122 100 131072 1849235 353637 11234 3604
0b001701 0b001801 10031 100 2097152 2098905 104088 48204 7703
0b000901 0b000a01 10157 100 131072 2200313 2876 2898 3673
0b000b01 0b000c01 10152 100 131072 2200671 2876 2898 2843
0b000501 0b000e01 10015 100 131072 2193201 10614 6838 3125
0b000101 0b000201 10140 100 131072 2200888 4309 2898 945
0b000201 0b000b01 10017 100 131072 2190514 14794 6838 1714
0b000a01 0b000301 10024 100 131072 2191136 15164 6838 1834
0b000101 0b000a01 10015 100 131072 2182192 23868 6838 1201
0b000101 0b000a01 10016 100 131072 2182202 23859 6838 1217
0b000301 0b000c01 10019 100 131072 2198796 7373 6838 2227
0b000101 0b000201 10141 100 131072 2202289 4308 2898 305
0b001001 0b001101 10217 100 2097152 1844609 363717 44264 7696
0b000401 0b000d01 10021 100 131072 2193235 15400 15174 2740
0b000501 0b000601 10140 100 131072 2204638 4460 2898 2245
0b000a01 0b000b01 10155 100 131072 2206229 2911 2898 3690
0b000e01 0b000f01 10156 100 131072 2206825 2876 2898 3150
0b001e01 0b001701 10031 100 2097152 2093388 116719 48204 11070
0b000501 0b000601 10141 100 131072 2205882 4450 2898 3621
0b000001 0b000101 10122 100 131072 1849352 361692 11234 304
0b000b01 0b000c01 10153 100 131072 2208318 3108 2898 1739
0b000c01 0b000d01 10151 100 131072 2209179 3002 2898 2252
0b000e01 0b000701 10023 100 131072 2199822 12360 6838 3742
0b000501 0b000e01 10016 100 131072 2204802 7396 6838 3141
0b000201 0b000301 10153 100 131072 2209607 2908 2898 322
0b000c01 0b000501 10028 100 131072 2206557 7030 6838 2860
0b001601 0b001f01 10031 100 2097152 2095902 117528 48204 11062
0b000d01 0b000e01 10157 100 131072 2211645 2907 2898 2765
0b000301 0b000401 10143 100 131072 2078669 135945 11234 2739
0b000a01 0b000b01 10156 100 131072 2209070 5839 2898 1226
0b000a01 0b000b01 10157 100 131072 2209080 5830 2898 1242
0b000601 0b000701 10154 100 131072 2212108 2908 2898 2262
0b000b01 0b000c01 10154 100 131072 2212150 3020 2898 3707
0b001901 0b001201 10031 100 2097152 2089835 125207 48204 8665
0b000f01 0b000801 10153 100 131072 2212711 2899 2898 3167
0b000101 0b000201 10142 100 131072 2214054 2907 2898 321
0b000701 0b000001 10143 100 131072 2046540 170799 11234 3175
0b001201 0b001b01 10031 100 2097152 2111456 105698 48204 9138
0b000c01 0b000d01 10152 100 131072 2214436 3007 2898 1756
0b000f01 0b000001 10027 100 131072 2202997 15109 15174 447
0b000d01 0b000e01 10158 100 131072 2215191 3014 2898 2269
0b000e01 0b000f01 10157 100 131072 2215208 3512 2898 3166
0b000501 0b000601 10142 100 131072 2216597 2907 2898 2869
0b000601 0b000f01 10017 100 131072 2213342 6902 6838 3638
0b000e01 0b000f01 10158 100 131072 2217562 3426 2898 2782
0b000c01 0b000d01 10153 100 131072 2218180 3155 2898 3724
0b000801 0b000901 10152 100 131072 2218620 2876 2898 3176
0b001a01 0b001301 10031 100 2097152 2094061 127578 48204 9146
0b000201 0b000301 10154 100 131072 2219971 2908 2898 338
0b000d01 0b000e01 10159 100 131072 2220453 3014 2898 1773
0b001101 0b001a01 10031 100 2097152 2100096 123544 48204 8657
0b000b01 0b000c01 10155 100 131072 2217919 5759 2898 1243
0b000b01 0b000c01 10156 100 131072 2217929 5751 2898 1259
0b000e01 0b000f01 10159 100 131072 2221215 3009 2898 2286
0b000701 0b000001 10144 100 131072 2048282 176034 11234 807
0b001401 0b001501 10217 100 2097152 1855461 369611 44264 9620
0b000301 0b000401 10144 100 131072 2093624 132699 11234 1731
0b000f01 0b000801 10154 100 131072 2221730 5259 2898 3183
0b000d01 0b000e01 10160 100 131072 2224345 2942 2898 3741
0b000901 0b000a01 10158 100 131072 2224506 2876 2898 3193
0b000e01 0b000f01 10160 100 131072 2226477 3005 2898 1790
0b000f01 0b000801 10155 100 131072 2223254 8074 2898 3663
0b001501 0b001e01 10031 100 2097152 2091212 140254 48204 10581
0b000f01 0b000801 10156 100 131072 2223998 8079 2898 2799
0b000c01 0b000d01 10154 100 131072 2226688 5651 2898 1260
0b000c01 0b000d01 10155 100 131072 2226698 5643 2898 1276
0b000401 0b000d01 10022 100 131072 2217624 15078 15174 2756
0b000801 0b000901 10153 100 131072 2229999 3146 2898 3192
0b000a01 0b000b01 10158 100 131072 2230392 2876 2898 3210
0b000f01 0b000801 10157 100 131072 2227234 6511 2898 2303
0b000701 0b000001 10145 100 131072 2060663 175194 11234 3655
0b000f01 0b000801 10158 100 131072 2232492 3571 2898 1807
0b000e01 0b000701 10024 100 131072 2230297 6820 6838 3758
0b000301 0b000401 10145 100 131072 2109006 129017 11234 2755
0b000b01 0b000c01 10157 100 131072 2236278 2876 2898 3227
0b000901 0b000a01 10159 100 131072 2236155 3147 2898 3209
0b000801 0b000901 10154 100 131072 2234338 6866 2898 3672
0b000001 0b000901 10021 100 131072 2227326 15078 15174 816
0b000801 0b000901 10155 100 131072 2235087 8198 2898 2808
0b000d01 0b000e01 10161 100 131072 2235349 8336 2898 1277
0b000d01 0b000e01 10162 100 131072 2235359 8327 2898 1293
0b000d01 0b000e01 10163 100 131072 2235712 8172 2898 2781
0b000801 0b000901 10156 100 131072 2236755 8194 2898 2312
0b000c01 0b000d01 10156 100 131072 2242164 2950 2898 3244
0b000a01 0b000b01 10159 100 131072 2242312 2922 2898 3226
0b000801 0b000901 10157 100 131072 2239073 6669 2898 1816
0b000701 0b000001 10146 100 131072 2101641 147101 11234 823
0b000001 0b000101 10123 100 131072 1908103 341277 11234 2752
0b000901 0b000a01 10160 100 131072 2244214 6852 2898 3689
0b000b01 0b000c01 10158 100 131072 2248244 2876 2898 3243
0b000d01 0b000601 10023 100 131072 2248124 6853 6838 3261
0b000e01 0b000f01 10161 100 131072 2246695 8294 2898 1294
0b000e01 0b000f01 10162 100 131072 2246705 8286 2898 1310
0b000101 0b000201 10143 100 131072 2252390 2907 2898 2769
0b000e01 0b000f01 10163 100 131072 2246894 8183 2898 2798
0b000901 0b000a01 10161 100 131072 2245414 10255 2898 841
0b000401 0b000d01 10023 100 131072 2241033 15078 15174 2772
0b000901 0b000a01 10162 100 131072 2246295 10695 2898 2825
0b000c01 0b000d01 10157 100 131072 2254130 2876 2898 3260
0b000a01 0b000b01 10160 100 131072 2254076 3143 2898 3706
0b000901 0b000a01 10163 100 131072 2247959 10133 2898 2329
0b000901 0b000a01 10164 100 131072 2248752 9552 2898 1833
0b000601 0b000701 10155 100 131072 2257987 2909 2898 3270
0b000201 0b000301 10155 100 131072 2258307 2908 2898 2786
0b000d01 0b000e01 10164 100 131072 2259121 2876 2898 2797
0b000b01 0b000c01 10159 100 131072 2260229 3147 2898 3723
0b000a01 0b000b01 10161 100 131072 2258679 5360 2898 858
0b000f01 0b000801 10159 100 131072 2257999 8463 2898 1311
0b000f01 0b000801 10160 100 131072 2258009 8454 2898 1327
0b000f01 0b000801 10161 100 131072 2258087 8421 2898 2815
0b000a01 0b000b01 10162 100 131072 2260000 6645 2898 2842
0b000001 0b000901 10022 100 131072 2251752 15078 15174 832
0b000d01 0b000601 10024 100 131072 2260016 6820 6838 3277
0b000a01 0b000b01 10163 100 131072 2261102 6109 2898 2346
0b000e01 0b000f01 10164 100 131072 2265007 2941 2898 2814
0b000a01 0b000301 10025 100 131072 2261314 6820 6838 1850
0b000c01 0b000d01 10158 100 131072 2266386 3085 2898 3740
0b000b01 0b000c01 10160 100 131072 2267049 3148 2898 875
0b000301 0b000401 10146 100 131072 2114940 156730 11234 1747
0b000701 0b000001 10147 100 131072 2122079 150495 11234 839
0b000601 0b000701 10156 100 131072 2269846 2909 2898 3286
0b000b01 0b000c01 10161 100 131072 2269655 3127 2898 2859
0b000901 0b000a01 10165 100 131072 2269840 3069 2898 857
0b000f01 0b000801 10162 100 131072 2270958 3023 2898 2831
0b000001 0b000101 10124 100 131072 1913478 361567 11234 2768
0b000d01 0b000e01 10165 100 131072 2272481 3081 2898 3757
0b000c01 0b000d01 10159 100 131072 2273207 2976 2898 892
0b000801 0b000901 10158 100 131072 2269472 8783 2898 1320
0b000801 0b000901 10159 100 131072 2269482 8775 2898 1336
0b000801 0b000901 10160 100 131072 2269518 8783 2898 2824
0b000a01 0b000b01 10164 100 131072 2275919 2876 2898 874
0b000701 0b000001 10148 100 131072 2122931 156042 11234 2231
0b000801 0b000901 10161 100 131072 2276991 3748 2898 2840
0b000101 0b000201 10144 100 131072 2278055 2907 2898 2785
0b000d01 0b000e01 10166 100 131072 2279193 2876 2898 909
0b000c01 0b000501 10029 100 131072 2275792 6853 6838 2876
0b000701 0b000001 10149 100 131072 2125015 157930 11234 3191
0b000901 0b000a01 10166 100 131072 2281311 3191 2898 2841
0b000b01 0b000c01 10162 100 131072 2281805 2876 2898 891
0b000301 0b000401 10147 100 131072 2115841 169457 11234 307
0b000301 0b000401 10148 100 131072 2115843 169456 11234 2771
0b000b01 0b000401 10027 100 131072 2270221 15083 15174 2363
0b000e01 0b000701 10025 100 131072 2278572 6820 6838 3774
0b000201 0b000301 10156 100 131072 2283972 2910 2898 2802
0b000901 0b000a01 10167 100 131072 2283749 3191 2898 2857
0b000e01 0b000f01 10165 100 131072 2285079 2876 2898 926
0b000c01 0b000d01 10160 100 131072 2287691 2876 2898 908
0b000001 0b000901 10023 100 131072 2275584 15078 15174 848
0b000a01 0b000b01 10165 100 131072 2287512 3191 2898 2858
0b000901 0b000201 10023 100 131072 2281265 9637 6838 1337
0b000901 0b000201 10024 100 131072 2281275 9629 6838 1353
0b000a01 0b000b01 10166 100 131072 2289950 3191 2898 2874
0b000f01 0b000801 10163 100 131072 2290965 2876 2898 943
0b000301 0b000401 10149 100 131072 2118531 176920 11234 2787
0b000d01 0b000e01 10167 100 131072 2293577 2876 2898 925
0b000901 0b000a01 10168 100 131072 2293672 2876 2898 873
0b000b01 0b000c01 10163 100 131072 2293713 2876 2898 2875
0b000301 0b000401 10150 100 131072 2120008 178376 11234 323
0b000201 0b000301 10157 100 131072 2293912 5694 2898 1346
0b000201 0b000301 10158 100 131072 2293922 5686 2898 1362
0b000e01 0b000f01 10166 100 131072 2299463 2876 2898 942
0b000a01 0b000b01 10167 100 131072 2299558 2876 2898 890
0b000801 0b000101 10029 100 131072 2296851 6820 6838 952
0b000401 0b000d01 10024 100 131072 2288309 16002 15174 2788
0b000401 0b000501 10123 100 131072 1901088 403937 11234 836
0b000301 0b000401 10151 100 131072 2126988 178058 11234 1763
0b000f01 0b000801 10164 100 131072 2305349 2876 2898 959
0b000b01 0b000c01 10164 100 131072 2305444 2876 2898 907
0b000d01 0b000e01 10168 100 131072 2307321 2876 2898 2813
0b000501 0b000601 10143 100 131072 2308035 2917 2898 853
0b000701 0b000001 10150 100 131072 2131252 179932 11234 3207
0b000c01 0b000d01 10161 100 131072 2311330 2876 2898 924
0b000401 0b000d01 10025 100 131072 2298461 15939 15174 2804
0b000e01 0b000f01 10167 100 131072 2313207 2876 2898 2830
0b000601 0b000701 10157 100 131072 2313962 2908 2898 870
0b000f01 0b000801 10165 100 131072 2319093 2876 2898 2847
0b000d01 0b000e01 10169 100 131072 2317216 5438 2898 941
0b000d01 0b000e01 10170 100 131072 2317410 5435 2898 2829
0b000701 0b000001 10151 100 131072 2132219 195480 11234 855
0b000801 0b000901 10162 100 131072 2324979 2876 2898 2856
0b000e01 0b000f01 10168 100 131072 2325664 5438 2898 958
0b000e01 0b000f01 10169 100 131072 2325855 5438 2898 2846
0b000901 0b000a01 10169 100 131072 2330865 2876 2898 2873
0b000f01 0b000801 10166 100 131072 2334303 2876 2898 2863
0b000701 0b000001 10152 100 131072 2133362 205810 11234 3223
0b000701 0b000001 10153 100 131072 2133407 205769 11234 2247
0b000001 0b000101 10125 100 131072 1925223 414228 11234 1216
0b000801 0b000901 10163 100 131072 2340189 2876 2898 2872
0b000001 0b000901 10024 100 131072 2330709 15100 15174 864
0b000101 0b000a01 10017 100 131072 2342461 6837 6838 1233
0b000901 0b000a01 10170 100 131072 2348819 2876 2898 889
0b000301 0b000401 10152 100 131072 2139474 215057 11234 1235
0b000301 0b000401 10153 100 131072 2139484 215051 11234 1251
0b000301 0b000401 10154 100 131072 2139606 215901 11234 1267
0b000a01 0b000b01 10168 100 131072 2352308 3233 2898 1258
0b000401 0b000501 10124 100 131072 1912302 444182 11234 3140
0b000a01 0b000b01 10169 100 131072 2354705 3232 2898 906
0b000b01 0b000c01 10165 100 131072 2358551 3233 2898 1275
0b000301 0b000401 10156 100 131072 2141781 222379 11234 1779
0b000301 0b000401 10155 100 131072 2141817 222347 11234 1283
0b000b01 0b000c01 10166 100 131072 2360947 3233 2898 923
0b000501 0b000e01 10017 100 131072 2359494 6820 6838 3157
0b000701 0b000001 10154 100 131072 2139893 226642 11234 3671
0b000701 0b000001 10155 100 131072 2140037 226766 11234 3687
0b000c01 0b000d01 10162 100 131072 2364794 3233 2898 1292
0b000701 0b000001 10156 100 131072 2140890 227325 11234 3703
0b000c01 0b000d01 10163 100 131072 2367190 3233 2898 940
0b000701 0b000001 10157 100 131072 2145816 226283 11234 3239
0b000e01 0b000f01 10170 100 131072 2369324 2992 2898 3182
0b000d01 0b000e01 10171 100 131072 2371037 3286 2898 1309
0b000301 0b000401 10157 100 131072 2151949 223442 11234 1299
0b000d01 0b000e01 10172 100 131072 2373433 3286 2898 957
0b000f01 0b000801 10167 100 131072 2375326 2957 2898 3199
0b000e01 0b000f01 10171 100 131072 2377333 2915 2898 1326
0b000301 0b000401 10158 100 131072 2155489 227926 11234 1315
0b000401 0b000501 10125 100 131072 1924293 459579 11234 852
0b000801 0b000901 10164 100 131072 2381293 2959 2898 3208
0b000f01 0b000801 10168 100 131072 2383258 2917 2898 1343
0b000501 0b000601 10144 100 131072 2386882 2907 2898 869
0b000901 0b000a01 10171 100 131072 2387262 2961 2898 3225
0b000701 0b000001 10158 100 131072 2164189 227370 11234 3719
0b000801 0b000901 10165 100 131072 2389185 2919 2898 1352
0b000701 0b000001 10159 100 131072 2165016 229874 11234 3255
0b000001 0b000101 10126 100 131072 1941849 453060 11234 320
0b000301 0b000401 10159 100 131072 2182234 213310 11234 1795
0b000601 0b000701 10158 100 131072 2392799 2907 2898 886
0b000a01 0b000b01 10170 100 131072 2393233 2876 2898 3242
0b000101 0b000201 10145 100 131072 2397919 2928 2898 337
0b000901 0b000201 10025 100 131072 2395114 6820 6838 1369
0b000b01 0b000c01 10167 100 131072 2399119 2876 2898 3259
0b000401 0b000501 10126 100 131072 1936056 469613 11234 3620
0b000301 0b000401 10160 100 131072 2186635 220185 11234 1811
0b000c01 0b000d01 10164 100 131072 2405005 2876 2898 3276
0b000201 0b000301 10159 100 131072 2403857 4607 2898 354
0b000201 0b000301 10160 100 131072 2404944 4606 2898 1378
0b000501 0b000601 10145 100 131072 2408679 2907 2898 3637
0b000701 0b000001 10160 100 131072 2173815 242205 11234 2263
0b000d01 0b000601 10025 100 131072 2410891 6853 6838 3293
0b000701 0b000001 10161 100 131072 2174372 245884 11234 3735
0b000301 0b000401 10161 100 131072 2195050 225290 11234 1331
0b000601 0b000f01 10018 100 131072 2414596 6874 6838 3654
0b000601 0b000701 10159 100 131072 2420754 2909 2898 3302
0b000001 0b000101 10127 100 131072 1948110 479093 11234 3136
0b000f01 0b000801 10169 100 131072 2424480 2876 2898 3679
0b000101 0b000201 10146 100 131072 2430213 2907 2898 3153
0b000801 0b000901 10166 100 131072 2430366 2876 2898 3688
0b000701 0b000001 10162 100 131072 2178640 254589 11234 871
0b001f01 0b001801 10218 100 2097152 2097419 337387 44264 8191
0b001f01 0b001801 10219 100 2097152 2097420 337387 44264 8671
0b001f01 0b001801 10220 100 2097152 2097421 337387 44264 9151
0b001f01 0b001801 10221 100 2097152 2097422 337408 44264 9631
0b001f01 0b001801 10222 100 2097152 2097423 337408 44264 10111
0b001f01 0b001801 10223 100 2097152 2097445 337387 44264 10591
0b000301 0b000401 10162 100 131072 2197359 241372 11234 1827
0b000201 0b000301 10161 100 131072 2436130 2909 2898 3170
0b000901 0b000a01 10172 100 131072 2436252 2876 2898 3705
0b000701 0b000001 10163 100 131072 2181109 258499 11234 3271
0b000001 0b000101 10128 100 131072 1954282 485555 11234 1696
0b000001 0b000101 10129 100 131072 1959240 481017 11234 3616
0b000301 0b000401 10163 100 131072 2198244 242204 11234 1347
0b000401 0b000501 10127 100 131072 1947597 493028 11234 1220
0b000401 0b000501 10128 100 131072 1947812 492817 11234 2244
0b001901 0b001a01 10218 100 2097152 2089834 352390 44264 7705
0b001901 0b001a01 10219 100 2097152 2089836 352389 44264 9145
0b001901 0b001a01 10220 100 2097152 2089837 352389 44264 9625
0b001901 0b001a01 10221 100 2097152 2089838 352389 44264 10105
0b001901 0b001a01 10222 100 2097152 2089839 352389 44264 10585
0b001501 0b001601 10218 100 2097152 2091207 351072 44264 7701
0b001501 0b001601 10219 100 2097152 2091208 351072 44264 8181
0b001501 0b001601 10220 100 2097152 2091209 351072 44264 8661
0b001901 0b001a01 10223 100 2097152 2089861 352389 44264 11065
0b001501 0b001601 10221 100 2097152 2091210 351093 44264 9141
0b001501 0b001601 10222 100 2097152 2091211 351093 44264 9621
0b001501 0b001601 10223 100 2097152 2091234 351071 44264 11061
0b001701 0b001001 10218 100 2097152 2098878 343829 44264 10583
0b001701 0b001001 10219 100 2097152 2098900 343808 44264 10103
0b001701 0b001001 10220 100 2097152 2098901 343808 44264 9623
0b001701 0b001001 10221 100 2097152 2098902 343808 44264 9143
0b001701 0b001001 10222 100 2097152 2098903 343808 44264 8663
0b001701 0b001001 10223 100 2097152 2098904 343808 44264 8183
0b000a01 0b000b01 10171 100 131072 2442138 2876 2898 3722
0b001a01 0b001b01 10218 100 2097152 2094059 353017 44264 7706
0b001a01 0b001b01 10219 100 2097152 2094060 353017 44264 8186
0b001a01 0b001b01 10220 100 2097152 2094062 353016 44264 9626
0b001a01 0b001b01 10221 100 2097152 2094063 353016 44264 10106
0b001a01 0b001b01 10222 100 2097152 2094085 353016 44264 10586
0b001a01 0b001b01 10223 100 2097152 2094086 353016 44264 11066
0b000101 0b000201 10147 100 131072 2442847 5286 2898 1713
0b001601 0b001701 10218 100 2097152 2095854 352401 44264 7702
0b001601 0b001701 10219 100 2097152 2095876 352380 44264 8182
0b001601 0b001701 10220 100 2097152 2095877 352380 44264 8662
0b001601 0b001701 10221 100 2097152 2095899 352359 44264 9142
0b001601 0b001701 10222 100 2097152 2095900 352359 44264 9622
0b001601 0b001701 10223 100 2097152 2095901 352380 44264 10102
0b000101 0b000201 10148 100 131072 2443267 5283 2898 3633
0b001c01 0b001d01 10218 100 2097152 2099896 348812 44264 7708
0b001c01 0b001d01 10219 100 2097152 2099918 348791 44264 8188
0b001c01 0b001d01 10220 100 2097152 2099919 348812 44264 8668
0b001c01 0b001d01 10221 100 2097152 2099920 348812 44264 9148
0b001c01 0b001d01 10222 100 2097152 2099922 348811 44264 10588
0b001c01 0b001d01 10223 100 2097152 2099923 348811 44264 11068
0b001e01 0b001f01 10218 100 2097152 2093340 355411 44264 7710
0b001e01 0b001f01 10219 100 2097152 2093362 355390 44264 8190
0b001e01 0b001f01 10220 100 2097152 2093363 355390 44264 8670
0b001e01 0b001f01 10221 100 2097152 2093364 355390 44264 9150
0b001e01 0b001f01 10222 100 2097152 2093365 355390 44264 9630
0b001e01 0b001f01 10223 100 2097152 2093366 355411 44264 10110
0b000501 0b000601 10146 100 131072 2443635 5689 2898 1237
0b000501 0b000601 10147 100 131072 2443639 5687 2898 2261
0b001b01 0b001c01 10218 100 2097152 2101130 348480 44264 8187
0b001b01 0b001c01 10219 100 2097152 2101131 348480 44264 8667
0b001b01 0b001c01 10220 100 2097152 2101133 348479 44264 10107
0b001b01 0b001c01 10221 100 2097152 2101155 348458 44264 10587
0b001b01 0b001c01 10222 100 2097152 2101156 348458 44264 11067
0b001b01 0b001c01 10223 100 2097152 2101311 348370 44264 7707
0b000b01 0b000c01 10168 100 131072 2448024 2876 2898 3739
0b000301 0b000401 10164 100 131072 2209310 242620 11234 1843
0b000701 0b000001 10164 100 131072 2215192 236956 11234 3751
0b001d01 0b001e01 10218 100 2097152 2096769 355306 44264 7709
0b001d01 0b001e01 10219 100 2097152 2096770 355306 44264 8189
0b001d01 0b001e01 10220 100 2097152 2096792 355285 44264 8669
0b001d01 0b001e01 10221 100 2097152 2096793 355285 44264 9149
0b001d01 0b001e01 10222 100 2097152 2096794 355285 44264 9629
0b001d01 0b001e01 10223 100 2097152 2096796 355305 44264 11069
0b001301 0b001401 10218 100 2097152 2111721 340783 44264 7699
0b001301 0b001401 10219 100 2097152 2111743 340762 44264 8179
0b001301 0b001401 10220 100 2097152 2111744 340762 44264 8659
0b001301 0b001401 10221 100 2097152 2111746 340761 44264 10099
0b001301 0b001401 10222 100 2097152 2111747 340761 44264 10579
0b001301 0b001401 10223 100 2097152 2111769 340740 44264 11059
0b000001 0b000901 10025 100 131072 2436239 18111 15174 880
0b000201 0b000301 10162 100 131072 2451560 2907 2898 3650
0b000c01 0b000d01 10165 100 131072 2453910 2876 2898 3756
0b001101 0b001201 10218 100 2097152 2100095 357545 44264 7697
0b001101 0b001201 10219 100 2097152 2100118 357523 44264 9137
0b001101 0b001201 10220 100 2097152 2100140 357523 44264 9617
0b001101 0b001201 10221 100 2097152 2100141 357523 44264 10097
0b001101 0b001201 10222 100 2097152 2100142 357523 44264 10577
0b001101 0b001201 10223 100 2097152 2100143 357523 44264 11057
0b000601 0b000701 10160 100 131072 2452334 5693 2898 1254
0b000601 0b000701 10161 100 131072 2452336 5693 2898 2278
0b001401 0b001501 10218 100 2097152 2087414 370883 44264 7700
0b001401 0b001501 10219 100 2097152 2087415 370883 44264 8180
0b001401 0b001501 10220 100 2097152 2087416 370883 44264 8660
0b001401 0b001501 10221 100 2097152 2087417 370883 44264 9140
0b001401 0b001501 10222 100 2097152 2087440 370861 44264 10580
0b001401 0b001501 10223 100 2097152 2087441 370861 44264 11060
0b001801 0b001901 10218 100 2097152 2088173 371367 44264 11064
0b001801 0b001901 10219 100 2097152 2088174 371367 44264 10584
0b001801 0b001901 10220 100 2097152 2088175 371367 44264 10104
0b001801 0b001901 10221 100 2097152 2088197 371346 44264 9624
0b001801 0b001901 10222 100 2097152 2088198 371346 44264 9144
0b001801 0b001901 10223 100 2097152 2088199 371367 44264 8664
0b000901 0b000a01 10173 100 131072 2457360 2876 2898 905
0b001201 0b001301 10218 100 2097152 2111433 348916 44264 7698
0b001201 0b001301 10219 100 2097152 2111455 348895 44264 8178
0b001201 0b001301 10220 100 2097152 2111457 348894 44264 9618
0b001201 0b001301 10221 100 2097152 2111458 348894 44264 10098
0b001201 0b001301 10222 100 2097152 2111459 348894 44264 10578
0b001201 0b001301 10223 100 2097152 2111460 348915 44264 11058
0b000201 0b000b01 10018 100 131072 2451143 9739 6838 1730
0b000d01 0b000e01 10173 100 131072 2459796 2876 2898 3773
0b000301 0b000401 10165 100 131072 2215525 247660 11234 339
0b000001 0b000101 10130 100 131072 1972659 490568 11234 336
0b000701 0b000001 10165 100 131072 2218026 245243 11234 2279
0b000401 0b000501 10129 100 131072 1959465 503922 11234 1700
0b000001 0b000101 10131 100 131072 1981266 482613 11234 2784
0b000001 0b000101 10132 100 131072 1982238 481749 11234 2192
0b001001 0b001101 10218 100 2097152 2093320 370738 44264 11056
0b001001 0b001101 10219 100 2097152 2093342 370717 44264 10576
0b001001 0b001101 10220 100 2097152 2093343 370717 44264 10096
0b001001 0b001101 10221 100 2097152 2093344 370738 44264 9616
0b001001 0b001101 10222 100 2097152 2093345 370738 44264 9136
0b001001 0b001101 10223 100 2097152 2093367 370717 44264 8656
0b000a01 0b000b01 10172 100 131072 2463246 2986 2898 922
0b000b01 0b000c01 10169 100 131072 2463892 2981 2898 1755
0b000501 0b000601 10148 100 131072 2466397 2907 2898 1717
0b000b01 0b000c01 10170 100 131072 2469242 2981 2898 939
0b000c01 0b000d01 10166 100 131072 2469883 2981 2898 1772
0b000101 0b000201 10149 100 131072 2466237 7160 2898 353
0b000301 0b000401 10166 100 131072 2225889 248744 11234 355
0b000101 0b000201 10150 100 131072 2466889 7780 2898 2801
0b000101 0b000201 10151 100 131072 2466997 7724 2898 2209
0b000601 0b000701 10162 100 131072 2472314 2908 2898 1734
0b000701 0b000001 10166 100 131072 2240127 235196 11234 3767
0b000401 0b000501 10130 100 131072 1973579 501753 11234 2260
0b001401 0b001501 10224 100 2097152 2104448 370970 44264 9156
0b000401 0b000501 10131 100 131072 1980042 495694 11234 276
0b000001 0b000101 10133 100 131072 1994424 481412 11234 352
0b000401 0b000501 10132 100 131072 1981232 494604 11234 2276
0b000001 0b000101 10134 100 131072 1994685 481155 11234 368
0b000401 0b000501 10133 100 131072 1981242 494598 11234 2292
0b000001 0b000101 10135 100 131072 1994964 480880 11234 2800
0b000401 0b000501 10134 100 131072 1982104 493740 11234 868
0b000c01 0b000d01 10167 100 131072 2475233 2981 2898 956
0b000d01 0b000e01 10174 100 131072 2475874 2981 2898 1789
0b000e01 0b000701 10026 100 131072 2465682 14307 6838 3790
0b000201 0b000301 10163 100 131072 2476407 6115 2898 370
0b000e01 0b000f01 10172 100 131072 2481865 2876 2898 1806
0b000201 0b000301 10164 100 131072 2477679 7589 2898 2818
0b000201 0b000301 10165 100 131072 2477731 7560 2898 2226
0b000401 0b000501 10135 100 131072 1992086 495279 11234 2308
0b000301 0b000401 10167 100 131072 2264225 223209 11234 2803
0b000701 0b000001 10167 100 131072 2263906 223546 11234 3287
0b000101 0b000201 10152 100 131072 2478846 8662 2898 369
0b000101 0b000201 10153 100 131072 2478854 8656 2898 2817
0b000101 0b000201 10154 100 131072 2478856 8656 2898 385
0b000401 0b000501 10136 100 131072 1995726 491803 11234 884
0b000f01 0b000801 10170 100 131072 2487751 2876 2898 1823
0b000501 0b000601 10149 100 131072 2478342 12468 2898 2277
0b000501 0b000601 10150 100 131072 2478746 14360 2898 293
0b000501 0b000601 10151 100 131072 2478846 14474 2898 2293
0b000501 0b000601 10152 100 131072 2478854 14468 2898 885
0b000501 0b000601 10153 100 131072 2478856 14468 2898 2309
0b000801 0b000901 10167 100 131072 2493637 2876 2898 1832
0b001e01 0b001f01 10224 100 2097152 2158957 338752 44264 10126
0b001801 0b001901 10224 100 2097152 2126533 371380 44264 11080
0b000501 0b000601 10154 100 131072 2490375 7678 2898 2325
0b000501 0b000601 10155 100 131072 2490539 7559 2898 901
0b000401 0b000501 10137 100 131072 2002343 496435 11234 2324
0b000301 0b000401 10168 100 131072 2271144 227691 11234 1859
0b000601 0b000701 10163 100 131072 2493820 5031 2898 2294
0b000201 0b000301 10166 100 131072 2490518 8476 2898 386
0b000201 0b000301 10167 100 131072 2490520 8476 2898 2834
0b000201 0b000301 10168 100 131072 2490528 8470 2898 402
0b000701 0b000001 10168 100 131072 2275765 223248 11234 3303
0b000401 0b000501 10138 100 131072 2008503 490583 11234 900
0b001301 0b001401 10224 100 2097152 2176494 324089 44264 8675
0b000901 0b000a01 10174 100 131072 2499523 2876 2898 1849
0b000301 0b000c01 10020 100 131072 2488301 14908 6838 2243
0b001501 0b001601 10224 100 2097152 2200313 304393 44264 10117
0b001901 0b001a01 10224 100 2097152 2203144 302100 44264 7721
0b000501 0b000601 10156 100 131072 2501788 5591 2898 2341
0b000501 0b000601 10157 100 131072 2502096 5592 2898 917
0b001901 0b001a01 10225 100 2097152 2205588 302121 44264 8201
0b000c01 0b000d01 10168 100 131072 2506219 2876 2898 2268
0b000001 0b000101 10136 100 131072 2023020 487463 11234 2208
0b000701 0b000001 10169 100 131072 2288402 222176 11234 3783
0b000301 0b000401 10169 100 131072 2289892 220726 11234 2819
0b000001 0b000101 10137 100 131072 2031063 479904 11234 2816
0b000001 0b000101 10138 100 131072 2031616 479355 11234 1232
0b001f01 0b001801 10224 100 2097152 2202456 308483 44264 10607
0b000601 0b000701 10164 100 131072 2496116 15146 2898 310
0b000001 0b000101 10139 100 131072 2042430 469165 11234 384
0b000001 0b000101 10140 100 131072 2043178 468421 11234 1712
0b000001 0b000101 10141 100 131072 2045665 466106 11234 400
0b000601 0b000701 10165 100 131072 2496330 15669 2898 2310
0b000601 0b000701 10166 100 131072 2496332 15669 2898 902
0b000601 0b000701 10167 100 131072 2496340 15663 2898 2326
0b000401 0b000d01 10026 100 131072 2490444 22057 15174 2820
0b000d01 0b000e01 10175 100 131072 2512105 2876 2898 2285
0b000401 0b000501 10139 100 131072 2030918 484161 11234 3156
0b000401 0b000501 10140 100 131072 2030922 484161 11234 292
0b000601 0b000701 10168 100 131072 2501063 15122 2898 2342
0b000601 0b000701 10169 100 131072 2501108 15144 2898 918
0b001d01 0b001e01 10224 100 2097152 2161309 356264 44264 9645
0b000d01 0b000e01 10176 100 131072 2515511 2885 2898 2845
0b001001 0b001101 10224 100 2097152 2149609 368838 44264 11072
0b000601 0b000701 10170 100 131072 2510389 8941 2898 2358
0b000601 0b000701 10171 100 131072 2510698 8677 2898 934
0b000a01 0b000301 10026 100 131072 2505409 14541 6838 1866
0b000e01 0b000f01 10173 100 131072 2517991 2894 2898 2302
0b000501 0b000601 10158 100 131072 2518093 2932 2898 309
0b000701 0b000001 10170 100 131072 2319880 203110 11234 887
0b000001 0b000101 10142 100 131072 2054778 468410 11234 3152
0b000001 0b000101 10143 100 131072 2066814 456910 11234 2224
0b000e01 0b000f01 10174 100 131072 2521406 2893 2898 2862
0b001701 0b001001 10224 100 2097152 2194166 330081 44264 10599
0b000101 0b000201 10155 100 131072 2513493 11170 2898 2225
0b000001 0b000101 10144 100 131072 2088486 436194 11234 3632
0b000001 0b000101 10145 100 131072 2089458 435226 11234 3648
0b001f01 0b001801 10225 100 2097152 2216440 308535 44264 11087
0b000001 0b000101 10146 100 131072 2125453 400723 11234 2832
0b000001 0b000101 10147 100 131072 2125815 400365 11234 2848
0b000f01 0b000801 10171 100 131072 2523895 2893 2898 2319
0b000101 0b000201 10156 100 131072 2513977 12622 2898 2833
0b000101 0b000a01 10018 100 131072 2513981 12801 6838 1249
0b000601 0b000701 10172 100 131072 2524035 2890 2898 326
0b000701 0b000801 10020 100 131072 2514272 13994 6838 327
0b000101 0b000201 10157 100 131072 2514605 13671 2898 401
0b000101 0b000201 10158 100 131072 2514609 13668 2898 1729
0b000101 0b000201 10159 100 131072 2514781 13717 2898 417
0b001801 0b001101 10032 100 2097152 2437816 91582 48204 8200
0b000f01 0b000801 10172 100 131072 2527309 2893 2898 2879
0b001101 0b001201 10224 100 2097152 2199389 331127 44264 8193
0b001c01 0b001d01 10224 100 2097152 2187557 343175 44264 9164
0b000201 0b000301 10169 100 131072 2527673 4330 2898 2242
0b000501 0b000e01 10018 100 131072 2518089 14042 6838 3173
0b001501 0b001601 10225 100 2097152 2228082 304345 44264 9637
0b000a01 0b000b01 10173 100 131072 2529792 2876 2898 1274
0b000301 0b000401 10170 100 131072 2302616 230744 11234 1363
0b000301 0b000401 10171 100 131072 2302626 230735 11234 1379
0b000401 0b000501 10141 100 131072 2044588 489045 11234 3636
0b000801 0b000901 10168 100 131072 2529798 4195 2898 2328
0b000401 0b000501 10142 100 131072 2053593 480424 11234 308
0b001a01 0b001301 10032 100 2097152 2445235 88774 48204 9162
0b000401 0b000501 10143 100 131072 2064789 469736 11234 1236
0b000401 0b000501 10144 100 131072 2077371 457566 11234 1716
0b000801 0b000901 10169 100 131072 2531276 4168 2898 344
0b000401 0b000501 10145 100 131072 2089206 446119 11234 1732
0b000401 0b000501 10146 100 131072 2101746 434047 11234 916
0b000401 0b000501 10147 100 131072 2113462 422699 11234 932
0b000401 0b000501 10148 100 131072 2114588 421649 11234 2340
0b000401 0b000501 10149 100 131072 2117027 419282 11234 2356
0b000401 0b000d01 10027 100 131072 2513628 23152 15174 2836
0b000401 0b000501 10150 100 131072 2136766 400079 11234 3172
0b000401 0b000501 10151 100 131072 2154697 382696 11234 3652
0b000401 0b000501 10152 100 131072 2159004 378461 11234 3188
0b000701 0b000001 10171 100 131072 2398716 138923 11234 903
0b000001 0b000101 10148 100 131072 2137205 400512 11234 1248
0b000401 0b000501 10153 100 131072 2170788 367001 11234 3668
0b000001 0b000101 10149 100 131072 2142899 394990 11234 416
0b000e01 0b000f01 10175 100 131072 2535141 2876 2898 3198
0b000201 0b000301 10170 100 131072 2529609 8326 2898 2850
0b000001 0b000101 10150 100 131072 2146358 391695 11234 432
0b000b01 0b000c01 10171 100 131072 2535678 2876 2898 1291
0b000001 0b000101 10151 100 131072 2161717 376892 11234 1728
0b000201 0b000301 10171 100 131072 2531286 8385 2898 418
0b000201 0b000301 10172 100 131072 2531508 8230 2898 434
0b001701 0b001001 10225 100 2097152 2213117 327367 44264 11079
0b000901 0b000a01 10175 100 131072 2537003 4178 2898 2345
0b001001 0b001901 10032 100 2097152 2445722 95334 48204 8192
0b001d01 0b001e01 10225 100 2097152 2188185 353439 44264 10125
0b001601 0b001f01 10032 100 2097152 2445315 96752 48204 11078
0b000901 0b000a01 10176 100 131072 2538454 4178 2898 361
0b000d01 0b000e01 10177 100 131072 2539790 2987 2898 2861
0b001301 0b001401 10225 100 2097152 2224649 318064 44264 9155
0b000101 0b000201 10160 100 131072 2526198 16954 2898 3169
0b000701 0b000801 10021 100 131072 2529935 13629 6838 343
0b000f01 0b000801 10173 100 131072 2541027 2876 2898 3215
0b001101 0b001201 10225 100 2097152 2211336 332644 44264 7713
0b000101 0b000201 10161 100 131072 2526734 17407 2898 2241
0b000001 0b000901 10026 100 131072 2526000 18143 15174 896
0b000c01 0b000d01 10169 100 131072 2541564 2926 2898 1308
0b000101 0b000201 10162 100 131072 2527690 17776 2898 3649
0b000101 0b000201 10163 100 131072 2527700 17768 2898 3665
0b001c01 0b001d01 10225 100 2097152 2204780 340758 44264 9644
0b000201 0b000b01 10019 100 131072 2531287 15196 6838 1746
0b001d01 0b001601 10032 100 2097152 2451743 95026 48204 10605
0b000101 0b000201 10164 100 131072 2529186 17777 2898 2849
0b000101 0b000201 10165 100 131072 2529196 17768 2898 2865
0b001b01 0b001401 10032 100 2097152 2450088 97714 48204 9643
0b000a01 0b000b01 10174 100 131072 2544191 4244 2898 2362
0b000e01 0b000f01 10176 100 131072 2545787 2992 2898 2878
0b000301 0b000c01 10021 100 131072 2535013 14026 6838 2259
0b000701 0b000001 10172 100 131072 2426673 123254 11234 3319
0b000a01 0b000b01 10175 100 131072 2545642 4312 2898 378
0b000001 0b000101 10152 100 131072 2172932 377094 11234 1264
0b000001 0b000101 10153 100 131072 2173124 376906 11234 1744
0b000901 0b000a01 10177 100 131072 2547153 3152 2898 921
0b000001 0b000101 10154 100 131072 2181750 368500 11234 2864
0b000d01 0b000e01 10178 100 131072 2547500 2929 2898 1325
0b000001 0b000101 10155 100 131072 2205009 345957 11234 3168
0b001401 0b001501 10225 100 2097152 2195430 355722 44264 9636
0b000801 0b000901 10170 100 131072 2546574 5423 2898 360
0b000801 0b000901 10171 100 131072 2546913 5422 2898 3224
0b000b01 0b000c01 10172 100 131072 2549493 2916 2898 1771
0b000101 0b000201 10166 100 131072 2540899 12146 2898 433
0b001701 0b001801 10032 100 2097152 2451265 101534 48204 7719
0b000101 0b000201 10167 100 131072 2541063 12019 2898 449
0b000101 0b000201 10168 100 131072 2541619 11530 2898 1745
0b001f01 0b001001 10032 100 2097152 2451761 101527 48204 7727
0b001b01 0b001c01 10224 100 2097152 2204034 350280 44264 8683
0b000201 0b000301 10173 100 131072 2546162 8377 2898 3186
0b000501 0b000e01 10019 100 131072 2539855 15053 6838 3189
0b001e01 0b001701 10032 100 2097152 2455111 99801 48204 11086
0b000c01 0b000d01 10170 100 131072 2552049 3010 2898 2284
0b000101 0b000a01 10019 100 131072 2540727 14462 6838 1265
0b000501 0b000e01 10020 100 131072 2540475 15507 6838 3205
0b000b01 0b000c01 10173 100 131072 2552964 3083 2898 395
0b000301 0b000401 10172 100 131072 2411474 144601 11234 371
0b000e01 0b000f01 10177 100 131072 2553439 2876 2898 1342
0b001201 0b001301 10224 100 2097152 2200186 355943 44264 8194
0b000a01 0b000b01 10176 100 131072 2553315 3060 2898 938
0b001c01 0b001501 10032 100 2097152 2452622 103930 48204 10124
0b001201 0b001b01 10032 100 2097152 2460651 96631 48204 9154
0b000101 0b000201 10169 100 131072 2553040 4929 2898 1761
0b000c01 0b000d01 10171 100 131072 2555419 2901 2898 1788
0b000501 0b000601 10159 100 131072 2536643 21836 2898 3653
0b000101 0b000201 10170 100 131072 2553976 4962 2898 3185
0b001401 0b001d01 10032 100 2097152 2455517 103517 48204 10116
0b000201 0b000301 10174 100 131072 2547151 12298 2898 2258
0b001501 0b001e01 10032 100 2097152 2461311 98828 48204 10597
0b000401 0b000501 10154 100 131072 2191173 369150 11234 948
0b000301 0b000401 10173 100 131072 2412560 147868 11234 1395
0b001301 0b001c01 10032 100 2097152 2463361 97041 48204 9635
0b000901 0b000a01 10178 100 131072 2555007 5445 2898 377
0b000901 0b000a01 10179 100 131072 2555345 5460 2898 3241
0b000d01 0b000e01 10179 100 131072 2558069 3039 2898 2301
0b000a01 0b000b01 10177 100 131072 2558199 3020 2898 1290
0b000001 0b000901 10027 100 131072 2540649 20744 15174 912
0b000401 0b000501 10155 100 131072 2229333 332066 11234 1748
0b000c01 0b000d01 10172 100 131072 2559057 3061 2898 412
0b000501 0b000601 10160 100 131072 2537027 25280 2898 325
0b000f01 0b000801 10174 100 131072 2559325 3032 2898 1359
0b000b01 0b000c01 10174 100 131072 2559385 2997 2898 955
0b000e01 0b000f01 10178 100 131072 2557918 4826 2898 3214
0b000201 0b000301 10175 100 131072 2548476 14244 2898 3666
0b000201 0b000301 10176 100 131072 2548486 14236 2898 3682
0b000201 0b000b01 10020 100 131072 2556159 7497 6838 1762
0b000e01 0b000f01 10179 100 131072 2558992 4873 2898 3230
0b000201 0b000301 10177 100 131072 2549973 14196 2898 2866
0b000d01 0b000e01 10180 100 131072 2561330 2994 2898 1805
0b000501 0b000601 10161 100 131072 2537535 26886 2898 1253
0b001901 0b001201 10032 100 2097152 2462576 102490 48204 8681
0b001a01 0b001b01 10224 100 2097152 2201733 363584 44264 8202
0b000501 0b000601 10162 100 131072 2537947 27818 2898 1733
0b000501 0b000601 10163 100 131072 2538335 28135 2898 1749
0b000101 0b000a01 10020 100 131072 2553036 13549 6838 1281
0b000b01 0b000401 10028 100 131072 2551445 15200 15174 2379
0b000501 0b000601 10164 100 131072 2538803 28284 2898 933
0b000e01 0b000f01 10180 100 131072 2564118 3058 2898 2318
0b000001 0b000101 10156 100 131072 2220349 346917 11234 3184
0b000001 0b000101 10157 100 131072 2221116 346238 11234 448
0b000501 0b000601 10165 100 131072 2539171 28334 2898 949
0b000901 0b000a01 10180 100 131072 2564403 3059 2898 937
0b000501 0b000601 10166 100 131072 2539247 28348 2898 2357
0b000501 0b000601 10167 100 131072 2539319 28277 2898 2373
0b001101 0b001a01 10032 100 2097152 2467094 100482 48204 8673
0b000b01 0b000c01 10175 100 131072 2564229 3489 2898 1307
0b001e01 0b001f01 10225 100 2097152 2234476 333268 44264 10606
0b000201 0b000b01 10021 100 131072 2560979 6945 6838 1778
0b000201 0b000301 10178 100 131072 2556055 11887 2898 450
0b000201 0b000301 10179 100 131072 2556092 11851 2898 466
0b000501 0b000601 10168 100 131072 2540403 27590 2898 3669
0b000501 0b000601 10169 100 131072 2540799 27239 2898 3685
0b000d01 0b000e01 10181 100 131072 2565128 2985 2898 429
0b000601 0b000f01 10019 100 131072 2561489 6820 6838 3670
0b000801 0b000901 10172 100 131072 2565367 3013 2898 1368
0b000a01 0b000b01 10178 100 131072 2563462 5507 2898 394
0b000201 0b000301 10180 100 131072 2561948 7054 2898 3202
0b000a01 0b000b01 10179 100 131072 2563815 5507 2898 3258
0b000301 0b000c01 10022 100 131072 2562459 6918 6838 2275
0b000601 0b000701 10173 100 131072 2565317 4075 2898 342
0b001001 0b001101 10225 100 2097152 2204525 365037 44264 7712
0b001b01 0b001c01 10225 100 2097152 2220164 349467 44264 9163
0b000b01 0b000c01 10176 100 131072 2566666 3463 2898 1787
0b000501 0b000601 10170 100 131072 2564409 5942 2898 1765
0b000e01 0b000f01 10181 100 131072 2567334 3009 2898 1822
0b000f01 0b000801 10175 100 131072 2565754 4873 2898 3231
0b001601 0b001701 10224 100 2097152 2204054 367701 44264 10118
0b001601 0b001701 10225 100 2097152 2204136 367839 44264 10598
0b001801 0b001901 10225 100 2097152 2206003 366543 44264 7720
0b000301 0b000401 10174 100 131072 2442049 130651 11234 3187
0b000f01 0b000801 10176 100 131072 2566875 6735 2898 3247
0b000701 0b000001 10173 100 131072 2461037 112692 11234 1271
0b000701 0b000001 10174 100 131072 2461039 112691 11234 2295
0b000001 0b000101 10158 100 131072 2238867 335185 11234 3664
0b000e01 0b000f01 10182 100 131072 2571123 3010 2898 446
0b000a01 0b000b01 10180 100 131072 2569595 4934 2898 1306
0b000a01 0b000b01 10181 100 131072 2570472 4960 2898 954
0b000c01 0b000d01 10173 100 131072 2570728 5055 2898 1324
0b000101 0b000201 10171 100 131072 2570276 5605 2898 3201
0b000101 0b000201 10172 100 131072 2570364 5604 2898 465
0b000801 0b000901 10173 100 131072 2573637 3130 2898 3240
0b000b01 0b000c01 10177 100 131072 2570934 6544 2898 1803
0b001201 0b001301 10225 100 2097152 2218052 359550 44264 8674
0b000901 0b000201 10026 100 131072 2571390 6820 6838 1385
0b000f01 0b000801 10177 100 131072 2570186 8334 2898 2335
0b000701 0b000801 10022 100 131072 2572402 6919 6838 359
0b000c01 0b000d01 10174 100 131072 2572387 6932 2898 2300
0b000f01 0b000801 10178 100 131072 2571319 8243 2898 3695
0b000c01 0b000d01 10175 100 131072 2573139 6555 2898 1804
0b000801 0b000901 10174 100 131072 2576620 3265 2898 3256
0b000101 0b000201 10173 100 131072 2577062 2957 2898 3681
0b000f01 0b000801 10179 100 131072 2573353 6859 2898 1839
0b000b01 0b000c01 10178 100 131072 2571979 8420 2898 411
0b000601 0b000f01 10020 100 131072 2571003 9660 6838 3686
0b000601 0b000f01 10021 100 131072 2571048 9660 6838 3702
0b000b01 0b000c01 10179 100 131072 2572332 8407 2898 3275
0b000601 0b000701 10174 100 131072 2567431 13634 2898 1270
0b000d01 0b000e01 10182 100 131072 2578793 2957 2898 1341
0b000201 0b000301 10181 100 131072 2578891 3435 2898 3218
0b000b01 0b000c01 10180 100 131072 2577539 5005 2898 1323
0b000901 0b000a01 10181 100 131072 2579777 2988 2898 3257
0b000c01 0b000d01 10176 100 131072 2580488 3015 2898 1820
0b000301 0b000401 10175 100 131072 2457477 126987 11234 3667
0b000601 0b000701 10175 100 131072 2568775 16123 2898 1750
0b000401 0b000501 10156 100 131072 2274680 310317 11234 1764
0b000701 0b000001 10175 100 131072 2478232 107289 11234 1751
0b000201 0b000301 10182 100 131072 2581220 4851 2898 1394
0b000901 0b000a01 10182 100 131072 2582895 3110 2898 3273
0b000601 0b000701 10176 100 131072 2569480 16807 2898 1766
0b000601 0b000701 10177 100 131072 2570097 16944 2898 950
0b000201 0b000301 10183 100 131072 2583029 4366 2898 3698
0b000601 0b000701 10178 100 131072 2570605 16821 2898 2374
0b000601 0b000701 10179 100 131072 2570615 16813 2898 2390
0b000601 0b000701 10180 100 131072 2573361 14537 2898 1782
0b000e01 0b000f01 10183 100 131072 2584760 3031 2898 1358
0b000a01 0b000b01 10182 100 131072 2585775 2881 2898 3274
0b000d01 0b000e01 10183 100 131072 2582329 6377 2898 2317
0b000d01 0b000e01 10184 100 131072 2582704 6772 2898 1821
0b000f01 0b000801 10180 100 131072 2583673 5855 2898 3711
0b000f01 0b000801 10181 100 131072 2583718 5855 2898 3727
0b000801 0b000901 10175 100 131072 2581530 8579 2898 2344
0b000c01 0b000d01 10177 100 131072 2583409 7116 2898 428
0b000501 0b000601 10171 100 131072 2588007 2907 2898 1781
0b000c01 0b000d01 10178 100 131072 2583749 7472 2898 3292
0b000d01 0b000e01 10185 100 131072 2586513 4944 2898 1837
0b000a01 0b000b01 10183 100 131072 2589015 2880 2898 3290
0b000c01 0b000d01 10179 100 131072 2585554 6604 2898 1340
0b000f01 0b000001 10028 100 131072 2577143 15083 15174 463
0b000801 0b000901 10176 100 131072 2582331 10300 2898 376
0b000801 0b000901 10177 100 131072 2582572 10434 2898 3704
0b000801 0b000901 10178 100 131072 2583222 10466 2898 1848
0b000f01 0b000801 10182 100 131072 2590801 3096 2898 1375
0b000b01 0b000c01 10181 100 131072 2591666 2898 2898 3291
0b000701 0b000001 10176 100 131072 2482999 113569 11234 3799
0b001a01 0b001b01 10225 100 2097152 2226650 370084 44264 8682
0b000301 0b000401 10176 100 131072 2485532 111262 11234 387
0b000601 0b000701 10181 100 131072 2593924 2926 2898 1798
0b000901 0b000a01 10183 100 131072 2593119 3718 2898 2361
0b000d01 0b000e01 10186 100 131072 2593535 4199 2898 445
0b000b01 0b000c01 10182 100 131072 2594905 2876 2898 3307
0b000e01 0b000f01 10184 100 131072 2591716 6288 2898 2334
0b000401 0b000501 10157 100 131072 2288308 310914 11234 324
0b000401 0b000501 10158 100 131072 2288314 310912 11234 2372
0b000e01 0b000f01 10185 100 131072 2592486 6901 2898 1838
0b000d01 0b000e01 10187 100 131072 2595168 4346 2898 1357
0b000801 0b000901 10179 100 131072 2592538 7039 2898 3720
0b000801 0b000901 10180 100 131072 2592583 7039 2898 3736
0b000e01 0b000f01 10186 100 131072 2594467 5895 2898 1854
0b000c01 0b000d01 10180 100 131072 2597574 2960 2898 3308
0b000d01 0b000601 10026 100 131072 2594231 6820 6838 3309
0b000801 0b000901 10181 100 131072 2596907 4773 2898 1384
0b000a01 0b000b01 10184 100 131072 2599847 3072 2898 2378
0b000c01 0b000d01 10181 100 131072 2600791 2876 2898 3324
0b000e01 0b000f01 10187 100 131072 2600744 4019 2898 462
0b000901 0b000a01 10184 100 131072 2595641 9411 2898 393
0b000901 0b000a01 10185 100 131072 2596016 9710 2898 3721
0b000901 0b000a01 10186 100 131072 2596698 9723 2898 1865
0b000f01 0b000801 10183 100 131072 2601014 5560 2898 2351
0b000e01 0b000f01 10188 100 131072 2602524 4090 2898 1374
0b000601 0b000701 10182 100 131072 2604061 3120 2898 3318
0b000301 0b000401 10177 100 131072 2488278 119549 11234 2835
0b000501 0b000601 10172 100 131072 2602232 5785 2898 341
0b000501 0b000601 10173 100 131072 2602236 5782 2898 2389
0b000401 0b000501 10159 100 131072 2301394 306721 11234 340
0b000701 0b000001 10177 100 131072 2501861 106554 11234 2311
0b000001 0b000101 10159 100 131072 2281983 326528 11234 2240
0b000001 0b000101 10160 100 131072 2285955 322704 11234 3200
0b000f01 0b000801 10184 100 131072 2602397 6790 2898 1855
0b000f01 0b000801 10185 100 131072 2603372 6286 2898 1871
0b000901 0b000a01 10187 100 131072 2602587 7729 2898 3737
0b000901 0b000a01 10188 100 131072 2602632 7685 2898 3753
0b000d01 0b000601 10027 100 131072 2603544 6820 6838 3325
0b000901 0b000201 10027 100 131072 2604690 6831 6838 1401
0b000f01 0b000801 10186 100 131072 2609624 3001 2898 1391
0b000801 0b000901 10182 100 131072 2609584 3325 2898 2360
0b000a01 0b000b01 10185 100 131072 2608062 5099 2898 410
0b000d01 0b000601 10028 100 131072 2606677 6841 6838 3341
0b000501 0b000601 10174 100 131072 2611125 3004 2898 357
0b000a01 0b000b01 10186 100 131072 2608736 5771 2898 3738
0b000601 0b000701 10183 100 131072 2611027 3515 2898 358
0b000a01 0b000301 10027 100 131072 2609431 6855 6838 1882
0b000601 0b000701 10184 100 131072 2613374 3593 2898 3334
0b000101 0b000201 10174 100 131072 2611521 5658 2898 2257
0b000101 0b000201 10175 100 131072 2611669 5653 2898 3217
0b000201 0b000301 10184 100 131072 2614531 3003 2898 1410
0b000801 0b000901 10183 100 131072 2612197 6868 2898 1864
0b000901 0b000a01 10189 100 131072 2615919 3162 2898 2377
0b000a01 0b000b01 10187 100 131072 2613326 6131 2898 3754
0b000a01 0b000b01 10188 100 131072 2613336 6122 2898 3770
0b000801 0b000901 10184 100 131072 2612668 6866 2898 1880
0b000b01 0b000c01 10183 100 131072 2616171 4495 2898 427
0b000801 0b000901 10185 100 131072 2615635 5350 2898 1400
0b000b01 0b000401 10029 100 131072 2605929 15133 15174 2395
0b000401 0b000501 10160 100 131072 2308056 313603 11234 1780
0b000b01 0b000c01 10184 100 131072 2617517 4432 2898 3755
0b000601 0b000701 10185 100 131072 2616528 5396 2898 3350
0b000601 0b000701 10186 100 131072 2617139 5270 2898 374
0b000f01 0b000001 10029 100 131072 2607773 15083 15174 479
0b000701 0b000801 10023 100 131072 2617552 6820 6838 375
0b000a01 0b000b01 10189 100 131072 2622091 3169 2898 2394
0b000201 0b000301 10185 100 131072 2620189 5564 2898 2274
0b000201 0b000301 10186 100 131072 2620332 5551 2898 3234
0b000401 0b000d01 10028 100 131072 2610837 15474 15174 2852
0b000901 0b000a01 10190 100 131072 2622075 5297 2898 1881
0b000501 0b000601 10175 100 131072 2624669 2907 2898 1797
0b000901 0b000a01 10191 100 131072 2622544 5328 2898 1897
0b000c01 0b000d01 10182 100 131072 2623676 4631 2898 444
0b000b01 0b000c01 10185 100 131072 2622467 5884 2898 3771
0b000b01 0b000c01 10186 100 131072 2622477 5875 2898 3787
0b000c01 0b000d01 10183 100 131072 2624959 4568 2898 3772
0b000801 0b000901 10186 100 131072 2627382 2896 2898 392
0b000901 0b000201 10028 100 131072 2623995 6820 6838 1417
0b000701 0b000801 10024 100 131072 2625419 6820 6838 391
0b000d01 0b000e01 10188 100 131072 2629321 4022 2898 2877
0b000601 0b000701 10187 100 131072 2630586 2909 2898 1814
0b000301 0b000c01 10023 100 131072 2628763 6985 6838 2291
0b000901 0b000a01 10192 100 131072 2633288 2956 2898 409
0b000201 0b000301 10187 100 131072 2633825 2908 2898 1426
0b000c01 0b000d01 10184 100 131072 2631361 5886 2898 3788
0b000c01 0b000d01 10185 100 131072 2631371 5877 2898 3804
0b000d01 0b000e01 10189 100 131072 2631317 6068 2898 461
0b000d01 0b000e01 10190 100 131072 2632537 5438 2898 3789
0b000801 0b000901 10187 100 131072 2635249 2918 2898 408
0b000a01 0b000301 10028 100 131072 2630382 9220 6838 1898
0b000a01 0b000301 10029 100 131072 2630882 9205 6838 1914
0b000301 0b000401 10178 100 131072 2502004 139691 11234 403
0b000301 0b000401 10179 100 131072 2502006 139693 11234 2851
0b000301 0b000401 10180 100 131072 2502014 139689 11234 419
0b000c01 0b000d01 10186 100 131072 2638758 2938 2898 2316
0b000a01 0b000b01 10190 100 131072 2639254 2961 2898 426
0b000e01 0b000f01 10189 100 131072 2640395 3100 2898 478
0b000901 0b000a01 10193 100 131072 2641177 2919 2898 425
0b000d01 0b000e01 10191 100 131072 2640257 6337 2898 3805
0b000d01 0b000e01 10192 100 131072 2640267 6329 2898 3821
0b000e01 0b000701 10027 100 131072 2640985 6820 6838 3806
0b000b01 0b000c01 10187 100 131072 2645225 2963 2898 443
0b000d01 0b000e01 10193 100 131072 2644706 4076 2898 2333
0b000a01 0b000b01 10191 100 131072 2647106 2921 2898 442
0b000301 0b000401 10181 100 131072 2522960 130461 11234 1875
0b000c01 0b000d01 10187 100 131072 2651198 2965 2898 460
0b000e01 0b000f01 10190 100 131072 2651792 2876 2898 2350
0b000b01 0b000c01 10188 100 131072 2653037 2923 2898 459
0b000e01 0b000701 10028 100 131072 2649604 9571 6838 3822
0b000e01 0b000701 10029 100 131072 2649614 9563 6838 3838
0b000401 0b000d01 10029 100 131072 2644709 15078 15174 2868
0b000d01 0b000e01 10194 100 131072 2657173 2967 2898 477
0b000701 0b000001 10178 100 131072 2515009 145360 11234 2327
0b000701 0b000001 10179 100 131072 2515011 145362 11234 919
0b000701 0b000001 10180 100 131072 2515019 145358 11234 2343
0b000f01 0b000801 10187 100 131072 2657678 2876 2898 2367
0b000c01 0b000d01 10188 100 131072 2658970 2925 2898 476
0b000801 0b000901 10188 100 131072 2663564 2876 2898 2376
0b000901 0b000a01 10194 100 131072 2669450 2876 2898 2393
0b000301 0b000401 10182 100 131072 2540945 132553 11234 2867
0b000001 0b000901 10028 100 131072 2663383 15078 15174 928
0b000001 0b000101 10161 100 131072 2314194 366984 11234 3216
0b000701 0b000001 10181 100 131072 2519195 162633 11234 2359
0b000701 0b000001 10182 100 131072 2519262 162570 11234 935
0b000901 0b000a01 10195 100 131072 2681471 2876 2898 953
0b000701 0b000001 10183 100 131072 2522340 164524 11234 2375
0b000701 0b000001 10184 100 131072 2522385 164567 11234 951
0b000101 0b000201 10176 100 131072 2684188 2907 2898 3233
0b000301 0b000401 10183 100 131072 2542681 144833 11234 435
0b000301 0b000401 10184 100 131072 2542748 144858 11234 451
0b000401 0b000501 10161 100 131072 2357541 330069 11234 1252
0b000401 0b000501 10162 100 131072 2357551 330063 11234 1268
0b000401 0b000501 10163 100 131072 2358517 329165 11234 1284
0b000001 0b000101 10162 100 131072 2342182 345680 11234 3232
0b000001 0b000101 10163 100 131072 2342186 345680 11234 2256
0b000001 0b000101 10164 100 131072 2369545 319373 11234 3680
0b000001 0b000101 10165 100 131072 2369813 319109 11234 3696
0b000001 0b000101 10166 100 131072 2371225 317765 11234 3712
0b000001 0b000101 10167 100 131072 2375109 315769 11234 3248
0b000201 0b000301 10188 100 131072 2690105 3058 2898 3250
0b000401 0b000501 10164 100 131072 2367170 330648 11234 1796
0b000401 0b000501 10165 100 131072 2367174 330648 11234 1300
0b000501 0b000601 10176 100 131072 2690620 8466 2898 1269
0b000501 0b000601 10177 100 131072 2690630 8457 2898 1285
0b000501 0b000601 10178 100 131072 2690692 8406 2898 1301
0b000301 0b000401 10185 100 131072 2557549 141607 11234 3203
0b000001 0b000901 10029 100 131072 2684842 15078 15174 944
0b000701 0b000001 10185 100 131072 2584075 116257 11234 1287
0b000101 0b000201 10177 100 131072 2690872 14378 2898 3249
0b000101 0b000201 10178 100 131072 2690876 14376 2898 2273
0b000501 0b000601 10179 100 131072 2700828 5852 2898 1813
0b000501 0b000601 10180 100 131072 2700832 5849 2898 1317
0b000101 0b000201 10179 100 131072 2691928 15366 2898 3697
0b000101 0b000201 10180 100 131072 2691938 15358 2898 3713
0b000101 0b000201 10181 100 131072 2692000 15340 2898 3729
0b000101 0b000201 10182 100 131072 2693888 13815 2898 3265
0b000601 0b000701 10188 100 131072 2702096 9227 2898 1286
0b000601 0b000701 10189 100 131072 2702106 9219 2898 1302
0b000601 0b000701 10190 100 131072 2702116 9211 2898 1318
0b000601 0b000701 10191 100 131072 2709690 6613 2898 1830
0b000601 0b000701 10192 100 131072 2709691 6613 2898 1334
0b000401 0b000501 10166 100 131072 2378401 339902 11234 1316
0b000201 0b000301 10189 100 131072 2708260 12661 2898 3266
0b000201 0b000301 10190 100 131072 2708262 12661 2898 2290
0b000301 0b000401 10186 100 131072 2565730 156991 11234 3683
0b000301 0b000401 10187 100 131072 2565740 156982 11234 3699
0b000701 0b000001 10186 100 131072 2587908 135019 11234 1767
0b000501 0b000601 10181 100 131072 2721313 2909 2898 1333
0b000201 0b000301 10191 100 131072 2710304 14715 2898 3714
0b000201 0b000301 10192 100 131072 2710314 14706 2898 3730
0b000201 0b000301 10193 100 131072 2710350 14671 2898 3746
0b000201 0b000301 10194 100 131072 2710713 14397 2898 3282
0b000601 0b000701 10193 100 131072 2727232 2909 2898 1350
0b000301 0b000c01 10024 100 131072 2723933 6820 6838 2307
0b000c01 0b000d01 10189 100 131072 2733763 2876 2898 2332
0b000001 0b000101 10168 100 131072 2394569 344555 11234 3728
0b000701 0b000001 10187 100 131072 2589297 150422 11234 1783
0b000301 0b000401 10188 100 131072 2570952 170486 11234 467
0b000d01 0b000e01 10195 100 131072 2739649 2876 2898 2349
0b000401 0b000501 10167 100 131072 2386425 357426 11234 1332
0b000301 0b000401 10189 100 131072 2572012 171898 11234 3219
0b000701 0b000001 10188 100 131072 2590436 153871 11234 2391
0b000701 0b000001 10189 100 131072 2590908 154019 11234 1799
0b000101 0b000201 10183 100 131072 2742134 2907 2898 3745
0b000001 0b000101 10169 100 131072 2397900 349107 11234 3264
0b000e01 0b000f01 10191 100 131072 2745535 2876 2898 2366
0b000501 0b000601 10182 100 131072 2746861 2907 2898 1349
0b000201 0b000301 10195 100 131072 2748051 2961 2898 3762
0b000101 0b000201 10184 100 131072 2750017 2918 2898 3281
0b000f01 0b000801 10188 100 131072 2751421 2876 2898 2383
0b000401 0b000501 10168 100 131072 2398554 355949 11234 1812
0b000301 0b000401 10190 100 131072 2585336 170106 11234 3235
0b000601 0b000701 10194 100 131072 2752778 2908 2898 1366
0b000701 0b000001 10190 100 131072 2599860 156263 11234 1815
0b000201 0b000301 10196 100 131072 2755945 2908 2898 3298
0b000801 0b000901 10189 100 131072 2757307 2876 2898 2392
0b000501 0b000601 10183 100 131072 2757513 2909 2898 1829
0b000601 0b000701 10195 100 131072 2763432 2908 2898 1846
0b000701 0b000001 10191 100 131072 2610191 157398 11234 3335
0b000001 0b000101 10170 100 131072 2419030 348579 11234 2272
0b000001 0b000101 10171 100 131072 2423266 344527 11234 3744
0b000301 0b000401 10191 100 131072 2589081 183316 11234 1411
0b000101 0b000201 10185 100 131072 2770619 5520 2898 2289
0b000101 0b000201 10186 100 131072 2770803 5516 2898 3761
0b000301 0b000401 10192 100 131072 2590405 187372 11234 3715
0b000401 0b000501 10169 100 131072 2409830 368032 11234 1828
0b000401 0b000501 10170 100 131072 2423350 355112 11234 1348
0b000701 0b000001 10192 100 131072 2619977 159060 11234 3351
0b000001 0b000101 10172 100 131072 2442618 336808 11234 3280
0b000201 0b000301 10197 100 131072 2779149 5645 2898 2306
0b000201 0b000301 10198 100 131072 2779329 5642 2898 3778
0b000101 0b000201 10187 100 131072 2782436 2988 2898 3297
0b000501 0b000601 10184 100 131072 2780872 5095 2898 1845
0b000501 0b000601 10185 100 131072 2781472 5092 2898 1365
0b001701 0b001001 10226 100 2097152 2451266 337255 44264 8199
0b001701 0b001001 10227 100 2097152 2451267 337255 44264 8679
0b001701 0b001001 10228 100 2097152 2451268 337255 44264 9159
0b001701 0b001001 10229 100 2097152 2451269 337255 44264 9639
0b001701 0b001001 10230 100 2097152 2451291 337234 44264 10119
0b000001 0b000101 10173 100 131072 2455158 335701 11234 3760
0b000701 0b000001 10193 100 131072 2636505 154372 11234 1831
0b000001 0b000101 10174 100 131072 2466279 324920 11234 2288
0b000201 0b000301 10199 100 131072 2788434 2908 2898 3314
0b000601 0b000701 10196 100 131072 2788977 5092 2898 1862
0b000301 0b000c01 10025 100 131072 2787804 6820 6838 2323
0b000601 0b000701 10197 100 131072 2789574 5092 2898 1382
0b001c01 0b001d01 10226 100 2097152 2452620 342782 44264 8204
0b001c01 0b001d01 10227 100 2097152 2452621 342782 44264 8684
0b001c01 0b001d01 10228 100 2097152 2452623 342802 44264 10604
0b001c01 0b001d01 10229 100 2097152 2452624 342802 44264 11084
0b001c01 0b001d01 10230 100 2097152 2452691 342736 44264 7724
0b000301 0b000401 10193 100 131072 2619296 176959 11234 1891
0b001b01 0b001c01 10226 100 2097152 2450086 346875 44264 7723
0b001b01 0b001c01 10227 100 2097152 2450087 346875 44264 8203
0b001b01 0b001c01 10228 100 2097152 2450089 346874 44264 10123
0b001b01 0b001c01 10229 100 2097152 2450111 346853 44264 10603
0b001b01 0b001c01 10230 100 2097152 2450112 346853 44264 11083
0b000101 0b000201 10188 100 131072 2793869 5371 2898 3777
0b000101 0b000201 10189 100 131072 2794209 5357 2898 2305
0b000c01 0b000d01 10190 100 131072 2797634 2876 2898 2348
0b000301 0b000401 10194 100 131072 2620544 180660 11234 1427
0b000401 0b000501 10171 100 131072 2441741 359479 11234 1844
0b000401 0b000501 10172 100 131072 2443458 357818 11234 1364
0b001f01 0b001801 10226 100 2097152 2451762 349978 44264 8207
0b001f01 0b001801 10227 100 2097152 2451763 349978 44264 8687
0b001f01 0b001801 10228 100 2097152 2451764 349978 44264 9167
0b001f01 0b001801 10229 100 2097152 2451765 349999 44264 9647
0b001f01 0b001801 10230 100 2097152 2451787 349978 44264 10127
0b001d01 0b001e01 10226 100 2097152 2451718 350347 44264 7725
0b001d01 0b001e01 10227 100 2097152 2451719 350347 44264 8205
0b001d01 0b001e01 10228 100 2097152 2451741 350326 44264 8685
0b001d01 0b001e01 10229 100 2097152 2451742 350326 44264 9165
0b001d01 0b001e01 10230 100 2097152 2451744 350346 44264 11085
0b000701 0b000001 10194 100 131072 2650815 151649 11234 3815
0b000001 0b000101 10175 100 131072 2478333 324279 11234 3776
0b001801 0b001901 10226 100 2097152 2437817 366521 44264 8680
0b001801 0b001901 10227 100 2097152 2437818 366521 44264 9160
0b001801 0b001901 10228 100 2097152 2437840 366500 44264 9640
0b001801 0b001901 10229 100 2097152 2437841 366500 44264 10120
0b001801 0b001901 10230 100 2097152 2437842 366500 44264 10600
0b001301 0b001401 10226 100 2097152 2463359 342373 44264 7715
0b001301 0b001401 10227 100 2097152 2463360 342373 44264 8195
0b001301 0b001401 10228 100 2097152 2463362 342372 44264 10115
0b001301 0b001401 10229 100 2097152 2463363 342372 44264 10595
0b001301 0b001401 10230 100 2097152 2463385 342351 44264 11075
0b000d01 0b000e01 10196 100 131072 2803520 2876 2898 2365
0b000201 0b000301 10200 100 131072 2802250 5467 2898 3794
0b000201 0b000301 10201 100 131072 2802576 5493 2898 2322
0b001401 0b001501 10226 100 2097152 2455514 352421 44264 7716
0b001401 0b001501 10227 100 2097152 2455515 352421 44264 8196
0b001401 0b001501 10228 100 2097152 2455516 352421 44264 8676
0b001401 0b001501 10229 100 2097152 2455518 352420 44264 10596
0b001401 0b001501 10230 100 2097152 2455519 352420 44264 11076
0b000101 0b000201 10190 100 131072 2805622 2984 2898 3793
0b001e01 0b001f01 10226 100 2097152 2455085 353779 44264 7726
0b001e01 0b001f01 10227 100 2097152 2455086 353779 44264 8206
0b001e01 0b001f01 10228 100 2097152 2455087 353779 44264 8686
0b001e01 0b001f01 10229 100 2097152 2455088 353779 44264 9166
0b001e01 0b001f01 10230 100 2097152 2455089 353800 44264 9646
0b000501 0b000601 10186 100 131072 2804230 5647 2898 1861
0b000501 0b000601 10187 100 131072 2804286 5656 2898 1381
0b001901 0b001a01 10226 100 2097152 2462550 347707 44264 11081
0b001901 0b001a01 10227 100 2097152 2462551 347707 44264 10601
0b001901 0b001a01 10228 100 2097152 2462552 347707 44264 10121
0b001901 0b001a01 10229 100 2097152 2462553 347707 44264 9641
0b001901 0b001a01 10230 100 2097152 2462554 347707 44264 9161
0b000e01 0b000f01 10192 100 131072 2809406 2876 2898 2382
0b000301 0b000401 10195 100 131072 2628893 183603 11234 3251
0b000401 0b000501 10173 100 131072 2454940 357737 11234 1860
0b001601 0b001701 10226 100 2097152 2445289 367807 44264 7718
0b001601 0b001701 10227 100 2097152 2445290 367807 44264 8198
0b001601 0b001701 10228 100 2097152 2445291 367807 44264 8678
0b001601 0b001701 10229 100 2097152 2445313 367786 44264 9158
0b001601 0b001701 10230 100 2097152 2445314 367807 44264 9638
0b000001 0b000101 10176 100 131072 2490462 323503 11234 3296
0b000701 0b000001 10195 100 131072 2662185 151837 11234 3831
0b000001 0b000101 10177 100 131072 2502023 312254 11234 3312
0b000201 0b000301 10202 100 131072 2811616 2903 2898 3810
0b000001 0b000101 10178 100 131072 2513588 300973 11234 3792
0b000001 0b000101 10179 100 131072 2552937 262688 11234 3328
0b001a01 0b001b01 10226 100 2097152 2445234 371060 44264 7722
0b001a01 0b001b01 10227 100 2097152 2445236 371059 44264 9642
0b001a01 0b001b01 10228 100 2097152 2445237 371080 44264 10122
0b001a01 0b001b01 10229 100 2097152 2445238 371080 44264 10602
0b001a01 0b001b01 10230 100 2097152 2445260 371059 44264 11082
0b000f01 0b000801 10189 100 131072 2815292 2876 2898 2399
0b000601 0b000701 10198 100 131072 2812887 5754 2898 1878
0b000601 0b000701 10199 100 131072 2812952 5693 2898 1398
0b000501 0b000601 10188 100 131072 2815687 3002 2898 1877
0b000401 0b000501 10174 100 131072 2466195 352926 11234 356
0b001501 0b001601 10226 100 2097152 2461307 357542 44264 7717
0b001501 0b001601 10227 100 2097152 2461308 357563 44264 8197
0b001501 0b001601 10228 100 2097152 2461309 357563 44264 8677
0b001501 0b001601 10229 100 2097152 2461310 357584 44264 9157
0b001501 0b001601 10230 100 2097152 2461312 357583 44264 11077
0b001001 0b001101 10226 100 2097152 2445717 373941 44264 10592
0b001001 0b001101 10227 100 2097152 2445718 373941 44264 10112
0b001001 0b001101 10228 100 2097152 2445719 373941 44264 9632
0b001001 0b001101 10229 100 2097152 2445720 373962 44264 9152
0b001001 0b001101 10230 100 2097152 2445721 373962 44264 8672
0b000301 0b000c01 10026 100 131072 2811079 9855 6838 2339
0b001201 0b001301 10226 100 2097152 2460650 360889 44264 7714
0b001201 0b001301 10227 100 2097152 2460673 360867 44264 9634
0b001201 0b001301 10228 100 2097152 2460674 360867 44264 10114
0b001201 0b001301 10229 100 2097152 2460675 360867 44264 10594
0b001201 0b001301 10230 100 2097152 2460676 360888 44264 11074
0b000301 0b000401 10196 100 131072 2642612 181506 11234 1907
0b000401 0b000501 10175 100 131072 2477643 346699 11234 372
0b000601 0b000701 10200 100 131072 2821699 3096 2898 1894
0b001101 0b001201 10226 100 2097152 2467068 357768 44264 11073
0b001101 0b001201 10227 100 2097152 2467069 357768 44264 10593
0b001101 0b001201 10228 100 2097152 2467070 357768 44264 10113
0b001101 0b001201 10229 100 2097152 2467092 357747 44264 9633
0b001101 0b001201 10230 100 2097152 2467093 357747 44264 9153
0b000401 0b000501 10176 100 131072 2501845 323201 11234 1876
0b000501 0b000601 10189 100 131072 2822131 2991 2898 373
0b000401 0b000501 10177 100 131072 2536370 289788 11234 1380
0b000401 0b000501 10178 100 131072 2536380 289782 11234 1396
0b000c01 0b000d01 10191 100 131072 2823944 2876 2898 2364
0b000101 0b000201 10191 100 131072 2816975 9734 2898 3313
0b000001 0b000101 10180 100 131072 2576739 250594 11234 1280
0b000001 0b000101 10181 100 131072 2576740 250681 11234 2304
0b000101 0b000201 10192 100 131072 2817287 10310 2898 3329
0b000101 0b000201 10193 100 131072 2817571 10325 2898 3809
0b000101 0b000201 10194 100 131072 2818635 9603 2898 3345
0b000601 0b000701 10201 100 131072 2828132 3108 2898 390
0b000d01 0b000e01 10197 100 131072 2829830 2876 2898 2381
0b000101 0b000201 10195 100 131072 2830431 3020 2898 2321
0b000501 0b000601 10190 100 131072 2827352 8100 2898 389
0b001501 0b001601 10231 100 2097152 2478428 357562 44264 9173
0b000201 0b000301 10203 100 131072 2829719 6653 2898 3330
0b001f01 0b001801 10231 100 2097152 2500719 336026 44264 10143
0b000501 0b000601 10191 100 131072 2828056 9477 2898 1893
0b000301 0b000401 10197 100 131072 2696173 141487 11234 3267
0b000401 0b000501 10179 100 131072 2559085 278770 11234 388
0b000401 0b000501 10180 100 131072 2563438 274553 11234 1412
0b000401 0b000501 10181 100 131072 2569655 268540 11234 2388
0b000401 0b000501 10182 100 131072 2575710 262633 11234 3204
0b000e01 0b000f01 10193 100 131072 2835716 2876 2898 2398
0b000401 0b000501 10183 100 131072 2587474 251161 11234 3684
0b000501 0b000601 10192 100 131072 2829168 9478 2898 1397
0b000501 0b000601 10193 100 131072 2829178 9469 2898 1413
0b000201 0b000301 10204 100 131072 2830607 8325 2898 3346
0b000201 0b000301 10205 100 131072 2830906 8283 2898 3826
0b000201 0b000301 10206 100 131072 2836461 4604 2898 2338
0b000601 0b000701 10202 100 131072 2838462 3992 2898 406
0b000101 0b000a01 10021 100 131072 2830343 14586 6838 1297
0b000701 0b000801 10025 100 131072 2834250 13246 6838 407
0b001901 0b001a01 10231 100 2097152 2500923 347706 44264 11097
0b000501 0b000601 10194 100 131072 2840865 8170 2898 405
0b000601 0b000701 10203 100 131072 2840543 8613 2898 1910
0b000501 0b000601 10195 100 131072 2841001 8299 2898 1429
0b000501 0b000601 10196 100 131072 2841645 8002 2898 3701
0b000301 0b000401 10198 100 131072 2723931 125966 11234 3283
0b000601 0b000701 10204 100 131072 2841656 8346 2898 1414
0b000601 0b000701 10205 100 131072 2841666 8338 2898 1430
0b000a01 0b000b01 10192 100 131072 2847939 2876 2898 1322
0b000801 0b000901 10190 100 131072 2850506 2876 2898 424
0b000501 0b000e01 10021 100 131072 2841353 12098 6838 3221
0b000301 0b000c01 10027 100 131072 2844075 10748 6838 2355
0b000601 0b000701 10206 100 131072 2852045 2914 2898 422
0b000001 0b000101 10182 100 131072 2588531 267778 11234 1760
0b000b01 0b000c01 10189 100 131072 2853825 2876 2898 1339
0b001401 0b001501 10231 100 2097152 2503593 354397 44264 8692
0b000701 0b000001 10196 100 131072 2714333 144500 11234 1303
0b000701 0b000001 10197 100 131072 2714343 144499 11234 1319
0b000701 0b000001 10198 100 131072 2714353 144498 11234 1335
0b000901 0b000a01 10196 100 131072 2856392 2876 2898 441
0b000e01 0b000f01 10194 100 131072 2856461 2876 2898 3246
0b000401 0b000501 10184 100 131072 2599804 259752 11234 404
0b001301 0b001401 10231 100 2097152 2537019 323233 44264 9171
0b000c01 0b000d01 10192 100 131072 2857833 3758 2898 2380
0b000101 0b000201 10196 100 131072 2859319 2877 2898 1777
0b000701 0b000801 10026 100 131072 2845464 16977 6838 423
0b000c01 0b000d01 10193 100 131072 2859711 3751 2898 1356
0b000a01 0b000b01 10193 100 131072 2862278 2876 2898 458
0b000f01 0b000801 10190 100 131072 2862347 2876 2898 3263
0b000501 0b000601 10197 100 131072 2862566 2907 2898 421
0b001601 0b001701 10231 100 2097152 2507716 358099 44264 10134
0b000601 0b000f01 10022 100 131072 2852657 14714 6838 3718
0b001701 0b001001 10231 100 2097152 2557922 310026 44264 11095
0b000801 0b000901 10191 100 131072 2865451 2876 2898 440
0b000d01 0b000e01 10198 100 131072 2864601 3758 2898 2397
0b000701 0b000801 10027 100 131072 2857969 12398 6838 439
0b000d01 0b000e01 10199 100 131072 2866472 3758 2898 1373
0b000b01 0b000c01 10190 100 131072 2868164 2876 2898 475
0b000801 0b000901 10192 100 131072 2868233 2945 2898 3272
0b000601 0b000701 10207 100 131072 2868483 2908 2898 438
0b000001 0b000101 10183 100 131072 2595236 276312 11234 464
0b000701 0b000001 10199 100 131072 2719313 152637 11234 1847
0b000001 0b000101 10184 100 131072 2599578 272424 11234 3808
0b000701 0b000001 10200 100 131072 2719314 152724 11234 1351
0b000f01 0b000801 10191 100 131072 2870381 2909 2898 3743
0b000901 0b000a01 10197 100 131072 2871337 2947 2898 457
0b000e01 0b000f01 10195 100 131072 2873240 2876 2898 1390
0b000801 0b000901 10193 100 131072 2873377 2998 2898 456
0b001f01 0b001801 10232 100 2097152 2545077 331533 44264 11103
0b001001 0b001901 10033 100 2097152 2791531 85315 48204 8208
0b001801 0b001901 10231 100 2097152 2513949 362957 44264 10616
0b000901 0b000a01 10198 100 131072 2874188 3062 2898 3289
0b000101 0b000201 10197 100 131072 2875012 2907 2898 3825
0b001e01 0b001f01 10231 100 2097152 2520583 357607 44264 9662
0b001b01 0b001c01 10231 100 2097152 2560292 317962 44264 9179
0b000801 0b000901 10194 100 131072 2876300 2920 2898 3752
0b001101 0b001201 10231 100 2097152 2521457 357746 44264 11089
0b000201 0b000b01 10022 100 131072 2865206 14714 6838 1794
0b000a01 0b000b01 10194 100 131072 2877294 2953 2898 474
0b001301 0b001401 10232 100 2097152 2559139 322387 44264 8211
0b000f01 0b000801 10192 100 131072 2879126 2878 2898 1407
0b000901 0b000a01 10199 100 131072 2879385 2996 2898 473
0b001a01 0b001b01 10231 100 2097152 2508254 374114 44264 7738
0b000001 0b000101 10185 100 131072 2611425 271585 11234 2320
0b000a01 0b000b01 10195 100 131072 2880260 3103 2898 3306
0b000701 0b000001 10201 100 131072 2733151 150251 11234 1367
0b001a01 0b001b01 10232 100 2097152 2510719 373806 44264 8218
0b000901 0b000a01 10200 100 131072 2882230 2966 2898 3769
0b001d01 0b001601 10033 100 2097152 2798435 86671 48204 10621
0b001b01 0b001c01 10232 100 2097152 2568327 316800 44264 8219
0b000b01 0b000c01 10191 100 131072 2882930 2890 2898 1819
0b001201 0b001301 10231 100 2097152 2533526 352854 44264 8210
0b001d01 0b001e01 10231 100 2097152 2533742 353070 44264 9181
0b001701 0b001001 10232 100 2097152 2574765 312742 44264 10135
0b001701 0b001001 10233 100 2097152 2574985 312655 44264 10615
0b000801 0b000901 10195 100 131072 2885014 2882 2898 1416
0b001101 0b001201 10232 100 2097152 2532408 355265 44264 8209
0b000701 0b000801 10028 100 131072 2874401 14518 6838 455
0b000101 0b000201 10198 100 131072 2886020 2907 2898 2337
0b000b01 0b000c01 10192 100 131072 2886373 2981 2898 3323
0b001c01 0b001501 10033 100 2097152 2799973 89678 48204 10140
0b001601 0b001701 10232 100 2097152 2535437 354800 44264 9654
0b000a01 0b000b01 10196 100 131072 2888206 2924 2898 3786
0b000c01 0b000d01 10194 100 131072 2888830 2896 2898 1836
0b001801 0b001901 10232 100 2097152 2527985 364498 44264 11096
0b001901 0b001201 10033 100 2097152 2807348 85228 48204 8697
0b001901 0b001a01 10232 100 2097152 2544066 349738 44264 8217
0b000301 0b000401 10199 100 131072 2728029 166381 11234 3731
0b000301 0b000401 10200 100 131072 2728039 166372 11234 3747
0b000301 0b000401 10201 100 131072 2728049 166384 11234 3763
0b000301 0b000401 10202 100 131072 2728120 166399 11234 3299
0b000801 0b000901 10196 100 131072 2891929 2876 2898 472
0b000201 0b000301 10207 100 131072 2891937 2909 2898 2354
0b000701 0b000001 10202 100 131072 2758696 136826 11234 1383
0b000c01 0b000d01 10195 100 131072 2892364 2989 2898 3340
0b001801 0b001101 10033 100 2097152 2804750 90495 48204 8216
0b000001 0b000101 10186 100 131072 2663379 232317 11234 2336
0b000001 0b000101 10187 100 131072 2663389 232311 11234 2352
0b000b01 0b000c01 10193 100 131072 2894140 2926 2898 3803
0b000d01 0b000e01 10200 100 131072 2894736 2900 2898 1853
0b001501 0b001e01 10033 100 2097152 2810948 86544 48204 10613
0b001f01 0b001801 10233 100 2097152 2570754 326783 44264 10623
0b001301 0b001401 10233 100 2097152 2580612 317683 44264 8691
0b001401 0b001d01 10033 100 2097152 2808744 89905 48204 10132
0b001e01 0b001701 10033 100 2097152 2805100 93566 48204 11102
0b001001 0b001101 10231 100 2097152 2527257 372035 44264 10608
0b001201 0b001301 10232 100 2097152 2546990 352595 44264 7730
0b000901 0b000201 10029 100 131072 2890906 9726 6838 1433
0b001e01 0b001f01 10232 100 2097152 2544634 355631 44264 10142
0b001d01 0b001e01 10232 100 2097152 2548548 351993 44264 9661
0b001401 0b001501 10232 100 2097152 2545723 355377 44264 9172
0b001601 0b001701 10233 100 2097152 2549779 351568 44264 10614
0b000c01 0b000d01 10196 100 131072 2900076 2876 2898 3820
0b000e01 0b000f01 10196 100 131072 2900646 2876 2898 1870
0b000101 0b000201 10199 100 131072 2898706 5690 2898 2353
0b000101 0b000201 10200 100 131072 2898716 5682 2898 2369
0b001a01 0b001301 10033 100 2097152 2813271 91860 48204 9178
0b000d01 0b000601 10029 100 131072 2898363 6899 6838 3357
0b001c01 0b001d01 10231 100 2097152 2557324 348243 44264 8700
0b001401 0b001501 10233 100 2097152 2550812 355283 44264 9652
0b000401 0b000501 10185 100 131072 2644705 261624 11234 420
0b000401 0b000501 10186 100 131072 2644715 261618 11234 436
0b000301 0b000401 10203 100 131072 2754022 152353 11234 3779
0b000701 0b000001 10203 100 131072 2769350 137704 11234 1863
0b000001 0b000101 10188 100 131072 2684838 222623 11234 2368
0b000001 0b000101 10189 100 131072 2689874 217731 11234 2384
0b000001 0b000101 10190 100 131072 2703342 204603 11234 1296
0b000d01 0b000e01 10201 100 131072 2905962 2876 2898 3837
0b000f01 0b000801 10193 100 131072 2906532 2876 2898 1887
0b001101 0b001a01 10033 100 2097152 2822693 87074 48204 8689
0b001501 0b001601 10232 100 2097152 2554162 356729 44264 9653
0b000301 0b000c01 10028 100 131072 2897856 14051 6838 2371
0b001d01 0b001e01 10233 100 2097152 2562044 350184 44264 10141
0b000201 0b000301 10208 100 131072 2907406 5841 2898 2370
0b000201 0b000301 10209 100 131072 2907416 5832 2898 2386
0b000101 0b000201 10201 100 131072 2910471 2999 2898 2385
0b001c01 0b001d01 10232 100 2097152 2563412 350252 44264 9660
0b000501 0b000601 10198 100 131072 2909339 5690 2898 437
0b000501 0b000601 10199 100 131072 2909349 5682 2898 453
0b000801 0b000901 10197 100 131072 2912418 2876 2898 1896
0b001b01 0b001401 10033 100 2097152 2819305 96255 48204 9659
0b001b01 0b001c01 10233 100 2097152 2599744 316162 44264 8699
0b001f01 0b001001 10033 100 2097152 2811874 105049 48204 7743
0b000c01 0b000d01 10197 100 131072 2914917 2876 2898 2396
0b000401 0b000501 10187 100 131072 2656431 261303 11234 1892
0b000301 0b000401 10204 100 131072 2761863 155876 11234 3315
0b001501 0b001601 10233 100 2097152 2559562 358260 44264 10133
0b000101 0b000a01 10022 100 131072 2910955 6997 6838 1313
0b001e01 0b001f01 10233 100 2097152 2563149 355447 44264 10622
0b001701 0b001801 10033 100 2097152 2816106 102865 48204 7735
0b001801 0b001901 10233 100 2097152 2555809 363299 44264 7736
0b001201 0b001301 10233 100 2097152 2568076 351595 44264 8690
0b001001 0b001101 10232 100 2097152 2543494 376809 44264 11088
0b001301 0b001c01 10033 100 2097152 2824550 96471 48204 9651
0b000901 0b000a01 10201 100 131072 2918304 2886 2898 1913
0b001101 0b001201 10233 100 2097152 2572572 348814 44264 7729
0b001601 0b001f01 10033 100 2097152 2821905 100543 48204 11094
0b001c01 0b001d01 10233 100 2097152 2572641 350796 44264 9180
0b000a01 0b000b01 10197 100 131072 2920962 2885 2898 1338
0b000301 0b000c01 10029 100 131072 2916257 7485 6838 2387
0b000501 0b000601 10200 100 131072 2920744 3004 2898 1909
0b000601 0b000701 10208 100 131072 2918039 5755 2898 454
0b000601 0b000701 10209 100 131072 2918049 5747 2898 470
0b001201 0b001b01 10033 100 2097152 2827850 95919 48204 9170
0b000701 0b000001 10204 100 131072 2797079 131018 11234 1879
0b000b01 0b000c01 10194 100 131072 2926857 2876 2898 1355
0b000401 0b000501 10188 100 131072 2690524 239315 11234 452
0b000401 0b000501 10189 100 131072 2690616 239227 11234 468
0b000301 0b000401 10205 100 131072 2787981 141962 11234 3795
0b000701 0b000001 10205 100 131072 2797676 132805 11234 1399
0b000001 0b000101 10191 100 131072 2725937 204678 11234 1776
0b001901 0b001a01 10233 100 2097152 2575556 354817 44264 7737
0b001a01 0b001b01 10233 100 2097152 2570586 361226 44264 8698
0b000701 0b000801 10029 100 131072 2926804 6820 6838 471
0b000001 0b000101 10192 100 131072 2742729 192006 11234 1792
0b001001 0b001101 10233 100 2097152 2556298 378262 44264 7728
0b000c01 0b000d01 10198 100 131072 2932743 2876 2898 1372
0b000501 0b000601 10201 100 131072 2932849 2924 2898 469
0b000101 0b000201 10202 100 131072 2933625 2914 2898 1793
0b000101 0b000201 10203 100 131072 2937745 2908 2898 1809
0b000401 0b000501 10190 100 131072 2702166 239030 11234 3220
0b000301 0b000401 10206 100 131072 2794352 146871 11234 3331
0b000d01 0b000e01 10202 100 131072 2938629 2876 2898 1389
0b000201 0b000b01 10023 100 131072 2939549 6820 6838 1810
0b000e01 0b000f01 10197 100 131072 2944515 2876 2898 1406
0b000001 0b000101 10193 100 131072 2747937 200738 11234 1808
0b000201 0b000b01 10024 100 131072 2943663 6820 6838 1826
0b000501 0b000e01 10022 100 131072 2944206 6820 6838 3237
0b000b01 0b000c01 10195 100 131072 2949379 2876 2898 1835
0b000301 0b000401 10207 100 131072 2810727 142280 11234 3811
0b000401 0b000501 10191 100 131072 2725731 227298 11234 3700
0b000401 0b000501 10192 100 131072 2725741 227292 11234 3716
0b000f01 0b000801 10194 100 131072 2950401 2876 2898 1423
0b000701 0b000001 10206 100 131072 2821651 131992 11234 1895
0b000701 0b000001 10207 100 131072 2821655 131992 11234 1415
0b000101 0b000201 10204 100 131072 2951685 2907 2898 1825
0b000b01 0b000c01 10196 100 131072 2953493 2925 2898 1851
0b000e01 0b000f01 10198 100 131072 2954036 2876 2898 3262
0b000c01 0b000d01 10199 100 131072 2955265 2928 2898 1852
0b000801 0b000901 10198 100 131072 2956287 2876 2898 1432
0b000501 0b000601 10202 100 131072 2956039 5706 2898 3717
0b000501 0b000601 10203 100 131072 2956049 5697 2898 3733
0b000c01 0b000d01 10200 100 131072 2959428 2927 2898 1868
0b000f01 0b000801 10195 100 131072 2959922 2876 2898 3279
0b000d01 0b000e01 10203 100 131072 2961203 2927 2898 1869
0b000301 0b000401 10208 100 131072 2817529 146758 11234 3827
0b000201 0b000b01 10025 100 131072 2957602 6820 6838 1842
0b000401 0b000501 10193 100 131072 2746920 217826 11234 3236
0b000001 0b000101 10194 100 131072 2759133 205621 11234 1824
0b000701 0b000001 10208 100 131072 2827805 136963 11234 1911
0b000001 0b000101 10195 100 131072 2770599 194351 11234 3344
0b000401 0b000501 10194 100 131072 2758452 206578 11234 3252
0b000001 0b000101 10196 100 131072 2793887 171363 11234 1840
0b000001 0b000101 10197 100 131072 2805474 159868 11234 3824
0b000d01 0b000e01 10204 100 131072 2965365 2927 2898 1885
0b000801 0b000901 10199 100 131072 2965808 2876 2898 3288
0b000e01 0b000f01 10199 100 131072 2967140 2927 2898 1886
0b000b01 0b000c01 10197 100 131072 2967432 2876 2898 1867
0b000101 0b000201 10205 100 131072 2967764 5202 2898 1841
0b000101 0b000201 10206 100 131072 2968260 5196 2898 1857
0b000e01 0b000f01 10200 100 131072 2971302 2927 2898 1902
0b000601 0b000f01 10023 100 131072 2964755 9818 6838 3734
0b000601 0b000f01 10024 100 131072 2964765 9809 6838 3750
0b000901 0b000a01 10202 100 131072 2971694 2876 2898 3305
0b000f01 0b000801 10196 100 131072 2973077 2927 2898 1903
0b000c01 0b000d01 10201 100 131072 2973318 2876 2898 1884
0b000301 0b000401 10209 100 131072 2839382 136977 11234 3347
0b000701 0b000001 10209 100 131072 2853012 123465 11234 1431
0b000401 0b000501 10195 100 131072 2775407 201128 11234 1428
0b000401 0b000501 10196 100 131072 2780787 195880 11234 3732
0b000401 0b000501 10197 100 131072 2799265 177802 11234 1908
0b000501 0b000e01 10023 100 131072 2967756 9516 6838 3253
0b000401 0b000501 10198 100 131072 2815506 161877 11234 3268
0b000501 0b000e01 10024 100 131072 2968040 9507 6838 3269
0b000401 0b000501 10199 100 131072 2840670 137141 11234 3284
0b000401 0b000501 10200 100 131072 2852907 125032 11234 3300
0b000001 0b000101 10198 100 131072 2861843 117156 11234 1312
0b000001 0b000101 10199 100 131072 2861853 117150 11234 1328
0b000001 0b000101 10200 100 131072 2861863 117144 11234 1344
0b000001 0b000101 10201 100 131072 2874960 105207 11234 1856
0b000001 0b000101 10202 100 131072 2875048 105123 11234 1360
0b000a01 0b000b01 10198 100 131072 2977580 2876 2898 3322
0b000001 0b000101 10203 100 131072 2886412 94291 11234 1376
0b000401 0b000501 10201 100 131072 2897420 83675 11234 3748
0b000401 0b000501 10202 100 131072 2897430 83669 11234 3764
0b000401 0b000501 10203 100 131072 2897443 83660 11234 3780
0b000401 0b000501 10204 100 131072 2897529 83578 11234 3316
0b000001 0b000101 10204 100 131072 2898532 82727 11234 1392
0b000001 0b000101 10205 100 131072 2910064 71579 11234 1872
0b000401 0b000501 10205 100 131072 2909385 72386 11234 3796
0b000801 0b000901 10200 100 131072 2979014 3069 2898 1912
0b000d01 0b000e01 10205 100 131072 2979204 2957 2898 1901
0b000501 0b000601 10204 100 131072 2979677 2929 2898 3749
0b000201 0b000b01 10026 100 131072 2975976 9155 6838 1858
0b000f01 0b000801 10197 100 131072 2977239 8063 2898 1919
0b000201 0b000b01 10027 100 131072 2976466 9172 6838 1874
0b000f01 0b000801 10198 100 131072 2977583 8466 2898 3759
0b000f01 0b000801 10199 100 131072 2977593 8457 2898 3775
0b000e01 0b000f01 10201 100 131072 2980282 5864 2898 3278
0b000b01 0b000c01 10198 100 131072 2983466 2876 2898 3339
0b000e01 0b000f01 10202 100 131072 2980557 6095 2898 3294
0b000101 0b000201 10207 100 131072 2983177 4226 2898 1873
0b000e01 0b000f01 10203 100 131072 2985171 3751 2898 1918
0b000101 0b000201 10208 100 131072 2984653 4219 2898 1889
0b000401 0b000501 10206 100 131072 2920749 69238 11234 3332
0b000001 0b000101 10206 100 131072 2931107 59654 11234 1888
0b000001 0b000101 10207 100 131072 2933491 58287 11234 1408
0b000c01 0b000d01 10202 100 131072 2989352 3150 2898 3356
0b000601 0b000f01 10025 100 131072 2985616 7101 6838 3766
0b000501 0b000e01 10025 100 131072 2980393 12696 6838 3285
0b000b01 0b000c01 10199 100 131072 2988141 5255 2898 1883
0b000b01 0b000c01 10200 100 131072 2988648 5254 2898 1899
0b000501 0b000e01 10026 100 131072 2980821 13587 6838 3301
0b000f01 0b000801 10200 100 131072 2989156 5359 2898 3295
0b000501 0b000e01 10027 100 131072 2980949 13593 6838 3317
0b000801 0b000901 10201 100 131072 2989059 5935 2898 3768
0b000801 0b000901 10202 100 131072 2989069 5926 2898 3784
0b000f01 0b000801 10201 100 131072 2989662 5372 2898 3311
0b000501 0b000601 10205 100 131072 2984105 11050 2898 3765
0b000501 0b000601 10206 100 131072 2984115 11042 2898 3781
0b000501 0b000601 10207 100 131072 2984125 11034 2898 3797
0b000501 0b000601 10208 100 131072 2984781 10602 2898 3813
0b000501 0b000e01 10028 100 131072 2984117 11487 6838 3333
0b000401 0b000501 10207 100 131072 2932953 62823 11234 3812
0b000101 0b000201 10209 100 131072 2993771 2915 2898 1905
0b000401 0b000501 10208 100 131072 2944233 54576 11234 3348
0b000201 0b000b01 10028 100 131072 2990413 8586 6838 1890
0b000f01 0b000801 10202 100 131072 2995727 3122 2898 3791
0b000001 0b000101 10208 100 131072 2956653 42694 11234 1904
0b000001 0b000101 10209 100 131072 2956657 42694 11234 1424
0b000501 0b000e01 10029 100 131072 2992997 6820 6838 3349
0b000401 0b000501 10209 100 131072 2956017 44230 11234 3828
0b000201 0b000b01 10029 100 131072 2991882 8705 6838 1906
0b000c01 0b000d01 10203 100 131072 2996406 5123 2898 1900
0b000501 0b000601 10209 100 131072 2998786 2894 2898 3829
0b000101 0b000a01 10023 100 131072 2982009 19761 6838 1329
0b000101 0b000a01 10024 100 131072 2982019 19753 6838 1345
0b000101 0b000a01 10025 100 131072 2982029 19745 6838 1361
0b000c01 0b000d01 10204 100 131072 2996912 5123 2898 1916
0b000e01 0b000f01 10204 100 131072 2996099 6857 2898 3310
0b000101 0b000a01 10026 100 131072 2983181 20146 6838 1377
0b000801 0b000901 10203 100 131072 2997525 5789 2898 3304
0b000101 0b000a01 10027 100 131072 2983713 19994 6838 1393
0b000101 0b000a01 10028 100 131072 2984269 19650 6838 1409
0b000901 0b000a01 10203 100 131072 2998004 6141 2898 3785
0b000901 0b000a01 10204 100 131072 2998014 6132 2898 3801
0b000801 0b000901 10204 100 131072 2998044 6261 2898 3320
0b000b01 0b000c01 10201 100 131072 3002009 2887 2898 1915
0b000101 0b000a01 10029 100 131072 2994788 10897 6838 1425
0b000801 0b000901 10205 100 131072 3001859 4356 2898 3800
0b000e01 0b000f01 10205 100 131072 2997418 9590 2898 3326
0b000e01 0b000f01 10206 100 131072 2997552 9610 2898 3342
0b000e01 0b000f01 10207 100 131072 2998614 8883 2898 3358
0b000d01 0b000e01 10206 100 131072 3004539 3006 2898 1917
0b000f01 0b000801 10203 100 131072 3005966 2943 2898 3327
0b000901 0b000a01 10205 100 131072 3006324 5733 2898 3321
0b000601 0b000f01 10026 100 131072 2998165 15010 6838 3782
0b000601 0b000f01 10027 100 131072 2998175 15002 6838 3798
0b000601 0b000f01 10028 100 131072 2998185 14994 6838 3814
0b000601 0b000f01 10029 100 131072 2998393 14851 6838 3830
0b000901 0b000a01 10206 100 131072 3007315 6811 2898 3337
0b000801 0b000901 10206 100 131072 3011919 3153 2898 3336
0b000901 0b000a01 10207 100 131072 3009225 5872 2898 3817
0b000f01 0b000801 10204 100 131072 3010018 5612 2898 3343
0b000f01 0b000801 10205 100 131072 3010172 5607 2898 3359
0b000901 0b000a01 10208 100 131072 3018082 3007 2898 3353
0b000801 0b000901 10207 100 131072 3018640 3145 2898 3352
0b000f01 0b000801 10206 100 131072 3016185 8510 2898 3807
0b000f01 0b000801 10207 100 131072 3016195 8502 2898 3823
0b000f01 0b000801 10208 100 131072 3016205 8494 2898 3839
0b000a01 0b000b01 10199 100 131072 3004780 22451 2898 1354
0b000a01 0b000b01 10200 100 131072 3004790 22443 2898 1370
0b000a01 0b000b01 10201 100 131072 3004800 22435 2898 1386
0b000a01 0b000b01 10202 100 131072 3006337 24969 2898 1402
0b000a01 0b000b01 10203 100 131072 3006717 25206 2898 1418
0b000a01 0b000b01 10204 100 131072 3006929 25280 2898 1434
0b000a01 0b000b01 10205 100 131072 3007155 25275 2898 3802
0b000a01 0b000b01 10206 100 131072 3007165 25266 2898 3818
0b000801 0b000901 10208 100 131072 3027705 5627 2898 3816
0b000801 0b000901 10209 100 131072 3027715 5619 2898 3832
0b000a01 0b000b01 10207 100 131072 3015067 20314 2898 3338
0b000a01 0b000b01 10208 100 131072 3017136 18730 2898 3354
0b000a01 0b000b01 10209 100 131072 3018107 17848 2898 3834
0b000901 0b000a01 10209 100 131072 3036342 2876 2898 3833
0b000b01 0b000c01 10202 100 131072 3030241 14734 2898 1371
0b000b01 0b000c01 10203 100 131072 3030251 14726 2898 1387
0b000b01 0b000c01 10204 100 131072 3030261 14718 2898 1403
0b000b01 0b000c01 10205 100 131072 3034316 17220 2898 1419
0b000b01 0b000c01 10206 100 131072 3034933 17220 2898 1435
0b000b01 0b000c01 10207 100 131072 3035440 16978 2898 3819
0b000b01 0b000c01 10208 100 131072 3035450 16969 2898 3835
0b000b01 0b000c01 10209 100 131072 3038391 14469 2898 3355
0b000c01 0b000d01 10205 100 131072 3047985 9695 2898 1388
0b000c01 0b000d01 10206 100 131072 3047995 9687 2898 1404
0b000c01 0b000d01 10207 100 131072 3048005 9679 2898 1420
0b000c01 0b000d01 10208 100 131072 3054546 7385 2898 1436
0b000c01 0b000d01 10209 100 131072 3055428 6745 2898 3836
0b000d01 0b000e01 10207 100 131072 3060690 8445 2898 1405
0b000d01 0b000e01 10208 100 131072 3060700 8437 2898 1421
0b000d01 0b000e01 10209 100 131072 3060710 8429 2898 1437
0b000e01 0b000f01 10208 100 131072 3072145 5627 2898 1422
0b000e01 0b000f01 10209 100 131072 3072155 5619 2898 1438
0b000f01 0b000801 10209 100 131072 3080782 2876 2898 1439
0b001d01 0b001e01 10234 100 2097152 2798412 347202 44264 8221
0b001d01 0b001e01 10235 100 2097152 2798413 347223 44264 8701
0b001d01 0b001e01 10236 100 2097152 2798436 347201 44264 11101
0b001d01 0b001e01 10237 100 2097152 2798437 347201 44264 7741
0b001f01 0b001801 10234 100 2097152 2811875 334077 44264 8223
0b001f01 0b001801 10235 100 2097152 2811876 334077 44264 8703
0b001f01 0b001801 10236 100 2097152 2811877 334077 44264 9183
0b001f01 0b001801 10237 100 2097152 2811899 334077 44264 9663
0b001c01 0b001d01 10234 100 2097152 2799971 358844 44264 7740
0b001c01 0b001d01 10235 100 2097152 2799972 358844 44264 8220
0b001c01 0b001d01 10236 100 2097152 2799974 358843 44264 10620
0b001c01 0b001d01 10237 100 2097152 2799975 358843 44264 11100
0b001901 0b001a01 10234 100 2097152 2807349 354817 44264 9177
0b001901 0b001a01 10235 100 2097152 2807350 354817 44264 9657
0b001901 0b001a01 10236 100 2097152 2807351 354817 44264 10137
0b001901 0b001a01 10237 100 2097152 2807352 354817 44264 10617
0b001e01 0b001f01 10234 100 2097152 2805075 359279 44264 7742
0b001e01 0b001f01 10235 100 2097152 2805076 359279 44264 8222
0b001e01 0b001f01 10236 100 2097152 2805077 359300 44264 8702
0b001e01 0b001f01 10237 100 2097152 2805078 359300 44264 9182
0b001401 0b001501 10234 100 2097152 2808742 355788 44264 7732
0b001401 0b001501 10235 100 2097152 2808743 355788 44264 8212
0b001401 0b001501 10236 100 2097152 2808745 355787 44264 10612
0b001401 0b001501 10237 100 2097152 2808746 355787 44264 11092
0b001301 0b001401 10234 100 2097152 2824549 342815 44264 7731
0b001301 0b001401 10235 100 2097152 2824551 342814 44264 10131
0b001301 0b001401 10236 100 2097152 2824552 342814 44264 10611
0b001301 0b001401 10237 100 2097152 2824574 342793 44264 11091
0b001b01 0b001c01 10234 100 2097152 2819304 348771 44264 7739
0b001b01 0b001c01 10235 100 2097152 2819327 348749 44264 10139
0b001b01 0b001c01 10236 100 2097152 2819328 348749 44264 10619
0b001b01 0b001c01 10237 100 2097152 2819329 348749 44264 11099
0b001701 0b001001 10234 100 2097152 2816107 352152 44264 8215
0b001701 0b001001 10235 100 2097152 2816108 352152 44264 8695
0b001701 0b001001 10236 100 2097152 2816109 352152 44264 9175
0b001701 0b001001 10237 100 2097152 2816131 352131 44264 9655
0b001001 0b001101 10234 100 2097152 2791532 376928 44264 8688
0b001001 0b001101 10235 100 2097152 2791533 376928 44264 9168
0b001001 0b001101 10236 100 2097152 2791534 376928 44264 9648
0b001001 0b001101 10237 100 2097152 2791535 376949 44264 10128
0b001101 0b001201 10234 100 2097152 2822668 346108 44264 10609
0b001101 0b001201 10235 100 2097152 2822669 346108 44264 10129
0b001101 0b001201 10236 100 2097152 2822670 346129 44264 9649
0b001101 0b001201 10237 100 2097152 2822692 346108 44264 9169
0b001501 0b001601 10234 100 2097152 2810945 358597 44264 7733
0b001501 0b001601 10235 100 2097152 2810946 358597 44264 8213
0b001501 0b001601 10236 100 2097152 2810947 358597 44264 8693
0b001501 0b001601 10237 100 2097152 2810949 358617 44264 11093
0b001a01 0b001b01 10234 100 2097152 2813267 360497 44264 11098
0b001a01 0b001b01 10235 100 2097152 2813268 360518 44264 10618
0b001a01 0b001b01 10236 100 2097152 2813269 360518 44264 10138
0b001a01 0b001b01 10237 100 2097152 2813270 360518 44264 9658
0b001801 0b001901 10234 100 2097152 2804751 369135 44264 8696
0b001801 0b001901 10235 100 2097152 2804752 369135 44264 9176
0b001801 0b001901 10236 100 2097152 2804774 369114 44264 9656
0b001801 0b001901 10237 100 2097152 2804775 369135 44264 10136
0b001601 0b001701 10234 100 2097152 2821859 359002 44264 7734
0b001601 0b001701 10235 100 2097152 2821881 358981 44264 8214
0b001601 0b001701 10236 100 2097152 2821882 358981 44264 8694
0b001601 0b001701 10237 100 2097152 2821904 358981 44264 9174
0b001201 0b001301 10234 100 2097152 2827846 366782 44264 11090
0b001201 0b001301 10235 100 2097152 2827847 366782 44264 10610
0b001201 0b001301 10236 100 2097152 2827848 366782 44264 10130
0b001201 0b001301 10237 100 2097152 2827849 366803 44264 9650
0b001601 0b001701 10238 100 2097152 2839000 358980 44264 9190
0b001f01 0b001801 10238 100 2097152 2881200 326415 44264 9679
0b001801 0b001901 10238 100 2097152 2839755 369118 44264 10152
0b001701 0b001001 10238 100 2097152 2868825 341720 44264 10151
0b001a01 0b001b01 10238 100 2097152 2851639 359264 44264 11114
0b001401 0b001501 10238 100 2097152 2863262 351910 44264 9188
0b001301 0b001401 10238 100 2097152 2889390 326659 44264 8227
0b001e01 0b001701 10034 100 2097152 3148647 72307 48204 11118
0b001501 0b001601 10238 100 2097152 2861000 360161 44264 8709
0b001801 0b001101 10034 100 2097152 3148962 73159 48204 8232
0b001901 0b001a01 10238 100 2097152 2879856 350028 44264 8233
0b001901 0b001a01 10239 100 2097152 2879916 350123 44264 10633
0b001301 0b001401 10239 100 2097152 2902595 327600 44264 7747
0b001c01 0b001d01 10238 100 2097152 2881264 349270 44264 9196
0b001f01 0b001801 10239 100 2097152 2903275 327573 44264 10159
0b001b01 0b001c01 10238 100 2097152 2885378 345510 44264 7755
0b001b01 0b001c01 10239 100 2097152 2887535 345839 44264 8235
0b001301 0b001401 10240 100 2097152 2908141 326675 44264 9187
0b001c01 0b001d01 10239 100 2097152 2888137 347796 44264 8236
0b001401 0b001501 10239 100 2097152 2884536 351417 44264 8228
0b001001 0b001101 10238 100 2097152 2870958 365863 44264 11104
0b001d01 0b001e01 10238 100 2097152 2901659 336889 44264 10157
0b001701 0b001001 10239 100 2097152 2893247 345987 44264 9671
0b001601 0b001701 10239 100 2097152 2888116 351229 44264 10630
0b001901 0b001a01 10240 100 2097152 2895493 346295 44264 11113
0b001301 0b001401 10241 100 2097152 2922681 320429 44264 8707
0b001801 0b001901 10239 100 2097152 2879620 365515 44264 11112
0b001f01 0b001801 10240 100 2097152 2921606 324533 44264 10639
0b001d01 0b001e01 10239 100 2097152 2908577 339036 44264 8717
0b001f01 0b001801 10241 100 2097152 2925458 322882 44264 11119
0b001201 0b001301 10238 100 2097152 2882213 366802 44264 11106
0b001701 0b001001 10240 100 2097152 2901676 348365 44264 11111
0b001e01 0b001f01 10238 100 2097152 2889822 360849 44264 9198
0b001101 0b001201 10238 100 2097152 2898255 353205 44264 8225
0b001701 0b001001 10241 100 2097152 2904357 348303 44264 10631
0b001d01 0b001601 10034 100 2097152 3161827 91321 48204 10637
0b001401 0b001501 10240 100 2097152 2901305 351902 44264 8708
0b001a01 0b001b01 10239 100 2097152 2896814 357398 44264 8234
0b001501 0b001601 10239 100 2097152 2892661 361950 44264 10149
0b001001 0b001901 10034 100 2097152 3171269 83712 48204 8224
0b001001 0b001101 10239 100 2097152 2890517 365370 44264 10144
0b001201 0b001301 10239 100 2097152 2890683 365267 44264 8226
0b001001 0b001101 10240 100 2097152 2890650 365436 44264 10624
0b001d01 0b001e01 10240 100 2097152 2916674 339872 44264 9677
0b001101 0b001201 10239 100 2097152 2902302 354623 44264 10625
0b001f01 0b001001 10034 100 2097152 3167364 90322 48204 7759
0b001501 0b001e01 10034 100 2097152 3167542 91707 48204 10629
0b001a01 0b001301 10034 100 2097152 3165176 94319 48204 9194
0b001201 0b001301 10240 100 2097152 2895586 364065 44264 8706
0b001601 0b001f01 10034 100 2097152 3172576 88342 48204 11110
0b001901 0b001a01 10241 100 2097152 2922118 338859 44264 7753
0b001c01 0b001d01 10240 100 2097152 2918916 342912 44264 8716
0b001e01 0b001f01 10239 100 2097152 2900502 362824 44264 10638
0b001d01 0b001e01 10241 100 2097152 2926447 338420 44264 9197
0b001601 0b001701 10240 100 2097152 2913901 351256 44264 9670
0b001101 0b001a01 10034 100 2097152 3171470 94174 48204 8705
0b001501 0b001601 10240 100 2097152 2904110 361655 44264 9189
0b001c01 0b001d01 10241 100 2097152 2924031 341779 44264 9676
0b001401 0b001d01 10034 100 2097152 3170375 95691 48204 10148
0b001c01 0b001501 10034 100 2097152 3171086 95376 48204 10156
0b001b01 0b001401 10034 100 2097152 3176798 89682 48204 9675
0b001201 0b001b01 10034 100 2097152 3171810 95083 48204 9186
0b001e01 0b001f01 10240 100 2097152 2903551 363740 44264 9678
0b001701 0b001801 10034 100 2097152 3183871 83747 48204 7751
0b001801 0b001901 10240 100 2097152 2900547 367851 44264 10632
0b001901 0b001201 10034 100 2097152 3176896 91972 48204 8713
0b001501 0b001601 10241 100 2097152 2909105 360511 44264 9669
0b001b01 0b001c01 10240 100 2097152 2926779 343781 44264 9195
0b001601 0b001701 10241 100 2097152 2920832 351747 44264 10150
0b001401 0b001501 10241 100 2097152 2918570 354108 44264 9668
0b001a01 0b001b01 10240 100 2097152 2912777 361130 44264 8714
0b001b01 0b001c01 10241 100 2097152 2934822 343971 44264 8715
0b001301 0b001c01 10034 100 2097152 3197662 81813 48204 9667
0b001e01 0b001f01 10241 100 2097152 2915238 365034 44264 10158
0b001201 0b001301 10241 100 2097152 2924396 358553 44264 7746
0b001101 0b001201 10240 100 2097152 2923313 360364 44264 11105
0b001001 0b001101 10241 100 2097152 2919933 364115 44264 7744
0b001801 0b001901 10241 100 2097152 2921981 370881 44264 7752
0b001a01 0b001b01 10241 100 2097152 2933383 364087 44264 7754
0b001101 0b001201 10241 100 2097152 2937570 364065 44264 7745
0b001f01 0b001801 10242 100 2097152 3167365 320330 44264 8239
0b001f01 0b001801 10243 100 2097152 3167387 320309 44264 8719
0b001f01 0b001801 10244 100 2097152 3167388 320309 44264 9199
0b001e01 0b001f01 10242 100 2097152 3148624 364694 44264 8238
0b001e01 0b001f01 10243 100 2097152 3148646 364673 44264 8718
0b001e01 0b001f01 10244 100 2097152 3148648 364672 44264 7758
0b001d01 0b001e01 10242 100 2097152 3161825 353539 44264 7757
0b001d01 0b001e01 10243 100 2097152 3161826 353539 44264 8237
0b001d01 0b001e01 10244 100 2097152 3161828 353559 44264 11117
0b001c01 0b001d01 10242 100 2097152 3171085 346656 44264 7756
0b001c01 0b001d01 10243 100 2097152 3171087 346655 44264 10636
0b001c01 0b001d01 10244 100 2097152 3171088 346655 44264 11116
0b001301 0b001401 10242 100 2097152 3197638 323328 44264 11107
0b001301 0b001401 10243 100 2097152 3197639 323328 44264 10627
0b001301 0b001401 10244 100 2097152 3197640 323328 44264 10147
0b001901 0b001a01 10242 100 2097152 3176897 345669 44264 9193
0b001901 0b001a01 10243 100 2097152 3176898 345669 44264 9673
0b001901 0b001a01 10244 100 2097152 3176920 345648 44264 10153
0b000301 0b000c01 10030 100 2097152 3475290 48108 48204 13443
0b001601 0b001701 10242 100 2097152 3172552 351686 44264 7750
0b001601 0b001701 10243 100 2097152 3172553 351686 44264 8230
0b001601 0b001701 10244 100 2097152 3172554 351686 44264 8710
0b001501 0b001601 10242 100 2097152 3167540 358557 44264 7749
0b001501 0b001601 10243 100 2097152 3167541 358557 44264 8229
0b001501 0b001601 10244 100 2097152 3167543 358556 44264 11109
0b001b01 0b001c01 10242 100 2097152 3176774 349743 44264 11115
0b001b01 0b001c01 10243 100 2097152 3176796 349722 44264 10635
0b001b01 0b001c01 10244 100 2097152 3176797 349722 44264 10155
0b001201 0b001301 10242 100 2097152 3171786 354757 44264 10626
0b001201 0b001301 10243 100 2097152 3171787 354757 44264 10146
0b001201 0b001301 10244 100 2097152 3171809 354757 44264 9666
0b001801 0b001901 10242 100 2097152 3148963 377927 44264 8712
0b001801 0b001901 10243 100 2097152 3148964 377927 44264 9192
0b001801 0b001901 10244 100 2097152 3148986 377927 44264 9672
0b001a01 0b001b01 10242 100 2097152 3165177 365022 44264 9674
0b001a01 0b001b01 10243 100 2097152 3165178 365022 44264 10154
0b001a01 0b001b01 10244 100 2097152 3165179 365022 44264 10634
0b001401 0b001501 10242 100 2097152 3170374 362094 44264 7748
0b001401 0b001501 10243 100 2097152 3170376 362093 44264 10628
0b001401 0b001501 10244 100 2097152 3170377 362093 44264 11108
0b001001 0b001101 10242 100 2097152 3171270 365339 44264 8704
0b001001 0b001101 10243 100 2097152 3171271 365339 44264 9184
0b001001 0b001101 10244 100 2097152 3171272 365339 44264 9664
0b001101 0b001201 10242 100 2097152 3171471 366897 44264 9185
0b001101 0b001201 10243 100 2097152 3171472 366897 44264 9665
0b001101 0b001201 10244 100 2097152 3171494 366897 44264 10145
0b001801 0b001101 10035 100 2097152 3490705 52933 48204 8248
0b001701 0b001001 10242 100 2097152 3183872 361256 44264 8231
0b001701 0b001001 10243 100 2097152 3183873 361256 44264 8711
0b001701 0b001001 10244 100 2097152 3183895 361256 44264 9191
0b001901 0b001a01 10245 100 2097152 3211883 342708 44264 10169
0b000701 0b000801 10030 100 2097152 3485837 74158 48204 11527
0b001b01 0b001c01 10245 100 2097152 3213913 347005 44264 11131
0b001701 0b001001 10245 100 2097152 3200990 361256 44264 9207
0b001501 0b001601 10245 100 2097152 3218182 354020 44264 9205
0b001601 0b001701 10245 100 2097152 3224171 351082 44264 8726
0b001001 0b001101 10245 100 2097152 3213555 361859 44264 10160
0b001c01 0b001d01 10245 100 2097152 3233898 344187 44264 7772
0b001801 0b001901 10245 100 2097152 3210625 369419 44264 9688
0b001c01 0b001d01 10246 100 2097152 3236384 344320 44264 8252
0b001701 0b001001 10246 100 2097152 3223964 357471 44264 11127
0b001f01 0b001801 10245 100 2097152 3253681 327947 44264 9215
0b001401 0b001501 10245 100 2097152 3219059 362846 44264 8244
0b001d01 0b001e01 10245 100 2097152 3233544 351803 44264 9213
0b001901 0b001a01 10246 100 2097152 3248145 340353 44264 11129
0b001501 0b001601 10246 100 2097152 3238963 351504 44264 8245
0b001d01 0b001e01 10246 100 2097152 3238943 351861 44264 8253
0b001401 0b001501 10246 100 2097152 3233205 360845 44264 7764
0b001301 0b001401 10245 100 2097152 3252025 342305 44264 11123
0b001701 0b001001 10247 100 2097152 3242355 353205 44264 10647
0b001201 0b001301 10245 100 2097152 3254470 341431 44264 8242
0b001f01 0b001801 10246 100 2097152 3263928 333145 44264 11135
0b001401 0b001501 10247 100 2097152 3237826 359330 44264 9204
0b001901 0b001a01 10247 100 2097152 3257991 340276 44264 8249
0b001f01 0b001801 10247 100 2097152 3266336 333048 44264 10655
0b001b01 0b001c01 10246 100 2097152 3257222 342352 44264 8251
0b001101 0b001201 10245 100 2097152 3225131 375108 44264 8241
0b001e01 0b001f01 10245 100 2097152 3241558 359234 44264 10174
0b001201 0b001301 10246 100 2097152 3259935 341251 44264 10642
0b001f01 0b001801 10248 100 2097152 3270301 331728 44264 9695
0b001401 0b001501 10248 100 2097152 3246120 356009 44264 8724
0b001801 0b001901 10246 100 2097152 3233858 368908 44264 10168
0b001001 0b001101 10246 100 2097152 3242244 362087 44264 9680
0b001f01 0b001001 10035 100 2097152 3516330 88437 48204 7775
0b001501 0b001601 10247 100 2097152 3256217 349026 44264 8725
0b001301 0b001401 10246 100 2097152 3258960 346995 44264 8243
0b001a01 0b001b01 10245 100 2097152 3232894 373462 44264 8250
0b001a01 0b001b01 10246 100 2097152 3233049 373506 44264 10650
0b001f01 0b001801 10249 100 2097152 3283282 325436 44264 10175
0b001b01 0b001c01 10247 100 2097152 3269903 338831 44264 9211
0b001e01 0b001f01 10246 100 2097152 3250623 359146 44264 8734
0b001901 0b001a01 10248 100 2097152 3271408 338414 44264 10649
0b001301 0b001401 10247 100 2097152 3262505 348379 44264 9203
0b001301 0b001401 10248 100 2097152 3262661 348377 44264 8723
0b001201 0b001301 10247 100 2097152 3271878 340860 44264 8722
0b001601 0b001701 10246 100 2097152 3256158 356747 44264 10646
0b001b01 0b001c01 10248 100 2097152 3276917 337362 44264 8731
0b001401 0b001501 10249 100 2097152 3269490 344994 44264 9684
0b001601 0b001701 10247 100 2097152 3257621 357066 44264 10166
0b001701 0b001001 10248 100 2097152 3268167 346982 44264 9687
0b001001 0b001101 10247 100 2097152 3253051 362923 44264 11120
0b001101 0b001201 10246 100 2097152 3239831 376147 44264 11121
0b001d01 0b001e01 10247 100 2097152 3264838 352455 44264 8733
0b001e01 0b001f01 10247 100 2097152 3259556 358093 44264 9694
0b001001 0b001101 10248 100 2097152 3255670 362593 44264 10640
0b001c01 0b001d01 10247 100 2097152 3273570 345427 44264 9212
0b001a01 0b001b01 10247 100 2097152 3244798 374236 44264 11130
0b001501 0b001601 10248 100 2097152 3269472 349746 44264 10165
0b001e01 0b001f01 10248 100 2097152 3262259 357107 44264 10654
0b001701 0b001001 10249 100 2097152 3275589 345105 44264 10167
0b001801 0b001901 10247 100 2097152 3249149 372036 44264 10648
0b001d01 0b001e01 10248 100 2097152 3268820 352459 44264 9693
0b001d01 0b001e01 10249 100 2097152 3269076 352314 44264 10173
0b001e01 0b001f01 10249 100 2097152 3267877 355085 44264 9214
0b001001 0b001101 10249 100 2097152 3260696 362500 44264 7760
0b001801 0b001901 10248 100 2097152 3251350 372233 44264 11128
0b001201 0b001301 10248 100 2097152 3286687 338001 44264 11122
0b001601 0b001701 10248 100 2097152 3268775 356412 44264 9206
0b001501 0b001601 10249 100 2097152 3275688 350571 44264 9685
0b001901 0b001a01 10249 100 2097152 3295872 332087 44264 7769
0b001601 0b001701 10249 100 2097152 3272626 355975 44264 9686
0b001c01 0b001d01 10248 100 2097152 3281803 348283 44264 8732
0b001301 0b001401 10249 100 2097152 3285959 344426 44264 7763
0b001c01 0b001d01 10249 100 2097152 3282485 348239 44264 9692
0b001001 0b001901 10035 100 2097152 3548138 83243 48204 8240
0b001b01 0b001c01 10249 100 2097152 3300480 332174 44264 7771
0b001d01 0b001601 10035 100 2097152 3520752 115063 48204 10653
0b001201 0b001301 10249 100 2097152 3304645 332914 44264 7762
0b001a01 0b001b01 10248 100 2097152 3263987 373950 44264 7770
0b001101 0b001201 10247 100 2097152 3258897 379640 44264 10161
0b001101 0b001201 10248 100 2097152 3259096 379662 44264 10641
0b001e01 0b001701 10035 100 2097152 3518397 120592 48204 11134
0b001801 0b001901 10249 100 2097152 3270628 370380 44264 7768
0b001a01 0b001b01 10249 100 2097152 3268654 373332 44264 8730
0b001301 0b001c01 10035 100 2097152 3529576 112733 48204 9683
0b001a01 0b001301 10035 100 2097152 3525576 117593 48204 9210
0b001b01 0b001401 10035 100 2097152 3533209 110783 48204 9691
0b001701 0b001801 10035 100 2097152 3527248 118206 48204 7767
0b001401 0b001d01 10035 100 2097152 3523978 121683 48204 10164
0b001c01 0b001501 10035 100 2097152 3529529 132873 48204 10172
0b001901 0b001201 10035 100 2097152 3529900 132764 48204 8729
0b001101 0b001201 10249 100 2097152 3287058 380213 44264 7761
0b001201 0b001b01 10035 100 2097152 3541378 128152 48204 9202
0b001601 0b001f01 10035 100 2097152 3529109 140474 48204 11126
0b001501 0b001e01 10035 100 2097152 3535479 135205 48204 10645
0b001101 0b001a01 10035 100 2097152 3539619 149645 48204 8721
0b000501 0b000e01 10030 100 2097152 3559259 135069 48204 14405
0b000601 0b000f01 10030 100 2097152 3560692 146384 48204 14886
0b000101 0b000a01 10030 100 2097152 3558363 149644 48204 12481
0b000201 0b000b01 10030 100 2097152 3555698 154695 48204 12962
0b000e01 0b000701 10030 100 2097152 3631199 84939 48204 14894
0b000d01 0b000601 10030 100 2097152 3621185 96256 48204 14413
0b000901 0b000201 10030 100 2097152 3595375 123136 48204 12489
0b000801 0b000101 10030 100 2097152 3642670 83120 48204 12008
0b000c01 0b000501 10030 100 2097152 3614467 114710 48204 13932
0b000a01 0b000301 10030 100 2097152 3598230 132267 48204 12970
0b000001 0b000901 10030 100 2097152 3535489 214521 180639 12000
0b000401 0b000d01 10030 100 2097152 3535371 246251 180639 13924
0b000b01 0b000401 10030 100 2097152 3597478 185807 180639 13451
0b000f01 0b000001 10030 100 2097152 3639815 184038 180639 11535
0b001f01 0b001801 10250 100 2097152 3516328 318743 44264 8255
0b001f01 0b001801 10251 100 2097152 3516329 318743 44264 8735
0b001b01 0b001c01 10250 100 2097152 3533210 326031 44264 10171
0b001b01 0b001c01 10251 100 2097152 3533211 326031 44264 10651
0b001801 0b001901 10250 100 2097152 3490706 369278 44264 8728
0b001801 0b001901 10251 100 2097152 3490707 369299 44264 9208
0b001401 0b001501 10250 100 2097152 3523976 336187 44264 11124
0b001401 0b001501 10251 100 2097152 3523977 336187 44264 10644
0b001901 0b001a01 10250 100 2097152 3529901 333009 44264 9209
0b001901 0b001a01 10251 100 2097152 3529923 332988 44264 9689
0b001701 0b001001 10250 100 2097152 3527249 337962 44264 8247
0b001701 0b001001 10251 100 2097152 3527250 337962 44264 8727
0b001d01 0b001e01 10250 100 2097152 3520751 345883 44264 7773
0b001d01 0b001e01 10251 100 2097152 3520753 345882 44264 11133
0b001e01 0b001f01 10250 100 2097152 3518374 348863 44264 7774
0b001e01 0b001f01 10251 100 2097152 3518375 348863 44264 8254
0b001201 0b001301 10250 100 2097152 3541379 328997 44264 9682
0b001201 0b001301 10251 100 2097152 3541401 328976 44264 10162
0b001301 0b001401 10250 100 2097152 3529553 345662 44264 10643
0b001301 0b001401 10251 100 2097152 3529554 345662 44264 10163
0b001c01 0b001d01 10250 100 2097152 3529527 354805 44264 11132
0b001c01 0b001d01 10251 100 2097152 3529528 354805 44264 10652
0b001601 0b001701 10250 100 2097152 3529107 357270 44264 7766
0b001601 0b001701 10251 100 2097152 3529108 357291 44264 8246
0b001501 0b001601 10250 100 2097152 3535478 353733 44264 7765
0b001501 0b001601 10251 100 2097152 3535480 353732 44264 11125
0b001a01 0b001b01 10250 100 2097152 3525577 365238 44264 9690
0b001a01 0b001b01 10251 100 2097152 3525578 365238 44264 10170
0b001801 0b001101 10036 100 2097152 3838081 63387 48204 8264
0b000101 0b000201 10210 100 2097152 3558363 343459 44264 11521
0b000101 0b000201 10211 100 2097152 3558363 343460 44264 12001
0b000101 0b000201 10212 100 2097152 3558363 343461 44264 12961
0b000101 0b000201 10213 100 2097152 3558363 343462 44264 13441
0b000101 0b000201 10214 100 2097152 3558363 343484 44264 13921
0b000101 0b000201 10215 100 2097152 3558363 343485 44264 14401
0b000101 0b000201 10216 100 2097152 3558363 343486 44264 14881
0b000501 0b000601 10210 100 2097152 3559259 343038 44264 11525
0b000501 0b000601 10211 100 2097152 3559259 343039 44264 12005
0b000501 0b000601 10212 100 2097152 3559259 343040 44264 12485
0b000501 0b000601 10213 100 2097152 3559259 343041 44264 12965
0b000501 0b000601 10214 100 2097152 3559259 343042 44264 13445
0b000501 0b000601 10215 100 2097152 3559259 343043 44264 13925
0b000501 0b000601 10216 100 2097152 3559259 343065 44264 14885
0b000201 0b000301 10210 100 2097152 3555698 350751 44264 11522
0b000201 0b000301 10211 100 2097152 3555698 350752 44264 12002
0b000201 0b000301 10212 100 2097152 3555698 350753 44264 12482
0b000201 0b000301 10213 100 2097152 3555698 350754 44264 13442
0b000201 0b000301 10214 100 2097152 3555698 350755 44264 13922
0b000201 0b000301 10215 100 2097152 3555698 350756 44264 14402
0b000201 0b000301 10216 100 2097152 3555698 350757 44264 14882
0b001701 0b001001 10252 100 2097152 3578263 331266 44264 8743
0b000601 0b000701 10210 100 2097152 3560692 352057 44264 11526
0b000601 0b000701 10211 100 2097152 3560692 352058 44264 12006
0b000601 0b000701 10212 100 2097152 3560692 352059 44264 12486
0b000601 0b000701 10213 100 2097152 3560692 352060 44264 12966
0b000601 0b000701 10214 100 2097152 3560692 352082 44264 13446
0b000601 0b000701 10215 100 2097152 3560692 352083 44264 13926
0b000601 0b000701 10216 100 2097152 3560692 352084 44264 14406
0b001c01 0b001d01 10252 100 2097152 3563928 354748 44264 11148
0b001901 0b001201 10036 100 2097152 3862994 56606 48204 8745
0b001101 0b001201 10250 100 2097152 3539620 381157 44264 9201
0b001101 0b001201 10251 100 2097152 3539621 381157 44264 9681
0b001901 0b001a01 10252 100 2097152 3583054 337740 44264 9705
0b001a01 0b001b01 10252 100 2097152 3557601 363866 44264 10186
0b001001 0b001101 10250 100 2097152 3548139 373742 44264 8720
0b001001 0b001101 10251 100 2097152 3548161 373721 44264 9200
0b001d01 0b001e01 10252 100 2097152 3581095 342467 44264 7789
0b001f01 0b001801 10252 100 2097152 3603802 321128 44264 10191
0b001201 0b001301 10252 100 2097152 3603249 322225 44264 8258
0b001d01 0b001e01 10253 100 2097152 3583714 342159 44264 8269
0b000101 0b000201 10217 100 2097152 3728800 198596 44264 12017
0b000501 0b000601 10217 100 2097152 3732187 196057 44264 13941
0b001101 0b001201 10252 100 2097152 3546648 381641 44264 8257
0b001601 0b001701 10252 100 2097152 3575212 356252 44264 9222
0b001401 0b001501 10252 100 2097152 3597340 334575 44264 11140
0b001001 0b001901 10036 100 2097152 3868221 65092 48204 8256
0b001501 0b001e01 10036 100 2097152 3863174 75490 48204 10661
0b001e01 0b001f01 10252 100 2097152 3588357 350984 44264 9230
0b001f01 0b001801 10253 100 2097152 3612779 327864 44264 8751
0b001001 0b001101 10252 100 2097152 3565256 376163 44264 9216
0b000901 0b000a01 10210 100 2097152 3595375 346149 44264 11529
0b000901 0b000a01 10211 100 2097152 3595375 346150 44264 12009
0b000901 0b000a01 10212 100 2097152 3595375 346151 44264 12969
0b000901 0b000a01 10213 100 2097152 3595375 346173 44264 13449
0b000901 0b000a01 10214 100 2097152 3595375 346174 44264 13929
0b000901 0b000a01 10215 100 2097152 3595375 346175 44264 14409
0b000901 0b000a01 10216 100 2097152 3595375 346176 44264 14889
0b001501 0b001601 10252 100 2097152 3584915 356838 44264 8261
0b001a01 0b001301 10036 100 2097152 3865920 75901 48204 9226
0b001b01 0b001c01 10252 100 2097152 3609366 333006 44264 8267
0b001c01 0b001501 10036 100 2097152 3862251 80242 48204 10188
0b001b01 0b001c01 10253 100 2097152 3609565 333137 44264 10667
0b001e01 0b001f01 10253 100 2097152 3593814 351358 44264 8270
0b001901 0b001a01 10253 100 2097152 3605776 339835 44264 10185
0b001801 0b001901 10252 100 2097152 3584638 361816 44264 9224
0b001201 0b001301 10253 100 2097152 3618988 328338 44264 11138
0b001601 0b001701 10253 100 2097152 3593477 354096 44264 8262
0b001401 0b001501 10253 100 2097152 3608965 339059 44264 8260
0b001301 0b001401 10252 100 2097152 3598911 349135 44264 8259
0b000b01 0b000c01 10210 100 2097152 3597478 352615 44264 11531
0b000b01 0b000c01 10211 100 2097152 3597478 352616 44264 12011
0b000b01 0b000c01 10212 100 2097152 3597478 352617 44264 12491
0b000b01 0b000c01 10213 100 2097152 3597478 352618 44264 12971
0b000b01 0b000c01 10214 100 2097152 3597478 352619 44264 13931
0b000b01 0b000c01 10215 100 2097152 3597478 352641 44264 14411
0b000b01 0b000c01 10216 100 2097152 3597478 352642 44264 14891
0b001a01 0b001b01 10253 100 2097152 3591508 359598 44264 11146
0b001f01 0b001801 10254 100 2097152 3620659 331935 44264 9711
0b001401 0b001501 10254 100 2097152 3613894 339345 44264 9220
0b001401 0b001501 10255 100 2097152 3614048 339302 44264 8740
0b001701 0b001001 10253 100 2097152 3615915 338415 44264 10663
0b001301 0b001401 10253 100 2097152 3604196 350297 44264 10659
0b001f01 0b001801 10255 100 2097152 3622376 332331 44264 10671
0b001c01 0b001d01 10253 100 2097152 3602584 353545 44264 8268
0b001701 0b001001 10254 100 2097152 3617697 339098 44264 10183
0b001501 0b001601 10253 100 2097152 3597060 359799 44264 7781
0b001b01 0b001c01 10254 100 2097152 3622044 335073 44264 11147
0b001101 0b001201 10253 100 2097152 3578424 379240 44264 10177
0b001f01 0b001801 10256 100 2097152 3625972 331727 44264 9231
0b000a01 0b000b01 10210 100 2097152 3598230 360164 44264 11530
0b000a01 0b000b01 10211 100 2097152 3598230 360165 44264 12010
0b000a01 0b000b01 10212 100 2097152 3598230 360187 44264 12490
0b000a01 0b000b01 10213 100 2097152 3598230 360188 44264 13450
0b000a01 0b000b01 10214 100 2097152 3598230 360189 44264 13930
0b000a01 0b000b01 10215 100 2097152 3598230 360190 44264 14410
0b000a01 0b000b01 10216 100 2097152 3598230 360191 44264 14890
0b001a01 0b001b01 10254 100 2097152 3601277 357376 44264 8266
0b001601 0b001701 10254 100 2097152 3608253 350413 44264 8742
0b001d01 0b001e01 10254 100 2097152 3622007 337135 44264 9229
0b001001 0b001101 10253 100 2097152 3584445 375111 44264 11136
0b001501 0b001601 10254 100 2097152 3600166 361094 44264 9221
0b001401 0b001d01 10036 100 2097152 3878226 83608 48204 10180
0b000901 0b000a01 10217 100 2097152 3753020 211368 44264 12025
0b001c01 0b001d01 10254 100 2097152 3611744 354158 44264 9228
0b001a01 0b001b01 10255 100 2097152 3612832 353742 44264 10666
0b001801 0b001901 10253 100 2097152 3600083 366514 44264 11144
0b001501 0b001601 10255 100 2097152 3605139 361864 44264 8741
0b000d01 0b000e01 10210 100 2097152 3621185 345887 44264 11533
0b000d01 0b000e01 10211 100 2097152 3621185 345888 44264 12013
0b000d01 0b000e01 10212 100 2097152 3621185 345889 44264 12493
0b000d01 0b000e01 10213 100 2097152 3621185 345890 44264 12973
0b000d01 0b000e01 10214 100 2097152 3621185 345891 44264 13453
0b000d01 0b000e01 10215 100 2097152 3621185 345892 44264 13933
0b000d01 0b000e01 10216 100 2097152 3621185 345914 44264 14893
0b001401 0b001501 10256 100 2097152 3633395 334942 44264 7780
0b001d01 0b001601 10036 100 2097152 3887343 81101 48204 10669
0b001e01 0b001701 10036 100 2097152 3869645 99721 48204 11150
0b001801 0b001901 10254 100 2097152 3602394 367064 44264 10664
0b001301 0b001401 10254 100 2097152 3615748 354079 44264 8739
0b001901 0b001a01 10254 100 2097152 3624195 345739 44264 10665
0b001701 0b001001 10255 100 2097152 3628197 341781 44264 9223
0b001601 0b001701 10255 100 2097152 3622228 347997 44264 10182
0b001c01 0b001d01 10255 100 2097152 3617289 353542 44264 8748
0b001801 0b001901 10255 100 2097152 3605039 367411 44264 9704
0b001901 0b001a01 10255 100 2097152 3626593 346140 44264 11145
0b001701 0b001001 10256 100 2097152 3631611 342002 44264 9703
0b001001 0b001101 10254 100 2097152 3598570 375076 44264 10656
0b001d01 0b001e01 10255 100 2097152 3633096 341191 44264 8749
0b001e01 0b001f01 10254 100 2097152 3620303 354407 44264 8750
0b001d01 0b001e01 10256 100 2097152 3633734 341258 44264 9709
0b001401 0b001501 10257 100 2097152 3647002 329744 44264 9700
0b001f01 0b001001 10036 100 2097152 3870247 106588 48204 7791
0b001601 0b001701 10256 100 2097152 3629269 348503 44264 9702
0b001801 0b001901 10256 100 2097152 3611728 366531 44264 10184
0b001a01 0b001b01 10256 100 2097152 3630969 347802 44264 7786
0b001501 0b001601 10256 100 2097152 3617494 362762 44264 9701
0b001e01 0b001f01 10255 100 2097152 3624289 356735 44264 9710
0b001e01 0b001f01 10256 100 2097152 3624400 356823 44264 10190
0b001201 0b001301 10254 100 2097152 3641547 340147 44264 10178
0b001b01 0b001c01 10255 100 2097152 3640947 340956 44264 7787
0b001201 0b001301 10255 100 2097152 3641768 340235 44264 10658
0b001901 0b001a01 10256 100 2097152 3634391 348115 44264 8265
0b001001 0b001101 10255 100 2097152 3607777 375550 44264 7776
0b001301 0b001401 10255 100 2097152 3627698 355977 44264 11139
0b001701 0b001001 10257 100 2097152 3641999 342377 44264 11143
0b001101 0b001201 10254 100 2097152 3607341 377045 44264 9697
0b001101 0b001a01 10036 100 2097152 3924891 60931 48204 8737
0b001c01 0b001d01 10256 100 2097152 3635664 350330 44264 7788
0b001301 0b001c01 10036 100 2097152 3873386 112810 48204 9699
0b001f01 0b001801 10257 100 2097152 3672593 313961 44264 11151
0b001b01 0b001c01 10256 100 2097152 3644996 342364 44264 8747
0b001601 0b001701 10257 100 2097152 3638825 349072 44264 10662
0b001d01 0b001e01 10257 100 2097152 3648671 341352 44264 10189
0b000d01 0b000e01 10217 100 2097152 3784632 205810 44264 13949
0b001701 0b001801 10036 100 2097152 3889387 103929 48204 7783
0b001901 0b001a01 10257 100 2097152 3644018 349577 44264 7785
0b001001 0b001101 10256 100 2097152 3618159 376591 44264 9696
0b001c01 0b001d01 10257 100 2097152 3645319 350272 44264 9708
0b001101 0b001201 10255 100 2097152 3618984 377045 44264 11137
0b001101 0b001201 10256 100 2097152 3621273 376913 44264 10657
0b000b01 0b000c01 10217 100 2097152 3713403 285691 44264 12987
0b000f01 0b000801 10210 100 2097152 3639815 359571 44264 12015
0b000f01 0b000801 10211 100 2097152 3639815 359572 44264 12495
0b000f01 0b000801 10212 100 2097152 3639815 359573 44264 12975
0b000f01 0b000801 10213 100 2097152 3639815 359595 44264 13455
0b000f01 0b000801 10214 100 2097152 3639815 359596 44264 13935
0b000f01 0b000801 10215 100 2097152 3639815 359597 44264 14415
0b000f01 0b000801 10216 100 2097152 3639815 359598 44264 14895
0b001301 0b001401 10256 100 2097152 3640569 359431 44264 7779
0b001001 0b001101 10257 100 2097152 3623704 377404 44264 10176
0b001101 0b001201 10257 100 2097152 3626206 375878 44264 7777
0b001301 0b001401 10257 100 2097152 3646179 359366 44264 9219
0b000c01 0b000d01 10210 100 2097152 3614467 392352 44264 11532
0b000c01 0b000d01 10211 100 2097152 3614467 392374 44264 12012
0b000c01 0b000d01 10212 100 2097152 3614467 392375 44264 12492
0b000c01 0b000d01 10213 100 2097152 3614467 392376 44264 12972
0b000c01 0b000d01 10214 100 2097152 3614467 392377 44264 13452
0b000c01 0b000d01 10215 100 2097152 3614467 392378 44264 14412
0b000c01 0b000d01 10216 100 2097152 3614467 392379 44264 14892
0b000c01 0b000d01 10217 100 2097152 3614477 392391 44264 13468
0b000c01 0b000501 10031 100 2097152 3953107 54288 48204 13948
0b000e01 0b000f01 10210 100 2097152 3631199 376252 44264 11534
0b000e01 0b000f01 10211 100 2097152 3631199 376253 44264 12014
0b000e01 0b000f01 10212 100 2097152 3631199 376254 44264 12494
0b000e01 0b000f01 10213 100 2097152 3631199 376255 44264 12974
0b000e01 0b000f01 10214 100 2097152 3631199 376256 44264 13454
0b000e01 0b000f01 10215 100 2097152 3631199 376278 44264 13934
0b000e01 0b000f01 10216 100 2097152 3631199 376279 44264 14414
0b000f01 0b000801 10217 100 2097152 3710086 299829 44264 14911
0b001201 0b001301 10256 100 2097152 3665674 346510 44264 8738
0b001801 0b001901 10257 100 2097152 3648464 366012 44264 7784
0b001b01 0b001c01 10257 100 2097152 3672540 342387 44264 9227
0b001b01 0b001401 10036 100 2097152 3893825 123442 48204 9707
0b001201 0b001301 10257 100 2097152 3670281 347865 44264 7778
0b000801 0b000901 10210 100 2097152 3642670 376710 44264 11528
0b000801 0b000901 10211 100 2097152 3642670 376711 44264 12488
0b000801 0b000901 10212 100 2097152 3642670 376712 44264 12968
0b000801 0b000901 10213 100 2097152 3642670 376734 44264 13448
0b000801 0b000901 10214 100 2097152 3642670 376735 44264 13928
0b000801 0b000901 10215 100 2097152 3642670 376736 44264 14408
0b000801 0b000901 10216 100 2097152 3642670 376737 44264 14888
0b000801 0b000901 10217 100 2097152 3642680 376728 44264 11544
0b001601 0b001f01 10036 100 2097152 3892222 133376 48204 11142
0b000201 0b000b01 10031 100 2097152 3904834 130115 48204 12978
0b000601 0b000f01 10031 100 2097152 3905334 132990 48204 14902
0b001501 0b001601 10257 100 2097152 3665412 375058 44264 10181
0b001e01 0b001f01 10257 100 2097152 3673694 369420 44264 10670
0b001a01 0b001b01 10257 100 2097152 3692274 357412 44264 8746
0b001201 0b001b01 10036 100 2097152 3923787 126578 48204 9218
0b000801 0b000101 10031 100 2097152 4002396 49666 48204 12024
0b000701 0b000801 10031 100 2097152 3915759 137176 48204 11543
0b000501 0b000601 10218 100 2097152 4010405 46241 44264 13957
0b000201 0b000301 10217 100 2097152 3721521 336879 44264 12498
0b000e01 0b000701 10031 100 2097152 3970109 89498 48204 14910
0b000a01 0b000301 10031 100 2097152 3944536 115324 48204 12986
0b000301 0b000c01 10031 100 2097152 3909462 161322 48204 13459
0b000d01 0b000601 10031 100 2097152 4009855 62322 48204 14429
0b000901 0b000201 10031 100 2097152 4022391 60287 48204 12505
0b000e01 0b000f01 10217 100 2097152 3697338 385563 44264 14430
0b000a01 0b000b01 10217 100 2097152 3711017 372495 44264 12506
0b000601 0b000701 10217 100 2097152 3720451 366420 44264 14422
0b000101 0b000201 10218 100 2097152 4055072 46248 44264 12033
0b000b01 0b000401 10031 100 2097152 3961428 185587 180639 13467
0b001f01 0b001801 10258 100 2097152 3870248 309119 44264 8271
0b001401 0b001501 10258 100 2097152 3878225 312110 44264 10660
0b000f01 0b000001 10031 100 2097152 4010461 180315 180639 11551
0b001801 0b001901 10258 100 2097152 3838082 365951 44264 8744
0b001901 0b001a01 10258 100 2097152 3863016 346100 44264 9225
0b001c01 0b001d01 10258 100 2097152 3862252 347118 44264 10668
0b001a01 0b001b01 10258 100 2097152 3865921 357482 44264 9706
0b001301 0b001401 10258 100 2097152 3873387 355291 44264 10179
0b001801 0b001101 10037 100 2097152 4182377 48960 48204 8280
0b001d01 0b001e01 10258 100 2097152 3887342 347110 44264 11149
0b001b01 0b001c01 10258 100 2097152 3893826 341242 44264 10187
0b001601 0b001701 10258 100 2097152 3892221 343115 44264 7782
0b001501 0b001601 10258 100 2097152 3863173 374950 44264 11141
0b001701 0b001001 10258 100 2097152 3889409 349582 44264 8263
0b001e01 0b001f01 10258 100 2097152 3869644 370243 44264 7790
0b001001 0b001101 10258 100 2097152 3868222 377355 44264 8736
0b001f01 0b001801 10259 100 2097152 3942351 312481 44264 9247
0b001f01 0b001801 10260 100 2097152 3948182 312459 44264 8287
0b001901 0b001201 10037 100 2097152 4207043 55925 48204 8761
0b001a01 0b001301 10037 100 2097152 4212126 51622 48204 9242
0b001b01 0b001c01 10259 100 2097152 3924477 341259 44264 10203
0b001401 0b001501 10259 100 2097152 3951056 316284 44264 8276
0b001501 0b001e01 10037 100 2097152 4193345 74770 48204 10677
0b001d01 0b001e01 10259 100 2097152 3921686 347109 44264 11165
0b000201 0b000301 10218 100 2097152 3904832 368589 44264 11538
0b000201 0b000301 10219 100 2097152 3904833 368610 44264 12018
0b000201 0b000301 10220 100 2097152 3904835 368609 44264 13458
0b000201 0b000301 10221 100 2097152 3904857 368588 44264 13938
0b000201 0b000301 10222 100 2097152 3904858 368588 44264 14418
0b000201 0b000301 10223 100 2097152 3904859 368588 44264 14898
0b001a01 0b001b01 10259 100 2097152 3923804 352268 44264 9722
0b001401 0b001501 10260 100 2097152 3957503 318682 44264 10676
0b001101 0b001201 10258 100 2097152 3904478 373910 44264 8273
0b001001 0b001101 10259 100 2097152 3912539 367535 44264 8752
0b000201 0b000301 10224 100 2097152 3930406 353680 44264 12034
0b001901 0b001a01 10259 100 2097152 3936323 348716 44264 8281
0b001301 0b001401 10259 100 2097152 3928484 357240 44264 8275
0b000601 0b000701 10218 100 2097152 3905307 382317 44264 11542
0b000601 0b000701 10219 100 2097152 3905308 382320 44264 12022
0b000601 0b000701 10220 100 2097152 3905309 382323 44264 12502
0b000601 0b000701 10221 100 2097152 3905310 382326 44264 12982
0b000601 0b000701 10222 100 2097152 3905311 382329 44264 13462
0b000601 0b000701 10223 100 2097152 3905312 382332 44264 13942
0b000a01 0b000b01 10218 100 2097152 3944534 343337 44264 11546
0b000a01 0b000b01 10219 100 2097152 3944535 343337 44264 12026
0b000a01 0b000b01 10220 100 2097152 3944558 343336 44264 13466
0b000a01 0b000b01 10221 100 2097152 3944559 343336 44264 13946
0b000a01 0b000b01 10222 100 2097152 3944560 343336 44264 14426
0b000a01 0b000b01 10223 100 2097152 3944561 343336 44264 14906
0b001701 0b001001 10259 100 2097152 3934474 353798 44264 9239
0b001601 0b001701 10259 100 2097152 3944763 345248 44264 8278
0b000a01 0b000b01 10224 100 2097152 3967398 322942 44264 12042
0b001b01 0b001c01 10260 100 2097152 3954116 336705 44264 11163
0b001201 0b001301 10258 100 2097152 3922610 368913 44264 8754
0b001c01 0b001d01 10259 100 2097152 3945382 346699 44264 8284
0b001c01 0b001d01 10260 100 2097152 3945712 346634 44264 10684
0b001201 0b001301 10259 100 2097152 3923788 369341 44264 9698
0b001801 0b001901 10259 100 2097152 3927940 365510 44264 10200
0b001401 0b001501 10261 100 2097152 3972837 320667 44264 8756
0b001f01 0b001801 10261 100 2097152 3977720 316032 44264 8767
0b001b01 0b001c01 10261 100 2097152 3961663 335099 44264 8283
0b001901 0b001a01 10260 100 2097152 3949464 347526 44264 9241
0b001101 0b001201 10259 100 2097152 3924892 372685 44264 9217
0b000601 0b000701 10224 100 2097152 3931254 366545 44264 13958
0b001f01 0b001801 10262 100 2097152 3984034 314823 44264 9727
0b001a01 0b001b01 10260 100 2097152 3948621 350252 44264 10202
0b001f01 0b001801 10263 100 2097152 3984233 314712 44264 10207
0b001e01 0b001f01 10259 100 2097152 3926572 373798 44264 7806
0b001301 0b001401 10260 100 2097152 3944831 355973 44264 9235
0b001b01 0b001c01 10262 100 2097152 3969584 331671 44264 10683
0b001201 0b001301 10260 100 2097152 3931299 370107 44264 8274
0b001e01 0b001f01 10260 100 2097152 3928883 373644 44264 8286
0b001701 0b001001 10260 100 2097152 3950583 352896 44264 8279
0b001c01 0b001d01 10261 100 2097152 3960127 343778 44264 11164
0b001601 0b001701 10260 100 2097152 3959869 345191 44264 7798
0b001b01 0b001401 10037 100 2097152 4226413 78906 48204 9723
0b001301 0b001401 10261 100 2097152 3950336 355070 44264 11155
0b001b01 0b001c01 10263 100 2097152 3981781 325393 44264 7803
0b001d01 0b001e01 10260 100 2097152 3959139 348235 44264 8285
0b001601 0b001701 10261 100 2097152 3964270 344421 44264 9238
0b001801 0b001901 10260 100 2097152 3943653 366509 44264 8760
0b001501 0b001601 10259 100 2097152 3934925 375525 44264 11157
0b001d01 0b001601 10037 100 2097152 4212380 98321 48204 10685
0b001e01 0b001f01 10261 100 2097152 3941674 369723 44264 10686
0b001401 0b001501 10262 100 2097152 3986685 325176 44264 11156
0b001601 0b001701 10262 100 2097152 3970013 341939 44264 8758
0b001601 0b001701 10263 100 2097152 3971454 341159 44264 10678
0b001701 0b001001 10261 100 2097152 3961676 351984 44264 8759
0b001d01 0b001e01 10261 100 2097152 3964844 349132 44264 10205
0b001901 0b001a01 10261 100 2097152 3969607 344680 44264 11161
0b000b01 0b000c01 10218 100 2097152 3961404 353967 44264 11547
0b000b01 0b000c01 10219 100 2097152 3961405 353967 44264 12027
0b000b01 0b000c01 10220 100 2097152 3961427 353946 44264 12507
0b000b01 0b000c01 10221 100 2097152 3961429 353945 44264 13947
0b000b01 0b000c01 10222 100 2097152 3961430 353945 44264 14427
0b000b01 0b000c01 10223 100 2097152 3961431 353966 44264 14907
0b001901 0b001a01 10262 100 2097152 3972468 343800 44264 10681
0b001601 0b001701 10264 100 2097152 3983266 333418 44264 9718
0b001101 0b001201 10260 100 2097152 3944429 372266 44264 9233
0b001d01 0b001e01 10262 100 2097152 3968912 348518 44264 9245
0b001001 0b001101 10260 100 2097152 3957340 360587 44264 10672
0b001901 0b001a01 10263 100 2097152 3975460 342481 44264 9721
0b001f01 0b001801 10264 100 2097152 4028608 289777 44264 11167
0b001001 0b001101 10261 100 2097152 3959805 360279 44264 10192
0b001901 0b001a01 10264 100 2097152 3981269 338851 44264 10201
0b001d01 0b001e01 10263 100 2097152 3973841 346670 44264 8765
0b000e01 0b000f01 10218 100 2097152 3970082 351541 44264 11550
0b000e01 0b000f01 10219 100 2097152 3970083 351562 44264 12030
0b000e01 0b000f01 10220 100 2097152 3970084 351562 44264 12510
0b000e01 0b000f01 10221 100 2097152 3970085 351562 44264 12990
0b000e01 0b000f01 10222 100 2097152 3970086 351562 44264 13470
0b000e01 0b000f01 10223 100 2097152 3970087 351562 44264 13950
0b001101 0b001a01 10037 100 2097152 4248587 73652 48204 8753
0b001501 0b001601 10260 100 2097152 3945503 376987 44264 10197
0b000e01 0b000f01 10224 100 2097152 3993452 329870 44264 13966
0b001801 0b001901 10261 100 2097152 3955604 368027 44264 9720
0b000201 0b000301 10225 100 2097152 4085688 238300 44264 12514
0b001a01 0b001b01 10261 100 2097152 3972944 352149 44264 10682
0b001801 0b001901 10262 100 2097152 3957717 367895 44264 10680
0b001f01 0b001801 10265 100 2097152 4046124 279786 44264 10687
0b000201 0b000301 10226 100 2097152 4104330 221935 44264 12050
0b001701 0b001001 10262 100 2097152 3972376 354137 44264 11159
0b001701 0b001001 10263 100 2097152 3973235 354159 44264 10199
0b001501 0b001601 10261 100 2097152 3951034 376934 44264 8277
0b001801 0b001901 10263 100 2097152 3960709 367372 44264 9240
0b001201 0b001301 10261 100 2097152 3960674 368149 44264 10194
0b001d01 0b001e01 10264 100 2097152 3989004 340153 44264 7805
0b000601 0b000701 10225 100 2097152 4059656 270081 44264 13974
0b001a01 0b001b01 10262 100 2097152 3975743 353970 44264 11162
0b001e01 0b001f01 10262 100 2097152 3962152 367611 44264 9246
0b001001 0b001101 10262 100 2097152 3972988 357050 44264 9232
0b000601 0b000701 10226 100 2097152 4075187 256296 44264 14438
0b001501 0b001601 10262 100 2097152 3956249 375878 44264 9237
0b001501 0b001601 10263 100 2097152 3956360 375768 44264 8757
0b000d01 0b000e01 10218 100 2097152 4009829 323081 44264 11549
0b000d01 0b000e01 10219 100 2097152 4009851 323060 44264 12029
0b000d01 0b000e01 10220 100 2097152 4009852 323060 44264 12509
0b000d01 0b000e01 10221 100 2097152 4009853 323060 44264 12989
0b000d01 0b000e01 10222 100 2097152 4009854 323060 44264 13469
0b000d01 0b000e01 10223 100 2097152 4009856 323080 44264 14909
0b000d01 0b000e01 10224 100 2097152 4009878 323059 44264 13485
0b001901 0b001a01 10265 100 2097152 4017486 315495 44264 7801
0b001001 0b001101 10263 100 2097152 3976623 356430 44264 9712
0b001c01 0b001d01 10262 100 2097152 3984913 348234 44264 7804
0b001d01 0b001e01 10265 100 2097152 3998601 334653 44264 9725
0b001001 0b001901 10037 100 2097152 4242001 91799 48204 8272
0b001101 0b001201 10261 100 2097152 3962566 371285 44264 11153
0b001401 0b001501 10263 100 2097152 4003010 331623 44264 7796
0b001701 0b001001 10264 100 2097152 3980782 354159 44264 9719
0b001001 0b001101 10264 100 2097152 3979845 355325 44264 7792
0b001301 0b001401 10262 100 2097152 3984704 353158 44264 10195
0b001c01 0b001d01 10263 100 2097152 3989206 348716 44264 9724
0b001301 0b001401 10263 100 2097152 3985013 353179 44264 10675
0b001c01 0b001d01 10264 100 2097152 3990370 348609 44264 8764
0b001001 0b001101 10265 100 2097152 3987386 352118 44264 11152
0b001401 0b001501 10264 100 2097152 4008555 331652 44264 9236
0b001501 0b001601 10264 100 2097152 3971347 369744 44264 7797
0b001601 0b001701 10265 100 2097152 4043480 298899 44264 10198
0b001701 0b001001 10265 100 2097152 3990907 352355 44264 10679
0b001a01 0b001b01 10263 100 2097152 3985516 359118 44264 8282
0b000901 0b000a01 10218 100 2097152 4022390 323066 44264 11545
0b000901 0b000a01 10219 100 2097152 4022392 323086 44264 12985
0b000901 0b000a01 10220 100 2097152 4022414 323065 44264 13465
0b000901 0b000a01 10221 100 2097152 4022415 323065 44264 13945
0b000901 0b000a01 10222 100 2097152 4022416 323065 44264 14425
0b000901 0b000a01 10223 100 2097152 4022417 323065 44264 14905
0b000901 0b000a01 10224 100 2097152 4022418 323086 44264 11561
0b001e01 0b001f01 10263 100 2097152 3977297 368553 44264 8766
0b001501 0b001601 10265 100 2097152 3979756 366330 44264 9717
0b001e01 0b001f01 10264 100 2097152 3978002 368641 44264 9726
0b001b01 0b001c01 10264 100 2097152 4052696 293960 44264 8763
0b001b01 0b001c01 10265 100 2097152 4053375 293655 44264 9243
0b001a01 0b001b01 10264 100 2097152 3988832 359961 44264 8762
0b000c01 0b000d01 10218 100 2097152 3953103 396277 44264 11548
0b000c01 0b000d01 10219 100 2097152 3953104 396277 44264 12028
0b000c01 0b000d01 10220 100 2097152 3953105 396277 44264 12508
0b000c01 0b000d01 10221 100 2097152 3953106 396298 44264 12988
0b000c01 0b000d01 10222 100 2097152 3953129 396276 44264 14428
0b000c01 0b000d01 10223 100 2097152 3953130 396276 44264 14908
0b001401 0b001501 10265 100 2097152 4020277 329634 44264 9716
0b001101 0b001201 10262 100 2097152 3976656 374804 44264 10673
0b001201 0b001301 10262 100 2097152 3987396 365153 44264 9714
0b001801 0b001901 10264 100 2097152 3989564 366524 44264 11160
0b001a01 0b001b01 10265 100 2097152 3996605 359933 44264 7802
0b001401 0b001d01 10037 100 2097152 4231688 125440 48204 10196
0b001e01 0b001f01 10265 100 2097152 3993033 367867 44264 10206
0b001c01 0b001d01 10265 100 2097152 4017937 343514 44264 9244
0b001801 0b001901 10265 100 2097152 3996326 365636 44264 7800
0b001101 0b001201 10263 100 2097152 3986337 376124 44264 7793
0b001201 0b001301 10263 100 2097152 3999039 364735 44264 11154
0b001301 0b001401 10264 100 2097152 4015194 348726 44264 8755
0b001201 0b001301 10264 100 2097152 4001196 364184 44264 10674
0b001801 0b001101 10038 100 2097152 4263651 101852 48204 8296
0b001201 0b001301 10265 100 2097152 4005094 362883 44264 7794
0b001301 0b001401 10265 100 2097152 4021156 347216 44264 7795
0b000c01 0b000d01 10224 100 2097152 4002104 371873 44264 13004
0b000801 0b000901 10218 100 2097152 4002397 371932 44264 12504
0b000801 0b000901 10219 100 2097152 4002398 371932 44264 12984
0b000801 0b000901 10220 100 2097152 4002420 371911 44264 13464
0b000801 0b000901 10221 100 2097152 4002421 371911 44264 13944
0b001701 0b001801 10037 100 2097152 4238346 135986 48204 7799
0b000801 0b000901 10222 100 2097152 4002422 371932 44264 14424
0b000801 0b000901 10223 100 2097152 4002423 371932 44264 14904
0b001101 0b001201 10264 100 2097152 3997760 377000 44264 9713
0b000801 0b000901 10224 100 2097152 4012925 362927 44264 14920
0b000801 0b000901 10225 100 2097152 4055945 325605 44264 11560
0b001101 0b001201 10265 100 2097152 4004118 378167 44264 10193
0b001e01 0b001701 10037 100 2097152 4237462 149917 48204 11166
0b001f01 0b001001 10037 100 2097152 4242897 148560 48204 7807
0b000f01 0b000801 10218 100 2097152 4010462 381395 44264 12031
0b000f01 0b000801 10219 100 2097152 4010463 381395 44264 12511
0b000f01 0b000801 10220 100 2097152 4010464 381416 44264 12991
0b000f01 0b000801 10221 100 2097152 4010465 381416 44264 13471
0b000f01 0b000801 10222 100 2097152 4010487 381395 44264 13951
0b000f01 0b000801 10223 100 2097152 4010488 381395 44264 14431
0b001601 0b001f01 10037 100 2097152 4241133 153480 48204 11158
0b001101 0b001a01 10038 100 2097152 4283084 113913 48204 8769
0b001001 0b001901 10038 100 2097152 4306489 93329 48204 8288
0b001501 0b001e01 10038 100 2097152 4279195 123342 48204 10693
0b000b01 0b000c01 10224 100 2097152 4037959 373722 44264 13003
0b001c01 0b001501 10038 100 2097152 4268746 143886 48204 10220
0b001d01 0b001601 10038 100 2097152 4295356 120329 48204 10701
0b001c01 0b001501 10037 100 2097152 4238078 180107 48204 10204
0b001901 0b001201 10038 100 2097152 4313172 118146 48204 8777
0b000f01 0b000801 10224 100 2097152 4041334 391453 44264 14927
0b000c01 0b000d01 10225 100 2097152 4073794 362117 44264 13484
0b000d01 0b000601 10032 100 2097152 4352415 87436 48204 14445
0b001e01 0b001701 10038 100 2097152 4271805 173638 48204 11182
0b000801 0b000101 10032 100 2097152 4394867 51695 48204 12040
0b000b01 0b000c01 10225 100 2097152 4086522 373824 44264 12523
0b001a01 0b001301 10038 100 2097152 4300000 164668 48204 9258
0b001201 0b001b01 10037 100 2097152 4300587 165466 48204 9234
0b000901 0b000201 10032 100 2097152 4377339 91172 48204 12521
0b000701 0b000801 10032 100 2097152 4290634 183920 48204 11559
0b000c01 0b000501 10032 100 2097152 4318384 157361 48204 13964
0b000301 0b000c01 10032 100 2097152 4276454 199973 48204 13475
0b000f01 0b000801 10225 100 2097152 4085911 391537 44264 14447
0b001b01 0b001401 10038 100 2097152 4279082 199040 48204 9739
0b001401 0b001d01 10038 100 2097152 4340872 143715 48204 10212
0b001601 0b001f01 10038 100 2097152 4313460 174241 48204 11174
0b000601 0b000701 10227 100 2097152 4442861 45007 44264 14454
0b001701 0b001801 10038 100 2097152 4308070 186184 48204 7815
0b000101 0b000201 10219 100 2097152 4449572 45257 44264 12049
0b001301 0b001c01 10037 100 2097152 4296139 199864 48204 9715
0b000a01 0b000301 10032 100 2097152 4348488 149335 48204 13002
0b001201 0b001b01 10038 100 2097152 4319705 178319 48204 9250
0b000e01 0b000701 10032 100 2097152 4335946 163023 48204 14926
0b000b01 0b000401 10032 100 2097152 4290904 210517 180639 13483
0b000501 0b000601 10219 100 2097152 4478755 44670 44264 13973
0b000f01 0b000001 10032 100 2097152 4324633 202160 180639 11567
0b001301 0b001c01 10038 100 2097152 4355559 173488 48204 9731
0b000201 0b000301 10227 100 2097152 4471521 64481 44264 12530
0b001f01 0b001001 10038 100 2097152 4303380 233109 48204 7823
0b000201 0b000301 10228 100 2097152 4497839 63698 44264 12066
0b001f01 0b001801 10266 100 2097152 4305537 256252 44264 8303
0b001b01 0b001c01 10266 100 2097152 4301883 264606 44264 10219
0b000601 0b000701 10228 100 2097152 4526435 44665 44264 13990
0b001f01 0b001801 10267 100 2097152 4314407 268019 44264 10703
0b001d01 0b001e01 10266 100 2097152 4295091 299603 44264 8301
0b001c01 0b001d01 10266 100 2097152 4293831 305775 44264 11180
0b001901 0b001a01 10266 100 2097152 4296460 305436 44264 10217
0b001301 0b001401 10266 100 2097152 4266758 338005 44264 9251
0b001c01 0b001d01 10267 100 2097152 4299772 306765 44264 8300
0b001d01 0b001e01 10267 100 2097152 4306915 300174 44264 11181
0b001501 0b001601 10266 100 2097152 4270350 337211 44264 8293
0b001001 0b001101 10266 100 2097152 4291282 317815 44264 9248
0b001801 0b001901 10266 100 2097152 4257842 351739 44264 9256
0b001c01 0b001d01 10268 100 2097152 4304265 306254 44264 10700
0b001201 0b001301 10266 100 2097152 4265978 345284 44264 8770
0b001101 0b001201 10266 100 2097152 4234347 378195 44264 8289
0b000e01 0b000f01 10225 100 2097152 4335920 276957 44264 11566
0b000e01 0b000f01 10226 100 2097152 4335921 276957 44264 12046
0b000e01 0b000f01 10227 100 2097152 4335922 276957 44264 12526
0b000e01 0b000f01 10228 100 2097152 4335923 276957 44264 13006
0b000e01 0b000f01 10229 100 2097152 4335924 276978 44264 13486
0b001801 0b001101 10039 100 2097152 4564799 48108 48204 8312
0b000e01 0b000f01 10230 100 2097152 4335947 276956 44264 13502
0b001401 0b001501 10266 100 2097152 4288734 324244 44264 8292
0b000b01 0b000c01 10226 100 2097152 4290881 322739 44264 11563
0b000b01 0b000c01 10227 100 2097152 4290882 322739 44264 12043
0b000b01 0b000c01 10228 100 2097152 4290905 322738 44264 13963
0b000b01 0b000c01 10229 100 2097152 4290906 322738 44264 14443
0b000b01 0b000c01 10230 100 2097152 4290907 322738 44264 14923
0b000b01 0b000c01 10231 100 2097152 4293350 320494 44264 12059
0b001c01 0b001d01 10269 100 2097152 4310184 304516 44264 7820
0b001c01 0b001501 10039 100 2097152 4569499 48210 48204 10236
0b001201 0b001301 10267 100 2097152 4281398 342981 44264 8290
0b001f01 0b001801 10268 100 2097152 4332773 291762 44264 9263
0b001601 0b001701 10266 100 2097152 4313711 310937 44264 10694
0b001b01 0b001c01 10267 100 2097152 4328103 296599 44264 10699
0b000a01 0b000b01 10225 100 2097152 4348466 276923 44264 11562
0b000a01 0b000b01 10226 100 2097152 4348489 277011 44264 13482
0b000a01 0b000b01 10227 100 2097152 4348490 277011 44264 13962
0b000a01 0b000b01 10228 100 2097152 4348491 277011 44264 14442
0b000a01 0b000b01 10229 100 2097152 4348492 277011 44264 14922
0b000a01 0b000b01 10230 100 2097152 4348514 277011 44264 11578
0b001701 0b001001 10266 100 2097152 4293021 336664 44264 8295
0b001b01 0b001c01 10268 100 2097152 4332723 298844 44264 11179
0b001301 0b001401 10267 100 2097152 4294533 338531 44264 8771
0b001501 0b001601 10267 100 2097152 4296514 337210 44264 8773
0b001001 0b001101 10267 100 2097152 4316670 317688 44264 8768
0b001e01 0b001f01 10266 100 2097152 4271125 364652 44264 10702
0b001401 0b001501 10267 100 2097152 4303814 332225 44264 9252
0b001401 0b001501 10268 100 2097152 4308329 333628 44264 9732
0b001c01 0b001d01 10270 100 2097152 4349666 292389 44264 8780
0b001401 0b001501 10269 100 2097152 4308416 333696 44264 11172
0b001c01 0b001d01 10271 100 2097152 4350040 292346 44264 9260
0b001301 0b001401 10268 100 2097152 4304416 339012 44264 8291
0b001001 0b001101 10268 100 2097152 4329523 317112 44264 11168
0b001b01 0b001c01 10269 100 2097152 4347644 299434 44264 8299
0b001001 0b001101 10269 100 2097152 4330404 316892 44264 10208
0b001b01 0b001c01 10270 100 2097152 4351803 299412 44264 8779
0b001801 0b001901 10267 100 2097152 4296762 354867 44264 8776
0b001001 0b001101 10270 100 2097152 4337951 314542 44264 9728
0b001701 0b001001 10267 100 2097152 4311701 340865 44264 9255
0b001a01 0b001b01 10266 100 2097152 4288049 364658 44264 8298
0b001501 0b001601 10268 100 2097152 4314871 338557 44264 11173
0b001f01 0b001801 10269 100 2097152 4348860 304962 44264 8783
0b001f01 0b001801 10270 100 2097152 4349653 305160 44264 9743
0b001b01 0b001c01 10271 100 2097152 4359548 296292 44264 7819
0b000d01 0b000e01 10225 100 2097152 4352390 303664 44264 11565
0b000d01 0b000e01 10226 100 2097152 4352391 303685 44264 12045
0b000d01 0b000e01 10227 100 2097152 4352392 303685 44264 12525
0b000d01 0b000e01 10228 100 2097152 4352414 303664 44264 13005
0b000d01 0b000e01 10229 100 2097152 4352416 303663 44264 14925
0b001701 0b001001 10268 100 2097152 4314962 341147 44264 8775
0b001701 0b001001 10269 100 2097152 4315623 341015 44264 10695
0b001801 0b001901 10268 100 2097152 4301867 354875 44264 9736
0b001801 0b001901 10269 100 2097152 4301955 354788 44264 10216
0b001001 0b001101 10271 100 2097152 4346272 311619 44264 10688
0b001701 0b001001 10270 100 2097152 4319694 339475 44264 9735
0b001e01 0b001701 10039 100 2097152 4610099 49855 48204 11198
0b001901 0b001a01 10267 100 2097152 4326641 336960 44264 9737
0b000d01 0b000e01 10230 100 2097152 4376987 288926 44264 13021
0b001f01 0b001801 10271 100 2097152 4363910 302256 44264 10223
0b000c01 0b000501 10033 100 2097152 4616653 50011 48204 13980
0b001901 0b001a01 10268 100 2097152 4328622 340920 44264 10697
0b001301 0b001401 10269 100 2097152 4331833 338875 44264 10211
0b001d01 0b001601 10039 100 2097152 4613529 57358 48204 10717
0b001601 0b001701 10267 100 2097152 4325500 346326 44264 10214
0b001801 0b001901 10270 100 2097152 4321395 352073 44264 11176
0b001901 0b001a01 10269 100 2097152 4331091 343363 44264 9257
0b001401 0b001501 10270 100 2097152 4341202 333985 44264 10692
0b000d01 0b000e01 10231 100 2097152 4438921 237311 44264 13501
0b001d01 0b001e01 10268 100 2097152 4336157 340536 44264 7821
0b001201 0b001301 10268 100 2097152 4336861 340012 44264 11170
0b001701 0b001001 10271 100 2097152 4345389 332066 44264 10215
0b001e01 0b001f01 10267 100 2097152 4310384 367638 44264 8302
0b001801 0b001901 10271 100 2097152 4328920 351610 44264 10696
0b001f01 0b001801 10272 100 2097152 4397623 285994 44264 11183
0b001901 0b001a01 10270 100 2097152 4336810 348231 44264 8297
0b001501 0b001601 10269 100 2097152 4337643 348570 44264 7813
0b001e01 0b001f01 10268 100 2097152 4316986 369419 44264 10222
0b001601 0b001701 10268 100 2097152 4330978 357023 44264 8294
0b000f01 0b000801 10226 100 2097152 4324655 364748 44264 12047
0b000f01 0b000801 10227 100 2097152 4324656 364769 44264 12527
0b000f01 0b000801 10228 100 2097152 4324657 364769 44264 13007
0b000f01 0b000801 10229 100 2097152 4324658 364769 44264 13487
0b000f01 0b000801 10230 100 2097152 4324659 364769 44264 13967
0b001e01 0b001f01 10269 100 2097152 4320440 369354 44264 9262
0b000f01 0b000801 10231 100 2097152 4326332 363931 44264 13983
0b001e01 0b001f01 10270 100 2097152 4323521 368650 44264 8782
0b001201 0b001301 10269 100 2097152 4354470 337737 44264 10690
0b001d01 0b001e01 10269 100 2097152 4340932 351602 44264 9741
0b001d01 0b001e01 10270 100 2097152 4341989 352943 44264 8781
0b001a01 0b001b01 10267 100 2097152 4317297 378130 44264 11178
0b001501 0b001601 10270 100 2097152 4343217 352303 44264 9253
0b001601 0b001701 10269 100 2097152 4335137 362021 44264 9254
0b001601 0b001701 10270 100 2097152 4335138 362021 44264 8774
0b001e01 0b001f01 10271 100 2097152 4332167 365270 44264 7822
0b000c01 0b000d01 10226 100 2097152 4318381 379807 44264 11564
0b000c01 0b000d01 10227 100 2097152 4318382 379807 44264 12044
0b000c01 0b000d01 10228 100 2097152 4318383 379807 44264 12524
0b000901 0b000a01 10225 100 2097152 4377340 320860 44264 13001
0b000901 0b000a01 10226 100 2097152 4377341 320860 44264 13481
0b000c01 0b000d01 10229 100 2097152 4318385 379827 44264 14444
0b000c01 0b000d01 10230 100 2097152 4318407 379806 44264 14924
0b000901 0b000a01 10227 100 2097152 4377342 320881 44264 13961
0b000901 0b000a01 10228 100 2097152 4377364 320860 44264 14441
0b000901 0b000a01 10229 100 2097152 4377365 320860 44264 14921
0b001a01 0b001b01 10268 100 2097152 4319278 379010 44264 10698
0b000901 0b000a01 10230 100 2097152 4378862 319936 44264 14937
0b000901 0b000a01 10231 100 2097152 4384560 315229 44264 11577
0b001a01 0b001b01 10269 100 2097152 4320951 379120 44264 9738
0b001e01 0b001f01 10272 100 2097152 4336264 363814 44264 9742
0b001201 0b001301 10270 100 2097152 4365471 334877 44264 7810
0b001a01 0b001b01 10270 100 2097152 4323130 378899 44264 10218
0b001a01 0b001b01 10271 100 2097152 4325249 378321 44264 8778
0b001401 0b001501 10271 100 2097152 4366930 337562 44264 8772
0b001001 0b001101 10272 100 2097152 4394467 313330 44264 7808
0b001401 0b001501 10272 100 2097152 4371382 336741 44264 7812
0b001001 0b001901 10039 100 2097152 4632695 75823 48204 8304
0b001601 0b001701 10271 100 2097152 4344101 365378 44264 7814
0b001201 0b001301 10271 100 2097152 4377770 332083 44264 9730
0b001a01 0b001b01 10272 100 2097152 4335991 374444 44264 7818
0b001501 0b001601 10271 100 2097152 4352921 357678 44264 9733
0b001301 0b001401 10270 100 2097152 4366784 344972 44264 11171
0b000501 0b000601 10220 100 2097152 4669674 44182 44264 13989
0b001201 0b001301 10272 100 2097152 4385295 328321 44264 10210
0b001301 0b001401 10271 100 2097152 4368390 345483 44264 10691
0b001601 0b001701 10272 100 2097152 4349096 366306 44264 9734
0b001301 0b001401 10272 100 2097152 4370987 346011 44264 7811
0b001101 0b001a01 10039 100 2097152 4637368 81240 48204 8785
0b001901 0b001a01 10271 100 2097152 4359098 362639 44264 11177
0b001d01 0b001e01 10271 100 2097152 4360138 363835 44264 10221
0b001b01 0b001c01 10272 100 2097152 4469063 255156 44264 9259
0b001701 0b001001 10272 100 2097152 4390389 336830 44264 11175
0b001201 0b001301 10273 100 2097152 4434328 293302 44264 8786
0b001401 0b001d01 10039 100 2097152 4673718 54803 48204 10228
0b001d01 0b001e01 10272 100 2097152 4364461 364616 44264 9261
0b001901 0b001a01 10272 100 2097152 4364972 364686 44264 7817
0b001801 0b001901 10272 100 2097152 4377342 356829 44264 7816
0b001101 0b001201 10267 100 2097152 4320937 414193 44264 10689
0b001901 0b001201 10039 100 2097152 4654639 82129 48204 8793
0b001101 0b001201 10268 100 2097152 4323094 416041 44264 10209
0b000801 0b000901 10226 100 2097152 4394868 352845 44264 12520
0b000801 0b000901 10227 100 2097152 4394890 352824 44264 13000
0b000801 0b000901 10228 100 2097152 4394891 352824 44264 13480
0b000801 0b000901 10229 100 2097152 4394892 352845 44264 13960
0b000801 0b000901 10230 100 2097152 4394893 352845 44264 14440
0b000801 0b000101 10033 100 2097152 4692413 59264 48204 12056
0b001e01 0b001f01 10273 100 2097152 4405547 347231 44264 10718
0b001101 0b001201 10269 100 2097152 4333048 420893 44264 9249
0b001b01 0b001c01 10273 100 2097152 4501034 255218 44264 9275
0b001101 0b001201 10270 100 2097152 4336063 422014 44264 9729
0b001101 0b001201 10271 100 2097152 4338180 422318 44264 7809
0b000601 0b000701 10229 100 2097152 4716866 44686 44264 14006
0b001101 0b001201 10272 100 2097152 4342514 421747 44264 11169
0b001f01 0b001801 10273 100 2097152 4490711 274002 44264 11199
0b001601 0b001f01 10039 100 2097152 4656438 108676 48204 11190
0b001a01 0b001301 10039 100 2097152 4677464 87623 48204 9274
0b001a01 0b001b01 10273 100 2097152 4400007 369595 44264 8794
0b001901 0b001a01 10273 100 2097152 4402828 368877 44264 8313
0b000e01 0b000701 10033 100 2097152 4659089 113432 48204 14942
0b001501 0b001e01 10039 100 2097152 4678197 94754 48204 10709
0b000d01 0b000601 10033 100 2097152 4701222 81580 48204 14461
0b001601 0b001701 10273 100 2097152 4418695 366316 44264 10710
0b001101 0b001201 10273 100 2097152 4368513 416517 44264 8305
0b001701 0b001001 10273 100 2097152 4448453 345805 44264 11191
0b000f01 0b000001 10033 100 2097152 4615887 180234 180639 11583
0b000101 0b000201 10220 100 2097152 4754687 44226 44264 12065
0b001201 0b001301 10274 100 2097152 4615552 185765 44264 8306
0b000901 0b000201 10033 100 2097152 4750723 50644 48204 12537
0b000c01 0b000d01 10231 100 2097152 4414691 387129 44264 13020
0b001f01 0b001001 10039 100 2097152 4700447 104796 48204 7839
0b000b01 0b000401 10033 100 2097152 4628510 180381 180639 13499
0b001401 0b001501 10273 100 2097152 4481132 330030 44264 9748
0b001501 0b001601 10272 100 2097152 4421195 391664 44264 10213
0b001501 0b001601 10273 100 2097152 4421205 391655 44264 10229
0b000801 0b000901 10231 100 2097152 4435797 377414 44264 14936
0b001b01 0b001401 10039 100 2097152 4703081 110223 48204 9755
0b001701 0b001801 10039 100 2097152 4712489 102523 48204 7831
0b000a01 0b000301 10033 100 2097152 4701210 116010 48204 13018
0b001301 0b001c01 10039 100 2097152 4712863 109232 48204 9747
0b001c01 0b001d01 10272 100 2097152 4499013 325137 44264 9740
0b000601 0b000701 10230 100 2097152 4785812 44683 44264 14470
0b001301 0b001401 10273 100 2097152 4467678 368238 44264 9267
0b001201 0b001b01 10039 100 2097152 4756951 83048 48204 9266
0b001d01 0b001e01 10273 100 2097152 4487597 367523 44264 10237
0b000c01 0b000d01 10232 100 2097152 4463356 392211 44264 12540
0b000b01 0b000c01 10232 100 2097152 4628399 232519 44264 11579
0b000b01 0b000c01 10233 100 2097152 4628511 232848 44264 13979
0b000b01 0b000c01 10234 100 2097152 4628512 232848 44264 14459
0b000b01 0b000c01 10235 100 2097152 4628513 232869 44264 14939
0b000b01 0b000c01 10236 100 2097152 4628535 232848 44264 11595
0b000801 0b000901 10232 100 2097152 4477564 384312 44264 11576
0b001001 0b001101 10273 100 2097152 4539499 323033 44264 7824
0b000801 0b000901 10233 100 2097152 4480458 383927 44264 14456
0b001c01 0b001d01 10273 100 2097152 4532057 334510 44264 9756
0b000c01 0b000d01 10233 100 2097152 4479437 387431 44264 13500
0b001801 0b001901 10273 100 2097152 4497264 375182 44264 7832
0b000f01 0b000801 10232 100 2097152 4615888 271822 44264 12063
0b000f01 0b000801 10233 100 2097152 4615889 271822 44264 12543
0b000f01 0b000801 10234 100 2097152 4615890 271843 44264 13023
0b000f01 0b000801 10235 100 2097152 4615912 271822 44264 13503
0b000f01 0b000801 10236 100 2097152 4615922 271813 44264 13519
0b000201 0b000301 10229 100 2097152 4801923 86762 44264 12082
0b000201 0b000301 10230 100 2097152 4804377 86777 44264 12546
0b000c01 0b000501 10034 100 2097152 4864369 48108 48204 13996
0b001e01 0b001f01 10274 100 2097152 4597704 327779 44264 8318
0b000d01 0b000e01 10232 100 2097152 4701198 225002 44264 11581
0b000d01 0b000e01 10233 100 2097152 4701199 225002 44264 12061
0b000d01 0b000e01 10234 100 2097152 4701200 225002 44264 12541
0b000d01 0b000e01 10235 100 2097152 4701223 224980 44264 14941
0b001b01 0b001c01 10274 100 2097152 4655717 271370 44264 8315
0b000e01 0b000f01 10231 100 2097152 4659064 268749 44264 11582
0b000e01 0b000f01 10232 100 2097152 4659086 268728 44264 12062
0b000e01 0b000f01 10233 100 2097152 4659087 268728 44264 12542
0b000e01 0b000f01 10234 100 2097152 4659088 268728 44264 13022
0b001401 0b001501 10274 100 2097152 4607773 324812 44264 9268
0b000e01 0b000f01 10235 100 2097152 4668923 268925 44264 13038
0b000801 0b000101 10034 100 2097152 4890720 48130 48204 12072
0b001f01 0b001801 10274 100 2097152 4638787 300457 44264 10719
0b000e01 0b000f01 10236 100 2097152 4679242 266967 44264 13518
0b001401 0b001501 10275 100 2097152 4636074 320998 44264 8788
0b000501 0b000601 10221 100 2097152 4915487 44475 44264 14005
0b001801 0b001901 10274 100 2097152 4585436 377457 44264 10712
0b001401 0b001501 10276 100 2097152 4646438 319611 44264 8308
0b001601 0b001701 10274 100 2097152 4610571 355993 44264 8310
0b001901 0b001a01 10274 100 2097152 4612591 355957 44264 9273
0b001d01 0b001e01 10274 100 2097152 4602616 366557 44264 11197
0b001a01 0b001b01 10274 100 2097152 4604906 368821 44264 10234
0b001701 0b001001 10274 100 2097152 4627658 346257 44264 10711
0b000a01 0b000b01 10231 100 2097152 4701211 274068 44264 13498
0b000a01 0b000b01 10232 100 2097152 4701233 274178 44264 13978
0b000a01 0b000b01 10233 100 2097152 4701234 274178 44264 14458
0b000a01 0b000b01 10234 100 2097152 4701235 274178 44264 14938
0b001d01 0b001e01 10275 100 2097152 4609547 366095 44264 8317
0b000a01 0b000b01 10235 100 2097152 4701808 273870 44264 14954
0b000a01 0b000b01 10236 100 2097152 4702799 273100 44264 11594
0b000e01 0b000701 10034 100 2097152 4929213 49891 48204 14958
0b001d01 0b001e01 10276 100 2097152 4617710 364005 44264 7837
0b000101 0b000201 10221 100 2097152 4941860 44509 44264 12081
0b001c01 0b001d01 10274 100 2097152 4627712 358825 44264 10716
0b001601 0b001701 10275 100 2097152 4636734 351391 44264 8790
0b001d01 0b001e01 10277 100 2097152 4645065 351835 44264 8797
0b001d01 0b001e01 10278 100 2097152 4645396 351681 44264 9277
0b001e01 0b001f01 10275 100 2097152 4679703 317543 44264 7838
0b001c01 0b001d01 10275 100 2097152 4634577 363049 44264 11196
0b001001 0b001101 10274 100 2097152 4655576 344131 44264 9264
0b001301 0b001401 10274 100 2097152 4614272 387944 44264 8787
0b001801 0b001901 10275 100 2097152 4627545 374773 44264 9272
0b000d01 0b000e01 10236 100 2097152 4804830 201576 44264 13037
0b000901 0b000a01 10232 100 2097152 4750724 256124 44264 13017
0b000901 0b000a01 10233 100 2097152 4750725 256145 44264 13497
0b000901 0b000a01 10234 100 2097152 4750747 256124 44264 13977
0b000901 0b000a01 10235 100 2097152 4750748 256124 44264 14457
0b000601 0b000701 10231 100 2097152 4962972 44663 44264 14022
0b001001 0b001101 10275 100 2097152 4659119 348685 44264 8784
0b001001 0b001101 10276 100 2097152 4659648 349081 44264 10704
0b001001 0b001101 10277 100 2097152 4662179 349587 44264 9744
0b001601 0b001701 10276 100 2097152 4673897 339177 44264 10726
0b001301 0b001401 10275 100 2097152 4627389 388028 44264 8307
0b001901 0b001a01 10275 100 2097152 4659752 357267 44264 9753
0b001901 0b001a01 10276 100 2097152 4659753 357267 44264 10233
0b001101 0b001201 10274 100 2097152 4612107 405155 44264 9265
0b001701 0b001001 10275 100 2097152 4662964 355356 44264 11207
0b001c01 0b001d01 10276 100 2097152 4650088 370331 44264 8316
0b001e01 0b001f01 10276 100 2097152 4695544 325199 44264 9758
0b001601 0b001701 10277 100 2097152 4689223 332432 44264 7830
0b001101 0b001201 10275 100 2097152 4615917 405966 44264 8321
0b000c01 0b000d01 10234 100 2097152 4616630 406082 44264 11580
0b000c01 0b000d01 10235 100 2097152 4616631 406082 44264 12060
0b000c01 0b000d01 10236 100 2097152 4616654 406081 44264 14460
0b000c01 0b000d01 10237 100 2097152 4616655 406102 44264 14940
0b000c01 0b000d01 10238 100 2097152 4616854 405904 44264 12076
0b001f01 0b001801 10275 100 2097152 4681032 342701 44264 8319
0b001a01 0b001b01 10275 100 2097152 4666611 357241 44264 9754
0b001e01 0b001f01 10277 100 2097152 4697942 326564 44264 8798
0b001c01 0b001d01 10277 100 2097152 4654225 371211 44264 8796
0b001801 0b001901 10276 100 2097152 4656832 368899 44264 8792
0b001601 0b001701 10278 100 2097152 4698530 327438 44264 9270
0b001a01 0b001301 10040 100 2097152 4971558 54456 48204 9290
0b001801 0b001901 10277 100 2097152 4657823 368701 44264 9752
0b000d01 0b000e01 10237 100 2097152 4858577 169366 44264 12557
0b001001 0b001101 10278 100 2097152 4680465 347586 44264 10224
0b001401 0b001501 10277 100 2097152 4714766 313288 44264 11188
0b001a01 0b001b01 10276 100 2097152 4672552 356581 44264 10714
0b001c01 0b001d01 10278 100 2097152 4658850 370437 44264 7836
0b001501 0b001601 10274 100 2097152 4615988 413524 44264 8309
0b000d01 0b000e01 10238 100 2097152 4869878 159936 44264 13517
0b001401 0b001501 10278 100 2097152 4716883 313680 44264 10708
0b001901 0b001a01 10277 100 2097152 4676478 354411 44264 11193
0b001601 0b001701 10279 100 2097152 4713609 318238 44264 9750
0b001401 0b001501 10279 100 2097152 4720008 313196 44264 7828
0b001801 0b001901 10278 100 2097152 4669176 364499 44264 10232
0b001e01 0b001701 10040 100 2097152 4972183 61660 48204 11214
0b001b01 0b001c01 10275 100 2097152 4698437 335606 44264 11195
0b000201 0b000301 10231 100 2097152 4989379 44674 44264 12098
0b001501 0b001601 10275 100 2097152 4620719 415138 44264 10245
0b001901 0b001a01 10278 100 2097152 4683540 353558 44264 10713
0b001d01 0b001e01 10279 100 2097152 4731531 307012 44264 10253
0b001b01 0b001c01 10276 100 2097152 4701298 338378 44264 10715
0b001a01 0b001b01 10277 100 2097152 4688051 352993 44264 8314
0b001701 0b001001 10276 100 2097152 4674836 367060 44264 10231
0b001201 0b001301 10275 100 2097152 4738140 303866 44264 10706
0b001801 0b001901 10279 100 2097152 4686627 356025 44264 11192
0b001b01 0b001c01 10277 100 2097152 4705039 339988 44264 10235
0b001f01 0b001801 10276 100 2097152 4689415 357137 44264 10239
0b001b01 0b001c01 10278 100 2097152 4706580 340296 44264 8795
0b001201 0b001301 10276 100 2097152 4739778 307927 44264 8802
0b001d01 0b001601 10040 100 2097152 4989547 62717 48204 10733
0b001201 0b001301 10277 100 2097152 4742145 310313 44264 10226
0b001b01 0b001c01 10279 100 2097152 4713445 339261 44264 7835
0b001f01 0b001801 10277 100 2097152 4692804 360634 44264 9279
0b000901 0b000a01 10236 100 2097152 4816221 239777 44264 14953
0b001f01 0b001801 10278 100 2097152 4695181 361492 44264 8799
0b001101 0b001201 10276 100 2097152 4649645 408829 44264 11185
0b001501 0b001601 10276 100 2097152 4639049 419974 44264 9269
0b001101 0b001201 10277 100 2097152 4650306 408763 44264 10225
0b001101 0b001201 10278 100 2097152 4655503 407263 44264 9745
0b001901 0b001a01 10279 100 2097152 4711528 352151 44264 8329
0b001f01 0b001801 10279 100 2097152 4703088 361506 44264 9759
0b001501 0b001601 10277 100 2097152 4644967 420657 44264 9749
0b001501 0b001601 10278 100 2097152 4645122 420701 44264 11189
0b001101 0b001201 10279 100 2097152 4660901 405100 44264 10705
0b001001 0b001101 10279 100 2097152 4730229 340396 44264 11184
0b001e01 0b001f01 10278 100 2097152 4726983 347072 44264 10238
0b000901 0b000a01 10237 100 2097152 4864886 210561 44264 11593
0b000901 0b000a01 10238 100 2097152 4867395 208471 44264 14473
0b001701 0b001001 10277 100 2097152 4691011 385492 44264 8311
0b000801 0b000901 10234 100 2097152 4692435 385119 44264 12536
0b000801 0b000901 10235 100 2097152 4692436 385119 44264 13016
0b000801 0b000901 10236 100 2097152 4692437 385119 44264 13496
0b000801 0b000901 10237 100 2097152 4692438 385140 44264 13976
0b000801 0b000901 10238 100 2097152 4693273 384615 44264 13992
0b001301 0b001401 10276 100 2097152 4679883 400823 44264 11187
0b001e01 0b001f01 10279 100 2097152 4732087 348657 44264 9278
0b001a01 0b001b01 10278 100 2097152 4721618 361363 44264 8810
0b001901 0b001a01 10280 100 2097152 4737181 348829 44264 7833
0b001201 0b001301 10278 100 2097152 4761087 324938 44264 9746
0b001a01 0b001b01 10279 100 2097152 4724747 362287 44264 11194
0b001401 0b001501 10280 100 2097152 4816314 273523 44264 9764
0b001201 0b001301 10279 100 2097152 4763508 326390 44264 7826
0b001101 0b001201 10280 100 2097152 4710807 380740 44264 7825
0b001701 0b001001 10278 100 2097152 4700168 391516 44264 9271
0b001701 0b001001 10279 100 2097152 4700169 391537 44264 8791
0b001c01 0b001d01 10279 100 2097152 4727229 365528 44264 9276
0b001b01 0b001401 10040 100 2097152 5026862 66052 48204 9771
0b001201 0b001301 10280 100 2097152 4767271 326944 44264 11186
0b001a01 0b001b01 10280 100 2097152 4732668 363233 44264 7834
0b001f01 0b001001 10040 100 2097152 5000256 98277 48204 7855
0b001b01 0b001c01 10280 100 2097152 4772612 326813 44264 8811
0b001801 0b001901 10280 100 2097152 4767723 332674 44264 11208
0b001301 0b001401 10277 100 2097152 4695217 409064 44264 10707
0b001401 0b001501 10281 100 2097152 4838926 265414 44264 9284
0b000a01 0b000301 10034 100 2097152 5009858 99097 48204 13034
0b001701 0b001001 10280 100 2097152 4718412 391599 44264 9751
0b001f01 0b001801 10280 100 2097152 4755788 355257 44264 10735
0b000f01 0b000001 10034 100 2097152 4930823 180332 180639 11599
0b001601 0b001701 10280 100 2097152 4815869 296647 44264 10230
0b001601 0b001701 10281 100 2097152 4815879 296638 44264 10246
0b001101 0b001a01 10040 100 2097152 5010814 102574 48204 8801
0b001801 0b001101 10040 100 2097152 5026743 87782 48204 8328
0b001201 0b001301 10281 100 2097152 4788040 326900 44264 8322
0b001301 0b001401 10278 100 2097152 4703358 412060 44264 7827
0b001201 0b001b01 10040 100 2097152 5020272 97538 48204 9282
0b001701 0b001801 10040 100 2097152 5024665 94748 48204 7847
0b001f01 0b001801 10281 100 2097152 4768124 352558 44264 11215
0b001501 0b001601 10279 100 2097152 4707502 415596 44264 8789
0b000d01 0b000601 10034 100 2097152 5025745 97591 48204 14477
0b001c01 0b001d01 10280 100 2097152 4759262 364102 44264 9292
0b001d01 0b001e01 10280 100 2097152 4827160 297434 44264 9757
0b000e01 0b000f01 10237 100 2097152 4929210 196533 44264 11598
0b000e01 0b000f01 10238 100 2097152 4929211 196533 44264 12078
0b000e01 0b000f01 10239 100 2097152 4929212 196554 44264 12558
0b001501 0b001601 10280 100 2097152 4711133 415728 44264 7829
0b001e01 0b001f01 10280 100 2097152 4775961 352638 44264 10734
0b001501 0b001e01 10040 100 2097152 5033573 95597 48204 10725
0b001301 0b001401 10279 100 2097152 4716626 415953 44264 10227
0b001901 0b001201 10040 100 2097152 5028741 104228 48204 8809
0b001001 0b001101 10280 100 2097152 4797268 336757 44264 11200
0b001c01 0b001501 10040 100 2097152 5048037 86293 48204 10252
0b001601 0b001f01 10040 100 2097152 5068833 66233 48204 11206
0b001a01 0b001b01 10281 100 2097152 4774715 361007 44264 8330
0b000c01 0b000d01 10239 100 2097152 4863928 273411 44264 11596
0b000c01 0b000d01 10240 100 2097152 4864370 273189 44264 14476
0b000c01 0b000d01 10241 100 2097152 4864392 273168 44264 14956
0b000c01 0b000d01 10242 100 2097152 4864393 273168 44264 11612
0b001001 0b001101 10281 100 2097152 4808253 336685 44264 7840
0b001801 0b001901 10281 100 2097152 4818022 329486 44264 7848
0b001301 0b001401 10280 100 2097152 4730640 421960 44264 8803
0b001301 0b001c01 10040 100 2097152 5089035 63572 48204 9763
0b001001 0b001901 10040 100 2097152 5079513 77325 48204 8320
0b000b01 0b000401 10034 100 2097152 4978289 180245 180639 13515
0b000901 0b000201 10034 100 2097152 5080564 79015 48204 12553
0b000f01 0b000801 10237 100 2097152 4930824 231711 44264 12079
0b000f01 0b000801 10238 100 2097152 4930825 231732 44264 12559
0b000f01 0b000801 10239 100 2097152 4930826 231732 44264 13039
0b001d01 0b001e01 10281 100 2097152 4869577 293628 44264 9773
0b000601 0b000701 10232 100 2097152 5126346 44683 44264 14486
0b000f01 0b000801 10240 100 2097152 4940858 235077 44264 13055
0b001c01 0b001d01 10281 100 2097152 4825105 352226 44264 9772
0b001b01 0b001c01 10281 100 2097152 4843009 338526 44264 9291
0b000f01 0b000801 10241 100 2097152 4949219 232987 44264 13535
0b000801 0b000901 10239 100 2097152 4890721 294756 44264 12552
0b000801 0b000901 10240 100 2097152 4890743 294735 44264 13032
0b000801 0b000901 10241 100 2097152 4890744 294735 44264 13512
0b000801 0b000901 10242 100 2097152 4890754 294726 44264 13528
0b001701 0b001001 10281 100 2097152 4788021 397635 44264 10727
0b001401 0b001d01 10040 100 2097152 5135589 51766 48204 10244
0b000d01 0b000601 10035 100 2097152 5140569 50073 48204 14493
0b001301 0b001401 10281 100 2097152 4768097 426678 44264 9283
0b000e01 0b000f01 10240 100 2097152 5009416 193983 44264 13054
0b000201 0b000301 10232 100 2097152 5162589 44687 44264 12562
0b000b01 0b000c01 10237 100 2097152 4978421 229454 44264 13995
0b000b01 0b000c01 10238 100 2097152 4978422 229475 44264 14475
0b000b01 0b000c01 10239 100 2097152 4978423 229475 44264 14955
0b000b01 0b000c01 10240 100 2097152 4978688 229387 44264 14971
0b000b01 0b000c01 10241 100 2097152 4978909 229211 44264 11611
0b000e01 0b000f01 10241 100 2097152 5030953 183710 44264 12574
0b000e01 0b000f01 10242 100 2097152 5032824 182214 44264 13534
0b000801 0b000101 10035 100 2097152 5165545 49621 48204 12088
0b001301 0b001401 10282 100 2097152 4804327 422678 44264 8323
0b000a01 0b000b01 10237 100 2097152 5009880 217633 44264 13514
0b000a01 0b000b01 10238 100 2097152 5009881 217633 44264 13994
0b000a01 0b000b01 10239 100 2097152 5009882 217633 44264 14474
0b001501 0b001601 10281 100 2097152 4814172 414858 44264 9765
0b001e01 0b001f01 10281 100 2097152 4858130 370904 44264 10254
0b001901 0b001a01 10281 100 2097152 4875456 359481 44264 7849
0b001101 0b001201 10281 100 2097152 4865542 371743 44264 7841
0b000901 0b000201 10035 100 2097152 5188487 49223 48204 12569
0b000601 0b000701 10233 100 2097152 5193652 44686 44264 14502
0b001f01 0b001801 10282 100 2097152 4928493 330226 44264 8335
0b000c01 0b000501 10035 100 2097152 5210885 48374 48204 14012
0b000d01 0b000e01 10239 100 2097152 5025722 235516 44264 11597
0b000d01 0b000e01 10240 100 2097152 5025723 235516 44264 12077
0b000d01 0b000e01 10241 100 2097152 5025767 235583 44264 14957
0b000d01 0b000e01 10242 100 2097152 5025768 235583 44264 12093
0b000101 0b000201 10222 100 2097152 5218176 45170 44264 12097
0b001801 0b001901 10282 100 2097152 4942254 323355 44264 10728
0b001c01 0b001d01 10282 100 2097152 4930097 346481 44264 8332
0b000a01 0b000b01 10240 100 2097152 5059008 217633 44264 14970
0b001401 0b001501 10282 100 2097152 5005226 272319 44264 8804
0b000a01 0b000b01 10241 100 2097152 5078457 208018 44264 11610
0b000a01 0b000b01 10242 100 2097152 5078876 207688 44264 14490
0b001401 0b001501 10283 100 2097152 5018427 276719 44264 8324
0b001001 0b001101 10282 100 2097152 4976925 324394 44264 10720
0b000201 0b000301 10233 100 2097152 5240720 65129 44264 12578
0b000501 0b000601 10222 100 2097152 5262269 44362 44264 14021
0b001d01 0b001e01 10282 100 2097152 5000636 308350 44264 11213
0b000f01 0b000001 10035 100 2097152 5128753 180495 180639 11615
0b001801 0b001101 10041 100 2097152 5261729 48636 48204 8344
0b000e01 0b000701 10035 100 2097152 5264360 48617 48204 14974
0b000f01 0b000801 10242 100 2097152 5128754 188369 44264 12095
0b000f01 0b000801 10243 100 2097152 5128776 188348 44264 12575
0b001b01 0b001c01 10282 100 2097152 4976737 345599 44264 10251
0b000901 0b000a01 10239 100 2097152 5080565 243694 44264 13033
0b000901 0b000a01 10240 100 2097152 5080566 243694 44264 13513
0b000901 0b000a01 10241 100 2097152 5080588 243673 44264 13993
0b000901 0b000a01 10242 100 2097152 5080898 243825 44264 14009
0b000201 0b000301 10234 100 2097152 5266356 64374 44264 12114
0b001901 0b001a01 10282 100 2097152 4965903 366587 44264 10729
0b001601 0b001701 10282 100 2097152 5032522 305706 44264 8326
0b001f01 0b001801 10283 100 2097152 5023753 317357 44264 9775
0b001f01 0b001801 10284 100 2097152 5027516 316367 44264 8815
0b001001 0b001101 10283 100 2097152 5021330 322802 44264 11216
0b000d01 0b000e01 10243 100 2097152 5140349 206836 44264 11613
0b000d01 0b000e01 10244 100 2097152 5140570 206725 44264 14973
0b000d01 0b000e01 10245 100 2097152 5140571 206725 44264 11629
0b001601 0b001701 10283 100 2097152 5038867 314146 44264 10262
0b000601 0b000701 10234 100 2097152 5309641 44676 44264 14038
0b001d01 0b001e01 10283 100 2097152 5023429 331142 44264 8333
0b001e01 0b001f01 10282 100 2097152 4978652 378519 44264 8334
0b001d01 0b001e01 10284 100 2097152 5028446 333077 44264 8813
0b001201 0b001301 10282 100 2097152 5024893 336891 44264 8338
0b001e01 0b001f01 10283 100 2097152 4984725 378369 44264 7854
0b001d01 0b001e01 10285 100 2097152 5032297 333055 44264 7853
0b001e01 0b001701 10041 100 2097152 5311996 53824 48204 11230
0b001501 0b001601 10282 100 2097152 4935595 430262 44264 9285
0b000801 0b000101 10036 100 2097152 5320133 48125 48204 12104
0b000801 0b000901 10243 100 2097152 5165567 203705 44264 12568
0b000801 0b000901 10244 100 2097152 5165568 203705 44264 13048
0b001b01 0b001c01 10283 100 2097152 5032143 338725 44264 10731
0b001001 0b001101 10284 100 2097152 5044906 326155 44264 10240
0b001701 0b001001 10282 100 2097152 4969574 401684 44264 8327
0b001901 0b001a01 10283 100 2097152 5005328 366235 44264 9289
0b001c01 0b001501 10041 100 2097152 5325346 48635 48204 10268
0b000801 0b000901 10245 100 2097152 5178945 196995 44264 13064
0b000a01 0b000301 10035 100 2097152 5327269 48728 48204 13050
0b001a01 0b001b01 10282 100 2097152 5020029 357640 44264 9770
0b001a01 0b001b01 10283 100 2097152 5020030 357640 44264 10250
0b001e01 0b001f01 10284 100 2097152 4999910 377907 44264 8814
0b001e01 0b001f01 10285 100 2097152 5000087 377731 44264 9294
0b000801 0b000901 10246 100 2097152 5185216 193145 44264 13544
0b001c01 0b001d01 10283 100 2097152 5037053 341767 44264 11212
0b001601 0b001701 10284 100 2097152 5055274 323726 44264 10742
0b001b01 0b001c01 10284 100 2097152 5044054 336063 44264 8331
0b000b01 0b000c01 10242 100 2097152 5230524 150454 44264 14011
0b000b01 0b000c01 10243 100 2097152 5230525 150454 44264 14491
0b001f01 0b001801 10285 100 2097152 5077065 308240 44264 10255
0b000f01 0b000801 10244 100 2097152 5206409 179800 44264 13071
0b001c01 0b001d01 10284 100 2097152 5042686 344434 44264 10732
0b001601 0b001701 10285 100 2097152 5062033 325152 44264 9286
0b001a01 0b001b01 10284 100 2097152 5033899 356092 44264 11210
0b001501 0b001601 10283 100 2097152 4960082 431758 44264 8805
0b001601 0b001701 10286 100 2097152 5068634 324056 44264 9766
0b001f01 0b001801 10286 100 2097152 5083754 309427 44264 9295
0b001901 0b001a01 10284 100 2097152 5029534 363765 44264 9769
0b001801 0b001901 10283 100 2097152 5049562 344568 44264 10248
0b000f01 0b000801 10245 100 2097152 5217673 176573 44264 12591
0b000f01 0b000801 10246 100 2097152 5218048 176308 44264 13551
0b001a01 0b001b01 10285 100 2097152 5040108 354640 44264 10730
0b001c01 0b001d01 10285 100 2097152 5049886 345551 44264 8812
0b001101 0b001201 10282 100 2097152 5002717 394763 44264 9281
0b000c01 0b000d01 10243 100 2097152 5210907 188067 44264 14492
0b000c01 0b000d01 10244 100 2097152 5210908 188067 44264 14972
0b000c01 0b000d01 10245 100 2097152 5211085 188155 44264 14988
0b000c01 0b000d01 10246 100 2097152 5211130 188111 44264 11628
0b001901 0b001a01 10285 100 2097152 5036685 362889 44264 10249
0b001501 0b001601 10284 100 2097152 4969059 430702 44264 8325
0b001401 0b001501 10284 100 2097152 5083716 316592 44264 11204
0b001701 0b001001 10283 100 2097152 4991135 409264 44264 8807
0b001c01 0b001d01 10286 100 2097152 5055716 344738 44264 7852
0b001201 0b001301 10283 100 2097152 5061484 339246 44264 11202
0b001201 0b001301 10284 100 2097152 5062079 339180 44264 10242
0b001201 0b001301 10285 100 2097152 5065776 338145 44264 9762
0b001201 0b001301 10286 100 2097152 5069011 336495 44264 10722
0b000e01 0b000701 10036 100 2097152 5350305 55552 48204 14990
0b001901 0b001a01 10286 100 2097152 5045662 361569 44264 11209
0b001101 0b001201 10283 100 2097152 5011739 396653 44264 10721
0b001e01 0b001f01 10286 100 2097152 5041553 368606 44264 10270
0b001301 0b001401 10283 100 2097152 5029024 381659 44264 9299
0b001801 0b001901 10284 100 2097152 5056448 354600 44264 9288
0b000b01 0b000401 10035 100 2097152 5230523 180578 180639 13531
0b001101 0b001201 10284 100 2097152 5014776 396697 44264 9761
0b000101 0b000201 10223 100 2097152 5371268 44305 44264 12113
0b001201 0b001301 10287 100 2097152 5094557 321453 44264 7842
0b001f01 0b001001 10041 100 2097152 5366104 50247 48204 7871
0b001801 0b001901 10285 100 2097152 5059683 357108 44264 8808
0b001a01 0b001b01 10286 100 2097152 5066689 350288 44264 8346
0b001401 0b001501 10285 100 2097152 5095924 321482 44264 9780
0b001001 0b001101 10285 100 2097152 5094694 324534 44264 9280
0b001001 0b001101 10286 100 2097152 5094716 324513 44264 8800
0b001001 0b001101 10287 100 2097152 5101543 322461 44264 7856
0b001001 0b001901 10041 100 2097152 5374268 53076 48204 8336
0b001801 0b001901 10286 100 2097152 5067604 359769 44264 9768
0b001101 0b001201 10285 100 2097152 5031061 396398 44264 10241
0b001001 0b001101 10288 100 2097152 5113021 316704 44264 9760
0b001c01 0b001d01 10287 100 2097152 5102435 328160 44264 8828
0b001301 0b001401 10284 100 2097152 5045016 386858 44264 10723
0b001401 0b001501 10286 100 2097152 5107291 324772 44264 10724
0b001d01 0b001e01 10286 100 2097152 5095767 336839 44264 9293
0b001701 0b001001 10284 100 2097152 5016084 417601 44264 10743
0b000901 0b000201 10036 100 2097152 5372282 62297 48204 12585
0b000901 0b000a01 10243 100 2097152 5188488 246103 44264 13049
0b000901 0b000a01 10244 100 2097152 5188489 246145 44264 13529
0b000901 0b000a01 10245 100 2097152 5188499 246136 44264 13545
0b001a01 0b001b01 10287 100 2097152 5089020 346130 44264 7850
0b000e01 0b000f01 10243 100 2097152 5264248 171343 44264 11614
0b000e01 0b000f01 10244 100 2097152 5264249 171343 44264 12094
0b000e01 0b000f01 10245 100 2097152 5264361 171364 44264 12110
0b001301 0b001401 10285 100 2097152 5050715 387320 44264 8819
0b001b01 0b001c01 10285 100 2097152 5085991 355744 44264 8827
0b001301 0b001401 10286 100 2097152 5055468 386945 44264 10243
0b000c01 0b000d01 10247 100 2097152 5383989 58724 44264 14508
0b001f01 0b001801 10287 100 2097152 5131609 312089 44264 10751
0b001601 0b001701 10287 100 2097152 5126108 317715 44264 8806
0b001201 0b001301 10288 100 2097152 5135979 308547 44264 8818
0b001401 0b001501 10287 100 2097152 5118428 326822 44264 7844
0b001601 0b001701 10288 100 2097152 5129871 317143 44264 7846
0b001b01 0b001c01 10286 100 2097152 5090044 357830 44264 11211
0b001701 0b001001 10285 100 2097152 5028978 420403 44264 9287
0b001f01 0b001801 10288 100 2097152 5138076 312091 44264 11231
0b001501 0b001601 10285 100 2097152 5031064 422790 44264 11205
0b000b01 0b000c01 10244 100 2097152 5279651 174482 44264 14987
0b001701 0b001001 10286 100 2097152 5034857 421059 44264 9767
0b000801 0b000901 10247 100 2097152 5320134 136955 44264 12584
0b001b01 0b001401 10041 100 2097152 5380679 76433 48204 9787
0b001701 0b001001 10287 100 2097152 5036853 420824 44264 11223
0b001a01 0b001b01 10288 100 2097152 5116398 341589 44264 8826
0b001b01 0b001c01 10287 100 2097152 5098911 359176 44264 7851
0b001501 0b001601 10286 100 2097152 5036214 422481 44264 7845
0b001a01 0b001301 10041 100 2097152 5374573 84184 48204 9306
0b000b01 0b000c01 10245 100 2097152 5289485 171104 44264 11627
0b000b01 0b000c01 10246 100 2097152 5289574 171038 44264 14507
0b001901 0b001a01 10287 100 2097152 5103407 360971 44264 11225
0b001c01 0b001d01 10288 100 2097152 5155617 310521 44264 9788
0b001d01 0b001e01 10287 100 2097152 5126374 341437 44264 9309
0b001301 0b001401 10287 100 2097152 5092908 381807 44264 7843
0b001001 0b001101 10289 100 2097152 5188666 286594 44264 10736
0b000c01 0b000501 10036 100 2097152 5383988 93105 48204 14028
0b001301 0b001401 10288 100 2097152 5097225 380878 44264 11203
0b001301 0b001c01 10041 100 2097152 5406931 73808 48204 9779
0b001101 0b001201 10286 100 2097152 5073635 408569 44264 11201
0b001b01 0b001c01 10288 100 2097152 5120820 361666 44264 9307
0b001801 0b001901 10287 100 2097152 5114055 369669 44264 10744
0b000a01 0b000b01 10243 100 2097152 5327270 156895 44264 13530
0b000a01 0b000b01 10244 100 2097152 5327271 156895 44264 14010
0b000a01 0b000b01 10245 100 2097152 5327733 157094 44264 14026
0b001e01 0b001f01 10287 100 2097152 5127604 358244 44264 9774
0b001401 0b001501 10288 100 2097152 5155610 332329 44264 8820
0b000201 0b000301 10235 100 2097152 5418583 69993 44264 12130
0b001c01 0b001d01 10289 100 2097152 5184545 305468 44264 9308
0b001e01 0b001f01 10288 100 2097152 5132180 358135 44264 10750
0b001301 0b001401 10289 100 2097152 5117950 375114 44264 8339
0b001801 0b001901 10288 100 2097152 5122423 370806 44264 7864
0b000e01 0b000f01 10246 100 2097152 5350195 143472 44264 11630
0b000e01 0b000f01 10247 100 2097152 5350306 143384 44264 11646
0b001801 0b001901 10289 100 2097152 5123692 370616 44264 11224
0b001d01 0b001601 10041 100 2097152 5390130 105279 48204 10749
0b001b01 0b001c01 10289 100 2097152 5138732 359463 44264 8347
0b001201 0b001b01 10041 100 2097152 5400490 105693 48204 9298
0b000201 0b000301 10236 100 2097152 5437589 70217 44264 12594
0b001201 0b001301 10289 100 2097152 5240295 268498 44264 7858
0b001e01 0b001f01 10289 100 2097152 5166215 349577 44264 9790
0b001501 0b001601 10287 100 2097152 5092847 423801 44264 9781
0b001901 0b001a01 10288 100 2097152 5150518 369050 44264 7865
0b001601 0b001701 10289 100 2097152 5232040 287763 44264 9782
0b001701 0b001801 10041 100 2097152 5450024 73268 48204 7863
0b000501 0b000601 10223 100 2097152 5480103 44479 44264 14037
0b000d01 0b000601 10036 100 2097152 5401984 126903 48204 14509
0b001f01 0b001801 10289 100 2097152 5232044 296940 44264 10271
0b001901 0b001a01 10289 100 2097152 5159848 370215 44264 8345
0b001601 0b001f01 10041 100 2097152 5456864 73698 48204 11222
0b000f01 0b000801 10247 100 2097152 5438602 92197 44264 12111
0b000f01 0b000801 10248 100 2097152 5438735 92197 44264 12127
0b001501 0b001601 10288 100 2097152 5107350 423753 44264 9301
0b001701 0b001001 10288 100 2097152 5115526 416538 44264 10247
0b001701 0b001001 10289 100 2097152 5115536 416550 44264 10263
0b001d01 0b001e01 10288 100 2097152 5180341 357062 44264 9789
0b000a01 0b000301 10036 100 2097152 5437601 100057 48204 13066
0b001401 0b001d01 10041 100 2097152 5445423 92330 48204 10260
0b000801 0b000901 10248 100 2097152 5389219 150413 44264 13080
0b000d01 0b000e01 10246 100 2097152 5401985 138485 44264 14989
0b000d01 0b000e01 10247 100 2097152 5402250 138749 44264 15005
0b000d01 0b000e01 10248 100 2097152 5402251 138749 44264 11645
0b001401 0b001501 10289 100 2097152 5197785 343333 44264 9300
0b000901 0b000a01 10246 100 2097152 5372283 170151 44264 13065
0b001901 0b001201 10041 100 2097152 5419801 125800 48204 8825
0b000901 0b000a01 10247 100 2097152 5378950 166976 44264 13081
0b000901 0b000a01 10248 100 2097152 5381371 165061 44264 13561
0b000801 0b000901 10249 100 2097152 5397256 150623 44264 12600
0b000801 0b000901 10250 100 2097152 5397366 150561 44264 13560
0b001101 0b001a01 10041 100 2097152 5422239 126421 48204 8817
0b001d01 0b001e01 10289 100 2097152 5190365 359468 44264 10269
0b001101 0b001201 10287 100 2097152 5117535 440658 44264 8337
0b001501 0b001601 10289 100 2097152 5137340 421972 44264 10261
0b000a01 0b000b01 10246 100 2097152 5437644 125364 44264 13546
0b000a01 0b000b01 10247 100 2097152 5437654 125355 44264 13562
0b001a01 0b001b01 10289 100 2097152 5237947 332627 44264 7866
0b001501 0b001e01 10041 100 2097152 5435073 137839 48204 10741
0b001401 0b001501 10290 100 2097152 5230015 343312 44264 8340
0b000b01 0b000c01 10247 100 2097152 5487176 91824 44264 14027
0b000901 0b000201 10037 100 2097152 5460099 119248 48204 12601
0b000b01 0b000c01 10248 100 2097152 5487837 91845 44264 14043
0b000d01 0b000601 10037 100 2097152 5445723 135156 48204 14525
0b000c01 0b000d01 10248 100 2097152 5457143 124034 44264 15004
0b001101 0b001201 10288 100 2097152 5137035 448879 44264 11217
0b000e01 0b000f01 10248 100 2097152 5544010 44364 44264 11662
0b000c01 0b000d01 10249 100 2097152 5463599 130585 44264 11644
0b000c01 0b000d01 10250 100 2097152 5463622 130563 44264 14524
0b001101 0b001201 10289 100 2097152 5147948 450243 44264 7857
0b000a01 0b000b01 10248 100 2097152 5549442 57325 44264 13578
0b000901 0b000a01 10249 100 2097152 5542642 83039 44264 13097
0b000601 0b000701 10235 100 2097152 5527592 98801 44264 14054
0b000201 0b000301 10237 100 2097152 5582357 44678 44264 12610
0b000801 0b000101 10037 100 2097152 5533809 95115 48204 12120
0b000801 0b000101 10038 100 2097152 5533942 95117 48204 12136
0b001901 0b001a01 10290 100 2097152 5268619 361941 44264 10745
0b000901 0b000a01 10250 100 2097152 5550937 82749 44264 13577
0b000601 0b000701 10236 100 2097152 5531897 103177 44264 14518
0b000e01 0b000701 10037 100 2097152 5543480 94058 48204 15006
0b000a01 0b000301 10037 100 2097152 5545444 92158 48204 13082
0b000e01 0b000701 10038 100 2097152 5544009 94070 48204 15022
0b001d01 0b001e01 10290 100 2097152 5279588 359478 44264 8349
0b000901 0b000201 10038 100 2097152 5550889 88297 48204 12617
0b001201 0b001301 10290 100 2097152 5411402 229008 44264 10738
0b000a01 0b000301 10038 100 2097152 5548936 95782 48204 13098
0b001201 0b001301 10291 100 2097152 5414483 231318 44264 9778
0b001601 0b001701 10290 100 2097152 5368867 286443 44264 9302
0b000d01 0b000e01 10249 100 2097152 5584187 76119 44264 15021
0b000601 0b000701 10237 100 2097152 5583889 77485 44264 14534
0b000d01 0b000601 10038 100 2097152 5597195 65405 48204 14541
0b001201 0b001301 10292 100 2097152 5430469 238829 44264 10258
0b001a01 0b001b01 10290 100 2097152 5335500 336895 44264 10746
0b000d01 0b000e01 10250 100 2097152 5597194 75653 44264 11661
0b000c01 0b000501 10037 100 2097152 5582010 93793 48204 14044
0b000c01 0b000501 10038 100 2097152 5582692 93792 48204 14060
0b001f01 0b001801 10290 100 2097152 5360181 318911 44264 8351
0b000a01 0b000b01 10249 100 2097152 5636696 44164 44264 13594
0b001e01 0b001f01 10290 100 2097152 5357581 324874 44264 8350
0b001601 0b001701 10291 100 2097152 5394850 291723 44264 8822
0b001e01 0b001f01 10291 100 2097152 5364533 325139 44264 8830
0b000201 0b000301 10238 100 2097152 5642196 48091 44264 12626
0b001c01 0b001d01 10290 100 2097152 5373878 317792 44264 10748
0b000a01 0b000301 10039 100 2097152 5628691 63550 48204 13114
0b001e01 0b001f01 10292 100 2097152 5368362 324699 44264 7870
0b001601 0b001701 10292 100 2097152 5402771 293307 44264 8342
0b001c01 0b001d01 10291 100 2097152 5383127 317168 44264 8348
0b001001 0b001101 10290 100 2097152 5403409 301276 44264 8816
0b001501 0b001601 10290 100 2097152 5280555 426250 44264 8821
0b001f01 0b001801 10291 100 2097152 5380827 326372 44264 8831
0b001f01 0b001801 10292 100 2097152 5380828 326372 44264 9311
0b001801 0b001901 10290 100 2097152 5344120 368094 44264 9784
0b000601 0b000701 10238 100 2097152 5665610 47093 44264 14550
0b001801 0b001901 10291 100 2097152 5346893 368490 44264 8824
0b001301 0b001c01 10042 100 2097152 5648811 66814 48204 9795
0b000e01 0b000701 10039 100 2097152 5663316 53676 48204 15038
0b000e01 0b000f01 10249 100 2097152 5675857 44164 44264 11678
0b000101 0b000201 10224 100 2097152 5631934 90203 44264 12129
0b000101 0b000201 10225 100 2097152 5632069 90198 44264 12145
0b001501 0b001601 10291 100 2097152 5298156 424314 44264 8341
0b001001 0b001101 10291 100 2097152 5419361 304113 44264 7872
0b001a01 0b001b01 10291 100 2097152 5396309 336631 44264 9786
0b001201 0b001301 10293 100 2097152 5485214 249095 44264 11218
0b001b01 0b001c01 10290 100 2097152 5380680 359462 44264 10267
0b001a01 0b001b01 10292 100 2097152 5402584 337749 44264 10266
0b001d01 0b001e01 10291 100 2097152 5381830 359435 44264 11229
0b001f01 0b001801 10293 100 2097152 5413169 329298 44264 10287
0b001d01 0b001601 10042 100 2097152 5694680 48826 48204 10765
0b001901 0b001a01 10291 100 2097152 5397140 347169 44264 10265
0b001801 0b001101 10042 100 2097152 5682102 62656 48204 8360
0b001401 0b001501 10291 100 2097152 5413693 333018 44264 9316
0b001a01 0b001b01 10293 100 2097152 5410241 336565 44264 11226
0b001101 0b001201 10290 100 2097152 5304329 442590 44264 10737
0b001001 0b001101 10292 100 2097152 5436695 314896 44264 10752
0b001e01 0b001f01 10293 100 2097152 5435616 317003 44264 9310
0b001801 0b001901 10292 100 2097152 5388315 364649 44264 10264
0b001101 0b001201 10291 100 2097152 5313375 442679 44264 8353
0b001b01 0b001c01 10291 100 2097152 5393001 366092 44264 11227
0b001801 0b001901 10293 100 2097152 5396191 363286 44264 9304
0b001d01 0b001e01 10292 100 2097152 5398447 362223 44264 8829
0b001f01 0b001001 10042 100 2097152 5696071 68006 48204 7887
0b001d01 0b001e01 10293 100 2097152 5403464 361452 44264 7869
0b001b01 0b001c01 10292 100 2097152 5397758 367495 44264 10747
0b001901 0b001a01 10292 100 2097152 5414058 353030 44264 9305
0b000501 0b000601 10224 100 2097152 5678813 89008 44264 14053
0b001401 0b001501 10292 100 2097152 5434884 333233 44264 10740
0b000501 0b000601 10225 100 2097152 5679494 89003 44264 14069
0b001601 0b001701 10293 100 2097152 5461705 307092 44264 7862
0b001301 0b001401 10290 100 2097152 5364794 404216 44264 8355
0b001001 0b001101 10293 100 2097152 5452391 319573 44264 9296
0b001401 0b001501 10293 100 2097152 5441045 332247 44264 8836
0b001701 0b001001 10290 100 2097152 5341238 435176 44264 8343
0b001001 0b001101 10294 100 2097152 5458926 319643 44264 9776
0b001001 0b001101 10295 100 2097152 5460687 319027 44264 11232
0b001e01 0b001f01 10294 100 2097152 5470821 311706 44264 9326
0b001501 0b001601 10292 100 2097152 5376991 406278 44264 10277
0b001d01 0b001e01 10294 100 2097152 5433605 350232 44264 8845
0b001c01 0b001d01 10292 100 2097152 5444745 342198 44264 8844
0b001b01 0b001c01 10293 100 2097152 5419987 367443 44264 8363
0b001101 0b001201 10292 100 2097152 5347142 441530 44264 11233
0b001901 0b001a01 10293 100 2097152 5430354 358383 44264 8361
0b001901 0b001a01 10294 100 2097152 5430383 358355 44264 9785
0b001401 0b001501 10294 100 2097152 5460122 328681 44264 9796
0b001101 0b001a01 10042 100 2097152 5707695 83754 48204 8833
0b001701 0b001001 10291 100 2097152 5356023 436913 44264 10279
0b001c01 0b001501 10042 100 2097152 5743152 54281 48204 10284
0b001c01 0b001d01 10293 100 2097152 5450884 346669 44264 11228
0b001401 0b001501 10295 100 2097152 5477725 321111 44264 7860
0b001b01 0b001401 10042 100 2097152 5735950 62988 48204 9803
0b001401 0b001501 10296 100 2097152 5481113 318978 44264 11220
0b001e01 0b001701 10042 100 2097152 5744275 56496 48204 11246
0b001b01 0b001c01 10294 100 2097152 5438160 363439 44264 7867
0b001901 0b001201 10042 100 2097152 5718393 83705 48204 8841
0b001801 0b001901 10294 100 2097152 5446708 356373 44264 10760
0b001401 0b001501 10297 100 2097152 5496074 308132 44264 8356
0b001701 0b001001 10292 100 2097152 5368830 435657 44264 11239
0b001d01 0b001e01 10295 100 2097152 5469148 336280 44264 9805
0b001a01 0b001b01 10294 100 2097152 5467388 338567 44264 11242
0b001801 0b001901 10295 100 2097152 5453177 354657 44264 11240
0b001501 0b001601 10293 100 2097152 5403318 406039 44264 11221
0b001c01 0b001d01 10294 100 2097152 5461097 350783 44264 7868
0b000201 0b000301 10239 100 2097152 5725147 89114 44264 12146
0b000201 0b000301 10240 100 2097152 5725277 89115 44264 12162
0b001101 0b001201 10293 100 2097152 5374071 441464 44264 10257
0b001701 0b001001 10293 100 2097152 5382010 434160 44264 10759
0b001301 0b001401 10291 100 2097152 5403740 413895 44264 11219
0b001201 0b001301 10294 100 2097152 5548611 269074 44264 8834
0b001301 0b001401 10292 100 2097152 5404269 413982 44264 10259
0b001b01 0b001c01 10295 100 2097152 5460997 358471 44264 8843
0b001501 0b001e01 10042 100 2097152 5771127 49233 48204 10757
0b001d01 0b001e01 10296 100 2097152 5493023 328272 44264 9325
0b001301 0b001401 10293 100 2097152 5408516 413190 44264 10739
0b001a01 0b001301 10042 100 2097152 5770098 51897 48204 9322
0b001701 0b001001 10294 100 2097152 5390195 431960 44264 9303
0b001601 0b001701 10294 100 2097152 5498419 326663 44264 10758
0b001701 0b001001 10295 100 2097152 5395700 429715 44264 9783
0b001001 0b001101 10296 100 2097152 5535074 292929 44264 10256
0b001001 0b001101 10297 100 2097152 5535096 292908 44264 10272
0b001301 0b001401 10294 100 2097152 5419020 411575 44264 7859
0b001501 0b001601 10294 100 2097152 5420416 411910 44264 9797
0b001001 0b001901 10042 100 2097152 5779424 56438 48204 8352
0b001701 0b001801 10042 100 2097152 5771807 65345 48204 7879
0b001201 0b001301 10295 100 2097152 5561203 276436 44264 8354
0b001f01 0b001801 10294 100 2097152 5488858 350483 44264 9791
0b001901 0b001a01 10295 100 2097152 5486734 355561 44264 10761
0b001c01 0b001d01 10295 100 2097152 5483749 359838 44264 9804
0b001f01 0b001801 10295 100 2097152 5493325 351253 44264 10767
0b001c01 0b001d01 10296 100 2097152 5485496 360049 44264 9324
0b001d01 0b001e01 10297 100 2097152 5540763 307602 44264 10285
0b001901 0b001a01 10296 100 2097152 5496239 355561 44264 7881
0b001601 0b001701 10295 100 2097152 5519658 332291 44264 9798
0b001901 0b001a01 10297 100 2097152 5497318 355253 44264 11241
0b001701 0b001001 10296 100 2097152 5446833 408310 44264 8823
0b001301 0b001401 10295 100 2097152 5447536 408101 44264 8835
0b000601 0b000701 10239 100 2097152 5770831 88567 44264 14070
0b000601 0b000701 10240 100 2097152 5771507 88575 44264 14086
0b001b01 0b001c01 10296 100 2097152 5509193 350911 44264 9323
0b001c01 0b001d01 10297 100 2097152 5501205 359437 44264 8364
0b001501 0b001601 10295 100 2097152 5448260 414559 44264 7861
0b001601 0b001f01 10042 100 2097152 5812367 52272 48204 11238
0b001101 0b001201 10294 100 2097152 5422238 443774 44264 9297
0b001f01 0b001801 10296 100 2097152 5518802 347557 44264 9807
0b001801 0b001901 10296 100 2097152 5526302 341210 44264 7880
0b001301 0b001401 10296 100 2097152 5461767 406367 44264 9315
0b001601 0b001701 10296 100 2097152 5534113 335023 44264 9318
0b001401 0b001d01 10042 100 2097152 5821261 48636 48204 10276
0b001201 0b001301 10296 100 2097152 5588924 281060 44264 11234
0b001101 0b001201 10295 100 2097152 5427014 444081 44264 7873
0b001801 0b001901 10297 100 2097152 5531994 341744 44264 10280
0b001101 0b001201 10296 100 2097152 5432735 444081 44264 9777
0b001f01 0b001801 10297 100 2097152 5533572 344074 44264 11247
0b001201 0b001301 10297 100 2097152 5601201 280629 44264 7874
0b001e01 0b001f01 10295 100 2097152 5540413 346368 44264 9806
0b001a01 0b001b01 10295 100 2097152 5522578 367584 44264 7882
0b001601 0b001701 10297 100 2097152 5562322 334997 44264 10278
0b001a01 0b001b01 10296 100 2097152 5533073 372050 44264 8362
0b001e01 0b001f01 10296 100 2097152 5552843 354640 44264 10286
0b001b01 0b001c01 10297 100 2097152 5573584 335149 44264 7883
0b001501 0b001601 10296 100 2097152 5490949 417872 44264 8837
0b001101 0b001201 10297 100 2097152 5478270 435771 44264 10753
0b001201 0b001b01 10042 100 2097152 5869022 48654 48204 9314
0b001701 0b001001 10297 100 2097152 5522813 397987 44264 9799
0b001301 0b001401 10297 100 2097152 5511803 409492 44264 7875
0b001a01 0b001b01 10297 100 2097152 5551670 374442 44264 8842
0b000b01 0b000401 10036 100 2097152 5487175 446598 180639 13547
0b001e01 0b001f01 10297 100 2097152 5575922 361262 44264 10766
0b001501 0b001601 10297 100 2097152 5544128 416966 44264 9317
0b001501 0b001601 10298 100 2097152 5576337 415382 44264 8357
0b001e01 0b001f01 10298 100 2097152 5642076 361109 44264 8366
0b000f01 0b000001 10036 100 2097152 5438601 565206 180639 11631
0b001b01 0b001c01 10298 100 2097152 5675405 329868 44264 10763
0b001a01 0b001b01 10298 100 2097152 5633570 372271 44264 10762
0b001d01 0b001e01 10298 100 2097152 5703305 309140 44264 8365
0b001f01 0b001801 10298 100 2097152 5685465 326993 44264 8367
0b001401 0b001501 10298 100 2097152 5772020 244362 44264 8372
0b001f01 0b001801 10299 100 2097152 5692682 326993 44264 8847
0b001301 0b001401 10298 100 2097152 5643420 409545 44264 10755
0b001801 0b001901 10298 100 2097152 5710209 344075 44264 8840
0b001801 0b001901 10299 100 2097152 5710210 344096 44264 9320
0b001701 0b001001 10298 100 2097152 5658320 396241 44264 9319
0b001601 0b001701 10298 100 2097152 5709815 345389 44264 8838
0b001001 0b001101 10298 100 2097152 5767087 295296 44264 7888
0b001801 0b001101 10043 100 2097152 6015468 48891 48204 8376
0b001b01 0b001c01 10299 100 2097152 5743343 322127 44264 10283
0b001401 0b001501 10299 100 2097152 5801948 267678 44264 9812
0b001b01 0b001c01 10300 100 2097152 5749816 320737 44264 11243
0b001901 0b001a01 10298 100 2097152 5715224 356440 44264 9801
0b001301 0b001401 10299 100 2097152 5672308 403121 44264 10275
0b001601 0b001701 10299 100 2097152 5725480 350493 44264 8358
0b001f01 0b001801 10300 100 2097152 5755629 326130 44264 9327
0b001701 0b001001 10299 100 2097152 5689583 392421 44264 8839
0b001801 0b001901 10300 100 2097152 5745477 339172 44264 10296
0b001c01 0b001d01 10298 100 2097152 5718635 369087 44264 9820
0b001201 0b001301 10298 100 2097152 5749929 338969 44264 10754
0b001701 0b001001 10300 100 2097152 5699088 390661 44264 8359
0b001601 0b001701 10300 100 2097152 5746516 350556 44264 10774
0b001201 0b001301 10299 100 2097152 5759064 342617 44264 8370
0b001901 0b001201 10043 100 2097152 6057294 48860 48204 8857
0b001f01 0b001801 10301 100 2097152 5785537 321831 44264 9343
0b001a01 0b001b01 10299 100 2097152 5747319 361861 44264 10282
0b001d01 0b001e01 10299 100 2097152 5789953 319848 44264 8861
0b001b01 0b001c01 10301 100 2097152 5808965 308079 44264 11259
0b001901 0b001a01 10299 100 2097152 5755974 361411 44264 10281
0b001301 0b001401 10300 100 2097152 5737319 382734 44264 11235
0b001901 0b001a01 10300 100 2097152 5762487 361411 44264 9321
0b001d01 0b001e01 10300 100 2097152 5800563 324177 44264 11245
0b001601 0b001701 10301 100 2097152 5786279 342474 44264 10294
0b001001 0b001101 10299 100 2097152 5795946 334273 44264 10288
0b001401 0b001501 10300 100 2097152 5820645 313780 44264 11236
0b001201 0b001301 10300 100 2097152 5791682 346784 44264 11250
0b001d01 0b001e01 10301 100 2097152 5814890 326087 44264 7885
0b001001 0b001901 10043 100 2097152 6092759 48843 48204 8368
0b001401 0b001501 10301 100 2097152 5824716 319258 44264 10756
0b001c01 0b001d01 10299 100 2097152 5762103 384034 44264 11244
0b001201 0b001301 10301 100 2097152 5805108 344843 44264 8850
0b001e01 0b001f01 10299 100 2097152 5763680 386813 44264 8846
0b001c01 0b001501 10043 100 2097152 6068480 83146 48204 10300
0b001101 0b001201 10298 100 2097152 5726484 425341 44264 7889
0b001c01 0b001d01 10300 100 2097152 5768263 384805 44264 10764
0b001001 0b001101 10300 100 2097152 5807497 345800 44264 11248
0b001e01 0b001f01 10300 100 2097152 5767926 388925 44264 7886
0b001401 0b001501 10302 100 2097152 5833605 323702 44264 7876
0b001201 0b001301 10302 100 2097152 5818545 340585 44264 10274
0b001601 0b001701 10302 100 2097152 5835336 324988 44264 9814
0b001501 0b001601 10299 100 2097152 5749721 414147 44264 9333
0b001401 0b001d01 10043 100 2097152 6078439 87439 48204 10292
0b001f01 0b001801 10302 100 2097152 5867649 298820 44264 11263
0b001a01 0b001b01 10300 100 2097152 5791747 374972 44264 8378
0b001a01 0b001b01 10301 100 2097152 5791748 374972 44264 9802
0b001a01 0b001b01 10302 100 2097152 5794459 374242 44264 8858
0b001001 0b001101 10301 100 2097152 5819180 350442 44264 10768
0b001901 0b001a01 10301 100 2097152 5806091 363787 44264 10777
0b001701 0b001001 10301 100 2097152 5803781 368855 44264 11255
0b001c01 0b001d01 10301 100 2097152 5790440 382693 44264 8380
0b001901 0b001a01 10302 100 2097152 5810844 363809 44264 11257
0b001001 0b001101 10302 100 2097152 5825165 350381 44264 9312
0b000f01 0b000001 10039 100 2097152 5591384 584732 180639 11679
0b001a01 0b001301 10043 100 2097152 6126908 49852 48204 9338
0b001d01 0b001e01 10302 100 2097152 5846597 330825 44264 9821
0b001101 0b001201 10299 100 2097152 5747768 430163 44264 8369
0b001001 0b001101 10303 100 2097152 5828425 350135 44264 9792
0b001601 0b001701 10303 100 2097152 5865829 313178 44264 7878
0b001e01 0b001f01 10301 100 2097152 5786847 392361 44264 8862
0b001d01 0b001e01 10303 100 2097152 5848555 331353 44264 9341
0b001e01 0b001701 10043 100 2097152 6127750 54129 48204 11262
0b001401 0b001501 10303 100 2097152 5858647 323631 44264 8852
0b001c01 0b001d01 10302 100 2097152 5804609 380404 44264 7884
0b001101 0b001201 10300 100 2097152 5754601 432971 44264 10769
0b001f01 0b001801 10303 100 2097152 5889791 298002 44264 9823
0b001301 0b001401 10301 100 2097152 5820695 368254 44264 8851
0b001401 0b001501 10304 100 2097152 5871144 319499 44264 9332
0b001301 0b001401 10302 100 2097152 5825005 369225 44264 9331
0b001901 0b001a01 10303 100 2097152 5838872 356770 44264 8377
0b001d01 0b001e01 10304 100 2097152 5863652 332388 44264 8381
0b001c01 0b001d01 10303 100 2097152 5822478 375340 44264 8860
0b001701 0b001001 10302 100 2097152 5828092 373524 44264 10775
0b001501 0b001601 10300 100 2097152 5776302 426054 44264 8853
0b001201 0b001301 10303 100 2097152 5874105 328572 44264 7890
0b001001 0b001101 10304 100 2097152 5858153 345162 44264 8832
0b001d01 0b001e01 10305 100 2097152 5872907 331542 44264 10301
0b001f01 0b001801 10304 100 2097152 5910493 294592 44264 10303
0b001601 0b001701 10304 100 2097152 5911831 294879 44264 8854
0b001e01 0b001f01 10302 100 2097152 5808438 398614 44264 9822
0b001201 0b001301 10304 100 2097152 5879826 327736 44264 9794
0b001801 0b001901 10301 100 2097152 5840162 367661 44264 7896
0b001a01 0b001b01 10303 100 2097152 5845305 365891 44264 10778
0b001801 0b001901 10302 100 2097152 5842351 369147 44264 9800
0b001301 0b001401 10303 100 2097152 5840649 371234 44264 8371
0b001101 0b001201 10301 100 2097152 5774974 439531 44264 9313
0b001801 0b001901 10303 100 2097152 5847588 370664 44264 10776
0b001a01 0b001b01 10304 100 2097152 5854810 363779 44264 7898
0b001b01 0b001c01 10302 100 2097152 5893172 325644 44264 7899
0b001a01 0b001b01 10305 100 2097152 5855581 363405 44264 11258
0b001101 0b001201 10302 100 2097152 5781579 440187 44264 9793
0b001901 0b001a01 10304 100 2097152 5870522 351247 44264 7897
0b001101 0b001201 10303 100 2097152 5782724 440143 44264 11249
0b001c01 0b001d01 10304 100 2097152 5863114 360867 44264 9340
0b001501 0b001601 10301 100 2097152 5791813 432720 44264 9813
0b001f01 0b001801 10305 100 2097152 5940194 284784 44264 10783
0b001e01 0b001f01 10303 100 2097152 5823370 402360 44264 10782
0b001e01 0b001f01 10304 100 2097152 5824305 402416 44264 9342
0b000b01 0b000401 10040 100 2097152 5683870 543499 180639 13611
0b001901 0b001a01 10305 100 2097152 5876748 351182 44264 10297
0b001401 0b001501 10305 100 2097152 5924305 303813 44264 7892
0b000f01 0b000001 10040 100 2097152 5723031 508196 180639 11695
0b001501 0b001e01 10043 100 2097152 6146984 84555 48204 10773
0b001501 0b001601 10302 100 2097152 5800443 434809 44264 10293
0b001501 0b001601 10303 100 2097152 5801846 435101 44264 7877
0b001201 0b001301 10305 100 2097152 5917051 320378 44264 10770
0b001501 0b001601 10304 100 2097152 5803101 434947 44264 11237
0b001601 0b001701 10305 100 2097152 5964104 274744 44264 9334
0b001701 0b001001 10303 100 2097152 5854959 384044 44264 9815
0b001d01 0b001601 10043 100 2097152 6156078 84344 48204 10781
0b001501 0b001601 10305 100 2097152 5807216 433824 44264 8373
0b001801 0b001901 10304 100 2097152 5869369 372363 44264 9816
0b001b01 0b001c01 10303 100 2097152 5908133 335020 44264 8379
0b001b01 0b001401 10043 100 2097152 6169730 76542 48204 9819
0b001301 0b001401 10304 100 2097152 5872994 374886 44264 11251
0b001e01 0b001f01 10305 100 2097152 5851375 398711 44264 10302
0b001001 0b001101 10305 100 2097152 5923810 327558 44264 9808
0b001f01 0b001001 10043 100 2097152 6159861 92082 48204 7903
0b001801 0b001901 10305 100 2097152 5880656 373418 44264 11256
0b001101 0b001a01 10043 100 2097152 6206325 48739 48204 8849
0b001301 0b001401 10305 100 2097152 5884840 376328 44264 7891
0b001c01 0b001d01 10305 100 2097152 5911743 349467 44264 7900
0b001b01 0b001c01 10304 100 2097152 5920686 341080 44264 9339
0b001701 0b001001 10304 100 2097152 5872146 391168 44264 9335
0b001101 0b001201 10304 100 2097152 5831013 433241 44264 10273
0b001101 0b001201 10305 100 2097152 5831023 433232 44264 10289
0b001601 0b001701 10306 100 2097152 5994729 272811 44264 8374
0b001b01 0b001c01 10305 100 2097152 5929122 342325 44264 8859
0b001f01 0b001801 10306 100 2097152 6006195 269154 44264 8383
0b001701 0b001801 10043 100 2097152 6182017 96440 48204 7895
0b000f01 0b000001 10038 100 2097152 5496700 790342 180639 11663
0b001301 0b001c01 10043 100 2097152 6210572 81128 48204 9811
0b001201 0b001b01 10043 100 2097152 6217515 77761 48204 9330
0b001701 0b001001 10305 100 2097152 5900329 397397 44264 10295
0b001601 0b001f01 10043 100 2097152 6241058 61621 48204 11254
0b000b01 0b000401 10039 100 2097152 5609777 705136 180639 13595
0b001801 0b001101 10044 100 2097152 6278359 48623 48204 8392
0b000f01 0b000001 10037 100 2097152 5496677 832341 180639 11647
0b000b01 0b000401 10038 100 2097152 5566028 776873 180639 13579
0b001b01 0b001c01 10306 100 2097152 6008851 339024 44264 10779
0b001c01 0b001d01 10306 100 2097152 6008283 340941 44264 10780
0b001401 0b001501 10306 100 2097152 6055975 294120 44264 10772
0b000b01 0b000401 10037 100 2097152 5566018 806047 180639 13563
0b001001 0b001101 10306 100 2097152 6057571 316676 44264 9328
0b001801 0b001901 10306 100 2097152 6022685 369466 44264 8856
0b001001 0b001101 10307 100 2097152 6085014 312796 44264 8848
0b001e01 0b001f01 10306 100 2097152 6015455 383352 44264 8382
0b001901 0b001a01 10306 100 2097152 6057316 343790 44264 9337
0b001c01 0b001d01 10307 100 2097152 6073563 333456 44264 11260
0b001401 0b001501 10307 100 2097152 6123063 292483 44264 11252
0b001d01 0b001e01 10306 100 2097152 6090732 331050 44264 9837
0b001a01 0b001b01 10306 100 2097152 6074674 349057 44264 9818
0b001201 0b001301 10306 100 2097152 6109164 314681 44264 8866
0b001901 0b001a01 10307 100 2097152 6087659 338550 44264 10313
0b001501 0b001601 10306 100 2097152 6019392 407074 44264 8389
0b001c01 0b001d01 10308 100 2097152 6120054 322078 44264 11276
0b001f01 0b001801 10307 100 2097152 6153503 289755 44264 8863
0b001d01 0b001601 10044 100 2097152 6352234 91267 48204 10797
0b001501 0b001e01 10044 100 2097152 6353105 91278 48204 10789
0b001801 0b001901 10307 100 2097152 6084769 362607 44264 9336
0b001601 0b001701 10307 100 2097152 6166878 282519 44264 9350
0b001b01 0b001c01 10307 100 2097152 6112190 338870 44264 10299
0b001a01 0b001301 10044 100 2097152 6404116 60454 48204 9354
0b001001 0b001101 10308 100 2097152 6175646 289749 44264 11264
0b001a01 0b001b01 10307 100 2097152 6120395 349893 44264 10298
0b001901 0b001a01 10308 100 2097152 6144612 327142 44264 8393
0b001801 0b001901 10308 100 2097152 6110378 362717 44264 9352
0b001201 0b001301 10307 100 2097152 6154835 318599 44264 7906
0b001701 0b001001 10306 100 2097152 6058214 417432 44264 8855
0b001b01 0b001401 10044 100 2097152 6426741 50219 48204 9835
0b001501 0b001601 10307 100 2097152 6072636 407180 44264 9829
0b001301 0b001401 10306 100 2097152 6091908 388280 44264 10771
0b001f01 0b001801 10308 100 2097152 6182218 298309 44264 8879
0b001901 0b001201 10044 100 2097152 6395161 88577 48204 8873
0b001101 0b001a01 10044 100 2097152 6400820 88588 48204 8865
0b001401 0b001501 10308 100 2097152 6191959 302682 44264 8868
0b001001 0b001101 10309 100 2097152 6204626 292696 44264 10784
0b001e01 0b001f01 10307 100 2097152 6112811 385242 44264 8878
0b001301 0b001401 10307 100 2097152 6104691 393758 44264 8387
0b001d01 0b001e01 10307 100 2097152 6149147 349684 44264 11261
0b001701 0b001001 10307 100 2097152 6078983 420049 44264 8375
0b001c01 0b001501 10044 100 2097152 6454070 49046 48204 10316
0b001401 0b001501 10309 100 2097152 6197240 306910 44264 9348
0b001201 0b001301 10308 100 2097152 6180941 325867 44264 8386
0b001b01 0b001c01 10308 100 2097152 6169729 343971 44264 8395
0b001b01 0b001c01 10309 100 2097152 6171711 343727 44264 8875
0b001201 0b001301 10309 100 2097152 6190582 325863 44264 10786
0b001f01 0b001801 10309 100 2097152 6210062 306726 44264 9839
0b001101 0b001201 10306 100 2097152 6065393 453023 44264 7905
0b001101 0b001201 10307 100 2097152 6067369 453468 44264 8385
0b001701 0b001001 10308 100 2097152 6100082 421303 44264 10791
0b001801 0b001901 10309 100 2097152 6169479 353807 44264 11272
0b001d01 0b001e01 10308 100 2097152 6168888 356168 44264 10317
0b001e01 0b001f01 10308 100 2097152 6143987 381862 44264 7902
0b001601 0b001701 10308 100 2097152 6205366 321036 44264 8870
0b001401 0b001501 10310 100 2097152 6214893 313898 44264 8388
0b001a01 0b001b01 10308 100 2097152 6172888 356651 44264 10794
0b001d01 0b001e01 10309 100 2097152 6176143 356152 44264 8397
0b001c01 0b001d01 10309 100 2097152 6221826 311465 44264 7916
0b001a01 0b001b01 10309 100 2097152 6177663 358213 44264 11274
0b001001 0b001101 10310 100 2097152 6242013 294764 44264 9824
0b001801 0b001901 10310 100 2097152 6190803 349116 44264 9832
0b001f01 0b001801 10310 100 2097152 6228740 311681 44264 10799
0b001f01 0b001801 10311 100 2097152 6229731 311681 44264 9359
0b001501 0b001601 10308 100 2097152 6137435 405139 44264 11253
0b001b01 0b001c01 10310 100 2097152 6214206 330435 44264 10795
0b001d01 0b001e01 10310 100 2097152 6188023 356795 44264 7901
0b001901 0b001a01 10309 100 2097152 6210833 335734 44264 7913
0b001001 0b001101 10311 100 2097152 6254953 293155 44264 7904
0b001b01 0b001c01 10311 100 2097152 6221599 328191 44264 7915
0b001301 0b001401 10308 100 2097152 6141476 408418 44264 11267
0b001b01 0b001c01 10312 100 2097152 6221996 328015 44264 11275
0b001001 0b001901 10044 100 2097152 6502042 48866 48204 8384
0b001901 0b001a01 10310 100 2097152 6214508 336988 44264 9817
0b001e01 0b001701 10044 100 2097152 6501841 49706 48204 11278
0b001701 0b001001 10309 100 2097152 6131763 420141 44264 10311
0b001801 0b001901 10311 100 2097152 6208095 344329 44264 10312
0b001001 0b001101 10312 100 2097152 6266324 289554 44264 9344
0b001201 0b001301 10310 100 2097152 6224776 331146 44264 9810
0b001d01 0b001e01 10311 100 2097152 6200828 355607 44264 8877
0b001f01 0b001801 10312 100 2097152 6253096 303893 44264 10319
0b001201 0b001301 10311 100 2097152 6225877 331234 44264 11266
0b001a01 0b001b01 10310 100 2097152 6198652 359608 44264 8394
0b001901 0b001a01 10311 100 2097152 6221262 338049 44264 10793
0b001501 0b001601 10309 100 2097152 6154636 405099 44264 10309
0b001501 0b001601 10310 100 2097152 6160317 404171 44264 7893
0b001301 0b001401 10309 100 2097152 6152961 411638 44264 8867
0b001e01 0b001f01 10309 100 2097152 6180432 384877 44264 9838
0b001e01 0b001f01 10310 100 2097152 6182918 385493 44264 9358
0b001801 0b001901 10312 100 2097152 6227988 341799 44264 10792
0b001401 0b001501 10311 100 2097152 6249282 320944 44264 9828
0b001601 0b001701 10309 100 2097152 6227543 344016 44264 9830
0b001401 0b001501 10312 100 2097152 6250890 321185 44264 11268
0b001c01 0b001d01 10310 100 2097152 6246163 327533 44264 8396
0b001301 0b001401 10310 100 2097152 6162140 412580 44264 10291
0b001001 0b001101 10313 100 2097152 6300736 274855 44264 10304
0b001d01 0b001e01 10312 100 2097152 6226991 351075 44264 9357
0b001f01 0b001001 10044 100 2097152 6528859 50710 48204 7919
0b001701 0b001001 10310 100 2097152 6163334 416779 44264 9831
0b001401 0b001501 10313 100 2097152 6264178 319254 44264 7908
0b001501 0b001601 10311 100 2097152 6185288 399123 44264 8869
0b001e01 0b001f01 10311 100 2097152 6199050 385998 44264 8398
0b001f01 0b001801 10313 100 2097152 6305689 284137 44264 11279
0b001201 0b001301 10312 100 2097152 6267264 322958 44264 10290
0b001201 0b001301 10313 100 2097152 6267274 322949 44264 10306
0b001301 0b001401 10311 100 2097152 6179770 410799 44264 9347
0b001501 0b001601 10312 100 2097152 6193653 397293 44264 9349
0b001601 0b001701 10310 100 2097152 6238262 352865 44264 10310
0b001901 0b001a01 10312 100 2097152 6244742 346540 44264 9833
0b001e01 0b001f01 10312 100 2097152 6207459 385135 44264 10318
0b001a01 0b001b01 10311 100 2097152 6224779 367853 44264 7914
0b001b01 0b001c01 10313 100 2097152 6298286 295096 44264 9355
0b001601 0b001701 10311 100 2097152 6239957 354141 44264 7894
0b001601 0b001f01 10044 100 2097152 6545584 50504 48204 11270
0b001701 0b001001 10311 100 2097152 6184889 414065 44264 11271
0b001601 0b001701 10312 100 2097152 6243432 355836 44264 10790
0b001101 0b001201 10308 100 2097152 6133229 466232 44264 10305
0b001601 0b001701 10313 100 2097152 6244050 355923 44264 8390
0b001a01 0b001b01 10312 100 2097152 6230940 370581 44264 10314
0b001c01 0b001d01 10311 100 2097152 6264776 338713 44264 9356
0b001d01 0b001e01 10313 100 2097152 6264220 340492 44264 7917
0b001901 0b001a01 10313 100 2097152 6257084 348279 44264 11273
0b001301 0b001c01 10044 100 2097152 6558932 49485 48204 9827
0b001301 0b001401 10312 100 2097152 6205687 410623 44264 7907
0b001e01 0b001f01 10313 100 2097152 6234549 382471 44264 10798
0b001c01 0b001d01 10312 100 2097152 6274457 344191 44264 8876
0b001501 0b001601 10313 100 2097152 6231128 387956 44264 7909
0b001801 0b001901 10313 100 2097152 6281467 340949 44264 7912
0b001701 0b001001 10312 100 2097152 6209720 414038 44264 8871
0b001401 0b001d01 10044 100 2097152 6577730 49409 48204 10308
0b001101 0b001201 10309 100 2097152 6156307 471204 44264 11265
0b001a01 0b001b01 10313 100 2097152 6258074 377442 44264 8874
0b001c01 0b001d01 10313 100 2097152 6294710 350075 44264 9836
0b001101 0b001201 10310 100 2097152 6172632 472568 44264 10785
0b001701 0b001801 10044 100 2097152 6597108 48108 48204 7911
0b001301 0b001401 10313 100 2097152 6240439 409949 44264 10787
0b001101 0b001201 10311 100 2097152 6178556 472211 44264 9329
0b001701 0b001001 10313 100 2097152 6241858 411226 44264 9351
0b001101 0b001201 10312 100 2097152 6181570 471618 44264 9809
0b001701 0b001001 10314 100 2097152 6270550 406119 44264 8391
0b001f01 0b001801 10314 100 2097152 6401817 290010 44264 8399
0b001c01 0b001d01 10314 100 2097152 6350885 350397 44264 10796
0b001201 0b001b01 10044 100 2097152 6653777 48108 48204 9346
0b001101 0b001201 10313 100 2097152 6254378 461577 44264 9825
0b001d01 0b001e01 10314 100 2097152 6410029 323837 44264 11277
0b001201 0b001301 10314 100 2097152 6486748 263528 44264 8882
0b001001 0b001101 10314 100 2097152 6478656 272517 44264 8864
0b001d01 0b001601 10045 100 2097152 6704292 48796 48204 10813
0b001001 0b001901 10045 100 2097152 6679679 77012 48204 8400
0b001b01 0b001c01 10314 100 2097152 6473298 288680 44264 10315
0b001d01 0b001e01 10315 100 2097152 6445142 318293 44264 11293
0b001801 0b001101 10045 100 2097152 6694837 77571 48204 8408
0b001201 0b001301 10315 100 2097152 6521426 267197 44264 7922
0b001f01 0b001801 10315 100 2097152 6501063 288380 44264 8895
0b001201 0b001301 10316 100 2097152 6523847 267153 44264 8402
0b001801 0b001901 10314 100 2097152 6446268 345073 44264 8872
0b001101 0b001201 10314 100 2097152 6329992 461515 44264 8401
0b001e01 0b001701 10045 100 2097152 6736876 63683 48204 11294
0b001501 0b001601 10314 100 2097152 6418556 385857 44264 11269
0b001a01 0b001b01 10314 100 2097152 6429219 378250 44264 10330
0b001101 0b001a01 10045 100 2097152 6754183 53415 48204 8881
0b001e01 0b001f01 10314 100 2097152 6424792 384429 44264 9854
0b001401 0b001501 10314 100 2097152 6479970 330362 44264 9844
0b001001 0b001101 10315 100 2097152 6524395 286531 44264 10800
0b001601 0b001701 10314 100 2097152 6429476 382058 44264 8406
0b001c01 0b001501 10045 100 2097152 6764988 48108 48204 10332
0b001901 0b001a01 10314 100 2097152 6450386 363106 44264 9353
0b001401 0b001501 10315 100 2097152 6483198 330390 44264 10788
0b001701 0b001001 10315 100 2097152 6452407 365793 44264 9367
0b001401 0b001501 10316 100 2097152 6501459 326650 44264 8404
0b001601 0b001701 10315 100 2097152 6446511 382096 44264 10806
0b001e01 0b001f01 10315 100 2097152 6447393 381699 44264 10814
0b001d01 0b001e01 10316 100 2097152 6536301 293024 44264 7933
0b001b01 0b001c01 10315 100 2097152 6532549 298381 44264 10811
0b001801 0b001901 10315 100 2097152 6483537 352135 44264 8888
0b001101 0b001201 10315 100 2097152 6377257 458563 44264 9345
0b001b01 0b001c01 10316 100 2097152 6538886 299437 44264 11291
0b001901 0b001a01 10315 100 2097152 6476105 367664 44264 9369
0b001e01 0b001701 10046 100 2097152 6766445 81759 48204 11310
0b001001 0b001101 10316 100 2097152 6554914 296475 44264 10320
0b001a01 0b001b01 10315 100 2097152 6474764 378540 44264 8410
0b001301 0b001401 10314 100 2097152 6426855 428565 44264 8883
0b001601 0b001701 10316 100 2097152 6482826 377198 44264 9846
0b001901 0b001201 10045 100 2097152 6794381 66120 48204 8889
0b001d01 0b001e01 10317 100 2097152 6576706 288700 44264 8413
0b001b01 0b001c01 10317 100 2097152 6561270 305922 44264 8411
0b001a01 0b001b01 10316 100 2097152 6492418 376287 44264 8890
0b001401 0b001501 10317 100 2097152 6552904 316416 44264 11284
0b001801 0b001901 10316 100 2097152 6519798 352065 44264 9848
0b001601 0b001f01 10045 100 2097152 6807453 68108 48204 11286
0b001401 0b001501 10318 100 2097152 6567609 312162 44264 8884
0b001501 0b001e01 10045 100 2097152 6816598 64330 48204 10805
0b001c01 0b001d01 10315 100 2097152 6516710 367211 44264 8412
0b001c01 0b001d01 10316 100 2097152 6518448 367652 44264 8892
0b001201 0b001301 10317 100 2097152 6602471 284129 44264 10322
0b001d01 0b001e01 10318 100 2097152 6606499 283711 44264 9373
0b001801 0b001901 10317 100 2097152 6543431 348893 44264 10808
0b001801 0b001901 10318 100 2097152 6544422 348563 44264 9368
0b001f01 0b001801 10316 100 2097152 6568319 325236 44264 9855
0b001a01 0b001301 10045 100 2097152 6816532 77853 48204 9370
0b001001 0b001101 10317 100 2097152 6582579 313691 44264 7920
0b001001 0b001101 10318 100 2097152 6583123 313808 44264 9840
0b001901 0b001a01 10316 100 2097152 6526296 370660 44264 11289
0b001401 0b001501 10319 100 2097152 6593579 304409 44264 9364
0b001f01 0b001801 10317 100 2097152 6571421 328295 44264 9375
0b001e01 0b001f01 10316 100 2097152 6528066 372623 44264 10334
0b001301 0b001401 10315 100 2097152 6467580 434397 44264 9363
0b001801 0b001901 10319 100 2097152 6559999 342455 44264 10328
0b001501 0b001601 10315 100 2097152 6497651 405766 44264 8885
0b001701 0b001001 10316 100 2097152 6529412 375719 44264 8887
0b001d01 0b001e01 10319 100 2097152 6621658 283754 44264 8893
0b001e01 0b001f01 10317 100 2097152 6535305 373551 44264 8414
0b001d01 0b001e01 10320 100 2097152 6630149 280896 44264 10333
0b001a01 0b001b01 10317 100 2097152 6549577 361945 44264 7930
0b001301 0b001401 10316 100 2097152 6476444 435456 44264 7923
0b001401 0b001501 10320 100 2097152 6619320 293307 44264 7924
0b001001 0b001101 10319 100 2097152 6601964 310944 44264 11280
0b001a01 0b001b01 10318 100 2097152 6554506 360713 44264 9834
0b001b01 0b001c01 10318 100 2097152 6595642 319875 44264 7931
0b001501 0b001601 10316 100 2097152 6506126 409968 44264 10325
0b001901 0b001a01 10317 100 2097152 6542929 373766 44264 9849
0b001c01 0b001d01 10317 100 2097152 6547651 369803 44264 10812
0b001501 0b001601 10317 100 2097152 6507160 410519 44264 9365
0b001601 0b001701 10317 100 2097152 6562745 355306 44264 10326
0b001d01 0b001e01 10321 100 2097152 6647795 270845 44264 9853
0b001101 0b001201 10316 100 2097152 6468405 451077 44264 11281
0b001a01 0b001b01 10319 100 2097152 6562321 357523 44264 10810
0b001901 0b001201 10046 100 2097152 6838682 82287 48204 8905
0b001601 0b001701 10318 100 2097152 6567498 354162 44264 7910
0b001e01 0b001f01 10318 100 2097152 6547828 374347 44264 7918
0b001c01 0b001d01 10318 100 2097152 6552800 369561 44264 7932
0b001c01 0b001d01 10319 100 2097152 6553021 369495 44264 11292
0b001801 0b001901 10320 100 2097152 6592836 332125 44264 11288
0b001f01 0b001801 10318 100 2097152 6588058 339326 44264 8415
0b001b01 0b001c01 10319 100 2097152 6604531 324170 44264 10331
0b001901 0b001a01 10318 100 2097152 6553918 375168 44264 8409
0b001001 0b001101 10320 100 2097152 6626768 302685 44264 8880
0b001201 0b001301 10318 100 2097152 6630521 300040 44264 11282
0b001901 0b001a01 10319 100 2097152 6555434 375435 44264 10329
0b001401 0b001501 10321 100 2097152 6653398 277710 44264 10804
0b001e01 0b001f01 10319 100 2097152 6559445 374391 44264 8894
0b001601 0b001701 10319 100 2097152 6587421 349332 44264 8886
0b001701 0b001001 10317 100 2097152 6554557 384050 44264 11287
0b001f01 0b001801 10319 100 2097152 6595604 343819 44264 10335
0b001a01 0b001b01 10320 100 2097152 6594292 345427 44264 9850
0b001601 0b001701 10320 100 2097152 6593956 347022 44264 9366
0b001001 0b001101 10321 100 2097152 6656094 286013 44264 9360
0b001f01 0b001801 10320 100 2097152 6599098 344902 44264 11295
0b001501 0b001601 10318 100 2097152 6531801 412987 44264 8405
0b001301 0b001401 10317 100 2097152 6509818 437682 44264 8403
0b001901 0b001a01 10320 100 2097152 6572797 374969 44264 10809
0b001201 0b001b01 10045 100 2097152 6838860 110757 48204 9362
0b001a01 0b001b01 10321 100 2097152 6608373 341251 44264 11290
0b001c01 0b001d01 10320 100 2097152 6596392 353717 44264 9372
0b001101 0b001201 10317 100 2097152 6500332 451675 44264 10801
0b001e01 0b001f01 10320 100 2097152 6581076 372957 44264 9374
0b001201 0b001301 10319 100 2097152 6648210 307194 44264 10802
0b001301 0b001401 10318 100 2097152 6519455 437489 44264 10803
0b001c01 0b001d01 10321 100 2097152 6611427 346603 44264 9852
0b001801 0b001901 10321 100 2097152 6648226 311266 44264 7928
0b001601 0b001701 10321 100 2097152 6622094 340471 44264 7926
0b001a01 0b001301 10046 100 2097152 6846779 116935 48204 9386
0b001201 0b001301 10320 100 2097152 6656198 308468 44264 9826
0b001f01 0b001801 10321 100 2097152 6620030 345997 44264 10815
0b001701 0b001001 10318 100 2097152 6574569 393263 44264 9847
0b001b01 0b001c01 10320 100 2097152 6638526 334206 44264 8891
0b001e01 0b001f01 10321 100 2097152 6607722 371304 44264 7934
0b001101 0b001a01 10046 100 2097152 6932463 50186 48204 8897
0b001501 0b001601 10319 100 2097152 6573236 414914 44264 9845
0b001801 0b001101 10046 100 2097152 6930394 58989 48204 8424
0b001501 0b001601 10320 100 2097152 6575085 414848 44264 11285
0b001101 0b001201 10318 100 2097152 6539787 451909 44264 9841
0b001701 0b001001 10319 100 2097152 6594137 399832 44264 10327
0b001301 0b001401 10319 100 2097152 6560121 437506 44264 11283
0b001901 0b001a01 10321 100 2097152 6625426 373737 44264 7929
0b001501 0b001601 10321 100 2097152 6586442 412820 44264 7925
0b001d01 0b001601 10046 100 2097152 6920464 79893 48204 10829
0b001b01 0b001401 10045 100 2097152 6918229 83755 48204 9851
0b001101 0b001201 10319 100 2097152 6551118 451887 44264 7921
0b001701 0b001001 10320 100 2097152 6602278 401152 44264 10807
0b001701 0b001001 10321 100 2097152 6602983 401261 44264 8407
0b001101 0b001201 10320 100 2097152 6558888 450498 44264 9361
0b001501 0b001e01 10046 100 2097152 6934118 80484 48204 10821
0b001c01 0b001501 10046 100 2097152 6931711 85391 48204 10348
0b001101 0b001201 10321 100 2097152 6578601 444448 44264 10321
0b001201 0b001301 10321 100 2097152 6718965 305845 44264 9842
0b001001 0b001101 10322 100 2097152 6821210 210015 44264 9376
0b001301 0b001401 10320 100 2097152 6593232 439380 44264 10307
0b001301 0b001401 10321 100 2097152 6593242 439392 44264 10323
0b001b01 0b001401 10046 100 2097152 6942729 97137 48204 9867
0b001b01 0b001c01 10321 100 2097152 6704895 343694 44264 9371
0b001701 0b001801 10045 100 2097152 6924700 126933 48204 7927
0b001f01 0b001001 10045 100 2097152 6925215 129471 48204 7935
0b001801 0b001901 10322 100 2097152 6792453 275108 44264 8904
0b001001 0b001901 10046 100 2097152 7007254 63275 48204 8416
0b001601 0b001f01 10046 100 2097152 6992943 78838 48204 11302
0b001201 0b001b01 10046 100 2097152 7012396 62859 48204 9378
0b001601 0b001701 10322 100 2097152 6756098 319340 44264 10822
0b001401 0b001501 10322 100 2097152 6858430 227645 44264 8900
0b000701 0b000001 10210 100 2097152 3485837 3603062 176699 12007
0b000301 0b000401 10210 100 2097152 3475290 3615390 176699 11523
0b000701 0b000001 10211 100 2097152 3485837 3605354 176699 12487
0b000301 0b000401 10211 100 2097152 3475290 3616002 176699 12003
0b000301 0b000401 10212 100 2097152 3475290 3616018 176699 12483
0b000701 0b000001 10212 100 2097152 3485837 3605622 176699 12967
0b000301 0b000401 10213 100 2097152 3475290 3616546 176699 12963
0b000301 0b000401 10214 100 2097152 3475290 3616562 176699 13923
0b000301 0b000401 10215 100 2097152 3475290 3617090 176699 14403
0b000301 0b000401 10216 100 2097152 3475290 3617106 176699 14883
0b000701 0b000001 10213 100 2097152 3485837 3607494 176699 13447
0b000701 0b000001 10214 100 2097152 3485837 3609390 176699 13927
0b000701 0b000001 10215 100 2097152 3485837 3609482 176699 14407
0b000701 0b000001 10216 100 2097152 3485837 3609926 176699 14887
0b001701 0b001801 10046 100 2097152 6965575 136312 48204 7943
0b001301 0b001c01 10045 100 2097152 6967706 134920 48204 9843
0b001201 0b001301 10322 100 2097152 6794517 314048 44264 8418
0b001c01 0b001d01 10322 100 2097152 6833940 278804 44264 10828
0b001001 0b001101 10323 100 2097152 6908141 206201 44264 8896
0b001f01 0b001001 10046 100 2097152 6982036 132394 48204 7951
0b001301 0b001c01 10046 100 2097152 7027820 88225 48204 9859
0b001c01 0b001d01 10323 100 2097152 6841333 276956 44264 11308
0b001901 0b001201 10047 100 2097152 7070571 48353 48204 8921
0b001d01 0b001e01 10322 100 2097152 6886931 233541 44264 8429
0b001901 0b001a01 10322 100 2097152 6759701 363129 44264 8425
0b001d01 0b001e01 10323 100 2097152 6889110 233761 44264 8909
0b001a01 0b001b01 10322 100 2097152 6810608 325145 44264 8906
0b001c01 0b001d01 10324 100 2097152 6870202 267161 44264 8428
0b001401 0b001d01 10045 100 2097152 7035652 104339 48204 10324
0b001401 0b001d01 10046 100 2097152 7035662 104330 48204 10340
0b001b01 0b001c01 10322 100 2097152 6810479 348598 44264 10347
0b001401 0b001501 10323 100 2097152 6904987 257319 44264 9380
0b001f01 0b001801 10322 100 2097152 6812231 352065 44264 9871
0b001c01 0b001d01 10325 100 2097152 6918527 247331 44264 7948
0b001101 0b001a01 10047 100 2097152 7117352 48636 48204 8913
0b001d01 0b001601 10047 100 2097152 7115784 50436 48204 10845
0b001801 0b001901 10323 100 2097152 6896565 270221 44264 9864
0b001001 0b001101 10324 100 2097152 6941617 227000 44264 11296
0b001801 0b001901 10324 100 2097152 6902726 272707 44264 9384
0b001401 0b001501 10324 100 2097152 6914910 263765 44264 7940
0b001f01 0b001801 10323 100 2097152 6832102 352061 44264 10831
0b001301 0b001401 10322 100 2097152 6753286 440130 44264 8899
0b001201 0b001301 10323 100 2097152 6863511 335210 44264 8898
0b001d01 0b001e01 10324 100 2097152 6925371 274531 44264 7949
0b001d01 0b001e01 10325 100 2097152 6925526 274729 44264 11309
0b001101 0b001201 10322 100 2097152 6775418 432400 44264 8417
0b001c01 0b001d01 10326 100 2097152 6975742 234733 44264 8908
0b001b01 0b001c01 10323 100 2097152 6856314 355740 44264 8427
0b001001 0b001101 10325 100 2097152 6970842 246286 44264 9856
0b001f01 0b001801 10324 100 2097152 6878571 340441 44264 11311
0b001e01 0b001f01 10322 100 2097152 6832335 389566 44264 7950
0b001c01 0b001501 10047 100 2097152 7162087 62378 48204 10364
0b001601 0b001701 10323 100 2097152 6906427 319800 44264 8902
0b001b01 0b001c01 10324 100 2097152 6871715 356510 44264 8907
0b001301 0b001401 10323 100 2097152 6791633 439144 44264 7939
0b001301 0b001401 10324 100 2097152 6794010 438549 44264 8419
0b001701 0b001001 10322 100 2097152 6803569 429594 44264 11303
0b001f01 0b001801 10325 100 2097152 6903699 330388 44264 10351
0b001901 0b001a01 10323 100 2097152 6874873 361178 44264 9865
0b001801 0b001901 10325 100 2097152 6942433 294767 44264 10344
0b001f01 0b001801 10326 100 2097152 6911866 326270 44264 8431
0b001601 0b001701 10324 100 2097152 6919104 320060 44264 10342
0b001401 0b001501 10325 100 2097152 6950510 288921 44264 8420
0b001601 0b001701 10325 100 2097152 6920689 319796 44264 9382
0b001801 0b001901 10326 100 2097152 6947010 297368 44264 11304
0b001001 0b001101 10326 100 2097152 6996979 248028 44264 10336
0b001701 0b001001 10323 100 2097152 6814544 431476 44264 8423
0b001f01 0b001801 10327 100 2097152 6936846 310069 44264 8911
0b001a01 0b001b01 10323 100 2097152 6899966 347288 44264 11306
0b001e01 0b001701 10047 100 2097152 7203265 49012 48204 11326
0b001f01 0b001801 10328 100 2097152 6957043 295329 44264 9391
0b001001 0b001101 10327 100 2097152 7006440 246161 44264 10816
0b001101 0b001201 10323 100 2097152 6813936 438951 44264 10817
0b001d01 0b001e01 10326 100 2097152 6953119 300469 44264 9389
0b001501 0b001601 10322 100 2097152 6813342 440764 44264 9861
0b001401 0b001501 10326 100 2097152 6959954 295977 44264 10820
0b001501 0b001601 10323 100 2097152 6816106 441965 44264 10341
0b001901 0b001a01 10324 100 2097152 6895334 364597 44264 10825
0b001901 0b001a01 10325 100 2097152 6895995 364552 44264 9385
0b001601 0b001701 10326 100 2097152 6947798 315840 44264 8422
0b001d01 0b001e01 10327 100 2097152 6961040 303637 44264 9869
0b001b01 0b001c01 10325 100 2097152 6914532 352814 44264 7947
0b001701 0b001001 10324 100 2097152 6831617 436606 44264 10823
0b001901 0b001a01 10326 100 2097152 6905464 363356 44264 10345
0b001f01 0b001801 10329 100 2097152 7074791 194236 44264 11327
0b001201 0b001301 10324 100 2097152 6922492 350488 44264 11298
0b001b01 0b001c01 10326 100 2097152 6922854 351489 44264 10827
0b001201 0b001301 10325 100 2097152 6924009 350732 44264 8914
0b000401 0b000d01 10031 100 2097152 7094862 180408 180639 13940
0b001e01 0b001f01 10323 100 2097152 6868416 407285 44264 8430
0b001501 0b001601 10324 100 2097152 6831119 445366 44264 8421
0b001a01 0b001b01 10324 100 2097152 6919705 358010 44264 9866
0b001801 0b001901 10327 100 2097152 6969037 309382 44264 10824
0b000001 0b000901 10031 100 2097152 7091909 187549 180639 12016
0b001c01 0b001d01 10327 100 2097152 7051599 229513 44264 9388
0b001001 0b001101 10328 100 2097152 7057696 226414 44264 7936
0b001901 0b001a01 10327 100 2097152 6927971 358499 44264 11305
0b001701 0b001001 10325 100 2097152 6851244 440938 44264 11319
0b001b01 0b001c01 10327 100 2097152 6952627 342511 44264 9387
0b001b01 0b001c01 10328 100 2097152 6952634 342526 44264 11307
0b001e01 0b001f01 10324 100 2097152 6883938 413302 44264 10830
0b001301 0b001401 10325 100 2097152 6889610 411445 44264 10339
0b001a01 0b001b01 10325 100 2097152 6932096 371519 44264 8426
0b001701 0b001001 10326 100 2097152 6863034 440809 44264 9863
0b001401 0b001501 10327 100 2097152 7000637 304139 44264 11300
0b001201 0b001301 10326 100 2097152 6955017 349909 44264 10818
0b001f01 0b001001 10047 100 2097152 7224911 81560 48204 7967
0b001101 0b001201 10324 100 2097152 6854399 452085 44264 10337
0b001301 0b001401 10326 100 2097152 6897395 409297 44264 9379
0b001a01 0b001b01 10326 100 2097152 6933879 372817 44264 10346
0b001501 0b001e01 10047 100 2097152 7258941 48292 48204 10837
0b001e01 0b001f01 10325 100 2097152 6893220 414141 44264 9390
0b001401 0b001501 10328 100 2097152 7004994 303417 44264 9860
0b001a01 0b001301 10047 100 2097152 7263557 49486 48204 9402
0b001901 0b001a01 10328 100 2097152 6962502 355693 44264 7945
0b001601 0b001701 10327 100 2097152 6991160 327109 44264 9862
0b001501 0b001601 10325 100 2097152 6872330 446801 44264 11301
0b000d01 0b000e01 10251 100 2097152 7278280 44164 44264 13965
0b001e01 0b001f01 10326 100 2097152 6908422 414691 44264 8910
0b000901 0b000a01 10251 100 2097152 7282468 44164 44264 12041
0b001001 0b001101 10329 100 2097152 7117440 209447 44264 7952
0b001e01 0b001f01 10327 100 2097152 6914055 414801 44264 10350
0b001601 0b001701 10328 100 2097152 7002272 327094 44264 7942
0b001501 0b001601 10326 100 2097152 6882781 446757 44264 8901
0b001601 0b001701 10329 100 2097152 7003367 326770 44264 10838
0b001b01 0b001401 10047 100 2097152 7280725 50224 48204 9883
0b001a01 0b001b01 10327 100 2097152 6950776 381400 44264 10826
0b001e01 0b001f01 10328 100 2097152 6921650 413191 44264 9870
0b001801 0b001101 10047 100 2097152 7241146 93866 48204 8440
0b001401 0b001501 10329 100 2097152 7042876 292222 44264 9876
0b001301 0b001401 10327 100 2097152 6933571 402865 44264 11299
0b001001 0b001901 10047 100 2097152 7249030 92608 48204 8432
0b001501 0b001601 10327 100 2097152 6900998 444362 44264 9381
0b001c01 0b001d01 10328 100 2097152 7105636 241860 44264 9868
0b001201 0b001301 10327 100 2097152 6994706 354115 44264 9858
0b001401 0b001d01 10047 100 2097152 7304065 49239 48204 10356
0b001301 0b001401 10328 100 2097152 6958414 397035 44264 10819
0b001501 0b001601 10328 100 2097152 6915637 441824 44264 7941
0b001701 0b001001 10327 100 2097152 6921061 437488 44264 10343
0b001201 0b001301 10328 100 2097152 7006015 352575 44264 7938
0b001301 0b001401 10329 100 2097152 6966754 394531 44264 9395
0b001c01 0b001d01 10329 100 2097152 7119055 243226 44264 9884
0b001101 0b001201 10325 100 2097152 6899280 467181 44264 7937
0b001101 0b001201 10326 100 2097152 6899941 467313 44264 9857
0b000e01 0b000f01 10250 100 2097152 7325454 44164 44264 13982
0b001201 0b001301 10329 100 2097152 7026059 345718 44264 10338
0b001601 0b001f01 10047 100 2097152 7322141 49722 48204 11318
0b001b01 0b001c01 10329 100 2097152 7078265 294349 44264 9403
0b000a01 0b000b01 10250 100 2097152 7329642 44164 44264 12058
0b001701 0b001001 10328 100 2097152 6939763 435727 44264 8903
0b001701 0b001001 10329 100 2097152 6943988 435088 44264 9383
0b001701 0b001801 10047 100 2097152 7332376 49851 48204 7959
0b001101 0b001201 10327 100 2097152 6915918 467309 44264 11297
0b001a01 0b001b01 10328 100 2097152 6985689 398958 44264 8922
0b001301 0b001c01 10047 100 2097152 7351831 48108 48204 9875
0b001a01 0b001b01 10329 100 2097152 7002173 401307 44264 7946
0b001801 0b001901 10328 100 2097152 7054643 354406 44264 7944
0b001101 0b001201 10328 100 2097152 6945117 464291 44264 9377
0b001f01 0b001801 10330 100 2097152 7278711 134876 44264 8447
0b001b01 0b001c01 10330 100 2097152 7138763 277640 44264 8923
0b000f01 0b000801 10249 100 2097152 7372628 44164 44264 13999
0b001e01 0b001f01 10329 100 2097152 7017612 401930 44264 10846
0b000b01 0b000c01 10249 100 2097152 7376816 44164 44264 12075
0b001901 0b001a01 10329 100 2097152 7073539 347686 44264 8441
0b001101 0b001201 10329 100 2097152 6992393 455230 44264 8433
0b001201 0b001301 10330 100 2097152 7121934 333500 44264 8930
0b001501 0b001601 10329 100 2097152 7020112 439518 44264 10357
0b001201 0b001b01 10047 100 2097152 7412418 48108 48204 9394
0b000801 0b000901 10251 100 2097152 7419802 44164 44264 14008
0b001801 0b001101 10048 100 2097152 7416597 48108 48204 8456
0b000c01 0b000d01 10251 100 2097152 7423990 44164 44264 12092
0b001601 0b001701 10330 100 2097152 7169230 309640 44264 10854
0b001801 0b001901 10329 100 2097152 7104897 376844 44264 7960
0b001001 0b001101 10330 100 2097152 7236173 247786 44264 11312
0b001101 0b001201 10330 100 2097152 7034235 451673 44264 9393
0b001d01 0b001e01 10328 100 2097152 7121329 366772 44264 11325
0b001301 0b001401 10330 100 2097152 7111575 380860 44264 8435
0b001701 0b001001 10330 100 2097152 7078448 419851 44264 10839
0b001e01 0b001f01 10330 100 2097152 7123482 375529 44264 8446
0b001e01 0b001f01 10331 100 2097152 7125881 374451 44264 8926
0b001401 0b001501 10330 100 2097152 7196426 310707 44264 8916
0b000901 0b000a01 10252 100 2097152 7466976 44164 44264 14025
0b001b01 0b001c01 10331 100 2097152 7250264 262368 44264 11323
0b001901 0b001a01 10330 100 2097152 7169796 345221 44264 9881
0b000d01 0b000e01 10252 100 2097152 7471164 44164 44264 12109
0b001d01 0b001e01 10329 100 2097152 7140403 381578 44264 8445
0b001901 0b001a01 10331 100 2097152 7178443 344142 44264 9401
0b001a01 0b001b01 10330 100 2097152 7125840 398983 44264 8442
0b001d01 0b001e01 10330 100 2097152 7143001 382501 44264 10349
0b001d01 0b001e01 10331 100 2097152 7143011 382513 44264 10365
0b001501 0b001601 10330 100 2097152 7089085 441786 44264 8917
0b001e01 0b001f01 10332 100 2097152 7202912 331379 44264 7966
0b001201 0b001301 10331 100 2097152 7210828 323921 44264 8434
0b001e01 0b001701 10048 100 2097152 7491111 48108 48204 11342
0b001c01 0b001d01 10330 100 2097152 7215064 326354 44264 8444
0b001201 0b001b01 10048 100 2097152 7488918 55462 48204 9410
0b001d01 0b001e01 10332 100 2097152 7168868 376087 44264 7965
0b001801 0b001901 10330 100 2097152 7167306 385894 44264 9880
0b001401 0b001501 10331 100 2097152 7233787 323155 44264 7956
0b000a01 0b000b01 10251 100 2097152 7514150 44164 44264 14042
0b001401 0b001501 10332 100 2097152 7235569 323068 44264 8436
0b001001 0b001101 10331 100 2097152 7271233 289269 44264 10832
0b000e01 0b000f01 10251 100 2097152 7518338 44164 44264 12126
0b001901 0b001a01 10332 100 2097152 7240210 325192 44264 10361
0b001a01 0b001b01 10331 100 2097152 7168998 397894 44264 8938
0b001e01 0b001f01 10333 100 2097152 7256598 311754 44264 9406
0b001201 0b001301 10332 100 2097152 7255897 312645 44264 10834
0b001901 0b001a01 10333 100 2097152 7247388 322767 44264 11321
0b001601 0b001701 10331 100 2097152 7257116 314027 44264 9878
0b001e01 0b001f01 10334 100 2097152 7267687 306759 44264 9886
0b001801 0b001901 10331 100 2097152 7187173 387897 44264 10840
0b001601 0b001701 10332 100 2097152 7261081 314683 44264 10358
0b001d01 0b001e01 10333 100 2097152 7213485 363790 44264 8925
0b001c01 0b001d01 10331 100 2097152 7231235 346637 44264 8924
0b001301 0b001401 10331 100 2097152 7201731 376998 44264 8915
0b001a01 0b001301 10048 100 2097152 7525595 55472 48204 9418
0b001f01 0b001801 10331 100 2097152 7300250 280918 44264 10847
0b001f01 0b001001 10048 100 2097152 7537301 48108 48204 7983
0b001901 0b001a01 10334 100 2097152 7281429 311985 44264 10841
0b001601 0b001701 10333 100 2097152 7279495 314354 44264 8438
0b001e01 0b001f01 10335 100 2097152 7310243 286780 44264 10862
0b001b01 0b001c01 10332 100 2097152 7306625 294500 44264 8443
0b001201 0b001301 10333 100 2097152 7309494 295019 44264 10354
0b000b01 0b000c01 10250 100 2097152 7561324 44164 44264 14059
0b001b01 0b001c01 10333 100 2097152 7309706 297580 44264 10363
0b001501 0b001601 10331 100 2097152 7165316 442674 44264 9397
0b001801 0b001901 10332 100 2097152 7222022 386405 44264 11320
0b000f01 0b000801 10250 100 2097152 7565512 44164 44264 12143
0b001001 0b001101 10332 100 2097152 7295192 316747 44264 11328
0b001801 0b001901 10333 100 2097152 7237097 382551 44264 10360
0b001501 0b001601 10332 100 2097152 7181685 440958 44264 7957
0b001801 0b001901 10334 100 2097152 7249925 378325 44264 8920
0b001801 0b001901 10335 100 2097152 7255382 375597 44264 9400
0b001101 0b001201 10331 100 2097152 7171627 459687 44264 11313
0b001001 0b001101 10333 100 2097152 7306853 325415 44264 9872
0b001f01 0b001801 10332 100 2097152 7310371 324549 44264 9407
0b001001 0b001101 10334 100 2097152 7309481 325956 44264 7968
0b001d01 0b001e01 10334 100 2097152 7284122 351502 44264 9405
0b001801 0b001901 10336 100 2097152 7272037 364557 44264 11336
0b001401 0b001501 10333 100 2097152 7309702 329702 44264 9396
0b001a01 0b001b01 10332 100 2097152 7239061 401276 44264 9882
0b001601 0b001701 10334 100 2097152 7332548 309094 44264 8918
0b001b01 0b001c01 10334 100 2097152 7335186 307679 44264 10843
0b001201 0b001301 10334 100 2097152 7369471 274736 44264 7954
0b001201 0b001301 10335 100 2097152 7370264 274493 44264 9874
0b001c01 0b001d01 10332 100 2097152 7270356 374674 44264 7964
0b001201 0b001301 10336 100 2097152 7386237 266375 44264 11314
0b001901 0b001a01 10335 100 2097152 7344648 310696 44264 8457
0b001c01 0b001d01 10333 100 2097152 7277353 378040 44264 10844
0b001501 0b001601 10333 100 2097152 7227475 430065 44264 10373
0b001601 0b001701 10335 100 2097152 7348370 312132 44264 9398
0b000801 0b000101 10039 100 2097152 7612686 49502 48204 12152
0b001a01 0b001b01 10333 100 2097152 7262941 401139 44264 10842
0b001701 0b001001 10331 100 2097152 7229237 436526 44264 8919
0b001501 0b001601 10334 100 2097152 7242441 425132 44264 8437
0b001401 0b001501 10334 100 2097152 7333959 334598 44264 9892
0b001201 0b001301 10337 100 2097152 7450633 220393 44264 8450
0b001a01 0b001b01 10334 100 2097152 7271830 400171 44264 10362
0b001601 0b001701 10336 100 2097152 7360471 312488 44264 7958
0b001801 0b001901 10337 100 2097152 7385237 288010 44264 7976
0b001401 0b001501 10335 100 2097152 7339446 334523 44264 11316
0b001901 0b001201 10048 100 2097152 7631260 49419 48204 8937
0b001c01 0b001d01 10334 100 2097152 7298148 384174 44264 9404
0b001c01 0b001d01 10335 100 2097152 7298170 384153 44264 11324
0b001701 0b001001 10332 100 2097152 7242174 441898 44264 10359
0b001701 0b001001 10333 100 2097152 7243495 442162 44264 9399
0b001a01 0b001b01 10335 100 2097152 7289480 396250 44264 11322
0b001401 0b001501 10336 100 2097152 7358459 328183 44264 10836
0b001f01 0b001801 10333 100 2097152 7326123 361179 44264 8927
0b001001 0b001101 10335 100 2097152 7361559 326317 44264 10352
0b001301 0b001401 10332 100 2097152 7275990 411946 44264 11315
0b001401 0b001501 10337 100 2097152 7364295 324860 44264 9412
0b001101 0b001201 10332 100 2097152 7220138 469754 44264 9873
0b001301 0b001401 10333 100 2097152 7277751 413046 44264 8931
0b001d01 0b001e01 10335 100 2097152 7350506 340927 44264 9885
0b001d01 0b001e01 10336 100 2097152 7356314 340223 44264 10381
0b001701 0b001001 10334 100 2097152 7255287 442955 44264 11335
0b001f01 0b001801 10334 100 2097152 7331866 368307 44264 10367
0b001d01 0b001e01 10337 100 2097152 7365291 337187 44264 9901
0b000c01 0b000501 10039 100 2097152 7608498 98952 48204 14076
0b001a01 0b001b01 10336 100 2097152 7321205 386856 44264 7962
0b001001 0b001101 10336 100 2097152 7378500 329840 44264 8912
0b001701 0b001001 10335 100 2097152 7266648 441935 44264 8439
0b000101 0b000201 10226 100 2097152 7665198 44344 44264 12161
0b001f01 0b001801 10335 100 2097152 7337851 372003 44264 9887
0b001b01 0b001c01 10335 100 2097152 7387657 322414 44264 8939
0b001001 0b001101 10337 100 2097152 7382086 329934 44264 9392
0b001c01 0b001501 10048 100 2097152 7610296 101924 48204 10380
0b001d01 0b001601 10048 100 2097152 7658403 63882 48204 10861
0b001501 0b001601 10335 100 2097152 7307786 416015 44264 11317
0b001101 0b001201 10333 100 2097152 7248017 476006 44264 10353
0b001701 0b001801 10048 100 2097152 7675969 48390 48204 7975
0b001501 0b001601 10336 100 2097152 7311421 415702 44264 9877
0b001301 0b001401 10334 100 2097152 7307936 424310 44264 10835
0b001101 0b001201 10334 100 2097152 7255611 477125 44264 10833
0b001b01 0b001401 10048 100 2097152 7643347 92451 48204 9899
0b001b01 0b001c01 10336 100 2097152 7406490 331587 44264 7963
0b001301 0b001c01 10048 100 2097152 7647767 90362 48204 9891
0b001901 0b001a01 10336 100 2097152 7412059 327330 44264 7961
0b001201 0b001301 10338 100 2097152 7634324 107820 44264 11330
0b001301 0b001401 10335 100 2097152 7316053 427330 44264 9411
0b001501 0b001601 10337 100 2097152 7338108 410973 44264 9893
0b001f01 0b001801 10336 100 2097152 7374873 378123 44264 11343
0b001c01 0b001d01 10336 100 2097152 7375624 377834 44264 9420
0b001501 0b001e01 10048 100 2097152 7689652 64039 48204 10853
0b000501 0b000601 10226 100 2097152 7710460 44262 44264 14085
0b000201 0b000301 10241 100 2097152 7712552 44680 44264 12178
0b001701 0b001001 10336 100 2097152 7321279 436013 44264 9879
0b001401 0b001501 10338 100 2097152 7495445 264959 44264 8452
0b001101 0b001a01 10048 100 2097152 7711350 50077 48204 8929
0b001001 0b001901 10048 100 2097152 7711593 50253 48204 8448
0b001801 0b001901 10338 100 2097152 7584178 178450 44264 10856
0b001101 0b001201 10335 100 2097152 7287120 477098 44264 7953
0b001701 0b001001 10337 100 2097152 7333147 433671 44264 10855
0b001601 0b001701 10337 100 2097152 7462640 311311 44264 10374
0b001601 0b001f01 10048 100 2097152 7726811 49235 48204 11334
0b001c01 0b001d01 10337 100 2097152 7402949 381838 44264 9900
0b001a01 0b001b01 10337 100 2097152 7424235 367233 44264 8458
0b001f01 0b001801 10337 100 2097152 7422552 375215 44264 10863
0b001c01 0b001d01 10338 100 2097152 7419413 379697 44264 8940
0b001101 0b001201 10336 100 2097152 7329897 471722 44264 7969
0b000601 0b000701 10241 100 2097152 7757732 44675 44264 14102
0b001301 0b001401 10336 100 2097152 7361600 442592 44264 7955
0b001101 0b001201 10337 100 2097152 7338022 469736 44264 8449
0b001b01 0b001c01 10337 100 2097152 7463536 351019 44264 9419
0b001d01 0b001e01 10338 100 2097152 7544428 270308 44264 8461
0b001001 0b001101 10338 100 2097152 7501309 314868 44264 10848
0b001301 0b001401 10337 100 2097152 7374787 448106 44264 10355
0b001801 0b001901 10339 100 2097152 7637930 191694 44264 9416
0b001401 0b001501 10339 100 2097152 7581739 252242 44264 8932
0b001901 0b001a01 10337 100 2097152 7484751 350545 44264 7977
0b001601 0b001701 10338 100 2097152 7533881 319271 44264 8934
0b001e01 0b001f01 10336 100 2097152 7524991 331809 44264 8462
0b001d01 0b001e01 10339 100 2097152 7580882 277283 44264 8941
0b001e01 0b001f01 10337 100 2097152 7528512 335597 44264 10366
0b001e01 0b001f01 10338 100 2097152 7528534 335576 44264 10382
0b001f01 0b001801 10338 100 2097152 7502021 364840 44264 8463
0b001f01 0b001801 10339 100 2097152 7503342 364796 44264 8943
0b001c01 0b001d01 10339 100 2097152 7515642 355214 44264 11340
0b001401 0b001d01 10048 100 2097152 7825903 48108 48204 10372
0b001a01 0b001b01 10338 100 2097152 7518027 360544 44264 9898
0b001b01 0b001c01 10338 100 2097152 7527833 363111 44264 8459
0b001e01 0b001f01 10339 100 2097152 7547965 344085 44264 7982
0b001201 0b001301 10339 100 2097152 7683689 210708 44264 8946
0b001001 0b001101 10339 100 2097152 7588419 307531 44264 7984
0b001701 0b001001 10338 100 2097152 7481880 427375 44264 10871
0b001b01 0b001c01 10339 100 2097152 7547390 363113 44264 9435
0b001801 0b001101 10049 100 2097152 7869871 49101 48204 8472
0b001301 0b001401 10338 100 2097152 7458444 460880 44264 8947
0b001f01 0b001801 10340 100 2097152 7571362 349603 44264 9423
0b001201 0b001301 10340 100 2097152 7692902 229084 44264 9890
0b001a01 0b001b01 10339 100 2097152 7568412 353742 44264 10378
0b001f01 0b001801 10341 100 2097152 7577456 347206 44264 9903
0b001a01 0b001b01 10340 100 2097152 7573165 352554 44264 11338
0b001101 0b001201 10338 100 2097152 7467715 459468 44264 8465
0b001b01 0b001c01 10340 100 2097152 7569902 357879 44264 8955
0b001b01 0b001401 10049 100 2097152 7881581 48717 48204 9915
0b001501 0b001601 10338 100 2097152 7510143 422647 44264 8933
0b001e01 0b001f01 10340 100 2097152 7580285 352598 44264 8942
0b001601 0b001701 10339 100 2097152 7611000 324547 44264 9414
0b001f01 0b001801 10342 100 2097152 7600033 335744 44264 10879
0b001a01 0b001b01 10341 100 2097152 7596424 342297 44264 10858
0b001901 0b001a01 10338 100 2097152 7556210 384027 44264 9897
0b001c01 0b001d01 10340 100 2097152 7604135 336585 44264 8460
0b001f01 0b001001 10049 100 2097152 7895060 49103 48204 7999
0b001d01 0b001e01 10340 100 2097152 7648040 297430 44264 7981
0b001101 0b001201 10339 100 2097152 7486969 461775 44264 11329
0b001601 0b001701 10340 100 2097152 7625653 326923 44264 7974
0b001401 0b001501 10340 100 2097152 7690946 266174 44264 11332
0b001401 0b001501 10341 100 2097152 7693807 269936 44264 8948
0b001a01 0b001b01 10342 100 2097152 7658354 311085 44264 8474
0b001701 0b001001 10339 100 2097152 7542229 429295 44264 11351
0b001901 0b001a01 10339 100 2097152 7578080 395620 44264 10857
0b001301 0b001c01 10049 100 2097152 7924996 48734 48204 9907
0b001c01 0b001d01 10341 100 2097152 7645875 332092 44264 10860
0b001801 0b001901 10340 100 2097152 7690312 290407 44264 8936
0b001601 0b001701 10341 100 2097152 7660550 324631 44264 10390
0b001501 0b001601 10339 100 2097152 7559952 431344 44264 7973
0b001001 0b001101 10340 100 2097152 7668773 323018 44264 8928
0b001501 0b001601 10340 100 2097152 7561647 431630 44264 8453
0b001601 0b001701 10342 100 2097152 7670583 322967 44264 8454
0b001201 0b001301 10341 100 2097152 7727033 267629 44264 10370
0b001d01 0b001e01 10341 100 2097152 7685332 309775 44264 9421
0b001d01 0b001e01 10342 100 2097152 7685333 309775 44264 11341
0b001701 0b001001 10340 100 2097152 7574153 427696 44264 9895
0b001701 0b001801 10049 100 2097152 7955586 48146 48204 7991
0b001301 0b001401 10339 100 2097152 7537759 467242 44264 8451
0b001701 0b001001 10341 100 2097152 7578774 427234 44264 10375
0b001201 0b001301 10342 100 2097152 7735746 272006 44264 10850
0b001001 0b001101 10341 100 2097152 7687082 331316 44264 10368
0b001701 0b001001 10342 100 2097152 7596859 422350 44264 8455
0b001801 0b001901 10341 100 2097152 7703183 317489 44264 10376
0b001001 0b001101 10342 100 2097152 7688667 332091 44264 9408
0b001e01 0b001f01 10341 100 2097152 7638634 383560 44264 9422
0b001901 0b001a01 10340 100 2097152 7611437 411728 44264 11337
0b001101 0b001201 10340 100 2097152 7563512 462488 44264 10849
0b001a01 0b001b01 10343 100 2097152 7742399 286075 44264 7978
0b001401 0b001501 10342 100 2097152 7735256 293546 44264 10852
0b001d01 0b001601 10049 100 2097152 7980977 49503 48204 10877
0b001401 0b001501 10343 100 2097152 7738808 294219 44264 9908
0b001001 0b001101 10343 100 2097152 7701252 333784 44264 11344
0b001901 0b001a01 10341 100 2097152 7622658 415314 44264 10377
0b001401 0b001501 10344 100 2097152 7746393 293015 44264 9428
0b001b01 0b001c01 10341 100 2097152 7667090 373719 44264 10859
0b001301 0b001401 10340 100 2097152 7571552 470436 44264 10851
0b001801 0b001901 10342 100 2097152 7712864 329589 44264 9896
0b001a01 0b001b01 10344 100 2097152 7764437 280388 44264 8954
0b001701 0b001001 10343 100 2097152 7644652 402453 44264 8935
0b001f01 0b001801 10343 100 2097152 7779056 268134 44264 11359
0b001e01 0b001701 10049 100 2097152 7998118 50189 48204 11358
0b001201 0b001301 10343 100 2097152 7767228 281516 44264 7970
0b001601 0b001701 10343 100 2097152 7725295 324048 44264 10870
0b001901 0b001a01 10342 100 2097152 7633989 415692 44264 9417
0b001b01 0b001c01 10342 100 2097152 7675011 376472 44264 10379
0b001601 0b001701 10344 100 2097152 7730133 323303 44264 9894
0b001301 0b001401 10341 100 2097152 7584077 469796 44264 9427
0b001901 0b001a01 10343 100 2097152 7639604 415027 44264 11353
0b001c01 0b001d01 10342 100 2097152 7713081 342753 44264 8956
0b001701 0b001001 10344 100 2097152 7663512 393679 44264 9415
0b001901 0b001201 10049 100 2097152 7983729 82248 48204 8953
0b001b01 0b001c01 10343 100 2097152 7688740 378188 44264 11339
0b001601 0b001701 10345 100 2097152 7752091 315117 44264 9910
0b001801 0b001901 10343 100 2097152 7727369 340191 44264 7992
0b001301 0b001401 10342 100 2097152 7607523 467537 44264 10371
0b001d01 0b001e01 10343 100 2097152 7756468 321145 44264 9437
0b001101 0b001a01 10049 100 2097152 7994801 83309 48204 8945
0b001501 0b001601 10341 100 2097152 7642414 436655 44264 9413
0b001101 0b001201 10341 100 2097152 7614949 466474 44264 11345
0b001501 0b001e01 10049 100 2097152 8031812 49998 48204 10869
0b001901 0b001a01 10344 100 2097152 7676257 406275 44264 7993
0b001b01 0b001c01 10344 100 2097152 7711071 375746 44264 7979
0b001c01 0b001d01 10343 100 2097152 7741087 348988 44264 7980
0b001c01 0b001d01 10344 100 2097152 7741139 348937 44264 9916
0b001201 0b001301 10344 100 2097152 7804629 285787 44264 7986
0b001001 0b001901 10049 100 2097152 8022219 69616 48204 8464
0b001401 0b001501 10345 100 2097152 7807202 285635 44264 7972
0b001201 0b001301 10345 100 2097152 7810768 285853 44264 8466
0b001101 0b001201 10342 100 2097152 7635278 464867 44264 9889
0b001e01 0b001f01 10342 100 2097152 7694443 405746 44264 9902
0b001a01 0b001301 10049 100 2097152 8052691 49148 48204 9434
0b001101 0b001201 10343 100 2097152 7638447 464273 44264 7985
0b001801 0b001901 10344 100 2097152 7756006 349768 44264 11352
0b001301 0b001401 10343 100 2097152 7647217 458718 44264 7971
0b001e01 0b001f01 10343 100 2097152 7699547 407177 44264 10398
0b001a01 0b001b01 10345 100 2097152 7838306 270948 44264 7994
0b001e01 0b001f01 10344 100 2097152 7705488 407221 44264 9918
0b001301 0b001401 10344 100 2097152 7655622 457354 44264 11331
0b001d01 0b001e01 10344 100 2097152 7787797 326301 44264 9917
0b001001 0b001101 10344 100 2097152 7760302 354295 44264 9888
0b001f01 0b001801 10344 100 2097152 7859810 255043 44264 8479
0b001501 0b001601 10342 100 2097152 7671567 444731 44264 9909
0b001f01 0b001801 10345 100 2097152 7867119 254973 44264 10383
0b001f01 0b001801 10346 100 2097152 7867129 254964 44264 10399
0b001501 0b001601 10343 100 2097152 7676979 445941 44264 11333
0b001c01 0b001501 10049 100 2097152 8054493 70594 48204 10396
0b001001 0b001101 10345 100 2097152 7769828 355682 44264 10864
0b001301 0b001401 10345 100 2097152 7674036 451634 44264 8467
0b001d01 0b001e01 10345 100 2097152 7802120 326301 44264 8957
0b001501 0b001601 10344 100 2097152 7692165 447058 44264 9429
0b001101 0b001201 10344 100 2097152 7690886 450652 44264 10369
0b001401 0b001d01 10049 100 2097152 8078070 69718 48204 10388
0b001901 0b001a01 10345 100 2097152 7764856 393075 44264 8473
0b001901 0b001a01 10346 100 2097152 7765638 392910 44264 10873
0b001101 0b001201 10345 100 2097152 7715030 444725 44264 9409
0b001501 0b001601 10345 100 2097152 7715230 444784 44264 10389
0b001e01 0b001f01 10345 100 2097152 7756701 404043 44264 10878
0b001701 0b001001 10345 100 2097152 7776961 385923 44264 10391
0b001b01 0b001c01 10345 100 2097152 7794478 369124 44264 8475
0b001801 0b001901 10345 100 2097152 7800777 365028 44264 10872
0b001801 0b001101 10050 100 2097152 8117863 48108 48204 8488
0b001301 0b001401 10346 100 2097152 7745154 427333 44264 11347
0b001601 0b001f01 10049 100 2097152 8125930 48108 48204 11350
0b001c01 0b001d01 10345 100 2097152 7817565 356776 44264 9436
0b001f01 0b001801 10347 100 2097152 7935893 241073 44264 8959
0b001d01 0b001e01 10346 100 2097152 7873866 326456 44264 11357
0b001501 0b001601 10346 100 2097152 7763414 439369 44264 8469
0b001901 0b001a01 10347 100 2097152 7832634 370910 44264 9433
0b001d01 0b001e01 10347 100 2097152 7877021 326557 44264 10397
0b001e01 0b001f01 10346 100 2097152 7817746 392309 44264 8478
0b001201 0b001b01 10049 100 2097152 8162765 48339 48204 9426
0b001601 0b001701 10346 100 2097152 7935800 277580 44264 8950
0b001201 0b001301 10346 100 2097152 7930193 301613 44264 8482
0b001401 0b001501 10346 100 2097152 7922334 311277 44264 8964
0b001a01 0b001b01 10346 100 2097152 7943247 291530 44264 9914
0b001e01 0b001f01 10347 100 2097152 7861175 380737 44264 8958
0b001701 0b001001 10346 100 2097152 7856162 389139 44264 8951
0b001401 0b001501 10347 100 2097152 7933308 312821 44264 9924
0b001101 0b001201 10346 100 2097152 7819187 430504 44264 10865
0b001e01 0b001701 10050 100 2097152 8203332 48108 48204 11374
0b001d01 0b001e01 10348 100 2097152 7943730 309877 44264 8477
0b001a01 0b001301 10050 100 2097152 8206554 49160 48204 9450
0b001201 0b001301 10347 100 2097152 7951754 305753 44264 11346
0b001801 0b001901 10346 100 2097152 7871148 392430 44264 8952
0b001501 0b001601 10347 100 2097152 7836991 428062 44264 8949
0b001c01 0b001d01 10346 100 2097152 7893954 372105 44264 8476
0b001001 0b001101 10346 100 2097152 7912265 370576 44264 10880
0b001c01 0b001d01 10347 100 2097152 7913513 372105 44264 9452
0b001b01 0b001401 10050 100 2097152 8237787 48829 48204 9931
0b001a01 0b001b01 10347 100 2097152 7976710 314564 44264 10874
0b001b01 0b001c01 10346 100 2097152 7925164 367412 44264 10395
0b001601 0b001701 10347 100 2097152 7994306 299555 44264 7990
0b001301 0b001401 10347 100 2097152 7897407 397497 44264 8963
0b001b01 0b001c01 10347 100 2097152 7928729 367808 44264 11355
0b001601 0b001701 10348 100 2097152 7996287 300743 44264 8470
0b001c01 0b001d01 10348 100 2097152 7930791 367751 44264 8972
0b000401 0b000501 10210 100 2097152 3535371 4765098 176699 11524
0b000401 0b000501 10211 100 2097152 3535371 4765102 176699 12004
0b000401 0b000501 10212 100 2097152 3535371 4765106 176699 12484
0b000401 0b000501 10213 100 2097152 3535371 4765110 176699 12964
0b000401 0b000501 10214 100 2097152 3535371 4765114 176699 13444
0b000401 0b000501 10215 100 2097152 3535371 4765118 176699 14404
0b000401 0b000501 10216 100 2097152 3535371 4765206 176699 14884
0b001f01 0b001801 10348 100 2097152 8025204 278029 44264 9439
0b001b01 0b001c01 10348 100 2097152 7941731 367743 44264 10875
0b001901 0b001201 10050 100 2097152 8266588 48108 48204 8969
0b001001 0b001101 10347 100 2097152 7947173 375621 44264 8000
0b001101 0b001201 10347 100 2097152 7898960 425981 44264 8001
0b001e01 0b001f01 10348 100 2097152 7948480 377037 44264 7998
0b001801 0b001901 10347 100 2097152 7923975 402153 44264 9432
0b000001 0b000101 10210 100 2097152 3535489 4792483 176699 11520
0b000001 0b000101 10211 100 2097152 3535489 4792487 176699 12480
0b000001 0b000101 10212 100 2097152 3535489 4792491 176699 12960
0b000001 0b000101 10213 100 2097152 3535489 4792495 176699 13440
0b000001 0b000101 10214 100 2097152 3535489 4792499 176699 13920
0b000001 0b000101 10215 100 2097152 3535489 4792587 176699 14400
0b000001 0b000101 10216 100 2097152 3535489 4792591 176699 14880
0b001901 0b001a01 10348 100 2097152 8023682 304347 44264 10393
0b001801 0b001901 10348 100 2097152 7927672 402153 44264 9912
0b001b01 0b001c01 10349 100 2097152 7972449 360147 44264 8491
0b001701 0b001001 10347 100 2097152 7938557 395083 44264 9431
0b001401 0b001501 10348 100 2097152 8008011 326475 44264 8468
0b001c01 0b001d01 10349 100 2097152 7976740 358397 44264 9932
0b001801 0b001901 10349 100 2097152 7938787 399663 44264 10888
0b001601 0b001701 10349 100 2097152 8033490 306969 44264 10886
0b001c01 0b001501 10050 100 2097152 8295586 49933 48204 10412
0b001101 0b001201 10348 100 2097152 7921982 423640 44264 8481
0b001901 0b001a01 10349 100 2097152 8045463 302001 44264 9913
0b001001 0b001101 10348 100 2097152 7974534 373565 44264 11360
0b001201 0b001301 10348 100 2097152 8029010 323415 44264 10866
0b000501 0b000e01 10031 100 2097152 8303499 49927 48204 14421
0b001701 0b001801 10050 100 2097152 8296871 60481 48204 8007
0b001b01 0b001c01 10350 100 2097152 8031484 333914 44264 7995
0b001a01 0b001b01 10348 100 2097152 8026175 340173 44264 11354
0b001e01 0b001f01 10349 100 2097152 7998117 370829 44264 9438
0b001501 0b001601 10348 100 2097152 7960130 411759 44264 11349
0b001b01 0b001c01 10351 100 2097152 8047835 325115 44264 8971
0b001001 0b001101 10349 100 2097152 8004859 368189 44264 9904
0b001901 0b001a01 10350 100 2097152 8070570 304307 44264 8009
0b001001 0b001101 10350 100 2097152 8009018 366803 44264 10384
0b001d01 0b001e01 10349 100 2097152 8058844 317387 44264 8973
0b001501 0b001601 10349 100 2097152 7966753 411077 44264 8965
0b000101 0b000a01 10031 100 2097152 8330986 48108 48204 12497
0b001801 0b001901 10350 100 2097152 8006742 377578 44264 8008
0b001401 0b001501 10349 100 2097152 8044998 340684 44264 10868
0b001f01 0b001001 10050 100 2097152 8328527 61107 48204 8015
0b001701 0b001001 10348 100 2097152 7988191 401753 44264 10407
0b001a01 0b001b01 10349 100 2097152 8040982 350055 44264 10394
0b001301 0b001401 10348 100 2097152 7997672 399384 44264 10387
0b001701 0b001001 10349 100 2097152 7996560 401701 44264 8471
0b001901 0b001a01 10351 100 2097152 8094845 304215 44264 8489
0b001601 0b001701 10350 100 2097152 8082079 317547 44264 9430
0b001c01 0b001d01 10350 100 2097152 8043819 356051 44264 10876
0b000e01 0b000f01 10252 100 2097152 8356436 44164 44264 14446
0b001401 0b001501 10350 100 2097152 8056883 345457 44264 9444
0b001001 0b001101 10351 100 2097152 8050115 354777 44264 8944
0b001b01 0b001c01 10352 100 2097152 8112264 296419 44264 8011
0b001301 0b001401 10349 100 2097152 8010762 398571 44264 10867
0b001901 0b001a01 10352 100 2097152 8108784 302289 44264 11369
0b001f01 0b001801 10349 100 2097152 8103199 309185 44264 9919
0b001001 0b001101 10352 100 2097152 8060201 352348 44264 9424
0b001801 0b001901 10351 100 2097152 8050200 362880 44264 11368
0b001d01 0b001e01 10350 100 2097152 8093085 325215 44264 7997
0b001d01 0b001e01 10351 100 2097152 8093086 325215 44264 9933
0b001201 0b001301 10349 100 2097152 8068987 349592 44264 8962
0b001a01 0b001b01 10350 100 2097152 8057641 361191 44264 11370
0b001f01 0b001801 10350 100 2097152 8109734 310218 44264 10415
0b001f01 0b001801 10351 100 2097152 8115719 309514 44264 9935
0b001601 0b001f01 10050 100 2097152 8374899 51272 48204 11366
0b000a01 0b000b01 10252 100 2097152 8382104 44164 44264 12522
0b001c01 0b001d01 10351 100 2097152 8069938 356337 44264 11356
0b001501 0b001601 10350 100 2097152 8036037 403050 44264 9925
0b001201 0b001301 10350 100 2097152 8084433 354739 44264 11362
0b001e01 0b001f01 10350 100 2097152 8080623 360804 44264 9454
0b001c01 0b001d01 10352 100 2097152 8089827 354049 44264 7996
0b001501 0b001601 10351 100 2097152 8042418 401774 44264 9445
0b001601 0b001701 10351 100 2097152 8119308 325428 44264 9926
0b001e01 0b001f01 10351 100 2097152 8084820 360304 44264 10894
0b001301 0b001401 10350 100 2097152 8051754 394481 44264 7987
0b000f01 0b000801 10251 100 2097152 8403610 44164 44264 14463
0b001001 0b001901 10050 100 2097152 8401271 50035 48204 8480
0b001a01 0b001b01 10351 100 2097152 8081120 372978 44264 8970
0b001101 0b001a01 10050 100 2097152 8407902 49988 48204 8961
0b001901 0b001a01 10353 100 2097152 8168815 289452 44264 10889
0b001101 0b001201 10349 100 2097152 8021408 437579 44264 10385
0b001a01 0b001b01 10352 100 2097152 8085542 373665 44264 8010
0b001201 0b001301 10351 100 2097152 8103155 358352 44264 9906
0b001101 0b001201 10350 100 2097152 8023768 437882 44264 9425
0b001201 0b001301 10352 100 2097152 8105730 358753 44264 8002
0b001701 0b001001 10350 100 2097152 8051317 414317 44264 11367
0b001701 0b001001 10351 100 2097152 8052353 414470 44264 10887
0b001401 0b001501 10351 100 2097152 8108945 358503 44264 7988
0b001501 0b001e01 10050 100 2097152 8388692 80020 48204 10885
0b001e01 0b001f01 10352 100 2097152 8117108 353581 44264 9934
0b001601 0b001701 10352 100 2097152 8142233 328749 44264 9446
0b001701 0b001001 10352 100 2097152 8056446 414627 44264 9911
0b000b01 0b000c01 10251 100 2097152 8429278 44164 44264 12539
0b001401 0b001501 10352 100 2097152 8115986 359646 44264 11348
0b001101 0b001201 10351 100 2097152 8038046 437685 44264 11361
0b001b01 0b001c01 10353 100 2097152 8214114 265158 44264 9451
0b001401 0b001d01 10050 100 2097152 8400066 79278 48204 10404
0b001d01 0b001e01 10352 100 2097152 8150798 328650 44264 10413
0b001501 0b001601 10352 100 2097152 8095847 384808 44264 7989
0b001e01 0b001f01 10353 100 2097152 8131431 351648 44264 8974
0b001d01 0b001601 10050 100 2097152 8402880 80329 48204 10893
0b001001 0b001101 10353 100 2097152 8165894 317376 44264 10400
0b001801 0b001901 10352 100 2097152 8125102 358871 44264 10392
0b001801 0b001901 10353 100 2097152 8125112 358883 44264 10408
0b001701 0b001001 10353 100 2097152 8070218 413990 44264 9927
0b001401 0b001501 10353 100 2097152 8128680 357777 44264 8484
0b001601 0b001701 10353 100 2097152 8163024 327103 44264 10406
0b001301 0b001401 10351 100 2097152 8093426 399041 44264 8003
0b001f01 0b001801 10352 100 2097152 8163754 330555 44264 10895
0b000801 0b000901 10252 100 2097152 8450784 44164 44264 14472
0b001301 0b001401 10352 100 2097152 8099631 398975 44264 8483
0b001201 0b001301 10353 100 2097152 8144548 356371 44264 10386
0b001301 0b001401 10353 100 2097152 8104849 398007 44264 9443
0b001501 0b001601 10353 100 2097152 8128097 379315 44264 10405
0b001d01 0b001e01 10353 100 2097152 8177351 331929 44264 9453
0b001f01 0b001801 10353 100 2097152 8177048 337260 44264 11375
0b001301 0b001c01 10050 100 2097152 8464517 50150 48204 9923
0b001201 0b001b01 10050 100 2097152 8464660 50099 48204 9442
0b001c01 0b001d01 10353 100 2097152 8166612 348483 44264 8492
0b000c01 0b000d01 10252 100 2097152 8476452 44164 44264 12556
0b001401 0b001501 10354 100 2097152 8175497 349385 44264 11364
0b001801 0b001901 10354 100 2097152 8179976 346863 44264 8968
0b001601 0b001701 10354 100 2097152 8205793 324203 44264 8486
0b000901 0b000a01 10253 100 2097152 8497958 44164 44264 14489
0b001b01 0b001c01 10354 100 2097152 8294284 248943 44264 10891
0b001e01 0b001f01 10354 100 2097152 8206588 344279 44264 10414
0b001a01 0b001b01 10353 100 2097152 8160941 390755 44264 8490
0b001a01 0b001b01 10354 100 2097152 8161558 390843 44264 10890
0b001101 0b001201 10352 100 2097152 8117607 436581 44264 9905
0b001f01 0b001801 10354 100 2097152 8213065 350154 44264 8495
0b001001 0b001101 10354 100 2097152 8248311 316760 44264 8960
0b001101 0b001201 10353 100 2097152 8128520 436563 44264 10881
0b000d01 0b000e01 10253 100 2097152 8523626 44164 44264 12573
0b000501 0b000601 10227 100 2097152 8303479 265635 44264 11541
0b000501 0b000601 10228 100 2097152 8303483 265635 44264 12021
0b000501 0b000601 10229 100 2097152 8303487 265635 44264 12501
0b000501 0b000601 10230 100 2097152 8303491 265635 44264 12981
0b000501 0b000601 10231 100 2097152 8303495 265635 44264 13461
0b000501 0b000601 10232 100 2097152 8303587 265568 44264 14901
0b001601 0b001701 10355 100 2097152 8268063 315680 44264 8966
0b001901 0b001201 10051 100 2097152 8529849 54107 48204 8985
0b000a01 0b000b01 10253 100 2097152 8545132 44164 44264 14506
0b001201 0b001301 10354 100 2097152 8252701 339484 44264 10882
0b001e01 0b001f01 10355 100 2097152 8256617 339527 44264 8494
0b000101 0b000201 10227 100 2097152 8330982 265980 44264 11537
0b000101 0b000201 10228 100 2097152 8330990 265976 44264 12977
0b000101 0b000201 10229 100 2097152 8330994 265976 44264 13457
0b000101 0b000201 10230 100 2097152 8330998 265976 44264 13937
0b000101 0b000201 10231 100 2097152 8331086 265935 44264 14417
0b000101 0b000201 10232 100 2097152 8331090 265935 44264 14897
0b001f01 0b001801 10355 100 2097152 8244922 354778 44264 8975
0b001101 0b001201 10354 100 2097152 8168981 432007 44264 8497
0b000e01 0b000f01 10253 100 2097152 8570800 44164 44264 12590
0b000601 0b000f01 10032 100 2097152 8572165 48108 48204 14918
0b001801 0b001101 10051 100 2097152 8566229 55620 48204 8504
0b001401 0b001501 10355 100 2097152 8289626 335049 44264 9940
0b001101 0b001a01 10051 100 2097152 8568081 57204 48204 8977
0b001d01 0b001e01 10354 100 2097152 8269069 357169 44264 8493
0b001501 0b001601 10354 100 2097152 8236621 390744 44264 8981
0b001401 0b001501 10356 100 2097152 8297914 332966 44264 8980
0b001801 0b001901 10355 100 2097152 8306243 326733 44264 9448
0b001701 0b001001 10354 100 2097152 8216390 417893 44264 8967
0b000b01 0b000c01 10252 100 2097152 8592306 44164 44264 14523
0b001001 0b001101 10355 100 2097152 8336650 304524 44264 9440
0b001501 0b001601 10355 100 2097152 8249139 392928 44264 9941
0b001301 0b001401 10354 100 2097152 8234816 408956 44264 8499
0b001b01 0b001c01 10355 100 2097152 8369358 278158 44264 11371
0b000201 0b000b01 10032 100 2097152 8599976 49113 48204 12994
0b001d01 0b001e01 10355 100 2097152 8288628 360424 44264 9469
0b001901 0b001a01 10354 100 2097152 8329138 329501 44264 9449
0b001d01 0b001e01 10356 100 2097152 8301552 358589 44264 8989
0b001901 0b001a01 10355 100 2097152 8332835 330733 44264 9929
0b001301 0b001401 10355 100 2097152 8258724 408985 44264 9459
0b001301 0b001401 10356 100 2097152 8260517 408600 44264 11363
0b001c01 0b001d01 10354 100 2097152 8299547 370723 44264 11372
0b001901 0b001a01 10356 100 2097152 8341460 330733 44264 10905
0b001701 0b001001 10355 100 2097152 8254450 419038 44264 11383
0b001201 0b001301 10355 100 2097152 8317706 355795 44264 8978
0b001201 0b001301 10356 100 2097152 8327951 355935 44264 8018
0b001d01 0b001e01 10357 100 2097152 8338147 346771 44264 9949
0b001801 0b001901 10356 100 2097152 8360362 325766 44264 8024
0b000c01 0b000d01 10253 100 2097152 8639480 47160 44264 14540
0b001b01 0b001c01 10356 100 2097152 8394047 295512 44264 10411
0b001c01 0b001d01 10355 100 2097152 8312484 377195 44264 10892
0b001601 0b001701 10356 100 2097152 8380840 314958 44264 8982
0b000b01 0b000c01 10253 100 2097152 8652099 45664 44264 13019
0b001201 0b001301 10357 100 2097152 8348632 351271 44264 8498
0b000f01 0b000801 10252 100 2097152 8617974 82909 44264 12607
0b000f01 0b000801 10253 100 2097152 8623283 82995 44264 14943
0b001001 0b001101 10356 100 2097152 8392644 314227 44264 8016
0b001001 0b001101 10357 100 2097152 8392954 314226 44264 10416
0b001a01 0b001301 10051 100 2097152 8661649 48108 48204 9466
0b001101 0b001201 10355 100 2097152 8285851 427966 44264 10897
0b001701 0b001001 10356 100 2097152 8300040 416023 44264 8487
0b001c01 0b001d01 10356 100 2097152 8335606 380671 44264 8508
0b001901 0b001a01 10357 100 2097152 8387330 329242 44264 8025
0b001a01 0b001b01 10355 100 2097152 8331039 387083 44264 10410
0b001e01 0b001f01 10356 100 2097152 8379241 344961 44264 8990
0b001b01 0b001c01 10357 100 2097152 8421842 306024 44264 11387
0b001401 0b001501 10357 100 2097152 8412343 316824 44264 10884
0b001f01 0b001801 10356 100 2097152 8371956 365843 44264 9455
0b001801 0b001901 10357 100 2097152 8415394 323011 44264 9928
0b001501 0b001601 10356 100 2097152 8337496 402190 44264 8485
0b001a01 0b001b01 10356 100 2097152 8350474 391673 44264 9930
0b000c01 0b000d01 10254 100 2097152 8700773 44164 44264 13036
0b001901 0b001a01 10358 100 2097152 8416090 329223 44264 11385
0b001801 0b001901 10358 100 2097152 8422962 322353 44264 10424
0b001d01 0b001e01 10358 100 2097152 8429285 316692 44264 11373
0b001801 0b001901 10359 100 2097152 8428243 320834 44264 9944
0b001501 0b001601 10357 100 2097152 8348529 400838 44264 10421
0b001701 0b001001 10357 100 2097152 8343469 408147 44264 10903
0b001c01 0b001d01 10357 100 2097152 8368408 383207 44264 8012
0b001301 0b001401 10357 100 2097152 8355435 400793 44264 10883
0b001c01 0b001d01 10358 100 2097152 8375960 382299 44264 8988
0b001101 0b001201 10356 100 2097152 8325804 432454 44264 8017
0b001d01 0b001e01 10359 100 2097152 8446886 312455 44264 8013
0b001401 0b001501 10358 100 2097152 8449245 317789 44264 8004
0b001001 0b001901 10051 100 2097152 8719073 48108 48204 8496
0b001601 0b001701 10357 100 2097152 8442097 326794 44264 9942
0b001b01 0b001c01 10358 100 2097152 8457108 313003 44264 8987
0b001a01 0b001b01 10357 100 2097152 8377887 395681 44264 8026
0b001b01 0b001c01 10359 100 2097152 8462217 312189 44264 8027
0b001601 0b001701 10358 100 2097152 8447202 328026 44264 9462
0b001e01 0b001f01 10357 100 2097152 8421310 358715 44264 8014
0b001e01 0b001f01 10358 100 2097152 8421311 358736 44264 9950
0b001101 0b001201 10357 100 2097152 8351109 433088 44264 11377
0b001c01 0b001d01 10359 100 2097152 8411693 373966 44264 8028
0b001d01 0b001e01 10360 100 2097152 8482354 303480 44264 10429
0b001801 0b001901 10360 100 2097152 8497319 288631 44264 10904
0b000801 0b000901 10253 100 2097152 8703893 83038 44264 12616
0b001c01 0b001501 10051 100 2097152 8692569 96100 48204 10428
0b000d01 0b000e01 10254 100 2097152 8747947 44164 44264 13053
0b000801 0b000901 10254 100 2097152 8709288 82918 44264 14952
0b001b01 0b001401 10051 100 2097152 8745157 49173 48204 9947
0b001801 0b001901 10361 100 2097152 8517318 277213 44264 11384
0b000601 0b000701 10242 100 2097152 8572124 222868 44264 11558
0b000601 0b000701 10243 100 2097152 8572128 222868 44264 12038
0b000601 0b000701 10244 100 2097152 8572132 222868 44264 12518
0b000601 0b000701 10245 100 2097152 8572136 222868 44264 12998
0b000601 0b000701 10246 100 2097152 8572140 222868 44264 13478
0b001201 0b001301 10358 100 2097152 8461997 335643 44264 10402
0b001901 0b001a01 10359 100 2097152 8454316 344272 44264 8505
0b001501 0b001601 10358 100 2097152 8405350 393279 44264 9461
0b001001 0b001101 10358 100 2097152 8468644 330109 44264 11376
0b000d01 0b000601 10039 100 2097152 8689650 109547 48204 14557
0b001a01 0b001b01 10358 100 2097152 8402070 397045 44264 8506
0b001001 0b001101 10359 100 2097152 8469833 330109 44264 10896
0b001701 0b001001 10358 100 2097152 8402636 397412 44264 9447
0b001f01 0b001801 10357 100 2097152 8429181 373264 44264 11391
0b001001 0b001101 10360 100 2097152 8474083 328834 44264 9920
0b001e01 0b001701 10051 100 2097152 8748987 54459 48204 11390
0b001d01 0b001601 10051 100 2097152 8692689 112095 48204 10909
0b001101 0b001201 10358 100 2097152 8376058 431472 44264 9921
0b001101 0b001201 10359 100 2097152 8378831 431560 44264 10401
0b001a01 0b001b01 10359 100 2097152 8414083 396781 44264 11386
0b001001 0b001101 10361 100 2097152 8487218 324214 44264 9936
0b001d01 0b001e01 10361 100 2097152 8518105 294812 44264 8509
0b001601 0b001701 10359 100 2097152 8483665 332928 44264 8006
0b001401 0b001501 10359 100 2097152 8495477 323830 44264 8020
0b001601 0b001701 10360 100 2097152 8486219 333191 44264 10902
0b001201 0b001301 10359 100 2097152 8478741 342823 44264 11378
0b001301 0b001401 10358 100 2097152 8421589 400297 44264 8979
0b001b01 0b001c01 10360 100 2097152 8517769 304672 44264 9467
0b001f01 0b001801 10358 100 2097152 8444437 378249 44264 9471
0b000201 0b000301 10242 100 2097152 8599972 222884 44264 11554
0b000201 0b000301 10243 100 2097152 8599980 222880 44264 13474
0b000201 0b000301 10244 100 2097152 8599984 222880 44264 13954
0b000201 0b000301 10245 100 2097152 8600031 222855 44264 14434
0b000201 0b000301 10246 100 2097152 8600035 222852 44264 14914
0b001801 0b001901 10362 100 2097152 8602710 222190 44264 8984
0b001f01 0b001801 10359 100 2097152 8448134 378249 44264 10911
0b001401 0b001501 10360 100 2097152 8501616 325088 44264 8500
0b001401 0b001501 10361 100 2097152 8505866 324997 44264 9460
0b000e01 0b000f01 10254 100 2097152 8795121 44164 44264 13070
0b000901 0b000a01 10254 100 2097152 8795216 44164 44264 14969
0b001e01 0b001f01 10359 100 2097152 8471722 368219 44264 10910
0b001601 0b001701 10361 100 2097152 8510422 332705 44264 10422
0b001101 0b001201 10360 100 2097152 8415559 427815 44264 9441
0b000901 0b000201 10039 100 2097152 8789941 54160 48204 12633
0b001301 0b001401 10359 100 2097152 8442182 402277 44264 11379
0b001f01 0b001801 10360 100 2097152 8473699 372247 44264 9951
0b000601 0b000701 10247 100 2097152 8802207 44688 44264 14566
0b001701 0b001001 10359 100 2097152 8447746 399153 44264 9943
0b001501 0b001e01 10051 100 2097152 8732177 116223 48204 10901
0b001901 0b001a01 10360 100 2097152 8486983 365290 44264 10409
0b001901 0b001a01 10361 100 2097152 8487005 365269 44264 10425
0b001a01 0b001b01 10360 100 2097152 8460900 392213 44264 8986
0b001a01 0b001b01 10361 100 2097152 8461277 392145 44264 10906
0b001e01 0b001f01 10360 100 2097152 8482458 371629 44264 10430
0b001f01 0b001801 10361 100 2097152 8486089 368199 44264 8991
0b001c01 0b001d01 10360 100 2097152 8482282 372110 44264 9468
0b001b01 0b001c01 10361 100 2097152 8554706 301140 44264 8507
0b001b01 0b001c01 10362 100 2097152 8555411 300898 44264 10907
0b001301 0b001401 10360 100 2097152 8467493 401915 44264 8019
0b000301 0b000c01 10033 100 2097152 8825870 49065 48204 13491
0b001701 0b001001 10360 100 2097152 8473992 401508 44264 9463
0b001501 0b001601 10359 100 2097152 8470458 406812 44264 8005
0b001901 0b001201 10052 100 2097152 8827910 55539 48204 9001
0b000f01 0b000801 10254 100 2097152 8842295 44164 44264 13087
0b000a01 0b000b01 10254 100 2097152 8842390 44164 44264 14986
0b001501 0b001601 10360 100 2097152 8478642 408969 44264 11365
0b000201 0b000301 10247 100 2097152 8847111 44683 44264 12642
0b001e01 0b001f01 10361 100 2097152 8512290 380012 44264 9470
0b001c01 0b001d01 10361 100 2097152 8517677 375708 44264 9948
0b001f01 0b001001 10051 100 2097152 8783035 111058 48204 8031
0b001201 0b001b01 10051 100 2097152 8846384 51104 48204 9458
0b001701 0b001001 10361 100 2097152 8493137 405353 44264 10423
0b001501 0b001601 10361 100 2097152 8489467 410025 44264 8501
0b001301 0b001401 10361 100 2097152 8503929 396301 44264 10403
0b001101 0b001201 10361 100 2097152 8486280 415130 44264 10417
0b001f01 0b001801 10362 100 2097152 8553877 348751 44264 10431
0b000701 0b000801 10033 100 2097152 8798002 110410 48204 11575
0b001001 0b001101 10362 100 2097152 8637293 271964 44264 8976
0b001701 0b001801 10051 100 2097152 8819603 101084 48204 8023
0b001c01 0b001d01 10362 100 2097152 8546237 375661 44264 10908
0b000c01 0b000d01 10255 100 2097152 8877945 47258 44264 13516
0b000b01 0b000c01 10254 100 2097152 8889564 45712 44264 15003
0b001f01 0b001801 10363 100 2097152 8599154 336760 44264 8511
0b001501 0b001601 10362 100 2097152 8527892 408033 44264 11381
0b001801 0b001901 10363 100 2097152 8740809 195521 44264 9464
0b001d01 0b001e01 10362 100 2097152 8673280 264170 44264 11389
0b001701 0b001001 10362 100 2097152 8533006 405437 44264 8503
0b001201 0b001301 10360 100 2097152 8557198 386079 44264 9922
0b001001 0b001101 10363 100 2097152 8676498 271572 44264 11392
0b001401 0b001d01 10051 100 2097152 8903240 49111 48204 10420
0b000801 0b000901 10255 100 2097152 8889469 66256 44264 13096
0b001201 0b001301 10361 100 2097152 8568093 390805 44264 10898
0b001601 0b001f01 10051 100 2097152 8890621 69705 48204 11382
0b001101 0b001a01 10052 100 2097152 8912267 50289 48204 8993
0b001601 0b001701 10362 100 2097152 8630375 340457 44264 8998
0b000d01 0b000e01 10255 100 2097152 8928213 47402 44264 13533
0b000801 0b000901 10256 100 2097152 8911422 67123 44264 11592
0b001201 0b001301 10362 100 2097152 8586966 393119 44264 8994
0b001701 0b001001 10363 100 2097152 8586753 394331 44264 8983
0b001301 0b001401 10362 100 2097152 8595195 387570 44264 10899
0b000c01 0b000d01 10256 100 2097152 8938286 45785 44264 15020
0b001601 0b001701 10363 100 2097152 8645077 340386 44264 9958
0b001401 0b001501 10362 100 2097152 8646782 342301 44264 8516
0b001301 0b001c01 10051 100 2097152 8946287 48286 48204 9939
0b001d01 0b001e01 10363 100 2097152 8719287 276882 44264 8525
0b001201 0b001301 10363 100 2097152 8603998 392477 44264 8514
0b001c01 0b001d01 10363 100 2097152 8650526 353124 44264 11388
0b001b01 0b001c01 10363 100 2097152 8721132 287286 44264 10427
0b001901 0b001a01 10362 100 2097152 8635986 372845 44264 9465
0b001d01 0b001601 10052 100 2097152 8924908 83927 48204 10925
0b001501 0b001601 10363 100 2097152 8627685 389029 44264 9957
0b001401 0b001501 10363 100 2097152 8670719 350221 44264 9476
0b001501 0b001601 10364 100 2097152 8633890 387603 44264 8997
0b000301 0b000401 10217 100 2097152 3733507 5288597 176699 12979
0b001401 0b001501 10364 100 2097152 8672127 350200 44264 11380
0b001001 0b001101 10364 100 2097152 8754626 269657 44264 10912
0b000901 0b000a01 10255 100 2097152 8958735 67199 44264 13113
0b000e01 0b000f01 10255 100 2097152 8978625 47563 44264 13550
0b001f01 0b001801 10364 100 2097152 8727212 299167 44264 9007
0b001a01 0b001b01 10362 100 2097152 8628295 399064 44264 9002
0b001801 0b001101 10052 100 2097152 8938924 90533 48204 8520
0b001e01 0b001f01 10362 100 2097152 8629248 400959 44264 8510
0b001001 0b001901 10052 100 2097152 8941453 90545 48204 8512
0b000d01 0b000e01 10256 100 2097152 8987081 45862 44264 15037
0b001e01 0b001701 10052 100 2097152 8940460 95627 48204 11406
0b001601 0b001f01 10052 100 2097152 8938935 98790 48204 11398
0b001d01 0b001e01 10364 100 2097152 8754625 283173 44264 8029
0b001101 0b001201 10362 100 2097152 8624859 415143 44264 8513
0b001d01 0b001e01 10365 100 2097152 8761269 283526 44264 9005
0b000901 0b000a01 10256 100 2097152 8981555 66286 44264 11609
0b000701 0b000001 10217 100 2097152 3719148 5333323 176699 14903
0b001e01 0b001f01 10363 100 2097152 8652062 407260 44264 9486
0b001c01 0b001501 10052 100 2097152 9011428 48108 48204 10444
0b001101 0b001201 10363 100 2097152 8644184 420019 44264 9457
0b001a01 0b001b01 10363 100 2097152 8666578 399150 44264 9946
0b001001 0b001101 10365 100 2097152 8803058 264126 44264 9456
0b001d01 0b001e01 10366 100 2097152 8788669 279578 44264 8045
0b001301 0b001401 10363 100 2097152 8676511 392566 44264 8995
0b001901 0b001a01 10363 100 2097152 8689138 381294 44264 8041
0b001b01 0b001c01 10364 100 2097152 8776578 294066 44264 8043
0b001c01 0b001d01 10364 100 2097152 8730876 339773 44264 11404
0b001f01 0b001801 10365 100 2097152 8783057 288124 44264 9967
0b001e01 0b001f01 10364 100 2097152 8663151 408694 44264 9006
0b001a01 0b001b01 10364 100 2097152 8675203 397152 44264 10922
0b000f01 0b000801 10255 100 2097152 9029198 44164 44264 13567
0b001801 0b001901 10364 100 2097152 8805455 271596 44264 11400
0b001301 0b001401 10364 100 2097152 8686896 393995 44264 8035
0b001701 0b001001 10364 100 2097152 8698808 384317 44264 8999
0b000e01 0b000701 10040 100 2097152 9035953 48108 48204 15054
0b001601 0b001701 10364 100 2097152 8742696 344086 44264 8502
0b001a01 0b001301 10052 100 2097152 9011841 81402 48204 9482
0b000a01 0b000b01 10255 100 2097152 9050851 44164 44264 11626
0b001301 0b001401 10365 100 2097152 8702913 391993 44264 8515
0b001401 0b001501 10365 100 2097152 8759238 336185 44264 10900
0b001601 0b001701 10365 100 2097152 8752377 344086 44264 10438
0b001e01 0b001f01 10365 100 2097152 8687928 408668 44264 9966
0b001301 0b001401 10366 100 2097152 8712767 389598 44264 9475
0b001201 0b001301 10364 100 2097152 8716827 386138 44264 10914
0b001a01 0b001b01 10365 100 2097152 8719582 383838 44264 8042
0b001b01 0b001c01 10365 100 2097152 8802125 303485 44264 8523
0b001c01 0b001d01 10365 100 2097152 8773121 339642 44264 9004
0b001c01 0b001d01 10366 100 2097152 8777416 339660 44264 8044
0b001b01 0b001c01 10366 100 2097152 8813874 305268 44264 11403
0b000a01 0b000301 10040 100 2097152 9028944 91172 48204 13130
0b000801 0b000901 10257 100 2097152 9076372 44164 44264 13576
0b001a01 0b001b01 10366 100 2097152 8748323 372807 44264 11402
0b001b01 0b001401 10052 100 2097152 9068738 55831 48204 9963
0b001001 0b001101 10366 100 2097152 8849909 281190 44264 9952
0b001801 0b001901 10365 100 2097152 8825696 307148 44264 9480
0b001101 0b001201 10364 100 2097152 8709881 426953 44264 8033
0b001d01 0b001e01 10367 100 2097152 8857402 279521 44264 9485
0b001101 0b001201 10365 100 2097152 8710190 426865 44264 10433
0b001f01 0b001801 10366 100 2097152 8842951 295955 44264 10927
0b001601 0b001701 10366 100 2097152 8801639 339639 44264 9478
0b001801 0b001901 10366 100 2097152 8829393 312080 44264 10920
0b000b01 0b000c01 10255 100 2097152 9098025 44164 44264 11643
0b001901 0b001a01 10364 100 2097152 8741415 401015 44264 9945
0b001401 0b001501 10366 100 2097152 8797340 345476 44264 9956
0b001601 0b001701 10367 100 2097152 8807794 338105 44264 10918
0b001501 0b001e01 10052 100 2097152 9098433 48108 48204 10917
0b001201 0b001301 10365 100 2097152 8761268 388169 44264 8034
0b001a01 0b001b01 10367 100 2097152 8801598 348688 44264 8522
0b001901 0b001a01 10365 100 2097152 8748325 404621 44264 10441
0b001901 0b001a01 10366 100 2097152 8752087 405633 44264 9961
0b001f01 0b001801 10367 100 2097152 8857097 300994 44264 10447
0b001501 0b001601 10365 100 2097152 8770044 388918 44264 8021
0b001001 0b001101 10367 100 2097152 8878510 281190 44264 9472
0b001c01 0b001d01 10367 100 2097152 8825451 337698 44264 9484
0b001e01 0b001f01 10366 100 2097152 8762351 401086 44264 8030
0b000901 0b000a01 10257 100 2097152 9123546 44164 44264 13593
0b001b01 0b001c01 10367 100 2097152 8856123 311912 44264 9003
0b001b01 0b001c01 10368 100 2097152 8856432 312087 44264 10923
0b001301 0b001401 10367 100 2097152 8800650 368120 44264 10419
0b001001 0b001101 10368 100 2097152 8897103 275006 44264 8032
0b001201 0b001b01 10052 100 2097152 9067213 106220 48204 9474
0b001001 0b001101 10369 100 2097152 8901500 272458 44264 10432
0b001401 0b001501 10367 100 2097152 8824896 350001 44264 8996
0b001201 0b001301 10366 100 2097152 8787207 388279 44264 11394
0b001901 0b001a01 10367 100 2097152 8770191 405658 44264 8521
0b001d01 0b001e01 10368 100 2097152 8896395 281035 44264 9965
0b001801 0b001901 10367 100 2097152 8848956 328536 44264 9960
0b001701 0b001001 10365 100 2097152 8771901 406413 44264 9959
0b001501 0b001601 10366 100 2097152 8791679 392192 44264 10437
0b001301 0b001401 10368 100 2097152 8824574 362153 44264 11395
0b001701 0b001001 10366 100 2097152 8778238 408789 44264 9479
0b000c01 0b000d01 10257 100 2097152 9145199 44164 44264 11660
0b001801 0b001901 10368 100 2097152 8857298 331899 44264 9000
0b001e01 0b001f01 10367 100 2097152 8788844 401306 44264 10446
0b001901 0b001a01 10368 100 2097152 8788960 402849 44264 10921
0b001c01 0b001d01 10368 100 2097152 8858856 335652 44264 8524
0b001c01 0b001d01 10369 100 2097152 8859319 335498 44264 10924
0b001201 0b001301 10367 100 2097152 8810540 384351 44264 9938
0b001a01 0b001b01 10368 100 2097152 8855283 340868 44264 10426
0b001a01 0b001b01 10369 100 2097152 8855293 340859 44264 10442
0b001201 0b001301 10368 100 2097152 8813401 383339 44264 10418
0b001901 0b001a01 10369 100 2097152 8797541 400296 44264 11401
0b001f01 0b001801 10368 100 2097152 8895312 308636 44264 9487
0b001401 0b001501 10368 100 2097152 8847469 357991 44264 11396
0b001601 0b001701 10368 100 2097152 8880280 331386 44264 8022
0b001001 0b001101 10370 100 2097152 8984094 229670 44264 8992
0b001f01 0b001001 10052 100 2097152 9166447 48108 48204 8047
0b000a01 0b000b01 10256 100 2097152 9170720 44164 44264 13610
0b001e01 0b001f01 10368 100 2097152 8815927 401350 44264 8526
0b001501 0b001601 10367 100 2097152 8822317 396165 44264 8037
0b001701 0b001001 10367 100 2097152 8806456 412916 44264 11399
0b001401 0b001d01 10052 100 2097152 9171780 49339 48204 10436
0b001b01 0b001c01 10369 100 2097152 8900498 323647 44264 9483
0b001501 0b001601 10368 100 2097152 8829714 396095 44264 8517
0b001501 0b001601 10369 100 2097152 8833873 395281 44264 9477
0b001601 0b001701 10369 100 2097152 8902502 330188 44264 8518
0b001401 0b001501 10369 100 2097152 8872418 361534 44264 8036
0b001701 0b001001 10368 100 2097152 8822420 412776 44264 10919
0b000d01 0b000e01 10257 100 2097152 9192373 44164 44264 11677
0b001201 0b001301 10369 100 2097152 8886459 350432 44264 9010
0b001d01 0b001e01 10369 100 2097152 8955361 282424 44264 10445
0b001801 0b001901 10369 100 2097152 8905638 336891 44264 10440
0b001201 0b001301 10370 100 2097152 8904420 339692 44264 10434
0b001101 0b001201 10366 100 2097152 8801763 442361 44264 11393
0b001101 0b001201 10367 100 2097152 8802952 442625 44264 10913
0b001d01 0b001601 10053 100 2097152 9197827 49064 48204 10941
0b001e01 0b001f01 10369 100 2097152 8851410 395990 44264 10926
0b001101 0b001201 10368 100 2097152 8805927 442731 44264 9937
0b001701 0b001001 10369 100 2097152 8846137 410378 44264 10439
0b001101 0b001201 10369 100 2097152 8814442 442137 44264 9953
0b001801 0b001901 10370 100 2097152 8923697 334277 44264 8040
0b001301 0b001c01 10052 100 2097152 9197901 61051 48204 9955
0b001901 0b001201 10053 100 2097152 9192207 67579 48204 9017
0b001701 0b001801 10052 100 2097152 9214676 48108 48204 8039
0b000e01 0b000f01 10256 100 2097152 9239547 44164 44264 11694
0b001101 0b001a01 10053 100 2097152 9216774 67582 48204 9009
0b001d01 0b001e01 10370 100 2097152 9006660 284256 44264 11405
0b001f01 0b001801 10369 100 2097152 8963336 340853 44264 11407
0b001a01 0b001b01 10370 100 2097152 8965566 342351 44264 9018
0b001901 0b001a01 10370 100 2097152 8939340 371146 44264 9481
0b001001 0b001101 10371 100 2097152 9086135 225631 44264 9008
0b001c01 0b001d01 10370 100 2097152 8997583 326775 44264 9964
0b001401 0b001501 10370 100 2097152 8985775 347375 44264 10916
0b001e01 0b001701 10053 100 2097152 9293926 48871 48204 11422
0b001301 0b001401 10369 100 2097152 8961908 382621 44264 10915
0b001801 0b001901 10371 100 2097152 9029389 322596 44264 9016
0b001201 0b001301 10371 100 2097152 9043012 318638 44264 8530
0b001a01 0b001301 10053 100 2097152 9313496 50802 48204 9498
0b001601 0b001701 10370 100 2097152 9011845 354143 44264 10934
0b001d01 0b001e01 10371 100 2097152 9073659 292920 44264 11421
0b001301 0b001401 10370 100 2097152 8983095 385990 44264 9011
0b001101 0b001a01 10054 100 2097152 9314776 55502 48204 9025
0b001601 0b001701 10371 100 2097152 9019724 355241 44264 9974
0b001601 0b001701 10372 100 2097152 9024503 354625 44264 9014
0b001501 0b001601 10370 100 2097152 8992093 387066 44264 8533
0b001101 0b001201 10370 100 2097152 8951080 429936 44264 11409
0b001501 0b001e01 10053 100 2097152 9336160 48751 48204 10933
0b001b01 0b001c01 10370 100 2097152 9030369 354601 44264 9019
0b001801 0b001901 10372 100 2097152 9074191 311323 44264 9976
0b001901 0b001a01 10371 100 2097152 9035008 352466 44264 8537
0b001701 0b001001 10370 100 2097152 8973842 414488 44264 9015
0b001301 0b001401 10371 100 2097152 8999485 390061 44264 8531
0b001e01 0b001f01 10370 100 2097152 8999179 391626 44264 8542
0b000b01 0b000401 10041 100 2097152 9217894 180625 180639 13627
0b001f01 0b001801 10370 100 2097152 9033217 366677 44264 8527
0b001c01 0b001d01 10371 100 2097152 9073654 328347 44264 8060
0b001501 0b001601 10371 100 2097152 9023950 384624 44264 9493
0b001901 0b001201 10054 100 2097152 9354995 54179 48204 9033
0b001501 0b001601 10372 100 2097152 9025337 384426 44264 11397
0b001701 0b001001 10371 100 2097152 8988473 421417 44264 9975
0b001f01 0b001801 10371 100 2097152 9040735 369213 44264 11423
0b001a01 0b001b01 10371 100 2097152 9073442 344242 44264 8058
0b001d01 0b001e01 10372 100 2097152 9115773 303347 44264 9021
0b001e01 0b001701 10054 100 2097152 9369589 50694 48204 11438
0b001901 0b001a01 10372 100 2097152 9080061 343186 44264 11417
0b001d01 0b001e01 10373 100 2097152 9120086 303391 44264 8061
0b001e01 0b001f01 10371 100 2097152 9040808 389409 44264 8046
0b001f01 0b001801 10372 100 2097152 9062332 369181 44264 9503
0b001801 0b001901 10373 100 2097152 9141916 289724 44264 10936
0b001401 0b001501 10371 100 2097152 9072087 359835 44264 9012
0b001501 0b001601 10373 100 2097152 9062546 370432 44264 10453
0b001c01 0b001d01 10372 100 2097152 9108620 328361 44264 8540
0b001e01 0b001f01 10372 100 2097152 9047805 389364 44264 9022
0b001b01 0b001c01 10371 100 2097152 9075365 363950 44264 10939
0b001101 0b001201 10371 100 2097152 9027293 413014 44264 10929
0b001f01 0b001801 10373 100 2097152 9074855 366586 44264 9023
0b001101 0b001201 10372 100 2097152 9032467 410877 44264 8529
0b001401 0b001501 10372 100 2097152 9083901 361574 44264 8052
0b001001 0b001101 10372 100 2097152 9181324 266103 44264 9968
0b001801 0b001901 10374 100 2097152 9161101 286780 44264 10456
0b001c01 0b001d01 10373 100 2097152 9122152 327902 44264 11420
0b001801 0b001101 10053 100 2097152 9402904 49219 48204 8536
0b001e01 0b001f01 10373 100 2097152 9071257 385801 44264 8062
0b001401 0b001501 10373 100 2097152 9097916 360188 44264 8532
0b001f01 0b001801 10374 100 2097152 9099606 360452 44264 9983
0b001401 0b001501 10374 100 2097152 9105375 358295 44264 9492
0b001d01 0b001e01 10374 100 2097152 9166159 299412 44264 9501
0b001101 0b001201 10373 100 2097152 9070194 395837 44264 9473
0b001901 0b001a01 10373 100 2097152 9135854 330566 44264 9497
0b000f01 0b000001 10041 100 2097152 9286721 180234 180639 11711
0b001001 0b001101 10373 100 2097152 9190037 277719 44264 9488
0b001601 0b001f01 10053 100 2097152 9412773 55007 48204 11414
0b001201 0b001301 10372 100 2097152 9139844 331559 44264 8050
0b001201 0b001301 10373 100 2097152 9140065 331559 44264 10450
0b001901 0b001a01 10374 100 2097152 9144483 328252 44264 10937
0b001b01 0b001c01 10372 100 2097152 9106430 368614 44264 8059
0b001401 0b001501 10375 100 2097152 9127579 348412 44264 9972
0b001701 0b001001 10372 100 2097152 9039097 439127 44264 11415
0b001801 0b001901 10375 100 2097152 9206958 285280 44264 9496
0b001501 0b001601 10374 100 2097152 9145826 347032 44264 9973
0b001b01 0b001c01 10373 100 2097152 9124140 369385 44264 11419
0b001d01 0b001e01 10375 100 2097152 9197518 297754 44264 8541
0b001c01 0b001d01 10374 100 2097152 9171045 324514 44264 9020
0b001c01 0b001d01 10375 100 2097152 9171529 324427 44264 10940
0b001301 0b001401 10372 100 2097152 9096253 400223 44264 9491
0b001901 0b001a01 10375 100 2097152 9180502 318726 44264 9977
0b001401 0b001501 10376 100 2097152 9189737 314991 44264 11412
0b001f01 0b001001 10053 100 2097152 9433227 76102 48204 8063
0b001101 0b001201 10374 100 2097152 9134109 375949 44264 9969
0b001301 0b001401 10373 100 2097152 9105975 405263 44264 10931
0b001001 0b001101 10374 100 2097152 9217565 298948 44264 8048
0b001d01 0b001e01 10376 100 2097152 9224129 293241 44264 10461
0b001b01 0b001c01 10374 100 2097152 9153296 365331 44264 8539
0b001501 0b001601 10375 100 2097152 9177907 343710 44264 9013
0b001e01 0b001f01 10374 100 2097152 9139933 384547 44264 9502
0b001001 0b001101 10375 100 2097152 9222382 302469 44264 11408
0b001f01 0b001801 10375 100 2097152 9193160 335521 44264 10463
0b001101 0b001201 10375 100 2097152 9162710 367993 44264 9489
0b001f01 0b001001 10054 100 2097152 9460068 70916 48204 8079
0b001e01 0b001f01 10375 100 2097152 9149551 384455 44264 10942
0b001b01 0b001c01 10375 100 2097152 9176443 358355 44264 9499
0b001701 0b001001 10373 100 2097152 9089792 445654 44264 8519
0b001601 0b001701 10373 100 2097152 9161972 376172 44264 8038
0b001101 0b001201 10376 100 2097152 9175119 364230 44264 8049
0b001101 0b001201 10377 100 2097152 9176968 363438 44264 10449
0b001701 0b001001 10374 100 2097152 9099473 445680 44264 10455
0b001001 0b001101 10376 100 2097152 9238206 307290 44264 10928
0b001d01 0b001601 10054 100 2097152 9498966 48108 48204 10957
0b001a01 0b001b01 10372 100 2097152 9145440 402238 44264 9962
0b001b01 0b001c01 10376 100 2097152 9199161 348599 44264 10443
0b001b01 0b001c01 10377 100 2097152 9199171 348590 44264 10459
0b001501 0b001601 10376 100 2097152 9208470 339900 44264 11413
0b001801 0b001901 10376 100 2097152 9265794 284463 44264 8056
0b001c01 0b001d01 10376 100 2097152 9227155 324127 44264 9500
0b001f01 0b001801 10376 100 2097152 9220287 332863 44264 8543
0b001e01 0b001f01 10376 100 2097152 9180440 379791 44264 9982
0b001901 0b001a01 10376 100 2097152 9245539 316372 44264 10457
0b001a01 0b001b01 10373 100 2097152 9155956 413397 44264 10458
0b001001 0b001101 10377 100 2097152 9259525 310304 44264 10448
0b001301 0b001401 10374 100 2097152 9152447 418567 44264 8051
0b001201 0b001b01 10053 100 2097152 9469041 102330 48204 9490
0b001501 0b001601 10377 100 2097152 9236962 334992 44264 8053
0b001a01 0b001301 10054 100 2097152 9469430 104642 48204 9514
0b001901 0b001a01 10377 100 2097152 9260984 314128 44264 8057
0b001b01 0b001c01 10378 100 2097152 9310927 265901 44264 9035
0b001f01 0b001801 10377 100 2097152 9250410 327385 44264 10943
0b001a01 0b001b01 10374 100 2097152 9160730 417340 44264 9978
0b001701 0b001001 10375 100 2097152 9144288 436770 44264 9495
0b001601 0b001701 10374 100 2097152 9186881 396505 44264 10454
0b001701 0b001001 10376 100 2097152 9148909 435080 44264 10935
0b001c01 0b001d01 10377 100 2097152 9261962 324987 44264 9980
0b001801 0b001901 10377 100 2097152 9307199 286253 44264 11416
0b001601 0b001f01 10054 100 2097152 9551380 49232 48204 11430
0b001301 0b001401 10375 100 2097152 9178496 422658 44264 11411
0b001d01 0b001e01 10377 100 2097152 9327368 276845 44264 9981
0b001a01 0b001b01 10375 100 2097152 9178859 427768 44264 8538
0b001201 0b001b01 10054 100 2097152 9533713 73568 48204 9506
0b001e01 0b001f01 10377 100 2097152 9240795 368149 44264 10462
0b001001 0b001901 10053 100 2097152 9538456 76609 48204 8528
0b001b01 0b001c01 10379 100 2097152 9420694 197503 44264 8075
0b001701 0b001801 10053 100 2097152 9541154 77804 48204 8055
0b001401 0b001501 10377 100 2097152 9347539 274067 44264 10932
0b001301 0b001401 10376 100 2097152 9199750 424461 44264 10435
0b001a01 0b001b01 10376 100 2097152 9194819 431829 44264 10938
0b001b01 0b001401 10053 100 2097152 9550688 76104 48204 9979
0b001801 0b001101 10054 100 2097152 9556160 76543 48204 8552
0b001a01 0b001b01 10377 100 2097152 9200847 433128 44264 11418
0b001601 0b001701 10375 100 2097152 9221492 418786 44264 8054
0b001701 0b001001 10377 100 2097152 9235700 405955 44264 8535
0b001401 0b001501 10378 100 2097152 9372095 272725 44264 9028
0b001601 0b001701 10376 100 2097152 9228819 422020 44264 8534
0b001c01 0b001501 10053 100 2097152 9550770 103483 48204 10460
0b001c01 0b001501 10054 100 2097152 9550780 103489 48204 10476
0b001601 0b001701 10377 100 2097152 9232164 422459 44264 9494
0b001301 0b001401 10377 100 2097152 9239901 419423 44264 9027
0b001401 0b001501 10379 100 2097152 9392556 267581 44264 8548
0b001301 0b001401 10378 100 2097152 9247122 416955 44264 10451
0b001b01 0b001401 10054 100 2097152 9581080 86401 48204 9995
0b001201 0b001301 10374 100 2097152 9247134 423827 44264 11410
0b001601 0b001701 10378 100 2097152 9249901 422323 44264 10950
0b001201 0b001301 10375 100 2097152 9248587 426247 44264 10930
0b001501 0b001e01 10054 100 2097152 9624616 50565 48204 10949
0b001d01 0b001e01 10378 100 2097152 9405011 271275 44264 8077
0b001201 0b001301 10376 100 2097152 9251668 429327 44264 9954
0b001901 0b001a01 10378 100 2097152 9388524 295910 44264 9993
0b001201 0b001301 10377 100 2097152 9259589 433308 44264 9970
0b001701 0b001801 10054 100 2097152 9643288 50038 48204 8071
0b001001 0b001901 10054 100 2097152 9644665 50169 48204 8544
0b001201 0b001301 10378 100 2097152 9262796 433798 44264 9026
0b001f01 0b001801 10378 100 2097152 9393815 311629 44264 8559
0b001d01 0b001e01 10379 100 2097152 9439991 266656 44264 8557
0b001801 0b001901 10378 100 2097152 9412958 300289 44264 11432
0b001d01 0b001e01 10380 100 2097152 9453064 262317 44264 11437
0b001c01 0b001d01 10378 100 2097152 9387980 329214 44264 9036
0b001a01 0b001b01 10378 100 2097152 9287366 437363 44264 9034
0b001001 0b001101 10378 100 2097152 9391340 339059 44264 9024
0b001901 0b001a01 10379 100 2097152 9434650 297419 44264 10953
0b001401 0b001d01 10053 100 2097152 9627221 110029 48204 10452
0b001801 0b001901 10379 100 2097152 9434523 304618 44264 9512
0b001d01 0b001e01 10381 100 2097152 9498569 245418 44264 9037
0b001801 0b001901 10380 100 2097152 9444451 304570 44264 9032
0b001901 0b001a01 10380 100 2097152 9450891 298304 44264 10473
0b001301 0b001401 10379 100 2097152 9364660 384974 44264 8547
0b001f01 0b001801 10379 100 2097152 9440179 310409 44264 9039
0b001401 0b001d01 10054 100 2097152 9667087 84312 48204 10468
0b001301 0b001401 10380 100 2097152 9367308 384175 44264 9507
0b001001 0b001101 10379 100 2097152 9412900 339060 44264 9984
0b001701 0b001001 10378 100 2097152 9345807 407776 44264 11431
0b001e01 0b001f01 10378 100 2097152 9387921 371873 44264 10958
0b001801 0b001101 10055 100 2097152 9708454 52241 48204 8568
0b001801 0b001901 10381 100 2097152 9463068 303183 44264 9992
0b001e01 0b001701 10055 100 2097152 9718391 48108 48204 11454
0b001301 0b001c01 10053 100 2097152 9684005 83492 48204 9971
0b000401 0b000501 10217 100 2097152 3786295 5984214 176699 13460
0b001c01 0b001d01 10379 100 2097152 9442325 328483 44264 10956
0b001701 0b001001 10379 100 2097152 9368998 405771 44264 10951
0b001601 0b001701 10379 100 2097152 9382169 396008 44264 8550
0b001301 0b001c01 10054 100 2097152 9695907 82997 48204 9987
0b001701 0b001001 10380 100 2097152 9377975 403884 44264 9991
0b001701 0b001001 10381 100 2097152 9382138 402890 44264 9031
0b001401 0b001501 10380 100 2097152 9499486 285691 44264 9508
0b001f01 0b001801 10380 100 2097152 9470790 315795 44264 11439
0b001101 0b001201 10378 100 2097152 9450437 336475 44264 9985
0b001501 0b001601 10378 100 2097152 9434932 355434 44264 9029
0b001d01 0b001e01 10382 100 2097152 9554292 239596 44264 9517
0b001101 0b001201 10379 100 2097152 9455133 338908 44264 8545
0b001901 0b001a01 10381 100 2097152 9495248 303980 44264 9513
0b001e01 0b001f01 10379 100 2097152 9422130 380415 44264 9038
0b001601 0b001701 10380 100 2097152 9411584 393439 44264 9510
0b001e01 0b001f01 10380 100 2097152 9426487 380899 44264 8078
0b001101 0b001a01 10055 100 2097152 9733409 75564 48204 9041
0b001201 0b001301 10379 100 2097152 9384026 424975 44264 11426
0b001701 0b001001 10382 100 2097152 9423293 388888 44264 11447
0b001101 0b001201 10380 100 2097152 9470766 341932 44264 9505
0b001401 0b001501 10381 100 2097152 9514248 298583 44264 10948
0b001c01 0b001d01 10380 100 2097152 9478054 337239 44264 8076
0b001b01 0b001c01 10380 100 2097152 9572363 244355 44264 10475
0b001501 0b001601 10379 100 2097152 9448485 368946 44264 8069
0b001d01 0b001e01 10383 100 2097152 9589959 227715 44264 9997
0b000501 0b000601 10233 100 2097152 9773519 44521 44264 13477
0b001b01 0b001c01 10381 100 2097152 9574381 246451 44264 9515
0b001301 0b001401 10381 100 2097152 9474413 348443 44264 8067
0b001301 0b001401 10382 100 2097152 9474634 348355 44264 10467
0b001601 0b001701 10381 100 2097152 9435988 387718 44264 10470
0b001d01 0b001601 10055 100 2097152 9773818 50220 48204 10973
0b001a01 0b001b01 10379 100 2097152 9373288 452699 44264 9050
0b001801 0b001901 10382 100 2097152 9531691 294339 44264 10472
0b000001 0b000101 10217 100 2097152 3826863 6000625 176699 11536
0b001001 0b001101 10380 100 2097152 9481234 352961 44264 11424
0b001c01 0b001d01 10381 100 2097152 9496535 339161 44264 11436
0b001501 0b001601 10380 100 2097152 9461114 375347 44264 8549
0b001901 0b001201 10055 100 2097152 9752031 84836 48204 9049
0b001201 0b001301 10380 100 2097152 9412184 424961 44264 9042
0b001501 0b001601 10381 100 2097152 9466680 376118 44264 9509
0b001a01 0b001b01 10380 100 2097152 9390484 454665 44264 8554
0b001f01 0b001801 10381 100 2097152 9527490 322135 44264 9519
0b001501 0b001601 10382 100 2097152 9479001 374578 44264 9989
0b001f01 0b001001 10055 100 2097152 9810396 48108 48204 8095
0b001e01 0b001f01 10381 100 2097152 9468581 390136 44264 9518
0b001f01 0b001801 10382 100 2097152 9537016 321986 44264 10959
0b001201 0b001301 10381 100 2097152 9443317 421086 44264 10946
0b001c01 0b001d01 10382 100 2097152 9521637 343320 44264 8556
0b000601 0b000701 10248 100 2097152 9821050 44672 44264 13494
0b001201 0b001301 10382 100 2097152 9446354 420206 44264 8546
0b001101 0b001201 10381 100 2097152 9519523 347233 44264 8065
0b001801 0b001901 10383 100 2097152 9580805 286991 44264 10952
0b001901 0b001a01 10382 100 2097152 9553267 318218 44264 8073
0b001501 0b001601 10383 100 2097152 9507738 366302 44264 11429
0b001501 0b001e01 10055 100 2097152 9815841 58482 48204 10965
0b000101 0b000201 10233 100 2097152 9830498 44419 44264 11553
0b001101 0b001201 10382 100 2097152 9527861 347212 44264 11425
0b001a01 0b001b01 10381 100 2097152 9426257 452359 44264 11434
0b001c01 0b001d01 10383 100 2097152 9537808 341010 44264 9516
0b001601 0b001701 10382 100 2097152 9495868 384174 44264 9990
0b001001 0b001101 10381 100 2097152 9512339 368013 44264 8064
0b001f01 0b001801 10383 100 2097152 9563241 319103 44264 9999
0b001a01 0b001301 10055 100 2097152 9802238 80193 48204 9530
0b001301 0b001401 10383 100 2097152 9577082 313724 44264 9523
0b001e01 0b001f01 10382 100 2097152 9498282 395569 44264 8558
0b001201 0b001b01 10055 100 2097152 9815708 79743 48204 9522
0b001b01 0b001c01 10382 100 2097152 9609637 287504 44264 8555
0b001101 0b001201 10383 100 2097152 9548506 349056 44264 10945
0b001b01 0b001c01 10383 100 2097152 9610291 287929 44264 9531
0b001601 0b001701 10383 100 2097152 9524627 381156 44264 9030
0b001401 0b001501 10382 100 2097152 9574024 333949 44264 8068
0b001c01 0b001501 10055 100 2097152 9819728 89870 48204 10492
0b001c01 0b001d01 10384 100 2097152 9579838 330472 44264 9052
0b001801 0b001901 10384 100 2097152 9621968 288865 44264 8072
0b001001 0b001101 10382 100 2097152 9533994 378699 44264 8080
0b001401 0b001d01 10055 100 2097152 9825999 88807 48204 10484
0b001e01 0b001f01 10383 100 2097152 9520380 395648 44264 10478
0b001f01 0b001801 10384 100 2097152 9603622 314064 44264 11455
0b001201 0b001301 10383 100 2097152 9513068 408835 44264 9986
0b000201 0b000301 10248 100 2097152 9877927 44684 44264 11570
0b001101 0b001201 10384 100 2097152 9572839 350028 44264 10465
0b001a01 0b001b01 10382 100 2097152 9475745 447422 44264 10954
0b001f01 0b001801 10385 100 2097152 9611954 312575 44264 10479
0b001601 0b001701 10384 100 2097152 9550084 375060 44264 10966
0b001601 0b001f01 10055 100 2097152 9877050 48108 48204 11446
0b001b01 0b001c01 10384 100 2097152 9629658 300247 44264 10955
0b001001 0b001101 10383 100 2097152 9548163 383341 44264 10464
0b001901 0b001a01 10383 100 2097152 9596462 339356 44264 11433
0b001b01 0b001c01 10385 100 2097152 9636985 303106 44264 11435
0b001601 0b001701 10385 100 2097152 9574964 366043 44264 8070
0b001a01 0b001b01 10383 100 2097152 9502238 440537 44264 9994
0b001c01 0b001d01 10385 100 2097152 9621207 326336 44264 8092
0b001201 0b001301 10384 100 2097152 9542359 405356 44264 8066
0b001401 0b001501 10383 100 2097152 9604164 343938 44264 11428
0b001201 0b001301 10385 100 2097152 9543416 405004 44264 10466
0b001701 0b001001 10383 100 2097152 9586396 376946 44264 10471
0b001901 0b001a01 10384 100 2097152 9618075 346608 44264 8553
0b001d01 0b001e01 10384 100 2097152 9720204 247620 44264 9053
0b001401 0b001501 10384 100 2097152 9629802 345426 44264 9988
0b001001 0b001101 10384 100 2097152 9584068 392387 44264 9504
0b001001 0b001101 10385 100 2097152 9586999 392801 44264 10944
0b001101 0b001201 10385 100 2097152 9635713 348790 44264 8561
0b001a01 0b001b01 10384 100 2097152 9564921 422870 44264 10474
0b001801 0b001901 10385 100 2097152 9696336 295070 44264 8088
0b001701 0b001801 10055 100 2097152 9944017 48108 48204 8087
0b001301 0b001c01 10055 100 2097152 9924913 71275 48204 10003
0b001a01 0b001b01 10385 100 2097152 9578122 418998 44264 8074
0b001401 0b001501 10385 100 2097152 9662334 343915 44264 9044
0b001301 0b001401 10384 100 2097152 9673971 335297 44264 11427
0b001e01 0b001f01 10384 100 2097152 9607223 405104 44264 9998
0b001d01 0b001e01 10385 100 2097152 9740260 272709 44264 10477
0b001401 0b001501 10386 100 2097152 9670491 342627 44264 10004
0b001301 0b001401 10385 100 2097152 9677844 337167 44264 10947
0b001b01 0b001401 10055 100 2097152 9945785 71277 48204 10011
0b001501 0b001601 10384 100 2097152 9647830 370266 44264 9045
0b001501 0b001601 10385 100 2097152 9657263 374254 44264 10469
0b001501 0b001601 10386 100 2097152 9657279 374239 44264 10485
0b001501 0b001601 10387 100 2097152 9663147 373652 44264 8565
0b001301 0b001401 10386 100 2097152 9699604 340245 44264 9043
0b001d01 0b001e01 10386 100 2097152 9754409 285489 44264 10493
0b001b01 0b001c01 10386 100 2097152 9727739 315172 44264 9051
0b001f01 0b001801 10386 100 2097152 9762804 286932 44264 10975
0b001901 0b001a01 10385 100 2097152 9697844 356340 44264 8569
0b001801 0b001901 10386 100 2097152 9753598 305023 44264 9048
0b001701 0b001001 10384 100 2097152 9653849 408693 44264 8551
0b001701 0b001001 10385 100 2097152 9657633 409881 44264 9511
0b001901 0b001a01 10386 100 2097152 9716257 356258 44264 11449
0b001701 0b001001 10386 100 2097152 9675234 409881 44264 10967
0b001a01 0b001b01 10386 100 2097152 9687444 399093 44264 10010
0b001f01 0b001801 10387 100 2097152 9805555 283539 44264 9055
0b001901 0b001a01 10387 100 2097152 9742151 350957 44264 9529
0b001401 0b001501 10387 100 2097152 9752644 347054 44264 8564
0b001401 0b001501 10388 100 2097152 9754493 346921 44264 9524
0b001c01 0b001d01 10386 100 2097152 9770507 332977 44264 9996
0b001101 0b001201 10386 100 2097152 9754970 348862 44264 10001
0b001e01 0b001f01 10385 100 2097152 9678191 431209 44264 10974
0b001e01 0b001f01 10386 100 2097152 9679296 431293 44264 8094
0b001101 0b001201 10387 100 2097152 9763705 346904 44264 8577
0b001901 0b001a01 10388 100 2097152 9769261 342679 44264 10009
0b001901 0b001201 10056 100 2097152 10061631 50685 48204 9065
0b001801 0b001901 10387 100 2097152 9789595 325967 44264 11448
0b001001 0b001901 10055 100 2097152 10065552 50155 48204 8560
0b001c01 0b001d01 10387 100 2097152 9781914 334595 44264 10012
0b001501 0b001601 10388 100 2097152 9788187 341901 44264 9525
0b001a01 0b001b01 10387 100 2097152 9735079 396788 44264 10970
0b001f01 0b001801 10388 100 2097152 9861727 273225 44264 9535
0b001e01 0b001f01 10387 100 2097152 9709657 428037 44264 8574
0b001b01 0b001401 10056 100 2097152 10089547 49808 48204 10027
0b001d01 0b001e01 10387 100 2097152 9818303 327798 44264 8093
0b001a01 0b001301 10056 100 2097152 10096118 49990 48204 9546
0b001a01 0b001b01 10388 100 2097152 9752205 394996 44264 10490
0b001001 0b001101 10386 100 2097152 9756593 391080 44264 11440
0b001b01 0b001c01 10387 100 2097152 9828997 320958 44264 9067
0b001c01 0b001d01 10388 100 2097152 9823842 330556 44264 9532
0b001601 0b001701 10386 100 2097152 9793376 362219 44264 9046
0b001401 0b001501 10389 100 2097152 9825866 329757 44264 8084
0b001901 0b001a01 10389 100 2097152 9829040 327323 44264 10489
0b001301 0b001401 10387 100 2097152 9812011 345099 44264 11443
0b001701 0b001001 10387 100 2097152 9769509 390631 44264 11463
0b001f01 0b001001 10056 100 2097152 10113599 48111 48204 8111
0b001e01 0b001f01 10388 100 2097152 9746997 418796 44264 9054
0b001101 0b001201 10388 100 2097152 9837205 329420 44264 11441
0b001701 0b001001 10388 100 2097152 9781187 388656 44264 8567
0b001f01 0b001801 10389 100 2097152 9896861 275434 44264 8575
0b001001 0b001101 10387 100 2097152 9777779 395995 44264 10960
0b001201 0b001301 10386 100 2097152 9789922 384147 44264 10002
0b001b01 0b001c01 10388 100 2097152 9848159 327273 44264 8571
0b001001 0b001101 10388 100 2097152 9784869 396826 44264 10000
0b001901 0b001a01 10390 100 2097152 9870806 311628 44264 10969
0b001201 0b001301 10387 100 2097152 9797051 386699 44264 8562
0b001001 0b001101 10389 100 2097152 9788038 396474 44264 9040
0b001d01 0b001e01 10388 100 2097152 9838706 351884 44264 11453
0b001701 0b001001 10389 100 2097152 9808033 384404 44264 9527
0b001301 0b001401 10388 100 2097152 9840155 352825 44264 9059
0b001a01 0b001b01 10389 100 2097152 9811983 382109 44264 9066
0b001f01 0b001801 10390 100 2097152 9919038 275698 44264 10495
0b001601 0b001701 10387 100 2097152 9820441 377395 44264 8086
0b001e01 0b001f01 10389 100 2097152 9796898 403088 44264 9534
0b001f01 0b001801 10391 100 2097152 9928168 274823 44264 11471
0b001901 0b001a01 10391 100 2097152 9913843 290152 44264 8089
0b001001 0b001101 10390 100 2097152 9815191 389588 44264 11456
0b001701 0b001001 10390 100 2097152 9826716 378706 44264 10487
0b001601 0b001701 10388 100 2097152 9827048 380095 44264 10982
0b001b01 0b001c01 10389 100 2097152 9881626 328922 44264 11451
0b001101 0b001201 10389 100 2097152 9883362 329217 44264 8081
0b001e01 0b001f01 10390 100 2097152 9820684 394087 44264 10014
0b001401 0b001501 10390 100 2097152 9893816 322954 44264 9540
0b001801 0b001901 10388 100 2097152 9852635 365839 44264 9528
0b001601 0b001701 10389 100 2097152 9839471 381753 44264 8566
0b001301 0b001401 10389 100 2097152 9867413 357313 44264 10963
0b001301 0b001c01 10056 100 2097152 10177079 48108 48204 10019
0b001b01 0b001c01 10390 100 2097152 9898461 327026 44264 9547
0b001301 0b001401 10390 100 2097152 9869570 357026 44264 8563
0b001601 0b001701 10390 100 2097152 9845808 380982 44264 9526
0b001601 0b001701 10391 100 2097152 9856589 377462 44264 10006
0b001801 0b001901 10389 100 2097152 9862012 372083 44264 10968
0b001301 0b001401 10391 100 2097152 9885441 351056 44264 9539
0b001d01 0b001e01 10389 100 2097152 9867967 369440 44264 8573
0b001201 0b001301 10388 100 2097152 9839877 398284 44264 9058
0b001901 0b001a01 10392 100 2097152 9994416 245118 44264 8105
0b001001 0b001101 10391 100 2097152 9861514 378294 44264 8096
0b001e01 0b001701 10056 100 2097152 10193600 48924 48204 11470
0b001101 0b001a01 10056 100 2097152 10187522 55433 48204 9057
0b001e01 0b001f01 10391 100 2097152 9877333 367539 44264 10990
0b001701 0b001001 10391 100 2097152 9883052 362516 44264 10007
0b001b01 0b001c01 10391 100 2097152 9926177 323071 44264 10971
0b001a01 0b001b01 10390 100 2097152 9874495 377642 44264 8090
0b001d01 0b001e01 10390 100 2097152 9881828 371750 44264 9533
0b001101 0b001201 10390 100 2097152 9915703 338637 44264 8097
0b001c01 0b001d01 10389 100 2097152 9900151 359578 44264 8572
0b001c01 0b001d01 10390 100 2097152 9901230 360436 44264 9548
0b001001 0b001901 10056 100 2097152 10172853 91790 48204 8576
0b001801 0b001101 10056 100 2097152 10175305 91931 48204 8584
0b001801 0b001901 10390 100 2097152 9885354 382621 44264 10008
0b001701 0b001001 10392 100 2097152 9908793 359656 44264 9047
0b001301 0b001401 10392 100 2097152 9950725 325048 44264 8083
0b001301 0b001401 10393 100 2097152 9951430 324608 44264 10483
0b001701 0b001801 10056 100 2097152 10200846 76126 48204 8103
0b000301 0b000401 10218 100 2097152 3909459 6369437 176699 11539
0b000301 0b000401 10219 100 2097152 3909460 6369452 176699 12019
0b000301 0b000401 10220 100 2097152 3909461 6369467 176699 12499
0b000301 0b000401 10221 100 2097152 3909463 6369481 176699 13939
0b000301 0b000401 10222 100 2097152 3909464 6369496 176699 14419
0b000301 0b000401 10223 100 2097152 3909465 6369511 176699 14899
0b001101 0b001201 10391 100 2097152 9934514 344576 44264 10481
0b001201 0b001301 10389 100 2097152 9869766 409566 44264 8082
0b001701 0b001001 10393 100 2097152 9928154 353848 44264 10983
0b001d01 0b001e01 10391 100 2097152 9913320 372760 44264 9069
0b001d01 0b001e01 10392 100 2097152 9917816 372115 44264 10509
0b001201 0b001301 10390 100 2097152 9878083 414032 44264 11442
0b001f01 0b001801 10392 100 2097152 10015337 278325 44264 10015
0b001501 0b001601 10389 100 2097152 9910983 387237 44264 8085
0b001501 0b001601 10390 100 2097152 9912608 387989 44264 10501
0b001b01 0b001c01 10392 100 2097152 9990801 319546 44264 10491
0b001d01 0b001e01 10393 100 2097152 9950553 361291 44264 8109
0b001c01 0b001d01 10391 100 2097152 9932915 379356 44264 10972
0b001e01 0b001f01 10392 100 2097152 9970834 343443 44264 9070
0b001801 0b001901 10391 100 2097152 9920696 395311 44264 11464
0b001b01 0b001c01 10393 100 2097152 10000130 316818 44264 8091
0b001201 0b001301 10391 100 2097152 9900572 419704 44264 10962
0b001801 0b001901 10392 100 2097152 9927539 397202 44264 10488
0b001a01 0b001b01 10391 100 2097152 9938828 386329 44264 11450
0b001c01 0b001d01 10392 100 2097152 9943101 382815 44264 11452
0b001101 0b001201 10392 100 2097152 9979465 350997 44264 9521
0b001101 0b001201 10393 100 2097152 9982810 350600 44264 10961
0b001001 0b001101 10392 100 2097152 9966352 376429 44264 10480
0b001901 0b001a01 10393 100 2097152 10118572 225256 44264 11465
0b001901 0b001a01 10394 100 2097152 10118717 225266 44264 8585
0b001501 0b001601 10391 100 2097152 9951112 393486 44264 11445
0b001201 0b001301 10392 100 2097152 9925877 421204 44264 10482
0b001e01 0b001f01 10393 100 2097152 10015979 338691 44264 10494
0b001a01 0b001b01 10392 100 2097152 9967693 391858 44264 8570
0b001401 0b001d01 10056 100 2097152 10279048 84123 48204 10500
0b001501 0b001601 10392 100 2097152 9978238 390077 44264 10005
0b001601 0b001701 10392 100 2097152 10021106 348395 44264 9062
0b001d01 0b001601 10056 100 2097152 10315281 58842 48204 10989
0b001e01 0b001f01 10394 100 2097152 10042908 332728 44264 10510
0b001201 0b001b01 10056 100 2097152 10333472 48108 48204 9538
0b001601 0b001701 10393 100 2097152 10034527 348856 44264 10486
0b001601 0b001701 10394 100 2097152 10034537 348847 44264 10502
0b001601 0b001701 10395 100 2097152 10039809 347008 44264 8582
0b001501 0b001601 10393 100 2097152 10009259 379802 44264 9061
0b001401 0b001501 10391 100 2097152 10012278 376950 44264 11444
0b001501 0b001601 10394 100 2097152 10016128 376327 44264 10021
0b001801 0b001901 10393 100 2097152 9995135 397895 44264 8104
0b001601 0b001f01 10056 100 2097152 10347608 48907 48204 11462
0b001c01 0b001d01 10393 100 2097152 9999198 398197 44264 10028
0b001401 0b001501 10392 100 2097152 10018021 382648 44264 10964
0b001c01 0b001501 10056 100 2097152 10313357 88477 48204 10508
0b001401 0b001501 10393 100 2097152 10020072 383568 44264 10020
0b001f01 0b001801 10393 100 2097152 10112410 302067 44264 10991
0b001301 0b001401 10394 100 2097152 10149118 269123 44264 9555
0b001201 0b001301 10393 100 2097152 9987513 432454 44264 8578
0b001b01 0b001c01 10394 100 2097152 10134877 285678 44264 10987
0b000701 0b000001 10218 100 2097152 3915760 6510771 176699 12023
0b000701 0b000001 10219 100 2097152 3915761 6510786 176699 12503
0b000701 0b000001 10220 100 2097152 3915762 6510801 176699 12983
0b000701 0b000001 10221 100 2097152 3915784 6510795 176699 13463
0b000701 0b000001 10222 100 2097152 3915785 6510810 176699 13943
0b000701 0b000001 10223 100 2097152 3915786 6510825 176699 14423
0b001401 0b001501 10394 100 2097152 10042859 387824 44264 9060
0b001b01 0b001c01 10395 100 2097152 10150211 281829 44264 10507
0b001d01 0b001e01 10394 100 2097152 10106494 334635 44264 10013
0b001c01 0b001d01 10394 100 2097152 10045921 400851 44264 9068
0b001e01 0b001f01 10395 100 2097152 10149111 297788 44264 8110
0b001801 0b001901 10394 100 2097152 10052746 394298 44264 10984
0b001601 0b001701 10396 100 2097152 10133098 316318 44264 9542
0b001d01 0b001e01 10395 100 2097152 10119519 333363 44264 10029
0b001501 0b001e01 10056 100 2097152 10403679 49923 48204 10981
0b001301 0b001401 10395 100 2097152 10186760 267324 44264 8579
0b001f01 0b001801 10394 100 2097152 10140704 317932 44264 8591
0b001b01 0b001c01 10396 100 2097152 10197102 266200 44264 9083
0b000401 0b000d01 10032 100 2097152 10281954 181891 180639 13956
0b001501 0b001601 10395 100 2097152 10102708 370302 44264 8581
0b001001 0b001101 10393 100 2097152 10070524 402938 44264 9520
0b001501 0b001601 10396 100 2097152 10104424 370127 44264 9541
0b001a01 0b001b01 10393 100 2097152 10057194 422237 44264 8586
0b001801 0b001901 10395 100 2097152 10092104 388804 44264 9064
0b001701 0b001001 10394 100 2097152 10158605 323178 44264 9063
0b001d01 0b001e01 10396 100 2097152 10157408 326121 44264 9549
0b001c01 0b001501 10057 100 2097152 10435050 54605 48204 10524
0b001001 0b001101 10394 100 2097152 10088125 403712 44264 10976
0b001101 0b001201 10394 100 2097152 10150683 341889 44264 11457
0b001f01 0b001801 10395 100 2097152 10168803 327322 44264 9071
0b001a01 0b001b01 10394 100 2097152 10075525 424499 44264 11466
0b001901 0b001a01 10395 100 2097152 10221484 279790 44264 9545
0b001b01 0b001c01 10397 100 2097152 10255147 248249 44264 8107
0b001301 0b001401 10396 100 2097152 10241171 265582 44264 9075
0b001f01 0b001001 10057 100 2097152 10449909 60153 48204 8127
0b000d01 0b000e01 10258 100 2097152 10466855 44164 44264 13981
0b001801 0b001901 10396 100 2097152 10137962 377711 44264 9544
0b001501 0b001601 10397 100 2097152 10158633 357785 44264 8101
0b001101 0b001201 10395 100 2097152 10176784 347315 44264 10977
0b001801 0b001101 10057 100 2097152 10461646 65409 48204 8600
0b001901 0b001a01 10396 100 2097152 10237105 292774 44264 10985
0b001101 0b001201 10396 100 2097152 10184705 347534 44264 10017
0b001901 0b001201 10057 100 2097152 10483918 52277 48204 9081
0b001f01 0b001801 10396 100 2097152 10202996 334402 44264 9551
0b001a01 0b001b01 10395 100 2097152 10114950 423935 44264 10026
0b001201 0b001301 10394 100 2097152 10106842 441795 44264 10018
0b001301 0b001401 10397 100 2097152 10282342 269956 44264 8099
0b001101 0b001201 10397 100 2097152 10207789 344646 44264 11473
0b001a01 0b001301 10057 100 2097152 10504284 50200 48204 9562
0b001f01 0b001801 10397 100 2097152 10217781 337306 44264 10031
0b001201 0b001301 10395 100 2097152 10113619 443383 44264 8594
0b001501 0b001601 10398 100 2097152 10219780 337427 44264 9557
0b001801 0b001901 10397 100 2097152 10197746 360242 44264 10504
0b000e01 0b000f01 10257 100 2097152 10514029 44164 44264 13998
0b001201 0b001301 10396 100 2097152 10115326 443634 44264 9074
0b001401 0b001501 10395 100 2097152 10142365 418307 44264 10036
0b001801 0b001901 10398 100 2097152 10206001 357576 44264 11480
0b001d01 0b001e01 10397 100 2097152 10262739 301179 44264 8589
0b001d01 0b001e01 10398 100 2097152 10264676 300563 44264 9565
0b001001 0b001101 10395 100 2097152 10163150 402871 44264 11472
0b001001 0b001101 10396 100 2097152 10164720 402710 44264 8112
0b001301 0b001401 10398 100 2097152 10295125 274210 44264 11459
0b001c01 0b001d01 10395 100 2097152 10152965 416620 44264 9084
0b001e01 0b001f01 10396 100 2097152 10240417 329436 44264 8590
0b001b01 0b001c01 10398 100 2097152 10328167 241894 44264 11467
0b001701 0b001001 10395 100 2097152 10210153 362910 44264 10999
0b001101 0b001201 10398 100 2097152 10242818 338315 44264 8113
0b001f01 0b001801 10398 100 2097152 10247882 333763 44264 11007
0b001a01 0b001b01 10396 100 2097152 10159373 423865 44264 10506
0b001901 0b001a01 10397 100 2097152 10267653 320425 44264 8601
0b001401 0b001501 10396 100 2097152 10160120 428387 44264 11460
0b001901 0b001a01 10398 100 2097152 10270985 322374 44264 10025
0b001001 0b001101 10397 100 2097152 10195447 400302 44264 9536
0b001701 0b001001 10396 100 2097152 10224234 374174 44264 8583
0b001b01 0b001c01 10399 100 2097152 10362561 237755 44264 8587
0b001e01 0b001f01 10397 100 2097152 10256588 344066 44264 9550
0b001301 0b001401 10399 100 2097152 10323286 279842 44264 10979
0b001101 0b001201 10399 100 2097152 10270246 334586 44264 8593
0b000f01 0b000801 10256 100 2097152 10561203 44164 44264 14015
0b001c01 0b001d01 10396 100 2097152 10178442 427232 44264 8588
0b001701 0b001001 10397 100 2097152 10229800 376022 44264 9543
0b001001 0b001101 10398 100 2097152 10208432 399163 44264 10496
0b001a01 0b001b01 10397 100 2097152 10185444 424203 44264 10986
0b000001 0b000901 10032 100 2097152 10429541 181289 180639 12032
0b001201 0b001301 10397 100 2097152 10169635 441212 44264 11458
0b001701 0b001001 10398 100 2097152 10237061 376021 44264 10023
0b001b01 0b001c01 10400 100 2097152 10384590 230999 44264 9563
0b001801 0b001901 10399 100 2097152 10279982 335894 44264 8120
0b001d01 0b001e01 10399 100 2097152 10328926 287186 44264 11469
0b001701 0b001001 10399 100 2097152 10245534 373885 44264 11479
0b001b01 0b001401 10057 100 2097152 10541895 83038 48204 10043
0b001801 0b001901 10400 100 2097152 10296672 330314 44264 10024
0b001301 0b001401 10400 100 2097152 10350091 277682 44264 10499
0b001a01 0b001b01 10398 100 2097152 10207005 423235 44264 8106
0b001301 0b001c01 10057 100 2097152 10551647 82963 48204 10035
0b001f01 0b001801 10399 100 2097152 10317287 322905 44264 9087
0b001401 0b001501 10397 100 2097152 10195990 448450 44264 9076
0b001d01 0b001e01 10400 100 2097152 10366181 280952 44264 10525
0b001e01 0b001f01 10398 100 2097152 10289090 360281 44264 9086
0b001001 0b001901 10057 100 2097152 10601418 49183 48204 8592
0b001001 0b001101 10399 100 2097152 10248578 402036 44264 10016
0b001c01 0b001d01 10397 100 2097152 10213558 440301 44264 11468
0b000801 0b000901 10258 100 2097152 10608377 45933 44264 14024
0b001e01 0b001f01 10399 100 2097152 10292941 361271 44264 10526
0b001901 0b001a01 10399 100 2097152 10319017 337887 44264 11481
0b001a01 0b001b01 10399 100 2097152 10242544 415288 44264 8122
0b001201 0b001301 10398 100 2097152 10215589 444164 44264 8098
0b001a01 0b001b01 10400 100 2097152 10245965 413980 44264 9082
0b001601 0b001701 10397 100 2097152 10301230 360042 44264 8102
0b000901 0b000a01 10258 100 2097152 10613840 48421 44264 12057
0b001601 0b001701 10398 100 2097152 10303607 361230 44264 10518
0b001e01 0b001701 10057 100 2097152 10619122 48132 48204 11486
0b001901 0b001a01 10400 100 2097152 10327751 340461 44264 10505
0b001d01 0b001e01 10401 100 2097152 10400405 268645 44264 10045
0b001c01 0b001d01 10398 100 2097152 10228197 443571 44264 10044
0b001c01 0b001d01 10399 100 2097152 10228497 443492 44264 9564
0b001001 0b001101 10400 100 2097152 10271459 402036 44264 9056
0b001f01 0b001801 10400 100 2097152 10357680 317128 44264 10511
0b001e01 0b001f01 10400 100 2097152 10314854 361869 44264 8126
0b001401 0b001d01 10057 100 2097152 10630783 48190 48204 10516
0b001301 0b001401 10401 100 2097152 10422977 261011 44264 8595
0b001001 0b001101 10401 100 2097152 10285012 399110 44264 10992
0b001101 0b001201 10400 100 2097152 10345791 340899 44264 10497
0b001f01 0b001801 10401 100 2097152 10378646 311875 44264 10527
0b001401 0b001501 10398 100 2097152 10227736 462932 44264 10980
0b001c01 0b001d01 10400 100 2097152 10252258 439334 44264 10988
0b001401 0b001501 10399 100 2097152 10229606 463504 44264 8580
0b001201 0b001301 10399 100 2097152 10257350 442976 44264 8114
0b001f01 0b001801 10402 100 2097152 10399525 302547 44264 11487
0b001401 0b001501 10400 100 2097152 10239507 464604 44264 9556
0b000901 0b000a01 10259 100 2097152 10657320 48333 44264 14041
0b001501 0b001601 10399 100 2097152 10392238 313847 44264 11461
0b001d01 0b001e01 10402 100 2097152 10449782 257825 44264 9085
0b000a01 0b000b01 10257 100 2097152 10665271 48501 44264 12074
0b001b01 0b001c01 10401 100 2097152 10482441 235175 44264 8603
0b001201 0b001301 10400 100 2097152 10282100 441128 44264 10498
0b001101 0b001a01 10057 100 2097152 10676505 48108 48204 9073
0b001801 0b001901 10401 100 2097152 10417487 307483 44264 11000
0b001501 0b001601 10400 100 2097152 10404844 323814 44264 10517
0b001a01 0b001b01 10401 100 2097152 10346838 383446 44264 11482
0b001a01 0b001b01 10402 100 2097152 10346993 383292 44264 8602
0b001501 0b001601 10401 100 2097152 10406650 324297 44264 10037
0b001701 0b001001 10400 100 2097152 10372511 366312 44264 9079
0b001401 0b001501 10401 100 2097152 10278783 460771 44264 8100
0b001701 0b001801 10057 100 2097152 10664282 77336 48204 8119
0b001601 0b001701 10399 100 2097152 10371325 373561 44264 10022
0b001b01 0b001c01 10402 100 2097152 10503034 242267 44264 11483
0b001c01 0b001d01 10401 100 2097152 10319958 428381 44264 8108
0b001701 0b001001 10401 100 2097152 10386393 364798 44264 10503
0b001701 0b001001 10402 100 2097152 10386403 364789 44264 10519
0b001601 0b001701 10400 100 2097152 10377133 375278 44264 10998
0b001701 0b001001 10403 100 2097152 10389827 363240 44264 8599
0b000a01 0b000b01 10258 100 2097152 10708663 48413 44264 14058
0b001901 0b001a01 10401 100 2097152 10396040 361057 44264 8121
0b001f01 0b001001 10058 100 2097152 10679733 77941 48204 8143
0b001501 0b001601 10402 100 2097152 10433693 326497 44264 9077
0b000b01 0b000c01 10256 100 2097152 10716782 48581 44264 12091
0b001601 0b001701 10401 100 2097152 10392071 380761 44264 9078
0b001201 0b001301 10401 100 2097152 10336420 436507 44264 10978
0b001601 0b001701 10402 100 2097152 10395465 381768 44264 10038
0b001601 0b001f01 10057 100 2097152 10709095 74718 48204 11478
0b001701 0b001001 10404 100 2097152 10452426 333761 44264 9559
0b001501 0b001e01 10057 100 2097152 10693678 93302 48204 10997
0b001d01 0b001601 10057 100 2097152 10694602 93323 48204 11005
0b001f01 0b001801 10403 100 2097152 10572863 225482 44264 8607
0b001001 0b001901 10058 100 2097152 10756077 48108 48204 8608
0b000b01 0b000c01 10257 100 2097152 10760086 48493 44264 14075
0b000c01 0b000d01 10258 100 2097152 10768373 45994 44264 12108
0b001501 0b001601 10403 100 2097152 10492665 324681 44264 10533
0b001901 0b001a01 10402 100 2097152 10450054 370206 44264 11001
0b001f01 0b001801 10404 100 2097152 10603664 218178 44264 9567
0b000701 0b000001 10224 100 2097152 4062617 6763830 176699 14919
0b001801 0b001901 10402 100 2097152 10499135 327814 44264 9080
0b001d01 0b001e01 10403 100 2097152 10572595 269790 44264 9101
0b001301 0b001401 10402 100 2097152 10557494 289131 44264 9571
0b001f01 0b001801 10405 100 2097152 10652381 195091 44264 9103
0b001f01 0b001801 10406 100 2097152 10657222 191835 44264 10543
0b001401 0b001501 10402 100 2097152 10421251 428132 44264 9572
0b001301 0b001401 10403 100 2097152 10560012 290156 44264 8611
0b001801 0b001101 10058 100 2097152 10801355 48975 48204 8616
0b001301 0b001401 10404 100 2097152 10561970 290179 44264 9091
0b001e01 0b001f01 10401 100 2097152 10444139 410111 44264 10030
0b001c01 0b001d01 10402 100 2097152 10423565 431079 44264 11004
0b001101 0b001201 10401 100 2097152 10476472 378409 44264 9537
0b000c01 0b000501 10040 100 2097152 10811589 48111 48204 14092
0b000d01 0b000e01 10259 100 2097152 10817377 44164 44264 12125
0b000301 0b000401 10224 100 2097152 4061410 6801342 176699 12515
0b001001 0b001101 10402 100 2097152 10484793 378673 44264 9072
0b000301 0b000401 10225 100 2097152 4062870 6804534 176699 12995
0b001b01 0b001c01 10403 100 2097152 10586248 281176 44264 10523
0b001a01 0b001b01 10403 100 2097152 10532889 334685 44264 11002
0b001e01 0b001f01 10402 100 2097152 10455892 417279 44264 10046
0b001e01 0b001f01 10403 100 2097152 10456612 417550 44264 11006
0b001101 0b001201 10402 100 2097152 10494847 381027 44264 10993
0b001601 0b001701 10403 100 2097152 10476020 402924 44264 8598
0b001601 0b001701 10404 100 2097152 10477561 403165 44264 9558
0b001d01 0b001e01 10404 100 2097152 10608684 277023 44264 8605
0b001901 0b001201 10058 100 2097152 10829959 58470 48204 9097
0b001901 0b001a01 10403 100 2097152 10518683 372686 44264 9561
0b001401 0b001501 10403 100 2097152 10457094 434428 44264 8596
0b001501 0b001601 10404 100 2097152 10563682 328429 44264 10053
0b001801 0b001901 10403 100 2097152 10540408 352440 44264 9560
0b001c01 0b001d01 10403 100 2097152 10466312 428641 44264 9100
0b001301 0b001401 10405 100 2097152 10613857 282403 44264 11475
0b001001 0b001101 10403 100 2097152 10513072 384736 44264 8128
0b001e01 0b001f01 10404 100 2097152 10486539 419462 44264 9566
0b000501 0b000601 10234 100 2097152 10862710 44670 44264 14101
0b001d01 0b001601 10058 100 2097152 10857654 49715 48204 11021
0b001b01 0b001c01 10404 100 2097152 10612657 295494 44264 11003
0b000e01 0b000f01 10258 100 2097152 10864551 44164 44264 12142
0b001101 0b001201 10403 100 2097152 10530065 383280 44264 8609
0b001801 0b001901 10404 100 2097152 10558097 360272 44264 10040
0b001a01 0b001b01 10404 100 2097152 10591088 327773 44264 8618
0b001c01 0b001501 10058 100 2097152 10870434 49694 48204 10540
0b001201 0b001b01 10057 100 2097152 10857891 63085 48204 9554
0b001601 0b001701 10405 100 2097152 10519428 402377 44264 8118
0b001f01 0b001801 10407 100 2097152 10786823 135116 44264 11503
0b001a01 0b001b01 10405 100 2097152 10596369 326453 44264 10042
0b001501 0b001601 10405 100 2097152 10591517 332649 44264 11477
0b001c01 0b001d01 10404 100 2097152 10506406 421750 44264 8124
0b001201 0b001301 10402 100 2097152 10495582 437035 44264 11474
0b001301 0b001401 10406 100 2097152 10662763 270814 44264 8115
0b001101 0b001a01 10058 100 2097152 10866476 69894 48204 9089
0b001901 0b001a01 10404 100 2097152 10560998 378406 44264 10521
0b001b01 0b001c01 10405 100 2097152 10633250 310132 44264 8123
0b001d01 0b001e01 10405 100 2097152 10656869 287566 44264 11485
0b001901 0b001a01 10405 100 2097152 10566587 378450 44264 11497
0b001401 0b001501 10404 100 2097152 10509763 440574 44264 9092
0b000601 0b000701 10249 100 2097152 10910390 44686 44264 14118
0b000f01 0b000801 10257 100 2097152 10911725 44164 44264 12159
0b001a01 0b001301 10058 100 2097152 10894379 61663 48204 9578
0b001601 0b001701 10406 100 2097152 10560217 397849 44264 9574
0b001801 0b001901 10405 100 2097152 10584655 376047 44264 11016
0b001101 0b001201 10404 100 2097152 10569031 391835 44264 11489
0b001101 0b001201 10405 100 2097152 10570440 391834 44264 8129
0b001301 0b001401 10407 100 2097152 10703336 260008 44264 8131
0b001001 0b001101 10404 100 2097152 10576073 387472 44264 11008
0b001d01 0b001e01 10406 100 2097152 10674778 293043 44264 10061
0b001d01 0b001e01 10407 100 2097152 10674999 293043 44264 9581
0b001201 0b001301 10403 100 2097152 10527109 441113 44264 10994
0b001d01 0b001e01 10408 100 2097152 10681983 290724 44264 10541
0b001701 0b001001 10405 100 2097152 10667847 306171 44264 10535
0b001b01 0b001401 10058 100 2097152 10925832 49373 48204 10059
0b001201 0b001301 10404 100 2097152 10535249 441928 44264 10034
0b001701 0b001001 10406 100 2097152 10670264 306923 44264 11495
0b001a01 0b001b01 10406 100 2097152 10659914 318005 44264 11498
0b001c01 0b001d01 10405 100 2097152 10573071 406151 44264 11484
0b001701 0b001801 10058 100 2097152 10924815 54576 48204 8135
0b001e01 0b001f01 10405 100 2097152 10566928 412482 44264 8606
0b001301 0b001401 10408 100 2097152 10726238 254143 44264 10515
0b001201 0b001301 10405 100 2097152 10539205 441493 44264 9090
0b001e01 0b001f01 10406 100 2097152 10568249 412482 44264 9582
0b001b01 0b001c01 10406 100 2097152 10660842 321353 44264 8139
0b001501 0b001601 10406 100 2097152 10647450 336363 44264 9093
0b001b01 0b001c01 10407 100 2097152 10662955 321705 44264 9099
0b001101 0b001201 10406 100 2097152 10598759 389744 44264 9553
0b001a01 0b001b01 10407 100 2097152 10671222 319788 44264 10522
0b001201 0b001301 10406 100 2097152 10555445 437930 44264 11490
0b001901 0b001a01 10406 100 2097152 10618886 377086 44264 8137
0b001101 0b001201 10407 100 2097152 10610605 387403 44264 10513
0b001401 0b001501 10405 100 2097152 10555308 445308 44264 8116
0b001601 0b001f01 10058 100 2097152 10927176 74764 48204 11494
0b001001 0b001101 10405 100 2097152 10608832 394542 44264 9552
0b001c01 0b001d01 10406 100 2097152 10603326 400898 44264 8604
0b001901 0b001a01 10407 100 2097152 10629996 375679 44264 10041
0b000801 0b000101 10040 100 2097152 10958899 48749 48204 12168
0b001001 0b001101 10406 100 2097152 10616092 396589 44264 10032
0b001d01 0b001e01 10409 100 2097152 10751349 263343 44264 8125
0b001c01 0b001d01 10407 100 2097152 10618599 397791 44264 9580
0b001201 0b001301 10407 100 2097152 10584143 433832 44264 8130
0b001401 0b001501 10406 100 2097152 10572345 446405 44264 11476
0b001301 0b001401 10409 100 2097152 10775937 242847 44264 10995
0b001001 0b001101 10407 100 2097152 10622429 396589 44264 11488
0b001901 0b001a01 10408 100 2097152 10653611 367773 44264 8617
0b001e01 0b001701 10058 100 2097152 10947445 73962 48204 11502
0b001c01 0b001d01 10408 100 2097152 10637620 390783 44264 10060
0b001501 0b001601 10407 100 2097152 10696120 334276 44264 8597
0b001101 0b001201 10408 100 2097152 10653624 378256 44264 10033
0b001301 0b001c01 10058 100 2097152 10980187 52738 48204 10051
0b001401 0b001d01 10058 100 2097152 10983391 50087 48204 10532
0b001201 0b001301 10408 100 2097152 10607842 427408 44264 8610
0b001501 0b001601 10408 100 2097152 10707121 333308 44264 9573
0b001201 0b001b01 10058 100 2097152 10991513 49782 48204 9570
0b000701 0b000001 10225 100 2097152 4089881 6956250 176699 14439
0b001f01 0b001801 10408 100 2097152 10857260 196006 44264 10047
0b001801 0b001901 10406 100 2097152 10643202 410720 44264 9096
0b001401 0b001501 10407 100 2097152 10606138 447856 44264 10996
0b001a01 0b001b01 10408 100 2097152 10727623 327112 44264 9098
0b000101 0b000201 10234 100 2097152 11010658 44226 44264 12177
0b001b01 0b001c01 10408 100 2097152 10733294 324262 44264 11499
0b001b01 0b001c01 10409 100 2097152 10733295 324283 44264 8619
0b001101 0b001201 10409 100 2097152 10687132 370950 44264 11009
0b001701 0b001001 10407 100 2097152 10747896 313002 44264 10039
0b001e01 0b001f01 10407 100 2097152 10650143 413819 44264 10542
0b001901 0b001a01 10409 100 2097152 10727980 338839 44264 11017
0b001501 0b001601 10409 100 2097152 10742564 328341 44264 8117
0b001701 0b001001 10408 100 2097152 10755421 315642 44264 11015
0b001401 0b001501 10408 100 2097152 10627943 445852 44264 10052
0b001e01 0b001f01 10408 100 2097152 10672060 416059 44264 10062
0b001701 0b001001 10409 100 2097152 10775842 319774 44264 9095
0b001c01 0b001d01 10409 100 2097152 10720626 376229 44264 8620
0b001701 0b001001 10410 100 2097152 10780243 319004 44264 10055
0b001a01 0b001b01 10409 100 2097152 10760107 340657 44264 8138
0b001201 0b001301 10409 100 2097152 10689700 411423 44264 10514
0b000201 0b000301 10249 100 2097152 11057894 44675 44264 12194
0b000401 0b000501 10218 100 2097152 4150025 6952864 176699 13476
0b001901 0b001a01 10410 100 2097152 10807195 297641 44264 8633
0b001901 0b001201 10059 100 2097152 11056932 48108 48204 9113
0b001501 0b001e01 10058 100 2097152 11057004 48108 48204 11013
0b001801 0b001901 10407 100 2097152 10677818 433678 44264 10520
0b001f01 0b001801 10409 100 2097152 10876181 244744 44264 10063
0b001401 0b001501 10409 100 2097152 10686998 434120 44264 8612
0b001c01 0b001d01 10410 100 2097152 10748311 373185 44264 11500
0b001f01 0b001801 10410 100 2097152 10877172 246064 44264 11023
0b001601 0b001701 10407 100 2097152 10731668 394584 44264 10534
0b001e01 0b001f01 10409 100 2097152 10710617 417763 44264 9102
0b001601 0b001701 10408 100 2097152 10733957 394936 44264 10054
0b001801 0b001901 10408 100 2097152 10693531 439535 44264 10536
0b001801 0b001901 10409 100 2097152 10705082 442306 44264 11496
0b001901 0b001a01 10411 100 2097152 10895858 251781 44264 9577
0b000501 0b000601 10235 100 2097152 11105899 44268 44264 13493
0b001601 0b001701 10409 100 2097152 10763200 395196 44264 9094
0b001901 0b001a01 10412 100 2097152 10921379 241375 44264 10057
0b001101 0b001201 10410 100 2097152 10853340 315491 44264 8625
0b001001 0b001101 10408 100 2097152 10741833 430388 44264 9088
0b001a01 0b001b01 10410 100 2097152 10823270 350526 44264 11018
0b001f01 0b001801 10411 100 2097152 10909011 268460 44264 9583
0b001d01 0b001e01 10410 100 2097152 10897963 281263 44264 9117
0b001901 0b001a01 10413 100 2097152 10963712 220603 44264 11033
0b001601 0b001701 10410 100 2097152 10790935 395995 44264 11014
0b001701 0b001001 10411 100 2097152 10881954 306432 44264 8615
0b001001 0b001101 10409 100 2097152 10754201 435625 44264 10512
0b001001 0b001101 10410 100 2097152 10754211 435616 44264 10528
0b001701 0b001001 10412 100 2097152 10883736 306235 44264 9575
0b001801 0b001901 10410 100 2097152 10744628 445885 44264 8136
0b001501 0b001601 10410 100 2097152 10852393 339520 44264 9589
0b001001 0b001101 10411 100 2097152 10760684 435286 44264 8144
0b000601 0b000701 10250 100 2097152 11153177 44665 44264 13510
0b001101 0b001201 10411 100 2097152 10900818 297643 44264 8145
0b001e01 0b001f01 10410 100 2097152 10789990 408971 44264 11022
0b001a01 0b001301 10059 100 2097152 11150649 49152 48204 9594
0b001b01 0b001c01 10410 100 2097152 10870584 339992 44264 11019
0b001601 0b001701 10411 100 2097152 10820356 392276 44264 10550
0b001001 0b001101 10412 100 2097152 10789197 429478 44264 9568
0b000001 0b000101 10218 100 2097152 4193786 7028430 176699 11552
0b001d01 0b001e01 10411 100 2097152 10931166 292413 44264 8141
0b001101 0b001a01 10059 100 2097152 11175231 50556 48204 9105
0b001301 0b001401 10410 100 2097152 10935627 294894 44264 11491
0b001501 0b001601 10411 100 2097152 10894532 340040 44264 8613
0b001e01 0b001f01 10411 100 2097152 10845395 393963 44264 9118
0b001001 0b001901 10059 100 2097152 11191396 49565 48204 8624
0b001701 0b001001 10413 100 2097152 10961076 286847 44264 9591
0b001101 0b001201 10412 100 2097152 10966555 285788 44264 11025
0b001501 0b001601 10412 100 2097152 10923138 335855 44264 10549
0b001c01 0b001d01 10411 100 2097152 10911161 350612 44264 11020
0b000101 0b000201 10235 100 2097152 11225226 44653 44264 11569
0b001601 0b001701 10412 100 2097152 10895121 374940 44264 10070
0b001801 0b001901 10411 100 2097152 10824852 445852 44264 9576
0b001301 0b001401 10411 100 2097152 10959052 312434 44264 9587
0b001e01 0b001f01 10412 100 2097152 10888717 382982 44264 8622
0b001b01 0b001c01 10411 100 2097152 10921871 349954 44264 8635
0b001b01 0b001c01 10412 100 2097152 10923986 349863 44264 9579
0b001201 0b001301 10410 100 2097152 10878884 398407 44264 11010
0b001501 0b001601 10413 100 2097152 10953347 327207 44264 9109
0b001401 0b001501 10410 100 2097152 10849635 431608 44264 9588
0b001601 0b001701 10413 100 2097152 10910379 371192 44264 11030
0b001401 0b001501 10411 100 2097152 10853178 431586 44264 8628
0b001401 0b001501 10412 100 2097152 10855159 431146 44264 9108
0b001201 0b001301 10411 100 2097152 10891439 395709 44264 9106
0b001301 0b001401 10412 100 2097152 10971232 318655 44264 11011
0b001101 0b001201 10413 100 2097152 11006384 284351 44264 9569
0b001701 0b001001 10414 100 2097152 11024417 266394 44264 11511
0b001801 0b001901 10412 100 2097152 10850482 442751 44264 9112
0b001801 0b001901 10413 100 2097152 10852067 442420 44264 10552
0b001d01 0b001e01 10412 100 2097152 10982232 312962 44264 11501
0b001c01 0b001d01 10412 100 2097152 10946392 351030 44264 8140
0b001101 0b001201 10414 100 2097152 11015691 282766 44264 10049
0b001f01 0b001801 10412 100 2097152 10982420 318176 44264 8623
0b001101 0b001201 10415 100 2097152 11022028 280038 44264 11505
0b001201 0b001301 10412 100 2097152 10916355 385810 44264 8626
0b001f01 0b001801 10413 100 2097152 10983741 318704 44264 9599
0b001301 0b001401 10413 100 2097152 10983708 322156 44264 9107
0b001501 0b001601 10414 100 2097152 11003626 303517 44264 8133
0b001901 0b001a01 10414 100 2097152 11114506 193071 44264 10537
0b001a01 0b001b01 10411 100 2097152 10939380 369065 44264 9114
0b001a01 0b001b01 10412 100 2097152 10942414 369772 44264 10538
0b001d01 0b001601 10059 100 2097152 11264783 48711 48204 11037
0b001501 0b001601 10415 100 2097152 11021760 292182 44264 11493
0b001401 0b001501 10413 100 2097152 10899270 417426 44264 11492
0b000201 0b000301 10250 100 2097152 11272889 44684 44264 11586
0b001a01 0b001b01 10413 100 2097152 10948047 369838 44264 11514
0b001301 0b001401 10414 100 2097152 10996385 322130 44264 11507
0b001b01 0b001c01 10413 100 2097152 10980929 340541 44264 11515
0b001f01 0b001801 10414 100 2097152 11004950 318748 44264 11519
0b000701 0b000001 10226 100 2097152 4290638 7035221 176699 12039
0b000701 0b000001 10227 100 2097152 4290642 7035485 176699 12519
0b000701 0b000001 10228 100 2097152 4290646 7035665 176699 12999
0b000701 0b000001 10229 100 2097152 4290650 7036013 176699 13479
0b000701 0b000001 10230 100 2097152 4290654 7036277 176699 13959
0b001901 0b001a01 10415 100 2097152 11136076 193083 44264 10553
0b001201 0b001301 10413 100 2097152 10963876 365878 44264 11506
0b001201 0b001301 10414 100 2097152 10965284 365131 44264 8146
0b001e01 0b001f01 10413 100 2097152 10970831 361065 44264 10078
0b001e01 0b001f01 10414 100 2097152 10971052 360955 44264 9598
0b001c01 0b001d01 10413 100 2097152 10985205 347026 44264 8156
0b001501 0b001601 10416 100 2097152 11076805 256722 44264 10069
0b001e01 0b001f01 10415 100 2097152 10975717 358139 44264 10558
0b001b01 0b001c01 10414 100 2097152 10994020 339970 44264 10539
0b001c01 0b001d01 10414 100 2097152 10987670 346414 44264 9116
0b001601 0b001701 10414 100 2097152 10986823 348398 44264 9110
0b001301 0b001401 10415 100 2097152 11020985 314259 44264 8147
0b001801 0b001901 10414 100 2097152 10924949 411506 44264 11512
0b001d01 0b001e01 10413 100 2097152 11007234 330785 44264 8621
0b001901 0b001a01 10416 100 2097152 11150398 187853 44264 11513
0b001401 0b001501 10414 100 2097152 10936587 402426 44264 8132
0b000301 0b000401 10226 100 2097152 4276431 7064585 176699 11555
0b000301 0b000401 10227 100 2097152 4276453 7064831 176699 12035
0b000301 0b000401 10228 100 2097152 4276455 7065097 176699 13955
0b000301 0b000401 10229 100 2097152 4276456 7065364 176699 14435
0b000301 0b000401 10230 100 2097152 4276457 7065631 176699 14915
0b001201 0b001b01 10059 100 2097152 11293745 48108 48204 9586
0b001301 0b001401 10416 100 2097152 11038260 305631 44264 8627
0b001201 0b001301 10415 100 2097152 11001018 344555 44264 10530
0b001501 0b001601 10417 100 2097152 11124128 225112 44264 8629
0b001e01 0b001f01 10416 100 2097152 11017702 332064 44264 8142
0b001001 0b001101 10413 100 2097152 10977028 375944 44264 10544
0b001401 0b001501 10415 100 2097152 10966354 386964 44264 8148
0b001d01 0b001e01 10414 100 2097152 11019400 334724 44264 9597
0b001001 0b001101 10414 100 2097152 10980197 374888 44264 11504
0b001801 0b001101 10059 100 2097152 11303606 53838 48204 8632
0b001201 0b001301 10416 100 2097152 11034890 322696 44264 10050
0b001401 0b001501 10416 100 2097152 10978215 379416 44264 10068
0b001a01 0b001b01 10414 100 2097152 10998982 360492 44264 8154
0b001901 0b001a01 10417 100 2097152 11193523 166750 44264 8153
0b001201 0b001301 10417 100 2097152 11061092 303007 44264 11026
0b001701 0b001001 10415 100 2097152 11129262 234946 44264 10551
0b001601 0b001701 10415 100 2097152 11033406 330970 44264 8614
0b001c01 0b001d01 10415 100 2097152 11035935 329830 44264 10076
0b001701 0b001001 10416 100 2097152 11131903 233894 44264 10071
0b001d01 0b001e01 10415 100 2097152 11031413 334706 44264 10077
0b001801 0b001901 10415 100 2097152 10982401 383975 44264 8152
0b001a01 0b001b01 10415 100 2097152 11008685 357724 44264 10058
0b001601 0b001701 10416 100 2097152 11043439 325359 44264 9590
0b001401 0b001501 10417 100 2097152 11021794 347322 44264 11012
0b001d01 0b001e01 10416 100 2097152 11036488 333085 44264 10557
0b001f01 0b001801 10415 100 2097152 11066972 302613 44264 10559
0b001301 0b001401 10417 100 2097152 11104133 265533 44264 10531
0b001b01 0b001c01 10415 100 2097152 11044305 325554 44264 9595
0b001e01 0b001701 10059 100 2097152 11298204 75032 48204 11518
0b001a01 0b001b01 10416 100 2097152 11024394 349869 44264 8634
0b001b01 0b001c01 10416 100 2097152 11057745 318916 44264 9115
0b001601 0b001701 10417 100 2097152 11073915 304058 44264 8134
0b001e01 0b001f01 10417 100 2097152 11108122 271093 44264 11038
0b001701 0b001001 10417 100 2097152 11161406 218260 44264 9111
0b001c01 0b001d01 10416 100 2097152 11060566 319288 44264 11516
0b001c01 0b001d01 10417 100 2097152 11060588 319267 44264 8636
0b001901 0b001a01 10418 100 2097152 11273714 106606 44264 9593
0b001f01 0b001801 10416 100 2097152 11091129 292277 44264 10079
0b001101 0b001201 10416 100 2097152 11192836 193983 44264 10529
0b001101 0b001201 10417 100 2097152 11192846 193974 44264 10545
0b000301 0b000401 10231 100 2097152 4287096 7100973 176699 12051
0b001701 0b001001 10418 100 2097152 11189940 197999 44264 11031
0b001a01 0b001b01 10417 100 2097152 11069829 320166 44264 11034
0b001101 0b001201 10418 100 2097152 11221685 169822 44264 9585
0b001801 0b001901 10416 100 2097152 11056276 339324 44264 10056
0b001d01 0b001e01 10417 100 2097152 11099865 296822 44264 8637
0b001b01 0b001c01 10417 100 2097152 11103774 293361 44264 8155
0b001201 0b001301 10418 100 2097152 11301467 97265 44264 10066
0b001f01 0b001801 10417 100 2097152 11131390 268274 44264 9119
0b001601 0b001f01 10059 100 2097152 11316952 84583 48204 11510
0b001d01 0b001e01 10418 100 2097152 11124506 278342 44264 11517
0b001001 0b001101 10415 100 2097152 11063908 343973 44264 10048
0b001e01 0b001f01 10418 100 2097152 11226589 182666 44264 8158
0b001001 0b001101 10416 100 2097152 11074073 338913 44264 11024
0b001a01 0b001b01 10418 100 2097152 11165764 247372 44264 10074
0b001b01 0b001c01 10418 100 2097152 11176806 238720 44264 11035
0b001801 0b001901 10417 100 2097152 11123935 292394 44264 10072
0b001c01 0b001501 10059 100 2097152 11337000 79747 48204 10556
0b001301 0b001401 10418 100 2097152 11280301 136496 44264 11027
0b001801 0b001901 10418 100 2097152 11126246 290589 44264 11032
0b001601 0b001701 10418 100 2097152 11237582 179816 44264 8630
0b001401 0b001501 10418 100 2097152 11233531 184103 44264 11508
0b001501 0b001601 10418 100 2097152 11319706 99511 44264 11509
0b001c01 0b001d01 10418 100 2097152 11213586 206846 44264 11036
0b001f01 0b001801 10418 100 2097152 11201971 219038 44264 11039
0b001001 0b001101 10417 100 2097152 11098626 322566 44264 9104
0b001f01 0b001001 10059 100 2097152 11352776 68454 48204 8159
0b001001 0b001101 10418 100 2097152 11102257 319640 44264 10064
0b001801 0b001901 10419 100 2097152 11180481 242080 44264 9592
0b001501 0b001e01 10059 100 2097152 11372126 50696 48204 11029
0b001401 0b001501 10419 100 2097152 11292897 131822 44264 11028
0b001d01 0b001e01 10419 100 2097152 11300432 125169 44264 8157
0b001701 0b001001 10419 100 2097152 11367386 58508 44264 8631
0b001501 0b001601 10419 100 2097152 11342023 85650 44264 8149
0b001e01 0b001f01 10419 100 2097152 11341029 87340 44264 8638
0b001c01 0b001d01 10419 100 2097152 11276859 151632 44264 9596
0b001601 0b001701 10419 100 2097152 11310153 119402 44264 8150
0b001001 0b001101 10419 100 2097152 11192981 237391 44264 9584
0b001f01 0b001801 10419 100 2097152 11274709 156508 44264 8639
0b001a01 0b001b01 10419 100 2097152 11310587 120969 44264 10554
0b001301 0b001401 10419 100 2097152 11348583 84232 44264 10547
0b001b01 0b001c01 10419 100 2097152 11315196 117937 44264 10555
0b000701 0b000001 10231 100 2097152 4300809 7134183 176699 13975
0b001201 0b001301 10419 100 2097152 11389829 50745 44264 10546
0b001901 0b001a01 10419 100 2097152 11398610 45644 44264 10073
0b001701 0b001801 10059 100 2097152 11380983 66838 48204 8151
0b001101 0b001201 10419 100 2097152 11410891 45510 44264 10065
0b001301 0b001c01 10059 100 2097152 11360596 98530 48204 10067
0b001401 0b001d01 10059 100 2097152 11372676 88591 48204 10548
0b001b01 0b001401 10059 100 2097152 11369419 95583 48204 10075
0b000301 0b000401 10232 100 2097152 4326998 7140335 176699 12531
0b000301 0b000401 10233 100 2097152 4329275 7143330 176699 12067
0b000701 0b000001 10232 100 2097152 4332747 7163137 176699 13991
0b000701 0b000001 10233 100 2097152 4334493 7166663 176699 14455
0b000001 0b000901 10033 100 2097152 11328869 180222 180639 12048
0b000401 0b000d01 10033 100 2097152 11344562 180222 180639 13972
0b000901 0b000a01 10260 100 2097152 11512101 44164 44264 12073
0b000d01 0b000e01 10260 100 2097152 11527794 44164 44264 13997
0b000a01 0b000b01 10259 100 2097152 11559275 44164 44264 12090
0b000e01 0b000f01 10259 100 2097152 11574968 44164 44264 14014
0b000b01 0b000c01 10258 100 2097152 11606449 44164 44264 12107
0b000f01 0b000801 10258 100 2097152 11622142 44164 44264 14031
0b000c01 0b000d01 10259 100 2097152 11653623 44164 44264 12124
0b000801 0b000901 10259 100 2097152 11669316 44164 44264 14040
0b000301 0b000401 10234 100 2097152 4500833 7242476 176699 13011
0b000d01 0b000e01 10261 100 2097152 11700797 44164 44264 12141
0b000901 0b000a01 10261 100 2097152 11716490 44164 44264 14057
0b000301 0b000401 10235 100 2097152 4539012 7227101 176699 12547
0b000701 0b000001 10234 100 2097152 4490878 7277454 176699 14471
0b000701 0b000001 10235 100 2097152 4501979 7271877 176699 14935
0b000401 0b000501 10219 100 2097152 4504431 7279370 176699 13492
0b000e01 0b000f01 10260 100 2097152 11747971 44164 44264 12158
0b000301 0b000401 10236 100 2097152 4564547 7241314 176699 12083
0b000a01 0b000b01 10260 100 2097152 11763664 44164 44264 14074
0b000501 0b000601 10236 100 2097152 11786811 44669 44264 13509
0b000001 0b000101 10219 100 2097152 4529803 7306761 176699 11568
0b000f01 0b000801 10259 100 2097152 11795145 44164 44264 12175
0b000b01 0b000c01 10259 100 2097152 11810838 44164 44264 14091
0b000701 0b000001 10236 100 2097152 4574110 7294079 176699 14007
0b000601 0b000701 10251 100 2097152 11834490 44675 44264 13526
0b000101 0b000201 10236 100 2097152 11839574 44669 44264 11585
0b000801 0b000101 10041 100 2097152 11842319 48108 48204 12184
0b000c01 0b000501 10041 100 2097152 11858012 48108 48204 14108
0b000201 0b000301 10251 100 2097152 11887253 47335 44264 11602
0b000101 0b000201 10237 100 2097152 11893437 45974 44264 12193
0b000501 0b000601 10237 100 2097152 11909130 44677 44264 14117
0b000201 0b000301 10252 100 2097152 11942421 44664 44264 12210
0b000601 0b000701 10252 100 2097152 11956817 44661 44264 14134
0b000701 0b000001 10237 100 2097152 4764562 7271734 176699 14023
0b000301 0b000401 10237 100 2097152 4820230 7264919 176699 13027
0b000701 0b000001 10238 100 2097152 4775531 7317349 176699 14951
0b000401 0b000501 10220 100 2097152 4811901 7365464 176699 13508
0b000501 0b000601 10238 100 2097152 12180375 44669 44264 13525
0b000701 0b000001 10239 100 2097152 4833505 7391799 176699 14487
0b000301 0b000401 10238 100 2097152 4891695 7334430 176699 12099
0b000301 0b000401 10239 100 2097152 4894164 7337317 176699 12563
0b000001 0b000101 10220 100 2097152 4799131 7435201 176699 11584
0b000601 0b000701 10253 100 2097152 12228054 44657 44264 13542
0b000101 0b000201 10238 100 2097152 12237342 44691 44264 11601
0b000701 0b000001 10240 100 2097152 4982114 7303158 176699 14967
0b000701 0b000001 10241 100 2097152 5010645 7280235 176699 14039
0b000301 0b000401 10240 100 2097152 5037063 7254806 176699 12115
0b000201 0b000301 10253 100 2097152 12285043 44659 44264 11618
0b000301 0b000401 10241 100 2097152 5111965 7328052 176699 13043
0b000301 0b000401 10242 100 2097152 5210286 7288439 176699 12579
0b000701 0b000001 10242 100 2097152 5174039 7336461 176699 14503
0b000701 0b000001 10243 100 2097152 5241348 7275012 176699 14519
0b000001 0b000101 10221 100 2097152 5114165 7420659 176699 11600
0b000101 0b000201 10239 100 2097152 12537834 44680 44264 11617
0b000401 0b000501 10221 100 2097152 5161544 7435965 176699 13524
0b000301 0b000401 10243 100 2097152 5308859 7303753 176699 12595
0b000301 0b000401 10244 100 2097152 5333740 7284537 176699 12131
0b000201 0b000301 10254 100 2097152 12585524 44655 44264 11634
0b000301 0b000401 10245 100 2097152 5379007 7262542 176699 13059
0b000501 0b000601 10239 100 2097152 12600519 44670 44264 13541
0b000301 0b000401 10246 100 2097152 5491586 7174027 176699 12147
0b000701 0b000001 10244 100 2097152 5315987 7350061 176699 14983
0b000301 0b000401 10247 100 2097152 5510816 7160405 176699 12611
0b000701 0b000001 10245 100 2097152 5357327 7314638 176699 14055
0b000301 0b000401 10248 100 2097152 5540668 7136161 176699 13075
0b000701 0b000001 10246 100 2097152 5408867 7268847 176699 14999
0b000601 0b000701 10254 100 2097152 12648199 44644 44264 13558
0b000001 0b000101 10222 100 2097152 5312258 7418014 176699 11616
0b000701 0b000001 10247 100 2097152 5629403 7125065 176699 14071
0b000301 0b000401 10249 100 2097152 5630045 7141648 176699 12627
0b000401 0b000501 10222 100 2097152 5414111 7358038 176699 13540
0b000301 0b000401 10250 100 2097152 5640612 7136689 176699 13091
0b000101 0b000201 10240 100 2097152 12733282 44672 44264 11633
0b000701 0b000001 10248 100 2097152 5638084 7139944 176699 14535
0b000301 0b000401 10251 100 2097152 5647728 7135220 176699 13107
0b000701 0b000001 10249 100 2097152 5640548 7154364 176699 15015
0b000701 0b000001 10250 100 2097152 5641089 7164207 176699 15031
0b000301 0b000401 10252 100 2097152 5693297 7113727 176699 12643
0b000301 0b000401 10253 100 2097152 5695251 7117102 176699 13123
0b000701 0b000001 10251 100 2097152 5664384 7148504 176699 14551
0b000701 0b000001 10252 100 2097152 5715713 7102783 176699 14567
0b000501 0b000601 10240 100 2097152 12775159 44671 44264 13557
0b000701 0b000001 10253 100 2097152 5720002 7104120 176699 15047
0b000201 0b000301 10255 100 2097152 12780964 44647 44264 11650
0b000301 0b000401 10254 100 2097152 5817271 7023446 176699 12163
0b000301 0b000401 10255 100 2097152 5817402 7023759 176699 12179
0b000601 0b000701 10255 100 2097152 12822840 44652 44264 13574
0b000701 0b000001 10254 100 2097152 5862408 7053080 176699 14087
0b000701 0b000001 10255 100 2097152 5863092 7070436 176699 14103
0b000401 0b000501 10223 100 2097152 5936783 7330154 176699 13556
0b000501 0b000601 10241 100 2097152 13269947 44670 44264 13573
0b000001 0b000101 10223 100 2097152 6006817 7309955 176699 11632
0b000601 0b000701 10256 100 2097152 13317627 44681 44264 13590
0b000101 0b000201 10241 100 2097152 13319782 44680 44264 11649
0b000201 0b000301 10256 100 2097152 13367472 44664 44264 11666
0b000301 0b000401 10256 100 2097152 7760242 5771135 176699 12195
0b000701 0b000001 10256 100 2097152 7805417 5809543 176699 14119
0b000001 0b000101 10224 100 2097152 6332028 7325876 176699 11648
0b000001 0b000101 10225 100 2097152 6332038 7325870 176699 11664
0b000001 0b000101 10226 100 2097152 6332048 7325864 176699 11680
0b000001 0b000101 10227 100 2097152 6332058 7325858 176699 11696
0b000401 0b000501 10224 100 2097152 6375075 7334958 176699 13572
0b000401 0b000501 10225 100 2097152 6375085 7334952 176699 13588
0b000401 0b000501 10226 100 2097152 6375095 7334946 176699 13604
0b000401 0b000501 10227 100 2097152 6375105 7334940 176699 13620
0b000101 0b000201 10242 100 2097152 13660914 178300 44264 11665
0b000101 0b000201 10243 100 2097152 13660924 178294 44264 11681
0b000101 0b000201 10244 100 2097152 13660934 178288 44264 11697
0b000101 0b000201 10245 100 2097152 13660944 178282 44264 11713
0b000501 0b000601 10242 100 2097152 13713043 178299 44264 13589
0b000501 0b000601 10243 100 2097152 13713053 178293 44264 13605
0b000501 0b000601 10244 100 2097152 13713063 178287 44264 13621
0b000501 0b000601 10245 100 2097152 13713073 178281 44264 13637
0b000301 0b000401 10257 100 2097152 8825866 5103551 176699 11571
0b000301 0b000401 10258 100 2097152 8825874 5103649 176699 13971
0b000301 0b000401 10259 100 2097152 8825896 5103628 176699 14451
0b000301 0b000401 10260 100 2097152 8825897 5103628 176699 14931
0b000301 0b000401 10261 100 2097152 8894804 5060309 176699 12659
0b000701 0b000001 10257 100 2097152 8798006 5179058 176699 12055
0b000701 0b000001 10258 100 2097152 8798010 5179055 176699 12535
0b000701 0b000001 10259 100 2097152 8798014 5179052 176699 13015
0b000701 0b000001 10260 100 2097152 8798018 5179049 176699 13495
0b000701 0b000001 10261 100 2097152 8849905 5134591 176699 14583
0b000301 0b000401 10262 100 2097152 9123126 4873970 176699 13139
0b000201 0b000301 10257 100 2097152 13842224 178241 44264 11682
0b000201 0b000301 10258 100 2097152 13842234 178235 44264 11698
0b000201 0b000301 10259 100 2097152 13842244 178229 44264 11714
0b000201 0b000301 10260 100 2097152 13842254 178223 44264 11730
0b000701 0b000001 10262 100 2097152 9087071 4957651 176699 15063
0b000601 0b000701 10257 100 2097152 13894352 178241 44264 13606
0b000601 0b000701 10258 100 2097152 13894362 178235 44264 13622
0b000601 0b000701 10259 100 2097152 13894372 178229 44264 13638
0b000601 0b000701 10260 100 2097152 13894382 178241 44264 13654
0b000401 0b000d01 10034 100 2097152 13932533 180222 180639 13988
0b000d01 0b000e01 10262 100 2097152 14115765 44164 44264 14013
0b000001 0b000901 10034 100 2097152 13980074 180222 180639 12064
0b000301 0b000401 10263 100 2097152 9925621 4245912 176699 11587
0b000e01 0b000f01 10261 100 2097152 14162939 44164 44264 14030
0b000901 0b000a01 10262 100 2097152 14163306 44164 44264 12089
0b000701 0b000001 10263 100 2097152 9868732 4343100 176699 13511
0b000f01 0b000801 10260 100 2097152 14210113 44164 44264 14047
0b000a01 0b000b01 10261 100 2097152 14210480 44164 44264 12106
0b000801 0b000901 10260 100 2097152 14257287 44164 44264 14056
0b000b01 0b000c01 10260 100 2097152 14257654 44164 44264 12123
0b000001 0b000101 10228 100 2097152 7094201 7249507 176699 12496
0b000001 0b000101 10229 100 2097152 7094469 7249243 176699 12976
0b000001 0b000101 10230 100 2097152 7096341 7247375 176699 13456
0b000001 0b000101 10231 100 2097152 7098237 7249703 176699 13936
0b000001 0b000101 10232 100 2097152 7098329 7249615 176699 14416
0b000001 0b000101 10233 100 2097152 7098773 7249175 176699 14896
0b000901 0b000a01 10263 100 2097152 14304461 44164 44264 14073
0b000c01 0b000d01 10260 100 2097152 14304828 44164 44264 12140
0b000401 0b000501 10228 100 2097152 7093690 7296735 176699 11540
0b000401 0b000501 10229 100 2097152 7094302 7296127 176699 12020
0b000401 0b000501 10230 100 2097152 7094318 7296115 176699 12500
0b000401 0b000501 10231 100 2097152 7094846 7295675 176699 12980
0b000401 0b000501 10232 100 2097152 7095390 7295135 176699 14420
0b000401 0b000501 10233 100 2097152 7095406 7295123 176699 14900
0b000101 0b000a01 10032 100 2097152 14346718 48108 48204 12513
0b000a01 0b000b01 10262 100 2097152 14351635 44164 44264 14090
0b000d01 0b000e01 10263 100 2097152 14352002 44164 44264 12157
0b000501 0b000e01 10032 100 2097152 14393535 48108 48204 14437
0b000e01 0b000f01 10262 100 2097152 14399176 44164 44264 12174
0b000a01 0b000b01 10263 100 2097152 14397836 46130 44264 12538
0b000b01 0b000c01 10261 100 2097152 14398809 46220 44264 14107
0b000e01 0b000f01 10263 100 2097152 14444653 46105 44264 14462
0b000b01 0b000c01 10262 100 2097152 14446976 44164 44264 12555
0b000f01 0b000801 10261 100 2097152 14446350 46185 44264 12191
0b000c01 0b000501 10042 100 2097152 14448039 48108 48204 14124
0b000f01 0b000801 10262 100 2097152 14493768 44164 44264 14479
0b000c01 0b000d01 10261 100 2097152 14494150 44164 44264 12572
0b000801 0b000101 10042 100 2097152 14495545 48108 48204 12200
0b000701 0b000001 10264 100 2097152 10958086 3597334 176699 14135
0b000101 0b000201 10246 100 2097152 14346722 219864 44264 12993
0b000101 0b000201 10247 100 2097152 14346726 219861 44264 13473
0b000101 0b000201 10248 100 2097152 14350950 224222 44264 13953
0b000101 0b000201 10249 100 2097152 14350954 224219 44264 14433
0b000101 0b000201 10250 100 2097152 14350958 224216 44264 14913
0b000701 0b000001 10265 100 2097152 11200852 3378128 176699 13527
0b000301 0b000401 10264 100 2097152 11105579 3473972 176699 12211
0b000801 0b000901 10261 100 2097152 14540942 44164 44264 14488
0b000301 0b000401 10265 100 2097152 11320583 3264578 176699 11603
0b000d01 0b000e01 10264 100 2097152 14541324 44164 44264 12589
0b000101 0b000201 10251 100 2097152 14546663 69002 44264 12209
0b000201 0b000b01 10033 100 2097152 14569596 48108 48204 13010
0b000901 0b000a01 10264 100 2097152 14588116 44164 44264 14505
0b000e01 0b000f01 10264 100 2097152 14588498 44164 44264 12606
0b000501 0b000601 10246 100 2097152 14393435 246209 44264 11557
0b000501 0b000601 10247 100 2097152 14393439 246209 44264 12037
0b000501 0b000601 10248 100 2097152 14393443 246209 44264 12517
0b000501 0b000601 10249 100 2097152 14393531 246189 44264 12997
0b000501 0b000601 10250 100 2097152 14393539 246185 44264 14917
0b000501 0b000601 10251 100 2097152 14499157 162316 44264 14133
0b000b01 0b000c01 10263 100 2097152 14620714 46987 44264 13035
0b000f01 0b000801 10263 100 2097152 14635672 44164 44264 12623
0b000a01 0b000b01 10264 100 2097152 14635290 45571 44264 14522
0b000601 0b000f01 10033 100 2097152 14642734 48108 48204 14934
0b000c01 0b000d01 10262 100 2097152 14670711 47108 44264 13052
0b000b01 0b000c01 10264 100 2097152 14683871 45638 44264 14539
0b000801 0b000901 10262 100 2097152 14682846 47325 44264 12632
0b000f01 0b000801 10264 100 2097152 14693852 45741 44264 14959
0b000201 0b000301 10261 100 2097152 14569597 181486 44264 13490
0b000d01 0b000e01 10265 100 2097152 14720829 47262 44264 13069
0b000c01 0b000d01 10263 100 2097152 14732519 45708 44264 14556
0b000901 0b000201 10040 100 2097152 14733181 48108 48204 12649
0b000201 0b000301 10262 100 2097152 14578182 206032 44264 13970
0b000201 0b000301 10263 100 2097152 14578183 206035 44264 14450
0b000201 0b000301 10264 100 2097152 14578184 206038 44264 14930
0b000801 0b000901 10263 100 2097152 14742603 44164 44264 14968
0b000201 0b000301 10265 100 2097152 14618675 183036 44264 12226
0b000701 0b000001 10266 100 2097152 11882175 2919935 176699 13543
0b000301 0b000c01 10034 100 2097152 14754093 48108 48204 13507
0b000e01 0b000f01 10265 100 2097152 14771101 44164 44264 13086
0b000d01 0b000601 10040 100 2097152 14781237 48108 48204 14573
0b000901 0b000a01 10265 100 2097152 14789777 44164 44264 14985
0b000201 0b000301 10266 100 2097152 14784299 54259 44264 12658
0b000701 0b000001 10267 100 2097152 12004488 2837460 176699 14151
0b000c01 0b000d01 10264 100 2097152 14805211 44164 44264 13532
0b000301 0b000401 10266 100 2097152 11937598 2923035 176699 11619
0b000f01 0b000801 10265 100 2097152 14818275 44164 44264 13103
0b000601 0b000701 10261 100 2097152 14642654 223432 44264 11574
0b000601 0b000701 10262 100 2097152 14642658 223432 44264 12054
0b000601 0b000701 10263 100 2097152 14642662 223432 44264 12534
0b000601 0b000701 10264 100 2097152 14642730 223432 44264 13014
0b000301 0b000401 10267 100 2097152 11990095 2876146 176699 12227
0b000601 0b000701 10265 100 2097152 14664483 212233 44264 14150
0b000a01 0b000b01 10265 100 2097152 14836951 44164 44264 15002
0b000d01 0b000e01 10266 100 2097152 14852385 44164 44264 13549
0b000801 0b000901 10264 100 2097152 14865449 44164 44264 13112
0b000601 0b000701 10266 100 2097152 14832355 78304 44264 14582
0b000701 0b000801 10034 100 2097152 14869096 48108 48204 11591
0b000301 0b000401 10268 100 2097152 12332712 2593077 176699 11635
0b000701 0b000001 10268 100 2097152 12275721 2650231 176699 13559
0b000b01 0b000c01 10265 100 2097152 14884125 44164 44264 15019
0b000e01 0b000f01 10266 100 2097152 14899559 44164 44264 13566
0b000901 0b000a01 10266 100 2097152 14912623 47117 44264 13129
0b000801 0b000901 10265 100 2097152 14920214 46804 44264 11608
0b000c01 0b000d01 10265 100 2097152 14931299 44164 44264 15036
0b000f01 0b000801 10266 100 2097152 14946733 45058 44264 13583
0b000a01 0b000301 10041 100 2097152 14962750 48108 48204 13146
0b000901 0b000a01 10267 100 2097152 14970028 46009 44264 11625
0b000d01 0b000e01 10267 100 2097152 14978473 44164 44264 15053
0b000801 0b000901 10266 100 2097152 14994801 45085 44264 13592
0b000a01 0b000b01 10266 100 2097152 15019047 46095 44264 11642
0b000e01 0b000701 10041 100 2097152 15025647 48108 48204 15070
0b000901 0b000a01 10268 100 2097152 15042896 45129 44264 13609
0b000b01 0b000c01 10266 100 2097152 15068152 46183 44264 11659
0b000301 0b000401 10269 100 2097152 12633189 2492068 176699 11651
0b000a01 0b000b01 10267 100 2097152 15091035 45175 44264 13626
0b000701 0b000001 10269 100 2097152 12695853 2441347 176699 13575
0b000c01 0b000d01 10266 100 2097152 15117345 44164 44264 11676
0b000d01 0b000e01 10268 100 2097152 15164519 44164 44264 11693
0b000e01 0b000f01 10267 100 2097152 15211693 44164 44264 11710
0b000301 0b000401 10270 100 2097152 12828621 2481008 176699 11667
0b000b01 0b000401 10042 100 2097152 15139220 180234 180639 13643
0b000701 0b000001 10270 100 2097152 12870502 2450902 176699 13591
0b000f01 0b000001 10042 100 2097152 15258867 180234 180639 11727
0b000701 0b000001 10271 100 2097152 13365318 2235614 176699 13607
0b000301 0b000401 10271 100 2097152 13415146 2295539 176699 11683
0b000701 0b000001 10272 100 2097152 14075603 2026805 176699 13623
0b000701 0b000001 10273 100 2097152 14075613 2026799 176699 13639
0b000701 0b000001 10274 100 2097152 14075623 2026877 176699 13655
0b000701 0b000001 10275 100 2097152 14075633 2026871 176699 13671
0b000301 0b000401 10272 100 2097152 14023475 2115998 176699 11699
0b000301 0b000401 10273 100 2097152 14023485 2116340 176699 11715
0b000301 0b000401 10274 100 2097152 14023495 2116598 176699 11731
0b000301 0b000401 10275 100 2097152 14023505 2116856 176699 11747
0b000301 0b000401 10276 100 2097152 14787224 1752849 176699 13987
0b000301 0b000401 10277 100 2097152 14787228 1752849 176699 14467
0b000301 0b000401 10278 100 2097152 14787232 1752849 176699 14947
0b000301 0b000401 10279 100 2097152 14804721 1742144 176699 12243
0b000701 0b000001 10276 100 2097152 14869100 1682660 176699 12071
0b000701 0b000001 10277 100 2097152 14869104 1682660 176699 12551
0b000701 0b000001 10278 100 2097152 14869172 1682684 176699 13031
0b000701 0b000001 10279 100 2097152 14879726 1678662 176699 14167
0b000301 0b000401 10280 100 2097152 14841568 1728857 176699 12675
0b000301 0b000401 10281 100 2097152 15013868 1563257 176699 13155
0b000701 0b000001 10280 100 2097152 14913669 1668531 176699 14599
0b000701 0b000001 10281 100 2097152 15076765 1512051 176699 15079
0b000001 0b000101 10234 100 2097152 9055481 7660590 176699 14912
0b000401 0b000d01 10035 100 2097152 16543083 180222 180639 14004
0b000001 0b000901 10035 100 2097152 16554770 180222 180639 12080
0b000401 0b000501 10234 100 2097152 9025114 7733194 176699 12996
0b000101 0b000201 10252 100 2097152 16719081 44694 44264 14929
0b000d01 0b000e01 10269 100 2097152 16726315 44164 44264 14029
0b000901 0b000a01 10269 100 2097152 16738002 44164 44264 12105
0b000501 0b000601 10252 100 2097152 16761318 44694 44264 13013
0b000201 0b000301 10267 100 2097152 16766785 44164 44264 14946
0b000e01 0b000f01 10268 100 2097152 16773489 44164 44264 14046
0b000a01 0b000b01 10268 100 2097152 16785176 44164 44264 12122
0b000601 0b000701 10267 100 2097152 16809022 44164 44264 13030
0b000f01 0b000801 10267 100 2097152 16820663 44164 44264 14063
0b000b01 0b000c01 10267 100 2097152 16832350 44164 44264 12139
0b000801 0b000901 10267 100 2097152 16867837 44164 44264 14072
0b000c01 0b000d01 10267 100 2097152 16879524 44164 44264 12156
0b000901 0b000a01 10270 100 2097152 16915011 44164 44264 14089
0b000d01 0b000e01 10270 100 2097152 16926698 44164 44264 12173
0b000301 0b000401 10282 100 2097152 16813959 183846 176699 14963
0b000a01 0b000b01 10269 100 2097152 16962185 44164 44264 14106
0b000e01 0b000f01 10269 100 2097152 16973872 44164 44264 12190
0b000701 0b000001 10282 100 2097152 16856196 183876 176699 13047
0b000b01 0b000c01 10268 100 2097152 17009359 44164 44264 14123
0b000f01 0b000801 10268 100 2097152 17021046 44164 44264 12207
0b000c01 0b000501 10043 100 2097152 17056533 48108 48204 14140
0b000801 0b000101 10043 100 2097152 17068220 48108 48204 12216
0b000501 0b000601 10253 100 2097152 17107651 44694 44264 14149
0b000101 0b000201 10253 100 2097152 17119338 44694 44264 12225
0b000601 0b000701 10268 100 2097152 17155355 44164 44264 14166
0b000201 0b000301 10268 100 2097152 17167042 44164 44264 12242
0b000001 0b000101 10235 100 2097152 9469965 7787498 176699 11712
0b000401 0b000501 10235 100 2097152 9401529 7890058 176699 13636
0b000101 0b000201 10254 100 2097152 17260473 44670 44264 11729
0b000501 0b000601 10254 100 2097152 17294597 44670 44264 13653
0b000201 0b000301 10269 100 2097152 17308153 44664 44264 11746
0b000701 0b000001 10283 100 2097152 17202529 184362 176699 14183
0b000601 0b000701 10269 100 2097152 17342277 44664 44264 13670
0b000301 0b000401 10283 100 2097152 17214216 218921 176699 12259
0b000701 0b000001 10284 100 2097152 17389981 183911 176699 13687
0b000301 0b000401 10284 100 2097152 17355857 226756 176699 11763
0b000401 0b000501 10236 100 2097152 10281906 8240662 176699 11556
0b000401 0b000501 10237 100 2097152 10281922 8240657 176699 12036
0b000401 0b000501 10238 100 2097152 10281938 8240657 176699 12516
0b000401 0b000501 10239 100 2097152 10281970 8240641 176699 14436
0b000401 0b000501 10240 100 2097152 10281986 8240641 176699 14916
0b000501 0b000e01 10033 100 2097152 18525621 48108 48204 14453
0b000e01 0b000f01 10270 100 2097152 18576739 44164 44264 14478
0b000f01 0b000801 10269 100 2097152 18623913 44164 44264 14495
0b000001 0b000101 10236 100 2097152 10429557 8253214 176699 12512
0b000001 0b000101 10237 100 2097152 10429573 8253209 176699 12992
0b000001 0b000101 10238 100 2097152 10429589 8253209 176699 13472
0b000001 0b000101 10239 100 2097152 10429605 8253209 176699 13952
0b000001 0b000101 10240 100 2097152 10429621 8253209 176699 14432
0b000501 0b000601 10255 100 2097152 18525578 178397 44264 11573
0b000501 0b000601 10256 100 2097152 18525589 178390 44264 12053
0b000501 0b000601 10257 100 2097152 18525605 178378 44264 12533
0b000501 0b000601 10258 100 2097152 18525637 178350 44264 14933
0b000801 0b000901 10268 100 2097152 18671087 44164 44264 14504
0b000101 0b000a01 10033 100 2097152 18685781 48108 48204 12529
0b000601 0b000f01 10034 100 2097152 18706997 48108 48204 14950
0b000901 0b000a01 10271 100 2097152 18718261 45334 44264 14521
0b000a01 0b000b01 10270 100 2097152 18736899 60939 44264 12554
0b000f01 0b000801 10270 100 2097152 18758115 44164 44264 14975
0b000a01 0b000b01 10271 100 2097152 18766605 60874 44264 14538
0b000601 0b000701 10270 100 2097152 18706985 132238 44264 11590
0b000601 0b000701 10271 100 2097152 18706989 132238 44264 12070
0b000601 0b000701 10272 100 2097152 18706993 132238 44264 12550
0b000801 0b000901 10269 100 2097152 18805289 44164 44264 14984
0b000b01 0b000c01 10269 100 2097152 18800848 61000 44264 12571
0b000101 0b000201 10255 100 2097152 18685792 178385 44264 13009
0b000101 0b000201 10256 100 2097152 18685808 178373 44264 13489
0b000101 0b000201 10257 100 2097152 18685824 178361 44264 13969
0b000101 0b000201 10258 100 2097152 18685840 178349 44264 14449
0b000701 0b000801 10035 100 2097152 18842263 48108 48204 11607
0b000b01 0b000c01 10270 100 2097152 18830489 60934 44264 14555
0b000901 0b000a01 10272 100 2097152 18852463 44480 44264 15001
0b000201 0b000b01 10034 100 2097152 18867187 48108 48204 13026
0b000c01 0b000d01 10268 100 2097152 18864858 61418 44264 12588
0b000801 0b000901 10270 100 2097152 18893381 44316 44264 11624
0b000a01 0b000b01 10272 100 2097152 18899953 45546 44264 15018
0b000c01 0b000d01 10269 100 2097152 18894433 62051 44264 14572
0b000d01 0b000e01 10271 100 2097152 18929286 45376 44264 12605
0b000b01 0b000c01 10271 100 2097152 18918305 60957 44264 13051
0b000901 0b000a01 10273 100 2097152 18940707 44370 44264 11641
0b000201 0b000301 10270 100 2097152 18867191 132238 44264 13506
0b000201 0b000301 10271 100 2097152 18867195 132238 44264 13986
0b000201 0b000301 10272 100 2097152 18867199 132238 44264 14466
0b000d01 0b000601 10041 100 2097152 18959494 48108 48204 14589
0b000b01 0b000c01 10272 100 2097152 18948509 61890 44264 15035
0b000e01 0b000f01 10271 100 2097152 18977672 44164 44264 12622
0b000a01 0b000b01 10273 100 2097152 18988087 45132 44264 11658
0b000c01 0b000d01 10270 100 2097152 18982272 60088 44264 13068
0b000301 0b000c01 10035 100 2097152 19002469 48108 48204 13523
0b000601 0b000701 10273 100 2097152 19010612 44682 44264 14598
0b000f01 0b000801 10271 100 2097152 19024846 44164 44264 12639
0b000b01 0b000c01 10273 100 2097152 19036229 46178 44264 11675
0b000d01 0b000e01 10272 100 2097152 19045370 46696 44264 13085
0b000c01 0b000d01 10271 100 2097152 19013409 83165 44264 15052
0b000801 0b000901 10271 100 2097152 19072020 44164 44264 12648
0b000e01 0b000f01 10272 100 2097152 19095076 46056 44264 13102
0b000d01 0b000e01 10273 100 2097152 19099584 48785 44264 15069
0b000c01 0b000d01 10272 100 2097152 19053587 95573 44264 13548
0b000c01 0b000d01 10273 100 2097152 19085417 79440 44264 11692
0b000901 0b000201 10041 100 2097152 19119194 48108 48204 12665
0b000f01 0b000801 10272 100 2097152 19144142 44164 44264 13119
0b000e01 0b000701 10042 100 2097152 19151379 48108 48204 15086
0b000201 0b000301 10273 100 2097152 19170312 44664 44264 12674
0b000d01 0b000e01 10274 100 2097152 19152170 73684 44264 13565
0b000801 0b000901 10272 100 2097152 19191316 44164 44264 13128
0b000d01 0b000e01 10275 100 2097152 19167867 73635 44264 11709
0b000901 0b000a01 10274 100 2097152 19238490 44164 44264 13145
0b000701 0b000001 10285 100 2097152 18842267 455665 176699 12087
0b000701 0b000001 10286 100 2097152 18842271 455665 176699 12567
0b000e01 0b000f01 10273 100 2097152 19228864 73719 44264 13582
0b000e01 0b000f01 10274 100 2097152 19244512 73675 44264 11726
0b000a01 0b000301 10042 100 2097152 19285664 48108 48204 13162
0b000001 0b000101 10241 100 2097152 10829457 8505893 176699 14928
0b000f01 0b000801 10273 100 2097152 19305593 44737 44264 13599
0b000101 0b000201 10259 100 2097152 19338360 44670 44264 14945
0b000801 0b000901 10273 100 2097152 19353340 44164 44264 13608
0b000201 0b000301 10274 100 2097152 19386040 44673 44264 14962
0b000901 0b000a01 10275 100 2097152 19400514 44164 44264 13625
0b000301 0b000401 10285 100 2097152 19002473 455664 176699 14003
0b000301 0b000401 10286 100 2097152 19002477 455664 176699 14483
0b000401 0b000501 10241 100 2097152 10865762 8602414 176699 12532
0b000401 0b000501 10242 100 2097152 10870414 8597766 176699 13012
0b000a01 0b000b01 10274 100 2097152 19447688 44164 44264 13642
0b000001 0b000901 10036 100 2097152 19300942 201370 180639 12096
0b000f01 0b000001 10043 100 2097152 19321197 187758 180639 11743
0b000701 0b000001 10287 100 2097152 19058334 478022 176699 14615
0b000901 0b000a01 10276 100 2097152 19505322 44164 44264 12121
0b000501 0b000601 10259 100 2097152 19471186 89213 44264 12549
0b000501 0b000601 10260 100 2097152 19471190 89213 44264 13029
0b000701 0b000001 10288 100 2097152 19202527 377457 176699 15095
0b000a01 0b000b01 10275 100 2097152 19552496 44164 44264 12138
0b000001 0b000101 10242 100 2097152 11049141 8552234 176699 14448
0b000b01 0b000c01 10274 100 2097152 19599670 44164 44264 12155
0b000101 0b000201 10260 100 2097152 19604385 44694 44264 14465
0b000601 0b000701 10274 100 2097152 19563409 88388 44264 12566
0b000601 0b000701 10275 100 2097152 19563413 88388 44264 13046
0b000401 0b000d01 10036 100 2097152 19461147 200750 180639 14020
0b000b01 0b000401 10043 100 2097152 19494862 187118 180639 13659
0b000c01 0b000d01 10274 100 2097152 19646844 45354 44264 12172
0b000201 0b000301 10275 100 2097152 19652089 44664 44264 14482
0b000d01 0b000e01 10276 100 2097152 19664907 60400 44264 14045
0b000d01 0b000e01 10277 100 2097152 19695208 60334 44264 12189
0b000e01 0b000f01 10275 100 2097152 19728317 60460 44264 14062
0b000e01 0b000f01 10276 100 2097152 19758552 60394 44264 12206
0b000f01 0b000801 10274 100 2097152 19791787 60520 44264 14079
0b000301 0b000401 10287 100 2097152 19218016 638241 176699 12691
0b000f01 0b000801 10275 100 2097152 19821956 60454 44264 12223
0b000801 0b000901 10274 100 2097152 19855317 45397 44264 14088
0b000801 0b000101 10044 100 2097152 19885420 48108 48204 12232
0b000901 0b000a01 10277 100 2097152 19903724 44164 44264 14105
0b000301 0b000401 10288 100 2097152 19336812 634865 176699 13171
0b000101 0b000201 10261 100 2097152 19936538 44676 44264 12241
0b000a01 0b000b01 10276 100 2097152 19950898 44164 44264 14122
0b000301 0b000401 10289 100 2097152 19433753 581103 176699 14979
0b000701 0b000001 10289 100 2097152 19654837 367547 176699 12583
0b000701 0b000001 10290 100 2097152 19654841 367547 176699 13063
0b000201 0b000301 10276 100 2097152 19984224 44661 44264 12258
0b000b01 0b000c01 10275 100 2097152 19998072 44164 44264 14139
0b000c01 0b000501 10044 100 2097152 20045246 48108 48204 14156
0b000001 0b000101 10243 100 2097152 11329137 8783798 176699 12528
0b000001 0b000101 10244 100 2097152 11329321 8788838 176699 13008
0b000001 0b000101 10245 100 2097152 11329673 8788497 176699 13488
0b000001 0b000101 10246 100 2097152 11329941 8788245 176699 13968
0b000501 0b000601 10261 100 2097152 20096364 44670 44264 14165
0b000101 0b000a01 10034 100 2097152 20115945 48108 48204 12545
0b000301 0b000401 10290 100 2097152 19699793 479972 176699 14499
0b000601 0b000701 10276 100 2097152 20144044 44164 44264 14182
0b000a01 0b000b01 10277 100 2097152 20167063 44164 44264 12570
0b000401 0b000501 10243 100 2097152 11344026 8884062 176699 11572
0b000401 0b000501 10244 100 2097152 11344294 8883798 176699 12052
0b000401 0b000501 10245 100 2097152 11344830 8883350 176699 14452
0b000401 0b000501 10246 100 2097152 11345098 8888366 176699 14932
0b000101 0b000201 10262 100 2097152 20121169 133801 44264 13025
0b000101 0b000201 10263 100 2097152 20121180 133791 44264 13505
0b000101 0b000201 10264 100 2097152 20121196 133776 44264 13985
0b000b01 0b000c01 10276 100 2097152 20214237 44164 44264 12587
0b000501 0b000e01 10034 100 2097152 20231190 48108 48204 14469
0b000301 0b000401 10291 100 2097152 20031925 262158 176699 12275
0b000401 0b000501 10247 100 2097152 11391079 8907543 176699 12068
0b000c01 0b000d01 10275 100 2097152 20261411 44164 44264 12604
0b000201 0b000b01 10035 100 2097152 20258010 48108 48204 13042
0b000e01 0b000f01 10277 100 2097152 20282308 45867 44264 14494
0b000201 0b000301 10277 100 2097152 20258011 88607 44264 13522
0b000201 0b000301 10278 100 2097152 20258012 88610 44264 14002
0b000b01 0b000c01 10277 100 2097152 20309128 44164 44264 13067
0b000d01 0b000e01 10278 100 2097152 20308585 45014 44264 12621
0b000701 0b000001 10291 100 2097152 20191248 183844 176699 14199
0b000001 0b000101 10247 100 2097152 11438002 8937097 176699 13984
0b000f01 0b000801 10276 100 2097152 20331185 45957 44264 14511
0b000501 0b000601 10262 100 2097152 20231098 151269 44264 11589
0b000501 0b000601 10263 100 2097152 20231102 151269 44264 12069
0b000501 0b000601 10264 100 2097152 20236474 151339 44264 14949
0b000301 0b000c01 10036 100 2097152 20349658 48108 48204 13539
0b000c01 0b000d01 10276 100 2097152 20356302 44164 44264 13084
0b000e01 0b000f01 10278 100 2097152 20356609 45054 44264 12638
0b000501 0b000601 10265 100 2097152 20301632 108624 44264 12085
0b000101 0b000201 10265 100 2097152 20378109 44694 44264 14001
0b000801 0b000901 10275 100 2097152 20380152 46042 44264 14520
0b000601 0b000f01 10035 100 2097152 20390853 48108 48204 14966
0b000c01 0b000d01 10277 100 2097152 20400776 46052 44264 13564
0b000d01 0b000e01 10279 100 2097152 20403476 46137 44264 13101
0b000f01 0b000801 10277 100 2097152 20404673 51858 44264 12655
0b000001 0b000101 10248 100 2097152 11498894 8959521 176699 14000
0b000001 0b000101 10249 100 2097152 11504166 8954260 176699 14464
0b000201 0b000301 10279 100 2097152 20425843 45004 44264 14018
0b000901 0b000a01 10278 100 2097152 20429204 44821 44264 14537
0b000401 0b000501 10248 100 2097152 11470343 9014782 176699 12548
0b000f01 0b000801 10278 100 2097152 20441971 53465 44264 14991
0b000d01 0b000e01 10280 100 2097152 20449838 46049 44264 13581
0b000e01 0b000f01 10279 100 2097152 20452623 46133 44264 13118
0b000601 0b000701 10277 100 2097152 20385407 121427 44264 11606
0b000601 0b000701 10278 100 2097152 20385411 121424 44264 12086
0b000401 0b000501 10249 100 2097152 11475615 9031650 176699 12084
0b000801 0b000901 10276 100 2097152 20459541 53078 44264 12664
0b000a01 0b000b01 10278 100 2097152 20477035 44164 44264 14554
0b000601 0b000701 10279 100 2097152 20413296 108058 44264 12102
0b000e01 0b000f01 10280 100 2097152 20498897 46045 44264 13598
0b000f01 0b000801 10279 100 2097152 20501766 46273 44264 13135
0b000101 0b000201 10266 100 2097152 20461425 89241 44264 14017
0b000101 0b000201 10267 100 2097152 20461436 89232 44264 14481
0b000801 0b000901 10277 100 2097152 20498446 53837 44264 15000
0b000501 0b000601 10266 100 2097152 20488135 67796 44264 12565
0b000701 0b000801 10036 100 2097152 20509874 48108 48204 11623
0b000901 0b000201 10042 100 2097152 20515629 48108 48204 12681
0b000b01 0b000c01 10278 100 2097152 20524209 44164 44264 14571
0b000501 0b000601 10267 100 2097152 20510275 68360 44264 12101
0b000301 0b000401 10292 100 2097152 20349662 237270 176699 14019
0b000f01 0b000801 10280 100 2097152 20547952 46184 44264 13615
0b000901 0b000a01 10279 100 2097152 20555293 46614 44264 15017
0b000c01 0b000d01 10278 100 2097152 20571383 44164 44264 14588
0b000601 0b000701 10280 100 2097152 20558971 67839 44264 12582
0b000601 0b000701 10281 100 2097152 20581675 67184 44264 12118
0b000a01 0b000b01 10279 100 2097152 20604917 44164 44264 15034
0b000801 0b000901 10278 100 2097152 20551049 99592 44264 13144
0b000d01 0b000601 10042 100 2097152 20618557 48638 48204 14605
0b000801 0b000901 10279 100 2097152 20560992 108378 44264 11640
0b000201 0b000301 10280 100 2097152 20553706 127142 44264 14034
0b000201 0b000301 10281 100 2097152 20553708 127141 44264 14498
0b000201 0b000301 10282 100 2097152 20566777 120684 44264 12690
0b000801 0b000901 10280 100 2097152 20597146 90354 44264 13624
0b000b01 0b000c01 10279 100 2097152 20652091 44164 44264 15051
0b000601 0b000701 10282 100 2097152 20670235 44693 44264 14614
0b000901 0b000a01 10280 100 2097152 20653651 89323 44264 13161
0b000c01 0b000d01 10279 100 2097152 20699265 44164 44264 15068
0b000301 0b000401 10293 100 2097152 20473887 292070 176699 14035
0b000401 0b000d01 10037 100 2097152 20589942 180222 180639 14036
0b000901 0b000a01 10281 100 2097152 20672380 106340 44264 11657
0b000901 0b000a01 10282 100 2097152 20690510 97191 44264 13641
0b000a01 0b000301 10043 100 2097152 20745984 48108 48204 13178
0b000d01 0b000e01 10281 100 2097152 20746439 61468 44264 15085
0b000d01 0b000e01 10282 100 2097152 20773174 61470 44264 14061
0b000e01 0b000701 10043 100 2097152 20810917 48108 48204 15102
0b000a01 0b000b01 10280 100 2097152 20781730 79778 44264 11674
0b000a01 0b000b01 10281 100 2097152 20790711 79756 44264 13658
0b000e01 0b000f01 10281 100 2097152 20837654 44164 44264 14078
0b000b01 0b000c01 10280 100 2097152 20864518 44434 44264 11691
0b000f01 0b000801 10281 100 2097152 20884828 44164 44264 14095
0b000c01 0b000d01 10280 100 2097152 20911962 44164 44264 11708
0b000401 0b000d01 10038 100 2097152 20768967 197361 180639 14052
0b000801 0b000901 10281 100 2097152 20932002 44164 44264 14104
0b000901 0b000a01 10283 100 2097152 20979176 44164 44264 14121
0b000d01 0b000e01 10283 100 2097152 20959136 78016 44264 11725
0b000d01 0b000e01 10284 100 2097152 20969338 78335 44264 14077
0b000001 0b000101 10250 100 2097152 11771342 9278148 176699 14480
0b000b01 0b000401 10044 100 2097152 20873477 183746 180639 13675
0b000001 0b000101 10251 100 2097152 11776866 9282484 176699 14944
0b000401 0b000501 10250 100 2097152 11746319 9319882 176699 13028
0b000a01 0b000b01 10282 100 2097152 21026350 44164 44264 14138
0b000401 0b000501 10251 100 2097152 11769123 9331578 176699 12564
0b000b01 0b000c01 10281 100 2097152 21073524 44164 44264 14155
0b000e01 0b000f01 10282 100 2097152 21040162 78378 44264 11742
0b000501 0b000601 10268 100 2097152 21069211 54724 44264 13045
0b000e01 0b000f01 10283 100 2097152 21050683 78025 44264 14094
0b000101 0b000201 10268 100 2097152 21052500 79358 44264 14497
0b000101 0b000201 10269 100 2097152 21062360 79587 44264 14961
0b000701 0b000001 10292 100 2097152 20509875 646390 176699 12103
0b000401 0b000501 10252 100 2097152 11808871 9350526 176699 12100
0b000501 0b000601 10269 100 2097152 21103711 55791 44264 12581
0b000c01 0b000501 10045 100 2097152 21120698 48108 48204 14172
0b000f01 0b000801 10282 100 2097152 21131718 44164 44264 14111
0b000601 0b000701 10283 100 2097152 21126975 57274 44264 13062
0b000201 0b000301 10283 100 2097152 21134898 79569 44264 14514
0b000601 0b000701 10284 100 2097152 21162542 58653 44264 12598
0b000001 0b000101 10252 100 2097152 11871199 9350483 176699 14016
0b000801 0b000901 10282 100 2097152 21178892 44164 44264 14120
0b000201 0b000301 10284 100 2097152 21144987 79360 44264 14978
0b000501 0b000601 10270 100 2097152 21162407 81503 44264 12117
0b000501 0b000601 10271 100 2097152 21171816 81592 44264 14181
0b000101 0b000201 10270 100 2097152 21224692 44671 44264 14033
0b000901 0b000a01 10284 100 2097152 21226066 44164 44264 14137
0b000701 0b000001 10293 100 2097152 20524394 782779 176699 12119
0b000f01 0b000001 10044 100 2097152 21121550 186130 180639 11759
0b000201 0b000301 10285 100 2097152 21272403 44673 44264 14050
0b000a01 0b000b01 10283 100 2097152 21273240 44164 44264 14154
0b000601 0b000701 10285 100 2097152 21246950 80151 44264 12134
0b000601 0b000701 10286 100 2097152 21256448 79945 44264 14198
0b000b01 0b000c01 10282 100 2097152 21320414 44164 44264 14171
0b000001 0b000901 10037 100 2097152 21159275 218922 180639 12112
0b000c01 0b000501 10046 100 2097152 21367588 48108 48204 14188
0b000901 0b000a01 10285 100 2097152 21381207 44164 44264 12137
0b000501 0b000601 10272 100 2097152 21418736 44669 44264 14197
0b000a01 0b000b01 10284 100 2097152 21428381 44164 44264 12154
0b000301 0b000401 10294 100 2097152 20683888 811073 176699 14051
0b000301 0b000401 10295 100 2097152 20683889 811160 176699 14515
0b000601 0b000701 10287 100 2097152 21466445 44672 44264 14214
0b000b01 0b000c01 10283 100 2097152 21475555 44164 44264 12171
0b000001 0b000901 10038 100 2097152 21310183 212174 180639 12128
0b000c01 0b000d01 10281 100 2097152 21522759 44164 44264 12188
0b000901 0b000a01 10286 100 2097152 21525367 44164 44264 12153
0b000301 0b000401 10296 100 2097152 20690501 882216 176699 12707
0b000001 0b000101 10253 100 2097152 12039306 9570572 176699 14032
0b000d01 0b000e01 10285 100 2097152 21569933 44164 44264 12205
0b000a01 0b000b01 10285 100 2097152 21572541 44164 44264 12170
0b000301 0b000401 10297 100 2097152 20797132 854093 176699 13187
0b000101 0b000201 10271 100 2097152 21612888 44670 44264 14049
0b000e01 0b000f01 10284 100 2097152 21617107 44164 44264 12222
0b000b01 0b000c01 10284 100 2097152 21619715 44164 44264 12187
0b000401 0b000d01 10039 100 2097152 21497971 180222 180639 14068
0b000001 0b000101 10254 100 2097152 12095890 9588992 176699 14960
0b000201 0b000301 10286 100 2097152 21660598 45590 44264 14066
0b000f01 0b000801 10283 100 2097152 21664281 44164 44264 12239
0b000c01 0b000d01 10282 100 2097152 21666919 45514 44264 12204
0b000101 0b000201 10272 100 2097152 21687892 44980 44264 14977
0b000401 0b000501 10253 100 2097152 12088159 9649618 176699 13044
0b000d01 0b000e01 10286 100 2097152 21681203 56821 44264 14093
0b000801 0b000101 10045 100 2097152 21711455 48108 48204 12248
0b000d01 0b000e01 10287 100 2097152 21715443 56733 44264 12221
0b000201 0b000301 10287 100 2097152 21735912 45638 44264 14994
0b000501 0b000601 10273 100 2097152 21740817 44669 44264 13061
0b000701 0b000001 10294 100 2097152 20629850 1160086 176699 12599
0b000e01 0b000f01 10285 100 2097152 21741034 56901 44264 14110
0b000101 0b000201 10273 100 2097152 21762573 45021 44264 12257
0b000e01 0b000f01 10286 100 2097152 21775186 56813 44264 12238
0b000601 0b000701 10288 100 2097152 21788526 44659 44264 13078
0b000701 0b000001 10295 100 2097152 20651899 1181661 176699 12135
0b000201 0b000301 10288 100 2097152 21810634 44664 44264 12274
0b000f01 0b000801 10284 100 2097152 21800945 56981 44264 14127
0b000f01 0b000801 10285 100 2097152 21835009 56893 44264 12255
0b000801 0b000901 10283 100 2097152 21860936 45574 44264 14136
0b000001 0b000101 10255 100 2097152 12228314 9720136 176699 14496
0b000901 0b000a01 10287 100 2097152 21909520 44164 44264 14153
0b000801 0b000101 10046 100 2097152 21894912 62245 48204 12264
0b000701 0b000001 10296 100 2097152 20717968 1282464 176699 14631
0b000a01 0b000b01 10286 100 2097152 21956694 44164 44264 14170
0b000001 0b000901 10039 100 2097152 21836570 180222 180639 12144
0b000101 0b000201 10274 100 2097152 21951490 80527 44264 14513
0b000101 0b000201 10275 100 2097152 21960197 80705 44264 12273
0b000b01 0b000c01 10285 100 2097152 22003868 44164 44264 14187
0b000901 0b000a01 10288 100 2097152 22019802 44164 44264 12169
0b000401 0b000501 10254 100 2097152 12229135 9863450 176699 12116
0b000c01 0b000501 10047 100 2097152 22051072 48108 48204 14204
0b000401 0b000501 10255 100 2097152 12234491 9872882 176699 12580
0b000001 0b000101 10256 100 2097152 12288282 9819856 176699 14976
0b000a01 0b000b01 10287 100 2097152 22066976 44164 44264 12186
0b000201 0b000301 10289 100 2097152 22035057 80878 44264 14530
0b000001 0b000101 10257 100 2097152 12293890 9827224 176699 14048
0b000201 0b000301 10290 100 2097152 22043942 81035 44264 12290
0b000301 0b000401 10298 100 2097152 21217507 927374 176699 14531
0b000b01 0b000c01 10286 100 2097152 22114180 44164 44264 12203
0b000701 0b000001 10297 100 2097152 20862065 1323747 176699 15111
0b000101 0b000201 10276 100 2097152 22111178 76256 44264 14993
0b000401 0b000501 10256 100 2097152 12294879 9901218 176699 12132
0b000101 0b000201 10277 100 2097152 22124154 76581 44264 14065
0b000c01 0b000d01 10283 100 2097152 22161384 44164 44264 12220
0b000301 0b000401 10299 100 2097152 21227387 979846 176699 14995
0b000501 0b000601 10274 100 2097152 22095625 120794 44264 12133
0b000501 0b000601 10275 100 2097152 22102220 134518 44264 14213
0b000501 0b000601 10276 100 2097152 22110413 134797 44264 12597
0b000d01 0b000e01 10288 100 2097152 22208558 44164 44264 12237
0b000201 0b000301 10291 100 2097152 22190474 76589 44264 15010
0b000501 0b000601 10277 100 2097152 22199137 76656 44264 12149
0b000201 0b000301 10292 100 2097152 22203775 76269 44264 14082
0b000e01 0b000f01 10287 100 2097152 22255732 44164 44264 12254
0b000301 0b000401 10300 100 2097152 21320116 990741 176699 14067
0b000601 0b000701 10289 100 2097152 22219459 103365 44264 12150
0b000f01 0b000801 10286 100 2097152 22302906 44164 44264 12271
0b000601 0b000701 10290 100 2097152 22239778 141860 44264 14230
0b000601 0b000701 10291 100 2097152 22248250 141549 44264 12614
0b000801 0b000101 10047 100 2097152 22350110 48108 48204 12280
0b000601 0b000701 10292 100 2097152 22278833 120866 44264 12166
0b000101 0b000201 10278 100 2097152 22401258 44671 44264 12289
0b000201 0b000301 10293 100 2097152 22448969 44664 44264 12306
0b000401 0b000d01 10040 100 2097152 22313867 180222 180639 14084
0b000401 0b000501 10257 100 2097152 12443027 10056166 176699 13060
0b000d01 0b000e01 10289 100 2097152 22497099 44164 44264 14109
0b000501 0b000601 10278 100 2097152 22502233 44670 44264 13077
0b000001 0b000101 10258 100 2097152 12513510 10074036 176699 14512
0b000e01 0b000f01 10288 100 2097152 22544273 44164 44264 14126
0b000401 0b000501 10258 100 2097152 12501735 10090262 176699 12596
0b000601 0b000701 10293 100 2097152 22549943 44677 44264 13094
0b000001 0b000101 10259 100 2097152 12519370 10077332 176699 14528
0b000701 0b000001 10298 100 2097152 21187289 1426087 176699 13079
0b000f01 0b000801 10287 100 2097152 22591477 44164 44264 14143
0b000501 0b000601 10279 100 2097152 22595037 44670 44264 12613
0b000701 0b000001 10299 100 2097152 21224235 1421961 176699 12615
0b000101 0b000201 10279 100 2097152 22590586 80061 44264 14529
0b000101 0b000201 10280 100 2097152 22599742 80276 44264 14545
0b000801 0b000901 10284 100 2097152 22638681 44164 44264 14152
0b000601 0b000701 10294 100 2097152 22642747 44660 44264 12630
0b000901 0b000a01 10289 100 2097152 22685855 44164 44264 14169
0b000201 0b000301 10294 100 2097152 22673687 80246 44264 14546
0b000201 0b000301 10295 100 2097152 22683058 80054 44264 14562
0b000a01 0b000b01 10288 100 2097152 22733029 44164 44264 14186
0b000401 0b000501 10259 100 2097152 12615622 10165511 176699 12612
0b000401 0b000501 10260 100 2097152 12621287 10169430 176699 12148
0b000001 0b000101 10260 100 2097152 12669058 10125320 176699 14992
0b000001 0b000101 10261 100 2097152 12674975 10128299 176699 14064
0b000001 0b000101 10262 100 2097152 12680724 10123678 176699 15008
0b000701 0b000001 10300 100 2097152 21330141 1479511 176699 12151
0b000701 0b000001 10301 100 2097152 21339433 1481915 176699 14215
0b000401 0b000501 10261 100 2097152 12644559 10178194 176699 13076
0b000b01 0b000c01 10287 100 2097152 22780233 44164 44264 14203
0b000401 0b000501 10262 100 2097152 12668623 10185130 176699 12164
0b000401 0b000501 10263 100 2097152 12674231 10188326 176699 12628
0b000401 0b000501 10264 100 2097152 12679839 10187034 176699 13092
0b000c01 0b000501 10048 100 2097152 22827437 48108 48204 14220
0b000301 0b000401 10301 100 2097152 21709228 1179473 176699 14083
0b000001 0b000101 10263 100 2097152 12757478 10133676 176699 14080
0b000501 0b000601 10280 100 2097152 22784173 123330 44264 12629
0b000101 0b000201 10281 100 2097152 22797418 121671 44264 15009
0b000001 0b000101 10264 100 2097152 12781038 10140892 176699 14544
0b000001 0b000101 10265 100 2097152 12797922 10140992 176699 15024
0b000001 0b000101 10266 100 2097152 12808306 10143020 176699 15040
0b000101 0b000201 10282 100 2097152 22806314 150190 44264 14081
0b000601 0b000701 10295 100 2097152 22910543 47871 44264 12646
0b000001 0b000101 10267 100 2097152 12815898 10142688 176699 14560
0b000001 0b000101 10268 100 2097152 12821506 10137264 176699 14576
0b000101 0b000201 10283 100 2097152 22807442 151932 44264 15025
0b000001 0b000101 10269 100 2097152 12827132 10134430 176699 15056
0b000501 0b000601 10281 100 2097152 22793757 172693 44264 12165
0b000201 0b000301 10296 100 2097152 22922129 64442 44264 15026
0b000001 0b000901 10040 100 2097152 22812662 180222 180639 12160
0b000401 0b000501 10265 100 2097152 12774703 10224442 176699 12644
0b000401 0b000501 10266 100 2097152 12780311 10223058 176699 13108
0b000401 0b000501 10267 100 2097152 12785958 10225511 176699 13124
0b000601 0b000701 10296 100 2097152 22969490 49280 44264 12182
0b000701 0b000001 10302 100 2097152 21514157 1518415 176699 14231
0b000401 0b000501 10268 100 2097152 12810034 10225199 176699 12660
0b000001 0b000101 10270 100 2097152 12918498 10117848 176699 14096
0b000401 0b000501 10269 100 2097152 12815363 10223746 176699 13140
0b000901 0b000a01 10290 100 2097152 22995894 44164 44264 12185
0b000001 0b000101 10271 100 2097152 12936538 10112344 176699 14112
0b000401 0b000501 10270 100 2097152 12843727 10216918 176699 12180
0b000401 0b000501 10271 100 2097152 12844171 10216478 176699 12196
0b000201 0b000301 10297 100 2097152 22959544 104390 44264 14098
0b000201 0b000301 10298 100 2097152 22962414 102993 44264 15042
0b000401 0b000d01 10041 100 2097152 22891711 180222 180639 14100
0b000501 0b000601 10282 100 2097152 22825793 253996 44264 13093
0b000a01 0b000b01 10289 100 2097152 23043098 44164 44264 12202
0b000d01 0b000e01 10290 100 2097152 23074943 44164 44264 14125
0b000601 0b000701 10297 100 2097152 23082829 50099 44264 13110
0b000b01 0b000c01 10288 100 2097152 23090302 44164 44264 12219
0b000e01 0b000f01 10289 100 2097152 23122117 44164 44264 14142
0b000301 0b000401 10302 100 2097152 21784590 1390931 176699 15011
0b000c01 0b000d01 10284 100 2097152 23137506 44164 44264 12236
0b000101 0b000201 10284 100 2097152 22894194 298507 44264 14097
0b000501 0b000601 10283 100 2097152 22856793 337374 44264 12181
0b000f01 0b000801 10288 100 2097152 23169321 44164 44264 14159
0b000501 0b000601 10284 100 2097152 22865597 351119 44264 12645
0b000501 0b000601 10285 100 2097152 22869913 354724 44264 13109
0b000d01 0b000e01 10291 100 2097152 23184680 44164 44264 12253
0b000501 0b000601 10286 100 2097152 22878585 358002 44264 14229
0b000201 0b000301 10299 100 2097152 23195741 51423 44264 14114
0b000101 0b000201 10285 100 2097152 22924970 334661 44264 14561
0b000801 0b000901 10285 100 2097152 23216525 44164 44264 14168
0b000e01 0b000f01 10290 100 2097152 23231854 44164 44264 12270
0b000101 0b000201 10286 100 2097152 22941954 347989 44264 15041
0b000101 0b000201 10287 100 2097152 22954366 350952 44264 15057
0b000901 0b000a01 10291 100 2097152 23263699 44164 44264 14185
0b000601 0b000701 10298 100 2097152 23197207 111831 44264 12198
0b000101 0b000201 10288 100 2097152 22961626 351928 44264 14577
0b000101 0b000201 10289 100 2097152 22961810 351920 44264 14593
0b000101 0b000201 10290 100 2097152 22964602 350510 44264 15073
0b000f01 0b000801 10289 100 2097152 23279058 44164 44264 12287
0b000301 0b000401 10303 100 2097152 21858338 1468697 176699 12291
0b000101 0b000201 10291 100 2097152 23039386 297852 44264 14113
0b000101 0b000201 10292 100 2097152 23051922 286931 44264 14129
0b000a01 0b000b01 10290 100 2097152 23310903 44164 44264 14202
0b000801 0b000101 10048 100 2097152 23326262 48108 48204 12296
0b000201 0b000301 10300 100 2097152 23262671 114124 44264 14578
0b000601 0b000701 10299 100 2097152 23219756 159177 44264 12662
0b000601 0b000701 10300 100 2097152 23227677 159450 44264 13126
0b000501 0b000601 10287 100 2097152 23002185 387486 44264 12661
0b000501 0b000601 10288 100 2097152 23006409 387521 44264 13125
0b000601 0b000701 10301 100 2097152 23239627 155901 44264 14246
0b000701 0b000001 10303 100 2097152 21836225 1562177 176699 13095
0b000501 0b000601 10289 100 2097152 23014509 385241 44264 13141
0b000b01 0b000c01 10289 100 2097152 23358107 44164 44264 14219
0b000501 0b000601 10290 100 2097152 23038273 373566 44264 12677
0b000501 0b000601 10291 100 2097152 23042149 371094 44264 13157
0b000501 0b000601 10292 100 2097152 23063685 353986 44264 12197
0b000501 0b000601 10293 100 2097152 23063725 353947 44264 12213
0b000101 0b000201 10293 100 2097152 23377410 46222 44264 12305
0b000c01 0b000501 10049 100 2097152 23405311 48108 48204 14236
0b000501 0b000601 10294 100 2097152 23456459 46232 44264 14245
0b000201 0b000301 10301 100 2097152 23292983 286157 44264 15058
0b000201 0b000301 10302 100 2097152 23308358 322680 44264 15074
0b000201 0b000301 10303 100 2097152 23316594 330377 44264 14594
0b000201 0b000301 10304 100 2097152 23316770 330418 44264 14610
0b000201 0b000301 10305 100 2097152 23318152 330059 44264 15090
0b000201 0b000301 10306 100 2097152 23340278 318644 44264 14130
0b000201 0b000301 10307 100 2097152 23341893 317514 44264 14146
0b000201 0b000301 10308 100 2097152 23426672 244063 44264 12322
0b000601 0b000701 10302 100 2097152 23392711 288132 44264 12678
0b000601 0b000701 10303 100 2097152 23396970 300974 44264 13142
0b000601 0b000701 10304 100 2097152 23402790 310450 44264 13158
0b000401 0b000501 10272 100 2097152 13534387 10186922 176699 12212
0b000601 0b000701 10305 100 2097152 23414879 321180 44264 12694
0b000601 0b000701 10306 100 2097152 23416283 321206 44264 13174
0b000601 0b000701 10307 100 2097152 23420711 319506 44264 12214
0b000601 0b000701 10308 100 2097152 23420751 319467 44264 12230
0b000601 0b000701 10309 100 2097152 23505731 246896 44264 14262
0b000501 0b000601 10295 100 2097152 23724349 45462 44264 12229
0b000001 0b000101 10272 100 2097152 13617970 10158556 176699 14128
0b000301 0b000401 10304 100 2097152 22118975 1661206 176699 14547
0b000601 0b000701 10310 100 2097152 23772851 44665 44264 12246
0b000301 0b000401 10305 100 2097152 22128017 1692836 176699 12307
0b000101 0b000201 10294 100 2097152 23779566 44670 44264 14145
0b000201 0b000301 10309 100 2097152 23827276 44673 44264 14162
0b000401 0b000501 10273 100 2097152 13932427 10284262 176699 11588
0b000401 0b000501 10274 100 2097152 13932534 10284159 176699 14468
0b000401 0b000501 10275 100 2097152 13932535 10284162 176699 14948
0b000401 0b000501 10276 100 2097152 13958123 10281066 176699 12676
0b000501 0b000e01 10035 100 2097152 24219733 48108 48204 14485
0b000401 0b000501 10277 100 2097152 14000106 10275547 176699 13156
0b000001 0b000101 10273 100 2097152 13980075 10297795 176699 12544
0b000001 0b000101 10274 100 2097152 13980076 10297798 176699 13024
0b000001 0b000101 10275 100 2097152 13980077 10297801 176699 13504
0b000001 0b000101 10276 100 2097152 13987506 10297416 176699 14592
0b000e01 0b000f01 10291 100 2097152 24270881 44164 44264 14510
0b000301 0b000401 10306 100 2097152 22270103 2054578 176699 15027
0b000101 0b000a01 10035 100 2097152 24280910 48108 48204 12561
0b000001 0b000101 10277 100 2097152 14047732 10286082 176699 15072
0b000f01 0b000801 10290 100 2097152 24318085 44164 44264 14527
0b000501 0b000601 10296 100 2097152 24219729 143690 44264 11605
0b000501 0b000601 10297 100 2097152 24219737 143683 44264 14965
0b000a01 0b000b01 10291 100 2097152 24332058 44164 44264 12586
0b000501 0b000601 10298 100 2097152 24242229 144330 44264 12693
0b000501 0b000601 10299 100 2097152 24278693 120426 44264 13173
0b000301 0b000401 10307 100 2097152 22283084 2117077 176699 14099
0b000401 0b000501 10278 100 2097152 14174543 10225658 176699 11604
0b000801 0b000901 10286 100 2097152 24365289 44164 44264 14536
0b000601 0b000f01 10036 100 2097152 24366460 48108 48204 14982
0b000b01 0b000c01 10290 100 2097152 24379262 44164 44264 12603
0b000101 0b000201 10295 100 2097152 24280914 155000 44264 13041
0b000101 0b000201 10296 100 2097152 24280918 155019 44264 13521
0b000101 0b000201 10297 100 2097152 24287962 155115 44264 14609
0b000501 0b000601 10300 100 2097152 24403241 46191 44264 11621
0b000601 0b000701 10311 100 2097152 24366459 85640 44264 11622
0b000901 0b000a01 10292 100 2097152 24412493 44164 44264 14553
0b000101 0b000201 10298 100 2097152 24336854 123077 44264 15089
0b000f01 0b000801 10291 100 2097152 24417608 44164 44264 15007
0b000c01 0b000d01 10285 100 2097152 24426466 44164 44264 12620
0b000001 0b000101 10278 100 2097152 14214842 10259944 176699 13520
0b000201 0b000b01 10036 100 2097152 24438954 48108 48204 13058
0b000701 0b000801 10037 100 2097152 24455109 48108 48204 11639
0b000a01 0b000b01 10292 100 2097152 24459697 44781 44264 14570
0b000801 0b000901 10287 100 2097152 24464812 46768 44264 15016
0b000d01 0b000e01 10292 100 2097152 24473640 44164 44264 12637
0b000601 0b000701 10312 100 2097152 24389599 129216 44264 12710
0b000101 0b000201 10299 100 2097152 24477826 46216 44264 13537
0b000601 0b000701 10313 100 2097152 24402159 128936 44264 13190
0b000601 0b000701 10314 100 2097152 24452472 94959 44264 11638
0b000801 0b000901 10288 100 2097152 24506257 48503 44264 11656
0b000201 0b000301 10310 100 2097152 24438977 122458 44264 13538
0b000b01 0b000c01 10291 100 2097152 24490102 72097 44264 13083
0b000901 0b000a01 10293 100 2097152 24514620 48679 44264 15033
0b000e01 0b000f01 10292 100 2097152 24520844 44164 44264 12654
0b000b01 0b000c01 10292 100 2097152 24507518 72116 44264 14587
0b000201 0b000301 10311 100 2097152 24446117 135966 44264 14626
0b000401 0b000d01 10042 100 2097152 24403171 180431 180639 14116
0b000201 0b000301 10312 100 2097152 24462971 135512 44264 15106
0b000701 0b000801 10038 100 2097152 24550441 48108 48204 11655
0b000901 0b000a01 10294 100 2097152 24557800 48592 44264 11673
0b000301 0b000c01 10037 100 2097152 24564445 48311 48204 13555
0b000f01 0b000801 10292 100 2097152 24568048 44639 44264 12671
0b000a01 0b000b01 10293 100 2097152 24566339 48759 44264 15050
0b000201 0b000301 10313 100 2097152 24527082 92304 44264 13554
0b000d01 0b000e01 10293 100 2097152 24586612 47703 44264 14141
0b000701 0b000001 10304 100 2097152 22325864 2321844 176699 12167
0b000c01 0b000d01 10286 100 2097152 24565239 84930 44264 13100
0b000a01 0b000b01 10294 100 2097152 24609432 48670 44264 11690
0b000701 0b000001 10305 100 2097152 22384678 2279726 176699 14247
0b000b01 0b000c01 10293 100 2097152 24618138 49288 44264 15067
0b000301 0b000c01 10038 100 2097152 24622396 48108 48204 13571
0b000801 0b000901 10289 100 2097152 24601589 75077 44264 11672
0b000e01 0b000f01 10293 100 2097152 24637355 45509 44264 14158
0b000801 0b000901 10290 100 2097152 24615727 75277 44264 12680
0b000d01 0b000e01 10294 100 2097152 24653179 46767 44264 13117
0b000c01 0b000d01 10287 100 2097152 24582674 117317 44264 14604
0b000b01 0b000c01 10294 100 2097152 24661142 49368 44264 11707
0b000901 0b000a01 10295 100 2097152 24679706 44667 44264 11689
0b000401 0b000501 10279 100 2097152 14582561 10145136 176699 12228
0b000401 0b000501 10280 100 2097152 14588171 10142874 176699 11620
0b000f01 0b000801 10293 100 2097152 24685904 46759 44264 14175
0b000001 0b000101 10279 100 2097152 14558430 10177824 176699 14144
0b000901 0b000201 10043 100 2097152 24694044 48638 48204 12697
0b000e01 0b000f01 10294 100 2097152 24702986 45462 44264 13134
0b000d01 0b000601 10043 100 2097152 24703001 48108 48204 14621
0b000001 0b000101 10280 100 2097152 14581990 10170108 176699 13536
0b000c01 0b000d01 10288 100 2097152 24615796 143447 44264 13580
0b000a01 0b000b01 10295 100 2097152 24727413 44164 44264 11706
0b000801 0b000901 10291 100 2097152 24735673 46865 44264 14184
0b000201 0b000301 10314 100 2097152 24745722 47853 44264 12706
0b000f01 0b000801 10294 100 2097152 24751488 45512 44264 13151
0b000701 0b000001 10306 100 2097152 22392839 2405936 176699 12631
0b000601 0b000701 10315 100 2097152 24754149 47841 44264 14630
0b000d01 0b000e01 10295 100 2097152 24762253 46832 44264 13597
0b000101 0b000201 10300 100 2097152 24739294 74728 44264 14161
0b000501 0b000601 10301 100 2097152 24730737 87269 44264 12245
0b000b01 0b000c01 10295 100 2097152 24774617 46187 44264 11723
0b000501 0b000601 10302 100 2097152 24734085 87226 44264 11637
0b000c01 0b000d01 10289 100 2097152 24670466 153249 44264 15084
0b000c01 0b000d01 10290 100 2097152 24673544 153031 44264 13596
0b000101 0b000201 10301 100 2097152 24755138 75062 44264 13553
0b000001 0b000901 10041 100 2097152 24650718 180222 180639 12176
0b000901 0b000a01 10296 100 2097152 24785578 46997 44264 14201
0b000801 0b000901 10292 100 2097152 24800010 46039 44264 13160
0b000c01 0b000d01 10291 100 2097152 24713550 135714 44264 11724
0b000e01 0b000f01 10295 100 2097152 24812125 45564 44264 13614
0b000701 0b000001 10307 100 2097152 22402739 2460110 176699 12183
0b000c01 0b000d01 10292 100 2097152 24823844 59194 44264 11740
0b000a01 0b000b01 10296 100 2097152 24835615 47909 44264 14218
0b000201 0b000301 10315 100 2097152 24817032 73923 44264 14178
0b000f01 0b000801 10295 100 2097152 24860729 44164 44264 13631
0b000201 0b000301 10316 100 2097152 24833210 73493 44264 13570
0b000601 0b000701 10316 100 2097152 24821016 85902 44264 12262
0b000901 0b000a01 10297 100 2097152 24833980 75931 44264 12201
0b000601 0b000701 10317 100 2097152 24824321 85923 44264 11654
0b000901 0b000a01 10298 100 2097152 24849089 76552 44264 13177
0b000b01 0b000c01 10296 100 2097152 24886564 45324 44264 14235
0b000001 0b000101 10281 100 2097152 14805120 10129378 176699 13552
0b000801 0b000901 10293 100 2097152 24907903 44947 44264 13640
0b000a01 0b000b01 10297 100 2097152 24912951 45123 44264 12218
0b000001 0b000101 10282 100 2097152 14844958 10113332 176699 14160
0b000301 0b000c01 10039 100 2097152 24909713 49791 48204 13587
0b000701 0b000801 10039 100 2097152 24913254 48635 48204 11671
0b000d01 0b000e01 10296 100 2097152 24826725 138378 44264 15101
0b000d01 0b000e01 10297 100 2097152 24829585 144033 44264 13613
0b000a01 0b000301 10044 100 2097152 24928681 49400 48204 13194
0b000401 0b000501 10281 100 2097152 14863643 10119662 176699 11636
0b000c01 0b000501 10050 100 2097152 24934928 49109 48204 14252
0b000401 0b000501 10282 100 2097152 14869251 10117226 176699 12244
0b000d01 0b000e01 10298 100 2097152 24852274 144072 44264 11741
0b000101 0b000201 10302 100 2097152 24937538 65472 44264 13569
0b000901 0b000a01 10299 100 2097152 24955890 47507 44264 13657
0b000b01 0b000c01 10297 100 2097152 24961114 46142 44264 12235
0b000d01 0b000e01 10299 100 2097152 24886048 121607 44264 11757
0b000c01 0b000d01 10293 100 2097152 24962544 46217 44264 13612
0b000801 0b000901 10294 100 2097152 24964899 45841 44264 11688
0b000001 0b000101 10283 100 2097152 14928962 10082912 176699 13568
0b000e01 0b000701 10044 100 2097152 24968143 48108 48204 15118
0b000401 0b000501 10283 100 2097152 14928799 10100886 176699 11652
0b000301 0b000401 10308 100 2097152 22496673 2536304 176699 12323
0b000101 0b000201 10303 100 2097152 24961300 78303 44264 14177
0b000001 0b000901 10042 100 2097152 24865859 180222 180639 12192
0b000a01 0b000b01 10298 100 2097152 25006437 47681 44264 13674
0b000c01 0b000d01 10294 100 2097152 25010296 46104 44264 12252
0b000d01 0b000e01 10300 100 2097152 25011771 46269 44264 13629
0b000201 0b000301 10317 100 2097152 25006020 57717 44264 13586
0b000e01 0b000f01 10296 100 2097152 24976658 88181 44264 13630
0b000901 0b000a01 10300 100 2097152 25013780 54632 44264 11705
0b000101 0b000201 10304 100 2097152 25014884 58650 44264 13585
0b000901 0b000a01 10301 100 2097152 25049121 56006 44264 12217
0b000d01 0b000e01 10301 100 2097152 25059410 46176 44264 12269
0b000f01 0b000801 10296 100 2097152 25067879 46663 44264 13647
0b000201 0b000301 10318 100 2097152 25042613 75832 44264 14194
0b000a01 0b000b01 10299 100 2097152 25071452 54562 44264 11722
0b000301 0b000c01 10040 100 2097152 25066747 62241 48204 13603
0b000001 0b000101 10284 100 2097152 15140210 9997324 176699 13584
0b000e01 0b000f01 10297 100 2097152 24999386 140160 44264 11758
0b000201 0b000301 10319 100 2097152 25076544 65634 44264 13602
0b000501 0b000601 10303 100 2097152 24986345 159366 44264 11653
0b000501 0b000601 10304 100 2097152 24987077 160790 44264 14261
0b000501 0b000601 10305 100 2097152 24989487 160826 44264 12261
0b000e01 0b000f01 10298 100 2097152 25010695 145235 44264 11774
0b000801 0b000901 10295 100 2097152 25117552 44164 44264 13656
0b000a01 0b000b01 10300 100 2097152 25108167 54492 44264 12234
0b000501 0b000601 10306 100 2097152 25032695 132514 44264 11669
0b000401 0b000501 10284 100 2097152 15128267 10040446 176699 11668
0b000c01 0b000d01 10295 100 2097152 25132028 46986 44264 13628
0b000b01 0b000c01 10298 100 2097152 25129054 55329 44264 11739
0b000101 0b000201 10305 100 2097152 25140544 44669 44264 13601
0b000e01 0b000f01 10299 100 2097152 25061080 127251 44264 13646
0b000e01 0b000f01 10300 100 2097152 25108626 95221 44264 12286
0b000301 0b000c01 10041 100 2097152 25145188 62241 48204 13619
0b000901 0b000a01 10302 100 2097152 25164756 44164 44264 13673
0b000501 0b000601 10307 100 2097152 25171723 46194 44264 11685
0b000b01 0b000c01 10299 100 2097152 25165699 55663 44264 12251
0b000d01 0b000e01 10302 100 2097152 25182054 46339 44264 13645
0b000201 0b000301 10320 100 2097152 25188223 44664 44264 13618
0b000b01 0b000401 10045 100 2097152 25057158 180234 180639 13691
0b000a01 0b000b01 10301 100 2097152 25211960 44570 44264 13690
0b000001 0b000101 10285 100 2097152 15324414 9941472 176699 13600
0b000f01 0b000801 10297 100 2097152 25191341 77004 44264 13663
0b000c01 0b000d01 10296 100 2097152 25187423 83425 44264 11756
0b000e01 0b000f01 10301 100 2097152 25231433 46180 44264 13662
0b000f01 0b000801 10298 100 2097152 25206857 77068 44264 12303
0b000301 0b000c01 10042 100 2097152 25235897 58692 48204 13635
0b000401 0b000501 10285 100 2097152 15312639 9993874 176699 11684
0b000401 0b000501 10286 100 2097152 15322464 9989769 176699 13652
0b000101 0b000201 10306 100 2097152 25268896 44669 44264 13617
0b000801 0b000901 10296 100 2097152 25271355 48100 44264 13672
0b000d01 0b000e01 10303 100 2097152 25273888 48713 44264 11773
0b000c01 0b000d01 10297 100 2097152 25210469 114855 44264 13644
0b000f01 0b000801 10299 100 2097152 25280623 47567 44264 13679
0b000701 0b000001 10308 100 2097152 22597660 2736749 176699 13111
0b000801 0b000101 10049 100 2097152 25286935 48635 48204 12312
0b000c01 0b000d01 10298 100 2097152 25224372 114720 44264 12268
0b000601 0b000701 10318 100 2097152 25148721 191740 44264 11670
0b000601 0b000701 10319 100 2097152 25150877 198394 44264 14278
0b000001 0b000101 10286 100 2097152 15442111 9910199 176699 11728
0b000601 0b000701 10320 100 2097152 25153323 199771 44264 12278
0b000201 0b000301 10321 100 2097152 25316575 46010 44264 13634
0b000601 0b000701 10321 100 2097152 25168219 195221 44264 11686
0b000c01 0b000d01 10299 100 2097152 25297599 71747 44264 13660
0b000901 0b000a01 10303 100 2097152 25322495 47548 44264 13689
0b000e01 0b000f01 10302 100 2097152 25325611 46237 44264 11790
0b000801 0b000901 10297 100 2097152 25331200 45850 44264 13688
0b000601 0b000701 10322 100 2097152 25220927 156221 44264 11702
0b000501 0b000601 10308 100 2097152 25309523 85588 44264 11701
0b000501 0b000601 10309 100 2097152 25315243 85531 44264 13669
0b000101 0b000201 10307 100 2097152 25338580 72718 44264 12321
0b000a01 0b000b01 10302 100 2097152 25373053 47695 44264 13706
0b000d01 0b000e01 10304 100 2097152 25328364 93457 44264 13661
0b000901 0b000a01 10304 100 2097152 25380060 45931 44264 13705
0b000301 0b000c01 10043 100 2097152 25365595 62256 48204 13651
0b000101 0b000201 10308 100 2097152 25355320 73144 44264 11745
0b000b01 0b000401 10046 100 2097152 25259540 180237 180639 13707
0b000d01 0b000e01 10305 100 2097152 25342132 107880 44264 12285
0b000001 0b000101 10287 100 2097152 15603942 9853512 176699 13616
0b000701 0b000001 10309 100 2097152 22690447 2774986 176699 12647
0b000d01 0b000e01 10306 100 2097152 25372386 93522 44264 13677
0b000301 0b000401 10309 100 2097152 22756973 2710403 176699 14563
0b000701 0b000801 10040 100 2097152 25343471 127548 48204 11687
0b000a01 0b000b01 10303 100 2097152 25429001 44164 44264 13722
0b000c01 0b000d01 10300 100 2097152 25430861 45687 44264 13676
0b000601 0b000701 10323 100 2097152 25398121 83719 44264 11718
0b000601 0b000701 10324 100 2097152 25403784 83645 44264 13686
0b000201 0b000301 10322 100 2097152 25414308 74537 44264 12338
0b000e01 0b000f01 10303 100 2097152 25424831 74237 44264 13678
0b000201 0b000301 10323 100 2097152 25431474 75151 44264 11762
0b000101 0b000201 10309 100 2097152 25460464 46206 44264 13633
0b000801 0b000901 10298 100 2097152 25474029 44929 44264 11704
0b000f01 0b000001 10045 100 2097152 25142586 377466 180639 11775
0b000d01 0b000e01 10307 100 2097152 25479588 46172 44264 13693
0b000701 0b000801 10042 100 2097152 25380158 146834 48204 11719
0b000f01 0b000801 10300 100 2097152 25502078 47304 44264 13695
0b000701 0b000801 10041 100 2097152 25366450 185179 48204 11703
0b000201 0b000301 10324 100 2097152 25509680 44664 44264 13650
0b000401 0b000501 10287 100 2097152 15713695 9849930 176699 11700
0b000e01 0b000f01 10304 100 2097152 25453022 113489 44264 12302
0b000901 0b000a01 10305 100 2097152 25521968 45469 44264 11721
0b000701 0b000801 10043 100 2097152 25484850 95826 48204 11735
0b000e01 0b000f01 10305 100 2097152 25468918 113485 44264 13694
0b000f01 0b000001 10046 100 2097152 25158940 437232 180639 11791
0b000e01 0b000f01 10306 100 2097152 25528770 78892 44264 13710
0b000501 0b000601 10310 100 2097152 25566635 44676 44264 11717
0b000a01 0b000b01 10304 100 2097152 25570447 44164 44264 11738
0b000301 0b000c01 10044 100 2097152 25557384 62406 48204 13667
0b000601 0b000701 10325 100 2097152 25614321 44664 44264 11734
0b000f01 0b000801 10301 100 2097152 25569521 93977 44264 12319
0b000b01 0b000c01 10300 100 2097152 25617621 45935 44264 11755
0b000c01 0b000d01 10301 100 2097152 25622800 48161 44264 13692
0b000f01 0b000001 10047 100 2097152 25374858 300377 180639 11807
0b000f01 0b000801 10302 100 2097152 25585413 109791 44264 13711
0b000f01 0b000801 10303 100 2097152 25610702 97198 44264 13727
0b000701 0b000801 10044 100 2097152 25662025 50853 48204 11751
0b000c01 0b000d01 10302 100 2097152 25666566 48052 44264 11772
0b000801 0b000101 10050 100 2097152 25666538 50194 48204 12328
0b000001 0b000101 10288 100 2097152 16105418 9613128 176699 13632
0b000001 0b000101 10289 100 2097152 16105428 9613122 176699 13648
0b000001 0b000101 10290 100 2097152 16105510 9613044 176699 13664
0b000001 0b000101 10291 100 2097152 16105520 9613038 176699 13680
0b000d01 0b000e01 10308 100 2097152 25673971 48262 44264 13709
0b000801 0b000901 10299 100 2097152 25552392 175471 44264 13704
0b000b01 0b000401 10047 100 2097152 25423758 308103 180639 13723
0b000801 0b000901 10300 100 2097152 25554669 187280 44264 11720
0b000801 0b000901 10301 100 2097152 25554709 187372 44264 11736
0b000d01 0b000e01 10309 100 2097152 25717628 48159 44264 11789
0b000e01 0b000f01 10307 100 2097152 25725273 48339 44264 13726
0b000301 0b000401 10310 100 2097152 22766152 3010937 176699 14579
0b000801 0b000901 10302 100 2097152 25583716 197893 44264 11752
0b000b01 0b000401 10048 100 2097152 25476175 315930 180639 13739
0b000401 0b000501 10288 100 2097152 16142483 9661754 176699 11716
0b000401 0b000501 10289 100 2097152 16142835 9661406 176699 11732
0b000401 0b000501 10290 100 2097152 16143103 9663698 176699 11748
0b000401 0b000501 10291 100 2097152 16143371 9663434 176699 11764
0b000e01 0b000f01 10308 100 2097152 25768827 48251 44264 11806
0b000f01 0b000801 10304 100 2097152 25776652 46258 44264 13743
0b000901 0b000a01 10306 100 2097152 25730873 132931 44264 13721
0b000801 0b000901 10303 100 2097152 25698244 182188 44264 13720
0b000801 0b000901 10304 100 2097152 25710940 177194 44264 13736
0b000801 0b000901 10305 100 2097152 25715918 173933 44264 11768
0b000a01 0b000b01 10305 100 2097152 25866814 46268 44264 13738
0b000801 0b000901 10306 100 2097152 25825950 93565 44264 13752
0b000901 0b000a01 10307 100 2097152 25744959 174573 44264 11737
0b000901 0b000a01 10308 100 2097152 25745091 174457 44264 11753
0b000101 0b000201 10310 100 2097152 25719742 215621 44264 12337
0b000101 0b000201 10311 100 2097152 25721556 221181 44264 13649
0b000101 0b000201 10312 100 2097152 25721566 221172 44264 13665
0b000101 0b000201 10313 100 2097152 25721576 221163 44264 13681
0b000101 0b000201 10314 100 2097152 25721586 221154 44264 13697
0b000001 0b000101 10292 100 2097152 16554774 9423284 176699 12560
0b000001 0b000101 10293 100 2097152 16554866 9423196 176699 13040
0b000001 0b000101 10294 100 2097152 16561398 9419044 176699 14176
0b000901 0b000a01 10309 100 2097152 25784619 196633 44264 11769
0b000501 0b000601 10311 100 2097152 25807247 175751 44264 11733
0b000501 0b000601 10312 100 2097152 25807257 175745 44264 11749
0b000501 0b000601 10313 100 2097152 25809811 175744 44264 11765
0b000501 0b000601 10314 100 2097152 25809821 175738 44264 11781
0b000001 0b000101 10295 100 2097152 16585240 9406730 176699 14608
0b000001 0b000101 10296 100 2097152 16591856 9402318 176699 15088
0b000f01 0b000001 10048 100 2097152 25820118 180234 180639 11823
0b000101 0b000a01 10036 100 2097152 25981098 48108 48204 12577
0b000a01 0b000b01 10306 100 2097152 25922542 112599 44264 11754
0b000a01 0b000b01 10307 100 2097152 25922558 112584 44264 11770
0b000401 0b000501 10292 100 2097152 16543087 9498398 176699 14484
0b000401 0b000501 10293 100 2097152 16543091 9498398 176699 14964
0b000401 0b000501 10294 100 2097152 16549875 9494082 176699 12260
0b000401 0b000501 10295 100 2097152 16573465 9482460 176699 12692
0b000401 0b000501 10296 100 2097152 16580165 9478052 176699 13172
0b000901 0b000a01 10310 100 2097152 25883442 204265 44264 13737
0b000501 0b000e01 10036 100 2097152 26044525 48108 48204 14501
0b000901 0b000a01 10311 100 2097152 25891144 202355 44264 13753
0b000901 0b000a01 10312 100 2097152 25892861 201299 44264 11785
0b000b01 0b000401 10049 100 2097152 25916092 180234 180639 13755
0b000a01 0b000b01 10308 100 2097152 25984262 112758 44264 11786
0b000901 0b000a01 10313 100 2097152 25922555 177209 44264 13769
0b000e01 0b000f01 10309 100 2097152 26095673 44164 44264 14526
0b000201 0b000301 10325 100 2097152 25938373 204333 44264 12354
0b000101 0b000201 10315 100 2097152 25981102 164392 44264 13057
0b000b01 0b000c01 10301 100 2097152 26038151 109698 44264 11771
0b000b01 0b000c01 10302 100 2097152 26038161 109710 44264 11787
0b000101 0b000201 10316 100 2097152 25983482 169369 44264 14193
0b000a01 0b000b01 10309 100 2097152 26032246 129832 44264 12602
0b000101 0b000201 10317 100 2097152 25995010 169766 44264 14625
0b000101 0b000201 10318 100 2097152 25997214 168311 44264 15105
0b000601 0b000701 10326 100 2097152 25986008 183367 44264 11750
0b000601 0b000701 10327 100 2097152 25986018 183358 44264 11766
0b000201 0b000301 10326 100 2097152 25945747 225015 44264 13666
0b000201 0b000301 10327 100 2097152 25945757 225009 44264 13682
0b000201 0b000301 10328 100 2097152 25945767 225003 44264 13698
0b000201 0b000301 10329 100 2097152 25945807 224967 44264 13714
0b000601 0b000701 10328 100 2097152 25988565 183557 44264 11782
0b000601 0b000701 10329 100 2097152 25988605 183561 44264 11798
0b000301 0b000401 10311 100 2097152 22989611 3187035 176699 15043
0b000001 0b000101 10297 100 2097152 17043112 9140154 176699 13056
0b000f01 0b000801 10305 100 2097152 26142877 44164 44264 14543
0b000b01 0b000c01 10303 100 2097152 26100060 92163 44264 11803
0b000201 0b000b01 10037 100 2097152 26148534 50502 48204 13074
0b000501 0b000601 10315 100 2097152 26044529 162069 44264 14981
0b000501 0b000601 10316 100 2097152 26046997 166906 44264 12277
0b000401 0b000501 10297 100 2097152 17000845 9218584 176699 14980
0b000501 0b000601 10317 100 2097152 26058965 166971 44264 12709
0b000501 0b000601 10318 100 2097152 26061257 165757 44264 13189
0b000101 0b000201 10319 100 2097152 26186306 46223 44264 13073
0b000801 0b000901 10307 100 2097152 26190081 44164 44264 14552
0b000b01 0b000c01 10304 100 2097152 26165118 84941 44264 12619
0b000601 0b000f01 10037 100 2097152 26209638 58626 48204 14998
0b000c01 0b000d01 10303 100 2097152 26150859 120514 44264 11788
0b000c01 0b000d01 10304 100 2097152 26150911 120614 44264 11804
0b000301 0b000401 10312 100 2097152 23066974 3205017 176699 14115
0b000501 0b000601 10319 100 2097152 26222469 50374 44264 14997
0b000701 0b000001 10310 100 2097152 22961454 3314660 176699 12663
0b000a01 0b000b01 10310 100 2097152 26090747 191812 44264 13754
0b000901 0b000a01 10314 100 2097152 26237285 46197 44264 14569
0b000b01 0b000c01 10305 100 2097152 26202076 81984 44264 13099
0b000a01 0b000b01 10311 100 2097152 26096539 192428 44264 13770
0b000a01 0b000b01 10312 100 2097152 26097200 192191 44264 11802
0b000a01 0b000b01 10313 100 2097152 26102804 187956 44264 13786
0b000201 0b000301 10330 100 2097152 26155891 141643 44264 14210
0b000201 0b000301 10331 100 2097152 26167816 134366 44264 14642
0b000201 0b000301 10332 100 2097152 26168565 133750 44264 15122
0b000001 0b000101 10298 100 2097152 17389931 8922479 176699 14192
0b000f01 0b000801 10306 100 2097152 26271304 44164 44264 15023
0b000201 0b000b01 10038 100 2097152 26235569 90221 48204 13090
0b000601 0b000701 10330 100 2097152 26216943 111976 44264 12294
0b000c01 0b000d01 10305 100 2097152 26195263 134618 44264 11820
0b000a01 0b000b01 10314 100 2097152 26286522 50092 44264 14586
0b000301 0b000401 10313 100 2097152 23068447 3277702 176699 15059
0b000601 0b000701 10331 100 2097152 26228976 123140 44264 12726
0b000601 0b000701 10332 100 2097152 26230054 122576 44264 13206
0b000b01 0b000c01 10306 100 2097152 26292431 60647 44264 11819
0b000701 0b000801 10045 100 2097152 26172415 181599 48204 11767
0b000701 0b000801 10046 100 2097152 26172425 181593 48204 11783
0b000601 0b000f01 10038 100 2097152 26275883 78915 48204 15014
0b000701 0b000801 10047 100 2097152 26175132 181627 48204 11799
0b000701 0b000801 10048 100 2097152 26175176 181608 48204 11815
0b000101 0b000201 10320 100 2097152 26315450 44670 44264 14209
0b000c01 0b000d01 10306 100 2097152 26253099 122906 44264 12636
0b000301 0b000c01 10046 100 2097152 26173812 205630 48204 13699
0b000301 0b000c01 10047 100 2097152 26173822 208380 48204 13715
0b000301 0b000c01 10048 100 2097152 26173832 208393 48204 13731
0b000301 0b000c01 10045 100 2097152 26173802 208961 48204 13683
0b000001 0b000101 10299 100 2097152 17576902 8808160 176699 13696
0b000801 0b000901 10308 100 2097152 26318508 66889 44264 15032
0b000d01 0b000e01 10310 100 2097152 26274413 111224 44264 11805
0b000d01 0b000e01 10311 100 2097152 26274565 111490 44264 11821
0b000f01 0b000801 10307 100 2097152 26357838 46223 44264 15039
0b000401 0b000501 10298 100 2097152 17436177 8970368 176699 12276
0b000201 0b000301 10333 100 2097152 26363160 45785 44264 14226
0b000b01 0b000c01 10307 100 2097152 26328830 96622 44264 13115
0b000c01 0b000d01 10307 100 2097152 26287100 143159 44264 13116
0b000b01 0b000c01 10308 100 2097152 26339654 91256 44264 14603
0b000101 0b000201 10321 100 2097152 26388102 45091 44264 13713
0b000901 0b000a01 10315 100 2097152 26388437 47667 44264 15049
0b000d01 0b000e01 10312 100 2097152 26332921 117450 44264 11837
0b000501 0b000601 10320 100 2097152 26409585 44670 44264 12293
0b000401 0b000501 10299 100 2097152 17585623 8881022 176699 11780
0b000201 0b000301 10334 100 2097152 26436233 44662 44264 13730
0b000d01 0b000e01 10313 100 2097152 26379045 103490 44264 12653
0b000a01 0b000b01 10315 100 2097152 26439144 44164 44264 15066
0b000e01 0b000f01 10310 100 2097152 26388677 108451 44264 11822
0b000e01 0b000f01 10311 100 2097152 26389095 109222 44264 11838
0b000601 0b000701 10333 100 2097152 26457295 46823 44264 12310
0b000401 0b000d01 10043 100 2097152 26275031 230318 180639 14132
0b000d01 0b000e01 10314 100 2097152 26433299 75160 44264 13133
0b000701 0b000001 10311 100 2097152 23021810 3489906 176699 12199
0b000501 0b000601 10321 100 2097152 26469685 45686 44264 11797
0b000b01 0b000c01 10309 100 2097152 26486348 46179 44264 15083
0b000301 0b000c01 10049 100 2097152 26483905 62241 48204 13747
0b000d01 0b000e01 10315 100 2097152 26508389 50342 44264 14157
0b000601 0b000701 10334 100 2097152 26518411 44659 44264 11814
0b000801 0b000901 10309 100 2097152 26357024 216518 44264 11784
0b000801 0b000901 10310 100 2097152 26357034 216512 44264 11800
0b000801 0b000901 10311 100 2097152 26359769 216427 44264 11816
0b000801 0b000901 10312 100 2097152 26359794 216406 44264 11832
0b000801 0b000901 10313 100 2097152 26407071 179687 44264 15048
0b000e01 0b000f01 10312 100 2097152 26453411 141184 44264 11854
0b000e01 0b000f01 10313 100 2097152 26485575 139705 44264 12670
0b000701 0b000801 10049 100 2097152 26566080 64184 48204 11831
0b000c01 0b000d01 10308 100 2097152 26356118 277828 44264 11836
0b000e01 0b000f01 10314 100 2097152 26511499 133599 44264 13150
0b000e01 0b000f01 10315 100 2097152 26561771 100175 44264 14174
0b000801 0b000901 10314 100 2097152 26633274 47090 44264 11848
0b000d01 0b000e01 10316 100 2097152 26636986 59633 44264 11853
0b000701 0b000001 10312 100 2097152 23135968 3569240 176699 13127
0b000b01 0b000401 10051 100 2097152 26292007 413353 180639 13787
0b000f01 0b000801 10308 100 2097152 26628320 89517 44264 12687
0b000c01 0b000d01 10309 100 2097152 26385773 341331 44264 13708
0b000c01 0b000d01 10310 100 2097152 26385783 341325 44264 13724
0b000c01 0b000d01 10311 100 2097152 26385793 341319 44264 13740
0b000c01 0b000d01 10312 100 2097152 26385803 341313 44264 13756
0b000001 0b000901 10043 100 2097152 26514756 230983 180639 12208
0b000e01 0b000f01 10316 100 2097152 26699659 46258 44264 11870
0b000c01 0b000d01 10313 100 2097152 26428462 327050 44264 13132
0b000f01 0b000801 10309 100 2097152 26648138 108445 44264 13167
0b000c01 0b000d01 10314 100 2097152 26433920 324365 44264 14620
0b000f01 0b000801 10310 100 2097152 26664956 100077 44264 14191
0b000301 0b000401 10314 100 2097152 23250204 3521061 176699 14131
0b000801 0b000901 10315 100 2097152 26720847 56749 44264 12696
0b000c01 0b000d01 10315 100 2097152 26535537 252474 44264 15100
0b000c01 0b000d01 10316 100 2097152 26549156 240701 44264 13772
0b000d01 0b000601 10044 100 2097152 26761325 48440 48204 14637
0b000901 0b000201 10044 100 2097152 26780636 48108 48204 12713
0b000b01 0b000401 10052 100 2097152 26293800 536234 180639 13803
0b000b01 0b000401 10050 100 2097152 26285599 545055 180639 13771
0b000901 0b000a01 10316 100 2097152 26576582 257677 44264 11801
0b000901 0b000a01 10317 100 2097152 26576622 257791 44264 11817
0b000901 0b000a01 10318 100 2097152 26579236 261962 44264 11833
0b000901 0b000a01 10319 100 2097152 26579276 262032 44264 11849
0b000901 0b000a01 10320 100 2097152 26589798 259875 44264 15065
0b000801 0b000901 10316 100 2097152 26759593 95319 44264 13176
0b000601 0b000701 10335 100 2097152 26812805 44663 44264 14646
0b000801 0b000901 10317 100 2097152 26768043 91160 44264 14200
0b000201 0b000301 10335 100 2097152 26831784 44666 44264 12722
0b000901 0b000a01 10321 100 2097152 26683404 225542 44264 11865
0b000901 0b000a01 10322 100 2097152 26748779 193699 44264 12233
0b000401 0b000d01 10044 100 2097152 26774305 182726 180639 14148
0b000301 0b000401 10315 100 2097152 23379835 3595782 176699 14595
0b000901 0b000a01 10323 100 2097152 26857952 128091 44264 13193
0b000901 0b000a01 10324 100 2097152 26862243 125275 44264 14217
0b000d01 0b000e01 10317 100 2097152 26730144 284762 44264 13725
0b000d01 0b000e01 10318 100 2097152 26730184 284873 44264 13741
0b000d01 0b000e01 10319 100 2097152 26730224 284963 44264 13757
0b000d01 0b000e01 10320 100 2097152 26730264 284927 44264 13773
0b000a01 0b000301 10045 100 2097152 26989083 48108 48204 13210
0b000d01 0b000e01 10321 100 2097152 26758552 284705 44264 13149
0b000d01 0b000e01 10322 100 2097152 26791051 271701 44264 15117
0b000d01 0b000e01 10323 100 2097152 26792897 270516 44264 13789
0b000d01 0b000e01 10324 100 2097152 26960071 128315 44264 14173
0b000f01 0b000001 10050 100 2097152 26501357 611973 180639 11855
0b000e01 0b000701 10045 100 2097152 27065792 48635 48204 15134
0b000f01 0b000001 10049 100 2097152 26500168 614354 180639 11839
0b000a01 0b000b01 10316 100 2097152 26837299 280054 44264 11818
0b000a01 0b000b01 10317 100 2097152 26837453 280786 44264 11834
0b000001 0b000101 10300 100 2097152 19300946 7819924 176699 12576
0b000a01 0b000b01 10318 100 2097152 26844238 294204 44264 11850
0b000a01 0b000b01 10319 100 2097152 26844348 294315 44264 11866
0b000a01 0b000b01 10320 100 2097152 26852713 294290 44264 15082
0b000101 0b000a01 10037 100 2097152 27123910 48108 48204 12593
0b000a01 0b000b01 10321 100 2097152 26911986 272048 44264 11882
0b000a01 0b000b01 10322 100 2097152 26945518 255260 44264 12250
0b000001 0b000101 10301 100 2097152 19511965 7692905 176699 11744
0b000f01 0b000001 10052 100 2097152 26748927 456163 180639 11887
0b000a01 0b000b01 10323 100 2097152 26990558 223136 44264 14234
0b000701 0b000001 10313 100 2097152 23312078 3903363 176699 12215
0b000001 0b000101 10302 100 2097152 19539366 7676168 176699 14624
0b000f01 0b000001 10051 100 2097152 26597635 619651 180639 11871
0b000001 0b000101 10303 100 2097152 19582994 7648652 176699 15104
0b000a01 0b000b01 10324 100 2097152 27175058 71088 44264 12618
0b000e01 0b000f01 10317 100 2097152 27017946 278752 44264 13742
0b000e01 0b000f01 10318 100 2097152 27018097 279361 44264 13758
0b000e01 0b000f01 10319 100 2097152 27018227 279550 44264 13774
0b000e01 0b000f01 10320 100 2097152 27018267 279514 44264 13790
0b000101 0b000201 10322 100 2097152 27207910 104379 44264 11761
0b000e01 0b000f01 10321 100 2097152 27046297 272407 44264 13166
0b000e01 0b000f01 10322 100 2097152 27066453 260304 44264 13806
0b000e01 0b000f01 10323 100 2097152 27091396 239521 44264 14190
0b000101 0b000201 10323 100 2097152 27218574 115697 44264 14641
0b000101 0b000201 10324 100 2097152 27234686 107882 44264 15121
0b000401 0b000501 10300 100 2097152 19461151 7924726 176699 14500
0b000301 0b000401 10316 100 2097152 23582180 3803841 176699 15075
0b000301 0b000401 10317 100 2097152 23634078 3757713 176699 15091
0b000b01 0b000c01 10310 100 2097152 27120393 274005 44264 11835
0b000001 0b000901 10044 100 2097152 27218481 180222 180639 12224
0b000b01 0b000c01 10311 100 2097152 27121279 280010 44264 11851
0b000201 0b000301 10336 100 2097152 27315299 88181 44264 11778
0b000001 0b000101 10304 100 2097152 20025394 7401640 176699 12592
0b000001 0b000101 10305 100 2097152 20025398 7401724 176699 13072
0b000501 0b000e01 10037 100 2097152 27388917 48108 48204 14517
0b000901 0b000a01 10325 100 2097152 27401743 44164 44264 12249
0b000201 0b000301 10337 100 2097152 27337281 109274 44264 14658
0b000201 0b000301 10338 100 2097152 27345578 105201 44264 15138
0b000701 0b000001 10314 100 2097152 23381973 4078684 176699 12679
0b000b01 0b000c01 10312 100 2097152 27141482 331438 44264 11867
0b000b01 0b000c01 10313 100 2097152 27141703 331635 44264 11883
0b000101 0b000201 10325 100 2097152 27430162 45105 44264 13089
0b000101 0b000a01 10038 100 2097152 27430074 48108 48204 12609
0b000b01 0b000c01 10314 100 2097152 27150043 334250 44264 15099
0b000e01 0b000f01 10324 100 2097152 27440035 46175 44264 14542
0b000c01 0b000d01 10317 100 2097152 27397408 95208 44264 11852
0b000401 0b000501 10301 100 2097152 19684990 7820771 176699 13668
0b000a01 0b000b01 10325 100 2097152 27448917 58502 44264 12266
0b000b01 0b000c01 10315 100 2097152 27187074 328136 44264 11899
0b000701 0b000001 10315 100 2097152 23390167 4129198 176699 13143
0b000c01 0b000d01 10318 100 2097152 27404299 115887 44264 11868
0b000701 0b000001 10316 100 2097152 23398568 4126237 176699 14263
0b000201 0b000b01 10039 100 2097152 27478277 48108 48204 13106
0b000b01 0b000c01 10316 100 2097152 27203788 322927 44264 12267
0b000b01 0b000c01 10317 100 2097152 27216704 315808 44264 14251
0b000a01 0b000b01 10326 100 2097152 27481192 59952 44264 12634
0b000b01 0b000c01 10318 100 2097152 27249156 292038 44264 12635
0b000501 0b000601 10322 100 2097152 27508801 44670 44264 13685
0b000001 0b000101 10306 100 2097152 20378102 7178044 176699 14208
0b000d01 0b000e01 10325 100 2097152 27495656 64845 44264 11869
0b000301 0b000401 10318 100 2097152 23650011 3914870 176699 14611
0b000301 0b000401 10319 100 2097152 23650228 3915973 176699 14627
0b000301 0b000401 10320 100 2097152 23651251 3916618 176699 15107
0b000401 0b000501 10302 100 2097152 19859267 7710902 176699 12708
0b000c01 0b000501 10051 100 2097152 27535522 48108 48204 14268
0b000d01 0b000e01 10326 100 2097152 27523226 64866 44264 11885
0b000601 0b000701 10336 100 2097152 27556481 46462 44264 13702
0b000101 0b000201 10326 100 2097152 27559186 44670 44264 14225
0b000f01 0b000801 10311 100 2097152 27299708 304784 44264 13759
0b000f01 0b000801 10312 100 2097152 27300468 309513 44264 13775
0b000f01 0b000801 10313 100 2097152 27300787 310182 44264 13791
0b000f01 0b000801 10314 100 2097152 27300797 310173 44264 13807
0b000401 0b000501 10303 100 2097152 19974687 7645834 176699 13188
0b000e01 0b000f01 10325 100 2097152 27563511 64607 44264 11886
0b000f01 0b000801 10315 100 2097152 27321714 311150 44264 13183
0b000301 0b000401 10321 100 2097152 23661962 3971351 176699 14147
0b000401 0b000501 10304 100 2097152 20017866 7616255 176699 14996
0b000f01 0b000801 10316 100 2097152 27329767 308147 44264 13823
0b000f01 0b000801 10317 100 2097152 27333927 305459 44264 14207
0b000301 0b000401 10322 100 2097152 23662447 3977196 176699 14163
0b000b01 0b000c01 10319 100 2097152 27510429 138148 44264 12283
0b000201 0b000301 10339 100 2097152 27606866 44661 44264 14242
0b000e01 0b000f01 10326 100 2097152 27591102 64686 44264 11902
0b000f01 0b000801 10318 100 2097152 27489220 170853 44264 14559
0b000b01 0b000c01 10320 100 2097152 27529395 131086 44264 13131
0b000b01 0b000c01 10321 100 2097152 27544154 122635 44264 12651
0b000501 0b000601 10323 100 2097152 27573209 96780 44264 12725
0b000301 0b000401 10323 100 2097152 23673775 4001266 176699 12339
0b000401 0b000501 10305 100 2097152 20182775 7501602 176699 14516
0b000501 0b000601 10324 100 2097152 27586670 124885 44264 14277
0b000401 0b000501 10306 100 2097152 20297093 7415008 176699 12292
0b000601 0b000701 10337 100 2097152 27672999 52734 44264 12742
0b000501 0b000e01 10038 100 2097152 27687417 48636 48204 14533
0b000c01 0b000d01 10319 100 2097152 27475930 275250 44264 11884
0b000c01 0b000d01 10320 100 2097152 27476348 275844 44264 11900
0b000501 0b000601 10325 100 2097152 27623561 142542 44264 13205
0b000601 0b000701 10338 100 2097152 27714595 54151 44264 14294
0b000c01 0b000d01 10321 100 2097152 27487303 284020 44264 15116
0b000501 0b000601 10326 100 2097152 27637161 138128 44264 15013
0b000e01 0b000f01 10327 100 2097152 27739063 45549 44264 14558
0b000501 0b000601 10327 100 2097152 27715141 85121 44264 12309
0b000c01 0b000d01 10322 100 2097152 27518220 298671 44264 11916
0b000601 0b000701 10339 100 2097152 27769113 57200 44264 13222
0b000601 0b000f01 10039 100 2097152 27778299 48636 48204 15030
0b000c01 0b000d01 10323 100 2097152 27529725 301556 44264 12284
0b000f01 0b000801 10319 100 2097152 27787622 47986 44264 14575
0b000c01 0b000d01 10324 100 2097152 27544204 298585 44264 12652
0b000601 0b000701 10340 100 2097152 27803272 56136 44264 12326
0b000f01 0b000801 10320 100 2097152 27829945 49889 44264 15055
0b000c01 0b000d01 10325 100 2097152 27651587 244822 44264 12300
0b000c01 0b000d01 10326 100 2097152 27663491 236307 44264 13148
0b000c01 0b000d01 10327 100 2097152 27669799 230814 44264 12668
0b000801 0b000901 10318 100 2097152 27607502 302732 44264 13768
0b000301 0b000401 10324 100 2097152 23874959 4037654 176699 14179
0b000001 0b000101 10307 100 2097152 21310690 6631456 176699 11760
0b000d01 0b000e01 10327 100 2097152 27754220 192123 44264 11901
0b000f01 0b000001 10053 100 2097152 27631128 316398 180639 11903
0b000d01 0b000e01 10328 100 2097152 27755232 198882 44264 11917
0b000801 0b000901 10319 100 2097152 27612991 346319 44264 13784
0b000901 0b000a01 10326 100 2097152 27913274 48381 44264 13785
0b000801 0b000901 10320 100 2097152 27613979 349128 44264 13800
0b000801 0b000901 10321 100 2097152 27613989 349119 44264 13816
0b000701 0b000001 10317 100 2097152 23683883 4294806 176699 12695
0b000701 0b000001 10318 100 2097152 23700984 4283313 176699 13159
0b000f01 0b000001 10054 100 2097152 27658798 328728 180639 11919
0b000101 0b000201 10327 100 2097152 27945156 44675 44264 11777
0b000801 0b000901 10322 100 2097152 27635874 359977 44264 13192
0b000801 0b000901 10323 100 2097152 27640924 359857 44264 13832
0b000801 0b000901 10324 100 2097152 27642396 359354 44264 14216
0b000801 0b000901 10325 100 2097152 27663083 347644 44264 14568
0b000a01 0b000b01 10327 100 2097152 27964665 46280 44264 13802
0b000d01 0b000e01 10329 100 2097152 27774363 246616 44264 15133
0b000401 0b000d01 10045 100 2097152 27636353 395649 180639 14164
0b000201 0b000301 10340 100 2097152 27992841 44669 44264 11794
0b000e01 0b000f01 10328 100 2097152 27949353 88484 44264 11918
0b000701 0b000001 10319 100 2097152 23716280 4326641 176699 13175
0b000e01 0b000f01 10329 100 2097152 27957124 88837 44264 11934
0b000401 0b000d01 10046 100 2097152 27642653 403973 180639 14180
0b000801 0b000901 10326 100 2097152 27838618 217369 44264 14584
0b000801 0b000901 10327 100 2097152 27882844 178156 44264 15064
0b000e01 0b000701 10046 100 2097152 28023989 48445 48204 15150
0b000701 0b000001 10320 100 2097152 23739099 4346126 176699 12711
0b000701 0b000001 10321 100 2097152 23740529 4351200 176699 13191
0b000401 0b000501 10307 100 2097152 21060233 7054460 176699 13684
0b000d01 0b000e01 10330 100 2097152 27819931 310212 44264 11933
0b000001 0b000101 10308 100 2097152 21792946 6350748 176699 12608
0b000701 0b000001 10322 100 2097152 23743257 4409780 176699 12231
0b000701 0b000001 10323 100 2097152 23743297 4409916 176699 12247
0b000d01 0b000e01 10331 100 2097152 27834321 320512 44264 12301
0b000501 0b000601 10328 100 2097152 28117703 44670 44264 13701
0b000d01 0b000e01 10332 100 2097152 27845829 322812 44264 12669
0b000701 0b000001 10324 100 2097152 23755667 4421317 176699 14279
0b000401 0b000d01 10047 100 2097152 27915623 274259 180639 14196
0b000101 0b000a01 10039 100 2097152 28146704 48479 48204 12625
0b000b01 0b000401 10053 100 2097152 28013955 187526 180639 13819
0b000601 0b000701 10341 100 2097152 28165383 44657 44264 13718
0b000d01 0b000e01 10333 100 2097152 27899449 316432 44264 12317
0b000d01 0b000e01 10334 100 2097152 27902838 315574 44264 13165
0b000d01 0b000e01 10335 100 2097152 27903653 315112 44264 12685
0b000e01 0b000f01 10330 100 2097152 28133183 95687 44264 11950
0b000001 0b000101 10309 100 2097152 22003442 6228128 176699 14640
0b000a01 0b000b01 10328 100 2097152 28198193 48381 44264 12650
0b000901 0b000a01 10327 100 2097152 27962350 287787 44264 13801
0b000d01 0b000e01 10336 100 2097152 28035012 239291 44264 14189
0b000d01 0b000e01 10337 100 2097152 28049636 229003 44264 14205
0b000101 0b000201 10328 100 2097152 28234580 44671 44264 14657
0b000901 0b000a01 10328 100 2097152 27966147 313966 44264 13817
0b000901 0b000a01 10329 100 2097152 27966187 314081 44264 13833
0b000b01 0b000c01 10322 100 2097152 28249584 46105 44264 12667
0b000d01 0b000e01 10338 100 2097152 28192892 108294 44264 14221
0b000701 0b000001 10325 100 2097152 23820526 4485483 176699 12263
0b000001 0b000101 10310 100 2097152 22188822 6134712 176699 15120
0b000201 0b000301 10341 100 2097152 28282261 44685 44264 14674
0b000a01 0b000b01 10329 100 2097152 28253147 84217 44264 13818
0b000c01 0b000d01 10328 100 2097152 28298699 44270 44264 12684
0b000901 0b000a01 10330 100 2097152 27998891 346596 44264 13209
0b000401 0b000501 10308 100 2097152 21498059 6849702 176699 14532
0b000901 0b000a01 10331 100 2097152 28003821 347827 44264 13849
0b000901 0b000a01 10332 100 2097152 28004790 347651 44264 14233
0b000901 0b000a01 10333 100 2097152 28013767 343142 44264 14585
0b000e01 0b000f01 10331 100 2097152 28157873 206313 44264 12318
0b000901 0b000a01 10334 100 2097152 28059027 310754 44264 14601
0b000901 0b000a01 10335 100 2097152 28064040 306402 44264 15081
0b000101 0b000201 10329 100 2097152 28326544 44670 44264 15137
0b000d01 0b000e01 10339 100 2097152 28345979 46166 44264 12701
0b000a01 0b000301 10046 100 2097152 28348497 48635 48204 13226
0b000501 0b000e01 10039 100 2097152 28350771 48108 48204 14549
0b000401 0b000501 10309 100 2097152 21575727 6830174 176699 12724
0b000f01 0b000801 10321 100 2097152 28367196 47232 44264 12335
0b000e01 0b000f01 10332 100 2097152 28171681 243769 44264 12686
0b000201 0b000301 10342 100 2097152 28374224 44673 44264 15154
0b000401 0b000501 10310 100 2097152 21654235 6791094 176699 13204
0b000501 0b000601 10329 100 2097152 28408911 49790 44264 12741
0b000f01 0b000801 10322 100 2097152 28418460 49352 44264 12703
0b000a01 0b000b01 10330 100 2097152 28283123 186221 44264 13834
0b000a01 0b000b01 10331 100 2097152 28283278 186448 44264 13850
0b000801 0b000101 10051 100 2097152 28417438 62255 48204 12344
0b000501 0b000601 10330 100 2097152 28448339 51044 44264 13221
0b000001 0b000101 10311 100 2097152 22616386 5885560 176699 13088
0b000f01 0b000001 10055 100 2097152 28040847 463844 180639 11935
0b000601 0b000701 10342 100 2097152 28461711 51110 44264 12758
0b000801 0b000901 10328 100 2097152 28470822 44164 44264 12712
0b000001 0b000101 10312 100 2097152 22649206 5870160 176699 12624
0b000e01 0b000f01 10333 100 2097152 28218921 318751 44264 12334
0b000e01 0b000f01 10334 100 2097152 28221452 320936 44264 13182
0b000e01 0b000f01 10335 100 2097152 28221805 321091 44264 12702
0b000101 0b000201 10330 100 2097152 28482703 66973 44264 12353
0b000601 0b000701 10343 100 2097152 28502393 49824 44264 13238
0b000101 0b000201 10331 100 2097152 28504956 67647 44264 13105
0b000f01 0b000001 10056 100 2097152 28048971 530784 180639 11951
0b000b01 0b000401 10054 100 2097152 28340374 244869 180639 13835
0b000f01 0b000001 10057 100 2097152 28231880 360627 180639 11967
0b000201 0b000301 10343 100 2097152 28552686 45353 44264 12370
0b000e01 0b000f01 10336 100 2097152 28277343 320936 44264 14206
0b000e01 0b000f01 10337 100 2097152 28281679 319417 44264 14222
0b000a01 0b000b01 10332 100 2097152 28354688 247027 44264 13866
0b000a01 0b000b01 10333 100 2097152 28355481 247246 44264 14250
0b000a01 0b000b01 10334 100 2097152 28359949 245950 44264 14602
0b000901 0b000201 10045 100 2097152 28518026 89662 48204 12729
0b000e01 0b000f01 10338 100 2097152 28304226 306639 44264 14238
0b000a01 0b000b01 10335 100 2097152 28372821 238250 44264 14618
0b000a01 0b000b01 10336 100 2097152 28373482 237700 44264 15098
0b000101 0b000a01 10040 100 2097152 28522376 89762 48204 12641
0b000001 0b000101 10313 100 2097152 22824358 5801944 176699 14224
0b000201 0b000b01 10040 100 2097152 28575613 51153 48204 13122
0b000301 0b000401 10325 100 2097152 24585093 4043136 176699 14643
0b000e01 0b000f01 10339 100 2097152 28395185 240038 44264 12718
0b000e01 0b000f01 10340 100 2097152 28401919 234185 44264 14574
0b000001 0b000901 10045 100 2097152 28156077 480235 180639 12240
0b000001 0b000901 10046 100 2097152 28156223 480273 180639 12256
0b000201 0b000301 10344 100 2097152 28610698 46307 44264 12738
0b000301 0b000401 10326 100 2097152 24601493 4058448 176699 15123
0b000401 0b000501 10311 100 2097152 22147891 6514418 176699 14548
0b000a01 0b000b01 10337 100 2097152 28615178 47224 44264 12666
0b000101 0b000201 10332 100 2097152 28629312 45389 44264 14241
0b000401 0b000501 10312 100 2097152 22210243 6497910 176699 15012
0b000001 0b000901 10047 100 2097152 28309019 400069 180639 12272
0b000501 0b000e01 10040 100 2097152 28665319 48108 48204 14565
0b000201 0b000301 10345 100 2097152 28677741 44667 44264 14258
0b000901 0b000a01 10336 100 2097152 28639322 96615 44264 12265
0b000901 0b000a01 10337 100 2097152 28639506 96771 44264 12281
0b000501 0b000601 10331 100 2097152 28711163 44670 44264 15029
0b000001 0b000101 10314 100 2097152 23035582 5721032 176699 14240
0b000e01 0b000f01 10341 100 2097152 28716467 46185 44264 14590
0b000f01 0b000801 10323 100 2097152 28540682 221991 44264 12351
0b000901 0b000a01 10338 100 2097152 28712098 61960 44264 12297
0b000f01 0b000801 10324 100 2097152 28545398 252526 44264 13199
0b000f01 0b000801 10325 100 2097152 28545906 253639 44264 12719
0b000101 0b000201 10333 100 2097152 28759624 44670 44264 14257
0b000601 0b000f01 10040 100 2097152 28758843 48108 48204 15046
0b000801 0b000101 10052 100 2097152 28765683 48108 48204 12360
0b000b01 0b000c01 10323 100 2097152 28605737 234446 44264 14267
0b000201 0b000301 10346 100 2097152 28807334 47061 44264 14274
0b000b01 0b000c01 10324 100 2097152 28608909 247829 44264 14619
0b000a01 0b000b01 10338 100 2097152 28738977 118754 44264 12282
0b000a01 0b000b01 10339 100 2097152 28739317 119075 44264 12298
0b000101 0b000201 10334 100 2097152 28816801 45819 44264 12369
0b000b01 0b000c01 10325 100 2097152 28614081 255092 44264 14635
0b000b01 0b000c01 10326 100 2097152 28614192 255223 44264 15115
0b000a01 0b000b01 10340 100 2097152 28777098 100225 44264 12314
0b000b01 0b000c01 10327 100 2097152 28629776 251124 44264 13147
0b000c01 0b000501 10052 100 2097152 28843193 48635 48204 14284
0b000801 0b000901 10329 100 2097152 28800934 94934 44264 13208
0b000801 0b000901 10330 100 2097152 28802555 94983 44264 12728
0b000b01 0b000c01 10328 100 2097152 28665412 244114 44264 12683
0b000201 0b000301 10347 100 2097152 28865660 44664 44264 12386
0b000301 0b000401 10327 100 2097152 24796585 4114708 176699 12723
0b000f01 0b000801 10326 100 2097152 28601289 324046 44264 14223
0b000f01 0b000801 10327 100 2097152 28604106 325283 44264 14239
0b000f01 0b000801 10328 100 2097152 28613875 325116 44264 14255
0b000501 0b000601 10332 100 2097152 28894838 44670 44264 14293
0b000701 0b000001 10326 100 2097152 24521825 4418684 176699 12727
0b000901 0b000a01 10339 100 2097152 28898878 44864 44264 13225
0b000901 0b000201 10046 100 2097152 28900548 48108 48204 12745
0b000f01 0b000801 10329 100 2097152 28638233 317018 44264 12735
0b000f01 0b000801 10330 100 2097152 28639114 316534 44264 14591
0b000b01 0b000401 10056 100 2097152 28472736 513174 180639 13867
0b000b01 0b000401 10057 100 2097152 28604725 382036 180639 13883
0b000601 0b000701 10344 100 2097152 28942518 44671 44264 14310
0b000f01 0b000801 10331 100 2097152 28765662 222616 44264 14607
0b000f01 0b000801 10332 100 2097152 28809961 184715 44264 15071
0b000a01 0b000301 10047 100 2097152 28946782 48637 48204 13242
0b000201 0b000301 10348 100 2097152 28951696 44671 44264 12754
0b000001 0b000101 10315 100 2097152 23401412 5601966 176699 13104
0b000301 0b000401 10328 100 2097152 24893965 4115104 176699 14195
0b000b01 0b000c01 10329 100 2097152 28860741 151470 44264 12299
0b000b01 0b000c01 10330 100 2097152 28861402 151074 44264 12315
0b000b01 0b000c01 10331 100 2097152 28880333 136694 44264 12331
0b000701 0b000001 10327 100 2097152 24534105 4487556 176699 13207
0b000c01 0b000d01 10329 100 2097152 28859748 170816 44264 14636
0b000b01 0b000401 10055 100 2097152 28472354 578223 180639 13851
0b000101 0b000201 10335 100 2097152 29006388 44679 44264 13121
0b000d01 0b000601 10045 100 2097152 29033574 48633 48204 14653
0b000201 0b000b01 10041 100 2097152 29054107 48108 48204 13138
0b000301 0b000401 10329 100 2097152 24981091 4122858 176699 13203
0b000c01 0b000d01 10330 100 2097152 28872183 242247 44264 14652
0b000c01 0b000d01 10331 100 2097152 28872425 242687 44264 15132
0b000601 0b000701 10345 100 2097152 29085217 44664 44264 14662
0b000c01 0b000d01 10332 100 2097152 28883910 251246 44264 13164
0b000b01 0b000c01 10332 100 2097152 29105225 46174 44264 13163
0b000801 0b000901 10331 100 2097152 28928345 231005 44264 14232
0b000c01 0b000d01 10333 100 2097152 28912536 251840 44264 12700
0b000d01 0b000601 10046 100 2097152 29117440 48638 48204 14669
0b000301 0b000401 10330 100 2097152 25121455 4059950 176699 14211
0b000801 0b000901 10332 100 2097152 28932399 250916 44264 14248
0b000401 0b000d01 10048 100 2097152 29012109 187438 180639 14212
0b000d01 0b000e01 10340 100 2097152 29118122 86147 44264 15149
0b000801 0b000901 10333 100 2097152 28942001 265253 44264 14264
0b000601 0b000701 10346 100 2097152 29169118 44682 44264 14678
0b000801 0b000901 10334 100 2097152 28958261 270600 44264 12744
0b000801 0b000901 10335 100 2097152 28958688 270504 44264 14600
0b000701 0b000001 10328 100 2097152 24805000 4433117 176699 14647
0b000801 0b000901 10336 100 2097152 28991318 250878 44264 14616
0b000801 0b000901 10337 100 2097152 28997716 245581 44264 15080
0b000901 0b000a01 10340 100 2097152 29162360 81538 44264 14249
0b000c01 0b000d01 10334 100 2097152 29015221 231096 44264 12316
0b000c01 0b000d01 10335 100 2097152 29015486 230964 44264 12332
0b000c01 0b000d01 10336 100 2097152 29020037 227778 44264 12348
0b000e01 0b000701 10047 100 2097152 29207309 48108 48204 15166
0b000c01 0b000d01 10337 100 2097152 29154409 116331 44264 13180
0b000d01 0b000e01 10341 100 2097152 29138166 135443 44264 13181
0b000901 0b000201 10047 100 2097152 29231871 48108 48204 12761
0b000a01 0b000b01 10341 100 2097152 29246938 48377 44264 14266
0b000401 0b000501 10313 100 2097152 23178531 6121574 176699 15028
0b000e01 0b000f01 10342 100 2097152 29276649 48377 44264 13198
0b000201 0b000301 10349 100 2097152 29283019 44673 44264 12770
0b000b01 0b000c01 10333 100 2097152 29298325 44164 44264 14283
0b000501 0b000601 10333 100 2097152 29303115 44684 44264 15045
0b000901 0b000a01 10341 100 2097152 29186325 172823 44264 14265
0b000d01 0b000e01 10342 100 2097152 29167386 191947 44264 12717
0b000401 0b000d01 10049 100 2097152 29184415 187373 180639 14228
0b000f01 0b000801 10333 100 2097152 29328036 44623 44264 13215
0b000c01 0b000501 10053 100 2097152 29345499 53271 48204 14300
0b000601 0b000f01 10041 100 2097152 29350839 48108 48204 15062
0b000701 0b000001 10329 100 2097152 24909928 4494945 176699 12279
0b000901 0b000a01 10342 100 2097152 29210264 197694 44264 14281
0b000a01 0b000b01 10342 100 2097152 29362188 48990 44264 14282
0b000e01 0b000f01 10343 100 2097152 29362373 50477 44264 12734
0b000801 0b000901 10338 100 2097152 29375669 46835 44264 13224
0b000d01 0b000e01 10343 100 2097152 29202557 223138 44264 14237
0b000901 0b000a01 10343 100 2097152 29232202 196410 44264 14617
0b000901 0b000a01 10344 100 2097152 29245206 193550 44264 14633
0b000901 0b000a01 10345 100 2097152 29246307 193022 44264 15097
0b000501 0b000601 10334 100 2097152 29401780 44669 44264 14309
0b000401 0b000501 10314 100 2097152 23330045 6121056 176699 12308
0b000b01 0b000c01 10334 100 2097152 29414188 46262 44264 14299
0b000701 0b000001 10330 100 2097152 25019261 4445169 176699 15127
0b000f01 0b000801 10334 100 2097152 29401957 76865 44264 15087
0b000901 0b000a01 10346 100 2097152 29425514 56147 44264 13241
0b000e01 0b000f01 10344 100 2097152 29428735 61187 44264 14254
0b000f01 0b000801 10335 100 2097152 29415860 77135 44264 12751
0b000601 0b000701 10347 100 2097152 29449489 47463 44264 14326
0b000501 0b000601 10335 100 2097152 29454111 46047 44264 12325
0b000d01 0b000e01 10344 100 2097152 29249327 252810 44264 12333
0b000d01 0b000e01 10345 100 2097152 29249460 252849 44264 12349
0b000d01 0b000e01 10346 100 2097152 29250825 252244 44264 12365
0b000d01 0b000e01 10347 100 2097152 29273750 236683 44264 13197
0b000c01 0b000501 10054 100 2097152 29463460 48108 48204 14316
0b000a01 0b000b01 10343 100 2097152 29410998 110555 44264 14298
0b000d01 0b000e01 10348 100 2097152 29374798 153938 44264 14253
0b000a01 0b000301 10048 100 2097152 29484701 48108 48204 13258
0b000f01 0b000801 10336 100 2097152 29492962 46732 44264 14271
0b000601 0b000701 10348 100 2097152 29503198 46910 44264 12342
0b000501 0b000601 10336 100 2097152 29514578 45729 44264 14325
0b000801 0b000901 10339 100 2097152 29481832 85430 44264 15096
0b000b01 0b000c01 10335 100 2097152 29524563 48365 44264 14315
0b000a01 0b000b01 10344 100 2097152 29431652 151123 44264 14634
0b000001 0b000901 10048 100 2097152 29407913 180222 180639 12288
0b000a01 0b000b01 10345 100 2097152 29441796 150911 44264 14650
0b000a01 0b000b01 10346 100 2097152 29442369 150537 44264 15114
0b000801 0b000901 10340 100 2097152 29496005 99402 44264 12760
0b000601 0b000701 10349 100 2097152 29563347 44671 44264 14342
0b000801 0b000901 10341 100 2097152 29542704 76092 44264 14280
0b000c01 0b000501 10055 100 2097152 29575938 48108 48204 14332
0b000301 0b000401 10331 100 2097152 25491855 4139442 176699 12355
0b000901 0b000201 10048 100 2097152 29598417 48108 48204 12777
0b000901 0b000a01 10347 100 2097152 29570272 79932 44264 15113
0b000501 0b000601 10337 100 2097152 29627056 44670 44264 14341
0b000901 0b000a01 10348 100 2097152 29591145 100545 44264 12313
0b000201 0b000301 10350 100 2097152 29649565 44661 44264 12786
0b000b01 0b000c01 10336 100 2097152 29585785 115452 44264 14651
0b000a01 0b000b01 10347 100 2097152 29653244 53255 44264 15130
0b000301 0b000401 10332 100 2097152 25509635 4197314 176699 11779
0b000901 0b000a01 10349 100 2097152 29621806 85268 44264 14297
0b000e01 0b000f01 10345 100 2097152 29505177 211141 44264 12350
0b000e01 0b000f01 10346 100 2097152 29505349 211561 44264 12366
0b000e01 0b000f01 10347 100 2097152 29506109 211876 44264 12382
0b000601 0b000701 10350 100 2097152 29674766 44664 44264 14358
0b000e01 0b000f01 10348 100 2097152 29513473 209305 44264 13214
0b000e01 0b000f01 10349 100 2097152 29531776 195623 44264 14270
0b000b01 0b000c01 10337 100 2097152 29595717 132409 44264 14667
0b000b01 0b000c01 10338 100 2097152 29595946 132401 44264 15131
0b000401 0b000501 10315 100 2097152 23783191 5985838 176699 14564
0b000b01 0b000c01 10339 100 2097152 29709509 60838 44264 15147
0b000a01 0b000b01 10348 100 2097152 29694730 85585 44264 12330
0b000a01 0b000b01 10349 100 2097152 29710114 80794 44264 14314
0b000c01 0b000d01 10338 100 2097152 29704247 89053 44264 14668
0b000401 0b000501 10316 100 2097152 23823863 5975178 176699 12324
0b000701 0b000001 10331 100 2097152 25352281 4474804 176699 14295
0b000701 0b000001 10332 100 2097152 25356104 4476589 176699 12295
0b000501 0b000e01 10041 100 2097152 29772039 67873 48204 14581
0b000501 0b000601 10338 100 2097152 29802051 44691 44264 12341
0b000701 0b000001 10333 100 2097152 25490439 4366232 176699 13703
0b000d01 0b000601 10047 100 2097152 29796310 67878 48204 14685
0b000b01 0b000c01 10340 100 2097152 29783325 81537 44264 12347
0b000b01 0b000c01 10341 100 2097152 29793918 81659 44264 14331
0b000c01 0b000d01 10339 100 2097152 29731166 144718 44264 14684
0b000c01 0b000d01 10340 100 2097152 29731357 144783 44264 15148
0b000e01 0b000f01 10350 100 2097152 29842952 46194 44264 14606
0b000c01 0b000d01 10341 100 2097152 29773357 130752 44264 15164
0b000601 0b000701 10351 100 2097152 29849782 71581 44264 12358
0b000c01 0b000501 10056 100 2097152 29878587 50090 48204 14348
0b000d01 0b000601 10048 100 2097152 29878894 50118 48204 14701
0b000c01 0b000d01 10342 100 2097152 29867872 66161 44264 12364
0b000f01 0b000801 10337 100 2097152 29719358 223323 44264 12367
0b000f01 0b000801 10338 100 2097152 29719950 225465 44264 12383
0b000601 0b000701 10352 100 2097152 29867228 78170 44264 14694
0b000d01 0b000e01 10349 100 2097152 29879150 67013 44264 15165
0b000f01 0b000801 10339 100 2097152 29721025 226410 44264 12399
0b000f01 0b000801 10340 100 2097152 29725788 226187 44264 13231
0b000f01 0b000801 10341 100 2097152 29730409 223838 44264 14287
0b000001 0b000101 10316 100 2097152 24667414 5296908 176699 14256
0b000501 0b000601 10339 100 2097152 29931687 46252 44264 14357
0b000601 0b000701 10353 100 2097152 29932052 55202 44264 14710
0b000f01 0b000801 10342 100 2097152 29892156 95445 44264 14623
0b000e01 0b000701 10048 100 2097152 29949203 48108 48204 15182
0b000d01 0b000e01 10350 100 2097152 29907119 92430 44264 15181
0b000101 0b000201 10336 100 2097152 29967332 44670 44264 14273
0b000d01 0b000e01 10351 100 2097152 29937043 76853 44264 12381
0b000001 0b000901 10049 100 2097152 29835703 187625 180639 12304
0b000601 0b000701 10354 100 2097152 29980979 47768 44264 14374
0b000e01 0b000701 10049 100 2097152 30002589 48108 48204 15198
0b000201 0b000301 10351 100 2097152 30015042 44662 44264 14290
0b000e01 0b000f01 10351 100 2097152 30016936 44164 44264 12398
0b000801 0b000901 10342 100 2097152 29954985 115630 44264 13240
0b000901 0b000a01 10350 100 2097152 30026338 47994 44264 12329
0b000801 0b000901 10343 100 2097152 29957257 118080 44264 14296
0b000801 0b000101 10053 100 2097152 29945691 144586 48204 12376
0b000801 0b000901 10344 100 2097152 29990611 102204 44264 14632
0b000801 0b000101 10054 100 2097152 29948425 149416 48204 12392
0b000801 0b000101 10055 100 2097152 29950445 147988 48204 12408
0b000f01 0b000801 10343 100 2097152 30064110 45414 44264 12415
0b000001 0b000101 10317 100 2097152 24801785 5309153 176699 12640
0b000a01 0b000b01 10350 100 2097152 30077372 47740 44264 12346
0b000801 0b000101 10056 100 2097152 30112534 50024 48204 12424
0b000101 0b000a01 10041 100 2097152 30113948 50181 48204 12657
0b000b01 0b000c01 10342 100 2097152 30128122 44403 44264 12363
0b000901 0b000a01 10351 100 2097152 30073625 118088 44264 13257
0b000901 0b000a01 10352 100 2097152 30078347 122762 44264 14313
0b000901 0b000a01 10353 100 2097152 30095825 114129 44264 14649
0b000401 0b000501 10317 100 2097152 24327691 5888322 176699 15044
0b000c01 0b000d01 10343 100 2097152 30175535 44164 44264 12380
0b000a01 0b000b01 10351 100 2097152 30167169 59367 44264 12682
0b000101 0b000201 10337 100 2097152 30093287 133692 44264 12385
0b000a01 0b000301 10049 100 2097152 30194753 48108 48204 13274
0b000101 0b000201 10338 100 2097152 30100851 149504 44264 12401
0b000101 0b000201 10339 100 2097152 30101443 149465 44264 12417
0b000501 0b000601 10340 100 2097152 30219023 44670 44264 15061
0b000d01 0b000e01 10352 100 2097152 30222709 44164 44264 12397
0b000101 0b000201 10340 100 2097152 30165568 107452 44264 12433
0b000b01 0b000c01 10343 100 2097152 30229546 48365 44264 12699
0b000a01 0b000b01 10352 100 2097152 30204149 95049 44264 14330
0b000a01 0b000b01 10353 100 2097152 30212964 90509 44264 14666
0b000e01 0b000f01 10352 100 2097152 30269913 44164 44264 12414
0b000601 0b000f01 10042 100 2097152 30266733 48108 48204 15078
0b000c01 0b000d01 10344 100 2097152 30280921 46284 44264 12716
0b000201 0b000301 10352 100 2097152 30230019 104436 44264 12402
0b000d01 0b000e01 10353 100 2097152 30330215 44164 44264 12733
0b000b01 0b000c01 10344 100 2097152 30302208 85092 44264 14347
0b000b01 0b000c01 10345 100 2097152 30306483 85021 44264 14683
0b000201 0b000301 10353 100 2097152 30253395 148730 44264 12418
0b000201 0b000301 10354 100 2097152 30253948 148708 44264 12434
0b000f01 0b000801 10344 100 2097152 30317087 90034 44264 12431
0b000f01 0b000801 10345 100 2097152 30317851 90105 44264 15103
0b000201 0b000301 10355 100 2097152 30276060 133755 44264 12450
0b000e01 0b000f01 10353 100 2097152 30377389 45491 44264 12750
0b000c01 0b000501 10057 100 2097152 30390310 48108 48204 14364
0b000c01 0b000d01 10345 100 2097152 30394514 44164 44264 14700
0b000801 0b000901 10345 100 2097152 30410966 46940 44264 15112
0b000801 0b000101 10057 100 2097152 30410131 48108 48204 12440
0b000301 0b000401 10333 100 2097152 26145746 4315387 176699 12371
0b000f01 0b000801 10346 100 2097152 30425890 45554 44264 12767
0b000501 0b000601 10341 100 2097152 30441428 44687 44264 14373
0b000d01 0b000601 10049 100 2097152 30441688 48108 48204 14717
0b000101 0b000201 10341 100 2097152 30461249 44670 44264 12449
0b000901 0b000a01 10354 100 2097152 30460916 47090 44264 15129
0b000801 0b000901 10346 100 2097152 30474454 45620 44264 12776
0b000201 0b000301 10356 100 2097152 30508959 44669 44264 12466
0b000a01 0b000b01 10354 100 2097152 30511016 44164 44264 15146
0b000901 0b000201 10049 100 2097152 30523084 48108 48204 12793
0b000601 0b000701 10355 100 2097152 30489155 85504 44264 14390
0b000601 0b000701 10356 100 2097152 30492836 85545 44264 14726
0b000b01 0b000c01 10346 100 2097152 30558190 44164 44264 15163
0b000201 0b000301 10357 100 2097152 30574232 44665 44264 12802
0b000c01 0b000d01 10346 100 2097152 30605364 44164 44264 15180
0b000301 0b000401 10334 100 2097152 26300544 4369181 176699 14227
0b000301 0b000401 10335 100 2097152 26305192 4375065 176699 14659
0b000301 0b000401 10336 100 2097152 26305325 4375112 176699 15139
0b000d01 0b000e01 10354 100 2097152 30652538 44164 44264 15197
0b000e01 0b000701 10050 100 2097152 30699712 48108 48204 15214
0b000301 0b000401 10337 100 2097152 26411955 4345646 176699 14243
0b000001 0b000101 10318 100 2097152 25337419 5425791 176699 13120
0b000101 0b000201 10342 100 2097152 30766220 44639 44264 13137
0b000401 0b000501 10318 100 2097152 25035987 5797050 176699 12340
0b000701 0b000001 10334 100 2097152 26331929 4508120 176699 12311
0b000201 0b000b01 10042 100 2097152 30813899 48108 48204 13154
0b000501 0b000601 10342 100 2097152 30836047 44669 44264 12357
0b000001 0b000101 10319 100 2097152 25468443 5433319 176699 12656
0b000701 0b000001 10335 100 2097152 26355126 4548221 176699 12743
0b000701 0b000001 10336 100 2097152 26355640 4551084 176699 13223
0b000b01 0b000c01 10347 100 2097152 30865017 44164 44264 13179
0b000601 0b000701 10357 100 2097152 30883756 44654 44264 12374
0b000001 0b000101 10320 100 2097152 25523062 5414724 176699 11776
0b000401 0b000d01 10050 100 2097152 30672735 268506 180639 14244
0b000101 0b000a01 10042 100 2097152 30904772 48635 48204 12673
0b000c01 0b000d01 10347 100 2097152 30912191 44719 44264 13196
0b000101 0b000201 10343 100 2097152 30940796 44670 44264 11793
0b000a01 0b000b01 10355 100 2097152 30956447 44164 44264 12698
0b000d01 0b000e01 10355 100 2097152 30944251 73698 44264 14269
0b000001 0b000901 10050 100 2097152 30843059 180222 180639 12320
0b000001 0b000101 10321 100 2097152 25599212 5424842 176699 11792
0b000401 0b000d01 10051 100 2097152 30760611 268510 180639 14260
0b000201 0b000301 10358 100 2097152 30988506 44899 44264 11810
0b000d01 0b000e01 10356 100 2097152 30959920 74469 44264 13213
0b000b01 0b000c01 10348 100 2097152 31003621 44164 44264 12715
0b000901 0b000a01 10355 100 2097152 31026291 44164 44264 12345
0b000101 0b000201 10344 100 2097152 31027064 44670 44264 11809
0b000401 0b000501 10319 100 2097152 25240402 5837547 176699 13700
0b000d01 0b000e01 10357 100 2097152 31032131 48880 44264 14285
0b000c01 0b000d01 10348 100 2097152 31050795 45476 44264 12732
0b000e01 0b000f01 10354 100 2097152 31020959 81446 44264 14286
0b000a01 0b000b01 10356 100 2097152 31073495 44164 44264 12362
0b000201 0b000301 10359 100 2097152 31074774 44670 44264 11826
0b000501 0b000601 10343 100 2097152 31080959 44671 44264 13717
0b000001 0b000101 10322 100 2097152 25678275 5450587 176699 11808
0b000e01 0b000f01 10355 100 2097152 31037399 99387 44264 13230
0b000d01 0b000e01 10358 100 2097152 31099281 46186 44264 12749
0b000f01 0b000801 10347 100 2097152 31105415 58866 44264 14303
0b000b01 0b000c01 10349 100 2097152 31120669 44164 44264 12379
0b000e01 0b000f01 10356 100 2097152 31084051 84277 44264 14302
0b000601 0b000701 10358 100 2097152 31128670 44664 44264 13734
0b000101 0b000201 10345 100 2097152 31131872 44670 44264 11825
0b000701 0b000001 10337 100 2097152 26507128 4673737 176699 12327
0b000e01 0b000f01 10357 100 2097152 31148507 56082 44264 12766
0b000c01 0b000d01 10349 100 2097152 31167843 44164 44264 12396
0b000801 0b000901 10347 100 2097152 31167291 46672 44264 14312
0b000201 0b000301 10360 100 2097152 31179582 44664 44264 11842
0b000f01 0b000801 10348 100 2097152 31139796 91695 44264 13247
0b000d01 0b000e01 10359 100 2097152 31215047 44164 44264 12413
0b000901 0b000a01 10356 100 2097152 31216973 45434 44264 14329
0b000f01 0b000801 10349 100 2097152 31171338 99898 44264 14319
0b000401 0b000501 10320 100 2097152 25442817 5832200 176699 13716
0b000301 0b000401 10338 100 2097152 26879460 4401673 176699 12739
0b000801 0b000901 10348 100 2097152 31234501 54351 44264 13256
0b000f01 0b000801 10350 100 2097152 31207599 82651 44264 12783
0b000401 0b000501 10321 100 2097152 25470416 5830893 176699 14580
0b000e01 0b000f01 10358 100 2097152 31262251 45380 44264 12430
0b000a01 0b000b01 10357 100 2097152 31265447 45013 44264 14346
0b000501 0b000601 10344 100 2097152 31278027 44670 44264 13733
0b000901 0b000a01 10357 100 2097152 31291862 47128 44264 13273
0b000501 0b000e01 10042 100 2097152 31304319 48108 48204 14597
0b000f01 0b000801 10351 100 2097152 31310641 46281 44264 12447
0b000b01 0b000c01 10350 100 2097152 31313470 44164 44264 14363
0b000801 0b000901 10349 100 2097152 31274246 84855 44264 14328
0b000001 0b000901 10051 100 2097152 31183875 180247 180639 12336
0b000601 0b000701 10359 100 2097152 31325737 44680 44264 13750
0b000801 0b000901 10350 100 2097152 31293260 78496 44264 12792
0b000a01 0b000301 10050 100 2097152 31342030 48534 48204 13290
0b000e01 0b000f01 10359 100 2097152 31355467 44225 44264 14622
0b000c01 0b000501 10058 100 2097152 31360644 48108 48204 14380
0b000801 0b000101 10058 100 2097152 31359932 49441 48204 12456
0b000901 0b000201 10050 100 2097152 31374766 49864 48204 12809
0b000901 0b000a01 10358 100 2097152 31362111 83851 44264 14345
0b000f01 0b000801 10352 100 2097152 31402702 44164 44264 14639
0b000901 0b000a01 10359 100 2097152 31367132 83760 44264 12361
0b000501 0b000601 10345 100 2097152 31411762 44670 44264 14389
0b000101 0b000201 10346 100 2097152 31412383 45679 44264 12465
0b000201 0b000301 10361 100 2097152 31427670 45717 44264 12818
0b000801 0b000901 10351 100 2097152 31449876 44206 44264 14648
0b000001 0b000101 10323 100 2097152 26003392 5500318 176699 11824
0b000701 0b000001 10338 100 2097152 26860478 4666711 176699 14663
0b000a01 0b000b01 10358 100 2097152 31449002 86824 44264 14362
0b000301 0b000401 10339 100 2097152 27040201 4496784 176699 13219
0b000a01 0b000b01 10359 100 2097152 31453932 87186 44264 12378
0b000901 0b000a01 10360 100 2097152 31497092 46077 44264 14665
0b000101 0b000201 10347 100 2097152 31506720 44679 44264 11841
0b000401 0b000501 10322 100 2097152 25734901 5844288 176699 13732
0b000a01 0b000b01 10360 100 2097152 31546209 46178 44264 14682
0b000201 0b000301 10362 100 2097152 31554439 44665 44264 11858
0b000501 0b000601 10346 100 2097152 31582199 44684 44264 13749
0b000b01 0b000c01 10351 100 2097152 31538836 99239 44264 14379
0b000b01 0b000c01 10352 100 2097152 31544128 104493 44264 12395
0b000401 0b000501 10323 100 2097152 25780129 5868416 176699 14596
0b000401 0b000501 10324 100 2097152 25795145 5867516 176699 13748
0b000b01 0b000c01 10353 100 2097152 31595397 78773 44264 14699
0b000601 0b000701 10360 100 2097152 31629923 44994 44264 13766
0b000c01 0b000501 10059 100 2097152 31641085 49618 48204 14396
0b000501 0b000e01 10043 100 2097152 31651555 49806 48204 14613
0b000501 0b000601 10347 100 2097152 31665671 44670 44264 13765
0b000c01 0b000d01 10350 100 2097152 31651631 64720 44264 12412
0b000c01 0b000d01 10351 100 2097152 31677180 64661 44264 14716
0b000e01 0b000f01 10360 100 2097152 31704401 45914 44264 14638
0b000601 0b000701 10361 100 2097152 31713381 44664 44264 13782
0b000d01 0b000e01 10360 100 2097152 31719391 45554 44264 12429
0b000701 0b000001 10339 100 2097152 27117437 4665324 176699 15143
0b000d01 0b000601 10050 100 2097152 31744881 48108 48204 14733
0b000f01 0b000801 10353 100 2097152 31753325 46983 44264 14655
0b000001 0b000101 10324 100 2097152 26279154 5533740 176699 12672
0b000e01 0b000f01 10361 100 2097152 31767985 45567 44264 12446
0b000601 0b000701 10362 100 2097152 31796029 44665 44264 14742
0b000801 0b000901 10352 100 2097152 31803318 47104 44264 14664
0b000f01 0b000801 10354 100 2097152 31816562 45634 44264 12463
0b000101 0b000a01 10043 100 2097152 31815904 48108 48204 12689
0b000901 0b000a01 10361 100 2097152 31853462 45546 44264 14681
0b000801 0b000101 10059 100 2097152 31865236 48108 48204 12472
0b000a01 0b000b01 10361 100 2097152 31867052 56119 44264 12714
0b000a01 0b000b01 10362 100 2097152 31902048 56045 44264 14698
0b000b01 0b000c01 10354 100 2097152 31926181 56201 44264 12731
0b000b01 0b000c01 10355 100 2097152 31961103 56113 44264 14715
0b000401 0b000501 10325 100 2097152 26099366 5922543 176699 13764
0b000301 0b000401 10340 100 2097152 27406490 4617762 176699 11795
0b000c01 0b000d01 10352 100 2097152 31985392 56239 44264 12748
0b000301 0b000401 10341 100 2097152 27449565 4616451 176699 14675
0b000501 0b000601 10348 100 2097152 32024919 44670 44264 13781
0b000c01 0b000d01 10353 100 2097152 32020256 56172 44264 14732
0b000401 0b000501 10326 100 2097152 26179686 5903791 176699 15060
0b000301 0b000401 10342 100 2097152 27453789 4635871 176699 15155
0b000d01 0b000e01 10361 100 2097152 32044671 45609 44264 12765
0b000601 0b000701 10363 100 2097152 32072629 46709 44264 13798
0b000d01 0b000601 10051 100 2097152 32079468 48108 48204 14749
0b000501 0b000601 10349 100 2097152 32086487 45639 44264 15077
0b000e01 0b000f01 10362 100 2097152 32093320 44164 44264 12782
0b000601 0b000701 10364 100 2097152 32130616 44718 44264 14758
0b000601 0b000f01 10043 100 2097152 32135166 48108 48204 15094
0b000f01 0b000801 10355 100 2097152 32140494 44164 44264 12799
0b000f01 0b000801 10356 100 2097152 32186284 46109 44264 15119
0b000801 0b000901 10353 100 2097152 32187698 46199 44264 12808
0b000401 0b000501 10327 100 2097152 26349189 5921368 176699 15076
0b000801 0b000901 10354 100 2097152 32235433 44164 44264 15128
0b000901 0b000201 10051 100 2097152 32236937 48108 48204 12825
0b000501 0b000601 10350 100 2097152 32273567 44670 44264 15093
0b000001 0b000101 10325 100 2097152 26708248 5610862 176699 13136
0b000901 0b000a01 10362 100 2097152 32282607 44164 44264 15145
0b000301 0b000401 10343 100 2097152 27654537 4673042 176699 14259
0b000201 0b000301 10363 100 2097152 32288085 45062 44264 12834
0b000701 0b000001 10340 100 2097152 27605953 4754432 176699 13719
0b000101 0b000201 10348 100 2097152 32322120 44679 44264 13153
0b000601 0b000f01 10044 100 2097152 32321277 48108 48204 15110
0b000a01 0b000b01 10363 100 2097152 32329811 44164 44264 15162
0b000f01 0b000801 10357 100 2097152 32372395 44164 44264 15135
0b000201 0b000b01 10043 100 2097152 32369839 48108 48204 13170
0b000b01 0b000c01 10356 100 2097152 32376985 44248 44264 15179
0b000801 0b000901 10355 100 2097152 32419569 44164 44264 15144
0b000b01 0b000c01 10357 100 2097152 32420957 46096 44264 13195
0b000c01 0b000d01 10354 100 2097152 32424273 46279 44264 15196
0b000401 0b000d01 10052 100 2097152 32330589 180222 180639 14276
0b000901 0b000a01 10363 100 2097152 32466743 44164 44264 15161
0b000c01 0b000d01 10355 100 2097152 32470093 46191 44264 13212
0b000d01 0b000e01 10362 100 2097152 32473592 54696 44264 15213
0b000a01 0b000b01 10364 100 2097152 32513947 44164 44264 15178
0b000e01 0b000701 10051 100 2097152 32531328 48108 48204 15230
0b000701 0b000001 10341 100 2097152 27728743 4851754 176699 12759
0b000d01 0b000e01 10363 100 2097152 32513851 91259 44264 14301
0b000b01 0b000c01 10358 100 2097152 32561121 44164 44264 15195
0b000d01 0b000e01 10364 100 2097152 32519294 88487 44264 13229
0b000c01 0b000d01 10356 100 2097152 32608325 44164 44264 15212
0b000701 0b000001 10342 100 2097152 27771756 4903305 176699 14311
0b000e01 0b000f01 10363 100 2097152 32608150 89178 44264 14318
0b000e01 0b000f01 10364 100 2097152 32610821 89428 44264 13246
0b000d01 0b000e01 10365 100 2097152 32655499 46108 44264 15229
0b000e01 0b000701 10052 100 2097152 32704647 48108 48204 15246
0b000401 0b000501 10328 100 2097152 26833694 5923771 176699 13780
0b000401 0b000501 10329 100 2097152 26833734 5923735 176699 13796
0b000401 0b000501 10330 100 2097152 26833774 5923699 176699 13812
0b000701 0b000001 10343 100 2097152 27829323 4939418 176699 13239
0b000f01 0b000801 10358 100 2097152 32700338 85282 44264 14335
0b000f01 0b000801 10359 100 2097152 32703259 85284 44264 13263
0b000001 0b000101 10326 100 2097152 27117562 5680708 176699 11840
0b000001 0b000101 10327 100 2097152 27117602 5680756 176699 11856
0b000701 0b000001 10344 100 2097152 27862418 4952359 176699 12343
0b000801 0b000901 10356 100 2097152 32788630 85282 44264 14344
0b000801 0b000901 10357 100 2097152 32791553 85282 44264 13272
0b000101 0b000201 10349 100 2097152 32801280 89091 44264 11857
0b000101 0b000201 10350 100 2097152 32801368 89092 44264 11873
0b000401 0b000501 10331 100 2097152 26978657 5912264 176699 14612
0b000501 0b000601 10351 100 2097152 32760475 133478 44264 13797
0b000501 0b000601 10352 100 2097152 32760485 133472 44264 13813
0b000501 0b000601 10353 100 2097152 32760495 133466 44264 13829
0b000001 0b000101 10328 100 2097152 27220326 5680796 176699 11872
0b000001 0b000101 10329 100 2097152 27220366 5680760 176699 11888
0b000301 0b000401 10344 100 2097152 28040520 4900411 176699 11811
0b000501 0b000e01 10044 100 2097152 32893931 48108 48204 14629
0b000901 0b000a01 10364 100 2097152 32876922 85282 44264 14361
0b000901 0b000a01 10365 100 2097152 32879845 85282 44264 13289
0b000701 0b000001 10345 100 2097152 28075444 4905812 176699 15159
0b000201 0b000301 10364 100 2097152 32893411 94659 44264 11874
0b000201 0b000301 10365 100 2097152 32893500 94680 44264 11890
0b000e01 0b000f01 10365 100 2097152 32945079 44164 44264 14654
0b000101 0b000201 10351 100 2097152 32904132 91895 44264 11889
0b000101 0b000201 10352 100 2097152 32904142 91889 44264 11905
0b000001 0b000901 10052 100 2097152 32817787 180222 180639 12352
0b000a01 0b000b01 10365 100 2097152 32965244 44958 44264 14378
0b000a01 0b000301 10051 100 2097152 32968167 48108 48204 13306
0b000601 0b000701 10365 100 2097152 32896993 133677 44264 13814
0b000601 0b000701 10366 100 2097152 32897033 133702 44264 13830
0b000601 0b000701 10367 100 2097152 32897073 133670 44264 13846
0b000f01 0b000801 10360 100 2097152 32992253 44164 44264 14671
0b000901 0b000a01 10366 100 2097152 33001019 44860 44264 12377
0b000b01 0b000c01 10359 100 2097152 33013212 44978 44264 14395
0b000801 0b000901 10358 100 2097152 33039427 44455 44264 14680
0b000201 0b000301 10366 100 2097152 32999067 89188 44264 11906
0b000201 0b000301 10367 100 2097152 32999107 89173 44264 11922
0b000a01 0b000b01 10366 100 2097152 33048919 44887 44264 12394
0b000901 0b000a01 10367 100 2097152 33086892 44476 44264 14697
0b000b01 0b000c01 10360 100 2097152 33096816 44778 44264 12411
0b000a01 0b000b01 10367 100 2097152 33134408 44475 44264 14714
0b000c01 0b000d01 10357 100 2097152 33144634 44818 44264 12428
0b000001 0b000101 10330 100 2097152 27463697 5735429 176699 12688
0b000b01 0b000c01 10361 100 2097152 33181893 44491 44264 14731
0b000d01 0b000e01 10366 100 2097152 33192462 44850 44264 12445
0b000101 0b000a01 10044 100 2097152 33202136 48108 48204 12705
0b000401 0b000501 10332 100 2097152 27389061 5879516 176699 15092
0b000c01 0b000d01 10358 100 2097152 33229424 44505 44264 14748
0b000401 0b000501 10333 100 2097152 27394831 5880590 176699 15108
0b000e01 0b000f01 10366 100 2097152 33240352 44164 44264 12462
0b000301 0b000401 10345 100 2097152 28329956 4956052 176699 14691
0b000a01 0b000b01 10368 100 2097152 33253284 44164 44264 12730
0b000701 0b000001 10346 100 2097152 28213050 5089883 176699 13735
0b000001 0b000101 10331 100 2097152 27522405 5780629 176699 13152
0b000001 0b000101 10332 100 2097152 27527845 5779153 176699 14272
0b000d01 0b000601 10052 100 2097152 33276939 48108 48204 14765
0b000f01 0b000801 10361 100 2097152 33287556 44164 44264 12479
0b000b01 0b000c01 10362 100 2097152 33300458 44164 44264 12747
0b000501 0b000601 10354 100 2097152 33271587 83196 44264 15109
0b000501 0b000601 10355 100 2097152 33278431 83459 44264 15125
0b000601 0b000701 10368 100 2097152 33328087 45836 44264 14774
0b000101 0b000201 10353 100 2097152 33306044 85266 44264 13169
0b000c01 0b000d01 10359 100 2097152 33347662 44164 44264 12764
0b000101 0b000201 10354 100 2097152 33310008 85256 44264 14289
0b000301 0b000401 10346 100 2097152 28400142 5016306 176699 13235
0b000401 0b000501 10334 100 2097152 27567921 5850864 176699 14628
0b000401 0b000501 10335 100 2097152 27569241 5851572 176699 14644
0b000401 0b000501 10336 100 2097152 27570909 5850936 176699 15124
0b000301 0b000401 10347 100 2097152 28421907 5000290 176699 15171
0b000d01 0b000e01 10367 100 2097152 33394836 44164 44264 12781
0b000201 0b000b01 10044 100 2097152 33394350 48108 48204 13186
0b000201 0b000301 10368 100 2097152 33398304 44652 44264 14306
0b000601 0b000f01 10045 100 2097152 33357823 86686 48204 15126
0b000601 0b000f01 10046 100 2097152 33364900 87989 48204 15142
0b000501 0b000601 10356 100 2097152 33424855 44669 44264 15141
0b000e01 0b000f01 10367 100 2097152 33442040 45927 44264 12798
0b000b01 0b000c01 10363 100 2097152 33445498 44164 44264 13211
0b000501 0b000e01 10045 100 2097152 33421795 92563 48204 14645
0b000501 0b000e01 10046 100 2097152 33423823 92597 48204 14661
0b000601 0b000f01 10047 100 2097152 33472534 59878 48204 15158
0b000c01 0b000d01 10360 100 2097152 33492672 44164 44264 13228
0b000401 0b000501 10337 100 2097152 27678051 5877502 176699 12356
0b000f01 0b000801 10362 100 2097152 33447519 108768 44264 15151
0b000f01 0b000801 10363 100 2097152 33455899 125490 44264 15167
0b000d01 0b000e01 10368 100 2097152 33539846 46178 44264 13245
0b000501 0b000601 10357 100 2097152 33558563 44433 44264 12373
0b000e01 0b000f01 10368 100 2097152 33517368 98769 44264 14670
0b000f01 0b000801 10364 100 2097152 33490977 126961 44264 12815
0b000e01 0b000f01 10369 100 2097152 33519430 101020 44264 14686
0b000801 0b000901 10359 100 2097152 33559297 70106 44264 15160
0b000601 0b000701 10369 100 2097152 33606006 44665 44264 12390
0b000f01 0b000801 10365 100 2097152 33535422 120246 44264 15183
0b000e01 0b000f01 10370 100 2097152 33589034 66691 44264 13262
0b000901 0b000a01 10368 100 2097152 33632413 46270 44264 15177
0b000801 0b000901 10360 100 2097152 33584399 107111 44264 15176
0b000301 0b000401 10348 100 2097152 28601049 5107655 176699 12387
0b000701 0b000001 10347 100 2097152 28515831 5202350 176699 12775
0b000a01 0b000b01 10369 100 2097152 33681723 45650 44264 15194
0b000801 0b000901 10361 100 2097152 33620948 108807 44264 12824
0b000901 0b000a01 10369 100 2097152 33694520 46282 44264 15193
0b000701 0b000001 10348 100 2097152 28555227 5186514 176699 13255
0b000801 0b000901 10362 100 2097152 33658678 89323 44264 15192
0b000f01 0b000801 10366 100 2097152 33619147 132396 44264 14687
0b000f01 0b000801 10367 100 2097152 33623460 132204 44264 14703
0b000f01 0b000801 10368 100 2097152 33658735 109785 44264 13279
0b000b01 0b000c01 10364 100 2097152 33730413 45957 44264 15211
0b000901 0b000201 10052 100 2097152 33732765 48108 48204 12841
0b000301 0b000401 10349 100 2097152 28660015 5124861 176699 12755
0b000a01 0b000b01 10370 100 2097152 33743842 46101 44264 15210
0b000901 0b000a01 10370 100 2097152 33751011 47396 44264 15209
0b000c01 0b000d01 10361 100 2097152 33779380 45997 44264 15228
0b000201 0b000301 10369 100 2097152 33783913 44657 44264 12850
0b000b01 0b000c01 10365 100 2097152 33792983 47589 44264 15227
0b000a01 0b000b01 10371 100 2097152 33801447 45880 44264 15226
0b000001 0b000101 10333 100 2097152 27950566 5900464 176699 11904
0b000d01 0b000e01 10369 100 2097152 33828387 45854 44264 15245
0b000801 0b000901 10363 100 2097152 33754553 120182 44264 14696
0b000301 0b000401 10350 100 2097152 28725418 5156498 176699 14275
0b000001 0b000101 10334 100 2097152 27981729 5900805 176699 12704
0b000801 0b000901 10364 100 2097152 33758674 124033 44264 14712
0b000001 0b000101 10335 100 2097152 27987337 5898637 176699 13168
0b000801 0b000901 10365 100 2097152 33771530 117668 44264 13288
0b000001 0b000101 10336 100 2097152 27990566 5898924 176699 11920
0b000c01 0b000d01 10362 100 2097152 33843582 47729 44264 15244
0b000b01 0b000c01 10366 100 2097152 33850367 45956 44264 15243
0b000101 0b000201 10355 100 2097152 33854040 61581 44264 11921
0b000e01 0b000701 10053 100 2097152 33877251 48108 48204 15262
0b000101 0b000a01 10045 100 2097152 33885544 48108 48204 12721
0b000d01 0b000e01 10370 100 2097152 33894321 47895 44264 15261
0b000c01 0b000d01 10363 100 2097152 33899333 46026 44264 15260
0b000001 0b000101 10337 100 2097152 28045961 5905109 176699 13184
0b000201 0b000301 10370 100 2097152 33918661 48006 44264 11938
0b000a01 0b000b01 10372 100 2097152 33936662 48377 44264 12746
0b000301 0b000401 10351 100 2097152 28857405 5135083 176699 14291
0b000d01 0b000e01 10371 100 2097152 33948369 44164 44264 15277
0b000e01 0b000701 10054 100 2097152 33945226 48108 48204 15278
0b000901 0b000a01 10371 100 2097152 33877745 116506 44264 14713
0b000001 0b000101 10338 100 2097152 28088265 5910321 176699 12720
0b000101 0b000201 10356 100 2097152 33888984 113607 44264 13185
0b000101 0b000201 10357 100 2097152 33892500 113581 44264 11937
0b000001 0b000101 10339 100 2097152 28094769 5913673 176699 13200
0b000901 0b000a01 10372 100 2097152 33885717 124208 44264 14729
0b000901 0b000a01 10373 100 2097152 33892208 121018 44264 13305
0b000b01 0b000c01 10367 100 2097152 33988079 46771 44264 12763
0b000401 0b000501 10338 100 2097152 28204491 5836674 176699 13828
0b000e01 0b000701 10055 100 2097152 33995543 48108 48204 15294
0b000101 0b000201 10358 100 2097152 33954080 100771 44264 13201
0b000201 0b000301 10371 100 2097152 34009121 49242 44264 11954
0b000a01 0b000b01 10373 100 2097152 33997261 74920 44264 14730
0b000101 0b000201 10359 100 2097152 34011452 67547 44264 13217
0b000c01 0b000d01 10364 100 2097152 34037860 44497 44264 12780
0b000a01 0b000b01 10374 100 2097152 34012935 74705 44264 14746
0b000501 0b000601 10358 100 2097152 34044175 44536 44264 13845
0b000101 0b000a01 10046 100 2097152 34001596 89059 48204 12737
0b000201 0b000b01 10045 100 2097152 34005631 94674 48204 13202
0b000001 0b000101 10340 100 2097152 28179994 5930240 176699 14288
0b000301 0b000401 10352 100 2097152 28913334 5199190 176699 12403
0b000a01 0b000301 10052 100 2097152 34016236 108836 48204 13322
0b000d01 0b000e01 10372 100 2097152 34085367 44164 44264 12797
0b000401 0b000d01 10053 100 2097152 33884926 245826 180639 14292
0b000601 0b000701 10370 100 2097152 34091721 44684 44264 13862
0b000a01 0b000b01 10375 100 2097152 34093665 46179 44264 12762
0b000101 0b000201 10360 100 2097152 34113244 44269 44264 14305
0b000e01 0b000f01 10371 100 2097152 34132541 47376 44264 12814
0b000d01 0b000e01 10373 100 2097152 34133762 46165 44264 14317
0b000201 0b000b01 10046 100 2097152 34057861 124100 48204 13218
0b000301 0b000401 10353 100 2097152 28998429 5183788 176699 13251
0b000b01 0b000c01 10368 100 2097152 34075221 109471 44264 14747
0b000301 0b000401 10354 100 2097152 28999377 5186046 176699 12771
0b000201 0b000b01 10047 100 2097152 34082009 110383 48204 13234
0b000201 0b000301 10372 100 2097152 34160523 44653 44264 14322
0b000e01 0b000f01 10372 100 2097152 34182937 46176 44264 14334
0b000f01 0b000801 10369 100 2097152 34182927 46260 44264 12831
0b000c01 0b000d01 10365 100 2097152 34187702 48365 44264 14764
0b000401 0b000d01 10054 100 2097152 33995498 245843 180639 14308
0b000b01 0b000c01 10369 100 2097152 34090680 167703 44264 14763
0b000f01 0b000801 10370 100 2097152 34232123 46176 44264 14351
0b000801 0b000901 10366 100 2097152 34232197 46262 44264 12840
0b000b01 0b000c01 10370 100 2097152 34103315 180313 44264 13227
0b000d01 0b000601 10053 100 2097152 34239077 48112 48204 14781
0b000d01 0b000e01 10374 100 2097152 34244351 45459 44264 14333
0b000b01 0b000c01 10371 100 2097152 34142854 180357 44264 12779
0b000801 0b000901 10367 100 2097152 34281309 44164 44264 14360
0b000901 0b000201 10053 100 2097152 34281469 48108 48204 12857
0b000601 0b000701 10371 100 2097152 34290199 44661 44264 14790
0b000c01 0b000d01 10366 100 2097152 34261393 73503 44264 14780
0b000e01 0b000f01 10373 100 2097152 34292820 44164 44264 14350
0b000b01 0b000c01 10372 100 2097152 34184971 160335 44264 13243
0b000b01 0b000c01 10373 100 2097152 34195402 152633 44264 13259
0b000901 0b000a01 10374 100 2097152 34328483 44164 44264 14377
0b000201 0b000301 10373 100 2097152 34332587 44664 44264 12866
0b000401 0b000501 10339 100 2097152 28588253 5794188 176699 13844
0b000f01 0b000801 10371 100 2097152 34339994 44164 44264 14367
0b000701 0b000001 10349 100 2097152 28990199 5395314 176699 14327
0b000d01 0b000601 10054 100 2097152 34337906 48108 48204 14797
0b000c01 0b000d01 10367 100 2097152 34286638 121449 44264 13244
0b000a01 0b000b01 10376 100 2097152 34375657 44164 44264 14394
0b000701 0b000001 10350 100 2097152 29132891 5293410 176699 14679
0b000801 0b000901 10368 100 2097152 34387168 44164 44264 14376
0b000501 0b000601 10359 100 2097152 34385451 46067 44264 13861
0b000601 0b000701 10372 100 2097152 34389024 46627 44264 14806
0b000401 0b000501 10340 100 2097152 28631239 5822894 176699 14660
0b000d01 0b000e01 10375 100 2097152 34411097 48365 44264 13261
0b000c01 0b000d01 10368 100 2097152 34326221 140605 44264 12796
0b000001 0b000101 10341 100 2097152 28507701 5970213 176699 11936
0b000901 0b000a01 10375 100 2097152 34434342 44164 44264 14393
0b000601 0b000701 10373 100 2097152 34434528 45192 44264 13878
0b000401 0b000501 10341 100 2097152 28662951 5823798 176699 15140
0b000c01 0b000d01 10369 100 2097152 34348316 139223 44264 13260
0b000c01 0b000d01 10370 100 2097152 34351045 137441 44264 13276
0b000501 0b000e01 10047 100 2097152 34457143 48108 48204 14677
0b000e01 0b000f01 10374 100 2097152 34462472 46826 44264 13278
0b000101 0b000201 10361 100 2097152 34480924 44540 44264 11953
0b000501 0b000601 10360 100 2097152 34489759 44486 44264 15157
0b000e01 0b000f01 10375 100 2097152 34508261 49293 44264 14702
0b000f01 0b000801 10372 100 2097152 34512308 46082 44264 13295
0b000d01 0b000e01 10376 100 2097152 34469836 95943 44264 12813
0b000001 0b000101 10342 100 2097152 28582765 5987077 176699 11952
0b000201 0b000301 10374 100 2097152 34528474 44692 44264 11970
0b000001 0b000101 10343 100 2097152 28595517 5986493 176699 11968
0b000601 0b000f01 10048 100 2097152 34537255 48108 48204 15174
0b000701 0b000001 10351 100 2097152 29216810 5373359 176699 14695
0b000d01 0b000e01 10377 100 2097152 34490549 116445 44264 13277
0b000d01 0b000e01 10378 100 2097152 34491496 115984 44264 13293
0b000801 0b000901 10369 100 2097152 34561400 46630 44264 13304
0b000f01 0b000801 10373 100 2097152 34560564 64586 44264 14719
0b000e01 0b000f01 10376 100 2097152 34568789 56369 44264 12830
0b000301 0b000401 10355 100 2097152 29330702 5305182 176699 12787
0b000101 0b000201 10362 100 2097152 34572852 76864 44264 11969
0b000901 0b000a01 10376 100 2097152 34611040 45462 44264 13321
0b000101 0b000201 10363 100 2097152 34585020 77175 44264 11985
0b000801 0b000901 10370 100 2097152 34628160 46280 44264 14728
0b000f01 0b000801 10374 100 2097152 34588373 91642 44264 15199
0b000201 0b000301 10375 100 2097152 34652726 45000 44264 11986
0b000f01 0b000801 10375 100 2097152 34628168 74724 44264 12847
0b000e01 0b000f01 10377 100 2097152 34610004 96955 44264 13294
0b000e01 0b000f01 10378 100 2097152 34610490 96704 44264 13310
0b000a01 0b000301 10053 100 2097152 34659512 48108 48204 13338
0b000901 0b000a01 10377 100 2097152 34677450 46520 44264 14745
0b000401 0b000501 10342 100 2097152 28914303 5811234 176699 12740
0b000801 0b000901 10371 100 2097152 34683025 70575 44264 15208
0b000301 0b000401 10356 100 2097152 29535819 5228049 176699 13267
0b000a01 0b000b01 10377 100 2097152 34726980 44860 44264 14762
0b000501 0b000601 10361 100 2097152 34728547 44579 44264 12757
0b000801 0b000901 10372 100 2097152 34705902 71980 44264 12856
0b000f01 0b000801 10376 100 2097152 34709969 90943 44264 13311
0b000f01 0b000801 10377 100 2097152 34710204 90943 44264 13327
0b000901 0b000a01 10378 100 2097152 34756610 44994 44264 15225
0b000401 0b000501 10343 100 2097152 29053617 5766048 176699 13860
0b000401 0b000501 10344 100 2097152 29053657 5766012 176699 13876
0b000401 0b000501 10345 100 2097152 29053697 5765976 176699 13892
0b000b01 0b000c01 10374 100 2097152 34774850 45534 44264 14779
0b000601 0b000701 10374 100 2097152 34776136 44683 44264 12774
0b000701 0b000001 10352 100 2097152 29258427 5562886 176699 15175
0b000901 0b000201 10054 100 2097152 34780892 48108 48204 12873
0b000a01 0b000b01 10378 100 2097152 34804614 44848 44264 15242
0b000401 0b000501 10346 100 2097152 29106959 5760198 176699 13220
0b000c01 0b000d01 10371 100 2097152 34823394 45594 44264 14796
0b000201 0b000301 10376 100 2097152 34832010 44674 44264 12882
0b000801 0b000901 10373 100 2097152 34803922 87970 44264 13320
0b000801 0b000901 10374 100 2097152 34804157 87970 44264 13336
0b000b01 0b000c01 10375 100 2097152 34852472 44880 44264 15259
0b000d01 0b000601 10055 100 2097152 34871998 48108 48204 14813
0b000c01 0b000d01 10372 100 2097152 34900362 44164 44264 15276
0b000601 0b000701 10375 100 2097152 34923116 47963 44264 14822
0b000901 0b000a01 10379 100 2097152 34894902 87970 44264 13337
0b000901 0b000a01 10380 100 2097152 34895137 87970 44264 13353
0b000001 0b000101 10344 100 2097152 28943519 6042147 176699 12736
0b000301 0b000401 10357 100 2097152 29697236 5288812 176699 12803
0b000501 0b000601 10362 100 2097152 34822675 163769 44264 13877
0b000501 0b000601 10363 100 2097152 34822685 163763 44264 13893
0b000501 0b000601 10364 100 2097152 34822695 163757 44264 13909
0b000d01 0b000e01 10379 100 2097152 34947536 44164 44264 15293
0b000501 0b000601 10365 100 2097152 34870167 132455 44264 13237
0b000701 0b000001 10353 100 2097152 29499962 5505039 176699 14343
0b000101 0b000a01 10047 100 2097152 34988676 50236 48204 12753
0b000e01 0b000701 10056 100 2097152 34994710 48108 48204 15310
0b000001 0b000101 10345 100 2097152 29024671 6048699 176699 13216
0b000a01 0b000301 10054 100 2097152 34985882 94012 48204 13354
0b000a01 0b000301 10055 100 2097152 34986117 94012 48204 13370
0b000a01 0b000b01 10379 100 2097152 35041922 44164 44264 12778
0b000601 0b000701 10376 100 2097152 34989454 126365 44264 13894
0b000601 0b000701 10377 100 2097152 34989464 126359 44264 13910
0b000701 0b000001 10354 100 2097152 29553118 5563801 176699 12359
0b000101 0b000201 10364 100 2097152 35076380 44466 44264 13233
0b000601 0b000701 10378 100 2097152 35005632 118053 44264 13254
0b000b01 0b000c01 10376 100 2097152 35089096 44164 44264 12795
0b000201 0b000b01 10048 100 2097152 35123856 48108 48204 13250
0b000c01 0b000d01 10373 100 2097152 35136270 44682 44264 12812
0b000b01 0b000c01 10377 100 2097152 35174974 44422 44264 13275
0b000d01 0b000e01 10380 100 2097152 35183962 44707 44264 12829
0b000c01 0b000d01 10374 100 2097152 35222406 44434 44264 13292
0b000e01 0b000f01 10379 100 2097152 35231679 44741 44264 12846
0b000001 0b000901 10053 100 2097152 35119929 180222 180639 12368
0b000701 0b000001 10355 100 2097152 29611028 5702385 176699 14359
0b000d01 0b000e01 10381 100 2097152 35269850 44447 44264 13309
0b000f01 0b000801 10378 100 2097152 35279430 44755 44264 12863
0b000301 0b000401 10358 100 2097152 30062714 5264466 176699 14307
0b000401 0b000501 10347 100 2097152 29634307 5694434 176699 12372
0b000001 0b000101 10346 100 2097152 29241127 6093079 176699 14656
0b000901 0b000a01 10381 100 2097152 35303161 46082 44264 12393
0b000e01 0b000f01 10380 100 2097152 35317307 44461 44264 13326
0b000801 0b000901 10375 100 2097152 35327195 45487 44264 12872
0b000501 0b000601 10366 100 2097152 35331751 44670 44264 12389
0b000101 0b000201 10365 100 2097152 35337216 44344 44264 14673
0b000a01 0b000b01 10380 100 2097152 35352253 44164 44264 12410
0b000f01 0b000801 10379 100 2097152 35364778 44521 44264 13343
0b000901 0b000201 10055 100 2097152 35375692 48108 48204 12889
0b000601 0b000701 10379 100 2097152 35379431 44676 44264 12406
0b000201 0b000301 10377 100 2097152 35384570 46498 44264 14690
0b000701 0b000001 10356 100 2097152 29722440 5718757 176699 14375
0b000b01 0b000c01 10378 100 2097152 35399427 44164 44264 12427
0b000401 0b000501 10348 100 2097152 29709959 5742014 176699 11796
0b000801 0b000901 10376 100 2097152 35412309 44164 44264 13352
0b000201 0b000301 10378 100 2097152 35426810 46977 44264 12898
0b000c01 0b000d01 10375 100 2097152 35446601 44164 44264 12444
0b000501 0b000601 10367 100 2097152 35454983 44617 44264 11813
0b000901 0b000a01 10382 100 2097152 35459483 44164 44264 13369
0b000401 0b000d01 10055 100 2097152 35330190 180222 180639 14324
0b000601 0b000701 10380 100 2097152 35502610 44670 44264 11830
0b000001 0b000101 10347 100 2097152 29467440 6084514 176699 15136
0b000a01 0b000301 10056 100 2097152 35506657 48108 48204 13386
0b000d01 0b000e01 10382 100 2097152 35493775 68566 44264 12461
0b000d01 0b000e01 10383 100 2097152 35513422 69319 44264 14349
0b000701 0b000801 10050 100 2097152 35550290 48108 48204 11847
0b000101 0b000201 10366 100 2097152 35554964 44518 44264 15153
0b000e01 0b000f01 10381 100 2097152 35565351 69399 44264 12478
0b000801 0b000901 10377 100 2097152 35601408 44164 44264 11864
0b000201 0b000301 10379 100 2097152 35602492 44683 44264 15170
0b000e01 0b000f01 10382 100 2097152 35585751 68596 44264 14366
0b000701 0b000001 10357 100 2097152 29924373 5738352 176699 12375
0b000301 0b000401 10359 100 2097152 30245871 5421153 176699 13283
0b000901 0b000a01 10383 100 2097152 35648582 44164 44264 11881
0b000301 0b000401 10360 100 2097152 30337465 5356487 176699 12419
0b000f01 0b000801 10380 100 2097152 35657357 44164 44264 14383
0b000301 0b000401 10361 100 2097152 30405135 5330025 176699 12435
0b000a01 0b000b01 10381 100 2097152 35695756 44164 44264 11898
0b000301 0b000401 10362 100 2097152 30405666 5342178 176699 12451
0b000801 0b000901 10378 100 2097152 35704531 44164 44264 14392
0b000701 0b000001 10358 100 2097152 29948408 5820821 176699 14711
0b000701 0b000001 10359 100 2097152 29990264 5784405 176699 14727
0b000301 0b000401 10363 100 2097152 30412825 5364475 176699 12467
0b000b01 0b000c01 10379 100 2097152 35742930 44164 44264 11915
0b000701 0b000001 10360 100 2097152 30000321 5815356 176699 15191
0b000c01 0b000d01 10376 100 2097152 35790104 44164 44264 11932
0b000001 0b000901 10054 100 2097152 35665735 180222 180639 12384
0b000d01 0b000e01 10384 100 2097152 35837278 44164 44264 11949
0b000701 0b000001 10361 100 2097152 30031757 5857920 176699 14391
0b000901 0b000a01 10384 100 2097152 35848967 44164 44264 12409
0b000701 0b000001 10362 100 2097152 30053707 5872998 176699 15207
0b000e01 0b000f01 10383 100 2097152 35884452 44164 44264 11966
0b000001 0b000101 10348 100 2097152 29830095 6100195 176699 14304
0b000a01 0b000b01 10382 100 2097152 35896141 44164 44264 12426
0b000001 0b000101 10349 100 2097152 29859681 6103213 176699 13712
0b000b01 0b000c01 10380 100 2097152 35943315 44164 44264 12443
0b000101 0b000201 10367 100 2097152 35933300 56423 44264 14321
0b000301 0b000401 10364 100 2097152 30621907 5373537 176699 12819
0b000101 0b000201 10368 100 2097152 35965904 57419 44264 13729
0b000c01 0b000d01 10377 100 2097152 35990489 44164 44264 12460
0b000201 0b000301 10380 100 2097152 35992733 57710 44264 14338
0b000d01 0b000e01 10385 100 2097152 36037663 44164 44264 12477
0b000201 0b000301 10381 100 2097152 36026333 56691 44264 13746
0b000f01 0b000001 10058 100 2097152 35931626 180234 180639 11983
0b000301 0b000c01 10050 100 2097152 36086034 48108 48204 13763
0b000c01 0b000d01 10378 100 2097152 36137152 44164 44264 13788
0b000401 0b000501 10349 100 2097152 30464143 5738862 176699 12388
0b000d01 0b000e01 10386 100 2097152 36184326 44164 44264 13805
0b000501 0b000601 10368 100 2097152 36206015 44670 44264 12405
0b000e01 0b000f01 10384 100 2097152 36231500 44164 44264 13822
0b000601 0b000701 10381 100 2097152 36253695 44682 44264 12422
0b000401 0b000501 10350 100 2097152 30683267 5625938 176699 14676
0b000401 0b000501 10351 100 2097152 30683447 5625762 176699 15156
0b000f01 0b000801 10381 100 2097152 36278674 44164 44264 13839
0b000501 0b000601 10369 100 2097152 36312219 44679 44264 15173
0b000501 0b000e01 10048 100 2097152 36312215 48108 48204 14693
0b000801 0b000901 10379 100 2097152 36325848 44164 44264 13848
0b000e01 0b000f01 10385 100 2097152 36363333 44164 44264 14718
0b000601 0b000f01 10049 100 2097152 36359908 48108 48204 15190
0b000901 0b000a01 10385 100 2097152 36373022 44164 44264 13865
0b000301 0b000401 10365 100 2097152 31036415 5425897 176699 11827
0b000a01 0b000b01 10383 100 2097152 36420196 44164 44264 13882
0b000701 0b000001 10363 100 2097152 30581391 5894190 176699 14743
0b000f01 0b000801 10382 100 2097152 36410507 87697 44264 14735
0b000f01 0b000801 10383 100 2097152 36411026 87686 44264 15215
0b000801 0b000901 10380 100 2097152 36501214 87697 44264 14744
0b000801 0b000901 10381 100 2097152 36501722 87697 44264 15224
0b000701 0b000001 10364 100 2097152 30750830 5864699 176699 15223
0b000301 0b000401 10366 100 2097152 31122454 5496926 176699 11843
0b000b01 0b000401 10058 100 2097152 36467370 180234 180639 13899
0b000901 0b000a01 10386 100 2097152 36591921 87697 44264 14761
0b000901 0b000a01 10387 100 2097152 36592429 87697 44264 15241
0b000301 0b000401 10367 100 2097152 31227256 5455808 176699 11859
0b000301 0b000401 10368 100 2097152 31393574 5366922 176699 13299
0b000a01 0b000b01 10384 100 2097152 36682628 87697 44264 14778
0b000a01 0b000b01 10385 100 2097152 36683136 87697 44264 15258
0b000401 0b000501 10352 100 2097152 31284143 5529866 176699 12756
0b000301 0b000401 10369 100 2097152 31476397 5370751 176699 12835
0b000b01 0b000c01 10381 100 2097152 36773335 87697 44264 14795
0b000b01 0b000c01 10382 100 2097152 36773843 87697 44264 15275
0b000501 0b000601 10370 100 2097152 36817019 44670 44264 12773
0b000701 0b000001 10365 100 2097152 30931420 5934116 176699 12391
0b000601 0b000701 10382 100 2097152 36864699 44658 44264 12790
0b000c01 0b000d01 10379 100 2097152 36864042 87697 44264 14812
0b000c01 0b000d01 10380 100 2097152 36864550 87697 44264 15292
0b000301 0b000401 10370 100 2097152 31602114 5351298 176699 11875
0b000001 0b000101 10350 100 2097152 30906357 6071225 176699 12752
0b000001 0b000101 10351 100 2097152 30909734 6068208 176699 13232
0b000d01 0b000e01 10387 100 2097152 36955257 44164 44264 15309
0b000d01 0b000601 10056 100 2097152 36954749 48108 48204 14829
0b000101 0b000201 10369 100 2097152 36980952 44670 44264 13249
0b000101 0b000a01 10048 100 2097152 36980592 48636 48204 12769
0b000701 0b000001 10366 100 2097152 31176344 5871350 176699 13751
0b000001 0b000901 10055 100 2097152 36868546 180222 180639 12400
0b000e01 0b000701 10057 100 2097152 37002431 48108 48204 15326
0b000601 0b000701 10383 100 2097152 37005867 44665 44264 14838
0b000201 0b000b01 10049 100 2097152 37028632 48108 48204 13266
0b000a01 0b000b01 10386 100 2097152 37032238 46506 44264 12794
0b000901 0b000a01 10388 100 2097152 37051778 45334 44264 12425
0b000401 0b000501 10353 100 2097152 31539995 5587650 176699 13236
0b000a01 0b000b01 10387 100 2097152 37100122 46184 44264 12442
0b000501 0b000601 10371 100 2097152 37130655 44672 44264 13253
0b000b01 0b000c01 10383 100 2097152 37079750 97628 44264 13291
0b000b01 0b000c01 10384 100 2097152 37081754 99655 44264 12811
0b000b01 0b000c01 10385 100 2097152 37149316 66307 44264 12459
0b000601 0b000701 10384 100 2097152 37178337 44666 44264 13270
0b000701 0b000001 10367 100 2097152 31373427 5892306 176699 13767
0b000c01 0b000d01 10381 100 2097152 37180388 109777 44264 13308
0b000c01 0b000d01 10382 100 2097152 37184419 113649 44264 12828
0b000c01 0b000d01 10383 100 2097152 37218633 96554 44264 12476
0b000d01 0b000e01 10388 100 2097152 37293175 81665 44264 13325
0b000d01 0b000e01 10389 100 2097152 37301078 81511 44264 12845
0b000e01 0b000f01 10386 100 2097152 37377850 80898 44264 13342
0b000e01 0b000f01 10387 100 2097152 37385599 80876 44264 12862
0b000001 0b000101 10352 100 2097152 31530199 6002763 176699 14672
0b000401 0b000501 10354 100 2097152 32027262 5513087 176699 11812
0b000f01 0b000801 10384 100 2097152 37461758 80918 44264 13359
0b000f01 0b000801 10385 100 2097152 37469485 80896 44264 12879
0b000401 0b000501 10355 100 2097152 32069026 5497079 176699 14692
0b000301 0b000401 10371 100 2097152 32336157 5230007 176699 12851
0b000401 0b000501 10356 100 2097152 32092670 5476275 176699 15172
0b000101 0b000201 10370 100 2097152 37535972 44358 44264 14689
0b000701 0b000001 10368 100 2097152 31677927 5910930 176699 13783
0b000501 0b000601 10372 100 2097152 37543359 60635 44264 11829
0b000501 0b000e01 10049 100 2097152 37569115 48108 48204 14709
0b000801 0b000901 10382 100 2097152 37545686 80938 44264 13368
0b000201 0b000301 10382 100 2097152 37583340 44664 44264 14706
0b000501 0b000601 10373 100 2097152 37571955 61519 44264 15189
0b000801 0b000901 10383 100 2097152 37553391 80916 44264 12888
0b000701 0b000001 10369 100 2097152 31761055 5877479 176699 13799
0b000601 0b000701 10385 100 2097152 37607004 45575 44264 11846
0b000e01 0b000f01 10388 100 2097152 37620233 44164 44264 14734
0b000901 0b000a01 10389 100 2097152 37629634 44376 44264 13385
0b000901 0b000201 10056 100 2097152 37637317 48499 48204 12905
0b000601 0b000f01 10050 100 2097152 37636484 49462 48204 15206
0b000701 0b000801 10051 100 2097152 37655589 49394 48204 11863
0b000a01 0b000301 10057 100 2097152 37677020 48413 48204 13402
0b000201 0b000301 10383 100 2097152 37688826 44672 44264 12914
0b000f01 0b000801 10386 100 2097152 37667407 67833 44264 14751
0b000701 0b000001 10370 100 2097152 31843704 5907237 176699 14759
0b000f01 0b000801 10387 100 2097152 37688956 68815 44264 15231
0b000801 0b000901 10384 100 2097152 37707993 65940 44264 11880
0b000901 0b000a01 10390 100 2097152 37776943 48365 44264 11897
0b000001 0b000101 10353 100 2097152 31785771 6047843 176699 15152
0b000801 0b000901 10385 100 2097152 37738250 95535 44264 14760
0b000801 0b000901 10386 100 2097152 37760781 84080 44264 15240
0b000a01 0b000b01 10388 100 2097152 37828318 47191 44264 11914
0b000101 0b000201 10371 100 2097152 37836624 44669 44264 15169
0b000901 0b000a01 10391 100 2097152 37836795 79216 44264 14777
0b000b01 0b000c01 10386 100 2097152 37878519 44340 44264 11931
0b000901 0b000a01 10392 100 2097152 37847871 79126 44264 15257
0b000201 0b000301 10384 100 2097152 37884303 44664 44264 15186
0b000c01 0b000d01 10384 100 2097152 37925869 44164 44264 11948
0b000701 0b000001 10371 100 2097152 32122348 5865241 176699 13815
0b000a01 0b000b01 10389 100 2097152 37919021 77961 44264 14794
0b000301 0b000401 10372 100 2097152 32991080 5016204 176699 11891
0b000a01 0b000b01 10390 100 2097152 37930007 77936 44264 15274
0b000701 0b000001 10372 100 2097152 32178344 5832805 176699 14775
0b000d01 0b000e01 10390 100 2097152 37973043 44164 44264 11965
0b000301 0b000401 10373 100 2097152 32991190 5028506 176699 11907
0b000e01 0b000f01 10389 100 2097152 38020217 44164 44264 11982
0b000b01 0b000c01 10387 100 2097152 37999992 77978 44264 14811
0b000b01 0b000c01 10388 100 2097152 38010953 77956 44264 15291
0b000301 0b000401 10374 100 2097152 33019285 5083839 176699 13315
0b000401 0b000501 10357 100 2097152 32943941 5193816 176699 11828
0b000c01 0b000d01 10385 100 2097152 38080980 77998 44264 14828
0b000c01 0b000d01 10386 100 2097152 38091919 77626 44264 15308
0b000301 0b000401 10375 100 2097152 33091265 5092643 176699 11923
0b000301 0b000401 10376 100 2097152 33091290 5092622 176699 11939
0b000501 0b000601 10374 100 2097152 38140767 44671 44264 11845
0b000d01 0b000601 10057 100 2097152 38161988 48108 48204 14845
0b000d01 0b000e01 10391 100 2097152 38172555 44164 44264 15325
0b000f01 0b000001 10059 100 2097152 38067391 180499 180639 11999
0b000601 0b000701 10386 100 2097152 38188448 64265 44264 11862
0b000001 0b000101 10354 100 2097152 32363395 5903995 176699 13728
0b000e01 0b000701 10058 100 2097152 38219729 48720 48204 15342
0b000601 0b000701 10387 100 2097152 38213106 64546 44264 14854
0b000701 0b000801 10052 100 2097152 38255723 48605 48204 11879
0b000101 0b000201 10372 100 2097152 38270400 44690 44264 13745
0b000801 0b000901 10387 100 2097152 38307338 44164 44264 11896
0b000201 0b000301 10385 100 2097152 38318100 44673 44264 13762
0b000301 0b000401 10377 100 2097152 33445966 4941278 176699 14323
0b000701 0b000001 10373 100 2097152 32582446 5810427 176699 15239
0b000901 0b000a01 10393 100 2097152 38354512 44164 44264 11913
0b000301 0b000c01 10051 100 2097152 38365783 48335 48204 13779
0b000a01 0b000b01 10391 100 2097152 38401686 44164 44264 11930
0b000001 0b000101 10355 100 2097152 32583507 5864235 176699 12768
0b000c01 0b000d01 10387 100 2097152 38417128 45350 44264 13804
0b000401 0b000501 10358 100 2097152 33289018 5183331 176699 14708
0b000b01 0b000c01 10389 100 2097152 38448860 44754 44264 11947
0b000101 0b000a01 10049 100 2097152 38450752 48108 48204 12785
0b000001 0b000101 10356 100 2097152 32678071 5825607 176699 14320
0b000701 0b000001 10374 100 2097152 32755765 5750932 176699 15255
0b000d01 0b000e01 10392 100 2097152 38465488 45412 44264 13821
0b000501 0b000e01 10050 100 2097152 38475359 48652 48204 14725
0b000c01 0b000d01 10388 100 2097152 38496624 44782 44264 11964
0b000a01 0b000b01 10392 100 2097152 38501870 44164 44264 12810
0b000401 0b000501 10359 100 2097152 33419458 5128667 176699 13252
0b000401 0b000501 10360 100 2097152 33425207 5124666 176699 15188
0b000101 0b000201 10373 100 2097152 38506688 44670 44264 14337
0b000401 0b000d01 10056 100 2097152 38390254 180222 180639 14340
0b000b01 0b000c01 10390 100 2097152 38549044 44164 44264 12827
0b000e01 0b000f01 10390 100 2097152 38513910 79339 44264 13838
0b000201 0b000301 10386 100 2097152 38554368 44664 44264 14354
0b000001 0b000101 10357 100 2097152 32771751 5828291 176699 13248
0b000d01 0b000e01 10393 100 2097152 38544416 62303 44264 11981
0b000e01 0b000f01 10391 100 2097152 38527021 80213 44264 14750
0b000d01 0b000e01 10394 100 2097152 38573486 64858 44264 14365
0b000501 0b000601 10375 100 2097152 38551135 87472 44264 13269
0b000501 0b000601 10376 100 2097152 38552883 87470 44264 15205
0b000c01 0b000d01 10389 100 2097152 38596218 46004 44264 12844
0b000101 0b000201 10374 100 2097152 38603052 44670 44264 13265
0b000e01 0b000f01 10392 100 2097152 38609729 61701 44264 11998
0b000f01 0b000801 10388 100 2097152 38596259 78366 44264 13855
0b000601 0b000701 10388 100 2097152 38641617 44664 44264 13286
0b000f01 0b000801 10389 100 2097152 38610244 78594 44264 14767
0b000601 0b000f01 10051 100 2097152 38643363 48108 48204 15222
0b000d01 0b000e01 10395 100 2097152 38645232 46179 44264 12861
0b000201 0b000b01 10050 100 2097152 38650732 48108 48204 13282
0b000e01 0b000f01 10393 100 2097152 38641354 67503 44264 14382
0b000301 0b000401 10378 100 2097152 33831580 4903064 176699 12867
0b000b01 0b000c01 10391 100 2097152 38701850 44164 44264 13307
0b000e01 0b000f01 10394 100 2097152 38694421 53447 44264 12878
0b000801 0b000901 10388 100 2097152 38677635 78091 44264 13864
0b000801 0b000901 10389 100 2097152 38691848 78896 44264 14776
0b000701 0b000001 10375 100 2097152 33033680 5738053 176699 13831
0b000701 0b000001 10376 100 2097152 33033745 5738344 176699 13847
0b000701 0b000001 10377 100 2097152 33033755 5738338 176699 13863
0b000f01 0b000801 10390 100 2097152 38694481 83816 44264 15247
0b000001 0b000101 10358 100 2097152 32984266 5794604 176699 15168
0b000c01 0b000d01 10390 100 2097152 38749024 44164 44264 13324
0b000301 0b000401 10379 100 2097152 33969677 4824767 176699 11955
0b000f01 0b000801 10391 100 2097152 38711867 100936 44264 14399
0b000101 0b000201 10375 100 2097152 38781880 44671 44264 15185
0b000801 0b000901 10390 100 2097152 38781307 49377 44264 15256
0b000f01 0b000801 10392 100 2097152 38750878 81374 44264 12895
0b000901 0b000a01 10394 100 2097152 38758736 76928 44264 13881
0b000d01 0b000e01 10396 100 2097152 38796198 44164 44264 13341
0b000401 0b000501 10361 100 2097152 33711714 5138207 176699 12404
0b000901 0b000a01 10395 100 2097152 38773754 93701 44264 14793
0b000301 0b000401 10380 100 2097152 34061373 4810971 176699 11971
0b000201 0b000301 10387 100 2097152 38829561 44658 44264 15202
0b000401 0b000501 10362 100 2097152 33787886 5091003 176699 12772
0b000801 0b000901 10391 100 2097152 38835262 46185 44264 12904
0b000e01 0b000f01 10395 100 2097152 38843372 44164 44264 13358
0b000901 0b000a01 10396 100 2097152 38833694 62630 44264 15273
0b000a01 0b000b01 10393 100 2097152 38838674 60498 44264 13898
0b000501 0b000601 10377 100 2097152 38852931 60262 44264 12421
0b000901 0b000201 10057 100 2097152 38884457 48108 48204 12921
0b000f01 0b000801 10393 100 2097152 38890546 44164 44264 13375
0b000501 0b000601 10378 100 2097152 38881899 61132 44264 12789
0b000701 0b000001 10378 100 2097152 33376933 5575677 176699 14791
0b000a01 0b000b01 10394 100 2097152 38870465 89086 44264 14810
0b000a01 0b000b01 10395 100 2097152 38899334 74699 44264 15290
0b000601 0b000701 10389 100 2097152 38916203 61199 44264 12438
0b000201 0b000301 10388 100 2097152 38935575 44669 44264 12930
0b000801 0b000901 10392 100 2097152 38937720 44164 44264 13384
0b000301 0b000401 10381 100 2097152 34128082 4856306 176699 13331
0b000001 0b000101 10359 100 2097152 33305943 5698731 176699 13744
0b000601 0b000701 10390 100 2097152 38946041 60292 44264 12806
0b000301 0b000401 10382 100 2097152 34208186 4799762 176699 14339
0b000901 0b000a01 10397 100 2097152 38984894 44164 44264 13401
0b000b01 0b000c01 10392 100 2097152 38962561 74779 44264 14827
0b000301 0b000401 10383 100 2097152 34380261 4669535 176699 12883
0b000b01 0b000c01 10393 100 2097152 38977043 74735 44264 15307
0b000101 0b000201 10376 100 2097152 39007684 44670 44264 13761
0b000a01 0b000301 10058 100 2097152 39032068 48611 48204 13418
0b000b01 0b000401 10059 100 2097152 38902182 182733 180639 13915
0b000201 0b000301 10389 100 2097152 39055364 44661 44264 13778
0b000c01 0b000d01 10391 100 2097152 39040350 74819 44264 14844
0b000c01 0b000d01 10392 100 2097152 39054788 74287 44264 15324
0b000301 0b000c01 10052 100 2097152 39103035 48635 48204 13795
0b000d01 0b000601 10058 100 2097152 39118179 48638 48204 14861
0b000d01 0b000e01 10397 100 2097152 39132085 46224 44264 15341
0b000401 0b000501 10363 100 2097152 34115534 5077599 176699 12420
0b000401 0b000d01 10057 100 2097152 39010958 183534 180639 14356
0b000c01 0b000d01 10393 100 2097152 39154680 45253 44264 13820
0b000301 0b000401 10384 100 2097152 34576176 4637556 176699 11987
0b000601 0b000701 10391 100 2097152 39169827 45665 44264 14870
0b000701 0b000001 10379 100 2097152 33653681 5562020 176699 12407
0b000e01 0b000701 10059 100 2097152 39181319 48108 48204 15358
0b000501 0b000601 10379 100 2097152 39196143 45035 44264 12437
0b000401 0b000501 10364 100 2097152 34185227 5069298 176699 13268
0b000401 0b000501 10365 100 2097152 34188433 5066096 176699 12788
0b000d01 0b000e01 10398 100 2097152 39197502 83000 44264 14381
0b000d01 0b000e01 10399 100 2097152 39202943 82976 44264 13837
0b000601 0b000701 10392 100 2097152 39244188 46747 44264 12454
0b000301 0b000401 10385 100 2097152 34710630 4618990 176699 13347
0b000001 0b000101 10360 100 2097152 33721191 5610303 176699 12784
0b000301 0b000401 10386 100 2097152 34879694 4463614 176699 12899
0b000501 0b000601 10380 100 2097152 39257535 89673 44264 13285
0b000501 0b000601 10381 100 2097152 39257539 89673 44264 12805
0b000701 0b000001 10380 100 2097152 33928369 5419648 176699 15271
0b000001 0b000101 10361 100 2097152 33744751 5611799 176699 13264
0b000e01 0b000f01 10396 100 2097152 39283512 83018 44264 14398
0b000e01 0b000f01 10397 100 2097152 39288929 82897 44264 13854
0b000101 0b000a01 10050 100 2097152 39334504 48635 48204 12801
0b000001 0b000901 10056 100 2097152 39218711 180222 180639 12416
0b000101 0b000201 10377 100 2097152 39359560 44669 44264 13281
0b000f01 0b000801 10394 100 2097152 39374836 44164 44264 13871
0b000a01 0b000b01 10396 100 2097152 39386149 46425 44264 12826
0b000601 0b000701 10393 100 2097152 39350218 89214 44264 13302
0b000601 0b000701 10394 100 2097152 39350222 89214 44264 12822
0b000901 0b000a01 10398 100 2097152 39401943 46714 44264 12441
0b000201 0b000b01 10051 100 2097152 39407239 48108 48204 13298
0b000701 0b000001 10381 100 2097152 33996344 5470965 176699 15287
0b000801 0b000901 10393 100 2097152 39422010 45351 44264 13880
0b000a01 0b000b01 10397 100 2097152 39451667 47492 44264 12458
0b000b01 0b000c01 10394 100 2097152 39435584 68396 44264 12843
0b000901 0b000a01 10399 100 2097152 39470371 45413 44264 13897
0b000301 0b000401 10387 100 2097152 35082904 4441544 176699 13363
0b000301 0b000401 10388 100 2097152 35083139 4442017 176699 13379
0b000701 0b000001 10382 100 2097152 34046661 5504612 176699 15303
0b000b01 0b000c01 10395 100 2097152 39458357 93990 44264 13323
0b000c01 0b000d01 10394 100 2097152 39506990 46815 44264 12860
0b000a01 0b000b01 10398 100 2097152 39518794 46184 44264 13914
0b000b01 0b000c01 10396 100 2097152 39502169 70622 44264 12475
0b000701 0b000001 10383 100 2097152 34139415 5438494 176699 13879
0b000c01 0b000d01 10395 100 2097152 39555357 46217 44264 13340
0b000d01 0b000e01 10400 100 2097152 39556815 46200 44264 12877
0b000301 0b000401 10389 100 2097152 35434078 4187538 176699 14707
0b000301 0b000401 10390 100 2097152 35476797 4166355 176699 12915
0b000701 0b000001 10384 100 2097152 34337870 5309259 176699 14807
0b000d01 0b000e01 10401 100 2097152 39604584 46113 44264 13357
0b000e01 0b000f01 10398 100 2097152 39606025 46197 44264 12894
0b000401 0b000501 10366 100 2097152 34638894 5019247 176699 12804
0b000701 0b000001 10385 100 2097152 34438661 5257672 176699 14823
0b000e01 0b000f01 10399 100 2097152 39653707 46109 44264 13374
0b000f01 0b000801 10395 100 2097152 39655232 46193 44264 12911
0b000301 0b000401 10391 100 2097152 35557775 4146865 176699 13395
0b000501 0b000601 10382 100 2097152 39661151 44670 44264 12821
0b000401 0b000501 10367 100 2097152 34766878 4946291 176699 13284
0b000701 0b000001 10386 100 2097152 34482730 5255388 176699 13895
0b000301 0b000401 10392 100 2097152 35650185 4096487 176699 15187
0b000f01 0b000801 10396 100 2097152 39702826 46105 44264 13391
0b000801 0b000901 10394 100 2097152 39704435 46189 44264 12920
0b000601 0b000701 10395 100 2097152 39708831 47226 44264 12838
0b000501 0b000601 10383 100 2097152 39716179 45919 44264 13301
0b000801 0b000901 10395 100 2097152 39751941 44164 44264 13400
0b000901 0b000201 10058 100 2097152 39753634 48108 48204 12937
0b000601 0b000701 10396 100 2097152 39765108 44674 44264 13318
0b000901 0b000a01 10400 100 2097152 39799115 44164 44264 13417
0b000201 0b000301 10390 100 2097152 39804752 44661 44264 12946
0b000301 0b000401 10393 100 2097152 36053453 3799295 176699 14355
0b000401 0b000501 10368 100 2097152 34989058 4886503 176699 12820
0b000001 0b000101 10362 100 2097152 34388523 5496435 176699 14336
0b000a01 0b000301 10059 100 2097152 39846289 48108 48204 13434
0b000001 0b000101 10363 100 2097152 34429311 5477435 176699 14688
0b000501 0b000601 10384 100 2097152 39878571 44670 44264 12837
0b000701 0b000001 10387 100 2097152 34823829 5116616 176699 12791
0b000101 0b000201 10378 100 2097152 39887968 67443 44264 14353
0b000601 0b000701 10397 100 2097152 39926251 44656 44264 12854
0b000101 0b000201 10379 100 2097152 39909756 68091 44264 14705
0b000701 0b000001 10388 100 2097152 34974089 5043780 176699 14839
0b000701 0b000001 10389 100 2097152 35045828 4977985 176699 15319
0b000201 0b000301 10391 100 2097152 39958421 68079 44264 14370
0b000401 0b000d01 10058 100 2097152 39855758 180222 180639 14372
0b000201 0b000301 10392 100 2097152 39980857 67438 44264 14722
0b000d01 0b000e01 10402 100 2097152 40038990 44164 44264 14397
0b000701 0b000001 10390 100 2097152 35118829 4981828 176699 13911
0b000001 0b000101 10364 100 2097152 34593179 5524663 176699 14704
0b000701 0b000001 10391 100 2097152 35126695 5032586 176699 13271
0b000101 0b000201 10380 100 2097152 40120852 44670 44264 14721
0b000201 0b000301 10393 100 2097152 40168532 44673 44264 14738
0b000001 0b000101 10365 100 2097152 34824323 5394391 176699 15184
0b000701 0b000001 10392 100 2097152 35427117 4827784 176699 12423
0b000101 0b000201 10381 100 2097152 40221724 44671 44264 15201
0b000201 0b000301 10394 100 2097152 40269405 44664 44264 15218
0b000001 0b000101 10366 100 2097152 35008011 5390363 176699 14352
0b000001 0b000901 10057 100 2097152 40257911 180222 180639 12432
0b000301 0b000401 10394 100 2097152 37631014 2807958 176699 14723
0b000101 0b000201 10382 100 2097152 40401384 44670 44264 14369
0b000301 0b000401 10395 100 2097152 37728443 2734244 176699 13411
0b000301 0b000401 10396 100 2097152 37736508 2731844 176699 12931
0b000901 0b000a01 10401 100 2097152 40441143 44164 44264 12457
0b000201 0b000301 10395 100 2097152 40449064 44660 44264 14386
0b000a01 0b000b01 10399 100 2097152 40488317 44164 44264 12474
0b000301 0b000401 10397 100 2097152 37931977 2630723 176699 15203
0b000401 0b000501 10369 100 2097152 35670034 5000447 176699 13300
0b000401 0b000501 10370 100 2097152 35696962 4985223 176699 12436
0b000401 0b000501 10371 100 2097152 35738170 4993103 176699 12452
0b000401 0b000501 10372 100 2097152 35750854 4983239 176699 12468
0b000001 0b000101 10367 100 2097152 35316423 5424319 176699 14368
0b000701 0b000001 10393 100 2097152 36301387 4444278 176699 12439
0b000501 0b000601 10385 100 2097152 40673491 85867 44264 13317
0b000501 0b000601 10386 100 2097152 40685195 98215 44264 12453
0b000101 0b000201 10383 100 2097152 40743752 44671 44264 14385
0b000301 0b000401 10398 100 2097152 38602042 2200682 176699 14371
0b000501 0b000601 10387 100 2097152 40734283 74503 44264 12469
0b000601 0b000701 10398 100 2097152 40762368 67598 44264 13334
0b000001 0b000101 10368 100 2097152 35444207 5390963 176699 14384
0b000601 0b000701 10399 100 2097152 40786420 66763 44264 12470
0b000301 0b000401 10399 100 2097152 38877229 2020879 176699 15219
0b000301 0b000401 10400 100 2097152 38983254 1938666 176699 12947
0b000001 0b000901 10058 100 2097152 40748675 180222 180639 12448
0b000401 0b000501 10373 100 2097152 35998454 4948443 176699 12836
0b000901 0b000a01 10402 100 2097152 40931907 44164 44264 12473
0b000301 0b000401 10401 100 2097152 39083689 1897695 176699 13427
0b000401 0b000d01 10059 100 2097152 40805734 180222 180639 14388
0b000501 0b000601 10388 100 2097152 40949907 44670 44264 12853
0b000601 0b000701 10400 100 2097152 40997587 44661 44264 12870
0b000701 0b000001 10394 100 2097152 36912367 4162358 176699 12807
0b000701 0b000001 10396 100 2097152 37053542 4031807 176699 14855
0b000701 0b000001 10395 100 2097152 37053549 4031804 176699 15335
0b000701 0b000001 10397 100 2097152 37226013 3945916 176699 13287
0b000001 0b000101 10369 100 2097152 35772239 5417619 176699 14720
0b000001 0b000101 10370 100 2097152 35777679 5417295 176699 14736
0b000001 0b000101 10371 100 2097152 35818687 5386543 176699 15200
0b000001 0b000101 10372 100 2097152 35929715 5336447 176699 15216
0b000301 0b000401 10402 100 2097152 40029510 1263506 176699 14387
0b000301 0b000401 10403 100 2097152 40051305 1254183 176699 14739
0b000101 0b000201 10384 100 2097152 41192868 132462 44264 14737
0b000301 0b000401 10404 100 2097152 40216215 1124430 176699 14755
0b000101 0b000201 10385 100 2097152 41197984 143059 44264 14753
0b000301 0b000401 10405 100 2097152 40317079 1029265 176699 15235
0b000101 0b000201 10386 100 2097152 41208240 143408 44264 15217
0b000101 0b000201 10387 100 2097152 41269172 103467 44264 15233
0b000401 0b000501 10374 100 2097152 36465322 4910405 176699 11844
0b000501 0b000601 10389 100 2097152 41378737 44694 44264 11861
0b000001 0b000101 10373 100 2097152 36114870 5314928 176699 11984
0b000201 0b000301 10396 100 2097152 41328340 116468 44264 14754
0b000601 0b000701 10401 100 2097152 41426441 44664 44264 11878
0b000201 0b000301 10397 100 2097152 41344053 146224 44264 14770
0b000201 0b000301 10398 100 2097152 41354658 145860 44264 15234
0b000201 0b000301 10399 100 2097152 41375649 131677 44264 15250
0b000701 0b000801 10053 100 2097152 41474115 48108 48204 11895
0b000801 0b000901 10396 100 2097152 41525233 44164 44264 11912
0b000901 0b000a01 10403 100 2097152 41572407 44164 44264 11929
0b000401 0b000501 10375 100 2097152 36622390 5021523 176699 11860
0b000a01 0b000b01 10400 100 2097152 41619581 44164 44264 11946
0b000401 0b000501 10376 100 2097152 36650614 5030415 176699 13908
0b000501 0b000601 10390 100 2097152 41646923 44670 44264 11877
0b000b01 0b000c01 10397 100 2097152 41666755 44164 44264 11963
0b000401 0b000501 10377 100 2097152 36686074 5038691 176699 11876
0b000601 0b000701 10402 100 2097152 41694603 45101 44264 11894
0b000701 0b000001 10398 100 2097152 38271459 3471430 176699 15351
0b000c01 0b000d01 10396 100 2097152 41713929 44164 44264 11980
0b000701 0b000001 10399 100 2097152 38280662 3485787 176699 14871
0b000501 0b000601 10391 100 2097152 41727775 44703 44264 11893
0b000701 0b000801 10054 100 2097152 41742714 48108 48204 11911
0b000001 0b000101 10374 100 2097152 36478591 5319235 176699 14752
0b000d01 0b000e01 10403 100 2097152 41761103 44164 44264 11997
0b000401 0b000501 10378 100 2097152 36763506 5048383 176699 13316
0b000601 0b000701 10403 100 2097152 41775488 44872 44264 11910
0b000801 0b000901 10397 100 2097152 41793832 44164 44264 11928
0b000101 0b000201 10388 100 2097152 41800836 44670 44264 14769
0b000501 0b000601 10392 100 2097152 41814899 44671 44264 13333
0b000701 0b000801 10055 100 2097152 41823370 48108 48204 11927
0b000901 0b000a01 10404 100 2097152 41841006 45190 44264 11945
0b000201 0b000301 10400 100 2097152 41848516 44664 44264 14786
0b000601 0b000701 10404 100 2097152 41862580 44664 44264 13350
0b000401 0b000501 10379 100 2097152 36850158 5063815 176699 12852
0b000801 0b000901 10398 100 2097152 41874488 44671 44264 11944
0b000001 0b000101 10375 100 2097152 36618539 5309107 176699 15232
0b000701 0b000001 10400 100 2097152 38689291 3244334 176699 13303
0b000a01 0b000b01 10401 100 2097152 41889206 45220 44264 11962
0b000501 0b000601 10393 100 2097152 41916983 44670 44264 12869
0b000901 0b000a01 10405 100 2097152 41922169 44695 44264 11961
0b000101 0b000201 10389 100 2097152 41930656 44670 44264 15249
0b000b01 0b000c01 10398 100 2097152 41937436 45287 44264 11979
0b000301 0b000401 10406 100 2097152 41447818 549731 176699 14771
0b000601 0b000701 10405 100 2097152 41964663 44664 44264 12886
0b000701 0b000001 10401 100 2097152 38980412 3031133 176699 12455
0b000a01 0b000b01 10402 100 2097152 41969874 44720 44264 11978
0b000701 0b000001 10402 100 2097152 39009343 3007894 176699 12823
0b000201 0b000301 10401 100 2097152 41978336 44667 44264 15266
0b000c01 0b000d01 10397 100 2097152 41985733 45335 44264 11996
0b000401 0b000501 10380 100 2097152 36956422 5088555 176699 11892
0b000b01 0b000c01 10399 100 2097152 42017604 44747 44264 11995
0b000501 0b000601 10394 100 2097152 42047987 44670 44264 11909
0b000601 0b000701 10406 100 2097152 42095667 44662 44264 11926
0b000701 0b000001 10403 100 2097152 39293945 2871928 176699 12471
0b000701 0b000801 10056 100 2097152 42143339 48635 48204 11943
0b000001 0b000901 10059 100 2097152 42014555 180222 180639 12464
0b000701 0b000001 10404 100 2097152 39442442 2769723 176699 13319
0b000701 0b000001 10405 100 2097152 39442446 2769723 176699 12839
0b000801 0b000901 10399 100 2097152 42194984 44164 44264 11960
0b000901 0b000a01 10406 100 2097152 42242158 44164 44264 11977
0b000301 0b000401 10407 100 2097152 41493287 794793 176699 14787
0b000001 0b000101 10376 100 2097152 37050704 5259390 176699 13760
0b000301 0b000401 10408 100 2097152 41503528 817616 176699 15251
0b000701 0b000001 10406 100 2097152 39759067 2567262 176699 12855
0b000301 0b000401 10409 100 2097152 41510336 816416 176699 15267
0b000701 0b000001 10407 100 2097152 39812792 2519649 176699 13335
0b000a01 0b000b01 10403 100 2097152 42289332 44164 44264 11994
0b000101 0b000201 10390 100 2097152 42313104 44671 44264 13777
0b000701 0b000001 10408 100 2097152 39973917 2417988 176699 12871
0b000201 0b000301 10402 100 2097152 42360785 44660 44264 13794
0b000301 0b000c01 10053 100 2097152 42408455 48108 48204 13811
0b000001 0b000101 10377 100 2097152 37268743 5202163 176699 13776
0b000c01 0b000d01 10398 100 2097152 42459573 44164 44264 13836
0b000101 0b000201 10391 100 2097152 42473916 44675 44264 13793
0b000301 0b000401 10410 100 2097152 41896190 634594 176699 14803
0b000d01 0b000e01 10404 100 2097152 42506747 44164 44264 13853
0b000301 0b000401 10411 100 2097152 42026013 528847 176699 15283
0b000201 0b000301 10403 100 2097152 42521601 44529 44264 13810
0b000701 0b000001 10409 100 2097152 40832976 1762865 176699 13351
0b000e01 0b000f01 10400 100 2097152 42553921 44164 44264 13870
0b000301 0b000c01 10054 100 2097152 42569140 48108 48204 13827
0b000701 0b000001 10410 100 2097152 41045258 1592095 176699 12887
0b000f01 0b000801 10397 100 2097152 42601095 44164 44264 13887
0b000c01 0b000d01 10399 100 2097152 42620258 44164 44264 13852
0b000801 0b000901 10400 100 2097152 42648269 44164 44264 13896
0b000d01 0b000e01 10405 100 2097152 42667432 44164 44264 13869
0b000901 0b000a01 10407 100 2097152 42695443 44164 44264 13913
0b000e01 0b000f01 10401 100 2097152 42714606 44164 44264 13886
0b000701 0b000001 10411 100 2097152 41910254 858959 176699 13367
0b000401 0b000501 10381 100 2097152 37569174 5202193 176699 12868
0b000701 0b000001 10412 100 2097152 42012337 762484 176699 12903
0b000f01 0b000801 10398 100 2097152 42761780 44164 44264 13903
0b000501 0b000601 10395 100 2097152 42774377 44694 44264 12885
0b000001 0b000101 10378 100 2097152 37591867 5234189 176699 13792
0b000801 0b000901 10401 100 2097152 42808954 44164 44264 13912
0b000001 0b000101 10379 100 2097152 37641544 5223859 176699 13808
0b000601 0b000701 10407 100 2097152 42822081 44164 44264 12902
0b000101 0b000201 10392 100 2097152 42829066 49918 44264 13809
0b000101 0b000201 10393 100 2097152 42868413 51124 44264 13825
0b000201 0b000301 10404 100 2097152 42881994 51080 44264 13826
0b000201 0b000301 10405 100 2097152 42922547 49360 44264 13842
0b000301 0b000c01 10055 100 2097152 42936084 53316 48204 13843
0b000001 0b000101 10380 100 2097152 37753951 5258415 176699 14768
0b000301 0b000c01 10056 100 2097152 42974917 53316 48204 13859
0b000c01 0b000d01 10400 100 2097152 42992410 49372 44264 13868
0b000701 0b000001 10413 100 2097152 42869255 183898 176699 12919
0b000101 0b000201 10394 100 2097152 43015376 44687 44264 14785
0b000c01 0b000d01 10401 100 2097152 43031243 51005 44264 13884
0b000d01 0b000e01 10406 100 2097152 43044792 51161 44264 13885
0b000201 0b000301 10406 100 2097152 43063073 44164 44264 14802
0b000d01 0b000e01 10407 100 2097152 43085258 51073 44264 13901
0b000e01 0b000f01 10402 100 2097152 43098963 51241 44264 13902
0b000e01 0b000f01 10403 100 2097152 43139341 51153 44264 13918
0b000f01 0b000801 10399 100 2097152 43153214 45861 44264 13919
0b000301 0b000401 10412 100 2097152 43110247 183865 176699 14819
0b000001 0b000101 10381 100 2097152 37990599 5325469 176699 13824
0b000001 0b000101 10382 100 2097152 38014159 5336216 176699 14784
0b000401 0b000501 10382 100 2097152 38010294 5357649 176699 11908
0b000101 0b000201 10395 100 2097152 43319078 54960 44264 13841
0b000401 0b000501 10383 100 2097152 38022706 5361397 176699 11924
0b000101 0b000201 10396 100 2097152 43353385 56013 44264 14801
0b000201 0b000301 10407 100 2097152 43377048 55799 44264 13858
0b000501 0b000601 10396 100 2097152 43370953 73110 44264 11925
0b000501 0b000601 10397 100 2097152 43387113 73543 44264 11941
0b000201 0b000301 10408 100 2097152 43412408 54316 44264 14818
0b000301 0b000c01 10057 100 2097152 43435857 48108 48204 13875
0b000401 0b000501 10384 100 2097152 38106134 5392155 176699 13332
0b000601 0b000701 10408 100 2097152 43447073 74418 44264 11942
0b000c01 0b000d01 10402 100 2097152 43486975 44164 44264 13900
0b000601 0b000701 10409 100 2097152 43463666 75113 44264 11958
0b000501 0b000601 10398 100 2097152 43501299 45823 44264 13349
0b000d01 0b000e01 10408 100 2097152 43534149 44164 44264 13917
0b000401 0b000501 10385 100 2097152 38186918 5404279 176699 11940
0b000401 0b000501 10386 100 2097152 38186928 5404273 176699 11956
0b000601 0b000701 10410 100 2097152 43550132 44169 44264 13366
0b000701 0b000801 10057 100 2097152 43524501 74862 48204 11959
0b000701 0b000801 10058 100 2097152 43541789 74861 48204 11975
0b000301 0b000401 10413 100 2097152 43469734 183886 176699 14835
0b000801 0b000901 10402 100 2097152 43602373 70918 44264 11976
0b000501 0b000601 10399 100 2097152 43594207 89229 44264 11957
0b000501 0b000601 10400 100 2097152 43594217 89244 44264 11973
0b000801 0b000901 10403 100 2097152 43619660 71567 44264 11992
0b000901 0b000a01 10408 100 2097152 43676301 44843 44264 11993
0b000601 0b000701 10411 100 2097152 43686446 89180 44264 11974
0b000601 0b000701 10412 100 2097152 43686471 89180 44264 11990
0b000701 0b000001 10414 100 2097152 43597311 183894 176699 13383
0b000001 0b000101 10383 100 2097152 38395883 5426981 176699 15248
0b000701 0b000801 10059 100 2097152 43778636 48108 48204 11991
0b000101 0b000201 10397 100 2097152 43825874 44694 44264 15265
0b000201 0b000301 10409 100 2097152 43873578 44164 44264 15282
0b000001 0b000101 10384 100 2097152 38509707 5504441 176699 15264
0b000101 0b000201 10398 100 2097152 44017158 44694 44264 15281
0b000301 0b000401 10414 100 2097152 43920752 184323 176699 15299
0b000201 0b000301 10410 100 2097152 44064862 44616 44264 15298
0b000401 0b000501 10387 100 2097152 38737654 5473417 176699 12884
0b000501 0b000601 10401 100 2097152 44214081 44670 44264 12901
0b000401 0b000501 10388 100 2097152 38797454 5482525 176699 11972
0b000301 0b000401 10415 100 2097152 44112488 183916 176699 15315
0b000601 0b000701 10413 100 2097152 44261761 46077 44264 12918
0b000501 0b000601 10402 100 2097152 44282989 45272 44264 11989
0b000401 0b000501 10389 100 2097152 38875354 5470017 176699 11988
0b000001 0b000101 10385 100 2097152 38774743 5578192 176699 13840
0b000001 0b000101 10386 100 2097152 38775099 5577840 176699 13856
0b000001 0b000101 10387 100 2097152 38775109 5577834 176699 13872
0b000401 0b000501 10390 100 2097152 38987398 5475589 176699 13348
0b000101 0b000201 10399 100 2097152 44355945 133756 44264 13857
0b000101 0b000201 10400 100 2097152 44355955 133750 44264 13873
0b000101 0b000201 10401 100 2097152 44355965 133744 44264 13889
0b000701 0b000001 10415 100 2097152 44310848 183925 176699 12935
0b000501 0b000601 10403 100 2097152 44465997 44694 44264 13365
0b000401 0b000501 10391 100 2097152 39052806 5478237 176699 12900
0b000601 0b000701 10414 100 2097152 44513701 46125 44264 13382
0b000501 0b000601 10404 100 2097152 44534053 45296 44264 12917
0b000001 0b000101 10388 100 2097152 38955620 5652475 176699 14800
0b000201 0b000301 10411 100 2097152 44492711 133381 44264 13874
0b000201 0b000301 10412 100 2097152 44492721 133393 44264 13890
0b000201 0b000301 10413 100 2097152 44492731 133384 44264 13906
0b000601 0b000701 10415 100 2097152 44582359 44666 44264 12934
0b000101 0b000201 10402 100 2097152 44611105 44823 44264 14817
0b000201 0b000301 10414 100 2097152 44658938 44164 44264 14834
0b000301 0b000c01 10058 100 2097152 44629102 92124 48204 13891
0b000301 0b000c01 10059 100 2097152 44629124 92127 48204 13907
0b000c01 0b000d01 10403 100 2097152 44724236 44164 44264 13916
0b000401 0b000501 10392 100 2097152 39332630 5487025 176699 13364
0b000401 0b000501 10393 100 2097152 39346318 5486541 176699 12916
0b000701 0b000001 10416 100 2097152 44562836 290733 176699 13399
0b000301 0b000401 10416 100 2097152 44706112 183908 176699 14851
0b000501 0b000601 10405 100 2097152 44822665 76029 44264 13381
0b000501 0b000601 10406 100 2097152 44835869 76360 44264 12933
0b000701 0b000001 10417 100 2097152 44630035 301436 176699 12951
0b000401 0b000501 10394 100 2097152 39527458 5445465 176699 13380
0b000401 0b000501 10395 100 2097152 39528166 5444768 176699 13396
0b000601 0b000701 10416 100 2097152 44901704 75929 44264 13398
0b000601 0b000701 10417 100 2097152 44915239 76351 44264 12950
0b000401 0b000501 10396 100 2097152 39624626 5423689 176699 14724
0b000401 0b000501 10397 100 2097152 39646162 5418795 176699 12932
0b000501 0b000601 10407 100 2097152 44975933 89263 44264 13397
0b000501 0b000601 10408 100 2097152 44975944 89256 44264 13413
0b000001 0b000101 10389 100 2097152 39351027 5715699 176699 15280
0b000501 0b000e01 10051 100 2097152 45051325 48108 48204 14741
0b000401 0b000501 10398 100 2097152 39707650 5397908 176699 13412
0b000101 0b000201 10403 100 2097152 45069736 44670 44264 15297
0b000501 0b000601 10409 100 2097152 45067967 50301 44264 12949
0b000401 0b000501 10399 100 2097152 39749682 5382766 176699 15204
0b000e01 0b000f01 10404 100 2097152 45102443 44164 44264 14766
0b000201 0b000301 10415 100 2097152 45117416 44164 44264 15314
0b000601 0b000701 10418 100 2097152 45068206 95510 44264 13414
0b000601 0b000701 10419 100 2097152 45068216 95501 44264 13430
0b000701 0b000001 10418 100 2097152 44980643 183870 176699 13415
0b000501 0b000601 10410 100 2097152 45108568 73202 44264 13429
0b000001 0b000101 10390 100 2097152 39470319 5715598 176699 15296
0b000f01 0b000801 10400 100 2097152 45149617 44164 44264 14783
0b000501 0b000601 10411 100 2097152 45135458 68954 44264 15221
0b000101 0b000201 10404 100 2097152 45188927 44670 44264 15313
0b000801 0b000901 10404 100 2097152 45196791 44164 44264 14792
0b000601 0b000f01 10052 100 2097152 45207422 48108 48204 15238
0b000001 0b000101 10391 100 2097152 39554283 5721850 176699 15312
0b000201 0b000301 10416 100 2097152 45236607 44742 44264 15330
0b000901 0b000a01 10409 100 2097152 45243965 44164 44264 14809
0b000f01 0b000801 10401 100 2097152 45258540 44164 44264 15263
0b000001 0b000101 10392 100 2097152 39580919 5722322 176699 13888
0b000a01 0b000b01 10404 100 2097152 45291139 44164 44264 14826
0b000101 0b000201 10405 100 2097152 45279143 62110 44264 15329
0b000801 0b000901 10405 100 2097152 45305714 44164 44264 15272
0b000701 0b000001 10419 100 2097152 45166726 183903 176699 13431
0b000001 0b000101 10393 100 2097152 39650139 5701146 176699 14816
0b000b01 0b000c01 10400 100 2097152 45338313 44164 44264 14843
0b000101 0b000201 10406 100 2097152 45306251 77359 44264 13905
0b000001 0b000101 10394 100 2097152 39699343 5689686 176699 14832
0b000201 0b000301 10417 100 2097152 45344263 47818 44264 15346
0b000901 0b000a01 10410 100 2097152 45352888 44164 44264 15289
0b000301 0b000401 10417 100 2097152 45164590 236838 176699 15331
0b000001 0b000101 10395 100 2097152 39741128 5681521 176699 13904
0b000c01 0b000d01 10404 100 2097152 45385487 44164 44264 14860
0b000101 0b000201 10407 100 2097152 45354295 80472 44264 14833
0b000a01 0b000b01 10405 100 2097152 45400062 44164 44264 15306
0b000101 0b000201 10408 100 2097152 45392039 67134 44264 14849
0b000d01 0b000601 10059 100 2097152 45432661 48108 48204 14877
0b000b01 0b000c01 10401 100 2097152 45447236 44164 44264 15323
0b000201 0b000301 10418 100 2097152 45437777 66282 44264 14850
0b000201 0b000301 10419 100 2097152 45462183 65545 44264 14866
0b000c01 0b000d01 10405 100 2097152 45494410 44164 44264 15340
0b000301 0b000401 10418 100 2097152 45284359 265789 176699 15347
0b000001 0b000101 10396 100 2097152 39943455 5626357 176699 12800
0b000401 0b000501 10400 100 2097152 40441982 5139683 176699 14740
0b000d01 0b000e01 10409 100 2097152 45541584 44164 44264 15357
0b000401 0b000501 10401 100 2097152 40465697 5129180 176699 13428
