0b001701 0b001801 10000 100 131072 559010 12152 6838 3847
0b001601 0b001f01 10000 100 131072 559010 12244 6838 7206
0b001b01 0b001401 10000 100 131072 559010 12214 6838 5771
0b001501 0b001e01 10000 100 131072 559010 12285 6838 6725
0b001e01 0b001701 10000 100 131072 559010 12246 6838 7214
0b001401 0b001d01 10000 100 131072 559010 12328 6838 6244
0b001d01 0b001601 10000 100 131072 559010 12287 6838 6733
0b001c01 0b001501 10000 100 131072 559010 12305 6838 6252
0b000801 0b000101 10000 100 131072 559010 15095 15174 488
0b000901 0b000201 10000 100 131072 559010 15095 15174 969
0b000a01 0b000301 10000 100 131072 559010 15095 15174 1450
0b000b01 0b000401 10000 100 131072 559010 15095 15174 1931
0b001801 0b001101 10000 100 131072 559010 15116 15174 4328
0b001901 0b001201 10000 100 131072 559010 15116 15174 4809
0b001a01 0b001301 10000 100 131072 559010 15116 15174 5290
0b001f01 0b001001 10000 100 131072 559010 15116 15174 3855
0b000101 0b000a01 10000 100 131072 559010 15520 15174 961
0b000201 0b000b01 10000 100 131072 559010 15521 15174 1442
0b001001 0b001901 10000 100 131072 559010 15521 15174 4320
0b001101 0b001a01 10000 100 131072 559010 15539 15174 4801
0b001301 0b001c01 10000 100 131072 559010 15539 15174 5763
0b001201 0b001b01 10000 100 131072 559010 15542 15174 5282
0b000701 0b000801 10000 100 131072 559010 17807 15174 7
0b000001 0b000901 10000 100 131072 559010 17808 15174 480
0b000501 0b000e01 10000 100 131072 559010 19505 15234 2885
0b000601 0b000f01 10000 100 131072 559010 19510 15234 3366
0b000301 0b000c01 10000 100 131072 559010 19517 15234 1923
0b000401 0b000d01 10000 100 131072 559010 19535 15234 2404
0b000c01 0b000501 10000 100 131072 559010 19493 15234 2412
0b000d01 0b000601 10000 100 131072 559010 19523 15234 2893
0b000e01 0b000701 10000 100 131072 559010 19633 15234 3374
0b000f01 0b000001 10000 100 131072 559010 19638 15234 15
0b000801 0b000901 10000 100 131072 559010 20263 2898 8
0b000801 0b000901 10006 100 131072 559010 20265 2898 3368
0b000801 0b000901 10005 100 131072 559010 20267 2898 2888
0b000801 0b000901 10004 100 131072 559010 20269 2898 2408
0b000801 0b000901 10003 100 131072 559010 20271 2898 1928
0b000801 0b000901 10002 100 131072 559010 20274 2898 1448
0b000801 0b000901 10001 100 131072 559010 20276 2898 968
0b000901 0b000a01 10006 100 131072 559010 20310 2898 3369
0b000901 0b000a01 10005 100 131072 559010 20311 2898 2889
0b000901 0b000a01 10004 100 131072 559010 20312 2898 2409
0b000901 0b000a01 10003 100 131072 559010 20313 2898 1929
0b000901 0b000a01 10002 100 131072 559010 20314 2898 1449
0b000901 0b000a01 10001 100 131072 559010 20315 2898 489
0b000901 0b000a01 10000 100 131072 559010 20316 2898 9
0b000a01 0b000b01 10006 100 131072 559010 20545 2898 3370
0b000a01 0b000b01 10005 100 131072 559010 20546 2898 2890
0b000a01 0b000b01 10004 100 131072 559010 20547 2898 2410
0b000a01 0b000b01 10003 100 131072 559010 20548 2898 1930
0b000a01 0b000b01 10002 100 131072 559010 20549 2898 970
0b000a01 0b000b01 10001 100 131072 559010 20550 2898 490
0b000a01 0b000b01 10000 100 131072 559010 20551 2898 10
0b001901 0b001a01 10006 100 131072 559010 20551 2898 7209
0b001901 0b001a01 10005 100 131072 559010 20552 2898 6729
0b001901 0b001a01 10004 100 131072 559010 20553 2898 6249
0b001901 0b001a01 10003 100 131072 559010 20554 2898 5769
0b001901 0b001a01 10002 100 131072 559010 20555 2898 5289
0b001b01 0b001c01 10006 100 131072 559010 20565 2898 7211
0b001a01 0b001b01 10006 100 131072 559010 20565 2898 7210
0b001c01 0b001d01 10000 100 131072 559010 20565 2898 3852
0b001b01 0b001c01 10005 100 131072 559010 20566 2898 6731
0b001a01 0b001b01 10005 100 131072 559010 20566 2898 6730
0b001c01 0b001d01 10006 100 131072 559010 20566 2898 7212
0b001b01 0b001c01 10004 100 131072 559010 20567 2898 6251
0b001a01 0b001b01 10004 100 131072 559010 20567 2898 6250
0b001c01 0b001d01 10005 100 131072 559010 20567 2898 6732
0b001b01 0b001c01 10003 100 131072 559010 20568 2898 5291
0b001a01 0b001b01 10003 100 131072 559010 20568 2898 5770
0b001c01 0b001d01 10004 100 131072 559010 20568 2898 5772
0b001b01 0b001c01 10002 100 131072 559010 20569 2898 4811
0b001a01 0b001b01 10002 100 131072 559010 20569 2898 4810
0b001c01 0b001d01 10003 100 131072 559010 20569 2898 5292
0b001b01 0b001c01 10001 100 131072 559010 20570 2898 4331
0b001a01 0b001b01 10001 100 131072 559010 20570 2898 4330
0b001c01 0b001d01 10002 100 131072 559010 20570 2898 4812
0b001b01 0b001c01 10000 100 131072 559010 20571 2898 3851
0b001a01 0b001b01 10000 100 131072 559010 20571 2898 3850
0b001c01 0b001d01 10001 100 131072 559010 20571 2898 4332
0b001901 0b001a01 10001 100 131072 559010 20577 2898 4329
0b001901 0b001a01 10000 100 131072 559010 20578 2898 3849
0b001401 0b001501 10000 100 131072 559010 20917 2898 3844
0b001401 0b001501 10006 100 131072 559010 20918 2898 7204
0b001401 0b001501 10005 100 131072 559010 20919 2898 6724
0b001401 0b001501 10004 100 131072 559010 20920 2898 5764
0b001401 0b001501 10003 100 131072 559010 20921 2898 5284
0b001401 0b001501 10002 100 131072 559010 20922 2898 4804
0b001401 0b001501 10001 100 131072 559010 20933 2898 4324
0b001601 0b001701 10006 100 131072 559010 21013 2898 6726
0b001601 0b001701 10005 100 131072 559010 21014 2898 6246
0b001e01 0b001f01 10006 100 131072 559010 21012 2898 6734
0b001601 0b001701 10004 100 131072 559010 21015 2898 5766
0b001d01 0b001e01 10006 100 131072 559010 21013 2898 7213
0b001601 0b001701 10003 100 131072 559010 21016 2898 5286
0b001e01 0b001f01 10005 100 131072 559010 21013 2898 6254
0b001601 0b001701 10002 100 131072 559010 21017 2898 4806
0b001d01 0b001e01 10005 100 131072 559010 21014 2898 6253
0b001601 0b001701 10001 100 131072 559010 21018 2898 4326
0b001e01 0b001f01 10004 100 131072 559010 21014 2898 5774
0b001e01 0b001f01 10003 100 131072 559010 21015 2898 5294
0b001f01 0b001801 10006 100 131072 559010 21027 2898 7215
0b001f01 0b001801 10005 100 131072 559010 21028 2898 6735
0b001601 0b001701 10000 100 131072 559010 21040 2898 3846
0b001801 0b001901 10000 100 131072 559010 21029 2898 3848
0b001f01 0b001801 10004 100 131072 559010 21029 2898 6255
0b001801 0b001901 10006 100 131072 559010 21030 2898 7208
0b001f01 0b001801 10003 100 131072 559010 21030 2898 5775
0b001801 0b001901 10005 100 131072 559010 21031 2898 6728
0b001f01 0b001801 10002 100 131072 559010 21031 2898 5295
0b001f01 0b001801 10001 100 131072 559010 21032 2898 4815
0b001f01 0b001801 10000 100 131072 559010 21033 2898 4335
0b001d01 0b001e01 10004 100 131072 559010 21036 2898 5773
0b001e01 0b001f01 10002 100 131072 559010 21037 2898 4814
0b001d01 0b001e01 10003 100 131072 559010 21037 2898 5293
0b001e01 0b001f01 10001 100 131072 559010 21038 2898 4334
0b001d01 0b001e01 10002 100 131072 559010 21038 2898 4813
0b001e01 0b001f01 10000 100 131072 559010 21039 2898 3854
0b001801 0b001901 10004 100 131072 559010 21055 2898 6248
0b001801 0b001901 10003 100 131072 559010 21056 2898 5768
0b001801 0b001901 10002 100 131072 559010 21057 2898 5288
0b001d01 0b001e01 10001 100 131072 559010 21060 2898 4333
0b001d01 0b001e01 10000 100 131072 559010 21061 2898 3853
0b001801 0b001901 10001 100 131072 559010 21079 2898 4808
0b001501 0b001601 10006 100 131072 559010 21720 2898 7205
0b001501 0b001601 10005 100 131072 559010 21742 2898 6245
0b001501 0b001601 10004 100 131072 559010 21764 2898 5765
0b001501 0b001601 10003 100 131072 559010 21765 2898 5285
0b001501 0b001601 10002 100 131072 559010 21766 2898 4805
0b001501 0b001601 10001 100 131072 559010 21767 2898 4325
0b001501 0b001601 10000 100 131072 559010 21768 2898 3845
0b001401 0b001501 10007 100 131072 574234 7937 2898 5780
0b000a01 0b000b01 10007 100 131072 577540 4649 2898 986
0b001601 0b001701 10007 100 131072 574307 7900 2898 6742
0b001501 0b001601 10007 100 131072 574325 7890 2898 6261
0b001e01 0b001f01 10007 100 131072 574305 7903 2898 6750
0b001b01 0b001c01 10007 100 131072 577562 4646 2898 5307
0b001a01 0b001b01 10007 100 131072 577559 4649 2898 4826
0b001901 0b001a01 10007 100 131072 577541 4667 2898 4345
0b001801 0b001901 10007 100 131072 574172 8037 2898 3864
0b001f01 0b001801 10007 100 131072 574264 7947 2898 7231
0b001d01 0b001e01 10007 100 131072 574348 7866 2898 6269
0b001c01 0b001d01 10007 100 131072 577559 4656 2898 5788
0b000801 0b000901 10007 100 131072 579827 3019 2898 24
0b000901 0b000a01 10007 100 131072 579828 5656 2898 505
0b001c01 0b001501 10001 100 131072 582587 7663 6838 6268
0b001d01 0b001601 10001 100 131072 582587 9204 6838 6749
0b001e01 0b001701 10001 100 131072 583033 8933 6838 7230
0b001501 0b001e01 10001 100 131072 582939 9271 6838 6741
0b001b01 0b001401 10001 100 131072 582588 9602 6838 5787
0b001701 0b001801 10001 100 131072 583060 9620 6838 3863
0b001601 0b001f01 10001 100 131072 583740 8990 6838 7222
0b000901 0b000201 10001 100 131072 582296 15083 15174 985
0b000a01 0b000301 10001 100 131072 582334 15083 15174 1466
0b000b01 0b000401 10001 100 131072 582568 15083 15174 1947
0b001a01 0b001301 10001 100 131072 582575 15094 15174 5306
0b001401 0b001501 10008 100 131072 595200 3031 2898 5796
0b001801 0b001101 10001 100 131072 583053 15083 15174 4344
0b001f01 0b001001 10001 100 131072 583059 15083 15174 3871
0b001901 0b001201 10001 100 131072 583099 15099 15174 4825
0b000901 0b000a01 10008 100 131072 582283 20157 2898 25
0b000901 0b000a01 10009 100 131072 582285 20156 2898 3385
0b000901 0b000a01 10010 100 131072 582287 20176 2898 2905
0b000901 0b000a01 10011 100 131072 582289 20175 2898 2425
0b000901 0b000a01 10012 100 131072 582291 20174 2898 1945
0b000901 0b000a01 10013 100 131072 582294 20172 2898 1465
0b000a01 0b000b01 10008 100 131072 582330 20157 2898 3386
0b000a01 0b000b01 10009 100 131072 582331 20157 2898 2906
0b000a01 0b000b01 10010 100 131072 582332 20157 2898 2426
0b000a01 0b000b01 10011 100 131072 582333 20157 2898 1946
0b000a01 0b000b01 10012 100 131072 582335 20156 2898 506
0b000a01 0b000b01 10013 100 131072 582336 20156 2898 26
0b001a01 0b001b01 10008 100 131072 582571 19866 2898 7226
0b001a01 0b001b01 10009 100 131072 582572 19866 2898 6746
0b001a01 0b001b01 10010 100 131072 582573 19887 2898 6266
0b001a01 0b001b01 10011 100 131072 582574 19887 2898 5786
0b001a01 0b001b01 10012 100 131072 582597 19865 2898 4346
0b001a01 0b001b01 10013 100 131072 582598 19865 2898 3866
0b001d01 0b001e01 10008 100 131072 582585 19881 2898 3869
0b001d01 0b001e01 10009 100 131072 582586 19881 2898 7229
0b001d01 0b001e01 10010 100 131072 582588 19880 2898 5789
0b001c01 0b001d01 10008 100 131072 582585 19884 2898 7228
0b001d01 0b001e01 10011 100 131072 582589 19880 2898 5309
0b001c01 0b001d01 10009 100 131072 582586 19884 2898 6748
0b001d01 0b001e01 10012 100 131072 582590 19880 2898 4829
0b001c01 0b001d01 10010 100 131072 582588 19883 2898 5308
0b001d01 0b001e01 10013 100 131072 582591 19880 2898 4349
0b001c01 0b001d01 10011 100 131072 582589 19883 2898 4828
0b001c01 0b001d01 10012 100 131072 582590 19904 2898 4348
0b001b01 0b001c01 10008 100 131072 582585 19910 2898 7227
0b001c01 0b001d01 10013 100 131072 582591 19904 2898 3868
0b001b01 0b001c01 10009 100 131072 582586 19910 2898 6747
0b001b01 0b001c01 10010 100 131072 582587 19910 2898 6267
0b001b01 0b001c01 10011 100 131072 582589 19909 2898 4827
0b001b01 0b001c01 10012 100 131072 582590 19909 2898 4347
0b001b01 0b001c01 10013 100 131072 582591 19930 2898 3867
0b000a01 0b000b01 10014 100 131072 588494 14467 2898 522
0b000901 0b000a01 10014 100 131072 585856 17128 2898 41
0b001c01 0b001d01 10014 100 131072 585218 17680 2898 5324
0b001b01 0b001c01 10014 100 131072 585218 17682 2898 4843
0b001a01 0b001b01 10014 100 131072 585218 17686 2898 4362
0b001d01 0b001e01 10014 100 131072 585225 17688 2898 5805
0b001901 0b001a01 10008 100 131072 583049 19956 2898 3865
0b001901 0b001a01 10009 100 131072 583050 19956 2898 7225
0b001901 0b001a01 10010 100 131072 583051 19977 2898 6745
0b001901 0b001a01 10011 100 131072 583075 19954 2898 6265
0b001901 0b001a01 10012 100 131072 583076 19954 2898 5785
0b001901 0b001a01 10013 100 131072 583077 19954 2898 5305
0b001901 0b001a01 10014 100 131072 585219 18165 2898 3881
0b001801 0b001901 10008 100 131072 583047 20988 2898 7224
0b001801 0b001901 10009 100 131072 583048 20988 2898 6744
0b001801 0b001901 10010 100 131072 583049 20988 2898 6264
0b001801 0b001901 10011 100 131072 583050 20988 2898 5784
0b001801 0b001901 10012 100 131072 583051 20988 2898 5304
0b001801 0b001901 10013 100 131072 583052 21009 2898 4824
0b001f01 0b001801 10008 100 131072 583032 21035 2898 6751
0b001f01 0b001801 10009 100 131072 583033 21056 2898 6271
0b001f01 0b001801 10010 100 131072 583034 21056 2898 5791
0b001f01 0b001801 10011 100 131072 583035 21056 2898 5311
0b001f01 0b001801 10012 100 131072 583057 21035 2898 4831
0b001f01 0b001801 10013 100 131072 583058 21035 2898 4351
0b001e01 0b001f01 10008 100 131072 583034 21068 2898 6270
0b001e01 0b001f01 10009 100 131072 583056 21047 2898 5790
0b001e01 0b001f01 10010 100 131072 583057 21047 2898 5310
0b001e01 0b001f01 10011 100 131072 583058 21047 2898 4830
0b001e01 0b001f01 10012 100 131072 583080 21026 2898 4350
0b001e01 0b001f01 10013 100 131072 583081 21026 2898 3870
0b001501 0b001601 10008 100 131072 582937 21427 2898 3861
0b001501 0b001601 10009 100 131072 582938 21427 2898 7221
0b001501 0b001601 10010 100 131072 582940 21426 2898 5781
0b001501 0b001601 10011 100 131072 582941 21426 2898 5301
0b001501 0b001601 10012 100 131072 582942 21426 2898 4821
0b001501 0b001601 10013 100 131072 582953 21416 2898 4341
0b001801 0b001901 10014 100 131072 585221 19547 2898 7240
0b001e01 0b001f01 10014 100 131072 585224 19590 2898 6286
0b001f01 0b001801 10014 100 131072 585218 19624 2898 6767
0b001501 0b001601 10014 100 131072 585181 20302 2898 5797
0b001601 0b001701 10008 100 131072 583762 22191 2898 6262
0b001601 0b001701 10009 100 131072 583784 22170 2898 5782
0b001601 0b001701 10010 100 131072 583785 22170 2898 5302
0b001601 0b001701 10011 100 131072 583786 22170 2898 4822
0b001601 0b001701 10012 100 131072 583787 22191 2898 4342
0b001601 0b001701 10013 100 131072 583788 22191 2898 3862
0b001801 0b001901 10015 100 131072 595690 10555 2898 3880
0b001601 0b001701 10014 100 131072 585225 21260 2898 6278
0b001f01 0b001801 10015 100 131072 595740 10641 2898 7247
0b001601 0b001701 10015 100 131072 594801 13093 2898 6758
0b001501 0b001601 10015 100 131072 593260 14650 2898 6277
0b001501 0b001601 10016 100 131072 601241 7683 2898 5813
0b001e01 0b001f01 10015 100 131072 595220 14095 2898 6766
0b001c01 0b001501 10002 100 131072 605507 6990 6838 6284
0b001d01 0b001601 10002 100 131072 605480 7658 6838 6765
0b001e01 0b001701 10002 100 131072 605477 8687 6838 7246
0b001b01 0b001401 10002 100 131072 605471 9661 6838 5803
0b001601 0b001f01 10002 100 131072 607375 7801 6838 7238
0b001701 0b001801 10002 100 131072 608989 7901 6838 3879
0b001501 0b001601 10017 100 131072 615507 3037 2898 6293
0b000a01 0b000301 10002 100 131072 605476 15083 15174 1482
0b000b01 0b000401 10002 100 131072 605500 15096 15174 1963
0b001401 0b001501 10009 100 131072 618142 2907 2898 5812
0b001a01 0b001301 10002 100 131072 606041 15085 15174 5322
0b001901 0b001201 10002 100 131072 607071 15083 15174 4841
0b000a01 0b000b01 10015 100 131072 605450 16735 2898 42
0b000a01 0b000b01 10016 100 131072 605451 16735 2898 3402
0b000a01 0b000b01 10017 100 131072 605473 16714 2898 2922
0b000a01 0b000b01 10018 100 131072 605474 16714 2898 2442
0b000a01 0b000b01 10019 100 131072 605475 16714 2898 1962
0b001801 0b001101 10002 100 131072 607103 15083 15174 4360
0b001f01 0b001001 10002 100 131072 607117 15083 15174 3887
0b000a01 0b000b01 10020 100 131072 605994 16306 2898 58
0b001b01 0b001c01 10015 100 131072 605447 17401 2898 7243
0b001b01 0b001c01 10016 100 131072 605448 17401 2898 6763
0b001b01 0b001c01 10017 100 131072 605470 17380 2898 6283
0b001b01 0b001c01 10018 100 131072 605472 17379 2898 4363
0b001b01 0b001c01 10019 100 131072 605473 17379 2898 3883
0b001c01 0b001d01 10015 100 131072 605505 17349 2898 7244
0b001c01 0b001d01 10016 100 131072 605506 17350 2898 6764
0b001c01 0b001d01 10017 100 131072 605508 17350 2898 4844
0b001c01 0b001d01 10018 100 131072 605509 17351 2898 4364
0b001d01 0b001e01 10015 100 131072 605479 17382 2898 7245
0b001c01 0b001d01 10019 100 131072 605531 17331 2898 3884
0b001d01 0b001e01 10016 100 131072 605481 17381 2898 5325
0b001d01 0b001e01 10017 100 131072 605482 17381 2898 4845
0b001d01 0b001e01 10018 100 131072 605504 17360 2898 4365
0b001d01 0b001e01 10019 100 131072 605505 17360 2898 3885
0b001d01 0b001e01 10020 100 131072 605908 17007 2898 5341
0b001c01 0b001d01 10020 100 131072 605910 17030 2898 4860
0b001b01 0b001c01 10020 100 131072 605914 17027 2898 4379
0b001a01 0b001b01 10015 100 131072 606015 17361 2898 3882
0b001a01 0b001b01 10016 100 131072 606016 17361 2898 7242
0b001a01 0b001b01 10017 100 131072 606038 17340 2898 6762
0b001a01 0b001b01 10018 100 131072 606039 17340 2898 6282
0b001a01 0b001b01 10019 100 131072 606040 17340 2898 5802
0b001e01 0b001f01 10016 100 131072 605476 17948 2898 3886
0b001e01 0b001f01 10017 100 131072 605478 17947 2898 5806
0b001e01 0b001f01 10018 100 131072 605479 17947 2898 5326
0b001e01 0b001f01 10019 100 131072 605480 17947 2898 4846
0b001e01 0b001f01 10020 100 131072 605481 17947 2898 4366
0b001a01 0b001b01 10020 100 131072 606394 17053 2898 3898
0b001e01 0b001f01 10021 100 131072 605923 17572 2898 5822
0b001501 0b001601 10018 100 131072 624059 3021 2898 5829
0b001901 0b001a01 10015 100 131072 607045 19793 2898 7241
0b001901 0b001a01 10016 100 131072 607046 19814 2898 6761
0b001901 0b001a01 10017 100 131072 607047 19814 2898 6281
0b001901 0b001a01 10018 100 131072 607048 19814 2898 5801
0b001901 0b001a01 10019 100 131072 607049 19814 2898 5321
0b001901 0b001a01 10020 100 131072 607778 19350 2898 7257
0b001901 0b001a01 10021 100 131072 609255 18116 2898 3897
0b001801 0b001901 10016 100 131072 607077 20724 2898 6760
0b001801 0b001901 10017 100 131072 607099 20857 2898 6280
0b001801 0b001901 10018 100 131072 607100 20857 2898 5800
0b001801 0b001901 10019 100 131072 607101 20857 2898 5320
0b001801 0b001901 10020 100 131072 607102 20857 2898 4840
0b001f01 0b001801 10016 100 131072 607112 21142 2898 6287
0b001f01 0b001801 10017 100 131072 607113 21142 2898 5807
0b001f01 0b001801 10018 100 131072 607114 21142 2898 5327
0b001f01 0b001801 10019 100 131072 607115 21163 2898 4847
0b001f01 0b001801 10020 100 131072 607116 21163 2898 4367
0b001801 0b001901 10021 100 131072 607852 20514 2898 6776
0b001801 0b001901 10022 100 131072 609391 19504 2898 7256
0b001f01 0b001801 10021 100 131072 607824 21512 2898 6303
0b001801 0b001901 10023 100 131072 619900 10494 2898 3896
0b001601 0b001701 10016 100 131072 607374 23334 2898 3878
0b001601 0b001701 10017 100 131072 607376 23333 2898 5798
0b001601 0b001701 10018 100 131072 607377 23333 2898 5318
0b001601 0b001701 10019 100 131072 607378 23333 2898 4838
0b001601 0b001701 10020 100 131072 607379 23333 2898 4358
0b001601 0b001701 10021 100 131072 608493 23502 2898 5814
0b001d01 0b001601 10003 100 131072 625866 6853 6838 6781
0b001e01 0b001701 10003 100 131072 625871 6852 6838 7262
0b001c01 0b001501 10003 100 131072 625860 6997 6838 6300
0b001601 0b001701 10022 100 131072 610920 23094 2898 6294
0b001601 0b001701 10023 100 131072 611934 22676 2898 5830
0b001f01 0b001801 10022 100 131072 612325 22206 2898 6783
0b001b01 0b001401 10003 100 131072 626390 8514 6838 5819
0b001601 0b001701 10024 100 131072 616148 20165 2898 6774
0b000b01 0b000c01 10006 100 131072 559010 79031 11234 3371
0b000b01 0b000c01 10005 100 131072 559010 79035 11234 2891
0b000b01 0b000c01 10004 100 131072 559010 79039 11234 2411
0b000b01 0b000c01 10003 100 131072 559010 79043 11234 1451
0b000b01 0b000c01 10002 100 131072 559010 79047 11234 971
0b000b01 0b000c01 10001 100 131072 559010 79135 11234 491
0b000b01 0b000c01 10000 100 131072 559010 79139 11234 11
0b001601 0b001701 10025 100 131072 621554 16650 2898 6310
0b001501 0b001601 10019 100 131072 635867 3063 2898 6309
0b001f01 0b001801 10023 100 131072 618186 21362 2898 7263
0b001601 0b001701 10026 100 131072 630090 9701 2898 5846
0b001701 0b001001 10006 100 131072 559010 80822 11234 7207
0b001701 0b001001 10005 100 131072 559010 80907 11234 6727
0b001701 0b001001 10004 100 131072 559010 80929 11234 6247
0b001701 0b001001 10003 100 131072 559010 80930 11234 5767
0b001701 0b001001 10002 100 131072 559010 80931 11234 5287
0b001701 0b001001 10001 100 131072 559010 80932 11234 4807
0b001701 0b001001 10000 100 131072 559010 80933 11234 4327
0b000b01 0b000401 10003 100 131072 625199 15083 15174 1979
0b001d01 0b001e01 10021 100 131072 625864 14509 2898 7261
0b001d01 0b001e01 10022 100 131072 625868 14507 2898 4861
0b001d01 0b001e01 10023 100 131072 625870 14507 2898 4381
0b001d01 0b001e01 10024 100 131072 625872 14507 2898 3901
0b001d01 0b001e01 10025 100 131072 625950 14453 2898 4877
0b001e01 0b001f01 10022 100 131072 625872 14549 2898 5342
0b001e01 0b001f01 10023 100 131072 625873 14549 2898 4862
0b001e01 0b001f01 10024 100 131072 625874 14549 2898 4382
0b001e01 0b001f01 10025 100 131072 625875 14549 2898 3902
0b001e01 0b001f01 10026 100 131072 625925 14500 2898 5358
0b001701 0b001801 10003 100 131072 633718 6853 6838 3895
0b001c01 0b001d01 10021 100 131072 625858 14673 2898 7260
0b001c01 0b001d01 10022 100 131072 625859 14673 2898 6780
0b001c01 0b001d01 10023 100 131072 625861 14693 2898 4380
0b001c01 0b001d01 10024 100 131072 625862 14693 2898 3900
0b001c01 0b001d01 10025 100 131072 625951 14627 2898 4396
0b001401 0b001501 10010 100 131072 637914 2918 2898 5828
0b001601 0b001701 10027 100 131072 635729 5319 2898 6790
0b001b01 0b001c01 10021 100 131072 626386 14577 2898 3899
0b001b01 0b001c01 10022 100 131072 626387 14577 2898 7259
0b001b01 0b001c01 10023 100 131072 626388 14577 2898 6779
0b001b01 0b001c01 10024 100 131072 626389 14577 2898 6299
0b001b01 0b001c01 10025 100 131072 626457 14510 2898 3915
0b001f01 0b001001 10003 100 131072 626434 15083 15174 3903
0b001601 0b001701 10028 100 131072 641940 2964 2898 6326
0b001a01 0b001301 10003 100 131072 629873 15083 15174 5338
0b001f01 0b001801 10024 100 131072 626435 19046 2898 5823
0b001f01 0b001801 10025 100 131072 626436 19046 2898 5343
0b001f01 0b001801 10026 100 131072 626437 19046 2898 4863
0b001f01 0b001801 10027 100 131072 626438 19067 2898 4383
0b001f01 0b001801 10028 100 131072 626505 19001 2898 5839
0b001901 0b001201 10003 100 131072 630969 15083 15174 4857
0b001801 0b001101 10003 100 131072 631289 15103 15174 4376
0b001501 0b001601 10020 100 131072 643842 2922 2898 5845
0b001a01 0b001b01 10021 100 131072 629848 17119 2898 7258
0b001a01 0b001b01 10022 100 131072 629870 17208 2898 6778
0b001a01 0b001b01 10023 100 131072 629871 17208 2898 6298
0b001a01 0b001b01 10024 100 131072 629872 17208 2898 5818
0b001a01 0b001b01 10025 100 131072 630138 17075 2898 7274
0b001a01 0b001b01 10026 100 131072 630381 16898 2898 3914
0b001701 0b001001 10007 100 131072 574266 74027 11234 7223
0b000f01 0b000801 10006 100 131072 559010 89257 11234 3375
0b000f01 0b000801 10005 100 131072 559010 89261 11234 2895
0b000f01 0b000801 10004 100 131072 559010 89265 11234 2415
0b000501 0b000601 10006 100 131072 559010 89278 11294 3365
0b000501 0b000601 10005 100 131072 559010 89282 11294 2405
0b000f01 0b000801 10003 100 131072 559010 89269 11234 1935
0b000501 0b000601 10004 100 131072 559010 89286 11294 1925
0b000f01 0b000801 10002 100 131072 559010 89273 11234 1455
0b000f01 0b000801 10001 100 131072 559010 89277 11234 975
0b000f01 0b000801 10000 100 131072 559010 89281 11234 495
0b000d01 0b000e01 10006 100 131072 559010 89282 11294 3373
0b000b01 0b000c01 10007 100 131072 577541 70752 11234 1467
0b000701 0b000001 10006 100 131072 559010 89341 11294 3367
0b000601 0b000701 10006 100 131072 559010 89341 11294 2886
0b000d01 0b000e01 10005 100 131072 559010 89286 11294 2413
0b000001 0b000101 10000 100 131072 559010 89341 11294 0
0b000701 0b000001 10005 100 131072 559010 89345 11294 2887
0b000d01 0b000e01 10004 100 131072 559010 89290 11294 1933
0b000601 0b000701 10005 100 131072 559010 89345 11294 2406
0b000001 0b000101 10006 100 131072 559010 89345 11294 3360
0b000701 0b000001 10004 100 131072 559010 89349 11294 2407
0b000601 0b000701 10004 100 131072 559010 89349 11294 1926
0b000001 0b000101 10005 100 131072 559010 89349 11294 2880
0b000001 0b000101 10004 100 131072 559010 89353 11294 2400
0b000e01 0b000f01 10006 100 131072 559010 89341 11294 2894
0b000e01 0b000f01 10005 100 131072 559010 89345 11294 2414
0b000001 0b000101 10003 100 131072 559010 89357 11294 1920
0b000d01 0b000e01 10003 100 131072 559010 89378 11294 1453
0b000001 0b000101 10002 100 131072 559010 89361 11294 1440
0b000d01 0b000e01 10002 100 131072 559010 89382 11294 973
0b000d01 0b000e01 10001 100 131072 559010 89386 11294 493
0b000001 0b000101 10001 100 131072 559010 89365 11294 960
0b000d01 0b000e01 10000 100 131072 559010 89390 11294 13
0b000501 0b000601 10003 100 131072 559010 89374 11294 1445
0b000501 0b000601 10002 100 131072 559010 89378 11294 965
0b000e01 0b000f01 10004 100 131072 559010 89433 11294 1934
0b000e01 0b000f01 10003 100 131072 559010 89437 11294 1454
0b000e01 0b000f01 10002 100 131072 559010 89441 11294 974
0b000e01 0b000f01 10001 100 131072 559010 89445 11294 494
0b000701 0b000001 10003 100 131072 559010 89437 11294 1927
0b000601 0b000701 10003 100 131072 559010 89437 11294 1446
0b000e01 0b000f01 10000 100 131072 559010 89449 11294 14
0b000701 0b000001 10002 100 131072 559010 89441 11294 1447
0b000601 0b000701 10002 100 131072 559010 89441 11294 966
0b000701 0b000001 10001 100 131072 559010 89445 11294 967
0b000601 0b000701 10001 100 131072 559010 89445 11294 486
0b000701 0b000001 10000 100 131072 559010 89449 11294 487
0b000601 0b000701 10000 100 131072 559010 89449 11294 6
0b000501 0b000601 10001 100 131072 559010 89466 11294 485
0b000501 0b000601 10000 100 131072 559010 89470 11294 5
0b000101 0b000201 10006 100 131072 559010 89981 11294 3361
0b000101 0b000201 10005 100 131072 559010 89985 11294 2881
0b001801 0b001901 10024 100 131072 631264 17457 2898 6296
0b001801 0b001901 10025 100 131072 631265 17457 2898 5816
0b001801 0b001901 10026 100 131072 631266 17457 2898 5336
0b001801 0b001901 10027 100 131072 631288 17436 2898 4856
0b000101 0b000201 10004 100 131072 559010 90073 11294 2401
0b000101 0b000201 10003 100 131072 559010 90077 11294 1921
0b000101 0b000201 10002 100 131072 559010 90081 11294 1441
0b000101 0b000201 10001 100 131072 559010 90085 11294 481
0b000101 0b000201 10000 100 131072 559010 90089 11294 1
0b001901 0b001a01 10022 100 131072 630811 18648 2898 6777
0b001e01 0b001701 10004 100 131072 643383 6844 6838 7278
0b001901 0b001a01 10023 100 131072 630966 19418 2898 6297
0b001901 0b001a01 10024 100 131072 630967 19418 2898 5817
0b001901 0b001a01 10025 100 131072 630968 19418 2898 5337
0b001d01 0b001601 10004 100 131072 643542 6885 6838 6797
0b001901 0b001a01 10026 100 131072 631376 19277 2898 6793
0b001801 0b001901 10028 100 131072 632346 18424 2898 6312
0b001901 0b001a01 10027 100 131072 631905 18969 2898 7273
0b001901 0b001a01 10028 100 131072 633404 17713 2898 3913
0b000101 0b000201 10007 100 131072 577115 74474 11294 497
0b000f01 0b000801 10007 100 131072 581530 70017 11234 3391
0b000701 0b000001 10007 100 131072 581653 69978 11294 3383
0b000d01 0b000e01 10007 100 131072 581555 70017 11294 2429
0b000501 0b000601 10007 100 131072 581513 70139 11294 2421
0b000001 0b000101 10007 100 131072 581658 70019 11294 16
0b001c01 0b001501 10004 100 131072 643976 7599 6838 6316
0b000e01 0b000f01 10007 100 131072 581525 70598 11294 2910
0b000601 0b000701 10007 100 131072 581543 70578 11294 2902
0b001601 0b001701 10029 100 131072 649774 2920 2898 5862
0b001e01 0b001f01 10027 100 131072 643385 11691 2898 4878
0b001e01 0b001f01 10028 100 131072 643387 11690 2898 4398
0b001e01 0b001f01 10029 100 131072 643389 11710 2898 3918
0b001e01 0b001f01 10030 100 131072 643413 11687 2898 4894
0b001d01 0b001e01 10026 100 131072 643541 11865 2898 7277
0b001d01 0b001e01 10027 100 131072 643564 11930 2898 4397
0b001d01 0b001e01 10028 100 131072 643565 11930 2898 3917
0b001d01 0b001e01 10029 100 131072 643588 11908 2898 4413
0b001c01 0b001d01 10026 100 131072 643973 11769 2898 3916
0b001c01 0b001d01 10027 100 131072 643974 11769 2898 7276
0b001c01 0b001d01 10028 100 131072 643975 11769 2898 6796
0b001c01 0b001d01 10029 100 131072 643983 11762 2898 3932
0b001f01 0b001801 10029 100 131072 643431 12785 2898 5359
0b001f01 0b001801 10030 100 131072 643432 12785 2898 4879
0b001f01 0b001801 10031 100 131072 643433 12785 2898 4399
0b001f01 0b001801 10032 100 131072 643441 12778 2898 5375
0b001601 0b001701 10030 100 131072 653437 3043 2898 6806
0b000c01 0b000501 10001 100 131072 641059 15924 15234 2428
0b001b01 0b001401 10004 100 131072 650090 6912 6838 5835
0b000201 0b000301 10006 100 131072 559010 98301 11294 3362
0b000201 0b000301 10005 100 131072 559010 98305 11294 2882
0b000201 0b000301 10004 100 131072 559010 98393 11294 2402
0b000201 0b000301 10003 100 131072 559010 98397 11294 1922
0b000201 0b000301 10002 100 131072 559010 98401 11294 962
0b000201 0b000301 10001 100 131072 559010 98405 11294 482
0b000201 0b000301 10000 100 131072 559010 98409 11294 2
0b001501 0b001601 10021 100 131072 654585 2957 2898 6325
0b001801 0b001901 10029 100 131072 637541 20226 2898 6792
0b000301 0b000401 10006 100 131072 559010 99573 11294 3363
0b000301 0b000401 10005 100 131072 559010 99577 11294 2883
0b000301 0b000401 10004 100 131072 559010 99665 11294 2403
0b000301 0b000401 10003 100 131072 559010 99669 11294 1443
0b000301 0b000401 10002 100 131072 559010 99673 11294 963
0b000301 0b000401 10001 100 131072 559010 99677 11294 483
0b000301 0b000401 10000 100 131072 559010 99681 11294 3
0b001f01 0b001001 10004 100 131072 643434 15424 15174 3919
0b001101 0b001201 10006 100 131072 559010 100122 11294 7201
0b001101 0b001201 10005 100 131072 559010 100126 11294 6721
0b001101 0b001201 10004 100 131072 559010 100130 11294 6241
0b001101 0b001201 10003 100 131072 559010 100218 11294 5761
0b001101 0b001201 10002 100 131072 559010 100222 11294 5281
0b001101 0b001201 10001 100 131072 559010 100226 11294 4321
0b001101 0b001201 10000 100 131072 559010 100230 11294 3841
0b001201 0b001301 10006 100 131072 559010 100253 11294 7202
0b001201 0b001301 10005 100 131072 559010 100257 11294 6722
0b001201 0b001301 10004 100 131072 559010 100261 11294 6242
0b001201 0b001301 10003 100 131072 559010 100265 11294 5762
0b001201 0b001301 10002 100 131072 559010 100269 11294 4802
0b001201 0b001301 10001 100 131072 559010 100273 11294 4322
0b001201 0b001301 10000 100 131072 559010 100361 11294 3842
0b001301 0b001401 10006 100 131072 559010 100453 11234 7203
0b001301 0b001401 10005 100 131072 559010 100457 11234 6723
0b001301 0b001401 10004 100 131072 559010 100461 11234 6243
0b001301 0b001401 10003 100 131072 559010 100465 11234 5283
0b001301 0b001401 10002 100 131072 559010 100469 11234 4803
0b001301 0b001401 10001 100 131072 559010 100473 11234 4323
0b001301 0b001401 10000 100 131072 559010 100477 11234 3843
0b000401 0b000501 10000 100 131072 559010 101157 11294 4
0b000401 0b000501 10006 100 131072 559010 101161 11294 3364
0b000401 0b000501 10005 100 131072 559010 101165 11294 2884
0b000401 0b000501 10004 100 131072 559010 101169 11294 1924
0b000401 0b000501 10003 100 131072 559010 101173 11294 1444
0b000401 0b000501 10002 100 131072 559010 101177 11294 964
0b000401 0b000501 10001 100 131072 559010 101181 11294 484
0b001001 0b001901 10001 100 131072 642953 17659 15174 4336
0b001901 0b001a01 10029 100 131072 651731 11546 2898 6313
0b001901 0b001a01 10030 100 131072 651732 11546 2898 5833
0b001901 0b001a01 10031 100 131072 651733 11546 2898 5353
0b001601 0b001701 10031 100 131072 660552 2914 2898 6342
0b001801 0b001101 10004 100 131072 648515 15188 15174 4392
0b001b01 0b001c01 10026 100 131072 649977 13900 2898 7275
0b001b01 0b001c01 10027 100 131072 650088 14230 2898 6795
0b001b01 0b001c01 10028 100 131072 650089 14230 2898 6315
0b001b01 0b001c01 10029 100 131072 650223 14185 2898 7291
0b001b01 0b001c01 10030 100 131072 650289 14120 2898 3931
0b001801 0b001901 10030 100 131072 642558 21979 2898 7272
0b001401 0b001501 10011 100 131072 660012 4946 2898 5844
0b001a01 0b001b01 10027 100 131072 652469 12412 2898 6794
0b001901 0b001a01 10032 100 131072 653780 11262 2898 6329
0b001801 0b001901 10031 100 131072 643581 22013 2898 3912
0b001d01 0b001601 10005 100 131072 658754 7000 6838 6813
0b001e01 0b001701 10005 100 131072 658416 8291 6838 7294
0b000101 0b000a01 10001 100 131072 651385 15486 15174 977
0b000001 0b000901 10001 100 131072 651469 15561 15174 496
0b001f01 0b001801 10033 100 131072 658086 8805 2898 4895
0b000801 0b000101 10001 100 131072 651301 15835 15174 504
0b001f01 0b001801 10034 100 131072 658087 8805 2898 4415
0b001f01 0b001801 10035 100 131072 658110 8783 2898 4911
0b001901 0b001201 10004 100 131072 651734 15173 15174 4873
0b000201 0b000b01 10001 100 131072 652101 15078 15174 1458
0b000701 0b000801 10001 100 131072 651469 15963 15174 23
0b001e01 0b001f01 10031 100 131072 658504 8964 2898 4414
0b001e01 0b001f01 10032 100 131072 658505 8964 2898 3934
0b001e01 0b001f01 10033 100 131072 658514 8956 2898 4430
0b001d01 0b001e01 10030 100 131072 658752 8800 2898 3933
0b001d01 0b001e01 10031 100 131072 658753 8800 2898 7293
0b001d01 0b001e01 10032 100 131072 658762 8792 2898 3949
0b000601 0b000f01 10001 100 131072 651298 16644 15234 3382
0b000e01 0b000701 10001 100 131072 651302 16821 15234 3390
0b000f01 0b000001 10001 100 131072 651469 17025 15234 31
0b001a01 0b001301 10004 100 131072 653396 15142 15174 5354
0b001901 0b001a01 10033 100 131072 660777 8224 2898 6809
0b001801 0b001901 10032 100 131072 648491 21543 2898 5832
0b001801 0b001901 10033 100 131072 648492 21543 2898 5352
0b001801 0b001901 10034 100 131072 648493 21543 2898 4872
0b001801 0b001901 10035 100 131072 648516 21521 2898 5848
0b001101 0b001201 10007 100 131072 577136 92932 11294 4337
0b001401 0b001d01 10001 100 131072 662481 7638 6838 6260
0b000801 0b000901 10008 100 131072 651277 19081 2898 3384
0b000801 0b000901 10009 100 131072 651281 19078 2898 2904
0b000801 0b000901 10010 100 131072 651285 19075 2898 2424
0b000801 0b000901 10011 100 131072 651289 19072 2898 1944
0b000801 0b000901 10012 100 131072 651293 19089 2898 1464
0b000801 0b000901 10013 100 131072 651297 19086 2898 984
0b001b01 0b001c01 10031 100 131072 667891 3027 2898 6811
0b001501 0b001601 10022 100 131072 667968 3134 2898 5861
0b001a01 0b001b01 10028 100 131072 653394 17766 2898 6314
0b001a01 0b001b01 10029 100 131072 653395 17766 2898 5834
0b000801 0b000901 10014 100 131072 654557 16729 2898 3400
0b001901 0b001a01 10034 100 131072 663622 7716 2898 4361
0b001601 0b001701 10032 100 131072 668764 2988 2898 6822
0b001a01 0b001b01 10030 100 131072 653663 18027 2898 6810
0b001a01 0b001b01 10031 100 131072 653884 18027 2898 7290
0b001a01 0b001b01 10032 100 131072 654127 17961 2898 3930
0b000a01 0b000b01 10021 100 131072 669881 3011 2898 1002
0b000901 0b000a01 10015 100 131072 670040 3131 2898 521
0b001f01 0b001001 10005 100 131072 658109 15136 15174 3935
0b000801 0b000901 10015 100 131072 670442 3352 2898 40
0b001801 0b001101 10005 100 131072 659228 15420 15174 4408
0b001c01 0b001501 10005 100 131072 667329 7594 6838 6332
0b000301 0b000c01 10001 100 131072 660417 15169 15234 1939
0b001d01 0b001e01 10033 100 131072 673129 3081 2898 6285
0b001f01 0b001801 10036 100 131072 670478 5924 2898 4431
0b001f01 0b001801 10037 100 131072 670488 5915 2898 4447
0b001e01 0b001f01 10034 100 131072 670562 5883 2898 3950
0b001e01 0b001f01 10035 100 131072 670572 5875 2898 3966
0b001601 0b001701 10033 100 131072 674112 2923 2898 5878
0b001901 0b001a01 10035 100 131072 667547 9511 2898 7289
0b001e01 0b001701 10006 100 131072 670563 6853 6838 7310
0b001801 0b001901 10036 100 131072 659226 18384 2898 5368
0b001801 0b001901 10037 100 131072 659227 18384 2898 4888
0b001801 0b001901 10038 100 131072 659236 18376 2898 5384
0b000401 0b000d01 10001 100 131072 661685 15978 15234 2420
0b001c01 0b001d01 10030 100 131072 666887 10767 2898 7292
0b000301 0b000401 10007 100 131072 577115 100852 11294 1459
0b000501 0b000e01 10001 100 131072 663185 15273 15234 2901
0b001901 0b001a01 10036 100 131072 668604 9932 2898 3929
0b000a01 0b000b01 10022 100 131072 676181 3141 2898 538
0b001c01 0b001d01 10031 100 131072 667328 12087 2898 6812
0b001c01 0b001d01 10032 100 131072 667418 12130 2898 7308
0b001c01 0b001d01 10033 100 131072 667419 12130 2898 3948
0b001401 0b001501 10012 100 131072 662473 17249 2898 7220
0b001401 0b001501 10013 100 131072 662477 17246 2898 6740
0b001401 0b001501 10014 100 131072 662485 17239 2898 5300
0b001401 0b001501 10015 100 131072 662489 17236 2898 4820
0b001401 0b001501 10016 100 131072 662493 17233 2898 4340
0b001401 0b001501 10017 100 131072 662497 17230 2898 3860
0b001301 0b001c01 10001 100 131072 662285 17520 15174 5779
0b000201 0b000301 10007 100 131072 577115 103276 11294 978
0b001801 0b001901 10039 100 131072 669901 10530 2898 4904
0b001801 0b001901 10040 100 131072 669911 10521 2898 4920
0b001201 0b001b01 10001 100 131072 662242 18443 15174 5298
0b001501 0b001601 10023 100 131072 677933 2960 2898 6341
0b001b01 0b001401 10005 100 131072 674171 6869 6838 5851
0b001c01 0b001d01 10034 100 131072 673928 7315 2898 6828
0b001a01 0b001301 10005 100 131072 666289 15215 15174 5370
0b001301 0b001401 10007 100 131072 577136 104619 11234 5299
0b001e01 0b001f01 10036 100 131072 679220 2989 2898 6302
0b001a01 0b001b01 10033 100 131072 666287 16054 2898 6330
0b001a01 0b001b01 10034 100 131072 666288 16054 2898 5850
0b001201 0b001301 10007 100 131072 577136 105392 11294 4818
0b001101 0b001201 10008 100 131072 601146 81941 11294 4353
0b000401 0b000501 10007 100 131072 577115 106761 11294 1940
0b001a01 0b001b01 10035 100 131072 668052 15674 2898 6346
0b001b01 0b001c01 10032 100 131072 674170 9879 2898 6331
0b001d01 0b001e01 10034 100 131072 680664 4778 2898 7309
0b001901 0b001a01 10037 100 131072 673044 12437 2898 5849
0b001901 0b001a01 10038 100 131072 673045 12437 2898 5369
0b001901 0b001a01 10039 100 131072 673054 12429 2898 5865
0b001f01 0b001001 10006 100 131072 670479 15144 15174 3951
0b001801 0b001101 10006 100 131072 669902 15784 15174 4424
0b001c01 0b001d01 10035 100 131072 682815 3027 2898 5804
0b001a01 0b001b01 10036 100 131072 672011 14027 2898 6826
0b001b01 0b001c01 10033 100 131072 674700 11621 2898 6827
0b001b01 0b001c01 10034 100 131072 674921 11841 2898 7307
0b001601 0b001701 10034 100 131072 683903 3043 2898 6358
0b001b01 0b001c01 10035 100 131072 675098 11819 2898 3947
0b001a01 0b001b01 10037 100 131072 674348 13557 2898 4378
0b001f01 0b001801 10038 100 131072 685219 2876 2898 6319
0b001901 0b001201 10005 100 131072 673046 15199 15174 4889
0b000901 0b000201 10002 100 131072 673393 15101 15174 1001
0b001401 0b001501 10018 100 131072 684050 5158 2898 5860
0b001d01 0b001e01 10035 100 131072 682558 6768 2898 7325
0b001d01 0b001e01 10036 100 131072 682559 6769 2898 3965
0b001901 0b001a01 10040 100 131072 680620 8740 2898 5385
0b001901 0b001a01 10041 100 131072 680630 8731 2898 5401
0b001401 0b001501 10019 100 131072 684765 5178 2898 5316
0b001a01 0b001b01 10038 100 131072 680068 11063 2898 7306
0b001a01 0b001b01 10039 100 131072 681546 10312 2898 3946
0b000901 0b000a01 10016 100 131072 673368 18776 2898 3401
0b000901 0b000a01 10017 100 131072 673369 18777 2898 2921
0b000901 0b000a01 10018 100 131072 673370 18778 2898 2441
0b000901 0b000a01 10019 100 131072 673371 18779 2898 1961
0b000901 0b000a01 10020 100 131072 673392 18760 2898 1481
0b001d01 0b001e01 10037 100 131072 688852 3235 2898 5821
0b001b01 0b001401 10006 100 131072 685352 6903 6838 5867
0b000d01 0b000e01 10008 100 131072 680673 11767 11294 2445
0b001501 0b001e01 10002 100 131072 682733 9636 6838 6757
0b000901 0b000a01 10021 100 131072 674296 18194 2898 3417
0b000901 0b000a01 10022 100 131072 676804 16108 2898 57
0b001d01 0b001601 10006 100 131072 682425 10584 6838 6829
0b001801 0b001901 10041 100 131072 691105 2876 2898 6328
0b001c01 0b001501 10006 100 131072 687059 6953 6838 6348
0b001101 0b001201 10009 100 131072 625196 69699 11294 4369
0b001d01 0b001601 10007 100 131072 684253 10525 6838 6845
0b001e01 0b001f01 10037 100 131072 692338 2876 2898 3982
0b001e01 0b001701 10007 100 131072 688452 6954 6838 7326
0b001a01 0b001b01 10040 100 131072 688491 7372 2898 5866
0b001a01 0b001b01 10041 100 131072 688501 7363 2898 5882
0b001b01 0b001c01 10036 100 131072 683695 12530 2898 5323
0b001c01 0b001d01 10036 100 131072 689331 7895 2898 6844
0b001c01 0b001d01 10037 100 131072 689772 8377 2898 7324
0b001c01 0b001d01 10038 100 131072 689927 8289 2898 3964
0b001401 0b001501 10020 100 131072 695265 3013 2898 5876
0b001b01 0b001c01 10037 100 131072 685351 13234 2898 6347
0b001501 0b001601 10024 100 131072 682732 16265 2898 7237
0b001501 0b001601 10025 100 131072 682734 16264 2898 5317
0b001501 0b001601 10026 100 131072 682735 16264 2898 4837
0b001501 0b001601 10027 100 131072 682736 16264 2898 4357
0b001501 0b001601 10028 100 131072 682737 16264 2898 3877
0b001e01 0b001701 10008 100 131072 692336 6868 6838 7342
0b001901 0b001a01 10042 100 131072 696991 2876 2898 6345
0b001b01 0b001c01 10038 100 131072 686736 13344 2898 6363
0b001601 0b001701 10035 100 131072 696019 4243 2898 6838
0b001e01 0b001f01 10038 100 131072 695097 5354 2898 5838
0b001e01 0b001f01 10039 100 131072 695379 5347 2898 6782
0b001901 0b001201 10006 100 131072 680621 20782 15174 4905
0b001601 0b001701 10036 100 131072 697788 4298 2898 6854
0b001c01 0b001d01 10039 100 131072 699235 3254 2898 5340
0b000301 0b000401 10008 100 131072 600427 102985 11294 1475
0b001b01 0b001c01 10039 100 131072 689048 14099 2898 6843
0b001a01 0b001301 10006 100 131072 688492 15157 15174 5386
0b001b01 0b001c01 10040 100 131072 690915 13619 2898 4395
0b001101 0b001201 10010 100 131072 649402 55369 11294 4385
0b000201 0b000301 10008 100 131072 600389 104734 11294 994
0b001501 0b001601 10029 100 131072 692218 13583 2898 5877
0b001b01 0b001c01 10041 100 131072 694141 11670 2898 7323
0b001b01 0b001c01 10042 100 131072 694868 10973 2898 3963
0b001a01 0b001b01 10042 100 131072 702877 3009 2898 6362
0b001501 0b001601 10030 100 131072 692953 13245 2898 5333
0b001d01 0b001601 10008 100 131072 700236 6841 6838 6861
0b001501 0b001601 10031 100 131072 697022 10365 2898 6357
0b001d01 0b001e01 10038 100 131072 701159 6321 2898 7341
0b001f01 0b001001 10007 100 131072 679455 28124 15174 3967
0b001f01 0b001001 10008 100 131072 679465 28123 15174 3983
0b001d01 0b001e01 10039 100 131072 701226 6387 2898 3981
0b001801 0b001101 10007 100 131072 679412 28229 15174 4440
0b001801 0b001101 10008 100 131072 679422 28228 15174 4456
0b001501 0b001601 10032 100 131072 701288 7178 2898 5893
0b001f01 0b001801 10039 100 131072 703461 5354 2898 5855
0b001b01 0b001401 10007 100 131072 698873 9956 6838 5883
0b001b01 0b001401 10008 100 131072 698883 9947 6838 5899
0b001601 0b001f01 10003 100 131072 702007 6941 6838 7254
0b001f01 0b001801 10040 100 131072 703736 5354 2898 6799
0b001c01 0b001501 10007 100 131072 701595 8266 6838 6364
0b001d01 0b001e01 10040 100 131072 705499 4378 2898 5357
0b000a01 0b000301 10003 100 131072 695162 15117 15174 1498
0b001c01 0b001501 10008 100 131072 703090 8311 6838 6380
0b000a01 0b000b01 10023 100 131072 695154 16570 2898 3418
0b000a01 0b000b01 10024 100 131072 695156 16570 2898 2938
0b000a01 0b000b01 10025 100 131072 695158 16570 2898 2458
0b000a01 0b000b01 10026 100 131072 695160 16570 2898 1978
0b000a01 0b000b01 10027 100 131072 695500 16402 2898 3434
0b001b01 0b001c01 10043 100 131072 708896 3009 2898 6379
0b000a01 0b000b01 10028 100 131072 695922 16067 2898 74
0b001c01 0b001d01 10040 100 131072 706157 5874 2898 6860
0b000401 0b000501 10008 100 131072 600661 112972 11294 1956
0b001e01 0b001f01 10040 100 131072 710623 3477 2898 3998
0b001101 0b001201 10011 100 131072 666713 48115 11294 4401
0b001f01 0b001801 10041 100 131072 711958 3154 2898 7279
0b001c01 0b001d01 10041 100 131072 707544 8647 2898 4412
0b001e01 0b001f01 10041 100 131072 712887 3497 2898 5374
0b001301 0b001401 10008 100 131072 600679 116113 11234 5315
0b001801 0b001901 10042 100 131072 711825 5507 2898 5864
0b001e01 0b001701 10009 100 131072 710490 6881 6838 7358
0b001501 0b001601 10033 100 131072 712871 4538 2898 6373
0b001c01 0b001d01 10042 100 131072 708821 8632 2898 7340
0b001c01 0b001d01 10043 100 131072 708851 8604 2898 3980
0b001801 0b001901 10043 100 131072 712100 5486 2898 6808
0b001401 0b001501 10021 100 131072 711839 5860 2898 5892
0b001401 0b001501 10022 100 131072 711849 5851 2898 5908
0b001601 0b001701 10037 100 131072 702008 16394 2898 5334
0b001601 0b001701 10038 100 131072 702009 16394 2898 4854
0b001601 0b001701 10039 100 131072 702010 16394 2898 4374
0b001601 0b001701 10040 100 131072 702011 16394 2898 3894
0b001f01 0b001001 10009 100 131072 698224 20377 15174 3999
0b001501 0b001601 10034 100 131072 714411 4365 2898 6389
0b001801 0b001901 10044 100 131072 718122 3034 2898 7288
0b001901 0b001201 10007 100 131072 683441 37834 15174 4921
0b001901 0b001201 10008 100 131072 683451 37833 15174 4937
0b001c01 0b001501 10009 100 131072 714915 6850 6838 6396
0b001d01 0b001601 10009 100 131072 715041 6858 6838 6877
0b001f01 0b001801 10042 100 131072 719394 2950 2898 5391
0b001401 0b001501 10023 100 131072 719802 2983 2898 5332
0b000b01 0b000c01 10008 100 131072 582565 142140 11234 3387
0b000b01 0b000c01 10009 100 131072 582566 142143 11234 2907
0b000b01 0b000c01 10010 100 131072 582567 142146 11234 2427
0b000b01 0b000c01 10011 100 131072 582569 142148 11234 987
0b000b01 0b000c01 10012 100 131072 582570 142151 11234 507
0b000b01 0b000c01 10013 100 131072 582571 142154 11234 27
0b001d01 0b001e01 10041 100 131072 719201 5858 2898 4429
0b001101 0b001201 10012 100 131072 677658 47394 11294 4417
0b001201 0b001301 10008 100 131072 601208 123877 11294 4834
0b001a01 0b001301 10007 100 131072 692370 33222 15174 5402
0b001a01 0b001301 10008 100 131072 692380 33221 15174 5418
0b000b01 0b000c01 10014 100 131072 585199 141118 11234 1003
0b001901 0b001a01 10043 100 131072 720342 6292 2898 5881
0b001901 0b001a01 10044 100 131072 720596 6544 2898 6825
0b000301 0b000401 10009 100 131072 623569 103616 11294 1491
0b001d01 0b001e01 10042 100 131072 720463 7118 2898 7357
0b001d01 0b001e01 10043 100 131072 720465 7118 2898 3997
0b001501 0b001601 10035 100 131072 720709 7166 2898 5909
0b001501 0b001601 10036 100 131072 720719 7157 2898 5925
0b001701 0b001801 10004 100 131072 721415 6820 6838 3911
0b001801 0b001901 10045 100 131072 725354 3019 2898 5400
0b001901 0b001a01 10045 100 131072 724166 4722 2898 7305
0b000501 0b000601 10008 100 131072 659993 69108 11294 2437
0b001701 0b001001 10008 100 131072 583033 146272 11234 6743
0b001701 0b001001 10009 100 131072 583034 146272 11234 6263
0b001701 0b001001 10010 100 131072 583035 146272 11234 5783
0b001701 0b001001 10011 100 131072 583036 146272 11234 5303
0b001701 0b001001 10012 100 131072 583037 146293 11234 4823
0b001701 0b001001 10013 100 131072 583038 146293 11234 4343
0b000b01 0b000401 10004 100 131072 714740 15092 15174 1995
0b001601 0b001701 10041 100 131072 708811 21113 2898 5894
0b001601 0b001701 10042 100 131072 709208 21375 2898 5350
0b001e01 0b001f01 10042 100 131072 728069 3107 2898 4446
0b000601 0b000701 10008 100 131072 651302 80418 11294 2422
0b000601 0b000701 10009 100 131072 651306 80502 11294 1942
0b001601 0b001701 10043 100 131072 710087 21551 2898 6870
0b000601 0b000701 10010 100 131072 651394 80418 11294 1462
0b000601 0b000701 10011 100 131072 651398 80418 11294 982
0b000601 0b000701 10012 100 131072 651486 80334 11294 502
0b000601 0b000701 10013 100 131072 651490 80334 11294 22
0b001601 0b001701 10044 100 131072 710397 21573 2898 6374
0b001501 0b001601 10037 100 131072 724775 7225 2898 6405
0b001701 0b001001 10014 100 131072 585217 146847 11234 6759
0b001f01 0b001001 10010 100 131072 717110 15083 15174 4015
0b001601 0b001701 10045 100 131072 711476 20861 2898 5910
0b000601 0b000701 10014 100 131072 654662 77694 11294 2438
0b001501 0b001601 10038 100 131072 725795 6560 2898 5349
0b001101 0b001201 10013 100 131072 688696 43700 11294 4433
0b001e01 0b001f01 10043 100 131072 730593 3105 2898 4014
0b001801 0b001901 10046 100 131072 731245 3006 2898 3928
0b001901 0b001a01 10046 100 131072 731383 3022 2898 5417
0b001a01 0b001b01 10043 100 131072 729644 6641 2898 5898
0b001f01 0b001801 10043 100 131072 734186 2876 2898 4463
0b001a01 0b001b01 10044 100 131072 730150 7145 2898 6842
0b001e01 0b001701 10010 100 131072 730591 6820 6838 7374
0b001701 0b001001 10015 100 131072 594976 142606 11234 7239
0b001a01 0b001b01 10045 100 131072 731898 6336 2898 7322
0b001601 0b001701 10046 100 131072 720419 18936 2898 6390
0b001901 0b001a01 10047 100 131072 737261 2917 2898 3945
0b000001 0b000101 10008 100 131072 651361 89048 11294 3376
0b000001 0b000101 10009 100 131072 651365 89048 11294 2896
0b000001 0b000101 10010 100 131072 651369 89048 11294 2416
0b000001 0b000101 10011 100 131072 651457 88964 11294 1936
0b000001 0b000101 10012 100 131072 651461 88964 11294 1456
0b000001 0b000101 10013 100 131072 651465 89048 11294 976
0b001601 0b001701 10047 100 131072 721786 18848 2898 6406
0b000101 0b000201 10008 100 131072 651361 89338 11294 17
0b000101 0b000201 10009 100 131072 651365 89338 11294 3377
0b000101 0b000201 10010 100 131072 651369 89338 11294 2897
0b000101 0b000201 10011 100 131072 651373 89338 11294 2417
0b000101 0b000201 10012 100 131072 651377 89338 11294 1937
0b000101 0b000201 10013 100 131072 651381 89338 11294 1457
0b000401 0b000501 10009 100 131072 623606 117144 11294 1972
0b000001 0b000101 10014 100 131072 654641 86932 11294 3392
0b000101 0b000201 10014 100 131072 654687 87101 11294 33
0b000c01 0b000501 10002 100 131072 727723 15171 15234 2444
0b001601 0b001701 10048 100 131072 724909 17973 2898 6886
0b000e01 0b000f01 10008 100 131072 651306 92416 11294 2430
0b000e01 0b000f01 10009 100 131072 651310 92416 11294 1950
0b000e01 0b000f01 10010 100 131072 651398 92332 11294 1470
0b000e01 0b000f01 10011 100 131072 651402 92332 11294 990
0b000e01 0b000f01 10012 100 131072 651406 92332 11294 510
0b000e01 0b000f01 10013 100 131072 651410 92332 11294 30
0b000f01 0b000801 10008 100 131072 651361 92489 11234 2911
0b000f01 0b000801 10009 100 131072 651365 92489 11234 2431
0b000f01 0b000801 10010 100 131072 651453 92405 11234 1951
0b000f01 0b000801 10011 100 131072 651457 92405 11234 1471
0b000f01 0b000801 10012 100 131072 651461 92405 11234 991
0b000601 0b000701 10015 100 131072 732111 11777 11294 2454
0b000f01 0b000801 10013 100 131072 651465 92405 11234 511
0b001101 0b001201 10014 100 131072 710651 33201 11294 4449
0b001101 0b001201 10015 100 131072 710661 33195 11294 4465
0b000001 0b000101 10015 100 131072 671504 72449 11294 32
0b000701 0b000001 10008 100 131072 651361 93163 11294 2903
0b000701 0b000001 10009 100 131072 651365 93168 11294 2423
0b000701 0b000001 10010 100 131072 651369 93173 11294 1943
0b000701 0b000001 10011 100 131072 651457 93094 11294 1463
0b000701 0b000001 10012 100 131072 651461 93099 11294 983
0b000701 0b000001 10013 100 131072 651465 93104 11294 503
0b000f01 0b000801 10014 100 131072 655133 90057 11234 2927
0b000e01 0b000f01 10014 100 131072 654582 90759 11294 2446
0b001b01 0b001c01 10044 100 131072 740305 4866 2898 6859
0b000101 0b000201 10015 100 131072 670146 75171 11294 513
0b001601 0b001701 10049 100 131072 730885 14975 2898 5926
0b001601 0b001701 10050 100 131072 730895 14966 2898 5942
0b001b01 0b001c01 10045 100 131072 741244 4898 2898 7339
0b001b01 0b001401 10009 100 131072 739295 6850 6838 5915
0b001a01 0b001b01 10046 100 131072 743188 3002 2898 3962
0b001601 0b001701 10051 100 131072 735010 12373 2898 6422
0b001601 0b001701 10052 100 131072 735365 12085 2898 5366
0b000f01 0b000801 10015 100 131072 670952 76619 11234 3407
0b000701 0b000001 10014 100 131072 655131 94577 11294 2919
0b000701 0b000801 10002 100 131072 734834 15214 15174 39
0b001001 0b001901 10002 100 131072 732341 17863 15174 4352
0b001401 0b001501 10024 100 131072 749155 2928 2898 5924
0b001b01 0b001c01 10046 100 131072 749200 3007 2898 3979
0b001f01 0b001001 10011 100 131072 736708 15578 15174 4031
0b001a01 0b001301 10009 100 131072 737415 15083 15174 5434
0b001c01 0b001d01 10044 100 131072 748181 4793 2898 6876
0b000e01 0b000f01 10015 100 131072 681468 71842 11294 2926
0b001c01 0b001d01 10045 100 131072 749152 4790 2898 7356
0b001301 0b001401 10009 100 131072 624136 129873 11234 5331
0b001801 0b001101 10009 100 131072 740072 15083 15174 4472
0b000e01 0b000f01 10016 100 131072 695450 59624 11294 2462
0b000501 0b000601 10009 100 131072 663177 92781 11294 21
0b000501 0b000601 10010 100 131072 663181 92781 11294 3381
0b000501 0b000601 10011 100 131072 663189 92777 11294 1941
0b000501 0b000601 10012 100 131072 663193 92777 11294 1461
0b000501 0b000601 10013 100 131072 663197 92777 11294 981
0b000501 0b000601 10014 100 131072 663201 92777 11294 501
0b001901 0b001a01 10048 100 131072 753214 2876 2898 4377
0b000201 0b000301 10009 100 131072 652001 104850 11294 3378
0b000201 0b000301 10010 100 131072 652005 104850 11294 2898
0b000201 0b000301 10011 100 131072 652093 104766 11294 2418
0b000201 0b000301 10012 100 131072 652097 104850 11294 1938
0b000201 0b000301 10013 100 131072 652105 104846 11294 498
0b000201 0b000301 10014 100 131072 652109 104930 11294 18
0b001c01 0b001d01 10046 100 131072 755217 2931 2898 3996
0b001501 0b001601 10039 100 131072 755093 2943 2898 5941
0b000201 0b000301 10015 100 131072 654599 104028 11294 514
0b000201 0b000b01 10002 100 131072 743729 15078 15174 1474
0b001d01 0b001e01 10044 100 131072 756952 2929 2898 7373
0b001401 0b001501 10025 100 131072 757019 2919 2898 5348
0b000101 0b000a01 10002 100 131072 743523 16901 15174 993
0b001a01 0b001b01 10047 100 131072 759100 2876 2898 4394
0b000401 0b000501 10010 100 131072 643292 118842 11294 1988
0b000801 0b000101 10002 100 131072 746880 15239 15174 520
0b000f01 0b000001 10002 100 131072 746752 15666 15234 47
0b001d01 0b001601 10010 100 131072 755984 6820 6838 6893
0b000001 0b000901 10002 100 131072 747579 15542 15174 512
0b001d01 0b001e01 10045 100 131072 761158 2876 2898 4013
0b001601 0b001701 10053 100 131072 761046 2985 2898 5958
0b001501 0b001601 10040 100 131072 762948 2940 2898 5365
0b000a01 0b000b01 10029 100 131072 763434 2923 2898 1018
0b000801 0b000901 10016 100 131072 746860 20533 2898 2920
0b000801 0b000901 10017 100 131072 746864 20530 2898 2440
0b000301 0b000401 10010 100 131072 660321 107151 11294 3379
0b000801 0b000901 10018 100 131072 746868 20527 2898 1960
0b000301 0b000401 10011 100 131072 660325 107151 11294 2899
0b000801 0b000901 10019 100 131072 746872 20524 2898 1480
0b000301 0b000401 10012 100 131072 660413 107067 11294 2419
0b000801 0b000901 10020 100 131072 746876 20521 2898 1000
0b000301 0b000401 10013 100 131072 660421 107147 11294 979
0b000301 0b000401 10014 100 131072 660425 107147 11294 499
0b000301 0b000401 10015 100 131072 660429 107147 11294 19
0b001b01 0b001c01 10047 100 131072 764986 2876 2898 4411
0b000701 0b000001 10015 100 131072 671133 96949 11294 3399
0b000801 0b000901 10021 100 131072 748200 19997 2898 2936
0b001601 0b001701 10054 100 131072 765814 2916 2898 6902
0b000801 0b000901 10022 100 131072 750581 18456 2898 3416
0b000901 0b000a01 10023 100 131072 766131 3117 2898 537
0b000801 0b000901 10023 100 131072 753058 16315 2898 56
0b001e01 0b001f01 10044 100 131072 767044 2876 2898 4030
0b001101 0b001201 10016 100 131072 758165 11872 11294 4481
0b001e01 0b001701 10011 100 131072 762891 7513 6838 7390
0b000501 0b000601 10015 100 131072 686886 83621 11294 1957
0b001601 0b001701 10055 100 131072 768898 2912 2898 5382
0b001c01 0b001d01 10047 100 131072 770872 2876 2898 4428
0b000601 0b000f01 10002 100 131072 758972 15834 15234 3398
0b000301 0b000c01 10002 100 131072 759957 15164 15234 1955
0b000a01 0b000b01 10030 100 131072 772258 3157 2898 554
0b001d01 0b001e01 10046 100 131072 776758 2876 2898 4445
0b001201 0b001301 10009 100 131072 625164 155518 11294 4850
0b000501 0b000601 10016 100 131072 716643 68652 11294 1973
0b001e01 0b001f01 10045 100 131072 782644 2876 2898 4462
0b000901 0b000201 10003 100 131072 770407 15083 15174 1017
0b000401 0b000d01 10002 100 131072 770490 15149 15234 2436
0b000401 0b000501 10011 100 131072 661593 125595 11294 3380
0b000401 0b000501 10012 100 131072 661597 125595 11294 2900
0b000401 0b000501 10013 100 131072 661689 125507 11294 1460
0b000401 0b000501 10014 100 131072 661693 125507 11294 980
0b000401 0b000501 10015 100 131072 661697 125507 11294 500
0b000401 0b000501 10016 100 131072 661701 125591 11294 20
0b001f01 0b001001 10012 100 131072 772930 15083 15174 4047
0b000901 0b000a01 10024 100 131072 770403 18548 2898 2937
0b000901 0b000a01 10025 100 131072 770404 18549 2898 2457
0b000901 0b000a01 10026 100 131072 770405 18550 2898 1977
0b000901 0b000a01 10027 100 131072 770406 18551 2898 1497
0b000901 0b000a01 10028 100 131072 771207 18319 2898 2953
0b000901 0b000a01 10029 100 131072 772047 17817 2898 3433
0b000901 0b000a01 10030 100 131072 772383 17546 2898 73
0b001301 0b001401 10010 100 131072 647966 143224 11234 5347
0b001f01 0b001801 10044 100 131072 788530 2876 2898 4479
0b000301 0b000401 10016 100 131072 683401 107939 11294 995
0b000201 0b000301 10016 100 131072 691504 100483 11294 1010
0b000b01 0b000c01 10015 100 131072 605497 187471 11234 3403
0b000b01 0b000c01 10016 100 131072 605498 187471 11234 2923
0b000b01 0b000c01 10017 100 131072 605499 187471 11234 2443
0b000b01 0b000c01 10018 100 131072 605501 187470 11234 523
0b000b01 0b000c01 10019 100 131072 605502 187491 11234 43
0b000b01 0b000c01 10020 100 131072 605971 187363 11234 539
0b001401 0b001501 10026 100 131072 794200 2907 2898 5364
0b000d01 0b000e01 10009 100 131072 788649 11795 11294 2461
0b000501 0b000601 10017 100 131072 743760 59197 11294 1989
0b001501 0b001601 10041 100 131072 800117 2876 2898 5381
0b000501 0b000601 10018 100 131072 745904 58373 11294 2453
0b000401 0b000501 10017 100 131072 680977 124896 11294 1476
0b000501 0b000e01 10002 100 131072 790202 15732 15234 2917
0b000a01 0b000301 10004 100 131072 791967 15083 15174 1514
0b000a01 0b000b01 10031 100 131072 791961 16086 2898 2954
0b000a01 0b000b01 10032 100 131072 791963 16086 2898 2474
0b000a01 0b000b01 10033 100 131072 791965 16086 2898 1994
0b000a01 0b000b01 10034 100 131072 792536 16090 2898 2970
0b000a01 0b000b01 10035 100 131072 792874 15924 2898 3450
0b000a01 0b000b01 10036 100 131072 792939 15861 2898 90
0b001601 0b001701 10056 100 131072 806003 2908 2898 5398
0b001801 0b001101 10010 100 131072 794416 15083 15174 4488
0b000c01 0b000501 10003 100 131072 795980 15501 15234 2460
0b000301 0b000401 10017 100 131072 708133 108828 11294 1011
0b001301 0b001401 10011 100 131072 662273 156329 11234 7219
0b001301 0b001401 10012 100 131072 662277 156329 11234 6739
0b001301 0b001401 10013 100 131072 662281 156329 11234 6259
0b001301 0b001401 10014 100 131072 662289 156325 11234 4819
0b001301 0b001401 10015 100 131072 662293 156409 11234 4339
0b001301 0b001401 10016 100 131072 662381 156325 11234 3859
0b001701 0b001001 10016 100 131072 608963 211503 11234 6279
0b001701 0b001001 10017 100 131072 608964 211506 11234 5799
0b001701 0b001001 10018 100 131072 608965 211509 11234 5319
0b001701 0b001001 10019 100 131072 608966 211512 11234 4839
0b001701 0b001001 10020 100 131072 608988 211494 11234 4359
0b000e01 0b000f01 10017 100 131072 803454 17512 11294 2478
0b001701 0b001001 10021 100 131072 609495 212047 11234 6295
0b000301 0b000401 10018 100 131072 713289 108428 11294 1507
0b001701 0b001001 10022 100 131072 610904 212494 11234 6775
0b000701 0b000001 10016 100 131072 734730 88804 11294 2439
0b000701 0b000001 10017 100 131072 734818 88720 11294 1959
0b000701 0b000001 10018 100 131072 734822 88720 11294 1479
0b000701 0b000001 10019 100 131072 734826 88720 11294 999
0b000701 0b000001 10020 100 131072 734830 88720 11294 519
0b000701 0b000001 10021 100 131072 735366 88272 11294 2455
0b001101 0b001201 10017 100 131072 812509 11768 11294 4497
0b000701 0b000001 10022 100 131072 746898 77712 11294 2471
0b000b01 0b000401 10005 100 131072 811061 15133 15174 2011
0b000e01 0b000f01 10018 100 131072 808944 17746 11294 2942
0b001301 0b001401 10017 100 131072 671548 155082 11234 5363
0b001701 0b001001 10023 100 131072 617174 209589 11234 7255
0b001401 0b001d01 10002 100 131072 821620 6851 6838 6276
0b000501 0b000601 10019 100 131072 765144 63438 11294 2005
0b000401 0b000501 10018 100 131072 706422 122969 11294 1492
0b000101 0b000201 10016 100 131072 743419 89281 11294 3393
0b000101 0b000201 10017 100 131072 743423 89281 11294 2913
0b000101 0b000201 10018 100 131072 743427 89281 11294 2433
0b000101 0b000201 10019 100 131072 743431 89365 11294 1953
0b000101 0b000201 10020 100 131072 743435 89365 11294 1473
0b001201 0b001301 10010 100 131072 649062 183976 11294 4866
0b000101 0b000201 10021 100 131072 744583 88749 11294 3409
0b000101 0b000201 10022 100 131072 746963 87077 11294 49
0b001d01 0b001e01 10047 100 131072 831481 2876 2898 6301
0b000001 0b000101 10016 100 131072 747534 88677 11294 2912
0b000001 0b000101 10017 100 131072 747543 88677 11294 2432
0b000001 0b000101 10018 100 131072 747552 88677 11294 1952
0b000001 0b000101 10019 100 131072 747561 88677 11294 1472
0b000001 0b000101 10020 100 131072 747570 88677 11294 992
0b000101 0b000201 10023 100 131072 765129 71684 11294 529
0b001401 0b001501 10027 100 131072 821612 15187 2898 7236
0b001401 0b001501 10028 100 131072 821616 15185 2898 6756
0b001401 0b001501 10029 100 131072 821624 15179 2898 4836
0b001401 0b001501 10030 100 131072 821712 15157 2898 4356
0b001401 0b001501 10031 100 131072 821716 15155 2898 3876
0b001301 0b001401 10018 100 131072 684514 152405 11234 5379
0b001301 0b001401 10019 100 131072 685538 152085 11234 4835
0b001401 0b001501 10032 100 131072 829640 8805 2898 5380
0b001001 0b001901 10003 100 131072 823492 15078 15174 4368
0b000601 0b000701 10016 100 131072 758968 80691 11294 38
0b000601 0b000701 10017 100 131072 758976 80687 11294 1958
0b000601 0b000701 10018 100 131072 758980 80687 11294 1478
0b000601 0b000701 10019 100 131072 758984 80687 11294 998
0b000601 0b000701 10020 100 131072 758988 80687 11294 518
0b001e01 0b001f01 10046 100 131072 837367 2876 2898 6318
0b000001 0b000901 10003 100 131072 826560 15078 15174 528
0b000f01 0b000801 10016 100 131072 746732 95826 11234 2447
0b000f01 0b000801 10017 100 131072 746736 95826 11234 1967
0b000f01 0b000801 10018 100 131072 746740 95826 11234 1487
0b000f01 0b000801 10019 100 131072 746744 95827 11234 1007
0b000f01 0b000801 10020 100 131072 746748 95832 11234 527
0b000f01 0b000801 10021 100 131072 748351 95764 11234 2463
0b001901 0b001a01 10049 100 131072 841580 2876 2898 4393
0b000001 0b000101 10021 100 131072 752718 92119 11294 2928
0b001401 0b001501 10033 100 131072 839929 5159 2898 5396
0b001f01 0b001801 10045 100 131072 843253 2876 2898 6335
0b001401 0b001501 10034 100 131072 840633 5198 2898 4852
0b001501 0b001e01 10003 100 131072 839811 6820 6838 6773
0b000901 0b000a01 10031 100 131072 844648 3035 2898 553
0b000201 0b000301 10017 100 131072 743709 104458 11294 34
0b000201 0b000301 10018 100 131072 743713 104458 11294 3394
0b000201 0b000301 10019 100 131072 743717 104458 11294 2914
0b000201 0b000301 10020 100 131072 743721 104458 11294 2434
0b000201 0b000301 10021 100 131072 743725 104458 11294 1954
0b000b01 0b000c01 10021 100 131072 625195 223796 11234 59
0b000b01 0b000c01 10022 100 131072 625196 223799 11234 3419
0b000b01 0b000c01 10023 100 131072 625197 223802 11234 2939
0b000b01 0b000c01 10024 100 131072 625198 223805 11234 2459
0b000201 0b000301 10022 100 131072 744798 104269 11294 50
0b000b01 0b000c01 10025 100 131072 625310 223785 11234 75
0b000c01 0b000d01 10000 100 131072 559010 290737 11294 12
0b000c01 0b000d01 10006 100 131072 559010 290741 11294 3372
0b000c01 0b000d01 10005 100 131072 559010 290745 11294 2892
0b000c01 0b000d01 10004 100 131072 559010 290749 11294 1932
0b000c01 0b000d01 10003 100 131072 559010 290753 11294 1452
0b000c01 0b000d01 10002 100 131072 559010 290757 11294 972
0b000c01 0b000d01 10001 100 131072 559010 290761 11294 492
0b001301 0b001401 10020 100 131072 706659 143528 11234 5395
0b001a01 0b001b01 10048 100 131072 847466 2876 2898 4410
0b000f01 0b000801 10022 100 131072 756320 94110 11234 2943
0b000201 0b000301 10023 100 131072 748327 102412 11294 530
0b000201 0b000b01 10003 100 131072 835810 15078 15174 1490
0b000f01 0b000801 10023 100 131072 758084 93367 11234 2479
0b001801 0b001901 10047 100 131072 849139 2876 2898 6344
0b001e01 0b001f01 10047 100 131072 849641 2876 2898 6798
0b000a01 0b000b01 10037 100 131072 850693 2909 2898 570
0b000601 0b000701 10021 100 131072 773517 80766 11294 1974
0b000401 0b000501 10019 100 131072 730195 125252 11294 1508
0b001501 0b001601 10042 100 131072 839809 15920 2898 7253
0b001501 0b001601 10043 100 131072 839813 15917 2898 4853
0b001501 0b001601 10044 100 131072 839879 15962 2898 4373
0b001501 0b001601 10045 100 131072 839881 15961 2898 3893
0b001401 0b001501 10035 100 131072 853197 3006 2898 5412
0b001b01 0b001c01 10048 100 131072 853352 2876 2898 4427
0b001501 0b001601 10046 100 131072 841455 15452 2898 5397
0b000401 0b000501 10020 100 131072 732842 124369 11294 2004
0b000701 0b000801 10003 100 131072 842669 15079 15174 55
0b001901 0b001a01 10050 100 131072 855025 2876 2898 6361
0b001f01 0b001801 10046 100 131072 855527 2876 2898 6815
0b000f01 0b000801 10024 100 131072 777816 80947 11234 3423
0b000101 0b000a01 10003 100 131072 839257 19733 15174 1009
0b001501 0b001601 10047 100 131072 848098 11487 2898 5413
0b001501 0b001601 10048 100 131072 848841 11009 2898 4869
0b000801 0b000101 10003 100 131072 845590 15215 15174 536
0b001301 0b001401 10021 100 131072 728095 132632 11234 4851
0b001301 0b001401 10022 100 131072 728602 132569 11234 5411
0b001301 0b001401 10023 100 131072 728612 132563 11234 5427
0b000801 0b000901 10024 100 131072 845568 15876 2898 2456
0b000801 0b000901 10025 100 131072 845572 15874 2898 1976
0b000801 0b000901 10026 100 131072 845576 15872 2898 1496
0b000801 0b000901 10027 100 131072 845581 15869 2898 1016
0b000001 0b000101 10022 100 131072 765428 96309 11294 48
0b000b01 0b000c01 10026 100 131072 670189 191530 11234 1483
0b001c01 0b001d01 10048 100 131072 859238 2876 2898 4444
0b001501 0b001601 10049 100 131072 859213 3300 2898 5429
0b000801 0b000901 10028 100 131072 847125 16134 2898 2472
0b001a01 0b001b01 10049 100 131072 860911 2876 2898 6378
0b001801 0b001901 10048 100 131072 861413 2876 2898 6824
0b000601 0b000701 10022 100 131072 788305 75838 11294 1990
0b000a01 0b000b01 10038 100 131072 862000 2922 2898 1034
0b001601 0b001f01 10004 100 131072 858739 6852 6838 7270
0b000301 0b000c01 10003 100 131072 851193 15517 15234 1971
0b001301 0b001401 10024 100 131072 755508 111203 11234 5443
0b000001 0b000101 10023 100 131072 771092 96193 11294 3408
0b000c01 0b000501 10004 100 131072 852013 15613 15234 2476
0b000d01 0b000601 10001 100 131072 852765 15149 15234 2909
0b001d01 0b001e01 10048 100 131072 865124 2876 2898 4461
0b000801 0b000901 10029 100 131072 853440 14961 2898 2952
0b000f01 0b000801 10025 100 131072 823976 44876 11234 2495
0b000801 0b000901 10030 100 131072 854461 14469 2898 2488
0b000f01 0b000801 10026 100 131072 829700 39748 11234 2959
0b000301 0b000401 10019 100 131072 759861 109791 11294 3395
0b000301 0b000401 10020 100 131072 759865 109791 11294 2915
0b000301 0b000401 10021 100 131072 759869 109791 11294 2435
0b000301 0b000401 10022 100 131072 759961 109703 11294 515
0b001b01 0b001c01 10049 100 131072 866797 2876 2898 6395
0b000301 0b000401 10023 100 131072 760049 109703 11294 35
0b001201 0b001301 10011 100 131072 662142 207672 11294 7218
0b001201 0b001301 10012 100 131072 662146 207672 11294 6738
0b001201 0b001301 10013 100 131072 662150 207672 11294 6258
0b001201 0b001301 10014 100 131072 662238 207588 11294 5778
0b001201 0b001301 10015 100 131072 662246 207584 11294 4338
0b001201 0b001301 10016 100 131072 662250 207584 11294 3858
0b001901 0b001a01 10051 100 131072 867299 2876 2898 6841
0b000301 0b000401 10024 100 131072 761637 108911 11294 531
0b001301 0b001401 10025 100 131072 783692 86941 11234 4867
0b000801 0b000901 10031 100 131072 860758 10021 2898 72
0b000801 0b000901 10032 100 131072 861773 9205 2898 3432
0b001f01 0b001801 10047 100 131072 868601 2920 2898 7295
0b000601 0b000701 10023 100 131072 805967 65748 11294 2006
0b001401 0b001501 10036 100 131072 863737 8123 2898 4868
0b000601 0b000701 10024 100 131072 807287 64960 11294 2470
0b000c01 0b000d01 10007 100 131072 581537 291424 11294 1948
0b000b01 0b000c01 10027 100 131072 675902 197097 11234 1019
0b001401 0b001501 10037 100 131072 864181 8941 2898 5428
0b001401 0b001501 10038 100 131072 864191 8933 2898 5444
0b001e01 0b001f01 10048 100 131072 871010 2896 2898 4478
0b001601 0b001701 10057 100 131072 858740 15384 2898 4870
0b001601 0b001701 10058 100 131072 858851 15785 2898 4390
0b001601 0b001701 10059 100 131072 858852 15786 2898 3910
0b001301 0b001401 10026 100 131072 836048 39421 11234 4883
0b001a01 0b001b01 10050 100 131072 873185 2876 2898 6858
0b001601 0b001701 10060 100 131072 859917 16104 2898 5414
0b001401 0b001501 10039 100 131072 869721 6521 2898 5460
0b000801 0b000901 10033 100 131072 871862 5273 2898 2504
0b001801 0b001901 10049 100 131072 874531 2918 2898 7304
0b000601 0b000701 10025 100 131072 831592 46115 11294 2022
0b000801 0b000901 10034 100 131072 872458 5294 2898 2968
0b001401 0b001501 10040 100 131072 873643 4207 2898 4884
0b001601 0b001701 10061 100 131072 862595 15365 2898 5430
0b001601 0b001701 10062 100 131072 862860 15212 2898 4886
0b000901 0b000a01 10032 100 131072 864454 13981 2898 2473
0b000901 0b000a01 10033 100 131072 864456 13981 2898 1993
0b000901 0b000a01 10034 100 131072 864458 13981 2898 1513
0b001601 0b001701 10063 100 131072 865523 13033 2898 5446
0b000901 0b000201 10004 100 131072 864460 15083 15174 1033
0b001f01 0b001801 10048 100 131072 876916 2897 2898 4495
0b001c01 0b001501 10010 100 131072 872683 7511 6838 6412
0b000901 0b000a01 10035 100 131072 866269 15338 2898 2489
0b001401 0b001501 10041 100 131072 878479 3010 2898 4900
0b001501 0b001601 10050 100 131072 874870 7008 2898 4885
0b001b01 0b001c01 10050 100 131072 879071 2876 2898 6875
0b001201 0b001301 10017 100 131072 669917 212477 11294 4882
0b001901 0b001a01 10052 100 131072 880459 2876 2898 7321
0b000b01 0b000c01 10028 100 131072 682332 201959 11234 555
0b001701 0b001801 10005 100 131072 877648 6820 6838 3927
0b000501 0b000601 10020 100 131072 790198 95799 11294 3397
0b000501 0b000601 10021 100 131072 790206 95795 11294 1477
0b000501 0b000601 10022 100 131072 790210 95795 11294 997
0b000501 0b000601 10023 100 131072 790214 95795 11294 517
0b000501 0b000601 10024 100 131072 790302 95711 11294 37
0b000601 0b000701 10026 100 131072 870924 15280 11294 2918
0b001201 0b001301 10018 100 131072 673078 213280 11294 4354
0b000201 0b000301 10024 100 131072 788500 99467 11294 1026
0b001c01 0b001d01 10049 100 131072 884957 2876 2898 6892
0b001301 0b001c01 10002 100 131072 872836 15078 15174 5795
0b001601 0b001701 10064 100 131072 884888 3160 2898 4902
0b001501 0b001601 10051 100 131072 876132 12096 2898 5445
0b001501 0b001601 10052 100 131072 876142 12088 2898 5461
0b000401 0b000d01 10003 100 131072 872670 15840 15234 2452
0b000a01 0b000b01 10039 100 131072 881445 7514 2898 2490
0b000a01 0b000b01 10040 100 131072 881447 7513 2898 2010
0b001a01 0b001b01 10051 100 131072 886345 2876 2898 7338
0b000901 0b000a01 10036 100 131072 871411 17968 2898 2969
0b000901 0b000a01 10037 100 131072 871940 17990 2898 2505
0b001801 0b001901 10050 100 131072 887478 2876 2898 3944
0b000a01 0b000b01 10041 100 131072 884617 6016 2898 2506
0b000901 0b000a01 10038 100 131072 873789 17339 2898 89
0b000901 0b000a01 10039 100 131072 873988 17205 2898 3449
0b001501 0b001601 10053 100 131072 879252 12963 2898 5477
0b000901 0b000a01 10040 100 131072 880145 12825 2898 2521
0b000901 0b000a01 10041 100 131072 880762 12319 2898 2985
0b001501 0b001601 10054 100 131072 880860 12544 2898 4901
0b001c01 0b001d01 10050 100 131072 890924 3026 2898 5820
0b001501 0b001601 10055 100 131072 883204 11345 2898 6421
0b001501 0b001601 10056 100 131072 884499 10315 2898 4917
0b001b01 0b001c01 10051 100 131072 892231 2949 2898 7355
0b001901 0b001a01 10053 100 131072 893364 2876 2898 3961
0b000a01 0b000301 10005 100 131072 881449 15117 15174 1530
0b000401 0b000501 10021 100 131072 770482 126387 11294 3396
0b000401 0b000501 10022 100 131072 770486 126387 11294 2916
0b000401 0b000501 10023 100 131072 770578 126299 11294 996
0b000401 0b000501 10024 100 131072 770582 126299 11294 516
0b000401 0b000501 10025 100 131072 770586 126299 11294 36
0b001d01 0b001601 10011 100 131072 890843 6849 6838 6909
0b001801 0b001101 10011 100 131072 882823 15083 15174 4504
0b001601 0b001701 10065 100 131072 891238 7453 2898 5462
0b001601 0b001701 10066 100 131072 891248 7445 2898 5478
0b000301 0b000401 10025 100 131072 794997 104692 11294 1027
0b001d01 0b001e01 10049 100 131072 896960 3036 2898 5837
0b001c01 0b001d01 10051 100 131072 898190 2952 2898 7372
0b001a01 0b001b01 10052 100 131072 899250 2876 2898 3978
0b000501 0b000601 10025 100 131072 808883 93631 11294 1493
0b001201 0b001301 10019 100 131072 686097 216365 11294 4370
0b000a01 0b000b01 10042 100 131072 892389 10943 2898 2986
0b000601 0b000f01 10003 100 131072 889007 15149 15234 3414
0b000a01 0b000b01 10043 100 131072 892940 12944 2898 2522
0b001e01 0b001f01 10049 100 131072 903006 3040 2898 5854
0b001d01 0b001e01 10050 100 131072 904152 2956 2898 7389
0b000b01 0b000401 10006 100 131072 891970 15083 15174 2027
0b001201 0b001301 10020 100 131072 691255 215787 11294 4898
0b001601 0b001701 10067 100 131072 895225 12501 2898 5494
0b001b01 0b001c01 10052 100 131072 905136 2876 2898 3995
0b000a01 0b000b01 10044 100 131072 894138 14130 2898 106
0b000a01 0b000b01 10045 100 131072 894203 14132 2898 3466
0b000001 0b000101 10024 100 131072 826544 82633 11294 2448
0b000a01 0b000b01 10046 100 131072 895980 13259 2898 2538
0b000a01 0b000b01 10047 100 131072 896091 13171 2898 3002
0b000001 0b000101 10025 100 131072 826548 82717 11294 1968
0b000001 0b000101 10026 100 131072 826552 82717 11294 1488
0b000001 0b000101 10027 100 131072 826556 82717 11294 1008
0b000001 0b000101 10028 100 131072 826648 82629 11294 2464
0b001601 0b001701 10068 100 131072 896414 12928 2898 4918
0b000001 0b000101 10029 100 131072 827620 81749 11294 2480
0b000501 0b000601 10026 100 131072 814491 95155 11294 2469
0b001601 0b001701 10069 100 131072 897559 12678 2898 6438
0b001601 0b001701 10070 100 131072 897824 12500 2898 4934
0b001601 0b001701 10071 100 131072 900702 10285 2898 6918
0b001f01 0b001801 10049 100 131072 909056 2876 2898 5871
0b001101 0b001201 10018 100 131072 900916 11783 11294 4513
0b000101 0b000201 10024 100 131072 839221 73852 11294 2929
0b000101 0b000201 10025 100 131072 839230 73847 11294 2449
0b000101 0b000201 10026 100 131072 839239 73842 11294 1969
0b000101 0b000201 10027 100 131072 839248 73837 11294 1489
0b001201 0b001301 10021 100 131072 697905 215393 11294 4386
0b001c01 0b001d01 10052 100 131072 911022 2876 2898 4012
0b000301 0b000401 10026 100 131072 810060 104597 11294 1523
0b000501 0b000e01 10003 100 131072 899883 15149 15234 2933
0b000401 0b000501 10026 100 131072 794350 121917 11294 1012
0b001e01 0b001701 10012 100 131072 910118 6853 6838 7406
0b001801 0b001901 10051 100 131072 914942 2876 2898 5880
0b001201 0b001301 10022 100 131072 704413 213729 11294 4914
0b000f01 0b000801 10027 100 131072 907166 11190 11234 3439
0b000701 0b000001 10023 100 131072 842673 76408 11294 1975
0b000701 0b000001 10024 100 131072 842677 76408 11294 1495
0b000701 0b000001 10025 100 131072 842681 76408 11294 1015
0b000701 0b000001 10026 100 131072 842685 76408 11294 535
0b001d01 0b001e01 10051 100 131072 916908 2876 2898 4029
0b001201 0b001301 10023 100 131072 707781 213005 11294 4402
0b001901 0b001a01 10054 100 131072 920828 2876 2898 5897
0b000801 0b000901 10035 100 131072 921366 2876 2898 3448
0b001e01 0b001f01 10050 100 131072 922794 2876 2898 4046
0b001201 0b001301 10024 100 131072 717838 209024 11294 4418
0b000101 0b000a01 10004 100 131072 912283 15083 15174 1025
0b000501 0b000601 10027 100 131072 832401 96618 11294 1509
0b001a01 0b001b01 10053 100 131072 926714 2876 2898 5914
0b000e01 0b000f01 10019 100 131072 918042 11785 11294 2958
0b001201 0b001301 10025 100 131072 724285 205749 11294 4930
0b001201 0b001301 10026 100 131072 724295 205743 11294 4946
0b000901 0b000a01 10042 100 131072 927252 2876 2898 3465
0b000201 0b000b01 10004 100 131072 916095 15078 15174 1506
0b001201 0b001301 10027 100 131072 728062 203828 11294 4434
0b000101 0b000201 10028 100 131072 847847 84328 11294 2945
0b000a01 0b000b01 10048 100 131072 930376 2908 2898 1050
0b001201 0b001301 10028 100 131072 735406 198600 11294 4450
0b000d01 0b000e01 10010 100 131072 852757 82639 11294 29
0b000d01 0b000e01 10011 100 131072 852761 82639 11294 3389
0b000d01 0b000e01 10012 100 131072 852769 82635 11294 1949
0b000d01 0b000e01 10013 100 131072 852773 82635 11294 1469
0b000d01 0b000e01 10014 100 131072 852777 82635 11294 989
0b000d01 0b000e01 10015 100 131072 852781 82635 11294 509
0b000a01 0b000b01 10049 100 131072 933138 2948 2898 3482
0b001201 0b001301 10029 100 131072 746862 189788 11294 4466
0b001201 0b001301 10030 100 131072 746872 189782 11294 4482
0b000001 0b000901 10004 100 131072 922103 15078 15174 544
0b001b01 0b001401 10010 100 131072 932600 6820 6838 5931
0b001201 0b001301 10031 100 131072 773047 167307 11294 4498
0b000701 0b000001 10027 100 131072 857293 83536 11294 1991
0b000b01 0b000c01 10029 100 131072 714734 226131 11234 3435
0b000b01 0b000c01 10030 100 131072 714736 226133 11234 2955
0b000b01 0b000c01 10031 100 131072 714738 226135 11234 2475
0b000b01 0b000c01 10032 100 131072 714912 226317 11234 3451
0b000b01 0b000c01 10033 100 131072 714999 226322 11234 91
0b000c01 0b000d01 10008 100 131072 641051 301084 11294 3388
0b000c01 0b000d01 10009 100 131072 641055 301084 11294 2908
0b000c01 0b000d01 10010 100 131072 641063 301080 11294 1468
0b000c01 0b000d01 10011 100 131072 641067 301080 11294 988
0b000201 0b000301 10025 100 131072 835710 106666 11294 3410
0b000201 0b000301 10026 100 131072 835714 106666 11294 2930
0b000c01 0b000d01 10012 100 131072 641155 300996 11294 508
0b000201 0b000301 10027 100 131072 835718 106666 11294 2450
0b000c01 0b000d01 10013 100 131072 641159 300996 11294 28
0b000201 0b000301 10028 100 131072 835806 106582 11294 1970
0b000c01 0b000d01 10014 100 131072 651303 291112 11294 1484
0b001701 0b001001 10024 100 131072 633719 309054 11234 5815
0b001701 0b001001 10025 100 131072 633720 309057 11234 5335
0b001701 0b001001 10026 100 131072 633721 309060 11234 4855
0b001701 0b001001 10027 100 131072 633722 309063 11234 4375
0b000901 0b000a01 10043 100 131072 940191 2876 2898 569
0b000d01 0b000e01 10016 100 131072 875971 67193 11294 1965
0b000201 0b000301 10029 100 131072 836342 106838 11294 3426
0b000201 0b000301 10030 100 131072 837050 106134 11294 66
0b001f01 0b001001 10013 100 131072 928680 15083 15174 4063
0b000f01 0b000801 10028 100 131072 932837 11431 11234 2975
0b000201 0b000301 10031 100 131072 839823 105033 11294 546
0b001401 0b001501 10042 100 131072 942430 2907 2898 5940
0b000d01 0b000e01 10017 100 131072 891520 53936 11294 2477
0b001201 0b001301 10032 100 131072 827287 118175 11294 4514
0b000401 0b000501 10027 100 131072 819971 126220 11294 1028
0b000a01 0b000b01 10050 100 131072 946077 2908 2898 586
0b000801 0b000901 10036 100 131072 947278 2876 2898 2984
0b000701 0b000001 10028 100 131072 867153 83360 11294 2007
0b000401 0b000501 10028 100 131072 824727 125868 11294 1524
0b001201 0b001301 10033 100 131072 915709 35477 11294 4530
0b001501 0b001601 10057 100 131072 948347 2876 2898 5957
0b000601 0b000701 10027 100 131072 889011 62784 11294 1494
0b000601 0b000701 10028 100 131072 889015 62784 11294 1014
0b000601 0b000701 10029 100 131072 889019 62784 11294 534
0b000601 0b000701 10030 100 131072 889023 62784 11294 54
0b000e01 0b000701 10002 100 131072 938410 15170 15234 3406
0b000b01 0b000c01 10034 100 131072 761817 192212 11234 1499
0b000401 0b000501 10029 100 131072 829204 125439 11294 2020
0b000901 0b000a01 10044 100 131072 953164 2876 2898 3001
0b000501 0b000601 10028 100 131072 858457 97609 11294 1525
0b000701 0b000001 10029 100 131072 874725 81900 11294 2023
0b000701 0b000001 10030 100 131072 875257 81372 11294 2487
0b001601 0b001701 10072 100 131072 954233 2908 2898 5974
0b001701 0b001001 10028 100 131072 635005 322249 11234 5831
0b000101 0b000201 10029 100 131072 863815 93628 11294 545
0b000501 0b000601 10029 100 131072 860221 97433 11294 2021
0b000101 0b000201 10030 100 131072 864747 93932 11294 65
0b000c01 0b000501 10005 100 131072 943883 15497 15234 2492
0b000d01 0b000601 10002 100 131072 945149 15150 15234 2925
0b000301 0b000401 10027 100 131072 851177 109131 11294 51
0b000301 0b000401 10028 100 131072 851181 109131 11294 3411
0b000301 0b000401 10029 100 131072 851185 109131 11294 2931
0b000301 0b000401 10030 100 131072 851189 109131 11294 2451
0b001001 0b001901 10004 100 131072 945795 15078 15174 4384
0b000701 0b000001 10031 100 131072 880717 80140 11294 2039
0b000301 0b000c01 10004 100 131072 945398 15629 15234 1987
0b000301 0b000401 10031 100 131072 852077 109127 11294 67
0b000a01 0b000b01 10051 100 131072 959050 2908 2898 3018
0b000301 0b000401 10032 100 131072 853749 108335 11294 547
0b000101 0b000201 10031 100 131072 870295 93224 11294 3425
0b001701 0b001001 10029 100 131072 635733 328665 11234 7271
0b000001 0b000101 10030 100 131072 922091 42659 11294 1984
0b000001 0b000101 10031 100 131072 922095 42659 11294 1504
0b000001 0b000101 10032 100 131072 922099 42659 11294 1024
0b000b01 0b000c01 10035 100 131072 769367 196026 11234 1035
0b000c01 0b000d01 10015 100 131072 678596 286885 11294 1964
0b000701 0b000001 10032 100 131072 889214 76487 11294 2935
0b001901 0b001a01 10055 100 131072 963883 2876 2898 4409
0b000601 0b000701 10031 100 131072 905524 62062 11294 1510
0b000501 0b000601 10030 100 131072 870636 97054 11294 2485
0b000701 0b000801 10004 100 131072 954817 15078 15174 71
0b000201 0b000301 10032 100 131072 882553 89266 11294 1042
0b001a01 0b001b01 10054 100 131072 969769 2876 2898 4426
0b001701 0b001001 10030 100 131072 637024 336278 11234 6311
0b001001 0b001101 10000 100 131072 559010 414674 11294 3840
0b001001 0b001101 10006 100 131072 559010 414678 11294 7200
0b001001 0b001101 10005 100 131072 559010 414682 11294 6720
0b001001 0b001101 10004 100 131072 559010 414770 11294 6240
0b001001 0b001101 10003 100 131072 559010 414774 11294 5760
0b001001 0b001101 10002 100 131072 559010 414778 11294 5280
0b001001 0b001101 10001 100 131072 559010 414782 11294 4800
0b000601 0b000701 10032 100 131072 912656 62766 11294 2486
0b000801 0b000901 10037 100 131072 972905 2876 2898 88
0b000b01 0b000c01 10036 100 131072 778425 198332 11234 571
0b001701 0b001001 10031 100 131072 637620 339390 11234 5847
0b001b01 0b001c01 10053 100 131072 975655 2876 2898 4443
0b000401 0b000d01 10004 100 131072 963330 15149 15234 2468
0b000901 0b000a01 10045 100 131072 978791 2876 2898 105
0b000101 0b000a01 10005 100 131072 967768 15078 15174 1041
0b001c01 0b001d01 10053 100 131072 981541 2876 2898 4460
0b001701 0b001001 10032 100 131072 639323 346239 11234 6791
0b000a01 0b000b01 10052 100 131072 984677 4502 2898 122
0b001d01 0b001e01 10052 100 131072 987427 2876 2898 4477
0b000a01 0b000b01 10053 100 131072 985856 4515 2898 1066
0b000601 0b000701 10033 100 131072 932029 59677 11294 1526
0b001101 0b001a01 10001 100 131072 976802 15078 15174 4817
0b001701 0b001001 10033 100 131072 641214 351686 11234 6327
0b000301 0b000401 10033 100 131072 890977 103592 11294 1043
0b001e01 0b001f01 10051 100 131072 993313 2876 2898 4494
0b001a01 0b001b01 10055 100 131072 994890 2876 2898 4842
0b000101 0b000201 10032 100 131072 912187 85771 11294 2465
0b000101 0b000201 10033 100 131072 912275 85687 11294 1985
0b000101 0b000201 10034 100 131072 912279 85687 11294 1505
0b000101 0b000201 10035 100 131072 912287 85683 11294 2481
0b000101 0b000201 10036 100 131072 912379 85595 11294 2497
0b001701 0b001001 10034 100 131072 642801 356187 11234 5863
0b000201 0b000301 10033 100 131072 916083 84653 11294 2946
0b000201 0b000301 10034 100 131072 916087 84737 11294 2466
0b000201 0b000301 10035 100 131072 916091 84737 11294 1986
0b000501 0b000601 10031 100 131072 899879 101079 11294 3413
0b000501 0b000601 10032 100 131072 899887 101075 11294 1013
0b000501 0b000601 10033 100 131072 899891 101075 11294 533
0b000501 0b000601 10034 100 131072 899895 101075 11294 53
0b001301 0b001401 10027 100 131072 872824 128586 11234 7235
0b001301 0b001401 10028 100 131072 872828 128586 11234 6755
0b001301 0b001401 10029 100 131072 872832 128586 11234 6275
0b001301 0b001401 10030 100 131072 872840 128583 11234 4355
0b001301 0b001401 10031 100 131072 872844 128588 11234 3875
0b001f01 0b001801 10050 100 131072 999199 2876 2898 4511
0b000301 0b000401 10034 100 131072 899576 102768 11294 1539
0b001701 0b001001 10035 100 131072 644058 358370 11234 6807
0b001b01 0b001c01 10054 100 131072 1000776 2876 2898 4859
0b000401 0b000501 10030 100 131072 872662 131869 11294 3412
0b000401 0b000501 10031 100 131072 872666 131869 11294 2932
0b000401 0b000501 10032 100 131072 872674 131865 11294 532
0b000401 0b000501 10033 100 131072 872762 131781 11294 52
0b000401 0b000501 10034 100 131072 873558 131869 11294 548
0b000001 0b000101 10033 100 131072 943839 63436 11294 2000
0b001c01 0b001d01 10054 100 131072 1006662 2876 2898 4876
0b001401 0b001d01 10003 100 131072 1004428 6834 6838 6292
0b001701 0b001001 10036 100 131072 647914 363783 11234 6343
0b000101 0b000201 10037 100 131072 967760 45623 11294 2001
0b000101 0b000201 10038 100 131072 967764 45623 11294 1521
0b000201 0b000301 10036 100 131072 935185 78605 11294 2962
0b001401 0b001501 10043 100 131072 1004420 11262 2898 7252
0b001401 0b001501 10044 100 131072 1004424 11260 2898 6772
0b001401 0b001501 10045 100 131072 1004433 11253 2898 4372
0b001401 0b001501 10046 100 131072 1004442 11246 2898 3892
0b000e01 0b000f01 10020 100 131072 938406 77573 11294 46
0b000e01 0b000f01 10021 100 131072 938414 77569 11294 1966
0b000e01 0b000f01 10022 100 131072 938418 77569 11294 1486
0b000e01 0b000f01 10023 100 131072 938422 77653 11294 1006
0b000e01 0b000f01 10024 100 131072 938426 77653 11294 526
0b000201 0b000b01 10005 100 131072 1000976 15078 15174 1522
0b000501 0b000601 10035 100 131072 919277 96966 11294 1029
0b001d01 0b001e01 10053 100 131072 1012548 3905 2898 4893
0b001d01 0b001e01 10054 100 131072 1014272 3905 2898 6317
0b000301 0b000c01 10005 100 131072 1003838 15149 15234 2003
0b000e01 0b000f01 10025 100 131072 946174 72901 11294 1982
0b000601 0b000f01 10004 100 131072 1003968 15149 15234 3430
0b000001 0b000101 10034 100 131072 953523 65636 11294 2016
0b000601 0b000701 10034 100 131072 959076 60315 11294 1542
0b000e01 0b000f01 10026 100 131072 948466 70965 11294 2494
0b001801 0b001101 10012 100 131072 1005085 15083 15174 4520
0b000601 0b000701 10035 100 131072 960664 61195 11294 2038
0b000501 0b000e01 10004 100 131072 1007545 15149 15234 2949
0b001e01 0b001f01 10052 100 131072 1019463 3905 2898 4910
0b000701 0b000001 10033 100 131072 954805 68585 11294 1511
0b000701 0b000001 10034 100 131072 954809 68585 11294 1031
0b000701 0b000001 10035 100 131072 954813 68585 11294 551
0b000001 0b000101 10035 100 131072 959635 64483 11294 2032
0b000001 0b000101 10036 100 131072 959639 64483 11294 2496
0b001701 0b001001 10037 100 131072 653237 371336 11234 7287
0b000701 0b000001 10036 100 131072 956590 68132 11294 3415
0b001e01 0b001f01 10053 100 131072 1021187 3905 2898 6334
0b000601 0b000701 10036 100 131072 963309 61722 11294 2934
0b000101 0b000201 10039 100 131072 1010285 15026 11294 2017
0b000001 0b000101 10037 100 131072 963867 61500 11294 2048
0b001501 0b001e01 10004 100 131072 1018694 6820 6838 6789
0b000001 0b000101 10038 100 131072 968711 57540 11294 2944
0b001501 0b001601 10058 100 131072 1018692 8378 2898 7269
0b001501 0b001601 10059 100 131072 1018696 8376 2898 4389
0b001501 0b001601 10060 100 131072 1018698 8376 2898 3909
0b000d01 0b000e01 10018 100 131072 945145 82935 11294 3405
0b000d01 0b000e01 10019 100 131072 945153 82931 11294 1485
0b000d01 0b000e01 10020 100 131072 945157 82931 11294 1005
0b000d01 0b000e01 10021 100 131072 945161 82931 11294 525
0b000d01 0b000e01 10022 100 131072 945165 82931 11294 45
0b000d01 0b000e01 10023 100 131072 945425 82759 11294 1501
0b000401 0b000501 10035 100 131072 902699 125612 11294 1044
0b001701 0b001001 10038 100 131072 655704 373678 11234 5879
0b000b01 0b000c01 10037 100 131072 811057 218952 11234 2971
0b000b01 0b000c01 10038 100 131072 811059 218954 11234 2491
0b001f01 0b001801 10051 100 131072 1026378 4063 2898 4927
0b000201 0b000b01 10006 100 131072 1016397 15078 15174 1538
0b001e01 0b001f01 10054 100 131072 1028524 3016 2898 6814
0b000601 0b000701 10037 100 131072 970700 60935 11294 2502
0b001f01 0b001801 10052 100 131072 1028102 4037 2898 6351
0b000b01 0b000c01 10039 100 131072 811636 221645 11234 2987
0b000b01 0b000c01 10040 100 131072 811808 222005 11234 3467
0b000b01 0b000c01 10041 100 131072 811810 222007 11234 107
0b000c01 0b000d01 10016 100 131072 727715 306532 11294 3404
0b000c01 0b000d01 10017 100 131072 727719 306532 11294 2924
0b000c01 0b000d01 10018 100 131072 727727 306528 11294 1004
0b000c01 0b000d01 10019 100 131072 727731 306528 11294 524
0b000c01 0b000d01 10020 100 131072 727735 306528 11294 44
0b000c01 0b000d01 10021 100 131072 729327 304968 11294 1020
0b000f01 0b000001 10003 100 131072 1018989 15308 15234 63
0b000401 0b000501 10036 100 131072 910063 124588 11294 2036
0b001701 0b001001 10039 100 131072 659490 376082 11234 6823
0b001601 0b001701 10073 100 131072 1030082 5692 2898 4406
0b001601 0b001701 10074 100 131072 1030084 5692 2898 3926
0b000d01 0b000e01 10024 100 131072 968491 67441 11294 1981
0b001601 0b001f01 10005 100 131072 1030080 7266 6838 7286
0b001801 0b001901 10052 100 131072 1033451 4094 2898 4936
0b001f01 0b001801 10053 100 131072 1034550 3013 2898 6831
0b001801 0b001901 10053 100 131072 1035149 4063 2898 6360
0b000d01 0b000e01 10025 100 131072 981489 57615 11294 2493
0b000401 0b000501 10037 100 131072 917667 122704 11294 1540
0b001301 0b001401 10032 100 131072 885404 156035 11234 4899
0b000001 0b000901 10005 100 131072 1026408 15364 15174 560
0b000701 0b000001 10037 100 131072 970596 71924 11294 1527
0b001f01 0b001801 10054 100 131072 1040356 2998 2898 7311
0b001801 0b001901 10054 100 131072 1040573 3021 2898 6840
0b001901 0b001a01 10056 100 131072 1042222 2937 2898 6377
0b001701 0b001001 10040 100 131072 666476 378809 11234 6359
0b001701 0b001801 10006 100 131072 1038786 6852 6838 3943
0b000b01 0b000c01 10042 100 131072 853898 192551 11234 1515
0b000e01 0b000701 10003 100 131072 1031090 15610 15234 3422
0b001401 0b001501 10047 100 131072 1044449 2909 2898 4916
0b000901 0b000a01 10046 100 131072 1044782 2876 2898 585
0b000c01 0b000501 10006 100 131072 1033023 15169 15234 2508
0b000501 0b000601 10036 100 131072 949201 99193 11294 1045
0b000201 0b000301 10037 100 131072 960453 88198 11294 562
0b001901 0b001a01 10057 100 131072 1046604 3176 2898 6857
0b001701 0b001001 10041 100 131072 669717 380156 11234 7303
0b001801 0b001901 10055 100 131072 1046364 3491 2898 7320
0b001101 0b001201 10019 100 131072 976694 73260 11294 3857
0b001101 0b001201 10020 100 131072 976698 73260 11294 7217
0b001101 0b001201 10021 100 131072 976702 73260 11294 6737
0b001101 0b001201 10022 100 131072 976790 73176 11294 6257
0b001101 0b001201 10023 100 131072 976794 73176 11294 5777
0b001101 0b001201 10024 100 131072 976798 73176 11294 5297
0b000201 0b000301 10038 100 131072 961689 89078 11294 82
0b001301 0b001401 10033 100 131072 889368 161488 11234 4371
0b001a01 0b001b01 10056 100 131072 1048169 2941 2898 6394
0b001801 0b001901 10056 100 131072 1048648 3477 2898 3960
0b000701 0b000001 10038 100 131072 978432 73948 11294 2503
0b000d01 0b000601 10003 100 131072 1037261 15149 15234 2941
0b000501 0b000601 10037 100 131072 953605 99369 11294 1541
0b001501 0b001601 10061 100 131072 1050368 2876 2898 4933
0b000a01 0b000b01 10054 100 131072 1050668 2909 2898 602
0b000201 0b000301 10039 100 131072 966529 89254 11294 3442
0b001901 0b001201 10009 100 131072 1040555 15154 15174 4953
0b001a01 0b001b01 10057 100 131072 1052790 3154 2898 6874
0b000301 0b000401 10035 100 131072 945386 110682 11294 3427
0b000301 0b000401 10036 100 131072 945390 110682 11294 2947
0b000301 0b000401 10037 100 131072 945394 110682 11294 2467
0b000301 0b000401 10038 100 131072 946190 109890 11294 3443
0b000301 0b000401 10039 100 131072 946194 109890 11294 83
0b001901 0b001a01 10058 100 131072 1052865 3490 2898 7337
0b001401 0b001501 10048 100 131072 1053866 2907 2898 4388
0b001b01 0b001c01 10055 100 131072 1054120 2951 2898 6411
0b000501 0b000601 10038 100 131072 957653 99725 11294 2037
0b000301 0b000401 10040 100 131072 947866 109538 11294 563
0b000b01 0b000c01 10043 100 131072 856612 200857 11234 587
0b001101 0b001201 10025 100 131072 1023178 34553 11294 4529
0b001701 0b001001 10042 100 131072 674762 382987 11234 6839
0b001901 0b001a01 10059 100 131072 1055135 3490 2898 3977
0b001601 0b001701 10075 100 131072 1056254 2909 2898 4950
0b001b01 0b001c01 10056 100 131072 1058954 3117 2898 6891
0b000501 0b000601 10039 100 131072 962390 99744 11294 2501
0b001501 0b001601 10062 100 131072 1059783 2876 2898 4405
0b001a01 0b001b01 10058 100 131072 1059365 3474 2898 7354
0b001a01 0b001b01 10059 100 131072 1061635 3474 2898 3994
0b001701 0b001001 10043 100 131072 680045 385273 11234 5895
0b000101 0b000201 10040 100 131072 1022169 43185 11294 2033
0b001701 0b001001 10044 100 131072 680426 385248 11234 7319
0b000601 0b000701 10038 100 131072 1003972 61935 11294 1030
0b000601 0b000701 10039 100 131072 1003976 61935 11294 550
0b000601 0b000701 10040 100 131072 1003980 61935 11294 70
0b001c01 0b001501 10011 100 131072 1060081 7505 6838 6428
0b001201 0b001b01 10002 100 131072 1052984 15114 15174 5314
0b001c01 0b001d01 10055 100 131072 1065081 3079 2898 6908
0b001601 0b001701 10076 100 131072 1065669 2908 2898 4422
0b000701 0b000001 10039 100 131072 994716 74063 11294 1543
0b000b01 0b000c01 10044 100 131072 867932 201069 11234 1051
0b001b01 0b001c01 10057 100 131072 1065849 3457 2898 7371
0b000c01 0b000d01 10022 100 131072 778131 291439 11294 1980
0b001b01 0b001c01 10058 100 131072 1068119 3709 2898 4011
0b001701 0b001001 10045 100 131072 689956 382066 11234 6375
0b001501 0b001601 10063 100 131072 1070596 2876 2898 6437
0b001b01 0b001c01 10059 100 131072 1071108 3307 2898 5339
0b000401 0b000d01 10005 100 131072 1059086 15857 15234 2484
0b001c01 0b001d01 10056 100 131072 1072316 3307 2898 7388
0b000301 0b000401 10041 100 131072 974829 100795 11294 1059
0b001d01 0b001601 10012 100 131072 1071170 6842 6838 6925
0b000e01 0b000f01 10027 100 131072 1025704 52475 11294 2974
0b001c01 0b001d01 10057 100 131072 1074838 3706 2898 4028
0b000001 0b000101 10039 100 131072 1026400 52422 11294 1520
0b000001 0b000101 10040 100 131072 1026404 52422 11294 1040
0b000601 0b000701 10041 100 131072 1019253 59866 11294 1046
0b001601 0b001701 10077 100 131072 1076482 2908 2898 6454
0b001c01 0b001d01 10058 100 131072 1077425 3461 2898 5356
0b000101 0b000201 10041 100 131072 1027128 53736 11294 2049
0b000101 0b000201 10042 100 131072 1027132 53736 11294 2513
0b000101 0b000201 10043 100 131072 1028377 53199 11294 2065
0b001d01 0b001e01 10055 100 131072 1078633 2978 2898 7405
0b000001 0b000101 10041 100 131072 1027732 54094 11294 3424
0b000101 0b000201 10044 100 131072 1029261 52592 11294 2961
0b000401 0b000501 10038 100 131072 963318 118924 11294 68
0b000401 0b000501 10039 100 131072 963322 118924 11294 3428
0b000401 0b000501 10040 100 131072 963326 118924 11294 2948
0b000401 0b000501 10041 100 131072 964214 119004 11294 84
0b001701 0b001001 10046 100 131072 698416 384846 11234 7335
0b001601 0b001701 10078 100 131072 1081022 2928 2898 6934
0b000701 0b000801 10005 100 131072 1068925 15078 15174 87
0b000401 0b000501 10042 100 131072 965094 118920 11294 564
0b001d01 0b001e01 10056 100 131072 1081554 3296 2898 4045
0b000b01 0b000c01 10045 100 131072 891969 193688 11234 2507
0b001301 0b001401 10034 100 131072 905472 180842 11234 4387
0b001d01 0b001e01 10057 100 131072 1083896 3287 2898 5373
0b000201 0b000301 10040 100 131072 1000968 88394 11294 2482
0b000201 0b000301 10041 100 131072 1000972 88478 11294 2002
0b000201 0b000301 10042 100 131072 1000980 88474 11294 2498
0b000201 0b000301 10043 100 131072 1000990 88468 11294 2514
0b000801 0b000901 10038 100 131072 1087013 2908 2898 104
0b001e01 0b001f01 10055 100 131072 1087860 3296 2898 4062
0b001e01 0b001701 10013 100 131072 1084621 6820 6838 7422
0b001401 0b001501 10049 100 131072 1089324 2913 2898 4404
0b000b01 0b000c01 10046 100 131072 893643 198626 11234 2523
0b001e01 0b001f01 10056 100 131072 1090193 3296 2898 5390
0b001001 0b001101 10007 100 131072 577136 517208 11294 3856
0b000001 0b000101 10042 100 131072 1037307 57279 11294 64
0b001301 0b001401 10035 100 131072 910052 185310 11234 4915
0b000901 0b000a01 10047 100 131072 1092931 2876 2898 121
0b000101 0b000a01 10006 100 131072 1081836 15078 15174 1057
0b000301 0b000401 10042 100 131072 1003746 94274 11294 2963
0b000301 0b000401 10043 100 131072 1003834 94190 11294 2483
0b001501 0b001601 10064 100 131072 1095247 2876 2898 4421
0b000701 0b000001 10040 100 131072 1022401 75959 11294 1559
0b001f01 0b001801 10055 100 131072 1096499 2876 2898 5407
0b000f01 0b000801 10029 100 131072 1018993 80458 11234 1983
0b000f01 0b000801 10030 100 131072 1018997 80458 11234 1503
0b000f01 0b000801 10031 100 131072 1019085 80374 11234 1023
0b000f01 0b000801 10032 100 131072 1019089 80374 11234 543
0b000001 0b000101 10043 100 131072 1045530 55141 11294 1536
0b000501 0b000e01 10005 100 131072 1085260 15741 15234 2965
0b001401 0b001501 10050 100 131072 1098372 2908 2898 4932
0b000701 0b000001 10041 100 131072 1024869 76575 11294 2055
0b000f01 0b000801 10033 100 131072 1022085 80634 11234 1999
0b000f01 0b000801 10034 100 131072 1022127 80596 11234 3455
0b000f01 0b000801 10035 100 131072 1022441 80286 11234 2511
0b000201 0b000301 10044 100 131072 1016393 86621 11294 2018
0b000a01 0b000b01 10055 100 131072 1098817 4585 2898 138
0b000d01 0b000e01 10026 100 131072 1037257 66497 11294 3421
0b000d01 0b000e01 10027 100 131072 1037265 66493 11294 1021
0b000d01 0b000e01 10028 100 131072 1037269 66493 11294 541
0b000d01 0b000e01 10029 100 131072 1037273 66493 11294 61
0b000d01 0b000e01 10030 100 131072 1037305 66465 11294 1037
0b001601 0b001701 10079 100 131072 1101133 2908 2898 4438
0b000401 0b000501 10043 100 131072 997579 106521 11294 1060
0b000a01 0b000b01 10056 100 131072 1099924 4586 2898 1082
0b000101 0b000201 10045 100 131072 1081832 22739 11294 1537
0b001301 0b001401 10036 100 131072 916308 188378 11234 4403
0b001701 0b001001 10047 100 131072 702214 402873 11234 7351
0b001801 0b001901 10057 100 131072 1102385 2876 2898 5416
0b000701 0b000001 10042 100 131072 1028041 77103 11294 2951
0b000b01 0b000c01 10047 100 131072 906342 198810 11234 3003
0b000001 0b000101 10044 100 131072 1055390 51463 11294 2512
0b001501 0b001601 10065 100 131072 1104290 2876 2898 4949
0b000301 0b000401 10044 100 131072 1016800 91093 11294 2979
0b000301 0b000c01 10006 100 131072 1092460 15750 15234 2019
0b000c01 0b000501 10007 100 131072 1088667 20191 15234 2524
0b000401 0b000501 10044 100 131072 1005354 103687 11294 1556
0b001101 0b001201 10026 100 131072 1097354 11788 11294 3873
0b001f01 0b001001 10014 100 131072 1094166 15083 15174 4079
0b001301 0b001401 10037 100 131072 921152 188902 11234 4931
0b000701 0b000001 10043 100 131072 1034645 75867 11294 2519
0b001401 0b001501 10051 100 131072 1107696 2908 2898 4420
0b001901 0b001a01 10060 100 131072 1108271 2876 2898 5433
0b000f01 0b000801 10036 100 131072 1081189 29990 11234 2991
0b000201 0b000301 10045 100 131072 1028321 83682 11294 2034
0b001301 0b001401 10038 100 131072 923796 189250 11234 4419
0b001601 0b001701 10080 100 131072 1110176 2908 2898 4966
0b001701 0b001001 10048 100 131072 703272 409931 11234 6855
0b000101 0b000201 10046 100 131072 1084836 29872 11294 3441
0b000601 0b000701 10042 100 131072 1051404 63447 11294 1062
0b000c01 0b000501 10008 100 131072 1095279 20615 15234 2540
0b001401 0b001501 10052 100 131072 1113064 3000 2898 4948
0b000401 0b000d01 10006 100 131072 1101034 15185 15234 2500
0b000801 0b000901 10039 100 131072 1102461 13814 2898 1992
0b000801 0b000901 10040 100 131072 1102465 13812 2898 1512
0b000801 0b000901 10041 100 131072 1102469 13810 2898 1032
0b001501 0b001601 10066 100 131072 1113614 3020 2898 4437
0b001701 0b001001 10049 100 131072 705096 411635 11234 6871
0b000801 0b000101 10004 100 131072 1102473 15083 15174 552
0b000d01 0b000e01 10031 100 131072 1072580 45116 11294 1997
0b000601 0b000701 10043 100 131072 1055420 62603 11294 2950
0b000001 0b000101 10045 100 131072 1071789 46341 11294 1552
0b000601 0b000701 10044 100 131072 1055984 62316 11294 1558
0b000501 0b000601 10040 100 131072 1007541 110896 11294 3429
0b000501 0b000601 10041 100 131072 1007549 110976 11294 549
0b000501 0b000601 10042 100 131072 1007553 110976 11294 69
0b000d01 0b000e01 10032 100 131072 1077953 40627 11294 2509
0b001301 0b001401 10039 100 131072 929872 188710 11234 4435
0b001401 0b001501 10053 100 131072 1116056 2912 2898 4436
0b000601 0b000701 10045 100 131072 1060388 59091 11294 2054
0b000501 0b000601 10043 100 131072 1008437 111240 11294 565
0b000601 0b000701 10046 100 131072 1065144 54955 11294 2518
0b001301 0b001401 10040 100 131072 933044 187210 11234 4947
0b001301 0b001401 10041 100 131072 933054 187204 11234 4963
0b000701 0b000001 10044 100 131072 1049710 70735 11294 3431
0b000801 0b000901 10042 100 131072 1105729 14885 2898 2008
0b000801 0b000901 10043 100 131072 1105733 14903 2898 3464
0b000801 0b000901 10044 100 131072 1105737 14900 2898 2520
0b001301 0b001401 10042 100 131072 934900 186678 11234 4451
0b000e01 0b000f01 10028 100 131072 1031094 90649 11294 1502
0b000e01 0b000f01 10029 100 131072 1031098 90649 11294 1022
0b000e01 0b000f01 10030 100 131072 1031102 90649 11294 542
0b000e01 0b000f01 10031 100 131072 1031106 90649 11294 62
0b000e01 0b000f01 10032 100 131072 1031194 90565 11294 1518
0b000e01 0b000701 10004 100 131072 1106764 15149 15234 3438
0b000801 0b000901 10045 100 131072 1114189 7880 2898 3000
0b001501 0b001601 10067 100 131072 1119074 3007 2898 4965
0b001301 0b001401 10043 100 131072 937016 185094 11234 4467
0b001601 0b001701 10081 100 131072 1119644 3022 2898 4454
0b001301 0b001401 10044 100 131072 939660 183334 11234 4483
0b001301 0b001401 10045 100 131072 939670 183412 11234 4499
0b000301 0b000c01 10007 100 131072 1106024 17517 15234 2035
0b001301 0b001401 10046 100 131072 943364 180250 11234 4515
0b000b01 0b000c01 10048 100 131072 908894 214959 11234 2539
0b001301 0b001401 10047 100 131072 948472 175758 11234 4531
0b001301 0b001401 10048 100 131072 954196 170302 11234 4547
0b001501 0b001601 10068 100 131072 1121978 3154 2898 4453
0b000201 0b000b01 10007 100 131072 1107581 19247 15174 1554
0b000901 0b000a01 10048 100 131072 1119285 8087 2898 2009
0b000901 0b000a01 10049 100 131072 1119287 8087 2898 1529
0b001601 0b001701 10082 100 131072 1125091 2928 2898 4982
0b001a01 0b001301 10010 100 131072 1114157 15083 15174 5450
0b000301 0b000401 10045 100 131072 1051661 77365 11294 579
0b001401 0b001501 10054 100 131072 1121592 7710 2898 4452
0b000301 0b000401 10046 100 131072 1053777 76133 11294 99
0b001601 0b001701 10083 100 131072 1128142 2909 2898 4470
0b000d01 0b000e01 10033 100 131072 1119229 11763 11294 2525
0b000301 0b000401 10047 100 131072 1058793 73669 11294 3459
0b000301 0b000c01 10008 100 131072 1115013 18118 15234 2051
0b001201 0b001301 10034 100 131072 1052964 80312 11294 3874
0b001201 0b001301 10035 100 131072 1052968 80312 11294 7234
0b001201 0b001301 10036 100 131072 1052972 80312 11294 6754
0b001201 0b001301 10037 100 131072 1052976 80312 11294 6274
0b001201 0b001301 10038 100 131072 1052980 80312 11294 5794
0b000a01 0b000b01 10057 100 131072 1130382 3141 2898 2026
0b000e01 0b000f01 10033 100 131072 1038942 94669 11294 1998
0b000901 0b000201 10005 100 131072 1119289 15223 15174 1049
0b001501 0b001601 10069 100 131072 1132312 3265 2898 4469
0b000901 0b000a01 10050 100 131072 1123624 12284 2898 2025
0b000901 0b000a01 10051 100 131072 1123646 12264 2898 3481
0b000901 0b000a01 10052 100 131072 1123647 12265 2898 2537
0b000901 0b000a01 10053 100 131072 1125079 11108 2898 3017
0b001201 0b001301 10039 100 131072 1058719 77925 11294 4962
0b000601 0b000f01 10005 100 131072 1121447 15473 15234 3446
0b001201 0b001301 10040 100 131072 1060741 76611 11294 4546
0b000e01 0b000f01 10034 100 131072 1042114 95373 11294 2510
0b000f01 0b000001 10004 100 131072 1124765 15621 15234 79
0b001601 0b001701 10084 100 131072 1138587 2909 2898 4486
0b000c01 0b000501 10009 100 131072 1126863 15354 15234 2556
0b000101 0b000201 10047 100 131072 1097596 44669 11294 81
0b000c01 0b000d01 10023 100 131072 795978 346872 11294 3420
0b000c01 0b000d01 10024 100 131072 795979 346959 11294 2940
0b000c01 0b000d01 10025 100 131072 795981 346961 11294 540
0b000c01 0b000d01 10026 100 131072 796003 346943 11294 60
0b000c01 0b000d01 10027 100 131072 796344 346606 11294 556
0b000201 0b000301 10046 100 131072 1068364 75517 11294 2050
0b001401 0b001501 10055 100 131072 1123264 21103 2898 4964
0b001401 0b001501 10056 100 131072 1123274 21095 2898 4980
0b001201 0b001301 10041 100 131072 1112152 32772 11294 3890
0b000a01 0b000301 10006 100 131072 1130384 15095 15174 1546
0b000701 0b000001 10045 100 131072 1068917 78012 11294 1047
0b000701 0b000001 10046 100 131072 1068921 78012 11294 567
0b001401 0b001501 10057 100 131072 1124588 22885 2898 4468
0b000301 0b000401 10048 100 131072 1092372 55679 11294 2499
0b000301 0b000401 10049 100 131072 1092464 55591 11294 2515
0b000301 0b000401 10050 100 131072 1092474 55585 11294 2531
0b001401 0b001501 10058 100 131072 1125120 23125 2898 4484
0b001401 0b001501 10059 100 131072 1126004 23139 2898 4500
0b001401 0b001501 10060 100 131072 1126092 23135 2898 4516
0b001401 0b001501 10061 100 131072 1126624 22790 2898 4532
0b001401 0b001501 10062 100 131072 1127240 22351 2898 4548
0b001401 0b001501 10063 100 131072 1127508 22106 2898 4564
0b001701 0b001001 10050 100 131072 720381 429629 11234 7367
0b000a01 0b000b01 10058 100 131072 1138918 11173 2898 2042
0b000a01 0b000b01 10059 100 131072 1138920 11173 2898 3498
0b000a01 0b000b01 10060 100 131072 1138922 11173 2898 2554
0b000a01 0b000b01 10061 100 131072 1139197 10985 2898 3034
0b000101 0b000201 10048 100 131072 1103681 46688 11294 1553
0b001301 0b001c01 10003 100 131072 1136302 15079 15174 5811
0b000b01 0b000401 10007 100 131072 1136533 15104 15174 2043
0b000501 0b000601 10044 100 131072 1031321 121716 11294 1061
0b000001 0b000101 10046 100 131072 1101370 54275 11294 1568
0b000601 0b000701 10047 100 131072 1121535 34373 11294 566
0b000601 0b000701 10048 100 131072 1121539 34373 11294 86
0b000101 0b000201 10049 100 131072 1109863 46591 11294 2529
0b000601 0b000701 10049 100 131072 1122687 33933 11294 582
0b000b01 0b000c01 10049 100 131072 911278 245556 11234 123
0b000b01 0b000c01 10050 100 131072 911345 245757 11234 3483
0b001c01 0b001d01 10059 100 131072 1154391 2876 2898 5836
0b000201 0b000301 10047 100 131072 1083874 75081 11294 2066
0b000201 0b000301 10048 100 131072 1083878 75081 11294 2530
0b001501 0b001601 10070 100 131072 1147377 11719 2898 4981
0b001501 0b001601 10071 100 131072 1147387 11711 2898 4997
0b000201 0b000301 10049 100 131072 1084586 74817 11294 2082
0b000201 0b000301 10050 100 131072 1084863 74544 11294 2978
0b000b01 0b000c01 10051 100 131072 912249 247237 11234 2555
0b000b01 0b000c01 10052 100 131072 912272 247218 11234 3019
0b000701 0b000001 10047 100 131072 1082129 77775 11294 1063
0b000301 0b000401 10051 100 131072 1148489 11978 11294 1555
0b000d01 0b000601 10004 100 131072 1145948 15603 15234 2957
0b000501 0b000601 10045 100 131072 1037661 123828 11294 2053
0b001701 0b001001 10051 100 131072 721412 440326 11234 5351
0b001701 0b001001 10052 100 131072 721413 440329 11234 4871
0b001701 0b001001 10053 100 131072 721414 440332 11234 4391
0b000001 0b000101 10047 100 131072 1104454 57540 11294 2064
0b000301 0b000c01 10009 100 131072 1146891 15866 15234 2067
0b001d01 0b001e01 10058 100 131072 1160277 2876 2898 5853
0b000101 0b000201 10050 100 131072 1120566 44173 11294 561
0b000101 0b000201 10051 100 131072 1121140 43779 11294 1569
0b000001 0b000901 10006 100 131072 1149943 15078 15174 576
0b000001 0b000101 10048 100 131072 1108154 60004 11294 2960
0b001601 0b001701 10085 100 131072 1162106 6170 2898 4998
0b001601 0b001701 10086 100 131072 1162116 6161 2898 5014
0b000b01 0b000401 10008 100 131072 1153101 15289 15174 2059
0b000501 0b000601 10046 100 131072 1043381 124972 11294 1557
0b000201 0b000b01 10008 100 131072 1153379 15078 15174 1570
0b001e01 0b001f01 10057 100 131072 1166163 2876 2898 5870
0b001501 0b001601 10072 100 131072 1150483 19318 2898 4485
0b000901 0b000a01 10054 100 131072 1168031 2876 2898 601
0b000401 0b000501 10045 100 131072 1059078 112097 11294 3444
0b000401 0b000501 10046 100 131072 1059082 112097 11294 2964
0b000401 0b000501 10047 100 131072 1059090 112093 11294 3460
0b001501 0b001601 10073 100 131072 1151255 20060 2898 4501
0b000401 0b000501 10048 100 131072 1059094 112177 11294 100
0b000401 0b000501 10049 100 131072 1060414 111741 11294 580
0b001501 0b001601 10074 100 131072 1152153 20319 2898 4517
0b001501 0b001601 10075 100 131072 1152237 20237 2898 4533
0b001501 0b001601 10076 100 131072 1152424 20178 2898 4549
0b001501 0b001601 10077 100 131072 1152601 20045 2898 4565
0b001501 0b001601 10078 100 131072 1152624 20024 2898 4581
0b000701 0b000801 10006 100 131072 1158922 15089 15174 103
0b000b01 0b000c01 10053 100 131072 934183 239934 11234 1531
0b001f01 0b001801 10056 100 131072 1172049 2876 2898 5887
0b000001 0b000101 10049 100 131072 1113522 61240 11294 2528
0b000601 0b000701 10050 100 131072 1156047 19431 11294 1078
0b000501 0b000601 10047 100 131072 1051202 124592 11294 2517
0b000a01 0b000b01 10062 100 131072 1173917 2909 2898 618
0b000c01 0b000501 10010 100 131072 1162496 16235 15234 2572
0b001001 0b001901 10005 100 131072 1164756 15078 15174 4400
0b000801 0b000901 10046 100 131072 1177021 2907 2898 120
0b001601 0b001701 10087 100 131072 1172811 7455 2898 4502
0b001801 0b001901 10058 100 131072 1177935 2876 2898 5896
0b000201 0b000301 10051 100 131072 1117718 64947 11294 3458
0b000201 0b000b01 10009 100 131072 1167929 15078 15174 1586
0b000001 0b000101 10050 100 131072 1123455 60111 11294 3440
0b000301 0b000401 10052 100 131072 1161969 22975 11294 2547
0b000b01 0b000c01 10054 100 131072 936294 248780 11234 1067
0b000301 0b000401 10053 100 131072 1162417 22971 11294 2995
0b000901 0b000a01 10055 100 131072 1182938 2876 2898 137
0b000401 0b000501 10050 100 131072 1078634 107795 11294 1076
0b001901 0b001a01 10061 100 131072 1182844 4661 2898 4425
0b001901 0b001a01 10062 100 131072 1183821 4652 2898 5913
0b000301 0b000c01 10010 100 131072 1161965 26261 15234 2083
0b000301 0b000c01 10011 100 131072 1162413 26242 15234 2099
0b000401 0b000d01 10007 100 131072 1151061 37705 15234 2516
0b000401 0b000d01 10008 100 131072 1151071 37704 15234 2532
0b000401 0b000d01 10009 100 131072 1151081 37703 15234 2548
0b000501 0b000e01 10006 100 131072 1174189 15241 15234 2981
0b001601 0b001701 10088 100 131072 1174325 15122 2898 4518
0b001301 0b001401 10049 100 131072 1132250 59286 11234 5459
0b000a01 0b000b01 10063 100 131072 1188824 2908 2898 154
0b000d01 0b000e01 10034 100 131072 1145860 46186 11294 3437
0b001601 0b001701 10089 100 131072 1175482 16835 2898 4534
0b001601 0b001701 10090 100 131072 1175492 16827 2898 4550
0b001601 0b001701 10091 100 131072 1175612 16773 2898 4566
0b001601 0b001701 10092 100 131072 1175656 16773 2898 4582
0b001601 0b001701 10093 100 131072 1175696 16735 2898 4598
0b000d01 0b000e01 10035 100 131072 1145952 46626 11294 557
0b000d01 0b000e01 10036 100 131072 1145956 46626 11294 77
0b000d01 0b000e01 10037 100 131072 1145962 46624 11294 573
0b000b01 0b000c01 10055 100 131072 939096 254279 11234 3499
0b001a01 0b001b01 10060 100 131072 1190515 4661 2898 4442
0b000101 0b000201 10052 100 131072 1158655 36567 11294 1585
0b000201 0b000301 10052 100 131072 1137522 58180 11294 1058
0b000001 0b000101 10051 100 131072 1143396 52318 11294 80
0b001a01 0b001b01 10061 100 131072 1191483 4661 2898 5930
0b000f01 0b000801 10037 100 131072 1124753 71337 11234 1519
0b000f01 0b000801 10038 100 131072 1124757 71337 11234 1039
0b000f01 0b000801 10039 100 131072 1124761 71337 11234 559
0b000f01 0b000801 10040 100 131072 1124769 71333 11234 1535
0b001401 0b001501 10064 100 131072 1194546 2909 2898 5476
0b000301 0b000401 10054 100 131072 1185675 11842 11294 3475
0b000001 0b000101 10052 100 131072 1149939 47891 11294 1056
0b000201 0b000301 10053 100 131072 1145275 53863 11294 98
0b000001 0b000101 10053 100 131072 1162914 36944 11294 1072
0b001b01 0b001c01 10060 100 131072 1198186 2876 2898 4459
0b001701 0b001001 10054 100 131072 732934 470068 11234 5911
0b000401 0b000d01 10010 100 131072 1187954 15181 15234 2564
0b001501 0b001601 10079 100 131072 1200495 2876 2898 5493
0b000201 0b000301 10054 100 131072 1159464 44070 11294 2546
0b000f01 0b000801 10041 100 131072 1136621 68197 11234 2015
0b000b01 0b000c01 10056 100 131072 951995 253005 11234 603
0b000201 0b000301 10055 100 131072 1167749 37897 11294 578
0b001b01 0b001401 10011 100 131072 1199154 6844 6838 5947
0b000101 0b000201 10053 100 131072 1165004 41129 11294 2081
0b000f01 0b000801 10042 100 131072 1139930 66384 11234 3471
0b000f01 0b000801 10043 100 131072 1140497 65909 11234 2527
0b001c01 0b001d01 10060 100 131072 1204072 2876 2898 4476
0b000e01 0b000f01 10035 100 131072 1104011 102859 11294 2990
0b000601 0b000701 10052 100 131072 1164499 42852 11294 2070
0b000601 0b000701 10051 100 131072 1164561 42794 11294 2966
0b000801 0b000901 10047 100 131072 1199100 8455 2898 1528
0b000801 0b000901 10048 100 131072 1199104 8453 2898 1048
0b000801 0b000901 10049 100 131072 1199112 8447 2898 1544
0b001601 0b001701 10094 100 131072 1206411 2908 2898 5510
0b000e01 0b000701 10005 100 131072 1195056 15149 15234 3454
0b000401 0b000501 10051 100 131072 1101030 109261 11294 2980
0b000e01 0b000f01 10036 100 131072 1106768 103810 11294 1038
0b000e01 0b000f01 10037 100 131072 1106772 103810 11294 558
0b000e01 0b000f01 10038 100 131072 1106776 103894 11294 78
0b000e01 0b000f01 10039 100 131072 1106780 103894 11294 1054
0b000701 0b000001 10048 100 131072 1117861 93914 11294 1079
0b001401 0b001501 10065 100 131072 1209008 2909 2898 5956
0b000601 0b000701 10053 100 131072 1171363 40656 11294 1574
0b001d01 0b001e01 10059 100 131072 1209958 2876 2898 4493
0b000801 0b000901 10050 100 131072 1207828 5481 2898 2024
0b000601 0b000701 10054 100 131072 1178804 35331 11294 2534
0b000801 0b000101 10005 100 131072 1199108 15519 15174 568
0b000201 0b000b01 10010 100 131072 1198232 16706 15174 1602
0b000801 0b000901 10051 100 131072 1209324 7107 2898 3480
0b000901 0b000a01 10056 100 131072 1210565 5912 2898 1545
0b000801 0b000901 10052 100 131072 1209416 7061 2898 2536
0b000901 0b000a01 10057 100 131072 1210575 5904 2898 1561
0b000b01 0b000c01 10057 100 131072 964968 251573 11234 3035
0b000c01 0b000d01 10028 100 131072 852001 365166 11294 76
0b000c01 0b000d01 10029 100 131072 852005 365166 11294 3436
0b000c01 0b000d01 10030 100 131072 852009 365166 11294 2956
0b000c01 0b000d01 10031 100 131072 852105 365074 11294 92
0b001501 0b001601 10080 100 131072 1214957 2876 2898 5973
0b001301 0b001401 10050 100 131072 1136286 81719 11234 3891
0b001301 0b001401 10051 100 131072 1136290 81719 11234 7251
0b001301 0b001401 10052 100 131072 1136294 81719 11234 6771
0b001301 0b001401 10053 100 131072 1136298 81720 11234 6291
0b000101 0b000201 10054 100 131072 1171168 47187 11294 2977
0b001e01 0b001f01 10058 100 131072 1215844 2876 2898 4510
0b000e01 0b000f01 10040 100 131072 1120706 97980 11294 2014
0b000901 0b000a01 10058 100 131072 1216319 2898 2898 2041
0b000e01 0b000f01 10041 100 131072 1121590 97628 11294 2526
0b001301 0b001401 10054 100 131072 1139654 80151 11234 4979
0b001301 0b001401 10055 100 131072 1140362 79620 11234 4563
0b000701 0b000001 10049 100 131072 1121033 99006 11294 2967
0b000701 0b000001 10050 100 131072 1121310 99789 11294 1575
0b001301 0b001401 10056 100 131072 1147934 73161 11234 3907
0b000401 0b000501 10052 100 131072 1110903 110480 11294 2996
0b000201 0b000301 10056 100 131072 1209143 12337 11294 2098
0b001701 0b001001 10055 100 131072 733593 488032 11234 5367
0b000701 0b000001 10051 100 131072 1122489 100634 11294 2071
0b001601 0b001701 10095 100 131072 1220873 2909 2898 5990
0b000701 0b000001 10052 100 131072 1123109 100898 11294 2535
0b001f01 0b001801 10057 100 131072 1221730 2876 2898 4527
0b000901 0b000a01 10059 100 131072 1219441 5720 2898 3497
0b000901 0b000a01 10060 100 131072 1219487 5703 2898 2553
0b000a01 0b000b01 10064 100 131072 1222227 3006 2898 2058
0b000701 0b000001 10053 100 131072 1124923 100672 11294 3447
0b000101 0b000a01 10007 100 131072 1200840 24763 15174 1073
0b000901 0b000201 10006 100 131072 1210567 15181 15174 1065
0b000e01 0b000f01 10042 100 131072 1134002 92260 11294 2542
0b000101 0b000201 10055 100 131072 1177772 49315 11294 2545
0b000101 0b000a01 10008 100 131072 1202868 24591 15174 1089
0b001401 0b001d01 10004 100 131072 1221028 6869 6838 6308
0b000501 0b000e01 10007 100 131072 1213301 15167 15234 2997
0b000f01 0b000001 10005 100 131072 1213680 15149 15234 95
0b000301 0b000401 10055 100 131072 1198712 30983 11294 1075
0b001d01 0b001e01 10060 100 131072 1230907 2876 2898 6333
0b000101 0b000201 10056 100 131072 1186576 47199 11294 3457
0b000501 0b000601 10048 100 131072 1085252 149885 11294 85
0b000501 0b000601 10049 100 131072 1085256 149885 11294 3445
0b000b01 0b000c01 10058 100 131072 992189 243087 11234 139
0b000d01 0b000601 10005 100 131072 1220185 15149 15234 2973
0b001401 0b001501 10066 100 131072 1221015 14554 2898 3908
0b001401 0b001501 10067 100 131072 1221019 14552 2898 7268
0b001401 0b001501 10068 100 131072 1221023 14550 2898 6788
0b000501 0b000601 10050 100 131072 1086228 150061 11294 101
0b001401 0b001501 10069 100 131072 1222815 14524 2898 4996
0b000501 0b000601 10051 100 131072 1087024 150325 11294 581
0b001401 0b001501 10070 100 131072 1222992 14433 2898 4580
0b001401 0b001501 10071 100 131072 1224135 13523 2898 3924
0b000a01 0b000b01 10065 100 131072 1228171 10154 2898 3514
0b000a01 0b000b01 10066 100 131072 1228200 10191 2898 2570
0b000a01 0b000b01 10067 100 131072 1228613 10205 2898 1098
0b000101 0b000201 10057 100 131072 1198724 40159 11294 97
0b000a01 0b000b01 10068 100 131072 1230469 8967 2898 1114
0b001e01 0b001f01 10059 100 131072 1236793 2876 2898 6350
0b000c01 0b000d01 10032 100 131072 864729 374807 11294 1500
0b000501 0b000e01 10008 100 131072 1224393 15163 15234 3013
0b000b01 0b000c01 10059 100 131072 993381 246560 11234 1083
0b000301 0b000401 10056 100 131072 1202148 37847 11294 115
0b000c01 0b000d01 10033 100 131072 869720 370385 11294 1996
0b000c01 0b000d01 10034 100 131072 876009 364340 11294 1036
0b000c01 0b000d01 10035 100 131072 887301 353412 11294 572
0b000001 0b000101 10054 100 131072 1214785 26051 11294 1088
0b001701 0b001001 10056 100 131072 734648 506970 11234 6887
0b001801 0b001101 10013 100 131072 1227616 15083 15174 4536
0b000201 0b000301 10057 100 131072 1221365 21498 11294 2994
0b000b01 0b000401 10009 100 131072 1228243 15083 15174 2075
0b000101 0b000201 10058 100 131072 1217637 25835 11294 577
0b000401 0b000501 10053 100 131072 1132036 111633 11294 596
0b000301 0b000c01 10012 100 131072 1224490 19614 15234 2115
0b000d01 0b000e01 10038 100 131072 1191776 52572 11294 2541
0b000d01 0b000e01 10039 100 131072 1191786 52566 11294 2557
0b000d01 0b000e01 10040 100 131072 1191796 52560 11294 2573
0b000301 0b000401 10057 100 131072 1206544 37864 11294 2563
0b000401 0b000501 10054 100 131072 1132920 111638 11294 116
0b000301 0b000401 10058 100 131072 1208656 36544 11294 595
0b001f01 0b001801 10058 100 131072 1242679 2876 2898 6367
0b001501 0b001e01 10005 100 131072 1238613 6854 6838 6805
0b000a01 0b000301 10007 100 131072 1219487 26087 15174 1562
0b000a01 0b000301 10008 100 131072 1219497 26086 15174 1578
0b001701 0b001001 10057 100 131072 734980 510874 11234 6391
0b000401 0b000501 10055 100 131072 1135472 110982 11294 3476
0b001701 0b001001 10058 100 131072 735347 513595 11234 5927
0b001501 0b001601 10081 100 131072 1238609 11129 2898 3925
0b001501 0b001601 10082 100 131072 1238611 11129 2898 7285
0b001e01 0b001f01 10060 100 131072 1248477 2876 2898 6830
0b001801 0b001901 10059 100 131072 1248565 2876 2898 6376
0b000b01 0b000c01 10060 100 131072 1019064 232997 11234 1547
0b001501 0b001601 10083 100 131072 1240379 12009 2898 5013
0b001501 0b001601 10084 100 131072 1240465 11967 2898 4597
0b001501 0b001601 10085 100 131072 1240698 11799 2898 3941
0b000601 0b000f01 10006 100 131072 1238151 15149 15234 3462
0b001601 0b001701 10096 100 131072 1252778 3163 2898 3942
0b001f01 0b001801 10059 100 131072 1254363 2876 2898 6847
0b001901 0b001a01 10063 100 131072 1254451 2876 2898 6393
0b001101 0b001201 10027 100 131072 1245709 11784 11294 4545
0b000501 0b000601 10052 100 131072 1107110 150946 11294 1077
0b000101 0b000a01 10009 100 131072 1243846 15078 15174 1105
0b000701 0b000001 10054 100 131072 1158918 100403 11294 583
0b001601 0b001f01 10006 100 131072 1252780 6820 6838 7302
0b000701 0b000001 10055 100 131072 1159630 100311 11294 599
0b000401 0b000501 10056 100 131072 1154647 107387 11294 2052
0b000401 0b000d01 10011 100 131072 1247418 15149 15234 2580
0b000501 0b000601 10053 100 131072 1111868 150777 11294 2533
0b000501 0b000601 10054 100 131072 1112051 150598 11294 1573
0b000f01 0b000801 10044 100 131072 1209880 53166 11234 3007
0b001801 0b001901 10060 100 131072 1260249 2917 2898 6856
0b001a01 0b001b01 10062 100 131072 1260337 2876 2898 6410
0b000b01 0b000c01 10061 100 131072 1034485 229327 11234 1563
0b001601 0b001701 10097 100 131072 1255428 8546 2898 5030
0b001601 0b001701 10098 100 131072 1255472 8546 2898 4614
0b001601 0b001701 10099 100 131072 1255537 8505 2898 3958
0b000a01 0b000b01 10069 100 131072 1261934 2898 2898 1130
0b001f01 0b001801 10060 100 131072 1262610 2899 2898 7327
0b001701 0b001801 10007 100 131072 1258981 6820 6838 3959
0b000401 0b000501 10057 100 131072 1163477 104109 11294 1572
0b000501 0b000601 10055 100 131072 1118904 148774 11294 2549
0b000801 0b000901 10053 100 131072 1266056 2907 2898 3016
0b001901 0b001a01 10064 100 131072 1266176 2920 2898 6873
0b001b01 0b001c01 10061 100 131072 1266223 2876 2898 6427
0b001001 0b001101 10008 100 131072 601152 669788 11294 3872
0b001201 0b001301 10042 100 131072 1260503 11205 11294 4562
0b000401 0b000501 10058 100 131072 1171400 100586 11294 2068
0b000e01 0b000f01 10043 100 131072 1192440 80849 11294 3006
0b000701 0b000001 10056 100 131072 1178488 95189 11294 1095
0b001701 0b001801 10008 100 131072 1267082 6852 6838 3975
0b001801 0b001901 10061 100 131072 1268519 5377 2898 7336
0b001801 0b001901 10062 100 131072 1268811 5360 2898 3976
0b000901 0b000a01 10061 100 131072 1271973 2876 2898 3033
0b001a01 0b001b01 10063 100 131072 1272106 2876 2898 6890
0b000b01 0b000c01 10062 100 131072 1056587 219228 11234 619
0b000e01 0b000f01 10044 100 131072 1195588 80521 11294 574
0b000e01 0b000f01 10045 100 131072 1195592 80521 11294 94
0b000e01 0b000f01 10046 100 131072 1195598 80603 11294 590
0b000c01 0b000d01 10036 100 131072 943875 332905 11294 3452
0b000c01 0b000d01 10037 100 131072 943879 332905 11294 2972
0b000301 0b000401 10059 100 131072 1245873 30987 11294 3011
0b000c01 0b000d01 10038 100 131072 944239 332549 11294 3468
0b000c01 0b000d01 10039 100 131072 944331 332461 11294 108
0b000c01 0b000d01 10040 100 131072 957039 320333 11294 1516
0b000201 0b000301 10058 100 131072 1228758 48869 11294 1074
0b000c01 0b000d01 10041 100 131072 964037 313603 11294 2012
0b000c01 0b000d01 10042 100 131072 968403 309401 11294 1052
0b001c01 0b001501 10012 100 131072 1272109 6820 6838 6444
0b001801 0b001901 10063 100 131072 1276944 3001 2898 3992
0b001701 0b001001 10059 100 131072 740421 539817 11234 7383
0b000201 0b000301 10059 100 131072 1230097 50350 11294 2562
0b000a01 0b000b01 10070 100 131072 1277859 2907 2898 3050
0b001b01 0b001c01 10062 100 131072 1277992 2876 2898 6907
0b001901 0b001a01 10065 100 131072 1276906 5507 2898 7353
0b000301 0b000401 10060 100 131072 1248584 33830 11294 1571
0b000301 0b000401 10061 100 131072 1248594 33824 11294 1587
0b001901 0b001a01 10066 100 131072 1277181 5486 2898 3993
0b000401 0b000501 10059 100 131072 1188398 95721 11294 3012
0b001501 0b001601 10086 100 131072 1281969 2876 2898 6453
0b001101 0b001201 10028 100 131072 1273950 11791 11294 3889
0b001301 0b001401 10057 100 131072 1274718 11134 11234 4579
0b001901 0b001a01 10067 100 131072 1282955 2894 2898 4009
0b000d01 0b000e01 10041 100 131072 1206145 80117 11294 2589
0b001c01 0b001d01 10061 100 131072 1283878 2876 2898 6924
0b000201 0b000301 10060 100 131072 1236785 50334 11294 3474
0b000001 0b000901 10007 100 131072 1262331 25958 15174 592
0b001701 0b001001 10060 100 131072 742365 546229 11234 6407
0b000001 0b000901 10008 100 131072 1262951 26042 15174 608
0b000201 0b000301 10061 100 131072 1241893 47694 11294 114
0b000201 0b000301 10062 100 131072 1246482 44253 11294 594
0b001601 0b001701 10100 100 131072 1287885 2909 2898 6470
0b000701 0b000001 10057 100 131072 1210361 81004 11294 2087
0b000701 0b000001 10058 100 131072 1210365 81004 11294 2983
0b001401 0b001501 10072 100 131072 1288892 2876 2898 4596
0b001a01 0b001b01 10064 100 131072 1285423 6359 2898 7370
0b000001 0b000101 10055 100 131072 1223049 68880 11294 2976
0b000701 0b000001 10059 100 131072 1213215 78950 11294 3463
0b001a01 0b001b01 10065 100 131072 1285677 6569 2898 4010
0b000f01 0b000801 10045 100 131072 1213588 78982 11234 1055
0b000f01 0b000801 10046 100 131072 1213592 78982 11234 575
0b000701 0b000001 10060 100 131072 1215029 77576 11294 1591
0b000f01 0b000801 10047 100 131072 1213684 78978 11234 1071
0b000701 0b000001 10061 100 131072 1217145 75640 11294 2551
0b001701 0b001001 10061 100 131072 743644 549510 11234 6423
0b001a01 0b001b01 10066 100 131072 1288859 4964 2898 4026
0b000001 0b000101 10056 100 131072 1224109 69831 11294 1584
0b000401 0b000501 10060 100 131072 1200527 93804 11294 3492
0b000f01 0b000001 10006 100 131072 1279123 15501 15234 111
0b000501 0b000601 10056 100 131072 1145227 150286 11294 2565
0b000d01 0b000601 10006 100 131072 1279794 15669 15234 2989
0b000b01 0b000c01 10063 100 131072 1106412 189408 11234 155
0b000901 0b000a01 10062 100 131072 1291299 4990 2898 617
0b000901 0b000a01 10063 100 131072 1292003 5034 2898 633
0b001d01 0b001601 10013 100 131072 1289764 7788 6838 6941
0b001501 0b001601 10087 100 131072 1294808 2876 2898 4613
0b000001 0b000101 10057 100 131072 1226133 73264 11294 2080
0b001701 0b001001 10062 100 131072 745892 553790 11234 6903
0b001201 0b001301 10043 100 131072 1288751 11205 11294 3906
0b000c01 0b000d01 10043 100 131072 979767 320318 11294 588
0b000b01 0b000c01 10064 100 131072 1107520 192828 11234 1099
0b000801 0b000901 10054 100 131072 1295580 5617 2898 1064
0b001b01 0b001c01 10063 100 131072 1294792 6677 2898 7387
0b000801 0b000901 10055 100 131072 1295672 5613 2898 1080
0b000601 0b000701 10055 100 131072 1238147 63481 11294 102
0b000001 0b000101 10058 100 131072 1227017 75024 11294 2544
0b001b01 0b001c01 10064 100 131072 1295256 7139 2898 4027
0b001b01 0b001c01 10065 100 131072 1296833 6341 2898 4043
0b000601 0b000701 10056 100 131072 1238344 64872 11294 2982
0b000501 0b000e01 10009 100 131072 1287129 16106 15234 3029
0b000a01 0b000b01 10071 100 131072 1299299 4939 2898 634
0b000001 0b000101 10059 100 131072 1228605 75816 11294 3456
0b000a01 0b000b01 10072 100 131072 1300047 4936 2898 650
0b000e01 0b000f01 10047 100 131072 1231478 74216 11294 3022
0b001601 0b001701 10101 100 131072 1300592 5563 2898 6950
0b001601 0b001701 10102 100 131072 1300724 5562 2898 4630
0b000601 0b000701 10057 100 131072 1239299 67441 11294 118
0b000f01 0b000801 10048 100 131072 1221696 85147 11234 2031
0b001701 0b001001 10063 100 131072 748870 558493 11234 5943
0b001701 0b001001 10064 100 131072 748880 558487 11234 5959
0b000f01 0b000801 10049 100 131072 1222228 85147 11234 2543
0b000001 0b000101 10060 100 131072 1231839 76817 11294 96
0b000601 0b000701 10058 100 131072 1240359 68849 11294 598
0b001701 0b001001 10065 100 131072 750393 559006 11234 6439
0b001701 0b001001 10066 100 131072 750460 558943 11234 5383
0b001c01 0b001d01 10062 100 131072 1304479 6152 2898 7404
0b000801 0b000101 10006 100 131072 1295584 15152 15174 584
0b000b01 0b000c01 10065 100 131072 1129838 182355 11234 1579
0b001c01 0b001d01 10063 100 131072 1305405 7076 2898 4044
0b001c01 0b001d01 10064 100 131072 1306184 6677 2898 4060
0b000f01 0b000801 10050 100 131072 1229272 84619 11234 2559
0b001301 0b001401 10058 100 131072 1302996 11134 11234 3923
0b000801 0b000901 10056 100 131072 1309853 5160 2898 2040
0b000301 0b000401 10062 100 131072 1280637 34764 11294 1091
0b000801 0b000901 10057 100 131072 1310385 5161 2898 2552
0b001d01 0b001e01 10061 100 131072 1313641 4493 2898 7421
0b000e01 0b000f01 10048 100 131072 1242566 76068 11294 3038
0b000801 0b000901 10058 100 131072 1316901 2987 2898 2568
0b001401 0b001501 10073 100 131072 1317170 2876 2898 3940
0b001701 0b001001 10067 100 131072 767041 554011 11234 5975
0b000401 0b000501 10061 100 131072 1232705 88863 11294 1092
0b001d01 0b001e01 10062 100 131072 1315491 6341 2898 4061
0b001d01 0b001e01 10063 100 131072 1315871 6152 2898 4077
0b000e01 0b000f01 10049 100 131072 1247358 75240 11294 2558
0b000e01 0b000f01 10050 100 131072 1247368 75234 11294 2574
0b000e01 0b000f01 10051 100 131072 1247378 75228 11294 2590
0b000901 0b000a01 10064 100 131072 1318023 5311 2898 2057
0b000701 0b000001 10062 100 131072 1306226 17387 11294 2999
0b000901 0b000a01 10065 100 131072 1318556 5788 2898 2569
0b000701 0b000801 10007 100 131072 1304638 21085 15174 119
0b001501 0b001601 10088 100 131072 1323086 2876 2898 3957
0b000901 0b000a01 10066 100 131072 1322898 3608 2898 2585
0b000301 0b000401 10063 100 131072 1283457 43221 11294 2579
0b001e01 0b001701 10014 100 131072 1321144 6864 6838 7438
0b000c01 0b000d01 10044 100 131072 1021997 306274 11294 2028
0b000501 0b000601 10057 100 131072 1174185 154530 11294 3461
0b000501 0b000601 10058 100 131072 1174195 154524 11294 3477
0b000501 0b000601 10059 100 131072 1174281 154526 11294 117
0b000501 0b000601 10060 100 131072 1175165 153646 11294 597
0b000701 0b000001 10063 100 131072 1312218 17303 11294 615
0b000401 0b000501 10062 100 131072 1243005 86920 11294 132
0b000901 0b000201 10007 100 131072 1304207 25751 15174 1081
0b001e01 0b001f01 10061 100 131072 1324842 5438 2898 4078
0b000901 0b000201 10008 100 131072 1304295 26008 15174 1097
0b001e01 0b001f01 10062 100 131072 1325033 5438 2898 4094
0b000701 0b000801 10008 100 131072 1309750 20979 15174 135
0b000801 0b000901 10059 100 131072 1328733 2907 2898 136
0b000a01 0b000b01 10073 100 131072 1326344 5398 2898 2074
0b001601 0b001701 10103 100 131072 1329002 2914 2898 3974
0b000401 0b000501 10063 100 131072 1246336 85789 11294 2084
0b000401 0b000501 10064 100 131072 1248210 85407 11294 612
0b000a01 0b000b01 10074 100 131072 1327354 6388 2898 2586
0b000501 0b000601 10061 100 131072 1181741 152460 11294 2581
0b000e01 0b000f01 10052 100 131072 1289272 45130 11294 2606
0b000a01 0b000b01 10075 100 131072 1329516 5316 2898 2602
0b000301 0b000401 10064 100 131072 1290129 46409 11294 3491
0b000801 0b000901 10060 100 131072 1333739 2987 2898 152
0b000e01 0b000f01 10053 100 131072 1306245 31149 11294 3054
0b000901 0b000a01 10067 100 131072 1334650 2969 2898 153
0b000d01 0b000e01 10042 100 131072 1220177 118031 11294 93
0b000d01 0b000e01 10043 100 131072 1220181 118031 11294 3453
0b000d01 0b000e01 10044 100 131072 1220189 118111 11294 109
0b000301 0b000401 10065 100 131072 1292597 45705 11294 131
0b000301 0b000401 10066 100 131072 1293745 44825 11294 611
0b000f01 0b000801 10051 100 131072 1256310 83515 11234 3487
0b000501 0b000601 10062 100 131072 1189439 150750 11294 1093
0b001701 0b001001 10068 100 131072 771740 569870 11234 6919
0b000901 0b000a01 10068 100 131072 1339736 2969 2898 169
0b000a01 0b000b01 10076 100 131072 1340629 2979 2898 170
0b000601 0b000701 10059 100 131072 1261066 82964 11294 1094
0b001701 0b001801 10009 100 131072 1334956 9651 6838 3991
0b000101 0b000201 10059 100 131072 1294939 49643 11294 2993
0b000801 0b000901 10061 100 131072 1342835 2929 2898 3496
0b000b01 0b000c01 10066 100 131072 1153103 193259 11234 3515
0b000b01 0b000c01 10067 100 131072 1153105 193279 11234 2571
0b000b01 0b000c01 10068 100 131072 1153192 193363 11234 3051
0b000001 0b000901 10009 100 131072 1332531 15078 15174 624
0b001701 0b001001 10069 100 131072 773414 574997 11234 7399
0b000401 0b000d01 10012 100 131072 1329688 18528 15234 2596
0b000a01 0b000b01 10077 100 131072 1345715 2917 2898 186
0b000b01 0b000401 10010 100 131072 1334752 15211 15174 2091
0b001801 0b001901 10064 100 131072 1347617 2876 2898 4008
0b001701 0b001001 10070 100 131072 774820 576331 11234 5399
0b000601 0b000701 10060 100 131072 1265655 86383 11294 2550
0b000601 0b000701 10061 100 131072 1265659 86383 11294 1590
0b000901 0b000a01 10069 100 131072 1348774 3800 2898 3513
0b000401 0b000501 10065 100 131072 1279870 74376 11294 3028
0b000901 0b000a01 10070 100 131072 1350619 3784 2898 649
0b000c01 0b000d01 10045 100 131072 1033019 322843 11294 2988
0b001901 0b001a01 10068 100 131072 1353503 2876 2898 4025
0b000101 0b000201 10060 100 131072 1296950 59420 11294 1601
0b000e01 0b000701 10006 100 131072 1341222 15168 15234 3470
0b000601 0b000701 10062 100 131072 1270688 86286 11294 2566
0b000601 0b000f01 10007 100 131072 1331725 26154 15234 3478
0b000601 0b000f01 10008 100 131072 1331735 26153 15234 3494
0b000b01 0b000c01 10069 100 131072 1171467 186760 11234 1595
0b000c01 0b000d01 10046 100 131072 1036291 321940 11294 3004
0b000c01 0b000d01 10047 100 131072 1036823 321468 11294 3484
0b000c01 0b000d01 10048 100 131072 1036827 321468 11294 124
0b001f01 0b001001 10015 100 131072 1333290 25331 15174 4095
0b001f01 0b001001 10016 100 131072 1333481 25905 15174 4111
0b000a01 0b000b01 10078 100 131072 1355584 3841 2898 3530
0b000401 0b000501 10066 100 131072 1285424 74370 11294 1588
0b000401 0b000501 10067 100 131072 1285434 74364 11294 1604
0b000201 0b000301 10063 100 131072 1332968 27179 11294 1090
0b000201 0b000301 10064 100 131072 1333313 27366 11294 1106
0b000a01 0b000b01 10079 100 131072 1357413 3862 2898 666
0b001a01 0b001b01 10067 100 131072 1359389 2876 2898 4042
0b001701 0b001001 10071 100 131072 811921 551788 11234 5415
0b001001 0b001101 10009 100 131072 625210 738947 11294 3888
0b000001 0b000101 10061 100 131072 1276687 87751 11294 1104
0b000e01 0b000f01 10054 100 131072 1341218 23267 11294 110
0b000e01 0b000f01 10055 100 131072 1341310 23267 11294 126
0b000c01 0b000501 10011 100 131072 1349394 15265 15234 2588
0b000201 0b000301 10065 100 131072 1347592 20219 11294 3010
0b001b01 0b001c01 10066 100 131072 1365275 2876 2898 4059
0b000f01 0b000801 10052 100 131072 1276299 91807 11234 3023
0b000b01 0b000c01 10070 100 131072 1179836 189717 11234 635
0b000101 0b000201 10061 100 131072 1302407 67616 11294 2097
0b000701 0b000001 10064 100 131072 1347040 23273 11294 1111
0b000f01 0b000801 10053 100 131072 1279119 92693 11234 591
0b000f01 0b000801 10054 100 131072 1279211 92620 11234 607
0b000501 0b000e01 10010 100 131072 1357256 15405 15234 3045
0b000101 0b000201 10062 100 131072 1305051 68496 11294 2561
0b001c01 0b001d01 10065 100 131072 1371161 2876 2898 4076
0b000801 0b000901 10062 100 131072 1371116 2924 2898 3032
0b000201 0b000b01 10011 100 131072 1359380 15078 15174 1618
0b000101 0b000201 10063 100 131072 1307431 67704 11294 3473
0b000101 0b000201 10064 100 131072 1311666 65233 11294 113
0b000101 0b000201 10065 100 131072 1313746 63509 11294 593
0b000601 0b000701 10064 100 131072 1298473 79097 11294 2998
0b000601 0b000701 10063 100 131072 1298523 79135 11294 2582
0b001101 0b001201 10029 100 131072 1367167 11755 11294 3905
0b001001 0b001101 10010 100 131072 642842 737067 11294 7216
0b001d01 0b001e01 10064 100 131072 1377047 2876 2898 4093
0b000901 0b000a01 10071 100 131072 1377050 2876 2898 3049
0b001001 0b001101 10011 100 131072 642927 737070 11294 6736
0b001001 0b001101 10012 100 131072 642949 737052 11294 6256
0b001001 0b001101 10013 100 131072 642950 737055 11294 5776
0b001001 0b001101 10014 100 131072 642951 737142 11294 5296
0b001001 0b001101 10015 100 131072 642952 737145 11294 4816
0b000b01 0b000c01 10071 100 131072 1186017 194825 11234 1611
0b000c01 0b000d01 10049 100 131072 1049459 331406 11294 1532
0b000d01 0b000601 10007 100 131072 1358872 23822 15234 3005
0b000401 0b000501 10068 100 131072 1318411 64588 11294 1108
0b000001 0b000101 10062 100 131072 1294375 89364 11294 2096
0b000001 0b000101 10063 100 131072 1294379 89364 11294 2992
0b000001 0b000101 10064 100 131072 1295175 89100 11294 3472
0b000001 0b000101 10065 100 131072 1295615 89104 11294 1600
0b000d01 0b000e01 10045 100 131072 1242546 142183 11294 1517
0b000001 0b000101 10066 100 131072 1295795 88928 11294 2560
0b000d01 0b000601 10008 100 131072 1361241 23814 15234 3021
0b000001 0b000101 10067 100 131072 1297634 87621 11294 112
0b001e01 0b001f01 10063 100 131072 1382933 2876 2898 4110
0b000a01 0b000b01 10080 100 131072 1382936 2908 2898 3066
0b000d01 0b000e01 10046 100 131072 1243115 143026 11294 2013
0b000d01 0b000e01 10047 100 131072 1243359 142870 11294 1053
0b000d01 0b000e01 10048 100 131072 1243723 142510 11294 589
0b000e01 0b000f01 10056 100 131072 1375671 11822 11294 3070
0b001001 0b001101 10016 100 131072 644527 744578 11294 3904
0b000b01 0b000c01 10072 100 131072 1194742 197557 11234 171
0b000c01 0b000d01 10050 100 131072 1060479 331923 11294 604
0b000c01 0b000d01 10051 100 131072 1072011 320859 11294 1068
0b000001 0b000101 10068 100 131072 1326623 66380 11294 3008
0b000501 0b000601 10063 100 131072 1246679 146390 11294 613
0b000501 0b000601 10064 100 131072 1247568 145505 11294 133
0b001201 0b001301 10044 100 131072 1381932 11689 11294 3922
0b000f01 0b000001 10007 100 131072 1367495 26221 15234 127
0b000f01 0b000001 10008 100 131072 1367587 26237 15234 143
0b000301 0b000401 10067 100 131072 1363157 30682 11294 1107
0b000301 0b000401 10068 100 131072 1363689 31294 11294 1123
0b000501 0b000601 10065 100 131072 1249464 145985 11294 3493
0b001101 0b001a01 10002 100 131072 1383107 15078 15174 4833
0b000301 0b000401 10069 100 131072 1370821 27774 11294 3027
0b000401 0b000501 10069 100 131072 1339548 59533 11294 3508
0b000101 0b000a01 10010 100 131072 1367448 31739 15174 1121
0b000401 0b000501 10070 100 131072 1341312 59445 11294 148
0b000401 0b000501 10071 100 131072 1341580 59181 11294 628
0b000801 0b000101 10007 100 131072 1374822 26347 15174 600
0b000801 0b000101 10008 100 131072 1374841 26341 15174 616
0b000001 0b000101 10069 100 131072 1373323 28308 11294 1120
0b001f01 0b001001 10017 100 131072 1388849 15098 15174 4127
0b001a01 0b001b01 10068 100 131072 1401195 2876 2898 4858
0b000b01 0b000c01 10073 100 131072 1217948 186446 11234 1627
0b001701 0b001001 10072 100 131072 877134 527375 11234 4887
0b000a01 0b000b01 10081 100 131072 1402197 2902 2898 1146
0b000601 0b000701 10065 100 131072 1331817 74308 11294 134
0b000601 0b000701 10066 100 131072 1331821 74308 11294 614
0b000401 0b000501 10072 100 131072 1352973 53600 11294 2100
0b000f01 0b000801 10055 100 131072 1308704 98709 11234 3039
0b001301 0b001401 10059 100 131072 1396661 11134 11234 3939
0b001b01 0b001c01 10067 100 131072 1407081 2876 2898 4875
0b000601 0b000701 10067 100 131072 1337211 72618 11294 2598
0b000501 0b000601 10066 100 131072 1265044 147401 11294 2069
0b000201 0b000301 10066 100 131072 1373033 39582 11294 2114
0b000801 0b000901 10063 100 131072 1410423 2908 2898 3048
0b000601 0b000701 10068 100 131072 1343199 70163 11294 1110
0b000701 0b000001 10065 100 131072 1355048 58367 11294 2567
0b000701 0b000001 10066 100 131072 1355052 58451 11294 1607
0b000601 0b000f01 10009 100 131072 1398459 15149 15234 3510
0b001401 0b001501 10074 100 131072 1410835 2876 2898 3956
0b001701 0b001001 10073 100 131072 877646 536660 11234 4407
0b001c01 0b001d01 10066 100 131072 1412967 2876 2898 4892
0b000901 0b000a01 10072 100 131072 1416341 2876 2898 3065
0b000501 0b000601 10067 100 131072 1270596 148789 11294 1589
0b001501 0b001601 10089 100 131072 1416751 2876 2898 3973
0b000101 0b000a01 10011 100 131072 1404641 15092 15174 1137
0b001d01 0b001e01 10065 100 131072 1418853 2876 2898 4909
0b000701 0b000001 10067 100 131072 1359400 63435 11294 3479
0b000701 0b000001 10068 100 131072 1359984 63911 11294 2583
0b000701 0b000801 10009 100 131072 1409135 15078 15174 151
0b000501 0b000601 10068 100 131072 1274996 149489 11294 2085
0b001601 0b001701 10104 100 131072 1422667 2908 2898 3990
0b000d01 0b000e01 10049 100 131072 1265577 160133 11294 2605
0b001701 0b001001 10074 100 131072 879031 546924 11234 5431
0b000201 0b000301 10067 100 131072 1376557 50142 11294 2578
0b000001 0b000101 10070 100 131072 1396726 30205 11294 128
0b000001 0b000101 10071 100 131072 1396834 30101 11294 144
0b001e01 0b001f01 10064 100 131072 1424769 2876 2898 4926
0b000a01 0b000b01 10082 100 131072 1422227 5182 2898 3082
0b000a01 0b000b01 10083 100 131072 1422743 5179 2898 1162
0b000201 0b000301 10068 100 131072 1378145 50934 11294 3490
0b000801 0b000901 10064 100 131072 1427223 2907 2898 168
0b000e01 0b000f01 10057 100 131072 1387739 42463 11294 1534
0b000201 0b000301 10069 100 131072 1379909 50490 11294 130
0b000201 0b000301 10070 100 131072 1380265 50310 11294 610
0b000301 0b000c01 10013 100 131072 1415625 15149 15234 2131
0b001001 0b001101 10017 100 131072 651303 779725 11294 7232
0b000f01 0b000801 10056 100 131072 1321644 109454 11234 3055
0b001001 0b001901 10006 100 131072 1417346 15104 15174 4416
0b001f01 0b001801 10061 100 131072 1430685 2876 2898 4943
0b000401 0b000501 10073 100 131072 1396849 37918 11294 1124
0b001701 0b001801 10010 100 131072 1428615 6842 6838 4007
0b000401 0b000501 10074 100 131072 1397993 37306 11294 1140
0b000e01 0b000f01 10058 100 131072 1389151 46687 11294 2030
0b000e01 0b000f01 10059 100 131072 1389239 46603 11294 1070
0b000e01 0b000f01 10060 100 131072 1389243 46603 11294 606
0b001701 0b001001 10075 100 131072 880970 555138 11234 5447
0b001701 0b001001 10076 100 131072 881082 555294 11234 4903
0b000901 0b000a01 10073 100 131072 1433140 3039 2898 185
0b000401 0b000501 10075 100 131072 1401605 34926 11294 3044
0b000801 0b000901 10065 100 131072 1434108 2973 2898 3064
0b001701 0b001001 10077 100 131072 881566 555694 11234 5463
0b000f01 0b000801 10057 100 131072 1325608 111505 11234 2575
0b000f01 0b000801 10058 100 131072 1325618 111499 11234 2591
0b000f01 0b000801 10059 100 131072 1325628 111493 11234 2607
0b001901 0b001a01 10069 100 131072 1435460 3049 2898 4441
0b001801 0b001901 10065 100 131072 1436571 3819 2898 4952
0b001801 0b001901 10066 100 131072 1438467 3815 2898 4024
0b000a01 0b000b01 10084 100 131072 1439189 2976 2898 202
0b000901 0b000a01 10074 100 131072 1440091 3113 2898 3081
0b001a01 0b001b01 10069 100 131072 1441519 2876 2898 4458
0b001701 0b001001 10078 100 131072 891058 553531 11234 4919
0b000501 0b000601 10069 100 131072 1297341 148474 11294 3509
0b000e01 0b000f01 10061 100 131072 1428720 17070 11294 2622
0b000b01 0b000c01 10074 100 131072 1241335 205249 11234 3531
0b000701 0b000001 10069 100 131072 1380580 66287 11294 3015
0b000701 0b000001 10070 100 131072 1380668 66203 11294 2599
0b000b01 0b000c01 10075 100 131072 1241401 205991 11234 2587
0b000d01 0b000e01 10050 100 131072 1279790 168025 11294 3469
0b000d01 0b000e01 10051 100 131072 1279800 168019 11294 3485
0b000d01 0b000e01 10052 100 131072 1279802 168021 11294 125
0b000d01 0b000e01 10053 100 131072 1280382 167529 11294 1533
0b001901 0b001a01 10070 100 131072 1445292 2876 2898 4041
0b000801 0b000901 10066 100 131072 1440123 8530 2898 2584
0b000801 0b000901 10067 100 131072 1440133 8521 2898 2600
0b000801 0b000901 10068 100 131072 1440143 8512 2898 2616
0b000d01 0b000e01 10054 100 131072 1280650 168145 11294 2029
0b000d01 0b000e01 10055 100 131072 1280814 167985 11294 1069
0b000b01 0b000c01 10076 100 131072 1241828 207246 11234 1115
0b000a01 0b000b01 10085 100 131072 1446214 2910 2898 3098
0b000f01 0b000801 10060 100 131072 1337412 111970 11234 2623
0b000b01 0b000c01 10077 100 131072 1242446 207390 11234 1131
0b001b01 0b001c01 10068 100 131072 1447405 2876 2898 4475
0b000c01 0b000d01 10052 100 131072 1108162 342013 11294 3020
0b000c01 0b000d01 10053 100 131072 1111220 339175 11294 2044
0b000f01 0b000801 10061 100 131072 1340404 111623 11234 3071
0b001101 0b001201 10030 100 131072 1382919 70403 11294 7233
0b001101 0b001201 10031 100 131072 1383007 70319 11294 6753
0b001101 0b001201 10032 100 131072 1383011 70319 11294 6273
0b001101 0b001201 10033 100 131072 1383015 70319 11294 5793
0b001101 0b001201 10034 100 131072 1383103 70235 11294 5313
0b001a01 0b001b01 10070 100 131072 1451178 2876 2898 4058
0b000501 0b000e01 10011 100 131072 1439541 15447 15234 3061
0b000801 0b000901 10069 100 131072 1452392 3157 2898 2632
0b001c01 0b001d01 10067 100 131072 1453291 2876 2898 4492
0b001101 0b001201 10035 100 131072 1392115 64831 11294 3921
0b000801 0b000901 10070 100 131072 1455037 3241 2898 3080
0b001901 0b001201 10010 100 131072 1443400 15145 15174 4969
0b000601 0b000701 10069 100 131072 1385704 73405 11294 3014
0b001001 0b001101 10018 100 131072 661868 797808 11294 3920
0b001b01 0b001c01 10069 100 131072 1457064 2876 2898 4075
0b000901 0b000a01 10075 100 131072 1451663 9188 2898 2601
0b000901 0b000a01 10076 100 131072 1451673 9180 2898 2617
0b000901 0b000a01 10077 100 131072 1451683 9172 2898 2633
0b000701 0b000001 10071 100 131072 1409139 52001 11294 631
0b001d01 0b001e01 10066 100 131072 1459177 2876 2898 4509
0b000b01 0b000c01 10078 100 131072 1267842 193889 11234 1147
0b000701 0b000001 10072 100 131072 1412839 49370 11294 2615
0b000601 0b000701 10070 100 131072 1388065 74384 11294 3030
0b000d01 0b000e01 10056 100 131072 1303095 159459 11294 605
0b000701 0b000001 10073 100 131072 1416372 46809 11294 1127
0b000601 0b000f01 10010 100 131072 1448825 15810 15234 3526
0b001101 0b001201 10036 100 131072 1434038 31017 11294 7249
0b000901 0b000a01 10078 100 131072 1458559 6212 2898 2649
0b000c01 0b000501 10012 100 131072 1450402 15257 15234 2604
0b001c01 0b001d01 10068 100 131072 1462950 2876 2898 4092
0b000301 0b000401 10070 100 131072 1429709 36373 11294 2595
0b000901 0b000a01 10079 100 131072 1461288 4607 2898 3097
0b001701 0b001001 10079 100 131072 901701 565387 11234 5479
0b001701 0b001001 10080 100 131072 901711 565381 11234 5495
0b001e01 0b001f01 10065 100 131072 1465093 2876 2898 4526
0b000d01 0b000601 10009 100 131072 1453185 15569 15234 3037
0b000601 0b000701 10071 100 131072 1396079 73310 11294 630
0b000601 0b000701 10072 100 131072 1396083 73310 11294 150
0b000001 0b000101 10072 100 131072 1416425 53859 11294 2576
0b000001 0b000101 10073 100 131072 1416513 53775 11294 1616
0b001201 0b001b01 10003 100 131072 1456348 15090 15174 5330
0b000f01 0b000801 10062 100 131072 1360889 110590 11234 3503
0b000f01 0b000801 10063 100 131072 1360899 110584 11234 3519
0b001d01 0b001e01 10067 100 131072 1468836 2876 2898 4109
0b000301 0b000401 10071 100 131072 1432089 40806 11294 3507
0b000b01 0b000c01 10079 100 131072 1283776 189768 11234 3067
0b001f01 0b001801 10062 100 131072 1471009 2876 2898 4543
0b000c01 0b000d01 10054 100 131072 1126551 347134 11294 2060
0b000301 0b000401 10072 100 131072 1433409 40839 11294 147
0b000301 0b000401 10073 100 131072 1433585 40672 11294 627
0b000a01 0b000b01 10086 100 131072 1463861 11255 2898 2618
0b000a01 0b000b01 10087 100 131072 1463871 11247 2898 2634
0b000a01 0b000b01 10088 100 131072 1463881 11239 2898 2650
0b001101 0b001201 10037 100 131072 1462686 12870 11294 3937
0b000501 0b000601 10070 100 131072 1324578 151285 11294 1109
0b000e01 0b000701 10007 100 131072 1450825 26337 15234 3486
0b000e01 0b000701 10008 100 131072 1450835 26331 15234 3502
0b001b01 0b001c01 10070 100 131072 1474448 2876 2898 5355
0b000d01 0b000e01 10057 100 131072 1331281 146158 11294 2045
0b001e01 0b001f01 10066 100 131072 1474752 2876 2898 4126
0b000a01 0b000b01 10089 100 131072 1467781 9891 2898 2666
0b000a01 0b000b01 10090 100 131072 1468935 9036 2898 3114
0b000001 0b000901 10010 100 131072 1464150 15078 15174 640
0b000801 0b000901 10071 100 131072 1474489 5690 2898 3512
0b000801 0b000901 10072 100 131072 1474499 5682 2898 3528
0b000601 0b000701 10073 100 131072 1415455 65287 11294 2086
0b001c01 0b001d01 10069 100 131072 1480334 2876 2898 5372
0b000401 0b000d01 10013 100 131072 1469092 15149 15234 2612
0b000001 0b000101 10074 100 131072 1425845 58703 11294 3488
0b000501 0b000601 10071 100 131072 1332935 153208 11294 149
0b000001 0b000101 10075 100 131072 1426905 59407 11294 2592
0b000601 0b000701 10074 100 131072 1422395 63992 11294 1606
0b000701 0b000801 10010 100 131072 1472403 15867 15174 167
0b000501 0b000601 10072 100 131072 1335135 153384 11294 2101
0b000901 0b000a01 10080 100 131072 1482238 6488 2898 665
0b000601 0b000701 10075 100 131072 1427495 61281 11294 2102
0b000d01 0b000e01 10058 100 131072 1351226 137582 11294 2621
0b001d01 0b001e01 10068 100 131072 1486250 2876 2898 5389
0b000c01 0b000d01 10055 100 131072 1136141 353184 11294 2076
0b000901 0b000a01 10081 100 131072 1483189 7429 2898 3529
0b000901 0b000a01 10082 100 131072 1483199 7421 2898 3545
0b000501 0b000601 10073 100 131072 1336627 154176 11294 629
0b001701 0b001001 10081 100 131072 910736 580161 11234 5511
0b001801 0b001101 10014 100 131072 1476895 15083 15174 4552
0b000b01 0b000c01 10080 100 131072 1307248 186481 11234 651
0b000801 0b000901 10073 100 131072 1491280 2907 2898 184
0b000d01 0b000e01 10059 100 131072 1361301 133416 11294 3501
0b000d01 0b000e01 10060 100 131072 1361305 133416 11294 141
0b001e01 0b001f01 10067 100 131072 1492166 2876 2898 5406
0b001f01 0b001001 10018 100 131072 1480668 15103 15174 4143
0b000f01 0b000801 10064 100 131072 1390503 105632 11234 3087
0b000701 0b000001 10074 100 131072 1462119 34203 11294 3031
0b000a01 0b000b01 10091 100 131072 1491766 4651 2898 682
0b000b01 0b000c01 10081 100 131072 1307993 188756 11234 667
0b000101 0b000201 10066 100 131072 1386749 112548 11294 2113
0b000101 0b000201 10067 100 131072 1386753 112548 11294 3009
0b000901 0b000a01 10083 100 131072 1497197 3052 2898 201
0b000a01 0b000b01 10092 100 131072 1493658 6621 2898 3546
0b000a01 0b000b01 10093 100 131072 1493698 6582 2898 3562
0b001f01 0b001801 10063 100 131072 1498082 2876 2898 5423
0b000801 0b000901 10074 100 131072 1499145 2937 2898 3096
0b000101 0b000201 10068 100 131072 1387285 115452 11294 3489
0b000101 0b000201 10069 100 131072 1387729 116152 11294 1617
0b000101 0b000201 10070 100 131072 1387733 116236 11294 2577
0b000d01 0b000e01 10061 100 131072 1383875 120790 11294 1549
0b000101 0b000201 10071 100 131072 1388265 116588 11294 129
0b000a01 0b000b01 10094 100 131072 1503289 2975 2898 218
0b001101 0b001201 10038 100 131072 1494988 11794 11294 4561
0b001801 0b001901 10067 100 131072 1503968 2876 2898 5432
0b000401 0b000501 10076 100 131072 1475905 31996 11294 3524
0b000901 0b000a01 10084 100 131072 1505092 2927 2898 3113
0b000d01 0b000e01 10062 100 131072 1395412 114537 11294 621
0b000d01 0b000e01 10063 100 131072 1395880 114073 11294 1085
0b000401 0b000501 10077 100 131072 1477258 33379 11294 164
0b000401 0b000501 10078 100 131072 1477267 33458 11294 644
0b000001 0b000101 10076 100 131072 1449877 61612 11294 3024
0b000001 0b000101 10077 100 131072 1449881 61612 11294 2608
0b001901 0b001a01 10071 100 131072 1509854 2876 2898 5449
0b000e01 0b000701 10009 100 131072 1497727 15149 15234 3518
0b000a01 0b000b01 10095 100 131072 1511059 2909 2898 3130
0b000f01 0b000801 10065 100 131072 1416618 98009 11234 3535
0b000501 0b000601 10074 100 131072 1362804 152706 11294 1605
0b000501 0b000601 10075 100 131072 1362814 152784 11294 1621
0b000b01 0b000c01 10082 100 131072 1336752 178948 11234 2603
0b000101 0b000201 10072 100 131072 1396013 121010 11294 3025
0b000701 0b000001 10075 100 131072 1465459 51987 11294 3047
0b000001 0b000101 10078 100 131072 1465219 53943 11294 2624
0b000001 0b000101 10079 100 131072 1466191 53151 11294 1136
0b001701 0b001001 10082 100 131072 912352 607413 11234 4935
0b000b01 0b000c01 10083 100 131072 1337842 182182 11234 2619
0b000801 0b000901 10075 100 131072 1517637 2908 2898 3544
0b000501 0b000601 10076 100 131072 1367669 153138 11294 2597
0b000601 0b000701 10076 100 131072 1471764 49596 11294 3046
0b000201 0b000b01 10012 100 131072 1506891 15611 15174 1634
0b000f01 0b000801 10066 100 131072 1433212 91451 11234 1551
0b000901 0b000a01 10085 100 131072 1523555 2876 2898 3561
0b001701 0b001001 10083 100 131072 913247 613662 11234 6455
0b001701 0b001001 10084 100 131072 913334 613843 11234 4951
0b000d01 0b000e01 10064 100 131072 1453405 73827 11294 2061
0b001701 0b001001 10085 100 131072 913997 614508 11234 6935
0b000f01 0b000801 10067 100 131072 1438848 89339 11234 2047
0b000f01 0b000801 10068 100 131072 1438852 89339 11234 1087
0b000f01 0b000801 10069 100 131072 1438856 89339 11234 623
0b000101 0b000201 10073 100 131072 1404179 124834 11294 609
0b000101 0b000201 10074 100 131072 1404192 124825 11294 625
0b000f01 0b000801 10070 100 131072 1448800 81335 11234 2639
0b000001 0b000101 10080 100 131072 1499332 31190 11294 3040
0b001a01 0b001301 10011 100 131072 1515740 15083 15174 5466
0b000801 0b000901 10076 100 131072 1527673 2911 2898 1560
0b000c01 0b000d01 10056 100 131072 1159844 371522 11294 140
0b000c01 0b000d01 10057 100 131072 1160112 371258 11294 3500
0b000b01 0b000c01 10084 100 131072 1346618 184816 11234 187
0b000f01 0b000801 10071 100 131072 1467645 64518 11234 3551
0b000e01 0b000f01 10062 100 131072 1450833 81537 11294 142
0b000e01 0b000f01 10063 100 131072 1450921 81453 11294 1550
0b001001 0b001101 10019 100 131072 676255 856192 11294 3936
0b000a01 0b000b01 10096 100 131072 1529471 2908 2898 3578
0b000601 0b000701 10077 100 131072 1478873 54607 11294 1126
0b001701 0b001001 10086 100 131072 919981 614080 11234 7415
0b000501 0b000601 10077 100 131072 1386009 148363 11294 1125
0b001001 0b001101 10020 100 131072 688633 846179 11294 3952
0b000d01 0b000e01 10065 100 131072 1476695 59253 11294 2077
0b000901 0b000a01 10086 100 131072 1533594 3130 2898 1577
0b000e01 0b000f01 10064 100 131072 1451805 85422 11294 2046
0b000e01 0b000f01 10065 100 131072 1451809 85422 11294 1086
0b000001 0b000101 10081 100 131072 1520456 17110 11294 3056
0b000801 0b000901 10077 100 131072 1531197 8668 2898 2056
0b000801 0b000901 10078 100 131072 1531201 8666 2898 1096
0b000c01 0b000501 10013 100 131072 1518710 21869 15234 2620
0b000d01 0b000e01 10066 100 131072 1487251 53897 11294 2637
0b000801 0b000901 10079 100 131072 1533145 8656 2898 2648
0b001201 0b001301 10045 100 131072 1456332 85951 11294 7250
0b001201 0b001301 10046 100 131072 1456336 86035 11294 6770
0b001201 0b001301 10047 100 131072 1456340 86035 11294 6290
0b001201 0b001301 10048 100 131072 1456344 86035 11294 5810
0b000801 0b000901 10080 100 131072 1535173 7302 2898 3560
0b000c01 0b000d01 10058 100 131072 1162500 380047 11294 3036
0b000b01 0b000c01 10085 100 131072 1351642 190951 11234 203
0b000c01 0b000d01 10059 100 131072 1165767 377012 11294 2092
0b000d01 0b000e01 10067 100 131072 1492335 50749 11294 2093
0b000101 0b000a01 10012 100 131072 1522352 22133 15174 1153
0b000701 0b000001 10076 100 131072 1472399 72443 11294 647
0b000c01 0b000501 10014 100 131072 1523034 21838 15234 2636
0b001301 0b001401 10060 100 131072 1533863 12031 11234 5475
0b000801 0b000101 10009 100 131072 1531205 15247 15174 632
0b000501 0b000601 10078 100 131072 1402091 144605 11294 3525
0b001701 0b001001 10087 100 131072 960151 586534 11234 5991
0b001201 0b001301 10049 100 131072 1459956 86827 11294 3938
0b000901 0b000a01 10087 100 131072 1542875 4178 2898 2073
0b001001 0b001101 10021 100 131072 710589 837072 11294 3968
0b001001 0b001101 10022 100 131072 710599 837066 11294 3984
0b001201 0b001301 10050 100 131072 1461555 86288 11294 4978
0b000501 0b000601 10079 100 131072 1403767 144693 11294 165
0b000501 0b000601 10080 100 131072 1403771 144693 11294 645
0b001001 0b001101 10023 100 131072 721611 827062 11294 4000
0b001001 0b001101 10024 100 131072 732315 817194 11294 6752
0b001001 0b001101 10025 100 131072 732316 817197 11294 6272
0b001001 0b001101 10026 100 131072 732317 817200 11294 5792
0b001001 0b001101 10027 100 131072 732318 817203 11294 5312
0b001001 0b001101 10028 100 131072 732340 817185 11294 4832
0b001001 0b001101 10029 100 131072 735074 814663 11294 6768
0b001001 0b001101 10030 100 131072 735203 814538 11294 4016
0b001001 0b001101 10031 100 131072 740592 809353 11294 7248
0b000f01 0b000001 10009 100 131072 1535380 15203 15234 159
0b000a01 0b000b01 10097 100 131072 1547525 3489 2898 1178
0b000901 0b000a01 10088 100 131072 1544811 6267 2898 2665
0b000501 0b000601 10081 100 131072 1409583 141701 11294 2117
0b001201 0b001301 10051 100 131072 1468065 83214 11294 7266
0b000901 0b000a01 10089 100 131072 1545515 5916 2898 3577
0b001401 0b001501 10075 100 131072 1548934 2907 2898 5492
0b000a01 0b000b01 10098 100 131072 1550093 3261 2898 2090
0b000e01 0b000f01 10066 100 131072 1457998 95447 11294 3086
0b001201 0b001301 10052 100 131072 1478566 75709 11294 3954
0b000a01 0b000301 10009 100 131072 1539764 15083 15174 1594
0b001501 0b001601 10090 100 131072 1554881 2876 2898 5509
0b000b01 0b000c01 10086 100 131072 1362435 195368 11234 3547
0b000101 0b000201 10075 100 131072 1429941 128014 11294 145
0b000101 0b000201 10076 100 131072 1429951 128008 11294 161
0b000901 0b000201 10009 100 131072 1542877 15083 15174 1113
0b001201 0b001301 10053 100 131072 1509792 48447 11294 4578
0b000601 0b000701 10078 100 131072 1489153 68968 11294 166
0b000a01 0b000b01 10099 100 131072 1554118 5353 2898 2682
0b000a01 0b000b01 10100 100 131072 1554471 5342 2898 3594
0b001301 0b001c01 10004 100 131072 1545419 15082 15174 5827
0b000d01 0b000601 10010 100 131072 1545557 15424 15234 3053
0b001701 0b001001 10088 100 131072 1038784 522574 11234 4423
0b000f01 0b000801 10072 100 131072 1535384 26384 11234 1567
0b001001 0b001101 10032 100 131072 755296 806370 11294 4032
0b000001 0b000901 10011 100 131072 1547852 15114 15174 656
0b001601 0b001701 10105 100 131072 1560797 2898 2898 5526
0b000601 0b000f01 10011 100 131072 1549706 15581 15234 3542
0b000701 0b000001 10077 100 131072 1480172 85122 11294 3495
0b000701 0b000001 10078 100 131072 1480182 85116 11294 3511
0b000b01 0b000c01 10087 100 131072 1364285 200979 11234 683
0b000001 0b000101 10082 100 131072 1553593 11779 11294 160
0b000c01 0b000d01 10060 100 131072 1177127 388294 11294 1548
0b000601 0b000701 10079 100 131072 1491529 74060 11294 2118
0b001c01 0b001d01 10070 100 131072 1563511 2876 2898 5852
0b001101 0b001a01 10003 100 131072 1552535 15090 15174 4849
0b000801 0b000901 10081 100 131072 1564778 2992 2898 1576
0b000501 0b000601 10082 100 131072 1437777 130350 11294 1141
0b000501 0b000601 10083 100 131072 1438309 129822 11294 1157
0b000901 0b000a01 10090 100 131072 1566006 2954 2898 681
0b000301 0b000401 10074 100 131072 1557857 11763 11294 1603
0b000701 0b000001 10079 100 131072 1483752 85959 11294 2103
0b000d01 0b000e01 10068 100 131072 1534376 35500 11294 157
0b000d01 0b000e01 10069 100 131072 1534380 35500 11294 3517
0b000e01 0b000f01 10067 100 131072 1465564 104359 11294 622
0b000601 0b000701 10080 100 131072 1493813 76454 11294 646
0b000b01 0b000401 10011 100 131072 1556364 15083 15174 2107
0b001d01 0b001e01 10069 100 131072 1569427 2876 2898 5869
0b001701 0b001001 10089 100 131072 1062173 511215 11234 4967
0b001a01 0b001b01 10071 100 131072 1570635 2876 2898 4874
0b000901 0b000a01 10091 100 131072 1570810 2958 2898 1593
0b000a01 0b000b01 10101 100 131072 1572000 2969 2898 698
0b000201 0b000301 10071 100 131072 1502307 73015 11294 2130
0b000201 0b000301 10072 100 131072 1502311 73099 11294 3026
0b000701 0b000001 10080 100 131072 1489397 86478 11294 1623
0b000701 0b000801 10011 100 131072 1561131 15209 15174 183
0b000b01 0b000c01 10088 100 131072 1377468 199337 11234 1643
0b000d01 0b000e01 10070 100 131072 1545789 31487 11294 2109
0b000701 0b000001 10081 100 131072 1491786 86205 11294 2119
0b001e01 0b001f01 10068 100 131072 1575343 2876 2898 5886
0b001b01 0b001c01 10071 100 131072 1576521 2876 2898 4891
0b001001 0b001901 10007 100 131072 1564398 15078 15174 4432
0b000f01 0b000801 10073 100 131072 1540237 40204 11234 2063
0b000f01 0b000801 10074 100 131072 1540241 40204 11234 1103
0b000501 0b000601 10084 100 131072 1468669 112975 11294 2613
0b000801 0b000901 10082 100 131072 1579350 2909 2898 200
0b001101 0b001201 10039 100 131072 1535457 48122 11294 3953
0b001f01 0b001801 10064 100 131072 1581259 2876 2898 5903
0b000c01 0b000d01 10061 100 131072 1188084 396102 11294 1084
0b001701 0b001001 10090 100 131072 1071587 513249 11234 4439
0b000d01 0b000e01 10071 100 131072 1568431 16426 11294 1565
0b001c01 0b001d01 10071 100 131072 1582407 2876 2898 4908
0b001901 0b001a01 10072 100 131072 1582486 2876 2898 4457
0b000e01 0b000701 10010 100 131072 1572890 15213 15234 3534
0b000b01 0b000c01 10089 100 131072 1388854 199501 11234 3083
0b000901 0b000a01 10092 100 131072 1585299 3123 2898 217
0b000c01 0b000d01 10062 100 131072 1191236 397223 11294 2108
0b000c01 0b000d01 10063 100 131072 1191665 396874 11294 2124
0b000c01 0b000d01 10064 100 131072 1196385 392374 11294 3516
0b000801 0b000901 10083 100 131072 1583451 5781 2898 2072
0b000801 0b000901 10084 100 131072 1583455 5779 2898 1112
0b001801 0b001901 10068 100 131072 1587145 2876 2898 5912
0b000301 0b000401 10075 100 131072 1578420 11819 11294 3043
0b000201 0b000301 10073 100 131072 1505747 84715 11294 3506
0b001d01 0b001e01 10070 100 131072 1588323 2876 2898 4925
0b001a01 0b001b01 10072 100 131072 1588372 2876 2898 4474
0b000a01 0b000301 10010 100 131072 1576808 15083 15174 1610
0b000201 0b000301 10074 100 131072 1506979 86303 11294 2594
0b000301 0b000c01 10014 100 131072 1578332 15665 15234 2147
0b000401 0b000501 10079 100 131072 1572630 21508 11294 1620
0b000a01 0b000b01 10102 100 131072 1591462 3078 2898 234
0b000201 0b000301 10075 100 131072 1507863 87271 11294 146
0b000901 0b000a01 10093 100 131072 1592272 2973 2898 2089
0b000701 0b000001 10082 100 131072 1515886 79533 11294 3527
0b001901 0b001a01 10073 100 131072 1593031 2876 2898 5929
0b001701 0b001001 10091 100 131072 1082400 513968 11234 6471
0b000f01 0b000801 10075 100 131072 1556455 40266 11234 3103
0b001e01 0b001f01 10069 100 131072 1594239 2876 2898 4942
0b001b01 0b001c01 10072 100 131072 1594258 2876 2898 4491
0b000401 0b000501 10080 100 131072 1574457 23469 11294 2116
0b001201 0b001301 10054 100 131072 1586619 11829 11294 3970
0b000e01 0b000f01 10068 100 131072 1480449 118681 11294 2062
0b000501 0b000601 10085 100 131072 1510911 88523 11294 3541
0b000101 0b000201 10077 100 131072 1473294 127020 11294 2593
0b000101 0b000201 10078 100 131072 1473298 127104 11294 1633
0b000b01 0b000c01 10090 100 131072 1408109 192161 11234 1163
0b000501 0b000601 10086 100 131072 1513647 86847 11294 181
0b000501 0b000601 10087 100 131072 1513735 86763 11294 661
0b000c01 0b000d01 10065 100 131072 1208010 392402 11294 620
0b000701 0b000001 10083 100 131072 1524370 76773 11294 3063
0b000a01 0b000b01 10103 100 131072 1598285 2900 2898 2106
0b001a01 0b001b01 10073 100 131072 1598917 2876 2898 5946
0b000801 0b000901 10085 100 131072 1599731 2922 2898 3112
0b001001 0b001901 10008 100 131072 1587876 15078 15174 4448
0b001c01 0b001d01 10072 100 131072 1600144 2876 2898 4508
0b001f01 0b001801 10065 100 131072 1600155 2876 2898 4959
0b000c01 0b000d01 10066 100 131072 1219551 383981 11294 3052
0b000f01 0b000801 10076 100 131072 1568297 36181 11234 3567
0b000f01 0b000801 10077 100 131072 1572933 33837 11234 639
0b000701 0b000001 10084 100 131072 1536490 70725 11294 1143
0b000901 0b000201 10010 100 131072 1592274 15100 15174 1129
0b000401 0b000501 10081 100 131072 1593249 14273 11294 3060
0b001701 0b001001 10092 100 131072 1086960 520604 11234 6951
0b001001 0b001101 10033 100 131072 791023 816639 11294 4048
0b000501 0b000601 10088 100 131072 1543589 64866 11294 2629
0b000901 0b000a01 10094 100 131072 1605693 2965 2898 3129
0b001d01 0b001e01 10071 100 131072 1606060 2876 2898 4525
0b001901 0b001a01 10074 100 131072 1605964 3032 2898 4473
0b001801 0b001901 10069 100 131072 1606041 3000 2898 4968
0b000101 0b000201 10079 100 131072 1487558 122352 11294 3505
0b000501 0b000601 10089 100 131072 1547882 62245 11294 2645
0b000201 0b000301 10076 100 131072 1520033 90268 11294 3042
0b000801 0b000901 10086 100 131072 1607488 2927 2898 3576
0b001101 0b001201 10040 100 131072 1537822 73217 11294 3969
0b000101 0b000201 10080 100 131072 1489322 122084 11294 2609
0b001b01 0b001401 10012 100 131072 1604803 8988 6838 5963
0b000a01 0b000b01 10104 100 131072 1611668 2980 2898 3146
0b001e01 0b001f01 10070 100 131072 1611976 2876 2898 4542
0b001a01 0b001b01 10074 100 131072 1612006 2876 2898 4490
0b000901 0b000a01 10095 100 131072 1613455 2927 2898 3593
0b000f01 0b000801 10078 100 131072 1602140 14314 11234 2079
0b000601 0b000f01 10012 100 131072 1602444 15896 15234 3558
0b000201 0b000b01 10013 100 131072 1603412 15175 15174 1650
0b001701 0b001001 10093 100 131072 1094451 524477 11234 7431
0b000e01 0b000f01 10069 100 131072 1491818 127296 11294 2638
0b000b01 0b000401 10012 100 131072 1604195 15083 15174 2123
0b000701 0b000001 10085 100 131072 1568599 50768 11294 2135
0b001401 0b001501 10076 100 131072 1616831 2908 2898 5972
0b001f01 0b001801 10066 100 131072 1617892 2876 2898 4559
0b001b01 0b001c01 10073 100 131072 1617892 2876 2898 4507
0b000701 0b000001 10086 100 131072 1573277 47696 11294 663
0b000b01 0b000c01 10091 100 131072 1430419 190979 11234 3099
0b000d01 0b000601 10011 100 131072 1606542 15581 15234 3069
0b000001 0b000101 10083 100 131072 1568304 53997 11294 3504
0b000a01 0b000b01 10105 100 131072 1619392 2918 2898 3610
0b000001 0b000101 10084 100 131072 1568314 53991 11294 3520
0b000801 0b000901 10087 100 131072 1619464 2884 2898 2088
0b000b01 0b000c01 10092 100 131072 1430932 192541 11234 1179
0b000701 0b000001 10087 100 131072 1591113 33208 11294 3543
0b000801 0b000101 10010 100 131072 1609780 15083 15174 648
0b000d01 0b000e01 10072 100 131072 1587196 38044 11294 1101
0b001501 0b001601 10091 100 131072 1622779 2876 2898 5989
0b000501 0b000e01 10012 100 131072 1610532 15149 15234 3077
0b001201 0b001301 10055 100 131072 1614079 11835 11294 3986
0b000601 0b000701 10081 100 131072 1518520 107377 11294 1622
0b000601 0b000701 10082 100 131072 1518608 107293 11294 1638
0b001c01 0b001d01 10073 100 131072 1623778 2876 2898 4524
0b001901 0b001201 10011 100 131072 1612051 15110 15174 4985
0b001301 0b001401 10061 100 131072 1545323 81507 11234 7267
0b001301 0b001401 10062 100 131072 1545411 81423 11234 6787
0b001301 0b001401 10063 100 131072 1545415 81423 11234 6307
0b000e01 0b000f01 10070 100 131072 1497731 129140 11294 158
0b000101 0b000201 10081 100 131072 1514499 112509 11294 3041
0b000101 0b000201 10082 100 131072 1514503 112593 11294 2625
0b000201 0b000301 10077 100 131072 1532023 95117 11294 626
0b000201 0b000301 10078 100 131072 1532033 95111 11294 642
0b000501 0b000601 10090 100 131072 1597148 31086 11294 1637
0b000901 0b000a01 10096 100 131072 1625388 2876 2898 2105
0b000501 0b000601 10091 100 131072 1600936 28534 11294 2133
0b001701 0b001001 10094 100 131072 1107051 523543 11234 4455
0b001601 0b001701 10106 100 131072 1628695 2905 2898 6006
0b001d01 0b001e01 10072 100 131072 1629694 2876 2898 4541
0b000601 0b000701 10083 100 131072 1523817 108844 11294 2614
0b000101 0b000201 10083 100 131072 1522172 111084 11294 2641
0b000401 0b000501 10082 100 131072 1622288 11730 11294 2132
0b000a01 0b000b01 10106 100 131072 1631274 2908 2898 2122
0b000b01 0b000c01 10093 100 131072 1445175 189839 11234 219
0b000c01 0b000d01 10067 100 131072 1238286 396805 11294 156
0b001401 0b001501 10077 100 131072 1629870 5690 2898 7284
0b001401 0b001501 10078 100 131072 1629874 5688 2898 6804
0b001301 0b001401 10064 100 131072 1549823 86412 11234 3955
0b001401 0b001d01 10005 100 131072 1629878 6820 6838 6324
0b001301 0b001401 10065 100 131072 1550883 86940 11234 4995
0b001e01 0b001f01 10071 100 131072 1635610 2876 2898 4558
0b001801 0b001101 10015 100 131072 1623778 15083 15174 4568
0b000001 0b000101 10085 100 131072 1572721 66536 11294 2112
0b000001 0b000901 10012 100 131072 1623983 15592 15174 672
0b000e01 0b000f01 10071 100 131072 1507675 132580 11294 1566
0b000101 0b000201 10084 100 131072 1533532 107745 11294 3057
0b001301 0b001401 10066 100 131072 1554319 87028 11234 7283
0b001501 0b001601 10092 100 131072 1638600 3054 2898 7301
0b001701 0b001001 10095 100 131072 1116094 525823 11234 4983
0b001201 0b001301 10056 100 131072 1630201 11820 11294 4994
0b000301 0b000401 10076 100 131072 1593472 48940 11294 3523
0b001d01 0b001e01 10073 100 131072 1639738 2876 2898 6349
0b000d01 0b000e01 10073 100 131072 1591469 51582 11294 2125
0b001301 0b001401 10067 100 131072 1557315 85737 11234 3971
0b000d01 0b000e01 10074 100 131072 1591549 51506 11294 2141
0b000d01 0b000e01 10075 100 131072 1591769 51554 11294 3533
0b001401 0b001501 10079 100 131072 1639275 4176 2898 3972
0b000f01 0b000801 10079 100 131072 1621350 22815 11234 3583
0b001f01 0b001801 10067 100 131072 1641526 2876 2898 4575
0b001301 0b001401 10068 100 131072 1561279 83540 11234 4595
0b000f01 0b000001 10010 100 131072 1629881 15493 15234 175
0b001501 0b001e01 10006 100 131072 1638602 6820 6838 6821
0b000901 0b000a01 10097 100 131072 1642615 2876 2898 697
0b001401 0b001501 10080 100 131072 1640863 4606 2898 5012
0b000f01 0b000801 10080 100 131072 1622124 23453 11234 2655
0b000101 0b000201 10085 100 131072 1540576 105281 11294 3073
0b000e01 0b000f01 10072 100 131072 1512959 133219 11294 638
0b000e01 0b000f01 10073 100 131072 1512963 133219 11294 1102
0b000b01 0b000c01 10094 100 131072 1452134 194178 11234 3115
0b000c01 0b000d01 10068 100 131072 1242951 403385 11294 1100
0b000c01 0b000d01 10069 100 131072 1247114 399442 11294 2140
0b000c01 0b000d01 10070 100 131072 1255071 391841 11294 1564
0b001e01 0b001f01 10072 100 131072 1645654 2876 2898 6366
0b000501 0b000601 10092 100 131072 1637028 11788 11294 2149
0b001001 0b001901 10009 100 131072 1633634 15078 15174 4464
0b000d01 0b000e01 10076 100 131072 1603422 45806 11294 637
0b001401 0b001501 10081 100 131072 1644387 5750 2898 7300
0b000101 0b000201 10086 100 131072 1549462 101151 11294 641
0b001501 0b001601 10093 100 131072 1646491 4035 2898 3989
0b000301 0b000401 10077 100 131072 1594901 55967 11294 1619
0b001e01 0b001f01 10073 100 131072 1648462 2876 2898 6846
0b000a01 0b000b01 10107 100 131072 1648501 2908 2898 714
0b000801 0b000901 10088 100 131072 1647175 4288 2898 3592
0b001601 0b001f01 10007 100 131072 1644694 7093 6838 7318
0b000b01 0b000401 10013 100 131072 1637222 15083 15174 2139
0b001501 0b001601 10094 100 131072 1648509 4104 2898 5029
0b001401 0b001501 10082 100 131072 1646092 6575 2898 3988
0b000801 0b000901 10089 100 131072 1648587 4280 2898 2664
0b001701 0b001001 10096 100 131072 1125676 527698 11234 4471
0b001401 0b001501 10083 100 131072 1647859 5679 2898 4612
0b000301 0b000401 10078 100 131072 1596292 57660 11294 2611
0b000001 0b000101 10086 100 131072 1578885 75248 11294 1632
0b001f01 0b001801 10068 100 131072 1651570 2876 2898 6383
0b001901 0b001a01 10075 100 131072 1651722 2876 2898 4489
0b000c01 0b000d01 10071 100 131072 1266822 389318 11294 1580
0b000301 0b000401 10079 100 131072 1598144 58276 11294 163
0b001501 0b001601 10095 100 131072 1653177 3279 2898 7317
0b001601 0b001701 10107 100 131072 1653566 4006 2898 4006
0b000001 0b000101 10087 100 131072 1581001 76832 11294 2128
0b000901 0b000a01 10098 100 131072 1654503 4241 2898 3609
0b001301 0b001401 10069 100 131072 1601488 58030 11234 3987
0b001f01 0b001801 10069 100 131072 1654378 5273 2898 6863
0b001601 0b001701 10108 100 131072 1655653 4072 2898 5046
0b000101 0b000201 10087 100 131072 1568382 91757 11294 177
0b000901 0b000a01 10099 100 131072 1655907 4225 2898 2681
0b001f01 0b001801 10070 100 131072 1654827 5287 2898 7343
0b001801 0b001901 10070 100 131072 1657486 2996 2898 6392
0b001a01 0b001b01 10075 100 131072 1657608 2876 2898 4506
0b001501 0b001601 10096 100 131072 1655707 5500 2898 4005
0b000701 0b000001 10088 100 131072 1628907 32430 11294 1639
0b000701 0b000001 10089 100 131072 1628917 32424 11294 1655
0b000e01 0b000701 10011 100 131072 1646333 15421 15234 3550
0b001501 0b001601 10097 100 131072 1656578 5261 2898 4629
0b001801 0b001101 10016 100 131072 1647412 15083 15174 4584
0b000e01 0b000f01 10074 100 131072 1530242 132321 11294 2078
0b000401 0b000501 10083 100 131072 1645422 18476 11294 3540
0b000201 0b000301 10079 100 131072 1560965 103628 11294 162
0b000201 0b000301 10081 100 131072 1560970 103627 11294 1122
0b000201 0b000301 10080 100 131072 1560975 103626 11294 178
0b001701 0b001001 10097 100 131072 1131029 533630 11234 4999
0b000701 0b000001 10090 100 131072 1635671 29186 11294 2631
0b000601 0b000701 10084 100 131072 1537382 127789 11294 1142
0b001401 0b001501 10084 100 131072 1662558 2909 2898 4004
0b001301 0b001401 10070 100 131072 1628954 36789 11234 4003
0b000a01 0b000b01 10108 100 131072 1661754 4268 2898 3626
0b001601 0b001f01 10008 100 131072 1659496 6820 6838 7334
0b001b01 0b001c01 10074 100 131072 1663494 2876 2898 4523
0b001901 0b001a01 10076 100 131072 1663492 3140 2898 6409
0b000a01 0b000b01 10109 100 131072 1663172 4276 2898 2698
0b001701 0b001801 10011 100 131072 1660612 6905 6838 4023
0b000301 0b000401 10080 100 131072 1613311 54492 11294 3059
0b001801 0b001901 10071 100 131072 1662691 5297 2898 6872
0b001801 0b001901 10072 100 131072 1663154 5298 2898 7352
0b001301 0b001401 10071 100 131072 1645061 23802 11234 5011
0b001601 0b001701 10109 100 131072 1664247 5080 2898 4022
0b001601 0b001701 10110 100 131072 1664879 5088 2898 4646
0b000e01 0b000f01 10075 100 131072 1538958 132321 11294 2094
0b000f01 0b000801 10081 100 131072 1643265 28048 11234 1583
0b001001 0b001901 10010 100 131072 1656414 15078 15174 4480
0b001501 0b001601 10098 100 131072 1668507 3117 2898 4021
0b001401 0b001501 10085 100 131072 1668783 3000 2898 4020
0b000401 0b000d01 10014 100 131072 1656962 15149 15234 2628
0b001c01 0b001d01 10074 100 131072 1669380 2876 2898 4540
0b001f01 0b001801 10071 100 131072 1669356 2948 2898 7359
0b001a01 0b001b01 10076 100 131072 1669642 2946 2898 6426
0b001001 0b001101 10034 100 131072 823476 849667 11294 6288
0b001001 0b001101 10035 100 131072 823480 849751 11294 5808
0b001001 0b001101 10036 100 131072 823484 849751 11294 5328
0b001001 0b001101 10037 100 131072 823488 849751 11294 4848
0b001001 0b001101 10038 100 131072 824552 848775 11294 6304
0b001801 0b001901 10073 100 131072 1670557 3023 2898 4040
0b001401 0b001501 10086 100 131072 1671903 2876 2898 5028
0b001701 0b001001 10098 100 131072 1134061 541741 11234 4487
0b001001 0b001101 10039 100 131072 826408 849400 11294 6784
0b001001 0b001101 10040 100 131072 829773 846151 11294 7264
0b000e01 0b000f01 10076 100 131072 1544158 132405 11294 2654
0b000801 0b000901 10090 100 131072 1674353 2909 2898 1592
0b001901 0b001a01 10077 100 131072 1670998 6504 2898 6889
0b001601 0b001701 10111 100 131072 1674664 3111 2898 4038
0b001501 0b001601 10099 100 131072 1674823 3001 2898 4037
0b000e01 0b000f01 10077 100 131072 1546094 132057 11294 2110
0b001d01 0b001e01 10074 100 131072 1675296 2876 2898 4557
0b001801 0b001901 10074 100 131072 1675344 3011 2898 7368
0b001b01 0b001c01 10075 100 131072 1675598 2876 2898 6443
0b000501 0b000601 10093 100 131072 1666908 11765 11294 3557
0b001901 0b001a01 10078 100 131072 1671462 7303 2898 7369
0b001701 0b001801 10012 100 131072 1672337 6820 6838 4039
0b001501 0b001601 10100 100 131072 1677819 2876 2898 5045
0b001901 0b001a01 10079 100 131072 1674502 7383 2898 4505
0b000901 0b000a01 10100 100 131072 1680302 2876 2898 1609
0b001901 0b001a01 10080 100 131072 1676590 6755 2898 4057
0b001601 0b001701 10112 100 131072 1680864 2908 2898 4054
0b000d01 0b000e01 10077 100 131072 1638101 45922 11294 173
0b001e01 0b001f01 10074 100 131072 1681212 2876 2898 4574
0b000301 0b000401 10081 100 131072 1630150 54377 11294 643
0b000301 0b000401 10082 100 131072 1630160 54371 11294 659
0b000001 0b000101 10088 100 131072 1598429 86459 11294 3536
0b001801 0b001901 10075 100 131072 1682197 3001 2898 4056
0b001a01 0b001b01 10077 100 131072 1680512 4779 2898 6906
0b001901 0b001a01 10081 100 131072 1681365 3978 2898 7385
0b000701 0b000001 10091 100 131072 1664764 21414 11294 3559
0b001601 0b001701 10113 100 131072 1683705 2908 2898 5062
0b001701 0b001001 10099 100 131072 1144506 542819 11234 4503
0b001701 0b001801 10013 100 131072 1680785 6851 6838 4055
0b001a01 0b001b01 10078 100 131072 1681775 6435 2898 7386
0b001c01 0b001501 10013 100 131072 1681484 6820 6838 6460
0b000701 0b000001 10092 100 131072 1668181 21429 11294 1159
0b001f01 0b001801 10072 100 131072 1687098 2876 2898 4591
0b001901 0b001a01 10082 100 131072 1688208 3044 2898 4073
0b001b01 0b001c01 10076 100 131072 1688301 3018 2898 6923
0b001101 0b001a01 10004 100 131072 1676279 15078 15174 4865
0b001a01 0b001b01 10079 100 131072 1684895 7873 2898 4522
0b000001 0b000101 10089 100 131072 1604153 88776 11294 3072
0b000f01 0b000801 10082 100 131072 1649188 44147 11234 655
0b000f01 0b000801 10083 100 131072 1649192 44147 11234 1119
0b001701 0b001801 10014 100 131072 1686782 6888 6838 4071
0b001801 0b001901 10076 100 131072 1690676 2898 2898 4072
0b000601 0b000701 10085 100 131072 1551470 142407 11294 182
0b000601 0b000701 10086 100 131072 1551474 142412 11294 662
0b001001 0b001901 10011 100 131072 1678842 15078 15174 4496
0b001a01 0b001b01 10080 100 131072 1686355 7806 2898 4074
0b001501 0b001601 10101 100 131072 1691344 2876 2898 6469
0b001b01 0b001c01 10077 100 131072 1691220 3154 2898 7403
0b001a01 0b001b01 10081 100 131072 1688353 7251 2898 7402
0b000b01 0b000c01 10095 100 131072 1478126 217714 11234 2635
0b000b01 0b000c01 10096 100 131072 1478136 217708 11234 2651
0b000b01 0b000c01 10097 100 131072 1478146 217702 11234 2667
0b000601 0b000f01 10013 100 131072 1681713 15150 15234 3574
0b001c01 0b001d01 10075 100 131072 1694329 2952 2898 6940
0b000601 0b000701 10087 100 131072 1554294 143984 11294 2134
0b000e01 0b000f01 10078 100 131072 1572886 125690 11294 174
0b000101 0b000201 10088 100 131072 1625311 73374 11294 3521
0b000401 0b000501 10084 100 131072 1653878 44811 11294 1636
0b000101 0b000201 10089 100 131072 1625321 73452 11294 3537
0b000801 0b000901 10091 100 131072 1696379 2909 2898 1128
0b001801 0b001901 10077 100 131072 1696710 3018 2898 4088
0b001601 0b001701 10114 100 131072 1697230 2908 2898 6486
0b001c01 0b001d01 10076 100 131072 1697384 3021 2898 7420
0b001a01 0b001b01 10082 100 131072 1694262 6352 2898 4090
0b000101 0b000201 10090 100 131072 1627873 72941 11294 657
0b000001 0b000101 10090 100 131072 1610225 90601 11294 1152
0b001a01 0b001b01 10083 100 131072 1694367 6292 2898 4890
0b001b01 0b001c01 10078 100 131072 1695778 5280 2898 4539
0b000a01 0b000301 10011 100 131072 1686218 15083 15174 1626
0b001101 0b001201 10041 100 131072 1550671 150885 11294 3985
0b001101 0b001201 10042 100 131072 1550681 150879 11294 4001
0b001901 0b001a01 10083 100 131072 1696584 5473 2898 4089
0b000401 0b000501 10085 100 131072 1655315 46898 11294 2148
0b001901 0b001a01 10084 100 131072 1696930 5465 2898 4521
0b000b01 0b000c01 10098 100 131072 1480712 222113 11234 2683
0b000c01 0b000d01 10072 100 131072 1278825 424192 11294 636
0b000b01 0b000c01 10099 100 131072 1481011 222082 11234 3131
0b001b01 0b001c01 10079 100 131072 1697171 6535 2898 4091
0b000e01 0b000f01 10079 100 131072 1580286 123926 11294 2126
0b001001 0b001901 10012 100 131072 1690365 15128 15174 4512
0b001901 0b001a01 10085 100 131072 1702738 2909 2898 4105
0b001b01 0b001c01 10080 100 131072 1698614 7098 2898 7419
0b000d01 0b000e01 10078 100 131072 1649346 56738 11294 1117
0b001101 0b001201 10043 100 131072 1551683 154717 11294 4017
0b000d01 0b000e01 10079 100 131072 1649566 56962 11294 2157
0b001d01 0b001e01 10075 100 131072 1703445 2985 2898 7437
0b000d01 0b000e01 10080 100 131072 1649922 56962 11294 1581
0b001d01 0b001601 10014 100 131072 1700321 6844 6838 6957
0b001c01 0b001d01 10077 100 131072 1704068 3301 2898 4556
0b001101 0b001201 10044 100 131072 1552519 155381 11294 6769
0b001101 0b001201 10045 100 131072 1552523 155381 11294 6289
0b001101 0b001201 10046 100 131072 1552527 155381 11294 5809
0b001101 0b001201 10047 100 131072 1552531 155381 11294 5329
0b001101 0b001201 10048 100 131072 1552747 155169 11294 6785
0b001101 0b001201 10049 100 131072 1552751 155169 11294 4033
0b001101 0b001201 10050 100 131072 1552955 154969 11294 7265
0b000401 0b000501 10086 100 131072 1659430 48419 11294 180
0b001801 0b001101 10017 100 131072 1693014 15098 15174 4600
0b000e01 0b000f01 10080 100 131072 1587867 120604 11294 1582
0b001b01 0b001c01 10081 100 131072 1703624 6636 2898 4107
0b001b01 0b001c01 10082 100 131072 1703699 6606 2898 4907
0b000301 0b000401 10083 100 131072 1667603 43068 11294 179
0b001701 0b001001 10100 100 131072 1171286 539386 11234 5015
0b000301 0b000401 10084 100 131072 1667607 43068 11294 1139
0b001701 0b001001 10101 100 131072 1171296 539377 11234 5031
0b000301 0b000401 10085 100 131072 1667613 43150 11294 195
0b000601 0b000701 10088 100 131072 1563991 147006 11294 3062
0b000101 0b000201 10091 100 131072 1642267 68755 11294 2129
0b001c01 0b001d01 10078 100 131072 1706716 4339 2898 4108
0b001a01 0b001b01 10084 100 131072 1705067 6420 2898 4106
0b001901 0b001a01 10086 100 131072 1708533 3002 2898 4537
0b000801 0b000101 10011 100 131072 1696375 15390 15174 664
0b000701 0b000801 10012 100 131072 1696887 15106 15174 199
0b001a01 0b001b01 10085 100 131072 1705435 6627 2898 4538
0b000001 0b000101 10091 100 131072 1622377 90421 11294 2144
0b001c01 0b001d01 10079 100 131072 1708752 4086 2898 7436
0b001601 0b001701 10115 100 131072 1710175 2906 2898 6966
0b001d01 0b001e01 10076 100 131072 1710409 3007 2898 4573
0b000d01 0b000e01 10081 100 131072 1659150 54611 11294 1597
0b001a01 0b001b01 10086 100 131072 1708687 4994 2898 4122
0b000b01 0b000c01 10100 100 131072 1499457 215093 11234 699
0b001e01 0b001701 10015 100 131072 1709470 6860 6838 7454
0b000f01 0b000001 10011 100 131072 1701616 15150 15234 191
0b000901 0b000201 10011 100 131072 1702328 15100 15174 1145
0b000001 0b000101 10092 100 131072 1627331 90408 11294 3552
0b001a01 0b001b01 10087 100 131072 1714575 3012 2898 4554
0b000801 0b000901 10092 100 131072 1715033 2919 2898 216
0b001101 0b001201 10051 100 131072 1564676 153557 11294 4049
0b001d01 0b001e01 10077 100 131072 1714095 4165 2898 4125
0b000701 0b000001 10093 100 131072 1696896 21702 11294 679
0b000101 0b000a01 10013 100 131072 1703836 15363 15174 1169
0b001c01 0b001d01 10080 100 131072 1713300 5915 2898 4124
0b001c01 0b001d01 10081 100 131072 1713345 5915 2898 4924
0b001e01 0b001f01 10075 100 131072 1716426 3025 2898 4590
0b001d01 0b001e01 10078 100 131072 1715878 4089 2898 7453
0b000d01 0b000e01 10082 100 131072 1675121 44980 11294 2653
0b000601 0b000701 10089 100 131072 1571137 149544 11294 1158
0b000601 0b000701 10090 100 131072 1571147 149538 11294 1174
0b000301 0b000401 10086 100 131072 1704311 16400 11294 1635
0b001b01 0b001c01 10083 100 131072 1714527 6887 2898 4123
0b001701 0b001001 10102 100 131072 1183276 538831 11234 4519
0b000401 0b000501 10087 100 131072 1670813 51808 11294 3076
0b000f01 0b000801 10084 100 131072 1665573 57373 11234 2095
0b001b01 0b001c01 10084 100 131072 1715102 7952 2898 4555
0b000901 0b000a01 10101 100 131072 1720992 2950 2898 233
0b001e01 0b001f01 10076 100 131072 1721270 3055 2898 4142
0b000101 0b000201 10092 100 131072 1657143 67545 11294 1649
0b001b01 0b001c01 10085 100 131072 1716721 7851 2898 4139
0b000a01 0b000b01 10110 100 131072 1722239 2967 2898 1194
0b000201 0b000301 10082 100 131072 1603324 121962 11294 2610
0b001f01 0b001801 10073 100 131072 1722461 2955 2898 4607
0b000d01 0b000e01 10083 100 131072 1706027 19987 11294 653
0b001201 0b001b01 10004 100 131072 1710952 15078 15174 5346
0b001b01 0b001c01 10086 100 131072 1720627 5310 2898 4571
0b000501 0b000601 10094 100 131072 1701699 25510 11294 1653
0b001d01 0b001e01 10079 100 131072 1722255 5836 2898 4141
0b001d01 0b001e01 10080 100 131072 1722300 5836 2898 4941
0b000101 0b000201 10093 100 131072 1660843 67545 11294 2145
0b000701 0b000001 10094 100 131072 1701288 27540 11294 2151
0b000801 0b000901 10093 100 131072 1725986 2907 2898 2104
0b001c01 0b001d01 10082 100 131072 1724454 4681 2898 4140
0b001e01 0b001701 10016 100 131072 1722977 6844 6838 7470
0b000a01 0b000b01 10111 100 131072 1726982 2924 2898 250
0b001b01 0b001c01 10087 100 131072 1729070 3007 2898 5371
0b000601 0b000701 10091 100 131072 1584654 148012 11294 2630
0b001701 0b001001 10103 100 131072 1192457 541032 11234 4535
0b001c01 0b001d01 10083 100 131072 1726094 7806 2898 4572
0b000501 0b000601 10095 100 131072 1705223 28938 11294 2165
0b000901 0b000a01 10102 100 131072 1731933 2876 2898 2121
0b001d01 0b001e01 10081 100 131072 1732175 3164 2898 4157
0b001c01 0b001d01 10084 100 131072 1727612 7949 2898 4156
0b001c01 0b001d01 10085 100 131072 1728947 7498 2898 4588
0b000b01 0b000c01 10101 100 131072 1503319 233474 11234 3563
0b001e01 0b001f01 10077 100 131072 1731131 5717 2898 4158
0b000b01 0b000c01 10102 100 131072 1503359 233526 11234 3579
0b001e01 0b001f01 10078 100 131072 1731176 5716 2898 4958
0b000501 0b000601 10096 100 131072 1710859 26122 11294 197
0b000001 0b000901 10013 100 131072 1721608 15770 15174 688
0b000001 0b000101 10093 100 131072 1648384 89260 11294 176
0b000f01 0b000801 10085 100 131072 1674289 64033 11234 2111
0b001c01 0b001d01 10086 100 131072 1735087 3658 2898 5388
0b000301 0b000401 10087 100 131072 1728296 11780 11294 2627
0b000a01 0b000b01 10112 100 131072 1737849 2927 2898 2138
0b001001 0b001901 10013 100 131072 1725147 15788 15174 4528
0b001e01 0b001f01 10079 100 131072 1738379 3152 2898 4174
0b000201 0b000301 10083 100 131072 1610384 131371 11294 1138
0b000501 0b000e01 10013 100 131072 1725631 16277 15234 3093
0b001d01 0b001e01 10082 100 131072 1736910 4990 2898 4589
0b000c01 0b000d01 10073 100 131072 1298830 443438 11294 172
0b001f01 0b001001 10019 100 131072 1727335 15271 15174 4159
0b000201 0b000b01 10014 100 131072 1727728 15078 15174 1666
0b001f01 0b001801 10074 100 131072 1739902 2942 2898 4975
0b001801 0b001101 10018 100 131072 1728456 15123 15174 4616
0b000e01 0b000f01 10081 100 131072 1628250 115145 11294 1118
0b000901 0b000a01 10103 100 131072 1740418 3038 2898 713
0b000801 0b000901 10094 100 131072 1741362 2967 2898 2120
0b000e01 0b000f01 10082 100 131072 1628691 115685 11294 3102
0b000f01 0b000801 10086 100 131072 1679573 65183 11234 2671
0b000c01 0b000501 10015 100 131072 1698850 46421 15234 2652
0b000c01 0b000501 10016 100 131072 1698860 46420 15234 2668
0b000c01 0b000501 10017 100 131072 1698900 46389 15234 2684
0b000f01 0b000801 10087 100 131072 1681191 65061 11234 2127
0b000401 0b000501 10088 100 131072 1687537 59218 11294 660
0b000401 0b000501 10089 100 131072 1687547 59212 11294 676
0b001d01 0b001e01 10083 100 131072 1738571 8093 2898 4173
0b000201 0b000301 10084 100 131072 1612920 134119 11294 3522
0b001901 0b001a01 10087 100 131072 1743975 2969 2898 4553
0b001d01 0b001e01 10084 100 131072 1739455 8134 2898 4605
0b000c01 0b000501 10018 100 131072 1705865 41738 15234 2700
0b000c01 0b000d01 10074 100 131072 1303358 444687 11294 1116
0b000b01 0b000c01 10103 100 131072 1509304 238803 11234 235
0b001e01 0b001f01 10080 100 131072 1744940 3281 2898 4606
0b001d01 0b001e01 10085 100 131072 1741755 6625 2898 5405
0b001801 0b001901 10078 100 131072 1745884 2920 2898 4984
0b000201 0b000301 10085 100 131072 1614416 135091 11294 2626
0b000a01 0b000b01 10113 100 131072 1746496 2991 2898 730
0b000601 0b000701 10092 100 131072 1603504 146851 11294 198
0b000601 0b000701 10093 100 131072 1603508 146851 11294 678
0b000901 0b000a01 10104 100 131072 1747369 3070 2898 2137
0b000701 0b000001 10095 100 131072 1714007 37796 11294 3079
0b000801 0b000901 10095 100 131072 1747796 4272 2898 2680
0b000101 0b000201 10094 100 131072 1687898 64699 11294 3553
0b001a01 0b001b01 10088 100 131072 1749984 2876 2898 4570
0b000801 0b000901 10096 100 131072 1749292 4260 2898 2136
0b000001 0b000101 10094 100 131072 1664347 89946 11294 1648
0b000001 0b000101 10095 100 131072 1664357 89940 11294 1664
0b001f01 0b001801 10075 100 131072 1751231 3149 2898 4623
0b001f01 0b001001 10020 100 131072 1739858 15207 15174 4175
0b001e01 0b001f01 10081 100 131072 1749704 6284 2898 4190
0b000601 0b000701 10094 100 131072 1611465 144442 11294 2646
0b000a01 0b000b01 10114 100 131072 1753479 2998 2898 2154
0b000601 0b000701 10095 100 131072 1613137 143478 11294 2662
0b000001 0b000101 10096 100 131072 1667867 88810 11294 2640
0b001101 0b001201 10052 100 131072 1610672 146361 11294 4065
0b001e01 0b001f01 10082 100 131072 1750629 7209 2898 4622
0b001e01 0b001f01 10083 100 131072 1751420 6798 2898 5422
0b000101 0b000201 10095 100 131072 1695939 62325 11294 3089
0b000401 0b000d01 10015 100 131072 1743086 15553 15234 2644
0b001b01 0b001c01 10088 100 131072 1755870 2876 2898 4587
0b000b01 0b000401 10014 100 131072 1743786 15143 15174 2155
0b000901 0b000a01 10105 100 131072 1755108 4216 2898 2697
0b000b01 0b000c01 10104 100 131072 1516978 242494 11234 3147
0b000c01 0b000d01 10075 100 131072 1315203 444307 11294 1596
0b000901 0b000a01 10106 100 131072 1756592 4204 2898 2153
0b000e01 0b000f01 10083 100 131072 1646061 114759 11294 2142
0b000e01 0b000f01 10084 100 131072 1646071 114753 11294 2158
0b000601 0b000701 10096 100 131072 1625163 137616 11294 3078
0b000d01 0b000e01 10084 100 131072 1745278 18435 11294 189
0b000f01 0b000801 10088 100 131072 1699903 63883 11234 3599
0b001001 0b001901 10014 100 131072 1736529 27890 15174 4544
0b001c01 0b001d01 10087 100 131072 1761756 2876 2898 4604
0b000601 0b000701 10097 100 131072 1631274 134149 11294 1654
0b000e01 0b000f01 10085 100 131072 1652238 113351 11294 654
0b000601 0b000701 10098 100 131072 1632510 133441 11294 2150
0b001f01 0b001801 10076 100 131072 1760848 5249 2898 4639
0b001f01 0b001001 10021 100 131072 1744541 21753 15174 4191
0b001f01 0b001801 10077 100 131072 1761228 5249 2898 5439
0b000a01 0b000b01 10115 100 131072 1762364 4204 2898 2714
0b001901 0b001201 10012 100 131072 1751844 15083 15174 5001
0b000301 0b000401 10088 100 131072 1744765 23242 11294 1155
0b000a01 0b000b01 10116 100 131072 1763836 4221 2898 2170
0b000701 0b000801 10013 100 131072 1753365 15078 15174 215
0b000001 0b000101 10097 100 131072 1689188 79821 11294 3568
0b000801 0b000901 10097 100 131072 1766826 2908 2898 3608
0b000001 0b000101 10098 100 131072 1692620 77819 11294 1168
0b001901 0b001a01 10088 100 131072 1767459 2943 2898 4569
0b001d01 0b001e01 10086 100 131072 1767642 2876 2898 4621
0b000b01 0b000c01 10105 100 131072 1525512 245351 11234 1659
0b000601 0b000701 10099 100 131072 1651856 119379 11294 2166
0b000f01 0b000801 10089 100 131072 1707252 64819 11234 2143
0b001801 0b001901 10079 100 131072 1769517 2913 2898 5448
0b000701 0b000001 10096 100 131072 1723691 48498 11294 1175
0b000701 0b000001 10097 100 131072 1723701 48492 11294 1191
0b001801 0b001101 10019 100 131072 1757420 15083 15174 4632
0b000401 0b000501 10090 100 131072 1713681 58879 11294 196
0b000401 0b000501 10091 100 131072 1713685 58879 11294 1156
0b000401 0b000501 10092 100 131072 1713773 58795 11294 212
0b000801 0b000901 10098 100 131072 1771483 2963 2898 232
0b000b01 0b000401 10015 100 131072 1759517 15083 15174 2171
0b000901 0b000a01 10107 100 131072 1772744 2989 2898 3625
0b000201 0b000301 10086 100 131072 1630018 145823 11294 3058
0b000201 0b000301 10087 100 131072 1630106 145823 11294 2642
0b000f01 0b000801 10090 100 131072 1711511 64788 11234 1599
0b001a01 0b001b01 10089 100 131072 1773412 2943 2898 4586
0b001e01 0b001f01 10084 100 131072 1773558 2876 2898 4638
0b001f01 0b001001 10022 100 131072 1758998 18441 15174 4207
0b000401 0b000501 10093 100 131072 1723721 54131 11294 1652
0b000801 0b000901 10099 100 131072 1775111 2944 2898 2152
0b001901 0b001a01 10089 100 131072 1775470 2913 2898 5465
0b000301 0b000401 10089 100 131072 1750049 28448 11294 3539
0b000901 0b000a01 10108 100 131072 1777456 3031 2898 249
0b000301 0b000401 10090 100 131072 1752517 28448 11294 2643
0b000d01 0b000e01 10085 100 131072 1751055 29852 11294 1133
0b000a01 0b000b01 10117 100 131072 1778773 2981 2898 3642
0b001b01 0b001c01 10089 100 131072 1779365 2876 2898 4603
0b001f01 0b001801 10078 100 131072 1779444 2876 2898 4655
0b000b01 0b000c01 10106 100 131072 1535389 246931 11234 3595
0b000801 0b000901 10100 100 131072 1779339 2988 2898 1608
0b000c01 0b000d01 10076 100 131072 1349372 433432 11294 3532
0b000c01 0b000d01 10077 100 131072 1349565 433243 11294 3068
0b001101 0b001201 10053 100 131072 1641871 141333 11294 4577
0b000901 0b000a01 10109 100 131072 1781065 2947 2898 2169
0b001801 0b001101 10020 100 131072 1769137 15102 15174 4648
0b000001 0b000101 10099 100 131072 1719776 64655 11294 192
0b000201 0b000301 10088 100 131072 1636266 148735 11294 2658
0b000b01 0b000401 10016 100 131072 1771067 15112 15174 2187
0b000a01 0b000b01 10118 100 131072 1783497 3011 2898 266
0b000101 0b000201 10096 100 131072 1714775 72032 11294 673
0b001c01 0b001d01 10088 100 131072 1785251 2876 2898 4620
0b000101 0b000201 10097 100 131072 1715808 72235 11294 2161
0b000901 0b000a01 10110 100 131072 1785337 2991 2898 1625
0b000101 0b000a01 10014 100 131072 1773479 15100 15174 1185
0b001701 0b001001 10104 100 131072 1195327 593440 11234 4551
0b001701 0b001001 10105 100 131072 1195337 593434 11234 4567
0b001701 0b001001 10106 100 131072 1195395 593644 11234 4583
0b001701 0b001001 10107 100 131072 1195469 593750 11234 4599
0b001701 0b001001 10108 100 131072 1195509 593714 11234 4615
0b000601 0b000701 10100 100 131072 1730249 59734 11294 1670
0b000a01 0b000b01 10119 100 131072 1787022 2966 2898 2186
0b000001 0b000101 10100 100 131072 1731838 59553 11294 2160
0b000601 0b000701 10101 100 131072 1737171 54400 11294 2182
0b000601 0b000701 10102 100 131072 1739991 51848 11294 214
0b000101 0b000201 10098 100 131072 1720749 72675 11294 3569
0b001d01 0b001e01 10087 100 131072 1791137 2876 2898 4637
0b000c01 0b000d01 10078 100 131072 1361237 432948 11294 1612
0b000d01 0b000e01 10086 100 131072 1761649 32550 11294 2669
0b000b01 0b000c01 10107 100 131072 1554024 240196 11234 1195
0b000a01 0b000b01 10120 100 131072 1791619 2907 2898 1210
0b000d01 0b000e01 10087 100 131072 1762550 32181 11294 1613
0b000201 0b000301 10089 100 131072 1644317 150919 11294 3074
0b001a01 0b001301 10012 100 131072 1781393 15129 15174 5482
0b000e01 0b000f01 10086 100 131072 1687033 110535 11294 190
0b001e01 0b001f01 10085 100 131072 1797053 2876 2898 4654
0b000701 0b000001 10098 100 131072 1735676 64344 11294 2647
0b001801 0b001101 10021 100 131072 1785360 15083 15174 4664
0b001701 0b001001 10109 100 131072 1212359 588153 11234 5527
0b000201 0b000301 10090 100 131072 1648897 152327 11294 3090
0b000d01 0b000601 10012 100 131072 1785848 15665 15234 3085
0b000001 0b000101 10101 100 131072 1754813 46779 11294 3088
0b001101 0b001201 10054 100 131072 1665535 137704 11294 4593
0b001201 0b001301 10057 100 131072 1704596 100335 11294 4002
0b001201 0b001301 10058 100 131072 1704636 100299 11294 4018
0b001f01 0b001801 10079 100 131072 1802939 2876 2898 4671
0b000201 0b000301 10091 100 131072 1653653 152151 11294 658
0b000401 0b000d01 10016 100 131072 1783975 22307 15234 2660
0b000a01 0b000301 10012 100 131072 1791368 15083 15174 1642
0b000f01 0b000801 10091 100 131072 1746435 60237 11234 1135
0b000f01 0b000801 10092 100 131072 1747416 60316 11234 3119
0b000b01 0b000401 10017 100 131072 1792998 15211 15174 2203
0b000d01 0b000e01 10088 100 131072 1785844 23244 11294 3549
0b000701 0b000801 10014 100 131072 1794849 15078 15174 231
0b001101 0b001201 10055 100 131072 1676183 134804 11294 6305
0b001101 0b001201 10056 100 131072 1676271 134720 11294 5825
0b001101 0b001201 10057 100 131072 1676275 134720 11294 5345
0b001101 0b001201 10058 100 131072 1676367 134632 11294 6321
0b001701 0b001001 10110 100 131072 1226822 585390 11234 6007
0b001101 0b001201 10059 100 131072 1678848 133387 11294 6801
0b001101 0b001201 10060 100 131072 1678964 133275 11294 7281
0b000401 0b000501 10094 100 131072 1761939 50431 11294 2164
0b000201 0b000301 10092 100 131072 1663179 151077 11294 194
0b000801 0b000901 10101 100 131072 1809712 5286 2898 1144
0b000001 0b000101 10102 100 131072 1775199 39849 11294 1184
0b000001 0b000101 10103 100 131072 1775209 39843 11294 1200
0b000b01 0b000c01 10108 100 131072 1562481 252864 11234 2699
0b000f01 0b000001 10012 100 131072 1800608 15167 15234 207
0b000601 0b000701 10103 100 131072 1804523 11852 11294 3094
0b000c01 0b000d01 10079 100 131072 1372563 444068 11294 652
0b000b01 0b000c01 10109 100 131072 1562823 253850 11234 3611
0b000c01 0b000d01 10080 100 131072 1383852 433203 11294 1628
0b000801 0b000901 10102 100 131072 1810772 6312 2898 3128
0b001301 0b001401 10072 100 131072 1799562 18074 11234 5491
0b000f01 0b000801 10093 100 131072 1763860 53908 11234 2159
0b000f01 0b000801 10094 100 131072 1763900 53872 11234 2175
0b000801 0b000901 10103 100 131072 1812967 5220 2898 248
0b000f01 0b000801 10095 100 131072 1768629 50023 11234 671
0b000301 0b000401 10091 100 131072 1778851 40536 11294 3075
0b000301 0b000401 10092 100 131072 1778939 40452 11294 2659
0b000d01 0b000e01 10089 100 131072 1797225 22976 11294 1629
0b000401 0b000501 10095 100 131072 1771017 50175 11294 1172
0b000101 0b000201 10099 100 131072 1740654 80785 11294 193
0b001101 0b001201 10061 100 131072 1711152 110415 11294 4609
0b001401 0b001501 10087 100 131072 1820676 2907 2898 5508
0b001801 0b001101 10022 100 131072 1808855 15093 15174 4680
0b000901 0b000a01 10111 100 131072 1820094 4914 2898 3145
0b000901 0b000a01 10112 100 131072 1821197 4997 2898 265
0b000001 0b000101 10104 100 131072 1803030 23182 11294 2656
0b000801 0b000901 10104 100 131072 1820808 5860 2898 2168
0b000801 0b000901 10105 100 131072 1820818 5852 2898 2184
0b000e01 0b000701 10012 100 131072 1812128 15149 15234 3566
0b000e01 0b000f01 10087 100 131072 1709094 118264 11294 1134
0b000b01 0b000c01 10110 100 131072 1577979 250332 11234 715
0b000e01 0b000f01 10088 100 131072 1709538 118792 11294 2174
0b000e01 0b000f01 10089 100 131072 1709894 118440 11294 1598
0b000c01 0b000d01 10081 100 131072 1395309 433179 11294 188
0b000c01 0b000d01 10082 100 131072 1407404 421496 11294 1644
0b001201 0b001b01 10005 100 131072 1814035 15078 15174 5362
0b001501 0b001601 10102 100 131072 1826623 2876 2898 5525
0b000401 0b000501 10096 100 131072 1777610 53354 11294 2180
0b000a01 0b000b01 10121 100 131072 1828048 4711 2898 3162
0b000901 0b000201 10012 100 131072 1818008 15083 15174 1161
0b000c01 0b000501 10019 100 131072 1818355 15149 15234 2716
0b000a01 0b000b01 10122 100 131072 1829234 4821 2898 282
0b001301 0b001401 10073 100 131072 1807971 26389 11234 4019
0b001301 0b001401 10074 100 131072 1808011 26353 11234 4035
0b001b01 0b001c01 10090 100 131072 1832123 2876 2898 5387
0b001601 0b001701 10116 100 131072 1832509 2908 2898 5542
0b000001 0b000101 10105 100 131072 1818815 16621 11294 208
0b000e01 0b000f01 10090 100 131072 1716771 118611 11294 1614
0b000901 0b000a01 10113 100 131072 1829678 5796 2898 2185
0b000901 0b000a01 10114 100 131072 1829718 5779 2898 2201
0b001701 0b001001 10111 100 131072 1267014 568940 11234 5047
0b000401 0b000501 10097 100 131072 1781537 54443 11294 3556
0b001701 0b001001 10112 100 131072 1267058 569076 11234 4631
0b001001 0b001101 10041 100 131072 945783 890815 11294 5824
0b001001 0b001101 10042 100 131072 945787 890815 11294 5344
0b001001 0b001101 10043 100 131072 945791 890815 11294 4864
0b001001 0b001101 10044 100 131072 946773 889837 11294 4064
0b000801 0b000101 10012 100 131072 1821662 15321 15174 680
0b001101 0b001201 10062 100 131072 1746619 90806 11294 4625
0b000401 0b000d01 10017 100 131072 1822401 15158 15234 2676
0b000b01 0b000c01 10111 100 131072 1597550 242673 11234 251
0b000e01 0b000f01 10091 100 131072 1723111 117203 11294 2670
0b001c01 0b001d01 10089 100 131072 1838009 2876 2898 5404
0b000401 0b000501 10098 100 131072 1789189 52603 11294 2196
0b001201 0b001301 10059 100 131072 1709440 133418 11294 4034
0b001401 0b001501 10088 100 131072 1837400 5606 2898 4036
0b001401 0b001501 10089 100 131072 1837440 5589 2898 4052
0b000101 0b000201 10100 100 131072 1757303 86735 11294 1665
0b000101 0b000201 10101 100 131072 1757313 86729 11294 1681
0b000e01 0b000f01 10092 100 131072 1729054 114969 11294 670
0b000d01 0b000e01 10090 100 131072 1809322 34842 11294 2685
0b000a01 0b000b01 10123 100 131072 1838514 5663 2898 2202
0b000a01 0b000b01 10124 100 131072 1838554 5646 2898 2218
0b000101 0b000a01 10015 100 131072 1818058 26620 15174 1201
0b000101 0b000a01 10016 100 131072 1818068 26614 15174 1217
0b000301 0b000401 10093 100 131072 1788041 57317 11294 2675
0b000701 0b000001 10099 100 131072 1753369 92802 11294 695
0b001d01 0b001e01 10088 100 131072 1843895 2876 2898 5421
0b000101 0b000201 10102 100 131072 1759687 87175 11294 2657
0b001701 0b001001 10113 100 131072 1293834 554447 11234 6487
0b001001 0b001101 10045 100 131072 960264 888295 11294 5840
0b000401 0b000501 10099 100 131072 1811219 39302 11294 2212
0b000501 0b000601 10097 100 131072 1748281 102400 11294 2661
0b000501 0b000601 10098 100 131072 1748321 102364 11294 2677
0b000501 0b000601 10099 100 131072 1748361 102328 11294 2693
0b001201 0b001301 10060 100 131072 1710940 139931 11294 6786
0b001201 0b001301 10061 100 131072 1710944 139931 11294 6306
0b001201 0b001301 10062 100 131072 1710948 139931 11294 5826
0b001201 0b001301 10063 100 131072 1710960 139923 11294 4050
0b001201 0b001301 10064 100 131072 1710964 139923 11294 7282
0b001201 0b001301 10065 100 131072 1710980 139911 11294 6802
0b001501 0b001601 10103 100 131072 1846046 5606 2898 4053
0b001501 0b001601 10104 100 131072 1846086 5589 2898 4069
0b001001 0b001901 10015 100 131072 1791807 60202 15174 4560
0b001001 0b001901 10016 100 131072 1791817 60196 15174 4576
0b000c01 0b000d01 10083 100 131072 1433784 418274 11294 2156
0b000b01 0b000c01 10112 100 131072 1617658 234564 11234 3163
0b001001 0b001901 10017 100 131072 1792049 60298 15174 4592
0b001001 0b001901 10018 100 131072 1792229 60379 15174 4608
0b001001 0b001901 10019 100 131072 1792239 60373 15174 4624
0b001e01 0b001f01 10086 100 131072 1849811 2876 2898 5438
0b000401 0b000501 10100 100 131072 1822397 30500 11294 3092
0b000e01 0b000f01 10093 100 131072 1744948 108319 11294 3118
0b000a01 0b000b01 10125 100 131072 1847688 5692 2898 1226
0b000a01 0b000b01 10126 100 131072 1847698 5684 2898 1242
0b001101 0b001a01 10005 100 131072 1839646 15081 15174 4881
0b001101 0b001201 10063 100 131072 1775543 80239 11294 4641
0b000501 0b000601 10100 100 131072 1749795 106774 11294 677
0b000501 0b000601 10101 100 131072 1749835 106738 11294 693
0b000201 0b000301 10093 100 131072 1701725 156963 11294 3538
0b000501 0b000601 10102 100 131072 1750643 108046 11294 2709
0b000201 0b000301 10094 100 131072 1701813 156879 11294 3554
0b001f01 0b001801 10080 100 131072 1855697 2876 2898 5455
0b000101 0b000201 10103 100 131072 1772049 87080 11294 3585
0b000701 0b000001 10100 100 131072 1758917 100740 11294 2663
0b001601 0b001701 10117 100 131072 1854692 5670 2898 4070
0b001601 0b001701 10118 100 131072 1854732 5653 2898 4086
0b000701 0b000001 10101 100 131072 1759655 100798 11294 2679
0b001a01 0b001b01 10090 100 131072 1857737 3155 2898 4906
0b000201 0b000301 10095 100 131072 1703854 157047 11294 674
0b001001 0b001901 10020 100 131072 1839174 22784 15174 4640
0b000301 0b000401 10094 100 131072 1798276 63665 11294 3091
0b001101 0b001201 10064 100 131072 1787279 75899 11294 4657
0b000b01 0b000c01 10113 100 131072 1621597 241762 11234 1675
0b000001 0b000901 10014 100 131072 1849211 15078 15174 704
0b001801 0b001901 10080 100 131072 1861613 3018 2898 5464
0b001201 0b001301 10066 100 131072 1721273 143896 11294 4066
0b000e01 0b000f01 10094 100 131072 1766753 99718 11294 206
0b001b01 0b001c01 10091 100 131072 1863902 2876 2898 4923
0b000701 0b000001 10102 100 131072 1765819 103002 11294 3095
0b001301 0b001c01 10005 100 131072 1853919 15089 15174 5843
0b001901 0b001a01 10090 100 131072 1855019 14243 2898 4585
0b001901 0b001a01 10091 100 131072 1855029 14235 2898 4601
0b000201 0b000301 10096 100 131072 1714062 155279 11294 2146
0b001001 0b001101 10046 100 131072 967408 902503 11294 7280
0b001901 0b001a01 10092 100 131072 1855357 14749 2898 4617
0b000901 0b000a01 10115 100 131072 1867329 2876 2898 729
0b001901 0b001a01 10093 100 131072 1855618 14826 2898 4633
0b001901 0b001a01 10094 100 131072 1855628 14818 2898 4649
0b001701 0b001001 10114 100 131072 1309195 561384 11234 6967
0b000501 0b000e01 10014 100 131072 1855907 15149 15234 3109
0b001701 0b001001 10115 100 131072 1309326 561803 11234 4647
0b000101 0b000201 10104 100 131072 1787471 83816 11294 209
0b000701 0b000001 10103 100 131072 1768463 102826 11294 1671
0b001001 0b001101 10047 100 131072 976312 895313 11294 6320
0b001001 0b001101 10048 100 131072 980020 891757 11294 5856
0b000701 0b000001 10104 100 131072 1768991 102830 11294 2167
0b000401 0b000d01 10018 100 131072 1848368 23466 15234 2692
0b001101 0b001201 10065 100 131072 1803483 68693 11294 4673
0b000301 0b000401 10095 100 131072 1804264 67907 11294 3107
0b001701 0b001801 10015 100 131072 1863402 9571 6838 4087
0b001701 0b001801 10016 100 131072 1863412 9563 6838 4103
0b000d01 0b000e01 10091 100 131072 1819671 53392 11294 669
0b000201 0b000b01 10015 100 131072 1847048 26082 15174 1682
0b000201 0b000b01 10016 100 131072 1847058 26076 15174 1698
0b000b01 0b000401 10018 100 131072 1847217 26107 15174 2219
0b001c01 0b001d01 10090 100 131072 1869788 3401 2898 4940
0b000b01 0b000401 10019 100 131072 1847257 26160 15174 2235
0b000d01 0b000e01 10092 100 131072 1820095 53852 11294 1645
0b000201 0b000301 10097 100 131072 1720468 153726 11294 1154
0b001901 0b001a01 10095 100 131072 1864968 9226 2898 4665
0b000b01 0b000c01 10114 100 131072 1625320 249179 11234 3627
0b001901 0b001a01 10096 100 131072 1867641 7016 2898 5481
0b000c01 0b000d01 10084 100 131072 1449594 425146 11294 3548
0b000c01 0b000d01 10085 100 131072 1452084 422788 11294 1132
0b000c01 0b000d01 10086 100 131072 1452846 422030 11294 1148
0b000701 0b000001 10105 100 131072 1774245 101100 11294 2183
0b001c01 0b001d01 10091 100 131072 1872018 3399 2898 5868
0b000c01 0b000d01 10087 100 131072 1464741 410619 11294 1164
0b000e01 0b000f01 10095 100 131072 1783947 92050 11294 1150
0b000a01 0b000b01 10127 100 131072 1873215 2895 2898 746
0b000101 0b000201 10105 100 131072 1794401 82262 11294 2177
0b001301 0b001401 10075 100 131072 1845898 30966 11234 4051
0b000301 0b000401 10096 100 131072 1808844 68611 11294 675
0b000301 0b000401 10097 100 131072 1809491 68496 11294 1651
0b000401 0b000501 10101 100 131072 1864951 14734 11294 3108
0b001d01 0b001e01 10089 100 131072 1876199 3401 2898 4957
0b001801 0b001901 10081 100 131072 1875983 5627 2898 4104
0b001801 0b001901 10082 100 131072 1875993 5619 2898 4120
0b000201 0b000301 10098 100 131072 1731428 150259 11294 2162
0b001d01 0b001e01 10090 100 131072 1878427 3401 2898 5885
0b000101 0b000201 10106 100 131072 1804602 77697 11294 3105
0b001401 0b001501 10090 100 131072 1879904 2907 2898 4068
0b001701 0b001001 10116 100 131072 1331048 551949 11234 7447
0b001001 0b001101 10049 100 131072 988572 894798 11294 6800
0b000301 0b000401 10098 100 131072 1817296 66424 11294 211
0b001001 0b001101 10050 100 131072 995910 887900 11294 6336
0b001001 0b001101 10051 100 131072 1001998 882112 11294 5872
0b001001 0b001101 10052 100 131072 1005438 878980 11294 6816
0b000f01 0b000001 10013 100 131072 1869481 15149 15234 223
0b000701 0b000001 10106 100 131072 1792993 91860 11294 1687
0b001001 0b001101 10053 100 131072 1014707 870171 11294 6352
0b000e01 0b000f01 10096 100 131072 1797239 88266 11294 2686
0b000e01 0b000f01 10097 100 131072 1797771 87738 11294 1630
0b000701 0b000001 10107 100 131072 1794581 90804 11294 2199
0b001001 0b001101 10054 100 131072 1027583 858039 11294 7296
0b001001 0b001101 10055 100 131072 1032392 853522 11294 5888
0b001e01 0b001f01 10087 100 131072 1882640 3401 2898 4974
0b001001 0b001101 10056 100 131072 1038582 847764 11294 6832
0b001a01 0b001b01 10091 100 131072 1872272 14264 2898 4602
0b001a01 0b001b01 10092 100 131072 1872282 14255 2898 4618
0b000c01 0b000d01 10088 100 131072 1476554 410239 11294 3084
0b000b01 0b000c01 10115 100 131072 1654449 232412 11234 731
0b001001 0b001101 10057 100 131072 1048295 838631 11294 6368
0b001001 0b001101 10058 100 131072 1052883 834327 11294 7312
0b000301 0b000c01 10015 100 131072 1872381 15149 15234 2163
0b001001 0b001101 10059 100 131072 1060759 827023 11294 6848
0b001001 0b001101 10060 100 131072 1068328 819906 11294 5904
0b001e01 0b001f01 10088 100 131072 1884868 3401 2898 5902
0b001001 0b001101 10061 100 131072 1068684 819554 11294 7328
0b001a01 0b001b01 10093 100 131072 1873116 15157 2898 4634
0b001a01 0b001b01 10094 100 131072 1873454 15171 2898 4650
0b001a01 0b001b01 10095 100 131072 1873464 15162 2898 4666
0b001001 0b001101 10062 100 131072 1075032 813642 11294 6384
0b001501 0b001601 10105 100 131072 1885851 2876 2898 4085
0b001001 0b001101 10063 100 131072 1086272 802974 11294 7344
0b001001 0b001901 10021 100 131072 1874169 15078 15174 4656
0b001a01 0b001b01 10096 100 131072 1877204 12235 2898 4682
0b001001 0b001101 10064 100 131072 1108097 782309 11294 7360
0b001901 0b001a01 10097 100 131072 1884620 5839 2898 4121
0b001901 0b001a01 10098 100 131072 1884630 5831 2898 4137
0b001001 0b001101 10065 100 131072 1112259 778299 11294 4080
0b001001 0b001101 10066 100 131072 1116213 774637 11294 6864
0b000701 0b000001 10108 100 131072 1819385 71460 11294 3111
0b001001 0b001101 10067 100 131072 1119741 771253 11294 6880
0b000701 0b000001 10109 100 131072 1830287 61706 11294 3575
0b000101 0b000201 10107 100 131072 1829252 62828 11294 2673
0b001f01 0b001801 10081 100 131072 1889051 3401 2898 4991
0b001001 0b001101 10068 100 131072 1153020 739726 11294 7376
0b001a01 0b001301 10013 100 131072 1877667 15102 15174 5498
0b000f01 0b000801 10096 100 131072 1830398 62577 11234 1151
0b001001 0b001101 10069 100 131072 1164748 728782 11294 5360
0b001001 0b001101 10070 100 131072 1164752 728782 11294 4880
0b001601 0b001701 10119 100 131072 1891737 2885 2898 4102
0b000101 0b000201 10108 100 131072 1838476 56156 11294 225
0b000101 0b000201 10109 100 131072 1840023 54789 11294 689
0b001f01 0b001801 10082 100 131072 1891279 3401 2898 5919
0b001901 0b001a01 10099 100 131072 1892257 2958 2898 4681
0b000e01 0b000f01 10098 100 131072 1823241 73712 11294 1646
0b000501 0b000e01 10015 100 131072 1882695 15168 15234 3125
0b001801 0b001901 10083 100 131072 1895462 3401 2898 5000
0b000801 0b000901 10106 100 131072 1895985 2907 2898 1160
0b000201 0b000301 10099 100 131072 1755637 144045 11294 3570
0b000301 0b000c01 10016 100 131072 1884697 15149 15234 2179
0b001a01 0b001b01 10097 100 131072 1893469 6323 2898 4138
0b001a01 0b001b01 10098 100 131072 1893479 6314 2898 4154
0b000f01 0b000801 10097 100 131072 1831340 69656 11234 2191
0b000f01 0b000801 10098 100 131072 1831344 69656 11234 1615
0b001801 0b001901 10084 100 131072 1897690 3401 2898 5928
0b001a01 0b001b01 10099 100 131072 1898225 4011 2898 4698
0b001b01 0b001c01 10092 100 131072 1889546 13100 2898 4619
0b001b01 0b001c01 10093 100 131072 1889556 13092 2898 4635
0b000b01 0b000c01 10116 100 131072 1669062 234888 11234 3643
0b000501 0b000601 10103 100 131072 1775600 128670 11294 213
0b000501 0b000601 10104 100 131072 1775604 128670 11294 1173
0b000501 0b000601 10105 100 131072 1775640 128638 11294 229
0b000d01 0b000e01 10093 100 131072 1831528 72713 11294 205
0b001701 0b001801 10017 100 131072 1897632 6820 6838 4119
0b000201 0b000301 10100 100 131072 1761304 143310 11294 3106
0b001701 0b001001 10117 100 131072 1566705 338090 11234 5543
0b000d01 0b000e01 10094 100 131072 1831940 73009 11294 1661
0b000d01 0b000601 10013 100 131072 1889833 15149 15234 3101
0b001901 0b001a01 10100 100 131072 1904101 2876 2898 5945
0b001001 0b001101 10071 100 131072 1206012 700995 11294 5920
0b001b01 0b001c01 10094 100 131072 1891283 16912 2898 4651
0b001b01 0b001c01 10095 100 131072 1891635 17221 2898 4667
0b001b01 0b001c01 10096 100 131072 1891645 17212 2898 4683
0b000501 0b000601 10106 100 131072 1780892 128402 11294 1669
0b001b01 0b001c01 10097 100 131072 1892449 17113 2898 4699
0b000c01 0b000d01 10089 100 131072 1496739 412868 11294 668
0b000b01 0b000c01 10117 100 131072 1670488 239194 11234 2715
0b000801 0b000901 10107 100 131072 1904006 5690 2898 2200
0b000801 0b000901 10108 100 131072 1904010 5688 2898 1624
0b000c01 0b000d01 10090 100 131072 1499759 409956 11294 684
0b001801 0b001901 10085 100 131072 1907462 2876 2898 4136
0b000c01 0b000d01 10091 100 131072 1534444 376427 11294 204
0b000c01 0b000d01 10092 100 131072 1545603 365644 11294 220
0b000c01 0b000d01 10093 100 131072 1560813 350938 11294 3564
0b001c01 0b001d01 10092 100 131072 1905656 6226 2898 4636
0b001c01 0b001d01 10093 100 131072 1905666 6217 2898 4652
0b000c01 0b000d01 10094 100 131072 1568274 343745 11294 700
0b000e01 0b000f01 10099 100 131072 1847204 64819 11294 2702
0b001101 0b001a01 10006 100 131072 1896544 16337 15174 4897
0b001a01 0b001b01 10100 100 131072 1909987 3019 2898 5962
0b001b01 0b001c01 10098 100 131072 1902802 12045 2898 4155
0b001b01 0b001c01 10099 100 131072 1902812 12036 2898 4171
0b001b01 0b001c01 10100 100 131072 1905246 10021 2898 4715
0b001901 0b001a01 10101 100 131072 1913348 2882 2898 4153
0b001901 0b001201 10013 100 131072 1901873 15083 15174 5017
0b000901 0b000201 10013 100 131072 1901932 15108 15174 1177
0b001201 0b001301 10067 100 131072 1760073 158365 11294 4082
0b000901 0b000a01 10116 100 131072 1912736 5627 2898 2217
0b000901 0b000a01 10117 100 131072 1912738 5627 2898 1641
0b001701 0b001001 10118 100 131072 1634610 284282 11234 6023
0b001a01 0b001b01 10101 100 131072 1915891 2891 2898 4922
0b001001 0b001101 10072 100 131072 1224635 694509 11294 5376
0b000f01 0b000801 10099 100 131072 1838392 81453 11234 1631
0b000d01 0b000e01 10095 100 131072 1840599 80019 11294 2701
0b001d01 0b001e01 10091 100 131072 1914892 6148 2898 4653
0b001d01 0b001e01 10092 100 131072 1914902 6139 2898 4669
0b000301 0b000401 10099 100 131072 1861728 60242 11294 3555
0b000301 0b000401 10100 100 131072 1861768 60206 11294 3571
0b001a01 0b001b01 10102 100 131072 1919240 2890 2898 4170
0b000001 0b000101 10106 100 131072 1862697 59902 11294 2672
0b001b01 0b001401 10013 100 131072 1916016 6853 6838 5979
0b000b01 0b000c01 10118 100 131072 1728246 195119 11234 1211
0b000301 0b000401 10101 100 131072 1863941 59529 11294 691
0b001c01 0b001d01 10094 100 131072 1911205 12926 2898 4668
0b000a01 0b000b01 10128 100 131072 1921403 2907 2898 2234
0b001b01 0b001c01 10101 100 131072 1921792 3017 2898 4939
0b000601 0b000701 10104 100 131072 1853691 71230 11294 2678
0b000601 0b000701 10105 100 131072 1853701 71308 11294 2694
0b000601 0b000701 10106 100 131072 1853711 71302 11294 2710
0b000801 0b000901 10109 100 131072 1922855 2907 2898 1640
0b001c01 0b001d01 10095 100 131072 1911866 14643 2898 4684
0b001c01 0b001d01 10096 100 131072 1911876 14634 2898 4700
0b001c01 0b001d01 10097 100 131072 1912572 14819 2898 4716
0b000c01 0b000501 10020 100 131072 1912692 15149 15234 2732
0b001b01 0b001c01 10102 100 131072 1925140 3020 2898 4187
0b001401 0b001501 10091 100 131072 1925909 2907 2898 5988
0b000301 0b000401 10102 100 131072 1877234 52480 11294 1171
0b000c01 0b000d01 10095 100 131072 1579815 349841 11294 1660
0b000f01 0b000801 10100 100 131072 1843324 86381 11234 2687
0b001e01 0b001f01 10089 100 131072 1924080 5730 2898 4670
0b001e01 0b001f01 10090 100 131072 1924120 5713 2898 4686
0b001301 0b001401 10076 100 131072 1853911 76382 11234 6803
0b001301 0b001401 10077 100 131072 1853915 76382 11234 6323
0b001301 0b001401 10078 100 131072 1853923 76378 11234 4067
0b001301 0b001401 10079 100 131072 1853927 76462 11234 7299
0b001301 0b001401 10080 100 131072 1853951 76442 11234 6819
0b000001 0b000101 10107 100 131072 1863493 66952 11294 2688
0b001201 0b001301 10068 100 131072 1769967 160795 11294 5010
0b001701 0b001001 10119 100 131072 1662735 268454 11234 5063
0b001001 0b001101 10073 100 131072 1244628 686657 11294 6896
0b001001 0b001101 10074 100 131072 1248864 682585 11294 6400
0b001d01 0b001e01 10093 100 131072 1927141 4428 2898 4685
0b000901 0b000a01 10118 100 131072 1928802 2876 2898 1657
0b001c01 0b001d01 10098 100 131072 1917857 14927 2898 4172
0b001c01 0b001d01 10099 100 131072 1917867 14918 2898 4188
0b000201 0b000301 10101 100 131072 1789847 143066 11294 690
0b001c01 0b001d01 10100 100 131072 1918277 14707 2898 4732
0b000501 0b000601 10107 100 131072 1815380 118122 11294 2181
0b000201 0b000301 10102 100 131072 1791053 143008 11294 2178
0b000b01 0b000c01 10119 100 131072 1732916 201612 11234 267
0b000f01 0b000801 10101 100 131072 1847033 87604 11234 687
0b000c01 0b000d01 10096 100 131072 1591365 343356 11294 3100
0b001501 0b001601 10106 100 131072 1931856 2999 2898 6005
0b000801 0b000901 10110 100 131072 1932715 2918 2898 2696
0b001c01 0b001d01 10101 100 131072 1927819 8489 2898 4956
0b000a01 0b000301 10013 100 131072 1921405 15083 15174 1658
0b001c01 0b001d01 10102 100 131072 1931170 6019 2898 4204
0b001e01 0b001f01 10091 100 131072 1934609 3040 2898 4702
0b000c01 0b000d01 10097 100 131072 1597007 341026 11294 2172
0b001f01 0b001801 10083 100 131072 1932820 5738 2898 4687
0b001f01 0b001801 10084 100 131072 1932843 5738 2898 4703
0b001301 0b001401 10081 100 131072 1868209 70557 11234 4083
0b000501 0b000601 10108 100 131072 1824202 114848 11294 1189
0b000201 0b000301 10103 100 131072 1796434 142995 11294 3586
0b001401 0b001d01 10006 100 131072 1933337 6869 6838 6340
0b001601 0b001701 10120 100 131072 1937865 2909 2898 6022
0b000601 0b000701 10107 100 131072 1859579 81384 11294 694
0b000601 0b000701 10108 100 131072 1859589 81378 11294 710
0b001d01 0b001e01 10094 100 131072 1929519 11817 2898 4701
0b001d01 0b001e01 10095 100 131072 1929529 11809 2898 4717
0b000101 0b000201 10110 100 131072 1925639 15751 11294 2689
0b000901 0b000a01 10119 100 131072 1938673 2876 2898 2713
0b000e01 0b000f01 10100 100 131072 1874096 67948 11294 3134
0b000b01 0b000401 10020 100 131072 1927320 15083 15174 2251
0b001001 0b001101 10075 100 131072 1251952 690670 11294 5936
0b001701 0b001001 10120 100 131072 1672977 269753 11234 4663
0b001d01 0b001e01 10096 100 131072 1930401 12577 2898 4733
0b001f01 0b001801 10085 100 131072 1940659 2876 2898 4719
0b000601 0b000701 10109 100 131072 1861699 81824 11294 2726
0b000501 0b000601 10109 100 131072 1833974 109832 11294 2197
0b000e01 0b000f01 10101 100 131072 1876103 68057 11294 686
0b000f01 0b000801 10102 100 131072 1856277 87886 11234 3135
0b000501 0b000601 10110 100 131072 1836514 108176 11294 2725
0b000301 0b000401 10103 100 131072 1902692 42189 11294 3587
0b000e01 0b000f01 10102 100 131072 1876987 68057 11294 1662
0b001401 0b001501 10092 100 131072 1933333 11830 2898 6820
0b001401 0b001501 10093 100 131072 1933341 11824 2898 4084
0b000501 0b000601 10111 100 131072 1838990 106408 11294 3573
0b001401 0b001501 10094 100 131072 1933429 11866 2898 7316
0b001401 0b001501 10095 100 131072 1933433 11864 2898 6836
0b000c01 0b000d01 10098 100 131072 1603280 342806 11294 1180
0b000b01 0b000c01 10120 100 131072 1745816 200374 11234 1691
0b000501 0b000601 10112 100 131072 1844802 101929 11294 2213
0b000401 0b000501 10102 100 131072 1875181 71726 11294 3124
0b001401 0b001501 10096 100 131072 1941776 5604 2898 4100
0b000a01 0b000b01 10129 100 131072 1944589 2907 2898 2730
0b000501 0b000601 10113 100 131072 1853531 94344 11294 2229
0b001201 0b001301 10069 100 131072 1786244 161691 11294 4594
0b000301 0b000401 10104 100 131072 1907624 41133 11294 3123
0b001101 0b001201 10066 100 131072 1826988 121805 11294 4689
0b000101 0b000201 10111 100 131072 1933485 15825 11294 2705
0b000a01 0b000301 10014 100 131072 1934718 15134 15174 1674
0b000801 0b000901 10111 100 131072 1947173 2913 2898 3144
0b001301 0b001401 10082 100 131072 1895809 56522 11234 5507
0b000801 0b000101 10013 100 131072 1937647 15083 15174 696
0b000401 0b000501 10103 100 131072 1876334 76394 11294 2228
0b000401 0b000501 10104 100 131072 1876427 76305 11294 2244
0b001e01 0b001f01 10092 100 131072 1944376 8314 2898 4718
0b000301 0b000c01 10017 100 131072 1937071 15665 15234 2195
0b001e01 0b001f01 10093 100 131072 1944416 8340 2898 4734
0b000d01 0b000601 10014 100 131072 1937761 15315 15234 3117
0b001d01 0b001e01 10097 100 131072 1935794 17323 2898 4189
0b001d01 0b001e01 10098 100 131072 1935804 17315 2898 4205
0b001d01 0b001e01 10099 100 131072 1935994 17303 2898 4749
0b001e01 0b001f01 10094 100 131072 1946018 7558 2898 4750
0b001701 0b001001 10121 100 131072 1689623 264825 11234 5079
0b001d01 0b001e01 10100 100 131072 1939318 15635 2898 4973
0b001d01 0b001e01 10101 100 131072 1940199 15008 2898 4221
0b001501 0b001601 10107 100 131072 1948175 7097 2898 4101
0b001501 0b001601 10108 100 131072 1948305 7240 2898 7333
0b001d01 0b001e01 10102 100 131072 1943216 12455 2898 6365
0b000901 0b000a01 10120 100 131072 1953126 2876 2898 3161
0b000501 0b000601 10114 100 131072 1930851 25406 11294 2741
0b000d01 0b000e01 10096 100 131072 1855098 101547 11294 2173
0b001501 0b001601 10109 100 131072 1950390 6276 2898 4117
0b000b01 0b000c01 10121 100 131072 1752497 204945 11234 747
0b000c01 0b000d01 10099 100 131072 1624408 333263 11294 3116
0b000c01 0b000d01 10100 100 131072 1626483 331228 11294 1196
0b000c01 0b000d01 10101 100 131072 1638024 319947 11294 236
0b001401 0b001501 10097 100 131072 1955341 2934 2898 5524
0b001501 0b001e01 10007 100 131072 1948203 10608 6838 6837
0b001501 0b001e01 10008 100 131072 1948307 10612 6838 6853
0b001001 0b001901 10022 100 131072 1945740 15078 15174 4672
0b000a01 0b000b01 10130 100 131072 1959042 2908 2898 3178
0b001601 0b001701 10121 100 131072 1958312 4364 2898 4118
0b001301 0b001401 10083 100 131072 1921448 41711 11234 4099
0b000e01 0b000f01 10103 100 131072 1900873 62840 11294 3150
0b000601 0b000f01 10014 100 131072 1948408 15633 15234 3590
0b000401 0b000501 10105 100 131072 1880465 83711 11294 692
0b001601 0b001701 10122 100 131072 1959706 4486 2898 4134
0b001501 0b001601 10110 100 131072 1961285 3003 2898 5541
0b001f01 0b001801 10086 100 131072 1955700 8564 2898 4735
0b001f01 0b001801 10087 100 131072 1955766 8631 2898 4751
0b001f01 0b001801 10088 100 131072 1956586 8251 2898 4767
0b000401 0b000501 10106 100 131072 1880997 83975 11294 1668
0b001601 0b001f01 10009 100 131072 1958585 7107 6838 7350
0b001701 0b001001 10122 100 131072 1703148 262925 11234 6503
0b000501 0b000e01 10016 100 131072 1949917 16281 15234 3141
0b001001 0b001101 10076 100 131072 1283248 682924 11294 7392
0b001901 0b001a01 10102 100 131072 1963828 2876 2898 4697
0b000201 0b000301 10104 100 131072 1824449 142899 11294 210
0b000001 0b000101 10108 100 131072 1871861 95568 11294 3104
0b000101 0b000201 10112 100 131072 1955770 11788 11294 705
0b001301 0b001401 10084 100 131072 1933772 33967 11234 5027
0b001201 0b001301 10070 100 131072 1806279 161908 11294 4610
0b001801 0b001101 10023 100 131072 1941568 27139 15174 4696
0b000e01 0b000f01 10104 100 131072 1907251 61746 11294 222
0b001801 0b001101 10024 100 131072 1941591 27287 15174 4712
0b000f01 0b000801 10103 100 131072 1879007 90003 11234 1167
0b001401 0b001501 10098 100 131072 1966169 2908 2898 4116
0b000b01 0b000c01 10122 100 131072 1769608 199627 11234 2731
0b000c01 0b000d01 10102 100 131072 1649322 319922 11294 3132
0b000e01 0b000f01 10105 100 131072 1907959 61306 11294 1678
0b001601 0b001701 10123 100 131072 1967328 2908 2898 5558
0b001f01 0b001801 10089 100 131072 1968702 3533 2898 7375
0b001a01 0b001b01 10103 100 131072 1969714 2876 2898 4714
0b000001 0b000101 10109 100 131072 1874329 99440 11294 1680
0b001401 0b001501 10099 100 131072 1970749 2960 2898 5044
0b001701 0b001801 10018 100 131072 1965686 8149 6838 4135
0b001e01 0b001f01 10095 100 131072 1956157 17812 2898 4206
0b001e01 0b001f01 10096 100 131072 1956197 17921 2898 4222
0b000401 0b000501 10107 100 131072 1886730 87398 11294 228
0b000001 0b000101 10110 100 131072 1874831 99642 11294 2176
0b001e01 0b001f01 10097 100 131072 1956337 18161 2898 4766
0b001301 0b001401 10085 100 131072 1950945 23759 11234 4611
0b000801 0b000901 10112 100 131072 1972050 2907 2898 1176
0b001501 0b001601 10111 100 131072 1972117 2947 2898 4133
0b001701 0b001801 10019 100 131072 1967202 8155 6838 4151
0b001201 0b001301 10071 100 131072 1814027 161556 11294 6322
0b001201 0b001301 10072 100 131072 1814031 161556 11294 5842
0b001201 0b001301 10073 100 131072 1814067 161524 11294 6338
0b000d01 0b000601 10015 100 131072 1960681 15211 15234 3133
0b001201 0b001301 10074 100 131072 1815275 161112 11294 6818
0b001201 0b001301 10075 100 131072 1815279 161112 11294 7298
0b000e01 0b000f01 10106 100 131072 1923628 53033 11294 2718
0b001e01 0b001f01 10098 100 131072 1957993 19237 2898 4990
0b001e01 0b001f01 10099 100 131072 1958247 19237 2898 4238
0b001701 0b001001 10123 100 131072 1716091 261607 11234 6983
0b001e01 0b001f01 10100 100 131072 1958711 19047 2898 6382
0b001b01 0b001c01 10103 100 131072 1975600 2876 2898 4731
0b000001 0b000101 10111 100 131072 1878355 100346 11294 2192
0b001801 0b001101 10025 100 131072 1946545 32132 15174 4728
0b001e01 0b001f01 10101 100 131072 1961851 16966 2898 6862
0b001e01 0b001f01 10102 100 131072 1961959 16881 2898 6878
0b000201 0b000301 10105 100 131072 1836101 143402 11294 1170
0b001001 0b001101 10077 100 131072 1291604 687809 11294 6416
0b001501 0b001601 10112 100 131072 1976719 3023 2898 5061
0b001801 0b001901 10086 100 131072 1975245 4604 2898 7384
0b000f01 0b000801 10104 100 131072 1888515 91605 11234 2703
0b000f01 0b000801 10105 100 131072 1888519 91605 11234 1647
0b001201 0b001301 10076 100 131072 1824607 155484 11294 4626
0b001f01 0b001801 10090 100 131072 1977508 3113 2898 4783
0b001401 0b001501 10100 100 131072 1977714 2968 2898 4628
0b000b01 0b000c01 10123 100 131072 1784764 196171 11234 3659
0b000701 0b000001 10110 100 131072 1927931 53088 11294 2695
0b000701 0b000001 10111 100 131072 1928019 53004 11294 2711
0b001601 0b001701 10124 100 131072 1978104 2961 2898 4150
0b000701 0b000001 10112 100 131072 1928029 53082 11294 2727
0b000301 0b000401 10105 100 131072 1935923 47332 11294 707
0b001801 0b001901 10087 100 131072 1976845 6519 2898 4152
0b001801 0b001901 10088 100 131072 1978367 5810 2898 4168
0b001c01 0b001d01 10103 100 131072 1981486 2876 2898 4748
0b001201 0b001301 10077 100 131072 1840465 144910 11294 4642
0b001901 0b001a01 10103 100 131072 1982859 2924 2898 7401
0b001601 0b001701 10125 100 131072 1982782 3068 2898 5078
0b001501 0b001601 10113 100 131072 1983692 2968 2898 4645
0b000c01 0b000501 10021 100 131072 1972245 15149 15234 2748
0b000d01 0b000601 10016 100 131072 1972254 15149 15234 3149
0b000001 0b000101 10112 100 131072 1887640 100596 11294 224
0b000001 0b000101 10113 100 131072 1887863 100377 11294 1696
0b000001 0b000101 10114 100 131072 1888425 100347 11294 2208
0b000f01 0b000001 10014 100 131072 1972037 16751 15234 239
0b001701 0b001001 10124 100 131072 1719340 269563 11234 7463
0b000801 0b000901 10113 100 131072 1983160 5690 2898 2712
0b000801 0b000901 10114 100 131072 1983164 5688 2898 1656
0b001001 0b001101 10078 100 131072 1296164 692806 11294 6432
0b000301 0b000401 10106 100 131072 1939498 49741 11294 1667
0b001f01 0b001801 10091 100 131072 1980240 9073 2898 5007
0b001001 0b001101 10079 100 131072 1302692 687082 11294 6912
0b001d01 0b001e01 10103 100 131072 1987372 2876 2898 4765
0b000e01 0b000f01 10107 100 131072 1959655 30738 11294 2190
0b001f01 0b001801 10092 100 131072 1980768 9870 2898 6399
0b000f01 0b000801 10106 100 131072 1899963 91262 11234 1663
0b001901 0b001a01 10104 100 131072 1986374 4936 2898 4169
0b001201 0b001301 10078 100 131072 1858822 132717 11294 4658
0b001f01 0b001801 10093 100 131072 1981827 9863 2898 6879
0b001f01 0b001801 10094 100 131072 1981850 9842 2898 6895
0b000001 0b000101 10115 100 131072 1893885 97971 11294 3120
0b001a01 0b001b01 10104 100 131072 1988793 3141 2898 7418
0b001901 0b001a01 10105 100 131072 1987187 4948 2898 4185
0b000301 0b000401 10107 100 131072 1942439 49620 11294 3603
0b000b01 0b000c01 10124 100 131072 1789518 202631 11234 283
0b000201 0b000301 10106 100 131072 1849902 142377 11294 2674
0b000001 0b000101 10116 100 131072 1895033 97267 11294 3584
0b001601 0b001701 10126 100 131072 1989700 2908 2898 4662
0b000e01 0b000f01 10108 100 131072 1969238 23535 11294 3166
0b000901 0b000201 10014 100 131072 1977997 15083 15174 1193
0b001301 0b001c01 10006 100 131072 1978597 15078 15174 5859
0b001701 0b001801 10020 100 131072 1984075 9660 6838 4167
0b001201 0b001301 10079 100 131072 1866218 127789 11294 4674
0b000501 0b000601 10115 100 131072 1955768 39152 11294 2245
0b000501 0b000601 10116 100 131072 1955808 39116 11294 2261
0b001201 0b001301 10080 100 131072 1875216 120907 11294 4690
0b001e01 0b001f01 10103 100 131072 1993288 2876 2898 4782
0b000701 0b000001 10113 100 131072 1943973 52982 11294 711
0b000701 0b000001 10114 100 131072 1943983 52976 11294 727
0b000801 0b000901 10115 100 131072 1994265 3016 2898 1672
0b000701 0b000001 10115 100 131072 1946533 50958 11294 2743
0b000901 0b000a01 10121 100 131072 1991890 5759 2898 2729
0b000901 0b000a01 10122 100 131072 1991892 5759 2898 1673
0b001b01 0b001c01 10104 100 131072 1994944 3170 2898 7435
0b001801 0b001901 10089 100 131072 1992323 6509 2898 5016
0b001a01 0b001b01 10105 100 131072 1994320 4940 2898 4186
0b001c01 0b001d01 10104 100 131072 1996685 2933 2898 5884
0b001a01 0b001b01 10106 100 131072 1995145 4936 2898 4202
0b001701 0b001001 10125 100 131072 1732861 267658 11234 7479
0b001001 0b001101 10080 100 131072 1310373 690202 11294 5952
0b001001 0b001101 10081 100 131072 1310383 690196 11294 5968
0b001001 0b001101 10082 100 131072 1312409 688310 11294 6448
0b001001 0b001101 10083 100 131072 1312413 688310 11294 5392
0b000101 0b000201 10113 100 131072 1970469 30269 11294 3121
0b001001 0b001101 10084 100 131072 1324062 677057 11294 5984
0b001001 0b001101 10085 100 131072 1344620 657423 11294 6928
0b001f01 0b001801 10095 100 131072 1999174 3015 2898 4799
0b001001 0b001101 10086 100 131072 1351421 650890 11294 7408
0b000301 0b000401 10108 100 131072 1952862 49686 11294 1683
0b001001 0b001101 10087 100 131072 1354161 648282 11294 5408
0b001201 0b001301 10081 100 131072 1919996 82467 11294 5026
0b001001 0b001101 10088 100 131072 1361631 641072 11294 4096
0b001001 0b001101 10089 100 131072 1362426 640281 11294 4112
0b001001 0b001101 10090 100 131072 1366749 636202 11294 5424
0b000201 0b000301 10107 100 131072 1862169 141211 11294 3602
0b000901 0b000a01 10123 100 131072 2000321 2994 2898 1689
0b000b01 0b000c01 10125 100 131072 1797536 205992 11234 1227
0b000a01 0b000b01 10131 100 131072 2000689 2998 2898 2746
0b000c01 0b000d01 10103 100 131072 1706103 297740 11294 3148
0b001c01 0b001d01 10105 100 131072 2001124 3061 2898 7452
0b000c01 0b000d01 10104 100 131072 1717560 286671 11294 716
0b001801 0b001901 10090 100 131072 1993648 10610 2898 6408
0b001001 0b001101 10091 100 131072 1406987 597400 11294 4128
0b001001 0b001101 10092 100 131072 1407549 596842 11294 4896
0b001201 0b001301 10082 100 131072 1951833 53098 11294 4706
0b000c01 0b000d01 10105 100 131072 1739803 265200 11294 3580
0b000c01 0b000d01 10106 100 131072 1739895 265112 11294 3596
0b001d01 0b001e01 10104 100 131072 2002628 2941 2898 5901
0b001801 0b001901 10091 100 131072 1994700 11135 2898 6888
0b001801 0b001901 10092 100 131072 1994710 11127 2898 6904
0b001f01 0b001001 10023 100 131072 1976979 29209 15174 4223
0b001801 0b001901 10093 100 131072 1996745 9598 2898 4184
0b001b01 0b001c01 10105 100 131072 2002270 4888 2898 4203
0b001f01 0b001001 10024 100 131072 1977128 30245 15174 4239
0b000f01 0b000801 10107 100 131072 1915033 92802 11234 2719
0b001b01 0b001c01 10106 100 131072 2003091 4888 2898 4219
0b001801 0b001101 10026 100 131072 1967274 42592 15174 4744
0b001d01 0b001e01 10105 100 131072 2007195 2941 2898 7469
0b001801 0b001101 10027 100 131072 1967407 43519 15174 4760
0b001e01 0b001f01 10104 100 131072 2008609 2945 2898 5918
0b000d01 0b000e01 10097 100 131072 1874874 136736 11294 2717
0b001801 0b001101 10028 100 131072 1967847 43966 15174 4776
0b001001 0b001101 10093 100 131072 1428995 583692 11294 5440
0b001901 0b001a01 10106 100 131072 2007268 6236 2898 6425
0b000801 0b000901 10116 100 131072 2010875 2909 2898 2728
0b001f01 0b001001 10025 100 131072 1980494 33621 15174 4255
0b001c01 0b001d01 10106 100 131072 2010168 4808 2898 4220
0b000a01 0b000301 10015 100 131072 2000691 15083 15174 1690
0b001c01 0b001d01 10107 100 131072 2010989 4808 2898 4236
0b001701 0b001001 10126 100 131072 1838457 177896 11234 5559
0b001001 0b001101 10094 100 131072 1439148 577428 11294 5456
0b001001 0b001101 10095 100 131072 1439416 577164 11294 4912
0b001001 0b001101 10096 100 131072 1440300 576392 11294 5472
0b001001 0b001101 10097 100 131072 1447629 569283 11294 4928
0b000201 0b000301 10108 100 131072 1874327 142609 11294 226
0b001901 0b001201 10014 100 131072 2001842 15083 15174 5033
0b000501 0b000601 10117 100 131072 1967216 50240 11294 709
0b001f01 0b001801 10096 100 131072 2014564 2876 2898 5935
0b001001 0b001101 10098 100 131072 1470128 547516 11294 5488
0b001001 0b001101 10099 100 131072 1470168 547480 11294 5504
0b000301 0b000401 10109 100 131072 1970358 47524 11294 227
0b000501 0b000601 10118 100 131072 1968012 50240 11294 1685
0b001001 0b001101 10100 100 131072 1493937 524519 11294 5520
0b001901 0b001a01 10107 100 131072 2008845 9460 2898 6905
0b001901 0b001a01 10108 100 131072 2008855 9451 2898 6921
0b001901 0b001a01 10109 100 131072 2009353 9130 2898 4201
0b001001 0b001101 10101 100 131072 1498811 519749 11294 4144
0b001001 0b001101 10102 100 131072 1522805 496527 11294 4944
0b001a01 0b001b01 10107 100 131072 2016514 2967 2898 6442
0b001001 0b001101 10103 100 131072 1529949 489579 11294 6464
0b001001 0b001101 10104 100 131072 1530217 489315 11294 4960
0b001001 0b001101 10105 100 131072 1531545 488079 11294 6944
0b000901 0b000a01 10124 100 131072 2016824 2876 2898 2745
0b001001 0b001101 10106 100 131072 1537101 482611 11294 7424
0b001e01 0b001701 10017 100 131072 2013176 6853 6838 7486
0b001001 0b001101 10107 100 131072 1549725 470315 11294 6000
0b001001 0b001101 10108 100 131072 1576428 444264 11294 4976
0b000201 0b000301 10109 100 131072 1879703 142077 11294 2194
0b000d01 0b000601 10017 100 131072 2006883 15149 15234 3165
0b000b01 0b000c01 10126 100 131072 1835799 186432 11234 3179
0b000d01 0b000e01 10098 100 131072 1877780 145006 11294 3565
0b000d01 0b000e01 10099 100 131072 1877912 144878 11294 1149
0b000d01 0b000e01 10100 100 131072 1877952 144842 11294 1165
0b000d01 0b000e01 10101 100 131072 1878400 144398 11294 1181
0b000501 0b000601 10119 100 131072 1977168 45664 11294 245
0b001801 0b001101 10029 100 131072 1983631 39128 15174 4792
0b001d01 0b001e01 10106 100 131072 2018016 4808 2898 4237
0b001101 0b001a01 10007 100 131072 2007401 15645 15174 4913
0b001801 0b001901 10094 100 131072 2020450 2876 2898 5944
0b001d01 0b001e01 10107 100 131072 2018837 4808 2898 4253
0b000501 0b000601 10120 100 131072 1990434 35042 11294 2757
0b000a01 0b000b01 10132 100 131072 2022710 2908 2898 2762
0b001b01 0b001c01 10107 100 131072 2022491 3143 2898 6459
0b000001 0b000901 10015 100 131072 1999995 26082 15174 720
0b000001 0b000901 10016 100 131072 2000005 26076 15174 736
0b000a01 0b000301 10016 100 131072 2006325 20462 15174 1706
0b000201 0b000301 10110 100 131072 1885339 141725 11294 3122
0b001301 0b001401 10086 100 131072 1971197 56210 11234 4627
0b000c01 0b000d01 10107 100 131072 1751117 276312 11294 252
0b000b01 0b000c01 10127 100 131072 1837095 190349 11234 299
0b000e01 0b000f01 10109 100 131072 2014650 13156 11294 2734
0b000c01 0b000d01 10108 100 131072 1762482 265339 11294 3164
0b000301 0b000401 10110 100 131072 1982513 45511 11294 1187
0b001901 0b001a01 10110 100 131072 2026336 3016 2898 5961
0b001e01 0b001f01 10105 100 131072 2025864 4808 2898 4254
0b001a01 0b001b01 10108 100 131072 2021315 9581 2898 6922
0b001a01 0b001b01 10109 100 131072 2021325 9573 2898 6938
0b001a01 0b001b01 10110 100 131072 2021493 9575 2898 4218
0b001e01 0b001f01 10106 100 131072 2026685 4808 2898 4270
0b001201 0b001301 10083 100 131072 2019965 11782 11294 5042
0b001701 0b001001 10127 100 131072 1943784 88403 11234 6039
0b001001 0b001101 10109 100 131072 1599408 432861 11294 6480
0b001a01 0b001b01 10111 100 131072 2026056 6631 2898 4938
0b001001 0b001101 10110 100 131072 1610604 421897 11294 6960
0b001001 0b001101 10111 100 131072 1621968 410757 11294 7440
0b001001 0b001101 10112 100 131072 1644957 388280 11294 4992
0b001401 0b001501 10101 100 131072 2030417 2918 2898 4644
0b000201 0b000301 10111 100 131072 1895120 139076 11294 2690
0b000401 0b000501 10108 100 131072 1924980 109322 11294 3572
0b000401 0b000501 10109 100 131072 1924990 109316 11294 3588
0b000901 0b000a01 10125 100 131072 2029087 5627 2898 745
0b000901 0b000a01 10126 100 131072 2029097 5619 2898 761
0b001a01 0b001b01 10112 100 131072 2032362 3048 2898 5978
0b001c01 0b001501 10014 100 131072 2028644 6853 6838 6476
0b000201 0b000301 10112 100 131072 1897672 137936 11294 242
0b000201 0b000301 10113 100 131072 1897852 137760 11294 706
0b000401 0b000501 10110 100 131072 1926480 109766 11294 708
0b001501 0b001601 10114 100 131072 2036345 3485 2898 4661
0b000301 0b000c01 10018 100 131072 2024790 15149 15234 2211
0b000e01 0b000701 10013 100 131072 2025826 15222 15234 3582
0b000001 0b000101 10117 100 131072 1984059 56997 11294 2704
0b000001 0b000101 10118 100 131072 1984099 56961 11294 2720
0b000001 0b000101 10119 100 131072 1984151 56913 11294 2736
0b001501 0b001601 10115 100 131072 2038507 3467 2898 6485
0b000401 0b000501 10111 100 131072 1932724 110650 11294 1188
0b000a01 0b000b01 10133 100 131072 2037724 5691 2898 762
0b000a01 0b000b01 10134 100 131072 2037734 5683 2898 778
0b000001 0b000101 10120 100 131072 1991828 51704 11294 240
0b001b01 0b001c01 10108 100 131072 2033906 10545 2898 6939
0b001b01 0b001c01 10109 100 131072 2033916 10537 2898 6955
0b001b01 0b001c01 10110 100 131072 2034078 10503 2898 4235
0b001701 0b001001 10128 100 131072 1973246 71354 11234 5575
0b001001 0b001101 10113 100 131072 1667699 376987 11294 5008
0b001b01 0b001c01 10111 100 131072 2035697 9411 2898 4955
0b001b01 0b001401 10014 100 131072 2038420 6820 6838 5995
0b000001 0b000101 10121 100 131072 2000501 45279 11294 2752
0b000d01 0b000601 10018 100 131072 2030831 15149 15234 3181
0b000201 0b000301 10114 100 131072 1920080 126096 11294 1186
0b001601 0b001701 10127 100 131072 2042870 3562 2898 4678
0b000c01 0b000d01 10109 100 131072 1773873 273132 11294 1676
0b000f01 0b000801 10108 100 131072 1945054 103023 11234 3151
0b001601 0b001701 10128 100 131072 2044984 3574 2898 6502
0b000301 0b000401 10111 100 131072 1995289 54775 11294 2691
0b000b01 0b000c01 10128 100 131072 1856420 193930 11234 1243
0b000b01 0b000c01 10129 100 131072 1856460 193982 11234 1259
0b000c01 0b000d01 10110 100 131072 1785330 265465 11294 3612
0b001401 0b001501 10102 100 131072 2048250 2909 2898 6004
0b000f01 0b000801 10109 100 131072 1947200 104133 11234 703
0b000f01 0b000801 10110 100 131072 1948084 103957 11234 1679
0b000101 0b000201 10114 100 131072 1976779 77198 11294 1697
0b000801 0b000901 10117 100 131072 2051117 2909 2898 3160
0b000401 0b000501 10112 100 131072 1945413 109062 11294 2260
0b000701 0b000001 10116 100 131072 2044058 11729 11294 3591
0b000201 0b000301 10115 100 131072 1944430 111859 11294 2706
0b001f01 0b001001 10026 100 131072 2033682 22822 15174 4271
0b001701 0b001001 10129 100 131072 1988860 67426 11234 5095
0b000401 0b000501 10113 100 131072 1947891 108700 11294 3604
0b001501 0b001601 10116 100 131072 2054169 2876 2898 6021
0b000801 0b000901 10118 100 131072 2055081 2932 2898 1688
0b000101 0b000201 10115 100 131072 1977483 80731 11294 2193
0b001c01 0b001d01 10108 100 131072 2047461 10835 2898 6956
0b001c01 0b001d01 10109 100 131072 2047471 10827 2898 6972
0b001c01 0b001d01 10110 100 131072 2047591 10835 2898 4252
0b001c01 0b001d01 10111 100 131072 2048118 10478 2898 4972
0b000601 0b000701 10110 100 131072 1907280 151684 11294 230
0b000601 0b000701 10111 100 131072 1907284 151684 11294 1190
0b000601 0b000701 10112 100 131072 1907290 151682 11294 246
0b000601 0b000701 10113 100 131072 1907992 150984 11294 3110
0b000401 0b000501 10114 100 131072 1951767 107292 11294 3140
0b000201 0b000301 10116 100 131072 1952350 106936 11294 2722
0b001f01 0b001001 10027 100 131072 2034503 25275 15174 4287
0b000901 0b000a01 10127 100 131072 2057036 2920 2898 3177
0b000e01 0b000f01 10110 100 131072 2025830 35256 11294 1166
0b000e01 0b000f01 10111 100 131072 2025870 35220 11294 1182
0b000e01 0b000f01 10112 100 131072 2025910 35184 11294 1198
0b001601 0b001701 10129 100 131072 2060055 2908 2898 6038
0b000201 0b000301 10117 100 131072 1970598 93180 11294 722
0b000901 0b000a01 10128 100 131072 2061023 2919 2898 1705
0b000a01 0b000b01 10135 100 131072 2062966 2941 2898 3194
0b001d01 0b001e01 10108 100 131072 2061436 5459 2898 4269
0b001d01 0b001e01 10109 100 131072 2061606 5459 2898 4989
0b000601 0b000701 10114 100 131072 1912304 155120 11294 1686
0b001701 0b001001 10130 100 131072 1995618 72041 11234 4679
0b001001 0b001101 10114 100 131072 1713712 354040 11294 5024
0b001001 0b001101 10115 100 131072 1713752 354004 11294 5040
0b001001 0b001101 10116 100 131072 1745646 322886 11294 4160
0b000401 0b000d01 10019 100 131072 2053104 16243 15234 2708
0b000801 0b000101 10014 100 131072 2054373 15125 15174 712
0b000f01 0b000801 10111 100 131072 1966753 103290 11234 3167
0b000f01 0b000801 10112 100 131072 1967081 102966 11234 3615
0b000201 0b000301 10118 100 131072 1996120 73910 11294 1202
0b000c01 0b000d01 10111 100 131072 1797230 273129 11294 1212
0b000001 0b000101 10122 100 131072 2058797 11768 11294 3600
0b000201 0b000301 10119 100 131072 2003748 67518 11294 3138
0b001d01 0b001601 10015 100 131072 2061336 10807 6838 6973
0b001d01 0b001601 10016 100 131072 2061346 10799 6838 6989
0b000201 0b000b01 10017 100 131072 2056987 15366 15174 1714
0b000101 0b000201 10116 100 131072 1981711 92110 11294 2209
0b000f01 0b000801 10113 100 131072 1972305 101806 11234 1695
0b001101 0b001201 10067 100 131072 1839638 235540 11294 5841
0b001101 0b001201 10068 100 131072 1839642 235540 11294 5361
0b001101 0b001201 10069 100 131072 1839650 235536 11294 4081
0b001e01 0b001f01 10107 100 131072 2069935 5459 2898 4286
0b001e01 0b001f01 10108 100 131072 2070105 5459 2898 5006
0b000501 0b000e01 10017 100 131072 2062069 16391 15234 3157
0b000b01 0b000c01 10130 100 131072 1876140 202412 11234 1707
0b000b01 0b000c01 10131 100 131072 1876150 202406 11234 1723
0b000f01 0b000801 10114 100 131072 1979701 99706 11234 2735
0b000801 0b000901 10119 100 131072 2073057 6416 2898 3624
0b000801 0b000901 10120 100 131072 2073083 6436 2898 3176
0b001001 0b001101 10117 100 131072 1758105 321780 11294 4176
0b001701 0b001001 10131 100 131072 2023039 56903 11234 7495
0b001001 0b001101 10118 100 131072 1769334 310875 11294 4192
0b001001 0b001101 10119 100 131072 1780479 300050 11294 4208
0b001601 0b001701 10130 100 131072 2075153 5662 2898 6982
0b001601 0b001701 10131 100 131072 2075193 5645 2898 6998
0b000201 0b000301 10120 100 131072 2061224 19979 11294 2210
0b001f01 0b001801 10097 100 131072 2078574 2876 2898 5023
0b000801 0b000901 10121 100 131072 2077121 4419 2898 1704
0b000a01 0b000301 10017 100 131072 2066952 15083 15174 1722
0b000401 0b000501 10115 100 131072 1986295 98045 11294 724
0b000b01 0b000c01 10132 100 131072 1879120 205357 11234 763
0b000c01 0b000d01 10112 100 131072 1819683 265419 11294 3628
0b000801 0b000901 10122 100 131072 2082447 3000 2898 2744
0b000c01 0b000d01 10113 100 131072 1831351 254267 11294 732
0b000301 0b000401 10112 100 131072 2006390 79548 11294 3619
0b000c01 0b000d01 10114 100 131072 1843233 242997 11294 268
0b000c01 0b000d01 10115 100 131072 1855232 231634 11294 3180
0b001801 0b001901 10095 100 131072 2084460 2876 2898 5032
0b000401 0b000501 10116 100 131072 1992279 95585 11294 1684
0b000701 0b000801 10015 100 131072 2061974 26082 15174 247
0b000701 0b000801 10016 100 131072 2061984 26076 15174 263
0b001101 0b001a01 10008 100 131072 2019590 68730 15174 4929
0b000f01 0b000801 10115 100 131072 1993433 94893 11234 2207
0b000401 0b000501 10117 100 131072 1995069 94295 11294 3620
0b000f01 0b000801 10116 100 131072 1995813 93837 11234 3183
0b001101 0b001a01 10009 100 131072 2019922 70423 15174 4945
0b000501 0b000601 10121 100 131072 2037342 53072 11294 3589
0b000501 0b000601 10122 100 131072 2037382 53036 11294 3605
0b000901 0b000a01 10129 100 131072 2082513 7943 2898 3641
0b000901 0b000a01 10130 100 131072 2082559 8025 2898 3193
0b000d01 0b000e01 10102 100 131072 1912647 178590 11294 685
0b000d01 0b000e01 10103 100 131072 1912755 178486 11294 701
0b001001 0b001901 10023 100 131072 2070669 21068 15174 4688
0b000701 0b000001 10117 100 131072 2061978 30642 11294 1207
0b000201 0b000301 10121 100 131072 2076831 15792 11294 2226
0b000701 0b000001 10118 100 131072 2062016 30608 11294 3127
0b000901 0b000a01 10131 100 131072 2084580 8008 2898 1721
0b001301 0b001401 10087 100 131072 1978593 114613 11234 6339
0b001301 0b001401 10088 100 131072 1978603 114607 11234 6355
0b000d01 0b000e01 10104 100 131072 1913911 179094 11294 221
0b000d01 0b000e01 10105 100 131072 1914287 178722 11294 237
0b000e01 0b000f01 10113 100 131072 2081500 11838 11294 3182
0b001f01 0b001001 10028 100 131072 2078404 15244 15174 4303
0b000401 0b000501 10118 100 131072 2005558 88202 11294 1700
0b000901 0b000a01 10132 100 131072 2088487 5529 2898 2761
0b001701 0b001001 10132 100 131072 2049442 45199 11234 4695
0b000d01 0b000e01 10106 100 131072 1914791 179722 11294 3581
0b000d01 0b000e01 10107 100 131072 1915059 179458 11294 717
0b001a01 0b001b01 10113 100 131072 2091330 3621 2898 4954
0b001201 0b001b01 10006 100 131072 2078222 17175 15174 5378
0b001301 0b001401 10089 100 131072 1979397 116541 11234 6835
0b001301 0b001401 10090 100 131072 1979401 116541 11234 7315
0b000501 0b000601 10123 100 131072 2039286 57481 11294 725
0b000c01 0b000d01 10116 100 131072 1866369 230233 11294 1692
0b000701 0b000001 10119 100 131072 2070434 26418 11294 1703
0b001a01 0b001b01 10114 100 131072 2093355 3814 2898 4970
0b001901 0b001a01 10111 100 131072 2094747 2980 2898 4713
0b000401 0b000501 10119 100 131072 2020922 76970 11294 244
0b001101 0b001a01 10010 100 131072 2022372 76253 15174 4961
0b000b01 0b000c01 10133 100 131072 1950506 148189 11234 2747
0b001101 0b001a01 10011 100 131072 2022572 76592 15174 4977
0b000401 0b000501 10120 100 131072 2031064 68676 11294 1204
0b000a01 0b000b01 10136 100 131072 2093466 6551 2898 3658
0b000a01 0b000b01 10137 100 131072 2093594 6637 2898 3210
0b001101 0b001a01 10012 100 131072 2023702 76756 15174 4993
0b001301 0b001401 10091 100 131072 1983101 118412 11234 4643
0b001201 0b001301 10084 100 131072 2078196 23386 11294 4098
0b001201 0b001301 10085 100 131072 2078218 23368 11294 5858
0b000801 0b000901 10123 100 131072 2091066 10566 2898 264
0b000801 0b000901 10124 100 131072 2091076 10557 2898 280
0b000801 0b000901 10125 100 131072 2091336 10560 2898 2216
0b000a01 0b000b01 10138 100 131072 2097026 4928 2898 2778
0b000101 0b000201 10117 100 131072 1991246 110862 11294 241
0b000101 0b000201 10118 100 131072 1991250 110862 11294 1713
0b000801 0b000901 10126 100 131072 2092660 9676 2898 3192
0b000101 0b000201 10119 100 131072 1991782 111214 11294 2225
0b001001 0b001101 10120 100 131072 1803522 299741 11294 5536
0b001701 0b001001 10133 100 131072 2051568 51713 11234 6519
0b001001 0b001101 10121 100 131072 1815222 288369 11294 6016
0b000301 0b000c01 10019 100 131072 2084213 20340 15234 2227
0b001401 0b001501 10103 100 131072 2098948 5712 2898 6852
0b001401 0b001501 10104 100 131072 2098952 5709 2898 7332
0b001b01 0b001c01 10112 100 131072 2097961 6976 2898 4971
0b000d01 0b000601 10019 100 131072 2089906 15443 15234 3197
0b001901 0b001201 10015 100 131072 2090346 15165 15174 5049
0b001401 0b001d01 10007 100 131072 2096216 9642 6838 6356
0b001401 0b001d01 10008 100 131072 2096226 9633 6838 6372
0b001b01 0b001c01 10113 100 131072 2098407 7497 2898 5403
0b001b01 0b001c01 10114 100 131072 2100179 6692 2898 4987
0b000101 0b000201 10120 100 131072 1994866 112178 11294 3137
0b000101 0b000201 10121 100 131072 1995340 111708 11294 3601
0b000f01 0b000801 10117 100 131072 2030846 76419 11234 2751
0b001401 0b001501 10105 100 131072 2104523 2909 2898 4660
0b001301 0b001401 10092 100 131072 1988385 119440 11234 4659
0b000401 0b000501 10121 100 131072 2088978 19286 11294 3636
0b001a01 0b001b01 10115 100 131072 2100737 7784 2898 4730
0b000c01 0b000d01 10117 100 131072 1877509 232755 11294 3644
0b000b01 0b000c01 10134 100 131072 1964960 145371 11234 3195
0b001101 0b001a01 10013 100 131072 2036277 74182 15174 5009
0b001501 0b001601 10117 100 131072 2107701 2876 2898 7349
0b000a01 0b000301 10018 100 131072 2095598 15199 15174 1738
0b000301 0b000c01 10020 100 131072 2095633 15686 15234 2243
0b000c01 0b000d01 10118 100 131072 1889871 221237 11294 748
0b001a01 0b001b01 10116 100 131072 2101635 9534 2898 4986
0b000c01 0b000d01 10119 100 131072 1890540 220608 11294 2188
0b001a01 0b001b01 10117 100 131072 2102174 9563 2898 5002
0b000c01 0b000d01 10120 100 131072 1902856 208900 11294 2204
0b000c01 0b000d01 10121 100 131072 1906960 204992 11294 3660
0b001a01 0b001b01 10118 100 131072 2103468 8689 2898 5018
0b000e01 0b000701 10014 100 131072 2097553 15167 15234 3598
0b001001 0b001901 10024 100 131072 2097651 15078 15174 4704
0b000801 0b000901 10127 100 131072 2110275 3022 2898 2760
0b001501 0b001601 10118 100 131072 2110472 3093 2898 4677
0b001401 0b001501 10106 100 131072 2110835 2994 2898 4676
0b001301 0b001401 10093 100 131072 1994549 119478 11234 4675
0b001c01 0b001d01 10112 100 131072 2107947 6273 2898 4988
0b001501 0b001e01 10009 100 131072 2107700 6898 6838 6869
0b001b01 0b001c01 10115 100 131072 2111531 3262 2898 4747
0b001701 0b001001 10134 100 131072 2065973 48933 11234 6055
0b001d01 0b001e01 10110 100 131072 2108868 6030 2898 6381
0b001d01 0b001e01 10111 100 131072 2108878 6021 2898 6397
0b001001 0b001101 10122 100 131072 1838964 276400 11294 5056
0b000901 0b000a01 10133 100 131072 2104672 10841 2898 281
0b000901 0b000a01 10134 100 131072 2104712 10866 2898 297
0b001301 0b001401 10094 100 131072 1997017 118598 11234 4691
0b000901 0b000a01 10135 100 131072 2104936 10854 2898 2233
0b000901 0b000a01 10136 100 131072 2105376 10563 2898 3209
0b001c01 0b001d01 10113 100 131072 2108914 7270 2898 5420
0b001101 0b001a01 10014 100 131072 2047726 68536 15174 5025
0b001a01 0b001b01 10119 100 131072 2113469 3066 2898 5034
0b000601 0b000701 10115 100 131072 1936512 180131 11294 2198
0b001c01 0b001d01 10114 100 131072 2109881 6789 2898 5004
0b001301 0b001401 10095 100 131072 1999133 117806 11234 4707
0b000c01 0b000501 10022 100 131072 2101705 15497 15234 2764
0b000501 0b000601 10124 100 131072 2046414 70871 11294 1205
0b001901 0b001a01 10112 100 131072 2115739 2908 2898 4729
0b000901 0b000a01 10137 100 131072 2116337 2899 2898 2777
0b001301 0b001401 10096 100 131072 2005473 113934 11234 5043
0b001601 0b001701 10132 100 131072 2116605 3019 2898 4694
0b001301 0b001c01 10007 100 131072 2104626 15078 15174 5875
0b000d01 0b000e01 10108 100 131072 1932696 187082 11294 1677
0b001501 0b001601 10119 100 131072 2116869 3096 2898 4693
0b001301 0b001401 10097 100 131072 2007941 112271 11234 4723
0b000201 0b000b01 10018 100 131072 2105152 15078 15174 1730
0b001201 0b001301 10086 100 131072 2108521 11897 11294 5058
0b000601 0b000f01 10015 100 131072 2093454 27185 15234 3606
0b000601 0b000f01 10016 100 131072 2093464 27184 15234 3622
0b001601 0b001f01 10010 100 131072 2113617 7412 6838 7366
0b001c01 0b001d01 10115 100 131072 2117803 3157 2898 4764
0b001401 0b001501 10107 100 131072 2117037 4753 2898 4692
0b001d01 0b001e01 10112 100 131072 2117230 4552 2898 5005
0b001a01 0b001b01 10120 100 131072 2119272 3417 2898 5050
0b001b01 0b001c01 10116 100 131072 2114179 8859 2898 5003
0b001101 0b001a01 10015 100 131072 2070792 52283 15174 5041
0b001101 0b001a01 10016 100 131072 2070802 52277 15174 5057
0b000f01 0b000801 10118 100 131072 2064126 58983 11234 1183
0b000f01 0b000801 10119 100 131072 2064166 58947 11234 1199
0b000f01 0b000801 10120 100 131072 2064206 58911 11234 1215
0b000b01 0b000c01 10135 100 131072 2006697 116660 11234 2763
0b000c01 0b000d01 10122 100 131072 1926375 197450 11294 1228
0b001b01 0b001c01 10117 100 131072 2114747 9522 2898 5019
0b001b01 0b001c01 10118 100 131072 2115167 9520 2898 5035
0b001301 0b001401 10098 100 131072 2034757 90289 11234 5059
0b001a01 0b001b01 10121 100 131072 2121657 3504 2898 4746
0b001c01 0b001d01 10116 100 131072 2122714 3109 2898 5900
0b001601 0b001701 10133 100 131072 2123005 2933 2898 4710
0b001b01 0b001c01 10119 100 131072 2119545 6395 2898 5051
0b001e01 0b001f01 10109 100 131072 2117638 8635 2898 6894
0b001d01 0b001e01 10113 100 131072 2119194 7323 2898 5437
0b001401 0b001501 10108 100 131072 2118625 8392 2898 4708
0b001d01 0b001e01 10114 100 131072 2119680 7343 2898 5021
0b001f01 0b001801 10098 100 131072 2124039 3008 2898 7391
0b001e01 0b001f01 10110 100 131072 2117938 9177 2898 6398
0b001e01 0b001f01 10111 100 131072 2117978 9182 2898 6414
0b001501 0b001601 10120 100 131072 2124830 3146 2898 4709
0b000001 0b000101 10123 100 131072 2095630 32826 11294 1216
0b000001 0b000101 10124 100 131072 2095634 32826 11294 3136
0b001d01 0b001e01 10115 100 131072 2123970 4924 2898 4781
0b001401 0b001501 10109 100 131072 2119949 9299 2898 4724
0b001e01 0b001f01 10112 100 131072 2124822 4479 2898 5022
0b001b01 0b001c01 10120 100 131072 2125699 3642 2898 5067
0b000001 0b000101 10125 100 131072 2099862 30714 11294 1712
0b000601 0b000701 10116 100 131072 1942060 189172 11294 1206
0b000a01 0b000b01 10139 100 131072 2118523 12654 2898 298
0b000301 0b000401 10113 100 131072 2018784 112476 11294 1699
0b000a01 0b000b01 10140 100 131072 2118588 12761 2898 314
0b000a01 0b000b01 10141 100 131072 2118800 12869 2898 2250
0b000a01 0b000b01 10142 100 131072 2118949 12807 2898 3226
0b001d01 0b001e01 10116 100 131072 2128833 3032 2898 5917
0b001b01 0b001c01 10121 100 131072 2128201 3715 2898 4763
0b001a01 0b001b01 10122 100 131072 2126085 5856 2898 5066
0b001a01 0b001b01 10123 100 131072 2126125 5840 2898 5082
0b001401 0b001501 10110 100 131072 2122417 9761 2898 5060
0b000a01 0b000b01 10143 100 131072 2122246 10342 2898 2794
0b001401 0b001501 10111 100 131072 2123252 9499 2898 4740
0b001801 0b001901 10096 100 131072 2130057 3021 2898 7400
0b001c01 0b001d01 10117 100 131072 2126048 7341 2898 5020
0b001101 0b001a01 10017 100 131072 2118374 15471 15174 5073
0b001501 0b001601 10121 100 131072 2130057 3904 2898 4725
0b001601 0b001701 10134 100 131072 2131016 3012 2898 4726
0b001401 0b001501 10112 100 131072 2128086 6032 2898 5076
0b000801 0b000901 10128 100 131072 2126119 8473 2898 1192
0b000801 0b000901 10129 100 131072 2126129 8465 2898 1208
0b000801 0b000901 10130 100 131072 2126139 8457 2898 1224
0b000d01 0b000e01 10109 100 131072 1941043 193893 11294 2189
0b000301 0b000401 10114 100 131072 2019946 115014 11294 243
0b000b01 0b000c01 10136 100 131072 2028628 106633 11234 2779
0b000c01 0b000d01 10123 100 131072 1937568 197806 11294 284
0b000701 0b000001 10120 100 131072 2115730 19780 11294 3607
0b001501 0b001601 10122 100 131072 2132288 4382 2898 4741
0b001e01 0b001f01 10113 100 131072 2129557 7288 2898 5454
0b001301 0b001401 10099 100 131072 2104622 32858 11234 4115
0b001001 0b001101 10123 100 131072 1851291 286519 11294 6496
0b001701 0b001001 10135 100 131072 2083825 53996 11234 6999
0b001f01 0b001801 10099 100 131072 2129283 8545 2898 6911
0b001701 0b001001 10136 100 131072 2083848 54061 11234 7015
0b000f01 0b000801 10121 100 131072 2096378 41615 11234 3199
0b001e01 0b001f01 10114 100 131072 2130063 8256 2898 5038
0b001001 0b001101 10124 100 131072 1873589 265053 11294 6976
0b001001 0b001101 10125 100 131072 1886007 253059 11294 7456
0b001c01 0b001d01 10118 100 131072 2127279 11730 2898 5036
0b001901 0b001a01 10113 100 131072 2136088 2962 2898 7417
0b001d01 0b001e01 10117 100 131072 2136399 3028 2898 5037
0b001c01 0b001d01 10119 100 131072 2127697 12105 2898 5052
0b001a01 0b001b01 10124 100 131072 2136885 3025 2898 5098
0b000c01 0b000d01 10124 100 131072 1949200 190914 11294 1708
0b001e01 0b001f01 10115 100 131072 2131934 8237 2898 4798
0b001601 0b001701 10135 100 131072 2137001 3327 2898 4742
0b001f01 0b001801 10100 100 131072 2130125 10369 2898 6415
0b001f01 0b001801 10101 100 131072 2130170 10412 2898 6431
0b001b01 0b001c01 10122 100 131072 2134981 5880 2898 5083
0b001b01 0b001c01 10123 100 131072 2135021 5863 2898 5099
0b001c01 0b001d01 10120 100 131072 2128950 12006 2898 5068
0b001e01 0b001f01 10116 100 131072 2134905 6303 2898 5934
0b000c01 0b000501 10023 100 131072 2126367 15149 15234 2780
0b001f01 0b001801 10102 100 131072 2132311 9547 2898 5039
0b001301 0b001401 10100 100 131072 2123458 18332 11234 5075
0b001c01 0b001d01 10121 100 131072 2132381 10241 2898 5084
0b001601 0b001701 10136 100 131072 2139710 3346 2898 4758
0b000601 0b000701 10117 100 131072 1946816 196292 11294 2214
0b000701 0b000001 10121 100 131072 2119653 23614 11294 2215
0b001501 0b001601 10123 100 131072 2135218 8164 2898 5077
0b001c01 0b001d01 10122 100 131072 2134956 8308 2898 4780
0b001401 0b001501 10113 100 131072 2140520 3016 2898 4132
0b001501 0b001601 10124 100 131072 2135791 8056 2898 4757
0b000801 0b000901 10131 100 131072 2141033 2907 2898 3208
0b000501 0b000601 10125 100 131072 2057515 86695 11294 2277
0b001501 0b001601 10125 100 131072 2137158 7237 2898 5093
0b001801 0b001901 10097 100 131072 2140838 3470 2898 6920
0b000601 0b000701 10118 100 131072 1947700 197005 11294 2742
0b001a01 0b001b01 10125 100 131072 2142090 2959 2898 7434
0b001e01 0b001f01 10117 100 131072 2142467 3057 2898 5054
0b001b01 0b001c01 10124 100 131072 2142950 3026 2898 5115
0b000201 0b000301 10122 100 131072 2105118 41434 11294 258
0b000d01 0b000e01 10110 100 131072 1949096 197469 11294 1197
0b001f01 0b001801 10103 100 131072 2139855 7000 2898 5471
0b000101 0b000a01 10017 100 131072 2131496 16279 15174 1233
0b001401 0b001501 10114 100 131072 2144830 2921 2898 5092
0b001f01 0b001801 10104 100 131072 2141329 6847 2898 5055
0b000501 0b000601 10126 100 131072 2059601 88837 11294 3621
0b000201 0b000301 10123 100 131072 2106036 43160 11294 2242
0b000601 0b000701 10119 100 131072 1949741 199553 11294 2230
0b001501 0b001601 10126 100 131072 2146576 3011 2898 4149
0b000b01 0b000401 10021 100 131072 2134679 15083 15174 2267
0b000901 0b000a01 10138 100 131072 2146950 2876 2898 3225
0b001c01 0b001d01 10123 100 131072 2143901 6236 2898 5100
0b001c01 0b001d01 10124 100 131072 2143941 6241 2898 5116
0b001f01 0b001801 10105 100 131072 2144218 6093 2898 5951
0b001901 0b001a01 10114 100 131072 2147318 3013 2898 6937
0b001701 0b001001 10137 100 131072 2122634 27930 11234 4711
0b001d01 0b001e01 10118 100 131072 2142019 8444 2898 5053
0b000601 0b000701 10120 100 131072 1950885 199909 11294 2246
0b001b01 0b001c01 10125 100 131072 2148089 3021 2898 7451
0b000f01 0b000801 10122 100 131072 2123649 27984 11234 3631
0b000f01 0b000801 10123 100 131072 2123659 27978 11234 3647
0b001f01 0b001801 10106 100 131072 2148534 3934 2898 5071
0b001c01 0b001d01 10125 100 131072 2149016 3673 2898 5132
0b001801 0b001901 10098 100 131072 2143504 9290 2898 6424
0b001801 0b001901 10099 100 131072 2143592 9372 2898 6440
0b000201 0b000301 10124 100 131072 2110058 43014 11294 3618
0b000201 0b000301 10125 100 131072 2110084 42992 11294 3154
0b000c01 0b000501 10024 100 131072 2138271 15149 15234 2796
0b001d01 0b001e01 10119 100 131072 2142812 10644 2898 5069
0b000101 0b000201 10122 100 131072 2044096 109438 11294 2721
0b000101 0b000201 10123 100 131072 2044136 109402 11294 2737
0b000101 0b000201 10124 100 131072 2044176 109366 11294 2753
0b001501 0b001601 10127 100 131072 2150791 3002 2898 5109
0b000001 0b000101 10126 100 131072 2138520 15582 11294 3616
0b001601 0b001701 10137 100 131072 2146422 7892 2898 5094
0b000a01 0b000b01 10144 100 131072 2150785 3631 2898 1258
0b000101 0b000201 10125 100 131072 2046542 108069 11294 257
0b000401 0b000501 10122 100 131072 2134300 20402 11294 1716
0b001801 0b001901 10100 100 131072 2144868 10030 2898 5048
0b000101 0b000201 10126 100 131072 2048790 106621 11294 2769
0b001601 0b001701 10138 100 131072 2146887 8767 2898 4774
0b001601 0b001701 10139 100 131072 2147435 8730 2898 5110
0b001a01 0b001b01 10126 100 131072 2153371 2902 2898 6954
0b000a01 0b000b01 10145 100 131072 2152836 3643 2898 3242
0b001e01 0b001f01 10118 100 131072 2153473 3045 2898 5070
0b001d01 0b001e01 10120 100 131072 2143996 12808 2898 5085
0b001c01 0b001d01 10126 100 131072 2154120 3010 2898 7468
0b000601 0b000701 10121 100 131072 1956086 201752 11294 3126
0b000c01 0b000d01 10125 100 131072 1955746 202494 11294 2220
0b000e01 0b000f01 10114 100 131072 2094277 63986 11294 702
0b000b01 0b000c01 10137 100 131072 2046425 111839 11234 779
0b000e01 0b000f01 10115 100 131072 2094317 63950 11294 718
0b000b01 0b000c01 10138 100 131072 2046435 111833 11234 795
0b000c01 0b000d01 10126 100 131072 1960452 198008 11294 764
0b001601 0b001701 10140 100 131072 2152627 6138 2898 4166
0b001d01 0b001e01 10121 100 131072 2145662 13740 2898 5101
0b001e01 0b001f01 10119 100 131072 2156466 3149 2898 5086
0b001d01 0b001e01 10122 100 131072 2146304 13716 2898 4797
0b000801 0b000901 10132 100 131072 2154673 5606 2898 3640
0b000801 0b000901 10133 100 131072 2154713 5589 2898 3656
0b001601 0b001701 10141 100 131072 2156833 3828 2898 5126
0b001801 0b001901 10101 100 131072 2149865 11370 2898 5480
0b001701 0b001001 10138 100 131072 2128948 32869 11234 4727
0b000601 0b000701 10122 100 131072 1959267 202535 11294 2758
0b000001 0b000101 10127 100 131072 2146307 15556 11294 2224
0b001901 0b001a01 10115 100 131072 2155804 5915 2898 6441
0b001901 0b001a01 10116 100 131072 2155974 5900 2898 6457
0b000701 0b000001 10122 100 131072 2134242 27730 11294 1223
0b000401 0b000501 10123 100 131072 2137970 24120 11294 260
0b001b01 0b001c01 10126 100 131072 2159313 2876 2898 6971
0b001801 0b001901 10102 100 131072 2151186 11019 2898 5064
0b001f01 0b001801 10107 100 131072 2159558 3036 2898 5087
0b001801 0b001901 10103 100 131072 2153351 9860 2898 5960
0b001e01 0b001f01 10120 100 131072 2159814 3624 2898 5102
0b000e01 0b000f01 10116 100 131072 2096045 67506 11294 238
0b000e01 0b000f01 10117 100 131072 2096085 67470 11294 254
0b001801 0b001901 10104 100 131072 2155508 8278 2898 5080
0b000d01 0b000e01 10111 100 131072 1960721 203642 11294 1213
0b000d01 0b000e01 10112 100 131072 1960981 203386 11294 253
0b000e01 0b000f01 10118 100 131072 2097557 67428 11294 734
0b000101 0b000201 10127 100 131072 2072508 92546 11294 721
0b001001 0b001101 10126 100 131072 1907805 257407 11294 5552
0b000101 0b000201 10128 100 131072 2073575 91839 11294 3617
0b000301 0b000401 10115 100 131072 2029797 136049 11294 1715
0b000301 0b000401 10116 100 131072 2030074 135776 11294 3139
0b001f01 0b001801 10108 100 131072 2162655 3007 2898 5103
0b001d01 0b001e01 10123 100 131072 2153177 12797 2898 5117
0b001d01 0b001e01 10124 100 131072 2153222 12819 2898 5133
0b001e01 0b001f01 10121 100 131072 2162412 3689 2898 5118
0b000601 0b000f01 10017 100 131072 2151448 15149 15234 3638
0b001d01 0b001e01 10125 100 131072 2155729 11346 2898 5149
0b000301 0b000c01 10021 100 131072 2152206 15149 15234 2259
0b001d01 0b001e01 10126 100 131072 2160170 7874 2898 7485
0b001901 0b001a01 10117 100 131072 2164275 3893 2898 5497
0b001c01 0b001d01 10127 100 131072 2165199 3004 2898 6988
0b001701 0b001801 10021 100 131072 2161775 6854 6838 4183
0b001001 0b001901 10025 100 131072 2153574 15122 15174 4720
0b001801 0b001901 10105 100 131072 2165634 3112 2898 5096
0b000901 0b000a01 10139 100 131072 2163289 5606 2898 3657
0b000901 0b000a01 10140 100 131072 2163312 5606 2898 3673
0b001f01 0b001801 10109 100 131072 2166478 3149 2898 5119
0b000401 0b000501 10124 100 131072 2152772 16908 11294 2276
0b000b01 0b000c01 10139 100 131072 2068917 101219 11234 3211
0b001901 0b001a01 10118 100 131072 2166251 3888 2898 5977
0b001a01 0b001b01 10127 100 131072 2164759 5746 2898 6458
0b001a01 0b001b01 10128 100 131072 2164914 5719 2898 6474
0b001801 0b001901 10106 100 131072 2168702 3139 2898 5112
0b001f01 0b001801 10110 100 131072 2169141 3385 2898 5135
0b001901 0b001201 10016 100 131072 2157908 15116 15174 5065
0b001701 0b001001 10139 100 131072 2137038 36152 11234 4743
0b000901 0b000201 10015 100 131072 2137632 37136 15174 1209
0b000901 0b000201 10016 100 131072 2137642 37139 15174 1225
0b000901 0b000201 10017 100 131072 2137652 37130 15174 1241
0b001901 0b001a01 10119 100 131072 2171736 3125 2898 4745
0b001a01 0b001b01 10129 100 131072 2173179 3014 2898 5994
0b000001 0b000101 10128 100 131072 2165012 11811 11294 1232
0b001801 0b001901 10107 100 131072 2171669 5136 2898 4200
0b001e01 0b001f01 10122 100 131072 2168984 7901 2898 5134
0b001e01 0b001f01 10123 100 131072 2169051 7962 2898 5150
0b000a01 0b000b01 10146 100 131072 2171905 5670 2898 3674
0b000a01 0b000b01 10147 100 131072 2171928 5671 2898 3690
0b001e01 0b001f01 10124 100 131072 2170085 7434 2898 5166
0b001e01 0b001701 10018 100 131072 2171054 6856 6838 7502
0b001d01 0b001601 10017 100 131072 2171243 6862 6838 7005
0b001801 0b001901 10108 100 131072 2172667 6072 2898 5128
0b001b01 0b001c01 10127 100 131072 2173545 5767 2898 6475
0b001b01 0b001c01 10128 100 131072 2173673 5750 2898 6491
0b001001 0b001901 10026 100 131072 2164827 15078 15174 4736
0b001801 0b001901 10109 100 131072 2175566 4651 2898 5144
0b001a01 0b001b01 10130 100 131072 2177901 2985 2898 4762
0b000c01 0b000d01 10127 100 131072 1983945 197473 11294 3676
0b000b01 0b000c01 10140 100 131072 2075363 106137 11234 1739
0b000c01 0b000d01 10128 100 131072 1995159 186787 11294 300
0b000c01 0b000d01 10129 100 131072 2006538 175952 11294 1244
0b000601 0b000701 10123 100 131072 1978902 203848 11294 3142
0b001901 0b001a01 10120 100 131072 2179845 2922 2898 4217
0b000301 0b000401 10117 100 131072 2037236 145866 11294 2707
0b001601 0b001701 10142 100 131072 2181145 2908 2898 7014
0b001701 0b001001 10140 100 131072 2143338 41308 11234 4759
0b000301 0b000401 10118 100 131072 2038618 146776 11294 259
0b000301 0b000401 10119 100 131072 2038622 146776 11294 723
0b001901 0b001a01 10121 100 131072 2182945 2876 2898 4761
0b001b01 0b001401 10015 100 131072 2179233 6946 6838 6011
0b001a01 0b001301 10014 100 131072 2171208 15098 15174 5514
0b001b01 0b001c01 10129 100 131072 2183926 2963 2898 4779
0b001201 0b001301 10087 100 131072 2176064 11774 11294 5074
0b001f01 0b001801 10111 100 131072 2179925 7885 2898 5151
0b001f01 0b001801 10112 100 131072 2180053 8011 2898 5167
0b001f01 0b001801 10113 100 131072 2180559 7759 2898 5183
0b000e01 0b000f01 10119 100 131072 2122818 65667 11294 1694
0b001a01 0b001b01 10131 100 131072 2185807 2921 2898 4234
0b001901 0b001201 10017 100 131072 2165245 23547 15174 5081
0b001001 0b001901 10027 100 131072 2176200 15078 15174 4752
0b000101 0b000201 10129 100 131072 2131500 59962 11294 3153
0b001a01 0b001b01 10132 100 131072 2188861 2876 2898 4778
0b001401 0b001501 10115 100 131072 2189189 2918 2898 6020
0b000101 0b000201 10130 100 131072 2133616 58642 11294 1729
0b001c01 0b001501 10015 100 131072 2182352 9991 6838 6492
0b001c01 0b001501 10016 100 131072 2182433 9994 6838 6508
0b000f01 0b000001 10015 100 131072 2166561 26154 15234 255
0b000f01 0b000001 10016 100 131072 2166571 26153 15234 271
0b001c01 0b001d01 10128 100 131072 2189899 2973 2898 4796
0b000601 0b000701 10124 100 131072 1990443 203751 11294 3158
0b001b01 0b001c01 10130 100 131072 2191768 2922 2898 4251
0b000101 0b000a01 10018 100 131072 2179863 15078 15174 1249
0b001901 0b001201 10018 100 131072 2166826 28191 15174 5097
0b001001 0b001101 10127 100 131072 1921902 273761 11294 6032
0b001701 0b001001 10141 100 131072 2146066 49609 11234 4775
0b000401 0b000501 10125 100 131072 2168856 27347 11294 1732
0b000401 0b000501 10126 100 131072 2168860 27347 11294 3156
0b001101 0b001201 10070 100 131072 1851599 345719 11294 5857
0b001901 0b001a01 10122 100 131072 2194318 3140 2898 4777
0b001b01 0b001c01 10131 100 131072 2194777 2876 2898 4795
0b000301 0b000401 10120 100 131072 2049186 148800 11294 1203
0b000e01 0b000f01 10120 100 131072 2137976 60721 11294 2206
0b001801 0b001901 10110 100 131072 2190850 7880 2898 5160
0b000101 0b000201 10131 100 131072 2157142 41713 11294 3633
0b001801 0b001901 10111 100 131072 2191104 8132 2898 5176
0b001801 0b001901 10112 100 131072 2191358 8006 2898 5192
0b000601 0b000701 10125 100 131072 1997960 201518 11294 2262
0b000601 0b000701 10126 100 131072 1998000 201566 11294 2278
0b001c01 0b001d01 10129 100 131072 2197700 2876 2898 4268
0b000101 0b000201 10132 100 131072 2164903 35716 11294 2241
0b000a01 0b000b01 10148 100 131072 2197951 2908 2898 1274
0b000501 0b000601 10127 100 131072 2087350 114393 11294 741
0b000401 0b000d01 10020 100 131072 2186112 15654 15234 2724
0b000f01 0b000801 10124 100 131072 2161273 41465 11234 719
0b000f01 0b000801 10125 100 131072 2161283 41459 11234 735
0b001001 0b001901 10028 100 131072 2187656 15078 15174 4768
0b001501 0b001601 10128 100 131072 2195147 7958 2898 6037
0b001a01 0b001b01 10133 100 131072 2200498 2876 2898 4794
0b001501 0b001601 10129 100 131072 2195353 8132 2898 6501
0b000e01 0b000f01 10121 100 131072 2149605 54112 11294 1214
0b001501 0b001601 10130 100 131072 2195437 8092 2898 6517
0b001901 0b001201 10019 100 131072 2171786 34256 15174 5113
0b001d01 0b001e01 10127 100 131072 2203616 2876 2898 4285
0b000501 0b000601 10128 100 131072 2090874 117737 11294 1701
0b001901 0b001a01 10123 100 131072 2205774 2876 2898 4793
0b000e01 0b000f01 10122 100 131072 2167373 42508 11294 1230
0b000301 0b000401 10121 100 131072 2059299 150551 11294 2723
0b000e01 0b000f01 10123 100 131072 2167377 42592 11294 270
0b000201 0b000b01 10019 100 131072 2195268 15081 15174 1746
0b000b01 0b000c01 10141 100 131072 2103027 107813 11234 3675
0b001301 0b001401 10101 100 131072 2189346 21548 11234 5523
0b000501 0b000601 10129 100 131072 2092374 119409 11294 3637
0b000701 0b000001 10123 100 131072 2146148 65856 11294 2231
0b000301 0b000401 10122 100 131072 2062296 150018 11294 2739
0b001e01 0b001f01 10125 100 131072 2209502 2876 2898 4302
0b000b01 0b000c01 10142 100 131072 2103241 109297 11234 3227
0b001301 0b001401 10102 100 131072 2190878 21604 11234 5091
0b000601 0b000701 10127 100 131072 2020496 193093 11294 726
0b001601 0b001701 10143 100 131072 2206145 7689 2898 6054
0b000501 0b000e01 10018 100 131072 2199217 15149 15234 3173
0b000601 0b000701 10128 100 131072 2021262 193299 11294 1702
0b001201 0b001301 10088 100 131072 2191832 22695 11294 5090
0b001601 0b001701 10144 100 131072 2206525 8076 2898 6518
0b001601 0b001701 10145 100 131072 2206569 8056 2898 6534
0b001001 0b001901 10029 100 131072 2198685 16118 15174 4784
0b000b01 0b000c01 10143 100 131072 2104964 111018 11234 2795
0b000301 0b000401 10123 100 131072 2066788 149218 11294 739
0b000601 0b000701 10129 100 131072 2025042 191283 11294 3174
0b000601 0b000701 10130 100 131072 2025842 190487 11294 262
0b001901 0b001201 10020 100 131072 2174881 42162 15174 5129
0b000601 0b000701 10131 100 131072 2028516 189225 11294 2774
0b001401 0b001501 10116 100 131072 2213904 4011 2898 5540
0b001701 0b001001 10142 100 131072 2157324 61009 11234 5111
0b000501 0b000601 10130 100 131072 2096770 121881 11294 1717
0b000f01 0b000801 10126 100 131072 2167995 51309 11234 751
0b001401 0b001501 10117 100 131072 2215522 4050 2898 5108
0b000701 0b000001 10124 100 131072 2147745 71876 11294 2759
0b000301 0b000401 10124 100 131072 2073040 146834 11294 1219
0b000301 0b000401 10125 100 131072 2074276 146298 11294 3155
0b000001 0b000101 10129 100 131072 2195725 25236 11294 256
0b000001 0b000101 10130 100 131072 2195735 25230 11294 272
0b000f01 0b000801 10127 100 131072 2169607 52341 11234 3663
0b001001 0b001101 10128 100 131072 1934199 288189 11294 5072
0b000401 0b000501 10127 100 131072 2188404 35414 11294 276
0b000401 0b000501 10128 100 131072 2188408 35414 11294 740
0b000301 0b000401 10126 100 131072 2085045 139577 11294 1731
0b000501 0b000601 10131 100 131072 2100902 123851 11294 261
0b000601 0b000701 10132 100 131072 2049020 175783 11294 3190
0b001501 0b001601 10131 100 131072 2220925 3989 2898 5557
0b000c01 0b000d01 10130 100 131072 2025241 200408 11294 3196
0b000501 0b000601 10132 100 131072 2102750 123591 11294 1221
0b001501 0b001601 10132 100 131072 2222582 3972 2898 5125
0b000b01 0b000c01 10144 100 131072 2123240 104442 11234 1755
0b000801 0b000901 10134 100 131072 2224958 2907 2898 3672
0b000c01 0b000d01 10131 100 131072 2030454 197420 11294 316
0b000f01 0b000001 10017 100 131072 2212979 15907 15234 287
0b000e01 0b000f01 10124 100 131072 2217406 11823 11294 3198
0b001301 0b001401 10103 100 131072 2217567 11728 11234 5107
0b000601 0b000f01 10018 100 131072 2214793 15621 15234 3654
0b001f01 0b001001 10029 100 131072 2215418 15083 15174 4319
0b000801 0b000101 10015 100 131072 2205778 26097 15174 728
0b000801 0b000101 10016 100 131072 2205788 26088 15174 744
0b001601 0b001701 10146 100 131072 2227954 4035 2898 5574
0b001701 0b001001 10143 100 131072 2158664 73678 11234 4791
0b001901 0b001201 10021 100 131072 2181779 51485 15174 5145
0b000301 0b000401 10127 100 131072 2113807 119435 11294 1747
0b001601 0b001701 10147 100 131072 2229594 4055 2898 5142
0b000901 0b000a01 10141 100 131072 2230875 2876 2898 3689
0b000c01 0b000501 10025 100 131072 2218992 15170 15234 2812
0b001701 0b001001 10144 100 131072 2159175 74964 11234 5127
0b000701 0b000801 10017 100 131072 2219369 15078 15174 279
0b001401 0b001501 10118 100 131072 2232335 2876 2898 5124
0b000d01 0b000e01 10113 100 131072 2007271 228350 11294 733
0b000501 0b000601 10133 100 131072 2111274 124399 11294 3653
0b000401 0b000d01 10021 100 131072 2212860 23822 15234 2740
0b001201 0b001301 10089 100 131072 2198057 39530 11294 5106
0b000d01 0b000e01 10114 100 131072 2008043 229870 11294 3597
0b000d01 0b000e01 10115 100 131072 2008083 229834 11294 3613
0b000701 0b000001 10125 100 131072 2152334 85964 11294 2247
0b001901 0b001201 10022 100 131072 2183257 55812 15174 5161
0b000401 0b000d01 10022 100 131072 2215324 23914 15234 2756
0b000a01 0b000b01 10149 100 131072 2236761 2908 2898 3706
0b000801 0b000901 10135 100 131072 2237457 2908 2898 296
0b001101 0b001a01 10018 100 131072 2225398 15078 15174 5089
0b001701 0b001001 10145 100 131072 2163671 76926 11234 5143
0b000301 0b000401 10128 100 131072 2149562 91340 11294 275
0b001501 0b001601 10133 100 131072 2238221 2876 2898 5141
0b000001 0b000101 10131 100 131072 2215014 26552 11294 2240
0b000301 0b000401 10129 100 131072 2156082 85704 11294 3635
0b000301 0b000401 10130 100 131072 2156086 85704 11294 3171
0b001201 0b001301 10090 100 131072 2200358 41901 11294 5874
0b000701 0b000001 10126 100 131072 2153834 88692 11294 2263
0b000801 0b000101 10017 100 131072 2222314 20573 15174 760
0b000d01 0b000601 10020 100 131072 2228659 15579 15234 3213
0b000501 0b000601 10134 100 131072 2120212 125133 11294 2773
0b000901 0b000a01 10142 100 131072 2243375 2876 2898 313
0b001a01 0b001b01 10134 100 131072 2243516 2876 2898 5114
0b001601 0b001701 10148 100 131072 2244137 2908 2898 5158
0b000601 0b000701 10133 100 131072 2099777 147409 11294 742
0b000401 0b000501 10129 100 131072 2200996 46514 11294 1220
0b000f01 0b000801 10128 100 131072 2191495 57306 11234 1711
0b000e01 0b000f01 10125 100 131072 2238631 11837 11294 750
0b000601 0b000701 10134 100 131072 2108389 142761 11294 3206
0b000a01 0b000b01 10150 100 131072 2249261 2909 2898 330
0b001b01 0b001c01 10132 100 131072 2249432 2876 2898 5131
0b001701 0b001001 10146 100 131072 2180920 71395 11234 7511
0b001301 0b001401 10104 100 131072 2240627 11742 11234 5123
0b001201 0b001301 10091 100 131072 2209082 44717 11294 5122
0b000601 0b000f01 10019 100 131072 2238683 15321 15234 3670
0b000801 0b000901 10136 100 131072 2251811 2920 2898 1720
0b000001 0b000101 10132 100 131072 2222631 32592 11294 2768
0b000601 0b000701 10135 100 131072 2120295 136403 11294 1222
0b001c01 0b001d01 10130 100 131072 2255318 2876 2898 5148
0b001401 0b001501 10119 100 131072 2255409 2907 2898 5140
0b001001 0b001101 10129 100 131072 1957458 301370 11294 5088
0b000701 0b000001 10127 100 131072 2160848 98341 11294 3143
0b000f01 0b000801 10129 100 131072 2201737 58175 11234 2223
0b001301 0b001c01 10008 100 131072 2245299 15078 15174 5891
0b000901 0b000a01 10143 100 131072 2257741 2876 2898 1737
0b001201 0b001301 10092 100 131072 2220083 43308 11294 5138
0b001701 0b001001 10147 100 131072 2187063 76541 11234 7031
0b001001 0b001101 10130 100 131072 1969083 294910 11294 6512
0b001d01 0b001e01 10128 100 131072 2261234 2949 2898 5165
0b001501 0b001601 10134 100 131072 2261326 2876 2898 5157
0b001001 0b001101 10131 100 131072 1980708 283793 11294 6992
0b000801 0b000901 10137 100 131072 2262922 2909 2898 2232
0b001c01 0b001d01 10131 100 131072 2263387 2908 2898 5916
0b000f01 0b000801 10130 100 131072 2206727 59746 11234 1231
0b000e01 0b000701 10015 100 131072 2240923 26174 15234 3614
0b000e01 0b000701 10016 100 131072 2240933 26173 15234 3630
0b000b01 0b000c01 10145 100 131072 2134187 133724 11234 315
0b001901 0b001201 10023 100 131072 2201770 66264 15174 5177
0b000601 0b000701 10136 100 131072 2147220 120746 11294 2294
0b000101 0b000201 10133 100 131072 2224001 44518 11294 273
0b000101 0b000201 10134 100 131072 2224041 44482 11294 289
0b000701 0b000001 10128 100 131072 2164812 104686 11294 2775
0b000b01 0b000c01 10146 100 131072 2134359 135584 11234 331
0b001e01 0b001f01 10126 100 131072 2267193 2939 2898 5182
0b001601 0b001701 10149 100 131072 2267242 2909 2898 5174
0b001301 0b001401 10105 100 131072 2256839 13764 11234 5139
0b000201 0b000301 10126 100 131072 2156544 114045 11294 2738
0b000201 0b000301 10127 100 131072 2156554 114039 11294 2754
0b000201 0b000301 10128 100 131072 2156564 114033 11294 2770
0b000001 0b000101 10133 100 131072 2231896 39281 11294 288
0b000501 0b000601 10135 100 131072 2144526 126824 11294 2789
0b001201 0b001301 10093 100 131072 2236304 35275 11294 5154
0b000b01 0b000c01 10147 100 131072 2134766 136765 11234 3243
0b001901 0b001201 10024 100 131072 2202276 69571 15174 5193
0b000901 0b000a01 10144 100 131072 2268841 3064 2898 2249
0b000d01 0b000e01 10116 100 131072 2030439 241499 11294 269
0b001901 0b001201 10025 100 131072 2202404 69704 15174 5209
0b001d01 0b001e01 10129 100 131072 2269335 2909 2898 5933
0b000f01 0b000801 10131 100 131072 2212891 59471 11234 1247
0b000801 0b000901 10138 100 131072 2269483 2999 2898 1240
0b000c01 0b000d01 10132 100 131072 2042949 229593 11294 2236
0b000b01 0b000c01 10148 100 131072 2135598 136997 11234 2811
0b000c01 0b000d01 10133 100 131072 2053360 219634 11294 1260
0b000c01 0b000d01 10134 100 131072 2053452 219546 11294 1276
0b001201 0b001301 10094 100 131072 2242109 32290 11294 5170
0b000201 0b000301 10129 100 131072 2157621 117112 11294 274
0b001f01 0b001801 10114 100 131072 2273172 2945 2898 5199
0b001401 0b001501 10120 100 131072 2273643 2910 2898 5156
0b000201 0b000301 10130 100 131072 2158421 118252 11294 2786
0b001101 0b001a01 10019 100 131072 2261838 15078 15174 5105
0b000a01 0b000b01 10151 100 131072 2274915 2908 2898 2266
0b001e01 0b001f01 10127 100 131072 2275254 2912 2898 5950
0b000801 0b000901 10139 100 131072 2275372 2907 2898 1256
0b000a01 0b000301 10019 100 131072 2263627 15099 15174 1754
0b001801 0b001901 10113 100 131072 2279157 2955 2898 5208
0b001501 0b001601 10135 100 131072 2279563 2876 2898 5173
0b000501 0b000601 10136 100 131072 2156430 126180 11294 2805
0b001a01 0b001b01 10135 100 131072 2279956 2876 2898 5130
0b000001 0b000101 10134 100 131072 2241308 42105 11294 2256
0b001f01 0b001801 10115 100 131072 2281206 2913 2898 5967
0b000501 0b000601 10137 100 131072 2157712 126310 11294 1733
0b001001 0b001101 10132 100 131072 1991913 293480 11294 7472
0b000e01 0b000f01 10126 100 131072 2274978 11867 11294 286
0b000b01 0b000c01 10149 100 131072 2157426 129707 11234 1275
0b000001 0b000101 10135 100 131072 2245536 42105 11294 2272
0b000501 0b000601 10138 100 131072 2165100 123238 11294 277
0b001601 0b001701 10150 100 131072 2285479 2908 2898 5190
0b001b01 0b001c01 10133 100 131072 2285872 2876 2898 5147
0b000f01 0b000801 10132 100 131072 2232239 57124 11234 3215
0b001301 0b001401 10106 100 131072 2266431 23026 11234 5155
0b000f01 0b000801 10133 100 131072 2233424 56452 11234 3679
0b001801 0b001901 10114 100 131072 2287159 2876 2898 5976
0b000901 0b000201 10018 100 131072 2275492 15083 15174 1257
0b000c01 0b000501 10026 100 131072 2275605 15149 15234 2828
0b001701 0b001001 10148 100 131072 2216844 75318 11234 6071
0b000501 0b000601 10139 100 131072 2172690 119876 11294 2293
0b001c01 0b001d01 10132 100 131072 2291758 2876 2898 5164
0b001401 0b001501 10121 100 131072 2292497 2907 2898 5172
0b000401 0b000501 10130 100 131072 2219016 76377 11294 756
0b000b01 0b000c01 10150 100 131072 2159489 135945 11234 3259
0b001901 0b001a01 10124 100 131072 2293075 2876 2898 5993
0b000b01 0b000401 10022 100 131072 2280833 15083 15174 2283
0b000201 0b000301 10131 100 131072 2168064 128237 11294 738
0b000201 0b000301 10132 100 131072 2168454 127851 11294 3634
0b000f01 0b000801 10134 100 131072 2253478 43310 11234 767
0b000001 0b000101 10136 100 131072 2262199 35034 11294 3152
0b000f01 0b000801 10135 100 131072 2257014 40370 11234 3695
0b000801 0b000901 10140 100 131072 2292373 5184 2898 3224
0b000801 0b000901 10141 100 131072 2292886 5177 2898 3688
0b001701 0b001001 10149 100 131072 2217611 80648 11234 6535
0b001701 0b001001 10150 100 131072 2217635 80628 11234 6551
0b001001 0b001101 10133 100 131072 2003529 294971 11294 7488
0b000001 0b000101 10137 100 131072 2272508 27369 11294 2784
0b001901 0b001201 10026 100 131072 2285152 15084 15174 5225
0b001d01 0b001e01 10130 100 131072 2297674 2876 2898 5181
0b001501 0b001601 10136 100 131072 2298414 2876 2898 5189
0b000901 0b000201 10019 100 131072 2281289 20299 15174 1273
0b001301 0b001401 10107 100 131072 2274619 27162 11234 5171
0b001a01 0b001b01 10136 100 131072 2298991 2876 2898 6010
0b000401 0b000501 10131 100 131072 2222884 79557 11294 1236
0b001201 0b001301 10095 100 131072 2271074 31769 11294 5186
0b001301 0b001401 10108 100 131072 2277439 25763 11234 5187
0b000801 0b000901 10142 100 131072 2300394 2998 2898 3704
0b000401 0b000501 10132 100 131072 2223584 80093 11294 3172
0b000101 0b000201 10135 100 131072 2234885 68880 11294 737
0b000101 0b000201 10136 100 131072 2234895 68874 11294 753
0b000501 0b000601 10140 100 131072 2199213 105176 11294 1749
0b000f01 0b000001 10018 100 131072 2289855 15149 15234 303
0b000901 0b000a01 10145 100 131072 2300567 5293 2898 3241
0b000901 0b000a01 10146 100 131072 2301073 5251 2898 3705
0b001e01 0b001f01 10128 100 131072 2303560 2876 2898 5198
0b000601 0b000701 10137 100 131072 2204753 102343 11294 758
0b001601 0b001701 10151 100 131072 2304330 2908 2898 5206
0b000c01 0b000d01 10135 100 131072 2081562 226686 11294 1724
0b000c01 0b000d01 10136 100 131072 2081572 226680 11294 1740
0b000d01 0b000e01 10117 100 131072 2050015 258474 11294 1693
0b001401 0b001501 10122 100 131072 2304821 4253 2898 5188
0b000201 0b000301 10133 100 131072 2177778 131557 11294 1218
0b000901 0b000a01 10147 100 131072 2306402 2894 2898 3721
0b000201 0b000301 10134 100 131072 2177791 131548 11294 1234
0b000201 0b000301 10135 100 131072 2177801 131542 11294 1250
0b001201 0b001301 10096 100 131072 2274887 34472 11294 5202
0b000401 0b000501 10133 100 131072 2227632 81861 11294 1748
0b001201 0b001301 10097 100 131072 2275148 34391 11294 5218
0b001401 0b001501 10123 100 131072 2306242 4257 2898 5204
0b001001 0b001101 10134 100 131072 2009198 301826 11294 4224
0b001b01 0b001401 10016 100 131072 2304877 6820 6838 6027
0b001f01 0b001801 10116 100 131072 2309476 2876 2898 5215
0b000d01 0b000e01 10118 100 131072 2053805 259616 11294 3629
0b001701 0b001001 10151 100 131072 2234999 79231 11234 5591
0b000601 0b000701 10138 100 131072 2211621 102783 11294 1718
0b000801 0b000101 10018 100 131072 2299798 15083 15174 776
0b000a01 0b000b01 10152 100 131072 2308870 6110 2898 3258
0b000a01 0b000b01 10153 100 131072 2309334 6540 2898 3722
0b001501 0b001601 10137 100 131072 2312084 4351 2898 5205
0b001001 0b001101 10135 100 131072 2010383 306346 11294 4240
0b000a01 0b000b01 10154 100 131072 2312306 5058 2898 3738
0b001401 0b001501 10124 100 131072 2314737 3015 2898 6036
0b001501 0b001601 10138 100 131072 2313509 4336 2898 5221
0b001801 0b001901 10115 100 131072 2315392 2876 2898 5224
0b000401 0b000501 10134 100 131072 2236252 82045 11294 1764
0b000b01 0b000c01 10151 100 131072 2180585 137905 11234 3691
0b000b01 0b000c01 10152 100 131072 2180609 137973 11234 3707
0b000c01 0b000d01 10137 100 131072 2087487 231111 11294 780
0b001201 0b001301 10098 100 131072 2303276 15771 11294 5234
0b000001 0b000101 10138 100 131072 2308014 11835 11294 304
0b001701 0b001001 10152 100 131072 2236659 84375 11234 5159
0b001001 0b001101 10136 100 131072 2017125 303913 11294 4256
0b001001 0b001101 10137 100 131072 2019363 301795 11294 5568
0b000701 0b000001 10129 100 131072 2185760 136052 11294 3159
0b000501 0b000601 10141 100 131072 2226828 95007 11294 293
0b000501 0b000601 10142 100 131072 2226832 95007 11294 757
0b000501 0b000e01 10019 100 131072 2306687 15211 15234 3189
0b000e01 0b000f01 10127 100 131072 2311499 11800 11294 1710
0b000401 0b000501 10135 100 131072 2243912 79317 11294 292
0b000101 0b000201 10137 100 131072 2244576 78848 11294 2257
0b000401 0b000501 10136 100 131072 2244796 78965 11294 3652
0b000401 0b000501 10137 100 131072 2244800 78965 11294 3188
0b001501 0b001601 10139 100 131072 2320762 3014 2898 6053
0b001601 0b001701 10152 100 131072 2319475 4349 2898 5222
0b000201 0b000301 10136 100 131072 2194472 130100 11294 3170
0b001601 0b001701 10153 100 131072 2320885 4368 2898 5238
0b000101 0b000201 10138 100 131072 2245897 79943 11294 769
0b000601 0b000701 10139 100 131072 2221661 106594 11294 1734
0b000501 0b000601 10143 100 131072 2237172 91738 11294 2821
0b001301 0b001401 10109 100 131072 2305883 23162 11234 5203
0b001601 0b001701 10154 100 131072 2326816 2910 2898 6070
0b000c01 0b000d01 10138 100 131072 2107563 222884 11294 2252
0b000b01 0b000c01 10153 100 131072 2203869 126599 11234 1291
0b000c01 0b000d01 10139 100 131072 2113341 217306 11294 3212
0b000401 0b000501 10138 100 131072 2298926 31795 11294 2292
0b000c01 0b000d01 10140 100 131072 2114329 216346 11294 2268
0b000201 0b000301 10137 100 131072 2201865 129052 11294 3650
0b000201 0b000301 10138 100 131072 2203629 128084 11294 2258
0b000e01 0b000701 10017 100 131072 2316431 15550 15234 3646
0b001701 0b001001 10153 100 131072 2250055 82495 11234 5175
0b001001 0b001101 10138 100 131072 2035197 297486 11294 6048
0b001001 0b001101 10139 100 131072 2047610 285469 11294 5584
0b001401 0b001501 10125 100 131072 2332085 2909 2898 5220
0b001901 0b001201 10027 100 131072 2321308 15083 15174 5241
0b000001 0b000101 10139 100 131072 2324822 11760 11294 3168
0b000e01 0b000f01 10128 100 131072 2324908 11779 11294 3214
0b000f01 0b000801 10136 100 131072 2326309 11606 11234 1727
0b001001 0b001101 10141 100 131072 2059296 278879 11294 5104
0b001001 0b001101 10140 100 131072 2059514 278665 11294 4272
0b000501 0b000601 10144 100 131072 2250520 88394 11294 1237
0b000601 0b000701 10140 100 131072 2227763 111929 11294 278
0b001501 0b001601 10140 100 131072 2338004 2876 2898 5237
0b000601 0b000701 10141 100 131072 2229351 112541 11294 1238
0b000b01 0b000c01 10154 100 131072 2213359 128566 11234 1771
0b000501 0b000e01 10020 100 131072 2326775 15289 15234 3205
0b000101 0b000201 10139 100 131072 2258233 83970 11294 2785
0b001001 0b001101 10142 100 131072 2062788 279727 11294 4288
0b000801 0b000901 10143 100 131072 2340925 2909 2898 1736
0b001701 0b001001 10154 100 131072 2273161 71532 11234 5191
0b001001 0b001101 10143 100 131072 2082952 262076 11294 7504
0b001601 0b001701 10155 100 131072 2343920 2900 2898 5254
0b000d01 0b000e01 10119 100 131072 2072387 274941 11294 2733
0b000d01 0b000e01 10120 100 131072 2073369 273963 11294 1229
0b001301 0b001401 10110 100 131072 2312399 35442 11234 5219
0b001301 0b001401 10111 100 131072 2312579 35442 11234 5235
0b000d01 0b000601 10021 100 131072 2333657 15149 15234 3229
0b000901 0b000a01 10148 100 131072 2346844 2876 2898 1753
0b000301 0b000c01 10022 100 131072 2334723 15149 15234 2275
0b000701 0b000001 10130 100 131072 2197204 153771 11294 3175
0b000f01 0b000801 10137 100 131072 2339697 11419 11234 3231
0b001301 0b001401 10112 100 131072 2322087 29107 11234 5251
0b001201 0b001301 10099 100 131072 2339431 11820 11294 5250
0b001001 0b001101 10144 100 131072 2096658 255834 11294 4304
0b000b01 0b000c01 10155 100 131072 2242679 111627 11234 3723
0b000c01 0b000d01 10141 100 131072 2161274 193243 11294 796
0b000c01 0b000d01 10142 100 131072 2161284 193237 11294 812
0b001101 0b001a01 10020 100 131072 2341185 15105 15174 5121
0b001701 0b001001 10155 100 131072 2291397 65066 11234 5207
0b001001 0b001101 10145 100 131072 2106291 250262 11294 6528
0b001001 0b001101 10146 100 131072 2117916 238857 11294 6064
0b000801 0b000901 10144 100 131072 2354126 2876 2898 3240
0b001401 0b001501 10126 100 131072 2350881 6507 2898 5236
0b000701 0b000801 10018 100 131072 2342702 15078 15174 295
0b001401 0b001501 10127 100 131072 2351061 6667 2898 5252
0b001401 0b001501 10128 100 131072 2354234 5090 2898 5268
0b001a01 0b001b01 10137 100 131072 2359330 2876 2898 5146
0b000701 0b000001 10131 100 131072 2202488 159579 11294 2279
0b000701 0b000001 10132 100 131072 2202576 159495 11294 2295
0b000901 0b000a01 10149 100 131072 2360012 3068 2898 3257
0b000101 0b000201 10140 100 131072 2274187 89184 11294 305
0b000801 0b000901 10145 100 131072 2360790 2974 2898 312
0b001301 0b001401 10113 100 131072 2354291 11134 11234 5267
0b001501 0b001601 10141 100 131072 2360398 5291 2898 5253
0b000c01 0b000d01 10143 100 131072 2170365 195485 11294 2284
0b000c01 0b000d01 10144 100 131072 2173146 192768 11294 3228
0b001501 0b001601 10142 100 131072 2360738 5289 2898 5269
0b000b01 0b000c01 10156 100 131072 2255180 110751 11234 347
0b000c01 0b000d01 10145 100 131072 2184510 181632 11294 1756
0b000c01 0b000d01 10146 100 131072 2213850 152996 11294 3692
0b000001 0b000101 10140 100 131072 2353985 12912 11294 3184
0b000c01 0b000d01 10147 100 131072 2215548 151362 11294 3244
0b000c01 0b000d01 10148 100 131072 2230692 136626 11294 1772
0b000a01 0b000301 10020 100 131072 2352730 15083 15174 1770
0b001b01 0b001c01 10134 100 131072 2365216 2876 2898 5163
0b001001 0b001101 10147 100 131072 2140831 227479 11294 7008
0b001001 0b001101 10148 100 131072 2140919 227395 11294 7024
0b000601 0b000701 10142 100 131072 2247248 121164 11294 3222
0b001701 0b001001 10156 100 131072 2310248 58176 11234 5223
0b000a01 0b000b01 10155 100 131072 2366090 3083 2898 3274
0b000601 0b000701 10143 100 131072 2248355 121117 11294 2790
0b000e01 0b000f01 10129 100 131072 2345074 24463 11294 3230
0b000901 0b000a01 10150 100 131072 2366774 2978 2898 329
0b000301 0b000401 10131 100 131072 2273599 97640 11294 2755
0b000301 0b000401 10132 100 131072 2273609 97634 11294 2771
0b000301 0b000401 10133 100 131072 2273619 97628 11294 2787
0b000d01 0b000e01 10121 100 131072 2088112 283526 11294 3645
0b000d01 0b000e01 10122 100 131072 2088628 283014 11294 749
0b001601 0b001701 10156 100 131072 2368729 2905 2898 5270
0b001c01 0b001d01 10133 100 131072 2371102 2876 2898 5180
0b000d01 0b000e01 10123 100 131072 2089270 285280 11294 285
0b000a01 0b000b01 10156 100 131072 2372762 2909 2898 346
0b000101 0b000201 10141 100 131072 2286423 92009 11294 2273
0b001d01 0b001e01 10131 100 131072 2377018 2876 2898 5197
0b000201 0b000301 10139 100 131072 2271529 108839 11294 290
0b000201 0b000301 10140 100 131072 2271539 108833 11294 306
0b000501 0b000601 10145 100 131072 2293764 88041 11294 2837
0b000101 0b000201 10142 100 131072 2290651 92097 11294 2289
0b000e01 0b000f01 10130 100 131072 2350338 33750 11294 2750
0b000e01 0b000f01 10131 100 131072 2350342 33750 11294 1246
0b000f01 0b000801 10138 100 131072 2372547 11696 11234 3247
0b001e01 0b001f01 10129 100 131072 2382904 2876 2898 5214
0b001701 0b001001 10157 100 131072 2326834 59036 11234 5239
0b000301 0b000401 10134 100 131072 2277743 108574 11294 291
0b000501 0b000601 10146 100 131072 2298403 88950 11294 773
0b000701 0b000001 10133 100 131072 2216599 171278 11294 743
0b000001 0b000101 10141 100 131072 2365077 23833 11294 2288
0b000001 0b000101 10142 100 131072 2365087 23827 11294 2304
0b000701 0b000001 10134 100 131072 2217601 171776 11294 1719
0b000e01 0b000701 10018 100 131072 2374648 15151 15234 3662
0b000101 0b000201 10143 100 131072 2300243 89866 11294 3169
0b000801 0b000901 10146 100 131072 2387253 2908 2898 3256
0b001701 0b001001 10158 100 131072 2328263 63000 11234 5255
0b000d01 0b000e01 10124 100 131072 2099612 291856 11294 1709
0b000101 0b000201 10144 100 131072 2302887 88546 11294 2801
0b001f01 0b001801 10117 100 131072 2388820 2876 2898 5231
0b000b01 0b000c01 10157 100 131072 2317990 73923 11234 3275
0b000701 0b000001 10135 100 131072 2219365 172832 11294 3191
0b000301 0b000401 10135 100 131072 2279683 112978 11294 2803
0b000701 0b000001 10136 100 131072 2220781 172828 11294 2791
0b000501 0b000601 10147 100 131072 2305451 88326 11294 1253
0b000d01 0b000601 10022 100 131072 2368924 26783 15234 3245
0b000901 0b000a01 10151 100 131072 2393171 2876 2898 3273
0b000301 0b000401 10136 100 131072 2281736 114801 11294 1763
0b000d01 0b000601 10023 100 131072 2369920 26843 15234 3261
0b001801 0b001901 10116 100 131072 2394736 2876 2898 5240
0b000b01 0b000c01 10158 100 131072 2318884 80173 11234 3739
0b000501 0b000601 10148 100 131072 2312503 86558 11294 1765
0b000101 0b000201 10145 100 131072 2317891 83614 11294 785
0b000201 0b000301 10141 100 131072 2293585 107943 11294 1266
0b000a01 0b000b01 10157 100 131072 2399057 2908 2898 3290
0b000c01 0b000d01 10149 100 131072 2270921 131076 11294 332
0b000b01 0b000c01 10159 100 131072 2320374 81692 11234 3755
0b000c01 0b000d01 10150 100 131072 2272953 129168 11294 348
0b000c01 0b000d01 10151 100 131072 2274541 127664 11294 3260
0b001701 0b001001 10159 100 131072 2332736 69723 11234 6087
0b000401 0b000501 10139 100 131072 2389327 13172 11294 308
0b000701 0b000001 10137 100 131072 2227843 175010 11294 3207
0b000c01 0b000d01 10152 100 131072 2290143 112818 11294 1292
0b000c01 0b000d01 10153 100 131072 2298444 105037 11294 3276
0b000501 0b000601 10149 100 131072 2321307 82259 11294 1781
0b000101 0b000201 10146 100 131072 2322859 81730 11294 321
0b000e01 0b000f01 10132 100 131072 2374652 31101 11294 766
0b000501 0b000601 10150 100 131072 2326239 79443 11294 309
0b000501 0b000601 10151 100 131072 2326771 79175 11294 3669
0b000001 0b000901 10017 100 131072 2390887 15078 15174 752
0b000501 0b000601 10152 100 131072 2333731 73099 11294 2309
0b000e01 0b000f01 10133 100 131072 2377560 30133 11294 302
0b000601 0b000701 10144 100 131072 2274360 134080 11294 2806
0b000f01 0b000801 10139 100 131072 2387098 23919 11234 2767
0b000f01 0b000801 10140 100 131072 2387102 23919 11234 1263
0b000901 0b000a01 10152 100 131072 2408975 2876 2898 777
0b000401 0b000501 10140 100 131072 2399547 13164 11294 1780
0b000101 0b000201 10147 100 131072 2339592 73449 11294 3185
0b001701 0b001001 10160 100 131072 2349830 64413 11234 5271
0b001001 0b001101 10149 100 131072 2221343 192919 11294 5120
0b000e01 0b000f01 10134 100 131072 2394478 20083 11294 1726
0b001001 0b001101 10150 100 131072 2237149 177625 11294 5136
0b001001 0b001101 10151 100 131072 2243607 171391 11294 5152
0b001001 0b001101 10152 100 131072 2255325 160069 11294 7520
0b000201 0b000301 10142 100 131072 2304598 110852 11294 1282
0b000b01 0b000c01 10160 100 131072 2372183 43111 11234 3291
0b001901 0b001201 10028 100 131072 2400652 15083 15174 5257
0b001001 0b001101 10153 100 131072 2266614 149144 11294 7040
0b000401 0b000d01 10023 100 131072 2374249 42157 15234 2772
0b000401 0b000d01 10024 100 131072 2374259 42151 15234 2788
0b000401 0b000d01 10025 100 131072 2374269 42145 15234 2804
0b001001 0b001101 10154 100 131072 2295172 121902 11294 6080
0b000d01 0b000e01 10125 100 131072 2113274 303815 11294 3661
0b000a01 0b000b01 10158 100 131072 2414861 2907 2898 794
0b000201 0b000301 10143 100 131072 2306775 111935 11294 754
0b000201 0b000301 10144 100 131072 2306785 111929 11294 770
0b000501 0b000601 10153 100 131072 2405509 14085 11294 325
0b000801 0b000901 10147 100 131072 2414027 5693 2898 2776
0b000801 0b000901 10148 100 131072 2414031 5691 2898 1272
0b000d01 0b000e01 10126 100 131072 2114118 305888 11294 765
0b000d01 0b000e01 10127 100 131072 2114158 305852 11294 2205
0b000d01 0b000e01 10128 100 131072 2114766 305248 11294 2221
0b000d01 0b000e01 10129 100 131072 2114962 305056 11294 3677
0b001001 0b001101 10155 100 131072 2301269 122086 11294 6544
0b001001 0b001101 10156 100 131072 2301279 122080 11294 6560
0b000401 0b000d01 10026 100 131072 2395671 28227 15234 2820
0b000601 0b000f01 10020 100 131072 2408956 15753 15234 3686
0b000101 0b000201 10148 100 131072 2369907 55102 11294 3201
0b000f01 0b000801 10141 100 131072 2408763 16767 11234 783
0b000901 0b000a01 10153 100 131072 2422730 2876 2898 2793
0b000001 0b000101 10143 100 131072 2392387 33783 11294 1728
0b000f01 0b000001 10019 100 131072 2410703 15649 15234 319
0b000b01 0b000c01 10161 100 131072 2378681 47970 11234 363
0b000c01 0b000d01 10154 100 131072 2321500 105419 11294 3708
0b000c01 0b000d01 10155 100 131072 2321592 105331 11294 3724
0b000c01 0b000d01 10156 100 131072 2333478 93981 11294 1308
0b000301 0b000401 10137 100 131072 2299311 130450 11294 755
0b000301 0b000401 10138 100 131072 2299315 130534 11294 3651
0b000501 0b000601 10154 100 131072 2415721 14173 11294 1797
0b000701 0b000001 10138 100 131072 2250226 179748 11294 759
0b001201 0b001301 10100 100 131072 2418775 11796 11294 5266
0b000d01 0b000601 10024 100 131072 2405215 25815 15234 3277
0b000a01 0b000b01 10159 100 131072 2428616 2908 2898 2810
0b000d01 0b000601 10025 100 131072 2406491 25719 15234 3293
0b000101 0b000201 10149 100 131072 2391920 40498 11294 2305
0b000101 0b000201 10150 100 131072 2391930 40576 11294 2321
0b000701 0b000001 10139 100 131072 2254190 179652 11294 3223
0b000601 0b000701 10145 100 131072 2285620 149024 11294 2822
0b000001 0b000101 10144 100 131072 2395207 40669 11294 3200
0b000901 0b000201 10020 100 131072 2422732 15089 15174 1289
0b000f01 0b000801 10142 100 131072 2417571 20635 11234 1743
0b000001 0b000101 10145 100 131072 2396619 41809 11294 2800
0b000601 0b000701 10146 100 131072 2287032 151488 11294 1750
0b000b01 0b000c01 10162 100 131072 2404975 33898 11234 3307
0b001001 0b001101 10157 100 131072 2317240 121963 11294 5600
0b000c01 0b000d01 10157 100 131072 2344935 94237 11294 1788
0b000701 0b000001 10140 100 131072 2259738 180274 11294 1239
0b000d01 0b000e01 10130 100 131072 2126835 314497 11294 1245
0b000e01 0b000701 10019 100 131072 2420099 23297 15234 3678
0b000801 0b000101 10019 100 131072 2428540 15083 15174 792
0b000801 0b000901 10149 100 131072 2441216 2907 2898 1752
0b000201 0b000301 10145 100 131072 2326434 117919 11294 2274
0b000f01 0b000801 10143 100 131072 2427719 16827 11234 3711
0b001001 0b001101 10158 100 131072 2324044 120795 11294 5168
0b000e01 0b000701 10020 100 131072 2423028 23233 15234 3694
0b000101 0b000201 10151 100 131072 2429180 18576 11294 1745
0b000601 0b000701 10147 100 131072 2291348 156425 11294 294
0b000001 0b000901 10018 100 131072 2432984 15078 15174 768
0b000201 0b000301 10146 100 131072 2328850 119212 11294 786
0b000001 0b000101 10146 100 131072 2405863 43314 11294 3216
0b000301 0b000401 10139 100 131072 2312345 137598 11294 1235
0b000301 0b000401 10140 100 131072 2312355 137592 11294 1251
0b000301 0b000401 10141 100 131072 2312365 137586 11294 1267
0b000901 0b000a01 10154 100 131072 2447133 3108 2898 1769
0b000801 0b000901 10150 100 131072 2447556 2991 2898 3720
0b000b01 0b000c01 10163 100 131072 2420778 29804 11234 811
0b000c01 0b000d01 10158 100 131072 2352882 97771 11294 2300
0b000c01 0b000d01 10159 100 131072 2357316 93545 11294 3740
0b000701 0b000001 10141 100 131072 2270107 182034 11294 3623
0b000701 0b000001 10142 100 131072 2270117 182028 11294 3639
0b001001 0b001101 10159 100 131072 2335560 117291 11294 5184
0b000701 0b000001 10143 100 131072 2270976 182489 11294 2311
0b001101 0b001a01 10021 100 131072 2417272 36498 15174 5137
0b000901 0b000a01 10155 100 131072 2451072 3149 2898 793
0b000601 0b000701 10148 100 131072 2295576 159184 11294 2310
0b001101 0b001a01 10022 100 131072 2417784 37519 15174 5153
0b001101 0b001a01 10023 100 131072 2418008 37529 15174 5169
0b000901 0b000a01 10156 100 131072 2453557 3144 2898 3737
0b001001 0b001101 10160 100 131072 2347703 112016 11294 5200
0b000a01 0b000b01 10160 100 131072 2457231 3184 2898 810
0b000401 0b000501 10141 100 131072 2432771 27785 11294 772
0b000401 0b000501 10142 100 131072 2432859 27701 11294 3668
0b000d01 0b000e01 10131 100 131072 2138384 322321 11294 301
0b001a01 0b001b01 10138 100 131072 2456810 5228 2898 5162
0b000b01 0b000c01 10164 100 131072 2434534 27743 11234 2827
0b000e01 0b000f01 10135 100 131072 2423016 39312 11294 782
0b000e01 0b000f01 10136 100 131072 2423020 39312 11294 2222
0b000e01 0b000f01 10137 100 131072 2423030 39306 11294 2238
0b000c01 0b000d01 10160 100 131072 2368941 93473 11294 364
0b000a01 0b000b01 10161 100 131072 2459711 3208 2898 3754
0b000301 0b000401 10142 100 131072 2327582 135485 11294 3187
0b001001 0b001101 10161 100 131072 2359473 105090 11294 5216
0b001a01 0b001b01 10139 100 131072 2458343 6721 2898 5178
0b001a01 0b001b01 10140 100 131072 2458577 6633 2898 5194
0b000201 0b000b01 10020 100 131072 2450766 15078 15174 1762
0b000701 0b000801 10019 100 131072 2450783 15078 15174 311
0b000301 0b000c01 10023 100 131072 2447363 19312 15234 2291
0b000d01 0b000e01 10132 100 131072 2143124 324269 11294 1725
0b001b01 0b001c01 10135 100 131072 2465048 2882 2898 5179
0b000301 0b000401 10143 100 131072 2333927 133896 11294 3667
0b000a01 0b000301 10021 100 131072 2453251 15247 15174 1786
0b001001 0b001101 10162 100 131072 2371434 97273 11294 5232
0b000801 0b000901 10151 100 131072 2468871 2907 2898 328
0b001101 0b001a01 10024 100 131072 2447849 25604 15174 5185
0b000601 0b000701 10149 100 131072 2307399 165809 11294 1766
0b001001 0b001101 10163 100 131072 2388880 85111 11294 5248
0b001b01 0b001c01 10136 100 131072 2468074 5624 2898 5195
0b001b01 0b001c01 10137 100 131072 2468220 5611 2898 5211
0b001c01 0b001d01 10134 100 131072 2470940 3007 2898 5196
0b000201 0b000301 10147 100 131072 2345213 129165 11294 2802
0b001001 0b001101 10164 100 131072 2394273 80787 11294 5264
0b000b01 0b000c01 10165 100 131072 2463425 12294 11234 827
0b001001 0b001101 10165 100 131072 2405469 70563 11294 6096
0b001101 0b001201 10071 100 131072 1872951 603119 11294 7297
0b000e01 0b000f01 10138 100 131072 2444342 32699 11294 1262
0b000901 0b000a01 10157 100 131072 2474788 2876 2898 345
0b001a01 0b001b01 10141 100 131072 2476493 2876 2898 5210
0b000001 0b000101 10147 100 131072 2429362 50478 11294 320
0b001d01 0b001e01 10132 100 131072 2476987 3158 2898 5213
0b000c01 0b000501 10027 100 131072 2465287 15149 15234 2844
0b000101 0b000201 10152 100 131072 2438886 41540 11294 3217
0b001c01 0b001d01 10135 100 131072 2476708 5633 2898 5212
0b001c01 0b001d01 10136 100 131072 2476841 5632 2898 5228
0b000a01 0b000b01 10162 100 131072 2480674 2908 2898 362
0b000101 0b000201 10153 100 131072 2441438 42688 11294 2817
0b001b01 0b001c01 10138 100 131072 2482379 2878 2898 5227
0b001e01 0b001f01 10130 100 131072 2483155 2935 2898 5230
0b000b01 0b000c01 10166 100 131072 2465929 20300 11234 3771
0b000501 0b000601 10155 100 131072 2463566 24997 11294 789
0b000501 0b000601 10156 100 131072 2463570 24997 11294 3685
0b000e01 0b000f01 10139 100 131072 2463715 25474 11294 318
0b000101 0b000201 10154 100 131072 2446633 42786 11294 801
0b000001 0b000101 10148 100 131072 2436852 52588 11294 3232
0b000c01 0b000d01 10161 100 131072 2394923 94591 11294 3292
0b001201 0b001301 10101 100 131072 2479110 12314 11294 7314
0b001d01 0b001e01 10133 100 131072 2485381 5748 2898 5229
0b001d01 0b001e01 10134 100 131072 2485513 5709 2898 5245
0b001c01 0b001d01 10137 100 131072 2488267 3003 2898 5244
0b000701 0b000001 10144 100 131072 2310106 181461 11294 775
0b001f01 0b001801 10118 100 131072 2489130 2876 2898 5247
0b000e01 0b000f01 10140 100 131072 2470403 22134 11294 1742
0b000101 0b000201 10155 100 131072 2452187 40932 11294 3233
0b000301 0b000401 10144 100 131072 2370823 123677 11294 1779
0b000d01 0b000e01 10133 100 131072 2161250 335403 11294 2237
0b000d01 0b000e01 10134 100 131072 2161470 335187 11294 781
0b000b01 0b000c01 10167 100 131072 2468854 28144 11234 1787
0b000001 0b000101 10149 100 131072 2443022 54184 11294 1248
0b000c01 0b000d01 10162 100 131072 2402067 95156 11294 3756
0b001d01 0b001e01 10135 100 131072 2494310 3015 2898 5261
0b000c01 0b000d01 10163 100 131072 2405076 92315 11294 3772
0b000701 0b000001 10145 100 131072 2317414 180401 11294 1735
0b001801 0b001901 10117 100 131072 2495046 2876 2898 5256
0b001101 0b001a01 10025 100 131072 2455861 42549 15174 5201
0b000501 0b000601 10157 100 131072 2483446 14981 11294 2853
0b001e01 0b001f01 10131 100 131072 2494139 5675 2898 5246
0b001e01 0b001f01 10132 100 131072 2494232 5668 2898 5262
0b001101 0b001201 10072 100 131072 1874665 625394 11294 6337
0b001101 0b001201 10073 100 131072 1874817 625251 11294 5873
0b000601 0b000701 10150 100 131072 2324845 177373 11294 310
0b000601 0b000701 10151 100 131072 2324849 177373 11294 774
0b001e01 0b001f01 10133 100 131072 2500335 2901 2898 5278
0b001a01 0b001b01 10142 100 131072 2501450 2876 2898 5226
0b000301 0b000401 10145 100 131072 2383378 121422 11294 307
0b000301 0b000401 10146 100 131072 2383388 121416 11294 323
0b001301 0b001401 10114 100 131072 2494464 11241 11234 7331
0b000201 0b000301 10148 100 131072 2366381 140689 11294 322
0b000601 0b000f01 10021 100 131072 2491577 15541 15234 3702
0b000401 0b000501 10143 100 131072 2452953 54560 11294 1252
0b000401 0b000501 10144 100 131072 2452963 54554 11294 1268
0b000401 0b000501 10145 100 131072 2452973 54548 11294 1284
0b000f01 0b000001 10020 100 131072 2492199 15673 15234 335
0b000d01 0b000601 10026 100 131072 2492524 15597 15234 3309
0b000101 0b000201 10156 100 131072 2482850 25242 11294 337
0b001f01 0b001801 10119 100 131072 2502854 5580 2898 5263
0b001f01 0b001801 10120 100 131072 2502940 5559 2898 5279
0b000701 0b000001 10146 100 131072 2331265 177292 11294 1751
0b000b01 0b000c01 10168 100 131072 2486592 22199 11234 379
0b000c01 0b000d01 10164 100 131072 2418304 90664 11294 3308
0b000f01 0b000801 10144 100 131072 2465338 43882 11234 799
0b000f01 0b000801 10145 100 131072 2465342 43882 11234 2239
0b000f01 0b000801 10146 100 131072 2465352 43876 11234 2255
0b000c01 0b000d01 10165 100 131072 2429661 79795 11294 380
0b000001 0b000101 10150 100 131072 2455151 54925 11294 3632
0b001b01 0b001c01 10139 100 131072 2507336 2876 2898 5243
0b000001 0b000101 10151 100 131072 2455161 55003 11294 3648
0b000001 0b000901 10019 100 131072 2494577 15598 15174 784
0b000001 0b000101 10152 100 131072 2456475 54221 11294 2320
0b001401 0b001501 10129 100 131072 2508745 2876 2898 7348
0b001101 0b001a01 10026 100 131072 2462729 49142 15174 5217
0b000601 0b000701 10152 100 131072 2331920 179885 11294 2838
0b000701 0b000001 10147 100 131072 2334991 177095 11294 3655
0b000101 0b000201 10157 100 131072 2492450 20337 11294 3249
0b001801 0b001901 10118 100 131072 2511474 2876 2898 5272
0b001c01 0b001d01 10138 100 131072 2513222 2876 2898 5260
0b001901 0b001201 10029 100 131072 2500962 15155 15174 5273
0b000901 0b000a01 10158 100 131072 2513185 3107 2898 809
0b001101 0b001a01 10027 100 131072 2467573 49125 15174 5233
0b001501 0b001601 10143 100 131072 2514631 2876 2898 7365
0b001a01 0b001b01 10143 100 131072 2514911 2876 2898 5242
0b000c01 0b000d01 10166 100 131072 2441883 76116 11294 3324
0b000801 0b000901 10152 100 131072 2512234 5771 2898 2248
0b000801 0b000901 10153 100 131072 2512244 5763 2898 2264
0b000101 0b000a01 10019 100 131072 2500216 18165 15174 1265
0b000701 0b000001 10148 100 131072 2344902 173784 11294 1255
0b001101 0b001a01 10028 100 131072 2471717 47468 15174 5249
0b000301 0b000401 10147 100 131072 2404538 115147 11294 1283
0b001101 0b001a01 10029 100 131072 2477001 43453 15174 5265
0b000701 0b000801 10020 100 131072 2505228 15078 15174 327
0b001d01 0b001e01 10136 100 131072 2519138 2876 2898 5277
0b001a01 0b001b01 10144 100 131072 2519738 3245 2898 5258
0b000e01 0b000f01 10141 100 131072 2499663 23352 11294 2254
0b000e01 0b000f01 10142 100 131072 2499667 23352 11294 798
0b000a01 0b000b01 10163 100 131072 2519302 3739 2898 826
0b000f01 0b000801 10147 100 131072 2480051 43264 11234 1279
0b001b01 0b001c01 10140 100 131072 2520797 3157 2898 5259
0b000401 0b000501 10146 100 131072 2466077 58265 11294 3204
0b000a01 0b000b01 10164 100 131072 2521391 3828 2898 1290
0b001a01 0b001b01 10145 100 131072 2522225 3274 2898 5274
0b000601 0b000701 10153 100 131072 2341924 184053 11294 1254
0b000801 0b000901 10154 100 131072 2523316 3006 2898 344
0b000901 0b000a01 10159 100 131072 2521015 5844 2898 2265
0b000901 0b000a01 10160 100 131072 2521025 5835 2898 2281
0b001601 0b001f01 10011 100 131072 2520547 6853 6838 7382
0b000801 0b000101 10020 100 131072 2512230 15139 15174 808
0b001201 0b001301 10102 100 131072 2503099 24843 11294 6354
0b001201 0b001301 10103 100 131072 2503108 24838 11294 5890
0b000301 0b000401 10148 100 131072 2418460 109853 11294 1299
0b001b01 0b001c01 10141 100 131072 2525993 2960 2898 5275
0b000d01 0b000601 10027 100 131072 2511978 17165 15234 3325
0b000801 0b000901 10155 100 131072 2526325 2909 2898 1288
0b001c01 0b001d01 10139 100 131072 2526964 2966 2898 5276
0b000301 0b000401 10149 100 131072 2421720 108181 11294 771
0b000301 0b000401 10150 100 131072 2421730 108175 11294 787
0b000401 0b000501 10147 100 131072 2470833 59784 11294 3684
0b000201 0b000301 10149 100 131072 2381442 149998 11294 2290
0b000901 0b000a01 10161 100 131072 2529332 2987 2898 361
0b001f01 0b001801 10121 100 131072 2530440 2876 2898 7407
0b000f01 0b000801 10148 100 131072 2495547 39873 11234 1759
0b000a01 0b000b01 10165 100 131072 2529869 5860 2898 2282
0b000a01 0b000b01 10166 100 131072 2529879 5852 2898 2298
0b000d01 0b000e01 10135 100 131072 2184428 352528 11294 3693
0b000d01 0b000e01 10136 100 131072 2184956 352004 11294 317
0b000701 0b000001 10149 100 131072 2371422 165753 11294 3239
0b000c01 0b000d01 10167 100 131072 2453592 84258 11294 828
0b000d01 0b000601 10028 100 131072 2521009 17145 15234 3341
0b000701 0b000001 10150 100 131072 2372482 165753 11294 2807
0b000a01 0b000b01 10167 100 131072 2535329 3103 2898 378
0b000201 0b000301 10150 100 131072 2385758 152726 11294 2306
0b001801 0b001901 10119 100 131072 2536356 2876 2898 7416
0b000301 0b000401 10151 100 131072 2451072 88359 11294 803
0b000b01 0b000c01 10169 100 131072 2526051 13647 11234 843
0b000d01 0b000e01 10137 100 131072 2185500 354632 11294 1261
0b000801 0b000901 10156 100 131072 2538430 2908 2898 1768
0b000601 0b000701 10154 100 131072 2351816 189565 11294 3238
0b001301 0b001401 10115 100 131072 2530982 11134 11234 6371
0b000501 0b000e01 10021 100 131072 2527352 15173 15234 3221
0b000f01 0b000801 10149 100 131072 2510128 34908 11234 3727
0b001901 0b001a01 10125 100 131072 2542272 2876 2898 7433
0b000301 0b000401 10152 100 131072 2471508 74527 11294 1795
0b000901 0b000a01 10162 100 131072 2544348 2876 2898 1785
0b000301 0b000401 10153 100 131072 2477388 69883 11294 2819
0b000901 0b000201 10021 100 131072 2532244 15083 15174 1305
0b001301 0b001c01 10009 100 131072 2530986 16696 15174 5907
0b000b01 0b000c01 10170 100 131072 2528229 20294 11234 1307
0b000c01 0b000d01 10168 100 131072 2469685 79143 11294 2316
0b000201 0b000301 10151 100 131072 2393119 156013 11294 3186
0b000501 0b000601 10158 100 131072 2510523 38757 11294 1269
0b000501 0b000601 10159 100 131072 2510533 38751 11294 1285
0b000501 0b000601 10160 100 131072 2510543 38745 11294 1301
0b000301 0b000401 10154 100 131072 2510080 40812 11294 339
0b000801 0b000901 10157 100 131072 2548046 2908 2898 3736
0b001a01 0b001b01 10146 100 131072 2548188 2876 2898 7450
0b000701 0b000001 10151 100 131072 2392809 158379 11294 3671
0b000201 0b000301 10152 100 131072 2394443 157161 11294 2818
0b001401 0b001d01 10009 100 131072 2545156 6888 6838 6388
0b000001 0b000101 10153 100 131072 2500825 51099 11294 1744
0b001c01 0b001d01 10140 100 131072 2550692 2876 2898 5932
0b000101 0b000201 10158 100 131072 2513086 40374 11294 3649
0b000101 0b000201 10159 100 131072 2513174 40290 11294 3665
0b000101 0b000201 10160 100 131072 2513706 40290 11294 2337
0b000e01 0b000701 10021 100 131072 2539966 15181 15234 3710
0b000f01 0b000801 10150 100 131072 2526025 30631 11234 2271
0b000f01 0b000801 10151 100 131072 2526029 30631 11234 815
0b000901 0b000a01 10163 100 131072 2553964 2876 2898 3753
0b001b01 0b001c01 10142 100 131072 2554074 2876 2898 7467
0b000501 0b000601 10161 100 131072 2533627 23405 11294 3701
0b001d01 0b001e01 10137 100 131072 2555084 4115 2898 6413
0b000c01 0b000d01 10169 100 131072 2478729 81360 11294 844
0b000b01 0b000c01 10171 100 131072 2541442 18650 11234 395
0b000c01 0b000d01 10170 100 131072 2489239 71162 11294 3788
0b001d01 0b001e01 10138 100 131072 2556608 4171 2898 5949
0b000c01 0b000d01 10171 100 131072 2500008 60717 11294 1804
0b000801 0b000901 10158 100 131072 2559666 2876 2898 2280
0b000a01 0b000b01 10168 100 131072 2559850 2879 2898 3770
0b001c01 0b001d01 10141 100 131072 2559960 2910 2898 7484
0b000301 0b000c01 10024 100 131072 2534450 29032 15234 2307
0b000301 0b000c01 10025 100 131072 2541494 22324 15234 2323
0b000101 0b000201 10161 100 131072 2530379 33477 11294 817
0b000b01 0b000401 10023 100 131072 2538739 26087 15174 2299
0b000b01 0b000401 10024 100 131072 2538749 26086 15174 2315
0b000a01 0b000301 10022 100 131072 2550234 15211 15174 1802
0b000201 0b000301 10153 100 131072 2404515 161033 11294 802
0b000401 0b000d01 10027 100 131072 2550281 15697 15234 2836
0b001e01 0b001f01 10134 100 131072 2562209 4081 2898 6430
0b000d01 0b000e01 10138 100 131072 2204776 361533 11294 2749
0b000701 0b000001 10152 100 131072 2411450 155126 11294 2823
0b000c01 0b000d01 10172 100 131072 2511801 54865 11294 396
0b000e01 0b000f01 10143 100 131072 2539970 27369 11294 334
0b001e01 0b001f01 10135 100 131072 2563789 4236 2898 5966
0b000201 0b000301 10154 100 131072 2407599 160857 11294 338
0b000901 0b000a01 10164 100 131072 2565552 2876 2898 2297
0b001d01 0b001e01 10139 100 131072 2565910 2967 2898 7501
0b000101 0b000201 10162 100 131072 2554934 16142 11294 1761
0b000001 0b000101 10154 100 131072 2510882 62087 11294 336
0b001f01 0b001801 10122 100 131072 2569330 3905 2898 6447
0b000a01 0b000b01 10169 100 131072 2571438 2908 2898 2314
0b000801 0b000101 10021 100 131072 2559670 15099 15174 824
0b001f01 0b001801 10123 100 131072 2571065 3894 2898 5983
0b000601 0b000f01 10022 100 131072 2560042 15242 15234 3718
0b000001 0b000101 10155 100 131072 2511567 63870 11294 1760
0b000401 0b000501 10148 100 131072 2497510 78186 11294 1796
0b000e01 0b000f01 10144 100 131072 2543142 32649 11294 1278
0b000b01 0b000c01 10172 100 131072 2565739 11335 11234 3787
0b000e01 0b000f01 10145 100 131072 2545535 32548 11294 3246
0b001e01 0b001701 10019 100 131072 2571887 6844 6838 7518
0b000301 0b000401 10155 100 131072 2552142 27061 11294 3203
0b000201 0b000301 10155 100 131072 2416051 163674 11294 3202
0b001801 0b001901 10120 100 131072 2576275 3905 2898 6456
0b001801 0b001901 10121 100 131072 2577999 3905 2898 5992
0b000001 0b000101 10156 100 131072 2515096 67209 11294 3664
0b000f01 0b000001 10021 100 131072 2570349 15289 15234 351
0b000e01 0b000f01 10146 100 131072 2569319 17124 11294 2766
0b000701 0b000001 10153 100 131072 2437654 149042 11294 2839
0b001901 0b001a01 10126 100 131072 2583220 3905 2898 6473
0b001901 0b001a01 10127 100 131072 2584944 3905 2898 6009
0b000201 0b000b01 10021 100 131072 2574086 15078 15174 1778
0b000701 0b000001 10154 100 131072 2441530 147810 11294 1767
0b000301 0b000401 10156 100 131072 2554614 35870 11294 2835
0b000501 0b000601 10162 100 131072 2578706 11791 11294 1813
0b000001 0b000101 10157 100 131072 2521696 69713 11294 1264
0b000b01 0b000401 10025 100 131072 2577356 15083 15174 2331
0b000701 0b000001 10155 100 131072 2446406 146106 11294 3687
0b001701 0b001001 10161 100 131072 2581741 11139 11234 7527
0b000701 0b000001 10156 100 131072 2449271 144653 11294 3703
0b001a01 0b001b01 10147 100 131072 2590165 3947 2898 6490
0b000201 0b000301 10156 100 131072 2428019 167554 11294 3218
0b001a01 0b001b01 10148 100 131072 2591859 3935 2898 6026
0b000401 0b000501 10149 100 131072 2507810 88592 11294 324
0b000401 0b000501 10150 100 131072 2507820 88586 11294 340
0b000601 0b000701 10155 100 131072 2384815 213543 11294 2854
0b000701 0b000001 10157 100 131072 2457770 140647 11294 2327
0b001b01 0b001c01 10143 100 131072 2597122 2876 2898 6507
0b000c01 0b000d01 10173 100 131072 2542708 60724 11294 860
0b000b01 0b000c01 10173 100 131072 2592174 11309 11234 1803
0b000201 0b000301 10157 100 131072 2435428 168773 11294 2322
0b000201 0b000301 10158 100 131072 2435516 168689 11294 2338
0b001b01 0b001401 10017 100 131072 2598804 7035 6838 6043
0b000c01 0b000d01 10174 100 131072 2551533 54538 11294 1324
0b000701 0b000001 10158 100 131072 2476218 130639 11294 1783
0b001001 0b001101 10166 100 131072 2595890 11728 11294 7536
0b000601 0b000701 10156 100 131072 2390363 217283 11294 790
0b000201 0b000301 10159 100 131072 2440831 167602 11294 1298
0b000401 0b000d01 10028 100 131072 2593494 15538 15234 2852
0b000101 0b000a01 10020 100 131072 2594419 15078 15174 1281
0b001c01 0b001501 10017 100 131072 2603008 7231 6838 6524
0b000d01 0b000e01 10139 100 131072 2230884 379579 11294 333
0b001401 0b001501 10130 100 131072 2608879 2876 2898 6052
0b000101 0b000201 10163 100 131072 2575979 38093 11294 353
0b000a01 0b000b01 10170 100 131072 2612507 2876 2898 1306
0b000601 0b000701 10157 100 131072 2396787 219663 11294 1270
0b000f01 0b000801 10152 100 131072 2578294 38573 11234 3743
0b001501 0b001601 10144 100 131072 2613249 4115 2898 6533
0b000f01 0b000801 10153 100 131072 2578801 39390 11234 1295
0b001501 0b001601 10145 100 131072 2614765 4113 2898 6069
0b000101 0b000201 10164 100 131072 2577779 41577 11294 833
0b000601 0b000701 10158 100 131072 2398717 221081 11294 3254
0b000101 0b000201 10165 100 131072 2578447 41701 11294 1777
0b000701 0b000001 10159 100 131072 2505232 115208 11294 791
0b000f01 0b000801 10154 100 131072 2581093 39390 11234 3263
0b000601 0b000701 10159 100 131072 2399773 221613 11294 3270
0b000101 0b000201 10166 100 131072 2585315 37125 11294 3681
0b000501 0b000601 10163 100 131072 2599412 23311 11294 341
0b000501 0b000601 10164 100 131072 2599422 23305 11294 357
0b000601 0b000701 10160 100 131072 2402071 220798 11294 1782
0b000f01 0b000801 10155 100 131072 2589453 33850 11234 2783
0b001601 0b001701 10157 100 131072 2620404 4115 2898 6550
0b000801 0b000901 10159 100 131072 2619877 4680 2898 3752
0b000701 0b000001 10160 100 131072 2514815 110051 11294 2855
0b000301 0b000401 10157 100 131072 2568455 56561 11294 1811
0b000301 0b000401 10158 100 131072 2568558 56462 11294 819
0b000e01 0b000f01 10147 100 131072 2613473 11800 11294 350
0b001601 0b001701 10158 100 131072 2621918 4115 2898 6086
0b000d01 0b000e01 10140 100 131072 2239692 386336 11294 2765
0b000001 0b000101 10158 100 131072 2540185 86908 11294 3248
0b000601 0b000701 10161 100 131072 2406576 220521 11294 1798
0b000801 0b000901 10160 100 131072 2621201 6340 2898 1304
0b000301 0b000401 10159 100 131072 2571466 56542 11294 355
0b000001 0b000101 10159 100 131072 2541245 87700 11294 2816
0b000401 0b000501 10151 100 131072 2522695 107010 11294 1300
0b000c01 0b000d01 10175 100 131072 2563102 66547 11294 412
0b000d01 0b000e01 10141 100 131072 2242248 387414 11294 2781
0b000b01 0b000c01 10174 100 131072 2618393 11283 11234 1323
0b000c01 0b000d01 10176 100 131072 2566492 63353 11294 2332
0b000601 0b000701 10162 100 131072 2408692 221225 11294 326
0b000601 0b000701 10163 100 131072 2409840 220081 11294 2326
0b000c01 0b000d01 10177 100 131072 2566828 63033 11294 2348
0b000801 0b000901 10161 100 131072 2623493 6415 2898 3272
0b000901 0b000a01 10165 100 131072 2627567 3143 2898 3769
0b000801 0b000901 10162 100 131072 2626313 4871 2898 2792
0b000c01 0b000d01 10178 100 131072 2580084 51814 11294 3804
0b000301 0b000c01 10026 100 131072 2607211 26153 15234 2339
0b000301 0b000c01 10027 100 131072 2607221 26152 15234 2355
0b000701 0b000001 10161 100 131072 2528987 106186 11294 1271
0b000301 0b000401 10160 100 131072 2582735 52837 11294 3219
0b000a01 0b000b01 10171 100 131072 2633720 3139 2898 3786
0b000901 0b000a01 10166 100 131072 2632918 4499 2898 3289
0b000c01 0b000d01 10179 100 131072 2606493 31657 11294 1820
0b000901 0b000a01 10167 100 131072 2634194 4485 2898 2809
0b000001 0b000901 10020 100 131072 2623450 15751 15174 800
0b001101 0b001201 10074 100 131072 1886410 753575 11294 6817
0b001101 0b001201 10075 100 131072 1886850 753144 11294 6353
0b000601 0b000701 10164 100 131072 2422604 217905 11294 342
0b000301 0b000401 10161 100 131072 2598583 44209 11294 3235
0b001701 0b001001 10162 100 131072 2627529 16095 11234 6567
0b000f01 0b000001 10022 100 131072 2628283 15541 15234 367
0b000201 0b000b01 10022 100 131072 2623158 20745 15174 1794
0b000501 0b000601 10165 100 131072 2632715 11773 11294 1317
0b000a01 0b000b01 10172 100 131072 2640427 4603 2898 3306
0b000901 0b000a01 10168 100 131072 2642211 3021 2898 825
0b000301 0b000401 10162 100 131072 2611443 33905 11294 1315
0b000901 0b000201 10022 100 131072 2630551 15215 15174 1321
0b000a01 0b000b01 10173 100 131072 2641689 4509 2898 2826
0b000701 0b000001 10162 100 131072 2544391 103023 11294 3255
0b000601 0b000701 10165 100 131072 2432904 214995 11294 1814
0b000601 0b000701 10166 100 131072 2434040 213863 11294 3286
0b001101 0b001201 10076 100 131072 1887150 761210 11294 5889
0b001101 0b001201 10077 100 131072 1887458 760906 11294 6833
0b001101 0b001201 10078 100 131072 1887918 760450 11294 6369
0b000701 0b000801 10021 100 131072 2632927 15498 15174 343
0b000001 0b000101 10160 100 131072 2554198 94493 11294 3680
0b000e01 0b000f01 10148 100 131072 2629038 19668 11294 2782
0b000601 0b000701 10167 100 131072 2435220 213743 11294 3302
0b001701 0b001001 10163 100 131072 2629043 20646 11234 6103
0b000a01 0b000b01 10174 100 131072 2648242 2928 2898 842
0b000b01 0b000c01 10175 100 131072 2639869 11344 11234 3803
0b000201 0b000301 10160 100 131072 2483436 168129 11294 3234
0b000101 0b000201 10167 100 131072 2630103 21496 11294 3265
0b000e01 0b000f01 10149 100 131072 2632672 19646 11294 2798
0b000401 0b000501 10152 100 131072 2531323 121476 11294 1316
0b000801 0b000901 10163 100 131072 2651435 2904 2898 360
0b000101 0b000201 10168 100 131072 2631955 22992 11294 2833
0b000201 0b000301 10161 100 131072 2487136 168142 11294 2834
0b001101 0b001201 10079 100 131072 1888662 768146 11294 7313
0b001101 0b001201 10080 100 131072 1888954 767858 11294 5905
0b001101 0b001201 10081 100 131072 1889386 767430 11294 6849
0b000401 0b000501 10153 100 131072 2532911 125234 11294 788
0b000401 0b000501 10154 100 131072 2532921 125228 11294 804
0b000701 0b000801 10022 100 131072 2643519 15499 15174 359
0b000901 0b000a01 10169 100 131072 2657349 2876 2898 377
0b000701 0b000001 10163 100 131072 2558157 102112 11294 3719
0b000201 0b000301 10162 100 131072 2492429 167957 11294 818
0b001001 0b001101 10167 100 131072 2646634 17145 11294 6576
0b000201 0b000301 10163 100 131072 2496129 168041 11294 3250
0b000101 0b000201 10169 100 131072 2651701 13282 11294 3697
0b000801 0b000901 10164 100 131072 2662028 2909 2898 376
0b001101 0b001201 10082 100 131072 1889966 775203 11294 6385
0b001101 0b001201 10083 100 131072 1890250 774923 11294 7329
0b001101 0b001201 10084 100 131072 1890822 774355 11294 6865
0b001101 0b001201 10085 100 131072 1891274 773991 11294 5921
0b001101 0b001201 10086 100 131072 1891278 773991 11294 7345
0b000a01 0b000b01 10175 100 131072 2663235 2908 2898 394
0b001001 0b001101 10168 100 131072 2652699 17244 11294 6112
0b000f01 0b000801 10156 100 131072 2651716 18638 11234 2799
0b000901 0b000a01 10170 100 131072 2667947 2876 2898 393
0b001101 0b001201 10087 100 131072 1891714 780365 11294 6401
0b001101 0b001201 10088 100 131072 1892286 779797 11294 7361
0b001101 0b001201 10089 100 131072 1893446 778641 11294 7377
0b001101 0b001201 10090 100 131072 1893568 778523 11294 4097
0b000b01 0b000c01 10176 100 131072 2646913 26521 11234 1819
0b000f01 0b000801 10157 100 131072 2655328 18583 11234 2815
0b000401 0b000501 10155 100 131072 2542441 132792 11294 820
0b000001 0b000101 10161 100 131072 2569586 106230 11294 2832
0b000801 0b000901 10165 100 131072 2673364 2883 2898 2808
0b000a01 0b000b01 10176 100 131072 2673833 2908 2898 410
0b000201 0b000301 10164 100 131072 2511102 166163 11294 354
0b001101 0b001201 10091 100 131072 1893860 785539 11294 6881
0b001101 0b001201 10092 100 131072 1894004 785399 11294 6897
0b001101 0b001201 10093 100 131072 1895756 783651 11294 7393
0b000801 0b000901 10166 100 131072 2676921 2895 2898 2824
0b000201 0b000301 10165 100 131072 2515797 164927 11294 3266
0b000501 0b000601 10166 100 131072 2655809 24935 11294 1333
0b000901 0b000a01 10171 100 131072 2679257 2901 2898 2825
0b000b01 0b000c01 10177 100 131072 2648040 35649 11234 3323
0b000601 0b000701 10168 100 131072 2491573 192991 11294 806
0b000401 0b000501 10156 100 131072 2549045 135712 11294 1812
0b000301 0b000401 10163 100 131072 2654575 30731 11294 3251
0b000901 0b000a01 10172 100 131072 2682826 2900 2898 2841
0b000d01 0b000e01 10142 100 131072 2275552 410547 11294 2253
0b001101 0b001201 10094 100 131072 1896540 789911 11294 5377
0b000a01 0b000b01 10177 100 131072 2685168 2926 2898 2842
0b000b01 0b000c01 10178 100 131072 2649208 39069 11234 2843
0b000d01 0b000e01 10143 100 131072 2276004 414068 11294 1277
0b000d01 0b000e01 10144 100 131072 2276014 414062 11294 1293
0b000601 0b000701 10169 100 131072 2501437 189199 11294 2870
0b000101 0b000201 10170 100 131072 2678826 11858 11294 2849
0b000a01 0b000b01 10178 100 131072 2688736 2926 2898 2858
0b000401 0b000501 10157 100 131072 2553902 137987 11294 356
0b000b01 0b000c01 10179 100 131072 2654180 41778 11234 859
0b000c01 0b000d01 10180 100 131072 2632686 63643 11294 1340
0b000601 0b000701 10170 100 131072 2511131 186289 11294 3318
0b000501 0b000601 10167 100 131072 2661155 39499 11294 805
0b000501 0b000601 10168 100 131072 2661165 39493 11294 821
0b000301 0b000401 10164 100 131072 2658288 45922 11294 2851
0b001201 0b001b01 10007 100 131072 2689491 15078 15174 5394
0b000c01 0b000501 10028 100 131072 2691287 15149 15234 2860
0b000401 0b000501 10158 100 131072 2567836 138670 11294 2308
0b000401 0b000501 10159 100 131072 2567846 138664 11294 2324
0b000b01 0b000c01 10180 100 131072 2669153 38430 11234 411
0b000c01 0b000d01 10181 100 131072 2636374 71344 11294 2364
0b000c01 0b000d01 10182 100 131072 2636384 71338 11294 2380
0b000201 0b000301 10166 100 131072 2550337 157842 11294 1314
0b000601 0b000701 10171 100 131072 2532153 176909 11294 3334
0b001b01 0b001c01 10144 100 131072 2707579 2876 2898 5419
0b000201 0b000301 10167 100 131072 2556470 157002 11294 3666
0b000201 0b000301 10168 100 131072 2556480 156996 11294 3682
0b000201 0b000301 10169 100 131072 2557006 156474 11294 2354
0b000001 0b000101 10162 100 131072 2588648 125201 11294 352
0b000601 0b000701 10172 100 131072 2541164 173710 11294 3350
0b000701 0b000001 10164 100 131072 2601368 113778 11294 2871
0b000301 0b000401 10165 100 131072 2663396 52006 11294 835
0b000001 0b000101 10163 100 131072 2589706 126083 11294 2848
0b000e01 0b000f01 10150 100 131072 2689109 26880 11294 2270
0b001c01 0b001d01 10142 100 131072 2713465 2876 2898 5436
0b000401 0b000501 10160 100 131072 2582213 135314 11294 3220
0b000b01 0b000c01 10181 100 131072 2679751 39289 11234 427
0b000201 0b000301 10170 100 131072 2566866 152243 11294 834
0b000c01 0b000d01 10183 100 131072 2654223 64936 11294 3820
0b000001 0b000101 10164 100 131072 2592350 127843 11294 1776
0b001101 0b001201 10095 100 131072 1910017 811114 11294 5937
0b000601 0b000701 10173 100 131072 2552290 168748 11294 1286
0b000601 0b000701 10174 100 131072 2552300 168742 11294 1302
0b000601 0b000701 10175 100 131072 2552310 168736 11294 1318
0b000301 0b000401 10166 100 131072 2667180 54387 11294 3267
0b001d01 0b001e01 10140 100 131072 2719381 2876 2898 5453
0b000401 0b000d01 10029 100 131072 2707220 15149 15234 2868
0b000e01 0b000f01 10151 100 131072 2693082 30915 11294 1294
0b000e01 0b000f01 10152 100 131072 2693092 30909 11294 1310
0b000001 0b000101 10165 100 131072 2595522 128639 11294 3696
0b000501 0b000601 10169 100 131072 2678243 47262 11294 837
0b000001 0b000101 10166 100 131072 2596934 128639 11294 3712
0b001e01 0b001f01 10136 100 131072 2725267 2876 2898 5470
0b000401 0b000501 10161 100 131072 2595449 132651 11294 2340
0b000001 0b000101 10167 100 131072 2601427 127314 11294 2336
0b000b01 0b000c01 10182 100 131072 2691104 39477 11234 2859
0b000301 0b000c01 10028 100 131072 2716490 15149 15234 2371
0b001f01 0b001801 10124 100 131072 2731183 2876 2898 5487
0b000001 0b000101 10168 100 131072 2609867 124167 11294 1792
0b000601 0b000701 10176 100 131072 2593507 142072 11294 1830
0b000501 0b000e01 10022 100 131072 2720537 15149 15234 3237
0b000701 0b000001 10165 100 131072 2610656 125210 11294 807
0b000f01 0b000801 10158 100 131072 2718999 17914 11234 2287
0b001801 0b001901 10122 100 131072 2737099 2876 2898 5496
0b000301 0b000401 10167 100 131072 2680275 60304 11294 371
0b000c01 0b000d01 10184 100 131072 2676444 65329 11294 1836
0b000b01 0b000c01 10183 100 131072 2694672 47114 11234 2875
0b000c01 0b000d01 10185 100 131072 2686699 55566 11294 3340
0b000501 0b000601 10170 100 131072 2687767 54559 11294 1829
0b000001 0b000101 10169 100 131072 2627876 114522 11294 2864
0b000c01 0b000d01 10186 100 131072 2698968 43825 11294 876
0b000801 0b000901 10167 100 131072 2739923 2910 2898 2296
0b000c01 0b000d01 10187 100 131072 2710593 32732 11294 428
0b000c01 0b000d01 10188 100 131072 2722050 21755 11294 444
0b000301 0b000401 10168 100 131072 2683734 60453 11294 3283
0b001901 0b001a01 10128 100 131072 2743015 2876 2898 5513
0b000d01 0b000e01 10145 100 131072 2311258 434659 11294 1741
0b000d01 0b000e01 10146 100 131072 2311268 434737 11294 1757
0b000001 0b000101 10170 100 131072 2638183 108091 11294 1280
0b000601 0b000701 10177 100 131072 2625733 121563 11294 358
0b000601 0b000701 10178 100 131072 2625743 121557 11294 374
0b000201 0b000301 10171 100 131072 2617082 130915 11294 370
0b001101 0b001201 10096 100 131072 1922154 826353 11294 5393
0b000001 0b000101 10171 100 131072 2646834 101820 11294 368
0b000901 0b000a01 10173 100 131072 2745843 2876 2898 2313
0b000c01 0b000501 10029 100 131072 2733591 15149 15234 2876
0b000001 0b000101 10172 100 131072 2650424 98938 11294 3264
0b000001 0b000101 10173 100 131072 2663279 87143 11294 3728
0b000201 0b000301 10172 100 131072 2622366 128723 11294 850
0b000501 0b000601 10171 100 131072 2694899 56231 11294 373
0b000c01 0b000d01 10189 100 131072 2734649 17722 11294 2396
0b000201 0b000301 10173 100 131072 2625450 127311 11294 3698
0b000f01 0b000801 10159 100 131072 2727007 26012 11234 1311
0b000f01 0b000801 10160 100 131072 2727017 26006 11234 1327
0b000e01 0b000f01 10153 100 131072 2738696 14463 11294 3262
0b000001 0b000901 10021 100 131072 2738876 15078 15174 816
0b000a01 0b000b01 10179 100 131072 2751729 2876 2898 2330
0b000401 0b000501 10162 100 131072 2628026 128349 11294 1828
0b000401 0b000501 10163 100 131072 2628030 128349 11294 836
0b000701 0b000001 10166 100 131072 2619460 137108 11294 1287
0b000601 0b000701 10179 100 131072 2647498 109319 11294 1334
0b000401 0b000501 10164 100 131072 2631018 127741 11294 372
0b000d01 0b000e01 10147 100 131072 2321608 438280 11294 797
0b000901 0b000a01 10174 100 131072 2756964 3119 2898 841
0b000d01 0b000601 10029 100 131072 2745275 15149 15234 3357
0b000201 0b000301 10174 100 131072 2648776 112685 11294 1330
0b000801 0b000901 10168 100 131072 2756029 5767 2898 1320
0b000801 0b000901 10169 100 131072 2756039 5759 2898 1336
0b000201 0b000301 10175 100 131072 2654609 108264 11294 3282
0b001201 0b001301 10104 100 131072 2643025 120868 11294 6834
0b001201 0b001301 10105 100 131072 2643034 120863 11294 6370
0b000201 0b000301 10176 100 131072 2657957 105712 11294 2850
0b000401 0b000501 10165 100 131072 2638582 125109 11294 3236
0b001a01 0b001301 10015 100 131072 2748901 15083 15174 5530
0b000101 0b000a01 10021 100 131072 2749284 15078 15174 1297
0b000701 0b000001 10167 100 131072 2622808 141693 11294 3271
0b000201 0b000301 10177 100 131072 2667993 97088 11294 3714
0b000a01 0b000b01 10180 100 131072 2763093 2876 2898 858
0b001201 0b001b01 10008 100 131072 2751547 15078 15174 5410
0b000401 0b000501 10166 100 131072 2645802 120973 11294 3252
0b000701 0b000001 10168 100 131072 2624396 142749 11294 3287
0b000201 0b000301 10178 100 131072 2693694 73503 11294 2866
0b000f01 0b000801 10161 100 131072 2756169 11727 11234 3279
0b000401 0b000501 10167 100 131072 2648358 119561 11294 1332
0b000701 0b000001 10169 100 131072 2625879 143818 11294 1799
0b000a01 0b000b01 10181 100 131072 2767372 2893 2898 1322
0b001b01 0b001c01 10145 100 131072 2769635 2876 2898 5435
0b000b01 0b000401 10026 100 131072 2757615 15083 15174 2347
0b000101 0b000201 10171 100 131072 2716859 55901 11294 369
0b000501 0b000601 10172 100 131072 2709446 64274 11294 2869
0b000501 0b000601 10173 100 131072 2709516 64208 11294 2325
0b000501 0b000601 10174 100 131072 2709526 64202 11294 2341
0b000801 0b000901 10170 100 131072 2770906 2876 2898 3288
0b000601 0b000701 10180 100 131072 2683754 91222 11294 1350
0b000701 0b000801 10023 100 131072 2750306 26082 15174 375
0b000701 0b000801 10024 100 131072 2750316 26076 15174 391
0b000701 0b000001 10170 100 131072 2630107 146467 11294 1815
0b001c01 0b001d01 10143 100 131072 2775521 2876 2898 5452
0b000001 0b000101 10174 100 131072 2759578 19226 11294 1296
0b000701 0b000001 10171 100 131072 2632931 146815 11294 2343
0b000901 0b000a01 10175 100 131072 2776792 2898 2898 3305
0b000e01 0b000f01 10154 100 131072 2748927 31117 11294 1758
0b000e01 0b000f01 10155 100 131072 2749015 31033 11294 1774
0b000b01 0b000c01 10184 100 131072 2768979 11139 11234 875
0b000301 0b000401 10169 100 131072 2711189 69651 11294 1331
0b000d01 0b000e01 10148 100 131072 2333457 447489 11294 2269
0b000d01 0b000e01 10149 100 131072 2333685 447265 11294 2285
0b001101 0b001201 10097 100 131072 1934295 848030 11294 6913
0b001101 0b001201 10098 100 131072 1934459 847870 11294 6417
0b001d01 0b001e01 10141 100 131072 2781437 2876 2898 5469
0b000801 0b000901 10171 100 131072 2779398 5661 2898 392
0b000801 0b000901 10172 100 131072 2779408 5652 2898 408
0b000401 0b000501 10168 100 131072 2688316 97108 11294 3268
0b000601 0b000701 10181 100 131072 2703664 81788 11294 822
0b000601 0b000701 10182 100 131072 2703674 81782 11294 838
0b000a01 0b000b01 10182 100 131072 2782700 2908 2898 3322
0b000201 0b000301 10179 100 131072 2775770 11872 11294 386
0b000e01 0b000f01 10156 100 131072 2762898 25608 11294 814
0b000501 0b000e01 10023 100 131072 2766701 23129 15234 3253
0b000101 0b000201 10172 100 131072 2718799 71230 11294 2865
0b001e01 0b001f01 10137 100 131072 2787323 2876 2898 5486
0b000901 0b000201 10023 100 131072 2764806 26087 15174 1337
0b000901 0b000201 10024 100 131072 2764816 26086 15174 1353
0b000b01 0b000c01 10185 100 131072 2773275 17932 11234 1339
0b000301 0b000401 10170 100 131072 2716482 75823 11294 3683
0b000301 0b000401 10171 100 131072 2716492 75817 11294 3699
0b000501 0b000601 10175 100 131072 2731110 61551 11294 2357
0b000501 0b000e01 10024 100 131072 2769785 23414 15234 3269
0b000901 0b000a01 10176 100 131072 2788069 5627 2898 409
0b000901 0b000a01 10177 100 131072 2788079 5619 2898 425
0b001f01 0b001801 10125 100 131072 2793239 2876 2898 5503
0b000101 0b000a01 10022 100 131072 2781814 15078 15174 1313
0b000601 0b000701 10183 100 131072 2728515 71474 11294 854
0b001301 0b001401 10116 100 131072 2766933 34752 11234 6851
0b001301 0b001401 10117 100 131072 2766937 34752 11234 6387
0b001301 0b001401 10118 100 131072 2766994 34699 11234 5539
0b000301 0b000401 10172 100 131072 2722119 79754 11294 851
0b001801 0b001901 10123 100 131072 2799155 2876 2898 5512
0b000c01 0b000d01 10190 100 131072 2783128 19513 11294 892
0b000b01 0b000c01 10186 100 131072 2788618 14045 11234 3339
0b000701 0b000001 10172 100 131072 2650909 152188 11294 1831
0b000701 0b000001 10173 100 131072 2650913 152188 11294 3303
0b000a01 0b000b01 10183 100 131072 2796706 6851 2898 426
0b000a01 0b000b01 10184 100 131072 2796716 6843 2898 442
0b000501 0b000e01 10025 100 131072 2788434 15442 15234 3285
0b000701 0b000001 10174 100 131072 2651973 152188 11294 3319
0b000a01 0b000b01 10185 100 131072 2799902 5255 2898 1338
0b000401 0b000501 10169 100 131072 2718412 87799 11294 852
0b000101 0b000201 10173 100 131072 2723203 84430 11294 1793
0b000c01 0b000d01 10191 100 131072 2794217 13529 11294 1356
0b001901 0b001a01 10129 100 131072 2805071 2876 2898 5529
0b001101 0b001201 10099 100 131072 1945632 863101 11294 5953
0b001401 0b001501 10131 100 131072 2804725 5627 2898 6868
0b001401 0b001501 10132 100 131072 2804733 5621 2898 5556
0b001401 0b001d01 10010 100 131072 2804729 6820 6838 6404
0b000401 0b000501 10170 100 131072 2724577 87270 11294 3284
0b000601 0b000701 10184 100 131072 2745336 67329 11294 1846
0b000f01 0b000801 10162 100 131072 2783054 30549 11234 1775
0b000f01 0b000801 10163 100 131072 2783064 30543 11234 1791
0b001501 0b001601 10146 100 131072 2813364 2876 2898 5573
0b000101 0b000201 10174 100 131072 2727171 89706 11294 3713
0b000201 0b000301 10180 100 131072 2793903 23310 11294 1346
0b000201 0b000301 10181 100 131072 2793913 23304 11294 1362
0b000501 0b000601 10176 100 131072 2759385 57846 11294 1845
0b001d01 0b001e01 10142 100 131072 2814589 2876 2898 6429
0b000501 0b000601 10177 100 131072 2759389 57846 11294 853
0b000f01 0b000801 10164 100 131072 2791516 26319 11234 831
0b000d01 0b000e01 10150 100 131072 2357527 460382 11294 813
0b000d01 0b000e01 10151 100 131072 2357537 460376 11294 829
0b000501 0b000601 10178 100 131072 2761769 56526 11294 389
0b000601 0b000701 10185 100 131072 2754140 64540 11294 390
0b000101 0b000201 10175 100 131072 2728583 90410 11294 3729
0b001501 0b001e01 10010 100 131072 2813362 7114 6838 6885
0b000501 0b000601 10179 100 131072 2770929 50010 11294 1349
0b001601 0b001701 10159 100 131072 2819280 2876 2898 5590
0b000101 0b000201 10176 100 131072 2731751 90410 11294 2353
0b000801 0b000901 10173 100 131072 2816613 5641 2898 1784
0b000801 0b000901 10174 100 131072 2816623 5633 2898 1800
0b001e01 0b001f01 10138 100 131072 2820475 2876 2898 6446
0b000001 0b000101 10175 100 131072 2767511 55692 11294 3280
0b000101 0b000201 10177 100 131072 2737044 88566 11294 1809
0b000201 0b000b01 10023 100 131072 2810643 15078 15174 1810
0b001a01 0b001301 10016 100 131072 2810957 15083 15174 5546
0b000401 0b000501 10171 100 131072 2743589 82598 11294 388
0b001e01 0b001f01 10139 100 131072 2823486 2876 2898 6910
0b000401 0b000501 10172 100 131072 2747197 81106 11294 3300
0b001f01 0b001801 10126 100 131072 2826391 2876 2898 6463
0b000501 0b000601 10180 100 131072 2809221 20012 11294 869
0b000e01 0b000f01 10157 100 131072 2783956 46088 11294 2286
0b000e01 0b000f01 10158 100 131072 2783966 46082 11294 2302
0b000501 0b000e01 10026 100 131072 2814857 15462 15234 3301
0b000901 0b000a01 10178 100 131072 2825264 5627 2898 1801
0b000901 0b000a01 10179 100 131072 2825274 5619 2898 1817
0b001f01 0b001801 10127 100 131072 2829402 2876 2898 6927
0b000001 0b000101 10176 100 131072 2770155 62292 11294 3296
0b000101 0b000201 10178 100 131072 2751664 81791 11294 385
0b000101 0b000201 10179 100 131072 2752372 81351 11294 3281
0b000d01 0b000e01 10152 100 131072 2368860 465193 11294 2301
0b000d01 0b000e01 10153 100 131072 2369152 464905 11294 1773
0b000d01 0b000e01 10154 100 131072 2369856 464205 11294 3709
0b000101 0b000201 10180 100 131072 2753432 80647 11294 3745
0b000d01 0b000e01 10155 100 131072 2370328 463737 11294 1789
0b001801 0b001901 10124 100 131072 2832307 2876 2898 6472
0b000801 0b000101 10022 100 131072 2820845 15083 15174 840
0b001701 0b001001 10164 100 131072 2825166 11139 11234 5607
0b000b01 0b000c01 10187 100 131072 2806567 30295 11234 443
0b000b01 0b000c01 10188 100 131072 2806577 30294 11234 459
0b000701 0b000801 10025 100 131072 2821690 15078 15174 407
0b000001 0b000101 10177 100 131072 2772707 64496 11294 1808
0b000601 0b000701 10186 100 131072 2776734 60521 11294 2342
0b000601 0b000701 10187 100 131072 2776744 60515 11294 2358
0b001801 0b001901 10125 100 131072 2835318 2876 2898 6936
0b000b01 0b000c01 10189 100 131072 2808167 32024 11234 1355
0b000c01 0b000d01 10192 100 131072 2805673 34528 11294 3356
0b001301 0b001401 10119 100 131072 2829050 11715 11234 5555
0b001901 0b001a01 10130 100 131072 2838223 2876 2898 6489
0b000501 0b000601 10181 100 131072 2829197 11820 11294 405
0b000801 0b000901 10175 100 131072 2839778 2908 2898 424
0b001901 0b001a01 10131 100 131072 2841234 2876 2898 6953
0b000701 0b000001 10175 100 131072 2687574 157287 11294 823
0b000201 0b000b01 10024 100 131072 2828620 16300 15174 1826
0b000001 0b000101 10178 100 131072 2779584 66872 11294 1824
0b001401 0b001501 10133 100 131072 2843805 2876 2898 5572
0b000501 0b000e01 10027 100 131072 2831313 15361 15234 3317
0b001a01 0b001b01 10149 100 131072 2844109 2876 2898 6506
0b000401 0b000501 10173 100 131072 2775708 72315 11294 2356
0b000901 0b000a01 10180 100 131072 2845696 2876 2898 441
0b000001 0b000101 10179 100 131072 2782756 66872 11294 2352
0b001a01 0b001b01 10150 100 131072 2847120 2876 2898 6970
0b001001 0b001101 10169 100 131072 2839315 11705 11294 5616
0b000b01 0b000c01 10190 100 131072 2828731 22572 11234 1835
0b001501 0b001601 10147 100 131072 2849691 2876 2898 5589
0b000e01 0b000701 10022 100 131072 2837071 15505 15234 3726
0b001b01 0b001c01 10146 100 131072 2849995 2876 2898 6523
0b001201 0b001301 10106 100 131072 2651400 201760 11294 5906
0b001201 0b001301 10107 100 131072 2651404 201760 11294 6850
0b001201 0b001301 10108 100 131072 2651408 201760 11294 6386
0b000401 0b000501 10174 100 131072 2783850 69550 11294 1348
0b000301 0b000401 10173 100 131072 2751007 102478 11294 387
0b000a01 0b000b01 10186 100 131072 2851582 2908 2898 458
0b001b01 0b001c01 10147 100 131072 2853006 2876 2898 6987
0b000f01 0b000801 10165 100 131072 2833054 23187 11234 2303
0b000f01 0b000801 10166 100 131072 2833064 23181 11234 2319
0b001601 0b001701 10160 100 131072 2855607 2876 2898 5606
0b000301 0b000401 10174 100 131072 2754099 104850 11294 867
0b000401 0b000501 10175 100 131072 2795315 64434 11294 3700
0b000401 0b000501 10176 100 131072 2795325 64428 11294 3716
0b000a01 0b000301 10023 100 131072 2833901 26098 15174 1818
0b000a01 0b000301 10024 100 131072 2833911 26097 15174 1834
0b000701 0b000001 10176 100 131072 2700430 159723 11294 3335
0b000601 0b000701 10188 100 131072 2795671 64928 11294 2374
0b001101 0b001201 10100 100 131072 1969182 891594 11294 7409
0b000e01 0b000f01 10159 100 131072 2792840 68200 11294 3278
0b000301 0b000401 10175 100 131072 2755771 105378 11294 3715
0b000201 0b000301 10182 100 131072 2819887 41572 11294 3730
0b001c01 0b001d01 10144 100 131072 2858892 2876 2898 7004
0b000401 0b000501 10177 100 131072 2804883 57171 11294 868
0b001c01 0b001501 10018 100 131072 2855881 6824 6838 6540
0b000b01 0b000c01 10191 100 131072 2847930 14905 11234 1851
0b000001 0b000901 10022 100 131072 2847871 15078 15174 832
0b000001 0b000101 10180 100 131072 2806107 57614 11294 1840
0b000001 0b000101 10181 100 131072 2806111 57614 11294 3312
0b000001 0b000101 10182 100 131072 2807171 56734 11294 3328
0b000801 0b000901 10176 100 131072 2859251 5634 2898 2312
0b000801 0b000901 10177 100 131072 2859261 5626 2898 2328
0b001101 0b001201 10101 100 131072 1971717 895575 11294 4705
0b001101 0b001201 10102 100 131072 1971888 895408 11294 4721
0b001501 0b001601 10148 100 131072 2865715 2876 2898 6549
0b000901 0b000a01 10181 100 131072 2865959 4514 2898 857
0b000e01 0b000f01 10160 100 131072 2796209 74423 11294 3294
0b001301 0b001c01 10010 100 131072 2856170 15078 15174 5923
0b001d01 0b001601 10018 100 131072 2864808 6820 6838 7021
0b000201 0b000301 10183 100 131072 2822003 49597 11294 3746
0b000101 0b000201 10181 100 131072 2826213 45496 11294 3297
0b000301 0b000401 10176 100 131072 2764471 107788 11294 1347
0b001701 0b001001 10165 100 131072 2861493 11166 11234 5623
0b000701 0b000001 10177 100 131072 2712072 160762 11294 3351
0b000301 0b000401 10177 100 131072 2765883 107964 11294 3299
0b000b01 0b000c01 10192 100 131072 2857500 16803 11234 475
0b001601 0b001701 10161 100 131072 2871631 2888 2898 6566
0b000901 0b000a01 10182 100 131072 2867895 6477 2898 2329
0b000901 0b000a01 10183 100 131072 2867905 6468 2898 2345
0b000301 0b000401 10178 100 131072 2766679 107876 11294 2867
0b000001 0b000101 10183 100 131072 2863163 12107 11294 3344
0b000301 0b000401 10179 100 131072 2768091 107788 11294 3731
0b000a01 0b000b01 10187 100 131072 2873483 2917 2898 874
0b001c01 0b001d01 10145 100 131072 2874258 2876 2898 5948
0b000501 0b000601 10182 100 131072 2851033 26393 11294 2373
0b001601 0b001701 10162 100 131072 2874668 2876 2898 7030
0b000f01 0b000801 10167 100 131072 2864050 13685 11234 3295
0b000201 0b000301 10184 100 131072 2825171 53733 11294 2370
0b001301 0b001401 10120 100 131072 2856174 23209 11234 6867
0b001301 0b001401 10121 100 131072 2856178 23209 11234 6403
0b000d01 0b000e01 10156 100 131072 2405007 477359 11294 349
0b000d01 0b000e01 10157 100 131072 2405131 477323 11294 365
0b000d01 0b000e01 10158 100 131072 2405971 476487 11294 1309
0b001d01 0b001e01 10143 100 131072 2880174 2876 2898 5965
0b000a01 0b000b01 10188 100 131072 2877382 5666 2898 2346
0b000a01 0b000b01 10189 100 131072 2877392 5658 2898 2362
0b000801 0b000901 10178 100 131072 2880745 2923 2898 3304
0b001401 0b001501 10134 100 131072 2882423 2876 2898 6884
0b000701 0b000001 10178 100 131072 2724048 162258 11294 1303
0b000701 0b000001 10179 100 131072 2724058 162252 11294 1319
0b000701 0b000001 10180 100 131072 2724068 162246 11294 1335
0b001101 0b001201 10103 100 131072 1981687 904676 11294 4737
0b001101 0b001201 10104 100 131072 1982423 903944 11294 6433
0b000f01 0b000801 10168 100 131072 2873642 13689 11234 3311
0b001201 0b001301 10109 100 131072 2659848 227721 11294 7330
0b001201 0b001301 10110 100 131072 2659852 227721 11294 5922
0b001201 0b001301 10111 100 131072 2659856 227721 11294 6866
0b001701 0b001001 10166 100 131072 2877529 11264 11234 6583
0b001e01 0b001f01 10140 100 131072 2886060 2876 2898 5982
0b001401 0b001d01 10011 100 131072 2882427 6906 6838 6420
0b000901 0b000a01 10184 100 131072 2886678 2876 2898 3321
0b000c01 0b000d01 10193 100 131072 2839872 50774 11294 460
0b000c01 0b000d01 10194 100 131072 2839882 50768 11294 476
0b000b01 0b000c01 10193 100 131072 2879410 11304 11234 891
0b000c01 0b000d01 10195 100 131072 2843201 47669 11294 1372
0b000301 0b000401 10180 100 131072 2790652 100640 11294 403
0b000801 0b000901 10179 100 131072 2890341 2876 2898 3320
0b000e01 0b000f01 10161 100 131072 2806886 87365 11294 3310
0b000201 0b000301 10185 100 131072 2836465 58083 11294 402
0b000201 0b000301 10186 100 131072 2836733 57903 11294 3298
0b001f01 0b001801 10128 100 131072 2891976 2876 2898 5999
0b000201 0b000301 10187 100 131072 2837089 57727 11294 3762
0b001501 0b001e01 10011 100 131072 2888309 6820 6838 6901
0b001d01 0b001e01 10144 100 131072 2892373 2876 2898 6445
0b000c01 0b000d01 10196 100 131072 2854313 40954 11294 1852
0b000a01 0b000b01 10190 100 131072 2892564 2876 2898 3338
0b000701 0b000001 10181 100 131072 2738589 157409 11294 1847
0b000301 0b000c01 10029 100 131072 2881914 16812 15234 2387
0b000601 0b000701 10189 100 131072 2820241 78664 11294 1862
0b000601 0b000701 10190 100 131072 2820245 78664 11294 870
0b000501 0b000601 10183 100 131072 2856410 42580 11294 1365
0b000901 0b000a01 10185 100 131072 2896227 2876 2898 3337
0b000601 0b000701 10191 100 131072 2821305 78572 11294 406
0b001701 0b001001 10167 100 131072 2880554 19416 11234 7047
0b000d01 0b000e01 10159 100 131072 2419416 480670 11294 2797
0b000d01 0b000e01 10160 100 131072 2419426 480664 11294 2813
0b001001 0b001101 10170 100 131072 2875669 24410 11294 5632
0b000d01 0b000e01 10161 100 131072 2419436 480742 11294 2829
0b000101 0b000201 10182 100 131072 2835457 65001 11294 3313
0b000401 0b000501 10178 100 131072 2856495 44152 11294 404
0b001801 0b001901 10126 100 131072 2897892 2876 2898 6008
0b000601 0b000701 10192 100 131072 2823949 77692 11294 1366
0b000201 0b000301 10188 100 131072 2874719 26974 11294 3314
0b001e01 0b001f01 10141 100 131072 2898139 5522 2898 6926
0b001e01 0b001f01 10142 100 131072 2898259 5509 2898 6462
0b001001 0b001101 10171 100 131072 2891803 12008 11294 6592
0b001101 0b001201 10105 100 131072 1991980 913090 11294 6449
0b001101 0b001201 10106 100 131072 1992784 912290 11294 6929
0b000a01 0b000b01 10191 100 131072 2902113 2908 2898 3354
0b000601 0b000701 10193 100 131072 2832243 72834 11294 886
0b001301 0b001c01 10011 100 131072 2890583 15078 15174 5939
0b001901 0b001a01 10132 100 131072 2903778 2876 2898 6025
0b000d01 0b000e01 10162 100 131072 2426908 480063 11294 2845
0b001201 0b001301 10112 100 131072 2668209 240502 11294 6402
0b001201 0b001301 10113 100 131072 2668213 240502 11294 7346
0b001201 0b001301 10114 100 131072 2668217 240502 11294 6882
0b001201 0b001301 10115 100 131072 2668305 240418 11294 5938
0b000f01 0b000801 10169 100 131072 2897261 11655 11234 3327
0b001201 0b001301 10116 100 131072 2668309 240502 11294 7362
0b000c01 0b000d01 10197 100 131072 2865845 43128 11294 1868
0b000b01 0b000c01 10194 100 131072 2898450 11263 11234 3355
0b000d01 0b000e01 10163 100 131072 2429929 479787 11294 3725
0b000d01 0b000e01 10164 100 131072 2429939 479781 11294 3741
0b000d01 0b000e01 10165 100 131072 2430469 479255 11294 1325
0b000c01 0b000d01 10198 100 131072 2893724 16310 11294 908
0b000501 0b000601 10184 100 131072 2862759 47332 11294 3717
0b000501 0b000601 10185 100 131072 2862769 47326 11294 3733
0b000601 0b000701 10194 100 131072 2844027 66088 11294 422
0b000701 0b000001 10182 100 131072 2759827 151101 11294 1351
0b000501 0b000601 10186 100 131072 2865064 46091 11294 885
0b001c01 0b001d01 10146 100 131072 2908671 2876 2898 5964
0b000b01 0b000401 10027 100 131072 2886058 26087 15174 2363
0b000b01 0b000401 10028 100 131072 2886068 26086 15174 2379
0b000101 0b000201 10183 100 131072 2838938 73144 11294 849
0b001f01 0b001801 10129 100 131072 2906701 5522 2898 6943
0b001f01 0b001801 10130 100 131072 2906808 5522 2898 6479
0b001a01 0b001b01 10151 100 131072 2909664 2876 2898 6042
0b000101 0b000201 10184 100 131072 2840213 74513 11294 1825
0b000801 0b000901 10180 100 131072 2911926 2876 2898 3336
0b001001 0b001101 10172 100 131072 2902980 12153 11294 7056
0b000201 0b000301 10189 100 131072 2903468 12379 11294 3330
0b000401 0b000501 10179 100 131072 2861959 54792 11294 884
0b001201 0b001301 10117 100 131072 2675119 242144 11294 6418
0b001201 0b001301 10118 100 131072 2675123 242144 11294 7378
0b001201 0b001301 10119 100 131072 2675131 242140 11294 4114
0b001201 0b001301 10120 100 131072 2675163 242112 11294 7394
0b001d01 0b001e01 10145 100 131072 2914587 2876 2898 5981
0b001301 0b001401 10122 100 131072 2890579 27472 11234 7347
0b001301 0b001401 10123 100 131072 2890587 27468 11234 6883
0b000701 0b000801 10026 100 131072 2902887 16193 15174 423
0b000901 0b000a01 10186 100 131072 2917812 2876 2898 3353
0b001801 0b001901 10127 100 131072 2915263 5522 2898 6952
0b000301 0b000401 10181 100 131072 2820223 100639 11294 1363
0b001801 0b001901 10128 100 131072 2915370 5522 2898 6488
0b000301 0b000401 10182 100 131072 2820233 100633 11294 1379
0b000501 0b000601 10187 100 131072 2903657 17455 11294 421
0b001201 0b001301 10121 100 131072 2682439 239592 11294 6898
0b001201 0b001301 10122 100 131072 2682447 239588 11294 7410
0b001201 0b001301 10123 100 131072 2682479 239560 11294 6914
0b000d01 0b000e01 10166 100 131072 2442182 480394 11294 1805
0b001b01 0b001401 10018 100 131072 2915580 7509 6838 6059
0b000601 0b000701 10195 100 131072 2880436 42461 11294 2390
0b001101 0b001201 10107 100 131072 2003585 919402 11294 5969
0b001101 0b001201 10108 100 131072 2003595 919396 11294 5985
0b001101 0b001201 10109 100 131072 2003729 919350 11294 6465
0b001101 0b001201 10110 100 131072 2003733 919350 11294 5409
0b001101 0b001201 10111 100 131072 2004129 918958 11294 6001
0b001101 0b001201 10112 100 131072 2005053 918038 11294 6945
0b001e01 0b001f01 10143 100 131072 2920473 2876 2898 5998
0b000401 0b000501 10180 100 131072 2864159 60006 11294 3732
0b000801 0b000901 10181 100 131072 2922090 2876 2898 440
0b000101 0b000201 10185 100 131072 2849466 76704 11294 1841
0b001301 0b001c01 10012 100 131072 2911733 15078 15174 5955
0b001401 0b001501 10135 100 131072 2921091 5966 2898 7364
0b001401 0b001501 10136 100 131072 2921095 5964 2898 6900
0b000201 0b000301 10190 100 131072 2915092 12380 11294 866
0b000101 0b000201 10186 100 131072 2852638 76000 11294 2369
0b001101 0b001201 10113 100 131072 2005321 923406 11294 7425
0b001101 0b001201 10114 100 131072 2005453 923278 11294 5425
0b001101 0b001201 10115 100 131072 2005713 923022 11294 4113
0b001101 0b001201 10116 100 131072 2005723 923016 11294 4129
0b001101 0b001201 10117 100 131072 2005961 922782 11294 5441
0b001101 0b001201 10118 100 131072 2007397 921350 11294 4145
0b000e01 0b000f01 10162 100 131072 2820919 108136 11294 830
0b000701 0b000001 10183 100 131072 2777986 151083 11294 1367
0b000e01 0b000f01 10163 100 131072 2820929 108214 11294 846
0b001f01 0b001801 10131 100 131072 2926389 2876 2898 6015
0b001901 0b001a01 10133 100 131072 2923795 5522 2898 6969
0b001901 0b001a01 10134 100 131072 2923902 5522 2898 6505
0b001401 0b001501 10137 100 131072 2926129 3438 2898 6068
0b000701 0b000801 10027 100 131072 2913125 17027 15174 439
0b000901 0b000a01 10187 100 131072 2927976 2876 2898 457
0b001c01 0b001d01 10147 100 131072 2929821 2876 2898 5980
0b000201 0b000b01 10025 100 131072 2917736 15086 15174 1842
0b001501 0b001601 10149 100 131072 2930067 3128 2898 7381
0b000601 0b000701 10196 100 131072 2902000 31901 11294 1382
0b001101 0b001201 10119 100 131072 2012876 921067 11294 4753
0b001101 0b001201 10120 100 131072 2013936 920011 11294 4769
0b001801 0b001901 10129 100 131072 2932275 2876 2898 6024
0b000d01 0b000e01 10167 100 131072 2453663 481523 11294 2317
0b000d01 0b000e01 10168 100 131072 2453871 481403 11294 3757
0b000101 0b000201 10187 100 131072 2866731 68871 11294 1857
0b001501 0b001601 10150 100 131072 2932577 3119 2898 6085
0b000101 0b000201 10188 100 131072 2866735 68955 11294 3329
0b000101 0b000201 10189 100 131072 2866915 68779 11294 3345
0b000801 0b000901 10182 100 131072 2933162 2908 2898 456
0b000501 0b000601 10188 100 131072 2919761 17028 11294 901
0b000a01 0b000b01 10192 100 131072 2933862 2903 2898 474
0b001501 0b001e01 10012 100 131072 2930069 6897 6838 6917
0b001a01 0b001b01 10152 100 131072 2932327 5501 2898 6986
0b001a01 0b001b01 10153 100 131072 2932464 5492 2898 6522
0b000001 0b000101 10184 100 131072 2889316 48958 11294 1312
0b000001 0b000101 10185 100 131072 2889326 48952 11294 1328
0b000001 0b000101 10186 100 131072 2889336 48946 11294 1344
0b001d01 0b001e01 10146 100 131072 2935737 2876 2898 5997
0b001101 0b001201 10121 100 131072 2014823 924144 11294 4785
0b001101 0b001201 10122 100 131072 2015697 923274 11294 5457
0b000601 0b000f01 10023 100 131072 2913101 26153 15234 3734
0b000601 0b000f01 10024 100 131072 2913111 26152 15234 3750
0b000e01 0b000701 10023 100 131072 2912726 26837 15234 3742
0b000e01 0b000701 10024 100 131072 2912736 26836 15234 3758
0b000701 0b000001 10184 100 131072 2788462 151264 11294 839
0b000701 0b000001 10185 100 131072 2788472 151258 11294 855
0b001901 0b001a01 10135 100 131072 2938191 2876 2898 6041
0b001601 0b001701 10163 100 131072 2938736 2876 2898 6102
0b000901 0b000a01 10188 100 131072 2939080 2876 2898 473
0b001601 0b001f01 10012 100 131072 2936235 6988 6838 7398
0b000501 0b000601 10189 100 131072 2927175 16482 11294 3749
0b001101 0b001201 10123 100 131072 2019586 924238 11294 5473
0b001101 0b001201 10124 100 131072 2019702 924126 11294 5489
0b001101 0b001201 10125 100 131072 2020654 923178 11294 5505
0b001101 0b001201 10126 100 131072 2020664 923172 11294 5521
0b001101 0b001201 10127 100 131072 2021466 922374 11294 5537
0b001101 0b001201 10128 100 131072 2021600 922244 11294 4161
0b001101 0b001201 10129 100 131072 2022568 921280 11294 6481
0b001101 0b001201 10130 100 131072 2022664 921188 11294 6961
0b001101 0b001201 10131 100 131072 2022752 921104 11294 7441
0b001e01 0b001f01 10144 100 131072 2939976 3989 2898 6942
0b000d01 0b000e01 10169 100 131072 2465424 478746 11294 381
0b001101 0b001201 10132 100 131072 2023050 920810 11294 6017
0b000601 0b000701 10197 100 131072 2914165 31069 11294 902
0b001e01 0b001f01 10145 100 131072 2941623 3982 2898 6014
0b000201 0b000b01 10026 100 131072 2929180 16675 15174 1858
0b001b01 0b001c01 10148 100 131072 2940868 5705 2898 7003
0b001b01 0b001c01 10149 100 131072 2940996 5731 2898 6539
0b000b01 0b000c01 10195 100 131072 2935832 11139 11234 1867
0b001a01 0b001b01 10154 100 131072 2944107 2989 2898 6058
0b000201 0b000301 10191 100 131072 2931648 16117 11294 2386
0b000001 0b000101 10187 100 131072 2899008 48791 11294 1856
0b001101 0b001201 10133 100 131072 2035279 916505 11294 6497
0b001101 0b001201 10134 100 131072 2035511 916277 11294 6977
0b001101 0b001201 10135 100 131072 2035735 916057 11294 7457
0b000701 0b000001 10186 100 131072 2802999 148888 11294 871
0b001f01 0b001801 10132 100 131072 2946263 6110 2898 7423
0b001c01 0b001d01 10148 100 131072 2949583 2876 2898 7020
0b000e01 0b000701 10025 100 131072 2938284 15305 15234 3774
0b001201 0b001301 10124 100 131072 2724171 229497 11294 5954
0b001f01 0b001801 10133 100 131072 2947005 6840 2898 6959
0b000401 0b000501 10181 100 131072 2875269 78460 11294 1364
0b000601 0b000701 10198 100 131072 2924122 29925 11294 438
0b001f01 0b001801 10134 100 131072 2948615 6030 2898 6031
0b000201 0b000301 10192 100 131072 2938700 16207 11294 3346
0b000001 0b000101 10188 100 131072 2913938 41257 11294 1360
0b000201 0b000b01 10027 100 131072 2938612 16659 15174 1874
0b001701 0b001001 10168 100 131072 2944622 11139 11234 6119
0b001c01 0b001501 10019 100 131072 2949737 6833 6838 6556
0b000401 0b000501 10182 100 131072 2876857 80040 11294 3316
0b001b01 0b001401 10019 100 131072 2950136 6913 6838 6075
0b001201 0b001b01 10009 100 131072 2926123 32298 15174 5426
0b000001 0b000101 10189 100 131072 2932079 26728 11294 1376
0b000401 0b000501 10183 100 131072 2878889 80292 11294 3748
0b000b01 0b000c01 10196 100 131072 2948865 11223 11234 1883
0b001801 0b001901 10130 100 131072 2955383 5039 2898 7432
0b000601 0b000701 10199 100 131072 2939799 21218 11294 918
0b000701 0b000001 10187 100 131072 2815675 145522 11294 1863
0b000e01 0b000f01 10164 100 131072 2833329 128441 11294 3326
0b000601 0b000f01 10025 100 131072 2946667 15149 15234 3766
0b001d01 0b001601 10019 100 131072 2955499 6852 6838 7037
0b000101 0b000201 10190 100 131072 2950809 11573 11294 1873
0b001501 0b001601 10151 100 131072 2959580 3064 2898 6565
0b001401 0b001501 10138 100 131072 2960089 2987 2898 6084
0b001801 0b001901 10131 100 131072 2956855 6509 2898 6968
0b001801 0b001901 10132 100 131072 2957655 6123 2898 6040
0b001b01 0b001c01 10150 100 131072 2961461 2876 2898 5451
0b000301 0b000401 10183 100 131072 2863009 101527 11294 1827
0b000301 0b000401 10184 100 131072 2863019 101521 11294 1843
0b000301 0b000401 10185 100 131072 2864469 101483 11294 3747
0b001901 0b001a01 10136 100 131072 2963462 2889 2898 7449
0b001501 0b001601 10152 100 131072 2966086 3016 2898 6101
0b000f01 0b000801 10170 100 131072 2932065 38009 11234 847
0b000f01 0b000801 10171 100 131072 2932153 37925 11234 863
0b001c01 0b001d01 10149 100 131072 2967347 2876 2898 5468
0b001001 0b001101 10173 100 131072 2958771 11733 11294 6128
0b001601 0b001701 10164 100 131072 2965391 5486 2898 7046
0b000e01 0b000f01 10165 100 131072 2837063 134035 11294 2318
0b000e01 0b000f01 10166 100 131072 2837067 134035 11294 1790
0b000e01 0b000f01 10167 100 131072 2837077 134029 11294 1806
0b001601 0b001701 10165 100 131072 2965684 5468 2898 6582
0b000c01 0b000d01 10199 100 131072 2949981 21509 11294 1884
0b001301 0b001c01 10013 100 131072 2956678 15097 15174 5971
0b000b01 0b000c01 10197 100 131072 2958281 13248 11234 1899
0b001901 0b001a01 10137 100 131072 2966374 5328 2898 6985
0b000701 0b000801 10028 100 131072 2957057 15078 15174 455
0b001901 0b001a01 10138 100 131072 2966788 5333 2898 6057
0b001a01 0b001b01 10155 100 131072 2969361 3002 2898 7466
0b000301 0b000401 10186 100 131072 2874610 98747 11294 3763
0b000001 0b000901 10023 100 131072 2942736 31038 15174 848
0b000001 0b000901 10024 100 131072 2942746 31032 15174 864
0b001101 0b001201 10136 100 131072 2071542 902430 11294 4177
0b000401 0b000501 10184 100 131072 2894302 79939 11294 420
0b000501 0b000601 10190 100 131072 2956739 17934 11294 1381
0b000c01 0b000d01 10200 100 131072 2963098 11774 11294 1900
0b000501 0b000e01 10028 100 131072 2959907 15149 15234 3333
0b001601 0b001701 10166 100 131072 2972142 2899 2898 6118
0b000001 0b000101 10190 100 131072 2964207 12285 11294 1872
0b001d01 0b001e01 10147 100 131072 2973263 2978 2898 5485
0b000d01 0b000e01 10170 100 131072 2500233 476136 11294 3773
0b000d01 0b000e01 10171 100 131072 2500401 475972 11294 3789
0b001c01 0b001d01 10150 100 131072 2974785 2980 2898 5996
0b000801 0b000901 10183 100 131072 2975145 2959 2898 472
0b001b01 0b001c01 10151 100 131072 2975403 3145 2898 7483
0b001a01 0b001b01 10156 100 131072 2974712 5360 2898 7002
0b000201 0b000b01 10028 100 131072 2965392 15078 15174 1890
0b000001 0b000901 10025 100 131072 2954897 25640 15174 880
0b001a01 0b001b01 10157 100 131072 2975131 5342 2898 6074
0b001101 0b001201 10137 100 131072 2082895 898297 11294 4193
0b001101 0b001201 10138 100 131072 2083219 897977 11294 4209
0b001101 0b001201 10139 100 131072 2083539 897661 11294 4225
0b001e01 0b001f01 10146 100 131072 2979251 2988 2898 5502
0b000901 0b000a01 10189 100 131072 2976784 5686 2898 873
0b000901 0b000a01 10190 100 131072 2976794 5678 2898 889
0b000501 0b000601 10191 100 131072 2962191 20494 11294 3765
0b001d01 0b001e01 10148 100 131072 2980805 3046 2898 6013
0b001c01 0b001d01 10151 100 131072 2981558 3055 2898 7500
0b001b01 0b001c01 10152 100 131072 2983112 2941 2898 7019
0b000901 0b000a01 10191 100 131072 2983547 2910 2898 905
0b000701 0b000001 10188 100 131072 2840265 146724 11294 2359
0b000701 0b000001 10189 100 131072 2840275 146718 11294 2375
0b000d01 0b000e01 10172 100 131072 2512466 475057 11294 397
0b001f01 0b001801 10135 100 131072 2985249 2980 2898 5519
0b000e01 0b000f01 10168 100 131072 2849684 138877 11294 3342
0b000601 0b000701 10200 100 131072 2977683 11780 11294 1398
0b001e01 0b001f01 10147 100 131072 2986861 3042 2898 6030
0b001b01 0b001401 10020 100 131072 2983513 6853 6838 6091
0b001d01 0b001e01 10149 100 131072 2987653 3065 2898 7517
0b000101 0b000201 10191 100 131072 2979502 11251 11294 1889
0b000501 0b000601 10192 100 131072 2977251 14326 11294 437
0b001c01 0b001d01 10152 100 131072 2989063 2948 2898 7036
0b000a01 0b000b01 10193 100 131072 2985480 6533 2898 890
0b000a01 0b000b01 10194 100 131072 2985490 6525 2898 906
0b000a01 0b000b01 10195 100 131072 2989467 4526 2898 922
0b001801 0b001901 10133 100 131072 2991239 2997 2898 5528
0b000301 0b000401 10187 100 131072 2897558 96923 11294 419
0b000301 0b000401 10188 100 131072 2897646 96839 11294 3315
0b000301 0b000401 10189 100 131072 2897826 96663 11294 3779
0b000c01 0b000d01 10201 100 131072 2974539 20161 11294 1916
0b000b01 0b000c01 10198 100 131072 2983480 11263 11234 1915
0b001101 0b001201 10140 100 131072 2106273 888571 11294 5553
0b001101 0b001201 10141 100 131072 2106601 888247 11294 6033
0b001f01 0b001801 10136 100 131072 2992913 2931 2898 6047
0b001401 0b001501 10139 100 131072 2993406 2907 2898 6100
0b000301 0b000401 10190 100 131072 2904703 92166 11294 3331
0b001701 0b001001 10169 100 131072 2973887 23487 11234 7063
0b000101 0b000a01 10023 100 131072 2941284 56521 15174 1329
0b000101 0b000a01 10024 100 131072 2941294 56515 15174 1345
0b000101 0b000a01 10025 100 131072 2941304 56509 15174 1361
0b001701 0b001001 10170 100 131072 2974162 25237 11234 6599
0b000801 0b000101 10023 100 131072 2973084 26375 15174 856
0b000801 0b000101 10024 100 131072 2973094 26374 15174 872
0b000301 0b000401 10191 100 131072 2918857 80850 11294 3347
0b001901 0b001a01 10139 100 131072 2997246 2997 2898 5545
0b000701 0b000001 10190 100 131072 2855586 144759 11294 3735
0b000101 0b000a01 10026 100 131072 2958205 42387 15174 1377
0b000401 0b000501 10185 100 131072 2915155 85712 11294 2372
0b000401 0b000501 10186 100 131072 2915165 85706 11294 2388
0b000301 0b000401 10192 100 131072 2930482 70461 11294 883
0b000101 0b000a01 10027 100 131072 2961817 39637 15174 1393
0b001801 0b001901 10134 100 131072 2998854 2934 2898 6056
0b001e01 0b001701 10020 100 131072 2993758 8170 6838 7534
0b001d01 0b001601 10020 100 131072 2995051 6933 6838 7053
0b000601 0b000f01 10026 100 131072 2985695 16521 15234 3782
0b001501 0b001601 10153 100 131072 2999323 2876 2898 6117
0b001201 0b001b01 10010 100 131072 2931741 71209 15174 5442
0b001201 0b001b01 10011 100 131072 2931753 71201 15174 5458
0b000f01 0b000801 10172 100 131072 2942264 61623 11234 3759
0b000f01 0b000801 10173 100 131072 2942274 61617 11234 3775
0b000601 0b000701 10201 100 131072 2994587 11808 11294 454
0b000e01 0b000701 10026 100 131072 2979379 27520 15234 3790
0b000e01 0b000701 10027 100 131072 2979389 27519 15234 3806
0b001701 0b001001 10171 100 131072 2978051 29044 11234 6135
0b000701 0b000001 10191 100 131072 2863609 143876 11294 2391
0b001901 0b001a01 10140 100 131072 3004828 2876 2898 6073
0b000201 0b000b01 10029 100 131072 2993763 15834 15174 1906
0b000d01 0b000e01 10173 100 131072 2540860 469111 11294 845
0b001601 0b001701 10167 100 131072 3005024 5478 2898 7062
0b001601 0b001701 10168 100 131072 3005239 5479 2898 6134
0b001101 0b001201 10142 100 131072 2140820 870370 11294 6513
0b001101 0b001201 10143 100 131072 2141652 869542 11294 6993
0b001101 0b001201 10144 100 131072 2142076 869122 11294 7473
0b000401 0b000501 10187 100 131072 2923872 87547 11294 1380
0b000401 0b000501 10188 100 131072 2923882 87541 11294 1396
0b001b01 0b001c01 10153 100 131072 3005990 5696 2898 5467
0b001b01 0b001c01 10154 100 131072 3006030 5679 2898 5483
0b000801 0b000901 10184 100 131072 3006897 5690 2898 3768
0b000801 0b000901 10185 100 131072 3006907 5682 2898 3784
0b000a01 0b000b01 10196 100 131072 3000815 11961 2898 1354
0b000a01 0b000b01 10197 100 131072 3000825 11953 2898 1370
0b000a01 0b000b01 10198 100 131072 3000835 11945 2898 1386
0b001a01 0b001b01 10158 100 131072 3010714 2918 2898 6090
0b000a01 0b000b01 10199 100 131072 3003602 11050 2898 1402
0b000a01 0b000b01 10200 100 131072 3004464 10402 2898 1418
0b000501 0b000601 10193 100 131072 3003877 14504 11294 2389
0b001a01 0b001301 10017 100 131072 3003253 15106 15174 5562
0b001701 0b001001 10172 100 131072 3004938 13481 11234 7543
0b000001 0b000101 10191 100 131072 2989999 29049 11294 2368
0b000001 0b000101 10192 100 131072 2990009 29043 11294 2384
0b001c01 0b001d01 10153 100 131072 3014696 5606 2898 5484
0b001c01 0b001d01 10154 100 131072 3014719 5606 2898 5500
0b000d01 0b000e01 10174 100 131072 2551838 469049 11294 2333
0b000901 0b000a01 10192 100 131072 3015597 5627 2898 3785
0b000901 0b000a01 10193 100 131072 3015607 5619 2898 3801
0b001101 0b001201 10145 100 131072 2168222 854948 11294 5569
0b001b01 0b001401 10021 100 131072 3016672 6883 6838 6107
0b000b01 0b000c01 10199 100 131072 2995023 29199 11234 907
0b000b01 0b000c01 10200 100 131072 2995033 29198 11234 923
0b000701 0b000801 10029 100 131072 3009405 15078 15174 471
0b000001 0b000101 10193 100 131072 3003355 22637 11294 3744
0b001201 0b001b01 10012 100 131072 2941981 84507 15174 5474
0b000101 0b000201 10192 100 131072 3002469 24913 11294 865
0b000101 0b000201 10193 100 131072 3002479 24912 11294 881
0b000b01 0b000c01 10201 100 131072 2997003 31319 11234 939
0b001301 0b001401 10124 100 131072 2911721 116667 11234 6419
0b001301 0b001401 10125 100 131072 2911725 116667 11234 7363
0b001301 0b001401 10126 100 131072 2911729 116667 11234 6899
0b001301 0b001401 10127 100 131072 2911821 116579 11234 7379
0b001d01 0b001e01 10150 100 131072 3023342 5606 2898 5501
0b001d01 0b001e01 10151 100 131072 3023382 5589 2898 5517
0b000d01 0b000e01 10175 100 131072 2563099 465775 11294 861
0b000d01 0b000e01 10176 100 131072 2563411 465467 11294 3805
0b000d01 0b000e01 10177 100 131072 2563735 465147 11294 1821
0b001401 0b001501 10140 100 131072 3026595 2923 2898 6116
0b000a01 0b000b01 10201 100 131072 3024234 5693 2898 3802
0b000a01 0b000b01 10202 100 131072 3024244 5685 2898 3818
0b001b01 0b001c01 10155 100 131072 3029528 2876 2898 5499
0b000d01 0b000e01 10178 100 131072 2568988 464650 11294 2861
0b000d01 0b000e01 10179 100 131072 2569676 463966 11294 413
0b001201 0b001b01 10013 100 131072 2946834 87895 15174 5490
0b001201 0b001b01 10014 100 131072 2946844 87889 15174 5506
0b001201 0b001b01 10015 100 131072 2946854 87883 15174 5522
0b001201 0b001b01 10016 100 131072 2946864 87877 15174 5538
0b001201 0b001b01 10017 100 131072 2946874 87871 15174 5554
0b001501 0b001601 10154 100 131072 3032528 3110 2898 6133
0b001e01 0b001f01 10148 100 131072 3031988 5606 2898 5518
0b001e01 0b001f01 10149 100 131072 3032028 5589 2898 5534
0b001101 0b001201 10146 100 131072 2198673 838967 11294 6049
0b001401 0b001d01 10012 100 131072 3031428 6820 6838 6436
0b001c01 0b001d01 10155 100 131072 3035414 2932 2898 5516
0b001401 0b001501 10141 100 131072 3031432 8523 2898 7380
0b001401 0b001501 10142 100 131072 3031436 8521 2898 6916
0b001401 0b001501 10143 100 131072 3031472 8487 2898 7396
0b001701 0b001001 10173 100 131072 3013512 26619 11234 7079
0b000501 0b000601 10194 100 131072 3014429 25908 11294 1397
0b000501 0b000601 10195 100 131072 3014439 25902 11294 1413
0b001701 0b001001 10174 100 131072 3013728 27317 11234 6151
0b001301 0b001401 10128 100 131072 2920273 120821 11234 6435
0b001301 0b001401 10129 100 131072 2920277 120821 11234 7395
0b001301 0b001401 10130 100 131072 2920281 120821 11234 4131
0b001301 0b001401 10131 100 131072 2920287 120819 11234 7411
0b001001 0b001101 10174 100 131072 3000384 40968 11294 7072
0b001601 0b001701 10169 100 131072 3038678 2904 2898 6150
0b001001 0b001101 10175 100 131072 3002409 39211 11294 6608
0b000f01 0b000801 10174 100 131072 2964780 78414 11234 3343
0b000f01 0b000801 10175 100 131072 2964826 78372 11234 3791
0b001001 0b001101 10176 100 131072 3010105 33046 11294 6144
0b001301 0b001401 10132 100 131072 2925041 118533 11234 6915
0b001301 0b001401 10133 100 131072 2925045 118533 11234 7427
0b001301 0b001401 10134 100 131072 2925051 118531 11234 6931
0b000101 0b000201 10194 100 131072 3022058 22912 11294 2385
0b001f01 0b001801 10137 100 131072 3040604 5606 2898 5535
0b001f01 0b001801 10138 100 131072 3040627 5606 2898 5551
0b001d01 0b001e01 10152 100 131072 3041288 5543 2898 6461
0b001d01 0b001e01 10153 100 131072 3041386 5531 2898 5533
0b000e01 0b000f01 10169 100 131072 2885376 161684 11294 366
0b000e01 0b000f01 10170 100 131072 2885464 161600 11294 382
0b000701 0b000001 10192 100 131072 2901915 145354 11294 1879
0b000701 0b000001 10193 100 131072 2901919 145354 11294 887
0b000e01 0b000701 10028 100 131072 3031888 15187 15234 3822
0b000e01 0b000f01 10171 100 131072 2885468 161684 11294 1326
0b001201 0b001b01 10018 100 131072 2997854 49352 15174 5570
0b000101 0b000201 10195 100 131072 3029002 19580 11294 3761
0b001501 0b001601 10155 100 131072 3042965 5990 2898 7397
0b001501 0b001601 10156 100 131072 3042975 5981 2898 7413
0b001501 0b001e01 10013 100 131072 3042967 6845 6838 6933
0b000701 0b000001 10194 100 131072 2904651 145530 11294 1383
0b001401 0b001d01 10013 100 131072 3044134 6908 6838 6452
0b001201 0b001b01 10019 100 131072 3026180 25151 15174 5586
0b001b01 0b001c01 10156 100 131072 3037769 14071 2898 5515
0b000801 0b000901 10186 100 131072 3046204 5696 2898 3352
0b000801 0b000901 10187 100 131072 3046208 5693 2898 3800
0b001b01 0b001c01 10157 100 131072 3037809 14138 2898 5531
0b001b01 0b001c01 10158 100 131072 3037819 14130 2898 5547
0b001b01 0b001c01 10159 100 131072 3037829 14122 2898 5563
0b001b01 0b001c01 10160 100 131072 3037839 14114 2898 5579
0b001301 0b001401 10135 100 131072 3021369 31013 11234 5571
0b001201 0b001301 10125 100 131072 2785365 267302 11294 6930
0b001201 0b001301 10126 100 131072 2785369 267302 11294 6434
0b000f01 0b000801 10176 100 131072 2974108 78774 11234 2335
0b000f01 0b000801 10177 100 131072 2974112 78774 11234 1807
0b000f01 0b000801 10178 100 131072 2974122 78768 11234 1823
0b000701 0b000001 10195 100 131072 2908087 144998 11294 903
0b000201 0b000301 10193 100 131072 3030392 23881 11294 882
0b000201 0b000301 10194 100 131072 3030402 23880 11294 898
0b001b01 0b001c01 10161 100 131072 3050216 4217 2898 5595
0b001801 0b001901 10135 100 131072 3049220 5585 2898 5544
0b001801 0b001901 10136 100 131072 3049273 5576 2898 5560
0b000d01 0b000e01 10180 100 131072 2606442 449244 11294 877
0b001701 0b001001 10175 100 131072 3044592 11315 11234 6167
0b001001 0b001101 10177 100 131072 3021429 34635 11294 7552
0b001e01 0b001f01 10150 100 131072 3049871 7009 2898 6478
0b001e01 0b001f01 10151 100 131072 3049927 7042 2898 5550
0b001d01 0b001e01 10154 100 131072 3054082 3019 2898 6477
0b001b01 0b001c01 10162 100 131072 3054341 2982 2898 5611
0b000d01 0b000e01 10181 100 131072 2609081 448721 11294 1341
0b000901 0b000a01 10194 100 131072 3054911 3030 2898 3817
0b001e01 0b001f01 10152 100 131072 3052822 5563 2898 6958
0b001401 0b001501 10144 100 131072 3044138 14952 2898 7412
0b001401 0b001501 10145 100 131072 3044142 14950 2898 4148
0b001401 0b001501 10146 100 131072 3044178 14916 2898 7428
0b000d01 0b000e01 10182 100 131072 2612042 447788 11294 2877
0b000f01 0b000801 10179 100 131072 2991571 68715 11234 3359
0b001601 0b001f01 10013 100 131072 3051995 9610 6838 7414
0b001601 0b001f01 10014 100 131072 3052035 9594 6838 7430
0b001401 0b001501 10147 100 131072 3046614 15692 2898 6932
0b001401 0b001501 10148 100 131072 3046618 15689 2898 7444
0b001401 0b001501 10149 100 131072 3046654 15654 2898 6948
0b001e01 0b001f01 10153 100 131072 3060111 3016 2898 6494
0b001901 0b001a01 10141 100 131072 3057845 5585 2898 5561
0b001901 0b001a01 10142 100 131072 3057889 5585 2898 5577
0b001401 0b001501 10150 100 131072 3055422 8419 2898 5588
0b000f01 0b000801 10180 100 131072 3005226 58584 11234 3807
0b000a01 0b000b01 10203 100 131072 3060951 2909 2898 3834
0b000801 0b000901 10188 100 131072 3055892 8474 2898 2344
0b000801 0b000901 10189 100 131072 3055896 8472 2898 1816
0b000801 0b000901 10190 100 131072 3055906 8464 2898 1832
0b000201 0b000301 10195 100 131072 3051592 13229 11294 3778
0b000601 0b000701 10202 100 131072 3043347 23253 11294 1414
0b000601 0b000701 10203 100 131072 3043357 23247 11294 1430
0b000401 0b000501 10189 100 131072 2967546 99747 11294 1844
0b000401 0b000501 10190 100 131072 2967556 99741 11294 1860
0b001101 0b001201 10147 100 131072 2267003 800295 11294 6529
0b001101 0b001201 10148 100 131072 2267511 799791 11294 7009
0b000401 0b000501 10191 100 131072 2968962 99571 11294 3764
0b000d01 0b000e01 10183 100 131072 2632659 436779 11294 429
0b000d01 0b000e01 10184 100 131072 2632855 436587 11294 2349
0b000d01 0b000e01 10185 100 131072 2632871 436575 11294 2365
0b000801 0b000901 10191 100 131072 3066820 2989 2898 3816
0b001f01 0b001801 10139 100 131072 3059920 10211 2898 6495
0b001f01 0b001801 10140 100 131072 3060009 10544 2898 5567
0b000f01 0b000801 10181 100 131072 3050162 20543 11234 1343
0b000d01 0b000e01 10186 100 131072 2634908 436241 11294 3821
0b000001 0b000101 10194 100 131072 3050279 21445 11294 1888
0b000001 0b000901 10026 100 131072 3050283 22017 15174 896
0b001c01 0b001d01 10156 100 131072 3054850 17457 2898 5532
0b000d01 0b000e01 10187 100 131072 2641160 431577 11294 1837
0b001c01 0b001d01 10157 100 131072 3054957 17856 2898 5548
0b001c01 0b001d01 10158 100 131072 3054997 17923 2898 5564
0b001c01 0b001d01 10159 100 131072 3055037 17885 2898 5580
0b001c01 0b001d01 10160 100 131072 3055077 17910 2898 5596
0b001f01 0b001801 10141 100 131072 3061425 11834 2898 6975
0b001501 0b001601 10157 100 131072 3062100 11503 2898 7429
0b001501 0b001601 10158 100 131072 3062102 11503 2898 4165
0b001501 0b001601 10159 100 131072 3062110 11497 2898 7445
0b001c01 0b001d01 10161 100 131072 3057473 16398 2898 5612
0b001c01 0b001d01 10162 100 131072 3060363 13993 2898 5628
0b001001 0b001101 10178 100 131072 3043141 31307 11294 7088
0b000001 0b000101 10195 100 131072 3053191 21437 11294 1392
0b001501 0b001e01 10014 100 131072 3065316 9550 6838 6949
0b001501 0b001e01 10015 100 131072 3065356 9533 6838 6965
0b000401 0b000501 10192 100 131072 2976367 98674 11294 3780
0b001001 0b001101 10179 100 131072 3044055 31277 11294 6160
0b001501 0b001601 10160 100 131072 3065317 10350 2898 7461
0b000701 0b000001 10196 100 131072 2936911 139044 11294 1399
0b001501 0b001601 10161 100 131072 3066881 9187 2898 5605
0b001101 0b001201 10149 100 131072 2288403 788141 11294 7489
0b001f01 0b001801 10142 100 131072 3064645 11894 2898 7439
0b001f01 0b001801 10143 100 131072 3064685 11855 2898 7455
0b000801 0b000901 10192 100 131072 3073715 3005 2898 1352
0b000e01 0b000f01 10172 100 131072 2903096 173776 11294 2814
0b000e01 0b000f01 10173 100 131072 2903106 173770 11294 2830
0b001f01 0b001801 10144 100 131072 3066137 10712 2898 6511
0b000e01 0b000f01 10174 100 131072 2903188 173692 11294 2846
0b000f01 0b000001 10023 100 131072 3050070 27064 15234 383
0b000001 0b000901 10027 100 131072 3056095 21235 15174 912
0b000f01 0b000001 10024 100 131072 3050080 27058 15234 399
0b000901 0b000a01 10195 100 131072 3067376 9985 2898 2361
0b000901 0b000a01 10196 100 131072 3067378 9985 2898 1833
0b000901 0b000a01 10197 100 131072 3067388 9977 2898 1849
0b000b01 0b000c01 10202 100 131072 3015786 62351 11234 1371
0b000b01 0b000c01 10203 100 131072 3015796 62350 11234 1387
0b000b01 0b000c01 10204 100 131072 3015806 62349 11234 1403
0b001301 0b001401 10136 100 131072 3055677 23257 11234 6947
0b001301 0b001401 10137 100 131072 3055681 23257 11234 6451
0b001801 0b001901 10137 100 131072 3073141 6470 2898 6504
0b001601 0b001701 10170 100 131072 3076645 3212 2898 4182
0b000701 0b000001 10197 100 131072 2942573 138478 11294 3751
0b000701 0b000001 10198 100 131072 2942583 138472 11294 3767
0b000901 0b000a01 10198 100 131072 3072819 8352 2898 3833
0b001101 0b001201 10150 100 131072 2301510 779847 11294 7505
0b001001 0b001101 10180 100 131072 3058917 22452 11294 6176
0b001801 0b001901 10138 100 131072 3073563 7856 2898 5576
0b001601 0b001701 10171 100 131072 3079078 3196 2898 5622
0b000901 0b000a01 10199 100 131072 3075310 7117 2898 921
0b000b01 0b000c01 10205 100 131072 3017662 65490 11234 1419
0b000b01 0b000c01 10206 100 131072 3017876 65534 11234 1435
0b000a01 0b000b01 10204 100 131072 3080371 3147 2898 2378
0b001e01 0b001f01 10154 100 131072 3077876 6132 2898 6974
0b001e01 0b001f01 10155 100 131072 3077899 6132 2898 6990
0b000901 0b000a01 10200 100 131072 3080340 4051 2898 937
0b000701 0b000001 10199 100 131072 2948244 136335 11294 919
0b001401 0b001501 10151 100 131072 3081974 2876 2898 6964
0b000101 0b000201 10196 100 131072 3074734 11597 11294 1905
0b001801 0b001901 10139 100 131072 3076269 10462 2898 6984
0b001101 0b001201 10151 100 131072 2314034 772841 11294 4241
0b000301 0b000401 10193 100 131072 3057283 29581 11294 899
0b000301 0b000401 10194 100 131072 3057293 29575 11294 915
0b000e01 0b000f01 10175 100 131072 2909981 176827 11294 2862
0b001901 0b001a01 10143 100 131072 3082651 4275 2898 6521
0b001401 0b001d01 10014 100 131072 3081978 6837 6838 6468
0b001901 0b001a01 10144 100 131072 3084459 4293 2898 5593
0b000701 0b000001 10200 100 131072 2956599 132296 11294 3783
0b000401 0b000501 10193 100 131072 2997491 91444 11294 436
0b000401 0b000501 10194 100 131072 2997495 91444 11294 3332
0b000401 0b000501 10195 100 131072 2997499 91444 11294 3796
0b000a01 0b000b01 10205 100 131072 3085437 3716 2898 938
0b000401 0b000501 10196 100 131072 2999879 89420 11294 3348
0b001101 0b001201 10152 100 131072 2319739 769868 11294 4257
0b001101 0b001201 10153 100 131072 2324048 765563 11294 4273
0b001101 0b001201 10154 100 131072 2324168 765447 11294 5585
0b000401 0b000501 10197 100 131072 3003953 85790 11294 900
0b001601 0b001f01 10015 100 131072 3076643 13155 6838 7446
0b001601 0b001f01 10016 100 131072 3076653 13147 6838 7462
0b001701 0b001801 10022 100 131072 3082867 6950 6838 4199
0b000e01 0b000f01 10176 100 131072 2912734 177330 11294 1342
0b001801 0b001901 10140 100 131072 3079579 10720 2898 7448
0b001801 0b001901 10141 100 131072 3079589 10711 2898 7464
0b001801 0b001901 10142 100 131072 3079859 10529 2898 6520
0b001601 0b001f01 10017 100 131072 3078677 12501 6838 7478
0b000a01 0b000b01 10206 100 131072 3087401 3731 2898 954
0b001d01 0b001e01 10155 100 131072 3075317 15929 2898 5549
0b000e01 0b000701 10029 100 131072 3074159 17387 15234 3838
0b000301 0b000401 10195 100 131072 3067831 24217 11294 3795
0b000701 0b000001 10201 100 131072 2964027 128568 11294 935
0b001a01 0b001301 10018 100 131072 3066440 25919 15174 5578
0b001a01 0b001301 10019 100 131072 3066484 26052 15174 5594
0b000101 0b000a01 10028 100 131072 3077638 15078 15174 1409
0b001f01 0b001801 10145 100 131072 3087018 5734 2898 6991
0b001901 0b001a01 10145 100 131072 3089771 3011 2898 7001
0b001f01 0b001801 10146 100 131072 3087071 5725 2898 7007
0b001a01 0b001b01 10159 100 131072 3089936 3004 2898 6538
0b001d01 0b001e01 10156 100 131072 3075823 18823 2898 5565
0b001501 0b001e01 10016 100 131072 3087860 6882 6838 6981
0b001101 0b001201 10155 100 131072 2335693 759118 11294 6065
0b001101 0b001201 10156 100 131072 2336089 758726 11294 5601
0b000901 0b000201 10025 100 131072 3079730 15161 15174 1369
0b001d01 0b001e01 10157 100 131072 3075930 18960 2898 5581
0b000d01 0b000e01 10188 100 131072 2699339 395874 11294 1357
0b001d01 0b001e01 10158 100 131072 3075940 18951 2898 5597
0b001d01 0b001e01 10159 100 131072 3075997 19004 2898 5613
0b001d01 0b001e01 10160 100 131072 3076881 18649 2898 5629
0b001d01 0b001e01 10161 100 131072 3077366 18341 2898 5645
0b001801 0b001901 10143 100 131072 3092827 3103 2898 4216
0b001701 0b001001 10176 100 131072 3085284 11139 11234 5639
0b001101 0b001201 10157 100 131072 2341189 756094 11294 4289
0b001101 0b001201 10158 100 131072 2345525 751762 11294 4305
0b001101 0b001201 10159 100 131072 2348038 749253 11294 7521
0b001e01 0b001f01 10156 100 131072 3094286 3436 2898 5566
0b001201 0b001301 10127 100 131072 2811773 286343 11294 5970
0b001d01 0b001e01 10162 100 131072 3091825 6045 2898 6493
0b000a01 0b000b01 10207 100 131072 3095726 2908 2898 1434
0b001a01 0b001b01 10160 100 131072 3095792 3044 2898 7018
0b001b01 0b001c01 10163 100 131072 3095950 3005 2898 6555
0b000d01 0b000e01 10189 100 131072 2710728 388717 11294 2381
0b000d01 0b000e01 10190 100 131072 2710738 388711 11294 2397
0b001f01 0b001801 10147 100 131072 3092808 8222 2898 7471
0b001f01 0b001801 10148 100 131072 3092818 8213 2898 7487
0b000b01 0b000401 10029 100 131072 3086528 15083 15174 2395
0b001801 0b001901 10144 100 131072 3095762 5978 2898 7000
0b001801 0b001901 10145 100 131072 3095806 5957 2898 7016
0b001101 0b001201 10160 100 131072 2359563 742468 11294 6545
0b001101 0b001201 10161 100 131072 2359783 742336 11294 6081
0b001f01 0b001801 10149 100 131072 3094188 8207 2898 7503
0b000d01 0b000e01 10191 100 131072 2722169 380980 11294 3837
0b000701 0b000001 10202 100 131072 2992473 110686 11294 1415
0b001901 0b001a01 10146 100 131072 3093309 9680 2898 7465
0b001901 0b001a01 10147 100 131072 3093319 9672 2898 7481
0b001901 0b001a01 10148 100 131072 3093398 9679 2898 6537
0b000e01 0b000f01 10177 100 131072 2925586 177982 11294 1822
0b001101 0b001201 10162 100 131072 2371320 732999 11294 7025
0b001101 0b001201 10163 100 131072 2371330 732993 11294 7041
0b001f01 0b001801 10150 100 131072 3100732 3950 2898 5583
0b001b01 0b001c01 10164 100 131072 3101846 2876 2898 7035
0b001901 0b001a01 10149 100 131072 3098940 5942 2898 4233
0b000001 0b000901 10028 100 131072 3087589 18102 15174 928
0b000b01 0b000c01 10207 100 131072 3032937 72861 11234 3819
0b000b01 0b000c01 10208 100 131072 3032947 72855 11234 3835
0b000a01 0b000301 10025 100 131072 3080373 26087 15174 1850
0b000a01 0b000301 10026 100 131072 3080383 26086 15174 1866
0b000c01 0b000d01 10202 100 131072 3027232 79476 11294 924
0b000c01 0b000d01 10203 100 131072 3027242 79470 11294 940
0b000c01 0b000d01 10204 100 131072 3031332 75476 11294 956
0b001a01 0b001301 10020 100 131072 3091762 15180 15174 5610
0b000501 0b000e01 10029 100 131072 3091949 15149 15234 3349
0b001c01 0b001501 10020 100 131072 3101995 6853 6838 6572
0b000d01 0b000e01 10192 100 131072 2744783 364182 11294 1853
0b000d01 0b000e01 10193 100 131072 2745803 363166 11294 893
0b000d01 0b000e01 10194 100 131072 2746335 362638 11294 445
0b000201 0b000301 10196 100 131072 3097901 11205 11294 1378
0b000701 0b000001 10203 100 131072 3009909 99238 11294 3799
0b000701 0b000001 10204 100 131072 3009919 99232 11294 3815
0b000d01 0b000e01 10195 100 131072 2746815 363042 11294 461
0b001c01 0b001d01 10163 100 131072 3107762 2876 2898 7052
0b001901 0b001a01 10150 100 131072 3104750 6169 2898 7017
0b001901 0b001a01 10151 100 131072 3104773 6169 2898 7033
0b001001 0b001101 10181 100 131072 3099433 11729 11294 5648
0b000901 0b000a01 10201 100 131072 3108701 2876 2898 953
0b001801 0b001901 10146 100 131072 3104040 9329 2898 7480
0b001801 0b001901 10147 100 131072 3104050 9321 2898 7496
0b000001 0b000901 10029 100 131072 3095605 18075 15174 944
0b001201 0b001b01 10020 100 131072 3092625 20964 15174 5602
0b001501 0b001601 10162 100 131072 3111858 2876 2898 6581
0b001801 0b001901 10148 100 131072 3105405 9312 2898 7512
0b001801 0b001901 10149 100 131072 3107692 7783 2898 5592
0b001101 0b001201 10164 100 131072 2418404 697211 11294 7537
0b001101 0b001201 10165 100 131072 2418768 696851 11294 7057
0b000701 0b000001 10205 100 131072 3050085 65582 11294 3831
0b001101 0b001201 10166 100 131072 2420084 695623 11294 6097
0b001301 0b001c01 10014 100 131072 3101126 15262 15174 5987
0b001101 0b001201 10167 100 131072 2426365 691018 11294 6561
0b001101 0b001201 10168 100 131072 2426375 691012 11294 6577
0b000701 0b000001 10206 100 131072 3069610 47997 11294 1431
0b001a01 0b001b01 10161 100 131072 3105999 12209 2898 7482
0b001a01 0b001b01 10162 100 131072 3106009 12200 2898 7498
0b001a01 0b001b01 10163 100 131072 3106087 12232 2898 6554
0b001e01 0b001f01 10157 100 131072 3097686 20679 2898 5582
0b000b01 0b000c01 10209 100 131072 3092163 26347 11234 955
0b001201 0b001b01 10021 100 131072 3097825 20891 15174 5618
0b001e01 0b001f01 10158 100 131072 3097782 21173 2898 7006
0b001e01 0b001f01 10159 100 131072 3097930 21405 2898 5598
0b001e01 0b001f01 10160 100 131072 3097970 21472 2898 5614
0b001e01 0b001f01 10161 100 131072 3098041 21403 2898 5630
0b001b01 0b001c01 10165 100 131072 3116599 3017 2898 5627
0b001e01 0b001f01 10162 100 131072 3098570 21191 2898 5646
0b001e01 0b001f01 10163 100 131072 3098747 21100 2898 5662
0b001e01 0b001f01 10164 100 131072 3100880 19263 2898 6510
0b001a01 0b001b01 10164 100 131072 3107892 12360 2898 4250
0b001101 0b001201 10169 100 131072 2442213 678170 11294 5617
0b001601 0b001701 10172 100 131072 3117744 2876 2898 6598
0b001d01 0b001601 10021 100 131072 3113648 6820 6838 7069
0b000e01 0b000f01 10178 100 131072 2938196 182832 11294 2334
0b000d01 0b000e01 10196 100 131072 2805651 316346 11294 909
0b001c01 0b001d01 10164 100 131072 3119428 2940 2898 6012
0b001301 0b001401 10138 100 131072 3095369 27298 11234 5587
0b000401 0b000501 10198 100 131072 3089874 32818 11294 916
0b000401 0b000501 10199 100 131072 3089884 32812 11294 932
0b000d01 0b000e01 10197 100 131072 2810756 312125 11294 1373
0b001301 0b001401 10139 100 131072 3095546 27477 11234 5603
0b001a01 0b001b01 10165 100 131072 3113929 9551 2898 7034
0b001a01 0b001b01 10166 100 131072 3113952 9529 2898 7050
0b000401 0b000501 10200 100 131072 3095058 30366 11294 3812
0b001c01 0b001d01 10165 100 131072 3122656 3140 2898 5644
0b001101 0b001201 10170 100 131072 2479042 646977 11294 6113
0b001901 0b001a01 10152 100 131072 3116379 9844 2898 7497
0b001901 0b001a01 10153 100 131072 3116389 9836 2898 7513
0b001601 0b001701 10173 100 131072 3123478 2915 2898 7078
0b001901 0b001a01 10154 100 131072 3117727 9844 2898 7529
0b001901 0b001a01 10155 100 131072 3118485 9340 2898 5609
0b001d01 0b001e01 10163 100 131072 3125378 2888 2898 6029
0b000501 0b000601 10196 100 131072 3070303 59505 11294 1861
0b000501 0b000601 10197 100 131072 3070313 59504 11294 1877
0b000c01 0b000d01 10205 100 131072 3081147 49071 11294 1388
0b000c01 0b000d01 10206 100 131072 3081157 49065 11294 1404
0b000c01 0b000d01 10207 100 131072 3081167 49059 11294 1420
0b001301 0b001401 10140 100 131072 3109952 20203 11234 5619
0b001401 0b001501 10152 100 131072 3125707 5342 2898 5604
0b001401 0b001501 10153 100 131072 3126063 5324 2898 5620
0b001d01 0b001e01 10164 100 131072 3128836 2889 2898 5661
0b000e01 0b000f01 10179 100 131072 2947180 184874 11294 398
0b000c01 0b000d01 10208 100 131072 3086162 47236 11294 1436
0b001e01 0b001f01 10165 100 131072 3131276 3008 2898 6046
0b000501 0b000601 10198 100 131072 3071543 63093 11294 3781
0b001701 0b001001 10177 100 131072 3123630 11139 11234 6615
0b001401 0b001501 10154 100 131072 3133195 2963 2898 5636
0b000f01 0b000801 10182 100 131072 3079882 57088 11234 2831
0b000f01 0b000801 10183 100 131072 3079892 57082 11234 2847
0b000f01 0b000801 10184 100 131072 3079902 57076 11234 2863
0b001a01 0b001b01 10167 100 131072 3129233 8068 2898 7514
0b001a01 0b001b01 10168 100 131072 3129243 8059 2898 7530
0b001e01 0b001f01 10166 100 131072 3134735 3020 2898 5678
0b001b01 0b001c01 10166 100 131072 3121218 16773 2898 7499
0b001b01 0b001c01 10167 100 131072 3121228 16765 2898 7515
0b001a01 0b001b01 10169 100 131072 3130581 7430 2898 7546
0b001b01 0b001c01 10168 100 131072 3121329 16882 2898 6571
0b001f01 0b001801 10151 100 131072 3121375 16874 2898 5599
0b001201 0b001b01 10022 100 131072 3123393 15172 15174 5634
0b001b01 0b001c01 10169 100 131072 3121726 16991 2898 5643
0b000c01 0b000d01 10209 100 131072 3108808 30275 11294 3836
0b001501 0b001601 10163 100 131072 3134059 5512 2898 5621
0b001b01 0b001c01 10170 100 131072 3123262 16528 2898 4267
0b001501 0b001601 10164 100 131072 3134397 5806 2898 5637
0b000d01 0b000e01 10198 100 131072 2893656 247458 11294 477
0b000d01 0b000e01 10199 100 131072 2893880 247238 11294 1389
0b000d01 0b000e01 10200 100 131072 2898277 243725 11294 1869
0b001b01 0b001c01 10171 100 131072 3126490 15561 2898 7051
0b001b01 0b001c01 10172 100 131072 3126500 15552 2898 7067
0b000301 0b000401 10196 100 131072 3109470 32653 11294 1859
0b000301 0b000401 10197 100 131072 3109480 32652 11294 1875
0b001501 0b001601 10165 100 131072 3139168 3368 2898 5653
0b000301 0b000401 10198 100 131072 3112116 31285 11294 1395
0b001f01 0b001801 10152 100 131072 3121965 21349 2898 7023
0b001801 0b001901 10150 100 131072 3141259 3141 2898 5608
0b001f01 0b001801 10153 100 131072 3122345 22529 2898 5615
0b001f01 0b001801 10154 100 131072 3122452 22571 2898 5631
0b001f01 0b001801 10155 100 131072 3122462 22563 2898 5647
0b000d01 0b000e01 10201 100 131072 2911983 233191 11294 1885
0b000d01 0b000e01 10202 100 131072 2913044 232134 11294 925
0b001f01 0b001801 10156 100 131072 3122771 22571 2898 5663
0b001f01 0b001801 10157 100 131072 3122857 22571 2898 5679
0b001f01 0b001801 10158 100 131072 3123153 22403 2898 6527
0b001701 0b001001 10178 100 131072 3129403 16501 11234 7095
0b001a01 0b001301 10021 100 131072 3130835 15083 15174 5626
0b001c01 0b001501 10021 100 131072 3141251 6820 6838 6588
0b001101 0b001201 10171 100 131072 2610628 537777 11294 7553
0b000801 0b000901 10193 100 131072 3139980 8474 2898 2840
0b000801 0b000901 10194 100 131072 3139990 8465 2898 2856
0b000801 0b000901 10195 100 131072 3140000 8457 2898 2872
0b001601 0b001701 10174 100 131072 3142581 6002 2898 5638
0b001f01 0b001801 10159 100 131072 3137294 11832 2898 6063
0b001f01 0b001801 10160 100 131072 3140765 8802 2898 5695
0b000501 0b000601 10199 100 131072 3078051 71612 11294 3797
0b000001 0b000101 10196 100 131072 3078965 70877 11294 1408
0b000f01 0b000801 10185 100 131072 3089818 60200 11234 2879
0b001601 0b001701 10175 100 131072 3143213 6632 2898 5654
0b001001 0b001101 10182 100 131072 3137779 12099 11294 6624
0b001901 0b001a01 10156 100 131072 3147410 3056 2898 5625
0b001601 0b001701 10176 100 131072 3145546 5456 2898 5670
0b000f01 0b000001 10025 100 131072 3135064 16048 15234 415
0b001b01 0b001c01 10173 100 131072 3140311 11841 2898 7531
0b001b01 0b001c01 10174 100 131072 3140321 11832 2898 7547
0b000f01 0b000801 10186 100 131072 3093074 59408 11234 1359
0b001b01 0b001c01 10175 100 131072 3141021 11485 2898 7563
0b001b01 0b001c01 10176 100 131072 3141575 11042 2898 5659
0b000601 0b000f01 10027 100 131072 3137646 15653 15234 3798
0b001501 0b001601 10166 100 131072 3151081 2876 2898 6597
0b001c01 0b001d01 10166 100 131072 3141031 13697 2898 7516
0b001c01 0b001d01 10167 100 131072 3141071 13764 2898 7532
0b000601 0b000701 10204 100 131072 3132818 23883 11294 1878
0b000601 0b000701 10205 100 131072 3132828 23877 11294 1894
0b001c01 0b001d01 10168 100 131072 3141757 15054 2898 5660
0b000901 0b000a01 10202 100 131072 3151464 5748 2898 2857
0b000901 0b000a01 10203 100 131072 3151474 5760 2898 2873
0b001801 0b001901 10151 100 131072 3146324 11315 2898 7032
0b001101 0b001201 10172 100 131072 2666789 491037 11294 6593
0b000801 0b000901 10196 100 131072 3155492 2951 2898 1368
0b000f01 0b000801 10187 100 131072 3106578 52156 11234 1839
0b000d01 0b000e01 10203 100 131072 2974500 184234 11294 1901
0b000001 0b000101 10197 100 131072 3080144 79031 11294 384
0b000001 0b000101 10198 100 131072 3080154 79030 11294 400
0b000d01 0b000e01 10204 100 131072 2977882 181384 11294 1917
0b001101 0b001201 10173 100 131072 2672953 486109 11294 6129
0b001c01 0b001d01 10169 100 131072 3142830 16398 2898 4284
0b001601 0b001701 10177 100 131072 3156967 2919 2898 6614
0b001301 0b001401 10141 100 131072 3148928 11687 11234 5635
0b001c01 0b001d01 10170 100 131072 3145091 17570 2898 7068
0b001c01 0b001d01 10171 100 131072 3145131 17531 2898 7084
0b000a01 0b000b01 10208 100 131072 3160222 2876 2898 2874
0b001901 0b001a01 10157 100 131072 3160649 3181 2898 7049
0b000f01 0b000801 10188 100 131072 3124038 40508 11234 2351
0b000801 0b000901 10197 100 131072 3161744 2909 2898 1848
0b001401 0b001501 10155 100 131072 3163655 2876 2898 5652
0b001d01 0b001e01 10165 100 131072 3157768 9023 2898 7533
0b001d01 0b001e01 10166 100 131072 3157875 9181 2898 7549
0b000601 0b000f01 10028 100 131072 3152673 15163 15234 3814
0b000001 0b000101 10199 100 131072 3084061 84132 11294 3760
0b000001 0b000101 10200 100 131072 3084071 84126 11294 3776
0b000101 0b000a01 10029 100 131072 3152852 15714 15174 1425
0b001a01 0b001301 10022 100 131072 3153476 15083 15174 5642
0b001d01 0b001e01 10167 100 131072 3159851 9291 2898 5677
0b001801 0b001901 10152 100 131072 3147884 21649 2898 5624
0b001c01 0b001d01 10172 100 131072 3155192 14399 2898 7548
0b001c01 0b001d01 10173 100 131072 3155232 14361 2898 7564
0b001d01 0b001e01 10168 100 131072 3162268 7423 2898 4301
0b001a01 0b001b01 10170 100 131072 3166840 2876 2898 7066
0b001c01 0b001d01 10174 100 131072 3155546 14180 2898 7580
0b001c01 0b001d01 10175 100 131072 3155657 14072 2898 5676
0b001801 0b001901 10153 100 131072 3148033 21943 2898 5640
0b001801 0b001901 10154 100 131072 3148043 21935 2898 5656
0b001801 0b001901 10155 100 131072 3148352 22048 2898 5672
0b001801 0b001901 10156 100 131072 3148438 21964 2898 5688
0b001801 0b001901 10157 100 131072 3148566 21901 2898 6536
0b000801 0b000901 10198 100 131072 3167556 2998 2898 2360
0b000901 0b000a01 10204 100 131072 3167663 3007 2898 1865
0b000501 0b000601 10200 100 131072 3091945 79178 11294 453
0b000501 0b000601 10201 100 131072 3091953 79174 11294 3813
0b001801 0b001901 10158 100 131072 3152136 19341 2898 6072
0b000501 0b000601 10202 100 131072 3092753 78730 11294 917
0b001801 0b001901 10159 100 131072 3152577 18965 2898 5704
0b001501 0b001601 10167 100 131072 3169541 2876 2898 5669
0b001701 0b001001 10179 100 131072 3151593 21031 11234 5655
0b000f01 0b000801 10189 100 131072 3156309 17481 11234 3823
0b001d01 0b001601 10022 100 131072 3165701 9732 6838 7085
0b001d01 0b001601 10023 100 131072 3165741 9715 6838 7101
0b001b01 0b001c01 10177 100 131072 3172726 2876 2898 7083
0b000901 0b000a01 10205 100 131072 3173564 2876 2898 2377
0b000001 0b000101 10201 100 131072 3091905 84552 11294 3792
0b000901 0b000201 10026 100 131072 3161453 15101 15174 1385
0b001e01 0b001f01 10167 100 131072 3172152 5513 2898 5694
0b001e01 0b001f01 10168 100 131072 3172701 5579 2898 4318
0b001601 0b001701 10178 100 131072 3175427 2908 2898 5686
0b000401 0b000501 10201 100 131072 3145133 34187 11294 1876
0b000401 0b000501 10202 100 131072 3145143 34181 11294 1892
0b001e01 0b001701 10021 100 131072 3169801 9696 6838 7550
0b000801 0b000901 10199 100 131072 3176800 2907 2898 3832
0b001e01 0b001701 10022 100 131072 3170066 9748 6838 7566
0b000401 0b000501 10203 100 131072 3146411 33533 11294 1412
0b001c01 0b001d01 10176 100 131072 3178642 3013 2898 7100
0b000a01 0b000b01 10209 100 131072 3179450 2876 2898 2394
0b000701 0b000001 10207 100 131072 3159711 23272 11294 1895
0b000701 0b000001 10208 100 131072 3159721 23266 11294 1911
0b001701 0b001001 10180 100 131072 3152855 30121 11234 5671
0b001301 0b001401 10142 100 131072 3171569 11662 11234 5651
0b001f01 0b001801 10161 100 131072 3180675 2876 2898 5711
0b001d01 0b001e01 10169 100 131072 3172631 11226 2898 7565
0b000f01 0b000801 10190 100 131072 3170846 13077 11234 3839
0b001d01 0b001e01 10170 100 131072 3172671 11251 2898 7581
0b001d01 0b001e01 10171 100 131072 3172766 11242 2898 7597
0b001d01 0b001e01 10172 100 131072 3172769 11241 2898 5693
0b001601 0b001701 10179 100 131072 3178443 5686 2898 7094
0b001601 0b001701 10180 100 131072 3178466 5686 2898 7110
0b001001 0b001101 10183 100 131072 3148914 36221 11294 7104
0b001701 0b001001 10181 100 131072 3154012 31197 11234 5687
0b000001 0b000101 10202 100 131072 3106169 79138 11294 1424
0b000501 0b000601 10203 100 131072 3125702 60897 11294 933
0b000501 0b000601 10204 100 131072 3125712 60891 11294 949
0b000501 0b000601 10205 100 131072 3128434 59229 11294 3829
0b000e01 0b000f01 10180 100 131072 2978066 210111 11294 3358
0b000001 0b000101 10203 100 131072 3112157 75970 11294 3808
0b000001 0b000101 10204 100 131072 3112167 75964 11294 3824
0b000a01 0b000301 10027 100 131072 3173680 15083 15174 1882
0b001401 0b001501 10156 100 131072 3186271 2876 2898 5668
0b000601 0b000f01 10029 100 131072 3174137 15604 15234 3830
0b001801 0b001901 10160 100 131072 3186561 3007 2898 5720
0b001e01 0b001f01 10169 100 131072 3187020 2876 2898 5710
0b001901 0b001a01 10158 100 131072 3172543 18149 2898 5641
0b000201 0b000301 10197 100 131072 3179564 11731 11294 1394
0b000d01 0b000e01 10205 100 131072 3109718 82037 11294 941
0b001d01 0b001601 10024 100 131072 3184695 6988 6838 7117
0b000d01 0b000e01 10206 100 131072 3109728 82115 11294 957
0b001101 0b001201 10174 100 131072 2854030 338595 11294 5633
0b001901 0b001a01 10159 100 131072 3172986 20963 2898 5657
0b001901 0b001a01 10160 100 131072 3172996 20955 2898 5673
0b001901 0b001a01 10161 100 131072 3173410 21299 2898 5689
0b001901 0b001a01 10162 100 131072 3173420 21291 2898 5705
0b001901 0b001a01 10163 100 131072 3173477 21320 2898 6553
0b001501 0b001601 10168 100 131072 3192157 2896 2898 5685
0b001901 0b001a01 10164 100 131072 3174487 20816 2898 6089
0b001901 0b001a01 10165 100 131072 3174552 20753 2898 5721
0b001f01 0b001801 10162 100 131072 3192906 2876 2898 5727
0b001701 0b001001 10182 100 131072 3162896 33369 11234 6631
0b001901 0b001a01 10166 100 131072 3192578 4997 2898 5737
0b001601 0b001701 10181 100 131072 3194693 2918 2898 7126
0b000001 0b000101 10205 100 131072 3154122 43785 11294 416
0b000d01 0b000e01 10207 100 131072 3133228 65927 11294 1405
0b001e01 0b001701 10023 100 131072 3186867 12280 6838 7582
0b000d01 0b000e01 10208 100 131072 3133238 66005 11294 1421
0b000d01 0b000e01 10209 100 131072 3133248 65999 11294 1437
0b001e01 0b001701 10024 100 131072 3186932 12343 6838 7598
0b001e01 0b001701 10025 100 131072 3187018 12301 6838 7614
0b001601 0b001701 10182 100 131072 3198063 2918 2898 5702
0b000601 0b000701 10206 100 131072 3174133 27614 11294 470
0b001101 0b001201 10175 100 131072 2903089 298700 11294 5649
0b001801 0b001901 10161 100 131072 3198792 2876 2898 5736
0b000601 0b000701 10207 100 131072 3174493 27962 11294 934
0b001101 0b001201 10176 100 131072 2906821 296028 11294 6609
0b001a01 0b001b01 10171 100 131072 3197807 5123 2898 6570
0b001a01 0b001b01 10172 100 131072 3198313 5123 2898 6106
0b000001 0b000101 10206 100 131072 3185993 18078 11294 1904
0b001101 0b001201 10177 100 131072 2918143 286646 11294 7073
0b000e01 0b000f01 10181 100 131072 2990533 216589 11294 414
0b001901 0b001a01 10167 100 131072 3204678 2876 2898 5753
0b000101 0b000201 10197 100 131072 3162185 45981 11294 401
0b000101 0b000201 10198 100 131072 3162195 45980 11294 417
0b001a01 0b001301 10023 100 131072 3193702 15090 15174 5658
0b001b01 0b001c01 10178 100 131072 3205940 2876 2898 6587
0b000601 0b000701 10208 100 131072 3189609 20750 11294 950
0b000301 0b000401 10199 100 131072 3191773 19717 11294 1891
0b001b01 0b001401 10022 100 131072 3206446 7030 6838 6123
0b000301 0b000401 10200 100 131072 3194305 19829 11294 1411
0b001201 0b001b01 10023 100 131072 3195635 19935 15174 5650
0b000701 0b000001 10209 100 131072 3205465 11365 11294 951
0b001101 0b001201 10178 100 131072 2973514 244861 11294 6145
0b001c01 0b001501 10022 100 131072 3211856 6820 6838 6604
0b000501 0b000601 10206 100 131072 3182330 36796 11294 1893
0b000501 0b000601 10207 100 131072 3182340 36790 11294 1909
0b000501 0b000601 10208 100 131072 3182954 36352 11294 1429
0b001401 0b001501 10157 100 131072 3216516 2927 2898 6132
0b001701 0b001001 10183 100 131072 3181345 39947 11234 5703
0b001b01 0b001c01 10179 100 131072 3218580 2876 2898 5675
0b001201 0b001b01 10024 100 131072 3204799 18070 15174 5666
0b001301 0b001401 10143 100 131072 3211802 11676 11234 5667
0b000f01 0b000001 10026 100 131072 3210132 15149 15234 431
0b001001 0b001101 10184 100 131072 3175634 50179 11294 5664
0b001501 0b001601 10169 100 131072 3221686 4871 2898 6613
0b001501 0b001601 10170 100 131072 3222453 4928 2898 6149
0b001c01 0b001d01 10177 100 131072 3224496 3014 2898 5692
0b001b01 0b001c01 10180 100 131072 3225879 2945 2898 5691
0b001401 0b001501 10158 100 131072 3226518 2912 2898 5684
0b000101 0b000201 10199 100 131072 3171203 59422 11294 3777
0b000101 0b000201 10200 100 131072 3171213 59416 11294 3793
0b001201 0b001301 10128 100 131072 2863816 368027 11294 7426
0b000601 0b000701 10209 100 131072 3222136 11205 11294 1910
0b001d01 0b001e01 10173 100 131072 3230550 3032 2898 5709
0b000401 0b000501 10204 100 131072 3214500 19825 11294 1908
0b001601 0b001701 10183 100 131072 3229567 4989 2898 6630
0b001c01 0b001d01 10178 100 131072 3231864 2948 2898 5708
0b001601 0b001701 10184 100 131072 3230391 5005 2898 6166
0b001501 0b001601 10171 100 131072 3232440 3003 2898 5701
0b000201 0b000301 10198 100 131072 3211176 24755 11294 418
0b000201 0b000301 10199 100 131072 3211186 24833 11294 434
0b000401 0b000501 10205 100 131072 3217144 19794 11294 1428
0b000101 0b000201 10201 100 131072 3179467 57574 11294 3809
0b001701 0b001001 10184 100 131072 3182507 56464 11234 7559
0b001101 0b001201 10179 100 131072 3044362 195068 11294 7089
0b001101 0b001201 10180 100 131072 3044630 194804 11294 6625
0b001101 0b001201 10181 100 131072 3046161 193277 11294 6161
0b001e01 0b001f01 10170 100 131072 3236592 3023 2898 5726
0b000001 0b000101 10207 100 131072 3228291 11717 11294 432
0b001d01 0b001e01 10174 100 131072 3237852 2951 2898 5725
0b001701 0b001001 10185 100 131072 3182824 57954 11234 7575
0b000101 0b000201 10202 100 131072 3191137 50047 11294 3825
0b001601 0b001701 10185 100 131072 3238453 2929 2898 5718
0b001101 0b001201 10182 100 131072 3059074 183485 11294 7569
0b000101 0b000201 10203 100 131072 3200917 41943 11294 433
0b001f01 0b001801 10163 100 131072 3242625 3038 2898 5743
0b001101 0b001201 10183 100 131072 3077458 168361 11294 7105
0b001101 0b001201 10184 100 131072 3078342 168009 11294 6177
0b001e01 0b001f01 10171 100 131072 3243813 2954 2898 5742
0b001301 0b001401 10144 100 131072 3234853 11721 11234 7443
0b001101 0b001201 10185 100 131072 3084379 162856 11294 6193
0b000e01 0b000f01 10182 100 131072 3012981 238838 11294 862
0b001801 0b001901 10162 100 131072 3248673 3042 2898 5752
0b001701 0b001001 10186 100 131072 3187139 65033 11234 7111
0b001701 0b001001 10187 100 131072 3187162 65014 11234 7127
0b001401 0b001501 10159 100 131072 3249584 2876 2898 7460
0b001f01 0b001801 10164 100 131072 3249777 2958 2898 5759
0b001201 0b001301 10129 100 131072 2870332 382694 11294 4722
0b001201 0b001301 10130 100 131072 2870372 382658 11294 4738
0b001101 0b001201 10186 100 131072 3114172 139411 11294 5665
0b000101 0b000201 10204 100 131072 3243018 11710 11294 449
0b001501 0b001601 10172 100 131072 3255470 2876 2898 7477
0b001101 0b001201 10187 100 131072 3152888 108619 11294 6641
0b000301 0b000401 10201 100 131072 3238941 23611 11294 435
0b000301 0b000401 10202 100 131072 3239029 23527 11294 451
0b001a01 0b001301 10024 100 131072 3196959 67611 15174 5674
0b000f01 0b000801 10191 100 131072 3254829 12244 11234 879
0b001101 0b001201 10188 100 131072 3188145 78826 11294 7121
0b001601 0b001f01 10018 100 131072 3261356 6820 6838 7494
0b001a01 0b001301 10026 100 131072 3197719 73412 15174 5706
0b001101 0b001201 10189 100 131072 3228823 42380 11294 5681
0b001201 0b001b01 10025 100 131072 3256593 15078 15174 5682
0b001a01 0b001301 10028 100 131072 3198315 74085 15174 5738
0b000e01 0b000f01 10183 100 131072 3023897 248871 11294 2350
0b001f01 0b001801 10165 100 131072 3271186 2876 2898 7519
0b001a01 0b001301 10029 100 131072 3200585 73756 15174 5754
0b001a01 0b001301 10025 100 131072 3196969 77885 15174 5690
0b001a01 0b001301 10027 100 131072 3197729 77134 15174 5722
0b000201 0b000301 10200 100 131072 3233635 42512 11294 3794
0b000201 0b000301 10201 100 131072 3233645 42511 11294 3810
0b001b01 0b001c01 10181 100 131072 3274681 2876 2898 5707
0b001801 0b001901 10163 100 131072 3277072 2876 2898 7528
0b001701 0b001001 10188 100 131072 3200621 80565 11234 7143
0b001c01 0b001d01 10179 100 131072 3280597 2876 2898 5724
0b000201 0b000301 10202 100 131072 3240051 44444 11294 3826
0b000801 0b000101 10025 100 131072 3270083 15083 15174 888
0b001901 0b001a01 10168 100 131072 3282958 2876 2898 7545
0b000e01 0b000f01 10184 100 131072 3031884 254428 11294 878
0b000e01 0b000f01 10185 100 131072 3031892 254424 11294 1838
0b000401 0b000501 10206 100 131072 3265562 22625 11294 452
0b000401 0b000501 10207 100 131072 3265572 22619 11294 468
0b000f01 0b000801 10192 100 131072 3275778 12766 11234 2367
0b000201 0b000301 10203 100 131072 3245870 42532 11294 450
0b001201 0b001b01 10026 100 131072 3274213 15078 15174 5698
0b001d01 0b001e01 10175 100 131072 3286513 2876 2898 5741
0b000201 0b000301 10204 100 131072 3257738 33828 11294 466
0b001a01 0b001b01 10173 100 131072 3288844 2876 2898 7562
0b000e01 0b000f01 10186 100 131072 3036648 255988 11294 2878
0b000e01 0b000f01 10187 100 131072 3036652 255988 11294 430
0b000801 0b000901 10200 100 131072 3291554 2907 2898 2376
0b001e01 0b001f01 10172 100 131072 3292399 2876 2898 5758
0b001b01 0b001c01 10182 100 131072 3292301 3212 2898 5723
0b001301 0b001401 10145 100 131072 3256036 39610 11234 4739
0b001301 0b001401 10146 100 131072 3256046 39604 11234 4755
0b001b01 0b001c01 10183 100 131072 3294730 3200 2898 7579
0b000101 0b000201 10205 100 131072 3288176 11353 11294 897
0b001201 0b001301 10131 100 131072 2889403 410097 11294 4754
0b001201 0b001301 10132 100 131072 2889407 410097 11294 6450
0b000901 0b000a01 10206 100 131072 3297471 2876 2898 2393
0b001c01 0b001d01 10180 100 131072 3298553 3212 2898 5740
0b000501 0b000601 10209 100 131072 3291197 11205 11294 469
0b001c01 0b001d01 10181 100 131072 3300970 3212 2898 7596
0b001401 0b001501 10160 100 131072 3298656 5703 2898 4756
0b001401 0b001501 10161 100 131072 3298666 5694 2898 4772
0b001701 0b001001 10189 100 131072 3202157 103437 11234 7591
0b001701 0b001001 10190 100 131072 3202285 104082 11234 7607
0b001701 0b001001 10191 100 131072 3202329 104047 11234 7623
0b000301 0b000401 10203 100 131072 3279157 28440 11294 3811
0b000301 0b000401 10204 100 131072 3279167 28434 11294 3827
0b001d01 0b001e01 10176 100 131072 3304805 3212 2898 5757
0b001001 0b001101 10185 100 131072 3185986 122052 11294 5680
0b001701 0b001001 10192 100 131072 3203991 104094 11234 5719
0b001001 0b001101 10186 100 131072 3188219 119919 11294 5696
0b001001 0b001101 10187 100 131072 3199275 109115 11294 6640
0b001001 0b001101 10188 100 131072 3224302 84616 11294 5712
0b001d01 0b001e01 10177 100 131072 3307222 3212 2898 7613
0b000f01 0b000001 10027 100 131072 3295650 15149 15234 447
0b001501 0b001601 10173 100 131072 3307369 5627 2898 4773
0b001501 0b001601 10174 100 131072 3307379 5619 2898 4789
0b000301 0b000401 10205 100 131072 3291412 22601 11294 467
0b000201 0b000301 10205 100 131072 3302539 11709 11294 914
0b000f01 0b000801 10193 100 131072 3289322 25324 11234 895
0b000f01 0b000801 10194 100 131072 3289326 25324 11234 1855
0b001601 0b001701 10186 100 131072 3316006 2908 2898 4790
0b001e01 0b001701 10026 100 131072 3313444 6820 6838 7630
0b000801 0b000901 10201 100 131072 3317660 2876 2898 1864
0b000e01 0b000f01 10188 100 131072 3058696 262573 11294 894
0b000401 0b000501 10208 100 131072 3310607 11797 11294 3828
0b000001 0b000101 10208 100 131072 3313809 11205 11294 448
0b000e01 0b000f01 10189 100 131072 3060812 264053 11294 1358
0b000901 0b000a01 10207 100 131072 3323546 2876 2898 1881
0b001701 0b001001 10193 100 131072 3237566 90213 11234 6647
0b000301 0b000401 10206 100 131072 3317258 11429 11294 931
0b001701 0b001001 10194 100 131072 3238406 92641 11234 6183
0b000801 0b000101 10026 100 131072 3317656 15083 15174 904
0b001301 0b001401 10147 100 131072 3267580 65720 11234 5683
0b000e01 0b000f01 10190 100 131072 3072448 264657 11294 446
0b000e01 0b000f01 10191 100 131072 3072452 264657 11294 2366
0b000e01 0b000f01 10192 100 131072 3072462 264651 11294 2382
0b001401 0b001501 10162 100 131072 3336310 2908 2898 5700
0b000e01 0b000f01 10193 100 131072 3075747 264362 11294 1854
0b001701 0b001001 10195 100 131072 3244392 97851 11234 5735
0b000101 0b000201 10206 100 131072 3328024 14565 11294 465
0b000401 0b000501 10209 100 131072 3331697 11205 11294 948
0b001001 0b001101 10189 100 131072 3241981 101324 11294 7568
0b001001 0b001101 10190 100 131072 3243788 99761 11294 7584
0b001001 0b001101 10191 100 131072 3255182 88975 11294 7120
0b001001 0b001101 10192 100 131072 3255192 88969 11294 7136
0b000a01 0b000301 10028 100 131072 3329432 15083 15174 1898
0b001001 0b001101 10193 100 131072 3284196 60401 11294 7152
0b001501 0b001601 10175 100 131072 3342228 2876 2898 5717
0b000101 0b000201 10207 100 131072 3335749 14493 11294 913
0b001601 0b001701 10187 100 131072 3348114 2908 2898 5734
0b000f01 0b000801 10195 100 131072 3324279 28089 11234 911
0b001301 0b001401 10148 100 131072 3277864 76032 11234 5699
0b001301 0b001401 10149 100 131072 3277874 76026 11234 5715
0b001301 0b001401 10150 100 131072 3277884 76020 11234 5731
0b001301 0b001401 10151 100 131072 3277894 76014 11234 5747
0b000f01 0b000001 10028 100 131072 3340115 15149 15234 463
0b001701 0b001001 10196 100 131072 3323274 33189 11234 7639
0b000301 0b000401 10207 100 131072 3347525 11749 11294 1907
0b000e01 0b000f01 10194 100 131072 3098223 262935 11294 1374
0b001301 0b001401 10152 100 131072 3302510 59406 11234 4771
0b001301 0b001401 10153 100 131072 3302514 59406 11234 6467
0b000201 0b000301 10206 100 131072 3353252 11465 11294 930
0b000e01 0b000f01 10195 100 131072 3102455 262676 11294 2398
0b001401 0b001501 10163 100 131072 3356906 8520 2898 5716
0b001401 0b001501 10164 100 131072 3356916 8512 2898 5732
0b001401 0b001501 10165 100 131072 3356926 8504 2898 5748
0b000f01 0b000801 10196 100 131072 3327875 39183 11234 1375
0b001201 0b001301 10133 100 131072 2908110 459848 11294 6466
0b001201 0b001301 10134 100 131072 2908114 459848 11294 6946
0b001401 0b001501 10166 100 131072 3364926 3152 2898 4788
0b001701 0b001001 10197 100 131072 3354032 14896 11234 5751
0b001001 0b001101 10194 100 131072 3308604 60623 11294 7600
0b000001 0b000101 10209 100 131072 3358274 11205 11294 464
0b001101 0b001201 10190 100 131072 3311048 58559 11294 5697
0b001101 0b001201 10191 100 131072 3311148 59251 11294 5713
0b000801 0b000101 10027 100 131072 3355378 15083 15174 920
0b001101 0b001201 10192 100 131072 3311400 59637 11294 6657
0b001001 0b001101 10195 100 131072 3309377 61684 11294 7616
0b001001 0b001101 10196 100 131072 3309387 61678 11294 7632
0b001401 0b001d01 10015 100 131072 3364930 6820 6838 6484
0b001101 0b001201 10193 100 131072 3311928 60253 11294 5729
0b000e01 0b000f01 10196 100 131072 3111975 260552 11294 1870
0b000e01 0b000f01 10197 100 131072 3111979 260552 11294 910
0b000e01 0b000f01 10198 100 131072 3111983 260552 11294 462
0b000e01 0b000f01 10199 100 131072 3112867 259672 11294 478
0b000801 0b000901 10202 100 131072 3370068 2926 2898 1384
0b001001 0b001101 10197 100 131072 3311095 62623 11294 5728
0b001501 0b001601 10176 100 131072 3368436 5627 2898 5733
0b001501 0b001601 10177 100 131072 3368446 5619 2898 5749
0b001d01 0b001e01 10178 100 131072 3374760 2876 2898 6509
0b000e01 0b000f01 10200 100 131072 3125007 253696 11294 926
0b000e01 0b000f01 10201 100 131072 3125891 252816 11294 1390
0b000301 0b000401 10208 100 131072 3367727 11205 11294 947
0b001601 0b001701 10188 100 131072 3377073 2876 2898 5750
0b001e01 0b001f01 10173 100 131072 3380646 2876 2898 6526
0b000101 0b000201 10208 100 131072 3373471 11205 11294 929
0b000e01 0b000f01 10202 100 131072 3144128 241623 11294 1406
0b000e01 0b000f01 10203 100 131072 3145012 240743 11294 1886
0b000e01 0b000f01 10204 100 131072 3148184 238103 11294 1902
0b000e01 0b000f01 10205 100 131072 3148188 238103 11294 942
0b000e01 0b000f01 10206 100 131072 3161744 226663 11294 1918
0b001f01 0b001801 10166 100 131072 3386532 2876 2898 6543
0b000f01 0b000001 10029 100 131072 3375545 15149 15234 479
0b000901 0b000201 10027 100 131072 3376004 15101 15174 1401
0b000e01 0b000f01 10207 100 131072 3194765 197342 11294 958
0b000e01 0b000f01 10208 100 131072 3202165 190650 11294 1422
0b000e01 0b000f01 10209 100 131072 3202253 190566 11294 1438
0b001001 0b001101 10198 100 131072 3330789 62561 11294 6656
0b001001 0b001101 10199 100 131072 3334057 61145 11294 6192
0b001801 0b001901 10164 100 131072 3392418 2876 2898 6552
0b001301 0b001401 10154 100 131072 3370968 24530 11234 6483
0b001301 0b001401 10155 100 131072 3370972 24530 11234 6963
0b001001 0b001101 10200 100 131072 3345253 53825 11294 5744
0b000f01 0b000801 10197 100 131072 3340119 60840 11234 2383
0b000f01 0b000801 10198 100 131072 3340129 60834 11234 2399
0b001001 0b001101 10201 100 131072 3359473 41633 11294 7648
0b001901 0b001a01 10169 100 131072 3398304 2876 2898 6569
0b001401 0b001501 10167 100 131072 3398512 2876 2898 6980
0b000201 0b000301 10207 100 131072 3387686 15825 11294 946
0b001401 0b001d01 10016 100 131072 3398508 6820 6838 6500
0b000801 0b000901 10203 100 131072 3403969 2915 2898 2392
0b001a01 0b001b01 10174 100 131072 3404190 2876 2898 6586
0b001201 0b001b01 10027 100 131072 3372617 34734 15174 5714
0b000f01 0b000801 10199 100 131072 3343119 65250 11234 1871
0b001201 0b001b01 10028 100 131072 3373409 35463 15174 5730
0b001201 0b001b01 10029 100 131072 3375191 34530 15174 5746
0b000201 0b000301 10208 100 131072 3394115 15789 11294 1410
0b001501 0b001e01 10017 100 131072 3404398 6820 6838 6997
0b001d01 0b001e01 10179 100 131072 3408338 2876 2898 6525
0b000801 0b000901 10204 100 131072 3411379 2909 2898 1880
0b001b01 0b001c01 10184 100 131072 3410076 7076 2898 6603
0b001b01 0b001c01 10185 100 131072 3410361 7339 2898 5739
0b001b01 0b001c01 10186 100 131072 3411882 6576 2898 5755
0b001e01 0b001f01 10175 100 131072 3414224 5627 2898 6542
0b001e01 0b001f01 10174 100 131072 3414228 5625 2898 7022
0b000901 0b000a01 10208 100 131072 3417298 2876 2898 1897
0b001c01 0b001d01 10182 100 131072 3420740 2876 2898 5756
0b000301 0b000401 10209 100 131072 3412914 11205 11294 1427
0b001c01 0b001501 10023 100 131072 3420192 6820 6838 6620
0b001f01 0b001801 10167 100 131072 3422861 5627 2898 6559
0b001f01 0b001801 10168 100 131072 3422863 5627 2898 7039
0b001501 0b001601 10178 100 131072 3430022 2876 2898 6629
0b001801 0b001901 10165 100 131072 3431498 5627 2898 6568
0b001801 0b001901 10166 100 131072 3431500 5627 2898 7048
0b000a01 0b000301 10029 100 131072 3423184 15083 15174 1914
0b001601 0b001701 10189 100 131072 3435908 2876 2898 6646
0b001901 0b001a01 10170 100 131072 3440135 5627 2898 6585
0b001901 0b001a01 10171 100 131072 3440137 5627 2898 7065
0b001701 0b001001 10198 100 131072 3441794 11139 11234 6663
0b001a01 0b001b01 10175 100 131072 3448772 5627 2898 6602
0b001a01 0b001b01 10176 100 131072 3448774 5627 2898 7082
0b000f01 0b000801 10200 100 131072 3364168 92930 11234 1391
0b001b01 0b001c01 10187 100 131072 3457409 5627 2898 6619
0b001b01 0b001c01 10188 100 131072 3457411 5627 2898 7099
0b000801 0b000901 10205 100 131072 3460108 2909 2898 1400
0b001101 0b001201 10194 100 131072 3346315 117142 11294 7585
0b001101 0b001201 10195 100 131072 3346559 117954 11294 7601
0b001201 0b001301 10135 100 131072 2926027 538573 11294 5986
0b001201 0b001301 10136 100 131072 2926067 538537 11294 6002
0b001201 0b001301 10137 100 131072 2926097 538511 11294 6018
0b001201 0b001301 10138 100 131072 2926101 538511 11294 6962
0b001201 0b001301 10139 100 131072 2926119 538497 11294 6482
0b001101 0b001201 10196 100 131072 3347167 118230 11294 7137
0b001101 0b001201 10197 100 131072 3347177 118224 11294 7153
0b001101 0b001201 10198 100 131072 3347607 117798 11294 7169
0b001001 0b001101 10202 100 131072 3455943 11760 11294 6672
0b001c01 0b001d01 10183 100 131072 3466078 2876 2898 7116
0b001c01 0b001501 10024 100 131072 3466076 6820 6838 6636
0b001d01 0b001601 10025 100 131072 3471964 6820 6838 7133
0b001501 0b001601 10179 100 131072 3475906 2876 2898 6645
0b000901 0b000201 10028 100 131072 3466027 15083 15174 1417
0b000f01 0b000801 10201 100 131072 3375537 105762 11234 1887
0b000f01 0b000801 10202 100 131072 3375541 105762 11234 927
0b001101 0b001201 10199 100 131072 3372237 114702 11294 7617
0b000801 0b000901 10206 100 131072 3484309 2915 2898 1896
0b001601 0b001701 10191 100 131072 3481792 5627 2898 6662
0b001601 0b001701 10190 100 131072 3481794 5627 2898 7142
0b001201 0b001301 10140 100 131072 2931737 555851 11294 7442
0b001201 0b001301 10141 100 131072 2931745 555931 11294 4130
0b001201 0b001301 10142 100 131072 2931755 555925 11294 4146
0b001201 0b001301 10143 100 131072 2931765 555919 11294 4162
0b000f01 0b000801 10203 100 131072 3381713 106072 11234 943
0b000f01 0b000801 10204 100 131072 3381717 106072 11234 1407
0b001101 0b001201 10200 100 131072 3374071 114804 11294 7633
0b001101 0b001201 10201 100 131072 3374081 114798 11294 7649
0b001101 0b001201 10202 100 131072 3376728 113915 11294 5745
0b001301 0b001401 10156 100 131072 3467622 23546 11234 6979
0b001301 0b001401 10157 100 131072 3467626 23630 11234 6499
0b000f01 0b000801 10205 100 131072 3388761 103244 11234 1423
0b000f01 0b000801 10206 100 131072 3388765 103259 11234 1903
0b000f01 0b000801 10207 100 131072 3389297 102986 11234 1919
0b000f01 0b000801 10208 100 131072 3389301 102986 11234 959
0b000f01 0b000801 10209 100 131072 3395825 96988 11234 1439
0b000901 0b000a01 10209 100 131072 3490234 3075 2898 1913
0b000801 0b000901 10207 100 131072 3490799 2984 2898 1416
0b000201 0b000301 10209 100 131072 3484120 11205 11294 1426
0b001401 0b001501 10168 100 131072 3494178 2908 2898 6996
0b001101 0b001201 10203 100 131072 3396360 103087 11294 6673
0b000801 0b000101 10028 100 131072 3484313 15099 15174 936
0b001101 0b001201 10204 100 131072 3398212 101767 11294 6209
0b000801 0b000901 10208 100 131072 3495015 5627 2898 1432
0b000801 0b000901 10209 100 131072 3495034 5610 2898 1912
0b001101 0b001201 10205 100 131072 3404116 96857 11294 7665
0b001401 0b001d01 10017 100 131072 3494266 6852 6838 6516
0b001301 0b001c01 10015 100 131072 3467610 37086 15174 6003
0b001301 0b001c01 10016 100 131072 3467620 37080 15174 6019
0b001301 0b001c01 10017 100 131072 3467660 37044 15174 6035
0b001201 0b001301 10144 100 131072 2936953 567913 11294 4770
0b001201 0b001301 10145 100 131072 2936963 567907 11294 4786
0b001501 0b001e01 10018 100 131072 3500096 6820 6838 7013
0b001d01 0b001e01 10180 100 131072 3504128 2876 2898 6541
0b001101 0b001201 10206 100 131072 3470713 36600 11294 6689
0b000801 0b000101 10029 100 131072 3490795 19614 15174 952
0b000901 0b000201 10029 100 131072 3496793 15083 15174 1433
0b001701 0b001001 10199 100 131072 3490429 22143 11234 6679
0b001701 0b001001 10200 100 131072 3490431 22150 11234 7159
0b000101 0b000201 10209 100 131072 3502422 11205 11294 945
0b001e01 0b001f01 10176 100 131072 3509926 5543 2898 7038
0b001e01 0b001f01 10177 100 131072 3510014 5541 2898 6558
0b001c01 0b001d01 10184 100 131072 3507706 8378 2898 6028
0b001c01 0b001d01 10185 100 131072 3507716 8370 2898 6044
0b001c01 0b001d01 10186 100 131072 3507726 8362 2898 6060
0b001f01 0b001801 10169 100 131072 3518479 5543 2898 7055
0b001f01 0b001801 10170 100 131072 3518565 5543 2898 6575
0b001d01 0b001e01 10181 100 131072 3519094 8378 2898 6045
0b001d01 0b001e01 10182 100 131072 3519104 8370 2898 6061
0b001d01 0b001e01 10183 100 131072 3519114 8362 2898 6077
0b001201 0b001301 10146 100 131072 2946854 581936 11294 4178
0b001201 0b001301 10147 100 131072 2946858 581936 11294 6498
0b001201 0b001301 10148 100 131072 2946862 581936 11294 6978
0b001201 0b001301 10149 100 131072 2946866 581936 11294 7458
0b001201 0b001301 10150 100 131072 2946870 581936 11294 6034
0b001801 0b001901 10167 100 131072 3527032 5543 2898 7064
0b001801 0b001901 10168 100 131072 3527118 5543 2898 6584
0b001001 0b001101 10203 100 131072 3515582 22209 11294 6688
0b001001 0b001101 10204 100 131072 3515591 22209 11294 7168
0b001e01 0b001f01 10178 100 131072 3530482 8378 2898 6062
0b001e01 0b001f01 10179 100 131072 3530492 8370 2898 6078
0b001e01 0b001f01 10180 100 131072 3530502 8362 2898 6094
0b001901 0b001a01 10172 100 131072 3535585 5543 2898 7081
0b001901 0b001a01 10173 100 131072 3535671 5543 2898 6601
0b001301 0b001c01 10018 100 131072 3531816 15078 15174 6051
0b001201 0b001301 10151 100 131072 2954794 595105 11294 6514
0b001a01 0b001b01 10177 100 131072 3544138 5543 2898 7098
0b001a01 0b001b01 10178 100 131072 3544224 5543 2898 6618
0b001201 0b001301 10152 100 131072 2954798 595189 11294 6994
0b001201 0b001301 10153 100 131072 2954802 595189 11294 7474
0b001f01 0b001801 10171 100 131072 3541870 8378 2898 6079
0b001f01 0b001801 10172 100 131072 3541880 8370 2898 6095
0b001f01 0b001801 10173 100 131072 3541890 8362 2898 6111
0b001c01 0b001d01 10187 100 131072 3549904 2881 2898 6076
0b001301 0b001401 10158 100 131072 3490598 65991 11234 7459
0b001301 0b001401 10159 100 131072 3490686 65907 11234 4147
0b001301 0b001401 10160 100 131072 3490696 65901 11234 4163
0b001301 0b001401 10161 100 131072 3490706 65895 11234 4179
0b001b01 0b001c01 10189 100 131072 3552691 5545 2898 7115
0b001b01 0b001c01 10190 100 131072 3552777 5545 2898 6635
0b001d01 0b001e01 10184 100 131072 3555795 2876 2898 6093
0b001801 0b001901 10169 100 131072 3553258 8378 2898 6088
0b001801 0b001901 10170 100 131072 3553268 8370 2898 6104
0b001801 0b001901 10171 100 131072 3553278 8362 2898 6120
0b001101 0b001201 10207 100 131072 3540801 23244 11294 6705
0b001101 0b001201 10208 100 131072 3540810 23239 11294 7185
0b001c01 0b001d01 10188 100 131072 3561246 2876 2898 7132
0b001e01 0b001f01 10181 100 131072 3561681 2876 2898 6110
0b001c01 0b001501 10025 100 131072 3561332 6820 6838 6652
0b001f01 0b001801 10174 100 131072 3567567 2876 2898 6127
0b001401 0b001501 10169 100 131072 3559599 11255 2898 7476
0b001401 0b001501 10170 100 131072 3559603 11253 2898 4164
0b001401 0b001501 10171 100 131072 3559613 11245 2898 4180
0b001401 0b001501 10172 100 131072 3559623 11237 2898 4196
0b001901 0b001a01 10174 100 131072 3564646 8378 2898 6105
0b001901 0b001a01 10175 100 131072 3564656 8370 2898 6121
0b001901 0b001a01 10176 100 131072 3564666 8362 2898 6137
0b001d01 0b001601 10026 100 131072 3567132 6820 6838 7149
0b001501 0b001601 10180 100 131072 3571162 3128 2898 6661
0b001801 0b001901 10172 100 131072 3573453 2876 2898 6136
0b001901 0b001a01 10177 100 131072 3579339 3010 2898 6153
0b001601 0b001701 10192 100 131072 3576962 5819 2898 7158
0b001601 0b001701 10193 100 131072 3577300 5833 2898 6678
0b001a01 0b001b01 10179 100 131072 3576034 8510 2898 6122
0b001a01 0b001b01 10180 100 131072 3576044 8502 2898 6138
0b001a01 0b001b01 10181 100 131072 3576054 8494 2898 6154
0b001501 0b001601 10181 100 131072 3573864 11444 2898 7493
0b001501 0b001601 10182 100 131072 3573866 11444 2898 4181
0b001501 0b001601 10183 100 131072 3573876 11436 2898 4197
0b001501 0b001601 10184 100 131072 3573886 11428 2898 4213
0b001a01 0b001b01 10182 100 131072 3585359 2876 2898 6170
0b001201 0b001301 10154 100 131072 2976982 611993 11294 4194
0b001301 0b001401 10162 100 131072 3507876 83706 11234 4787
0b001601 0b001f01 10019 100 131072 3588318 6820 6838 7510
0b001601 0b001701 10194 100 131072 3588320 8476 2898 4198
0b001601 0b001701 10195 100 131072 3588330 8468 2898 4214
0b001601 0b001701 10196 100 131072 3588340 8460 2898 4230
0b001f01 0b001801 10175 100 131072 3598148 2876 2898 7535
0b001b01 0b001401 10023 100 131072 3587554 13855 6838 6139
0b001b01 0b001401 10024 100 131072 3587564 13847 6838 6155
0b001b01 0b001401 10025 100 131072 3587574 13839 6838 6171
0b001b01 0b001401 10026 100 131072 3591245 11388 6838 6187
0b001201 0b001301 10155 100 131072 2984202 619213 11294 4210
0b001201 0b001301 10156 100 131072 2984212 619291 11294 4226
0b001201 0b001301 10157 100 131072 2984222 619285 11294 4242
0b001701 0b001001 10201 100 131072 3585791 20799 11234 7175
0b001801 0b001901 10173 100 131072 3604034 2876 2898 7544
0b001701 0b001001 10202 100 131072 3586143 21800 11234 6695
0b001701 0b001801 10023 100 131072 3599806 12322 6838 4215
0b001701 0b001801 10024 100 131072 3599816 12314 6838 4231
0b001701 0b001801 10025 100 131072 3599826 12306 6838 4247
0b001901 0b001a01 10178 100 131072 3609920 2876 2898 7561
0b001401 0b001501 10173 100 131072 3604419 10851 2898 6148
0b001401 0b001501 10174 100 131072 3604429 10843 2898 6164
0b001401 0b001501 10175 100 131072 3604439 10835 2898 6180
0b001401 0b001501 10176 100 131072 3605643 10037 2898 6196
0b001a01 0b001b01 10183 100 131072 3615806 2876 2898 7578
0b001801 0b001901 10174 100 131072 3615138 8378 2898 4232
0b001801 0b001901 10175 100 131072 3615148 8370 2898 4248
0b001801 0b001901 10176 100 131072 3615158 8362 2898 4264
0b001b01 0b001c01 10191 100 131072 3621692 2876 2898 7595
0b001201 0b001301 10158 100 131072 2997858 628449 11294 6050
0b001501 0b001601 10185 100 131072 3618280 11003 2898 6165
0b001501 0b001601 10186 100 131072 3618290 10995 2898 6181
0b001501 0b001601 10187 100 131072 3618300 10987 2898 6197
0b001501 0b001601 10188 100 131072 3618690 10725 2898 6213
0b001001 0b001101 10205 100 131072 3609600 20865 11294 7184
0b001c01 0b001d01 10189 100 131072 3627578 2876 2898 7612
0b001001 0b001101 10206 100 131072 3610953 20865 11294 6704
0b001901 0b001a01 10179 100 131072 3626526 8378 2898 4249
0b001901 0b001a01 10180 100 131072 3626536 8370 2898 4265
0b001901 0b001a01 10181 100 131072 3626546 8362 2898 4281
0b001d01 0b001e01 10185 100 131072 3633464 2876 2898 7629
0b001301 0b001401 10163 100 131072 3531800 107070 11234 4195
0b001301 0b001401 10164 100 131072 3531804 107070 11234 6515
0b001301 0b001401 10165 100 131072 3531808 107070 11234 6995
0b001301 0b001401 10166 100 131072 3531812 107070 11234 7475
0b001601 0b001701 10197 100 131072 3632293 11087 2898 6182
0b001601 0b001701 10198 100 131072 3632303 11079 2898 6198
0b001601 0b001701 10199 100 131072 3632313 11071 2898 6214
0b001601 0b001701 10200 100 131072 3632425 11003 2898 6230
0b001301 0b001c01 10019 100 131072 3629317 15086 15174 6067
0b001e01 0b001701 10027 100 131072 3639350 6820 6838 7646
0b001a01 0b001b01 10184 100 131072 3637914 8378 2898 4266
0b001a01 0b001b01 10185 100 131072 3637924 8370 2898 4282
0b001a01 0b001b01 10186 100 131072 3637934 8362 2898 4298
0b001201 0b001301 10159 100 131072 3014200 634503 11294 6530
0b001201 0b001301 10160 100 131072 3014204 634503 11294 7010
0b001201 0b001301 10161 100 131072 3014208 634503 11294 7490
0b001401 0b001d01 10018 100 131072 3641884 6827 6838 6532
0b001c01 0b001d01 10190 100 131072 3647413 2971 2898 6092
0b001401 0b001501 10177 100 131072 3641880 8472 2898 4212
0b001401 0b001501 10178 100 131072 3641888 8466 2898 7012
0b001401 0b001501 10179 100 131072 3641892 8464 2898 7492
0b001d01 0b001e01 10186 100 131072 3651721 3968 2898 6557
0b001301 0b001401 10167 100 131072 3552909 103392 11234 6531
0b001301 0b001401 10168 100 131072 3552997 103308 11234 7011
0b001301 0b001401 10169 100 131072 3553001 103392 11234 7491
0b001d01 0b001e01 10187 100 131072 3653394 3956 2898 6109
0b001b01 0b001c01 10192 100 131072 3649302 8423 2898 4283
0b001b01 0b001c01 10193 100 131072 3649312 8415 2898 4299
0b001b01 0b001c01 10194 100 131072 3649322 8407 2898 4315
0b001501 0b001601 10189 100 131072 3653362 5627 2898 4229
0b001501 0b001601 10190 100 131072 3653366 5625 2898 7509
0b001501 0b001e01 10019 100 131072 3653364 6820 6838 7029
0b001e01 0b001f01 10182 100 131072 3658699 3968 2898 6574
0b001601 0b001701 10201 100 131072 3661999 2908 2898 4246
0b001401 0b001501 10180 100 131072 3659315 5605 2898 7028
0b001401 0b001501 10181 100 131072 3659403 5604 2898 7508
0b001e01 0b001f01 10183 100 131072 3660360 4997 2898 6126
0b001401 0b001d01 10019 100 131072 3659311 6820 6838 6548
0b001c01 0b001d01 10191 100 131072 3660735 5627 2898 4300
0b001c01 0b001d01 10192 100 131072 3660745 5619 2898 4316
0b001e01 0b001f01 10184 100 131072 3663194 3944 2898 7054
0b001f01 0b001801 10176 100 131072 3665677 3089 2898 6591
0b001601 0b001f01 10020 100 131072 3662001 6820 6838 7526
0b001501 0b001601 10191 100 131072 3668017 2876 2898 7525
0b001f01 0b001801 10177 100 131072 3668367 4430 2898 6143
0b001701 0b001801 10026 100 131072 3667917 6820 6838 4263
0b001d01 0b001e01 10188 100 131072 3669141 5417 2898 6573
0b001501 0b001e01 10020 100 131072 3667930 6820 6838 7045
0b001d01 0b001e01 10189 100 131072 3669372 5398 2898 4317
0b001801 0b001901 10177 100 131072 3671776 3141 2898 6600
0b001f01 0b001801 10178 100 131072 3670148 6041 2898 7071
0b001f01 0b001801 10179 100 131072 3671831 5218 2898 7551
0b001801 0b001901 10178 100 131072 3675807 4065 2898 6152
0b001601 0b001f01 10021 100 131072 3673903 6820 6838 7542
0b001901 0b001a01 10182 100 131072 3677927 3140 2898 6617
0b001201 0b001301 10162 100 131072 3040650 641884 11294 6066
0b001e01 0b001f01 10185 100 131072 3677568 5438 2898 6590
0b001e01 0b001f01 10186 100 131072 3677760 5437 2898 7070
0b001801 0b001901 10179 100 131072 3677747 7792 2898 4280
0b001901 0b001a01 10183 100 131072 3682882 3212 2898 6169
0b001701 0b001001 10203 100 131072 3646390 40455 11234 6199
0b001701 0b001001 10204 100 131072 3646400 40454 11234 6215
0b001701 0b001001 10205 100 131072 3646410 40453 11234 6231
0b001a01 0b001b01 10187 100 131072 3684077 2957 2898 6634
0b001801 0b001901 10180 100 131072 3679199 7858 2898 7080
0b001801 0b001901 10181 100 131072 3680059 7373 2898 7560
0b001f01 0b001801 10180 100 131072 3683733 3921 2898 7567
0b001701 0b001001 10206 100 131072 3649180 41434 11234 7655
0b001301 0b001401 10170 100 131072 3591985 99285 11234 4211
0b001a01 0b001b01 10188 100 131072 3689104 3092 2898 6186
0b001f01 0b001801 10181 100 131072 3686016 6241 2898 6607
0b001f01 0b001801 10182 100 131072 3686207 6139 2898 7087
0b001b01 0b001c01 10195 100 131072 3690044 2969 2898 6651
0b001801 0b001901 10182 100 131072 3690664 3024 2898 7576
0b001901 0b001a01 10184 100 131072 3688549 5297 2898 4297
0b001401 0b001501 10182 100 131072 3694280 2917 2898 4228
0b001901 0b001a01 10185 100 131072 3690067 7028 2898 7097
0b001901 0b001a01 10186 100 131072 3690442 7071 2898 7577
0b001a01 0b001b01 10189 100 131072 3696856 3026 2898 4314
0b001901 0b001a01 10187 100 131072 3696698 3560 2898 7593
0b001801 0b001901 10183 100 131072 3695267 5759 2898 6616
0b001801 0b001901 10184 100 131072 3695356 5756 2898 7096
0b001301 0b001c01 10020 100 131072 3685544 16091 15174 6083
0b001b01 0b001401 10027 100 131072 3695206 7202 6838 6203
0b001301 0b001401 10171 100 131072 3606425 95913 11234 4227
0b001301 0b001401 10172 100 131072 3606513 95829 11234 4243
0b001301 0b001401 10173 100 131072 3606523 95823 11234 4259
0b001501 0b001601 10192 100 131072 3700207 2876 2898 4245
0b001c01 0b001501 10026 100 131072 3696023 7600 6838 6668
0b001a01 0b001b01 10190 100 131072 3700105 6440 2898 7114
0b001a01 0b001b01 10191 100 131072 3700523 6880 2898 7594
0b001c01 0b001d01 10193 100 131072 3704645 2876 2898 6108
0b001a01 0b001b01 10192 100 131072 3703268 5650 2898 7610
0b001601 0b001701 10202 100 131072 3706093 2988 2898 4262
0b001501 0b001601 10193 100 131072 3706633 3113 2898 6677
0b001901 0b001a01 10188 100 131072 3704036 5755 2898 6633
0b001901 0b001a01 10189 100 131072 3704122 5755 2898 7113
0b001d01 0b001e01 10190 100 131072 3710531 2876 2898 6125
0b001601 0b001701 10203 100 131072 3712756 2876 2898 6694
0b001b01 0b001c01 10196 100 131072 3709555 6194 2898 7131
0b001401 0b001501 10184 100 131072 3705348 11256 2898 4244
0b001401 0b001501 10185 100 131072 3705358 11248 2898 4260
0b001401 0b001501 10186 100 131072 3705368 11240 2898 4276
0b001401 0b001501 10183 100 131072 3705418 11213 2898 6212
0b001b01 0b001c01 10197 100 131072 3710413 7181 2898 7611
0b001301 0b001401 10174 100 131072 3651713 66621 11234 6547
0b001301 0b001401 10175 100 131072 3651717 66621 11234 7027
0b001301 0b001401 10176 100 131072 3651721 66621 11234 7507
0b001b01 0b001c01 10198 100 131072 3711928 6501 2898 7627
0b001a01 0b001b01 10193 100 131072 3712801 5787 2898 6650
0b001a01 0b001b01 10194 100 131072 3712887 5787 2898 7130
0b001701 0b001801 10027 100 131072 3712091 6820 6838 4279
0b001e01 0b001f01 10187 100 131072 3716417 2876 2898 6142
0b001201 0b001301 10163 100 131072 3070308 649277 11294 6546
0b001201 0b001301 10164 100 131072 3070312 649282 11294 7026
0b001c01 0b001d01 10194 100 131072 3718759 4448 2898 7148
0b001801 0b001901 10185 100 131072 3721921 3111 2898 4296
0b001f01 0b001801 10183 100 131072 3722303 2993 2898 6159
0b001c01 0b001d01 10195 100 131072 3720604 6600 2898 7628
0b001401 0b001501 10187 100 131072 3721348 5900 2898 7044
0b001401 0b001501 10188 100 131072 3721352 5897 2898 7524
0b001b01 0b001c01 10199 100 131072 3721598 5791 2898 6667
0b001c01 0b001d01 10196 100 131072 3721439 6000 2898 7644
0b001b01 0b001c01 10200 100 131072 3721684 5795 2898 7147
0b001401 0b001d01 10020 100 131072 3721344 7747 6838 6564
0b001001 0b001101 10207 100 131072 3689855 39654 11294 6208
0b001001 0b001101 10208 100 131072 3689865 39648 11294 6224
0b001701 0b001001 10207 100 131072 3718642 11271 11234 6711
0b001001 0b001101 10209 100 131072 3693624 36326 11294 7664
0b001201 0b001301 10165 100 131072 3079554 651391 11294 7506
0b001501 0b001601 10194 100 131072 3719614 11561 2898 4261
0b001901 0b001a01 10190 100 131072 3728042 3124 2898 4313
0b001501 0b001601 10195 100 131072 3719624 11553 2898 4277
0b001501 0b001601 10196 100 131072 3719634 11545 2898 4293
0b001501 0b001601 10197 100 131072 3719641 11540 2898 6229
0b001801 0b001901 10186 100 131072 3728306 2998 2898 6168
0b001c01 0b001d01 10197 100 131072 3730489 3016 2898 7164
0b001501 0b001601 10198 100 131072 3730259 3507 2898 7541
0b001d01 0b001601 10027 100 131072 3726217 7656 6838 7165
0b001901 0b001a01 10191 100 131072 3734314 2876 2898 6185
0b001d01 0b001e01 10191 100 131072 3730214 7271 2898 7645
0b001501 0b001e01 10021 100 131072 3730258 7553 6838 7061
0b001d01 0b001e01 10192 100 131072 3730449 7500 2898 7661
0b001c01 0b001501 10027 100 131072 3730399 7661 6838 6684
0b001d01 0b001e01 10193 100 131072 3732101 6627 2898 6589
0b001201 0b001301 10166 100 131072 3084367 654614 11294 7522
0b001201 0b001301 10167 100 131072 3089885 653052 11294 4258
0b001a01 0b001b01 10195 100 131072 3740200 2876 2898 6202
0b001601 0b001f01 10022 100 131072 3736776 6889 6838 7558
0b001501 0b001601 10199 100 131072 3741070 3000 2898 6693
0b001d01 0b001601 10028 100 131072 3736515 7677 6838 7181
0b001101 0b001201 10209 100 131072 3732519 11719 11294 6225
0b001601 0b001701 10204 100 131072 3734185 10379 2898 4278
0b001601 0b001701 10205 100 131072 3734195 10371 2898 4294
0b001601 0b001701 10206 100 131072 3734205 10363 2898 4310
0b001601 0b001701 10207 100 131072 3736883 8569 2898 7174
0b001e01 0b001f01 10188 100 131072 3740821 4724 2898 7086
0b001201 0b001301 10168 100 131072 3092617 653564 11294 4274
0b001201 0b001301 10169 100 131072 3092627 653558 11294 4290
0b001e01 0b001f01 10189 100 131072 3741738 4712 2898 6606
0b001201 0b001301 10170 100 131072 3097821 651888 11294 6082
0b001e01 0b001701 10028 100 131072 3740495 9257 6838 7662
0b001e01 0b001701 10029 100 131072 3740959 9257 6838 7678
0b001f01 0b001801 10184 100 131072 3746675 4199 2898 7583
0b001601 0b001701 10208 100 131072 3747080 5568 2898 6710
0b001601 0b001701 10209 100 131072 3747202 5555 2898 7190
0b001201 0b001301 10171 100 131072 3100293 652852 11294 4306
0b001201 0b001301 10172 100 131072 3100301 652932 11294 7538
0b001b01 0b001401 10028 100 131072 3746086 7549 6838 6219
0b001f01 0b001801 10185 100 131072 3748555 6086 2898 7103
0b001f01 0b001801 10186 100 131072 3749460 5644 2898 6623
0b001201 0b001301 10173 100 131072 3105041 651452 11294 6562
0b001201 0b001301 10174 100 131072 3105129 651368 11294 6098
0b001801 0b001901 10187 100 131072 3753884 2932 2898 7592
0b001701 0b001801 10028 100 131072 3747574 9602 6838 4295
0b001701 0b001801 10029 100 131072 3747584 9594 6838 4311
0b001401 0b001501 10189 100 131072 3756645 2907 2898 6228
0b001201 0b001301 10175 100 131072 3107329 652252 11294 7042
0b001201 0b001301 10176 100 131072 3107339 652246 11294 7058
0b001701 0b001001 10208 100 131072 3748462 11139 11234 7191
0b001901 0b001a01 10192 100 131072 3759826 3152 2898 7609
0b001801 0b001901 10188 100 131072 3757651 6557 2898 7112
0b001801 0b001901 10189 100 131072 3758114 7020 2898 6632
0b001201 0b001301 10177 100 131072 3118625 646706 11294 7554
0b001201 0b001301 10178 100 131072 3118629 646706 11294 7074
0b001201 0b001301 10179 100 131072 3118717 646622 11294 6114
0b001801 0b001901 10190 100 131072 3760186 5979 2898 4312
0b001201 0b001301 10180 100 131072 3120393 647590 11294 6578
0b001201 0b001301 10181 100 131072 3120403 647668 11294 6594
0b001a01 0b001b01 10196 100 131072 3765988 3036 2898 7626
0b001201 0b001301 10182 100 131072 3129029 641510 11294 6130
0b001701 0b001001 10209 100 131072 3752762 17852 11234 7671
0b001301 0b001401 10177 100 131072 3722595 48427 11234 6563
0b001301 0b001401 10178 100 131072 3722604 48422 11234 7043
0b001301 0b001c01 10021 100 131072 3752719 19362 15174 6099
0b001901 0b001a01 10193 100 131072 3767218 4779 2898 7129
0b001901 0b001a01 10194 100 131072 3768144 4779 2898 6649
0b001b01 0b001c01 10201 100 131072 3772034 2876 2898 7643
0b001401 0b001501 10190 100 131072 3774036 2907 2898 7060
0b001c01 0b001d01 10198 100 131072 3775091 2876 2898 6124
0b001a01 0b001b01 10197 100 131072 3775007 4703 2898 7146
0b001a01 0b001b01 10198 100 131072 3775933 4703 2898 6666
0b001c01 0b001d01 10199 100 131072 3777920 2876 2898 7660
0b001401 0b001d01 10021 100 131072 3774032 7568 6838 6580
0b001201 0b001301 10183 100 131072 3151415 630924 11294 7570
0b001d01 0b001e01 10194 100 131072 3780977 2876 2898 6141
0b001201 0b001301 10184 100 131072 3160836 626083 11294 6610
0b001201 0b001301 10185 100 131072 3162072 624851 11294 6146
0b001501 0b001e01 10022 100 131072 3779953 7555 6838 7077
0b001b01 0b001c01 10202 100 131072 3782720 4703 2898 7163
0b001b01 0b001c01 10203 100 131072 3783646 4703 2898 6683
0b001d01 0b001e01 10195 100 131072 3783806 4913 2898 7677
0b001301 0b001c01 10022 100 131072 3759507 29635 15174 6115
0b001d01 0b001e01 10196 100 131072 3784610 4946 2898 6605
0b001e01 0b001f01 10190 100 131072 3786863 2998 2898 6158
0b001e01 0b001f01 10191 100 131072 3790518 3638 2898 7102
0b001c01 0b001d01 10200 100 131072 3790433 3926 2898 7180
0b001f01 0b001801 10187 100 131072 3792871 3144 2898 6175
0b001c01 0b001d01 10201 100 131072 3792152 3910 2898 6140
0b001e01 0b001f01 10192 100 131072 3792566 3713 2898 6622
0b001c01 0b001501 10028 100 131072 3791359 7580 6838 6700
0b001301 0b001c01 10023 100 131072 3768349 32076 15174 6131
0b001f01 0b001801 10188 100 131072 3797166 3583 2898 7119
0b001d01 0b001e01 10197 100 131072 3799072 2876 2898 6157
0b001801 0b001901 10191 100 131072 3799025 3155 2898 6184
0b001f01 0b001801 10189 100 131072 3799289 3638 2898 6639
0b001501 0b001601 10200 100 131072 3801949 2876 2898 6709
0b001d01 0b001601 10029 100 131072 3797369 7549 6838 7197
0b001301 0b001c01 10024 100 131072 3773549 32088 15174 6147
0b001201 0b001301 10186 100 131072 3205859 600076 11294 6626
0b001201 0b001301 10187 100 131072 3207799 598140 11294 7090
0b001c01 0b001d01 10202 100 131072 3803435 2876 2898 6156
0b001801 0b001901 10192 100 131072 3803759 3552 2898 7128
0b001e01 0b001f01 10193 100 131072 3804958 2876 2898 6174
0b001901 0b001a01 10195 100 131072 3805190 3142 2898 6201
0b001801 0b001901 10193 100 131072 3805937 3583 2898 6648
0b001c01 0b001d01 10203 100 131072 3808647 2971 2898 6172
0b001201 0b001301 10188 100 131072 3221385 590366 11294 6162
0b001301 0b001c01 10025 100 131072 3789933 21920 15174 6163
0b001d01 0b001e01 10198 100 131072 3809321 2980 2898 6173
0b001f01 0b001801 10190 100 131072 3810844 2876 2898 6191
0b001901 0b001a01 10196 100 131072 3810321 3537 2898 7145
0b001a01 0b001b01 10199 100 131072 3811342 3153 2898 6218
0b001901 0b001a01 10197 100 131072 3812530 3552 2898 6665
0b001d01 0b001e01 10199 100 131072 3814628 3139 2898 6189
0b001c01 0b001d01 10204 100 131072 3814863 3000 2898 6188
0b001e01 0b001f01 10194 100 131072 3815311 2980 2898 6190
0b001201 0b001301 10189 100 131072 3242440 576707 11294 7106
0b001201 0b001301 10190 100 131072 3242444 576707 11294 6642
0b001201 0b001301 10191 100 131072 3242448 576707 11294 6178
0b001201 0b001301 10192 100 131072 3245569 573590 11294 7586
0b001801 0b001901 10194 100 131072 3816730 2876 2898 6200
0b001a01 0b001b01 10200 100 131072 3816868 3422 2898 7162
0b001201 0b001301 10193 100 131072 3248829 571830 11294 7122
0b001201 0b001301 10194 100 131072 3249361 571302 11294 6194
0b001201 0b001301 10195 100 131072 3250245 570422 11294 6210
0b001a01 0b001b01 10201 100 131072 3819092 3405 2898 6682
0b001e01 0b001f01 10195 100 131072 3820777 3050 2898 6206
0b001d01 0b001e01 10200 100 131072 3820873 3000 2898 6205
0b001201 0b001301 10196 100 131072 3264517 559850 11294 6658
0b001f01 0b001801 10191 100 131072 3821301 2988 2898 6207
0b001201 0b001301 10197 100 131072 3269981 555534 11294 7138
0b001901 0b001a01 10198 100 131072 3822616 2876 2898 6217
0b001b01 0b001401 10029 100 131072 3817505 8234 6838 6235
0b001b01 0b001c01 10204 100 131072 3823300 3422 2898 7179
0b001b01 0b001c01 10205 100 131072 3825507 3462 2898 6699
0b001f01 0b001801 10192 100 131072 3826837 3002 2898 6223
0b001e01 0b001f01 10196 100 131072 3826883 3000 2898 6222
0b001801 0b001901 10195 100 131072 3827299 2990 2898 6216
0b001a01 0b001b01 10202 100 131072 3828502 2894 2898 6234
0b001c01 0b001d01 10205 100 131072 3829732 2876 2898 7196
0b001801 0b001901 10196 100 131072 3832849 3010 2898 6232
0b001f01 0b001801 10193 100 131072 3832893 2999 2898 6239
0b001901 0b001a01 10199 100 131072 3833299 2991 2898 6233
0b001301 0b001c01 10026 100 131072 3814761 24402 15174 6179
0b001c01 0b001501 10029 100 131072 3831979 7620 6838 6716
0b001201 0b001301 10198 100 131072 3374047 470480 11294 6674
0b001c01 0b001d01 10206 100 131072 3842173 2876 2898 6204
0b001d01 0b001e01 10201 100 131072 3848059 2876 2898 6221
0b001e01 0b001f01 10197 100 131072 3853945 2876 2898 6238
0b000c01 0b000501 10030 100 2097152 3677522 181139 180699 10092
0b001201 0b001301 10199 100 131072 3466467 393477 11294 7602
0b001201 0b001301 10200 100 131072 3467523 393305 11294 7618
0b001201 0b001301 10201 100 131072 3468407 392425 11294 7154
0b001201 0b001301 10202 100 131072 3468417 392503 11294 7170
0b001201 0b001301 10203 100 131072 3468427 392497 11294 7186
0b001301 0b001c01 10027 100 131072 3822165 39183 15174 6195
0b001301 0b001401 10179 100 131072 3733955 128600 11234 7523
0b001301 0b001c01 10028 100 131072 3823673 39196 15174 6211
0b001301 0b001c01 10029 100 131072 3823683 39190 15174 6227
0b001201 0b001301 10204 100 131072 3489949 373091 11294 7634
0b001201 0b001301 10205 100 131072 3491885 371159 11294 7650
0b001201 0b001301 10206 100 131072 3491895 371153 11294 7666
0b001201 0b001301 10207 100 131072 3502457 361123 11294 6690
0b001201 0b001301 10208 100 131072 3502989 360595 11294 6226
0b001201 0b001301 10209 100 131072 3510323 353353 11294 6706
0b001401 0b001501 10191 100 131072 3865565 2918 2898 7540
0b001c01 0b001d01 10207 100 131072 3864358 4115 2898 6220
0b001c01 0b001d01 10208 100 131072 3865879 4108 2898 6236
0b001d01 0b001e01 10202 100 131072 3871483 2876 2898 6237
0b001501 0b001601 10201 100 131072 3871493 2876 2898 7557
0b000d01 0b000601 10030 100 2097152 3698095 181797 180699 10573
0b001601 0b001f01 10023 100 131072 3877379 8231 6838 7574
0b001f01 0b001801 10194 100 131072 3888620 2876 2898 7599
0b001801 0b001901 10197 100 131072 3894506 2876 2898 7608
0b001901 0b001a01 10200 100 131072 3900392 2876 2898 7625
0b001a01 0b001b01 10203 100 131072 3906278 2876 2898 7642
0b001b01 0b001c01 10206 100 131072 3912164 2876 2898 7659
0b001301 0b001401 10180 100 131072 3741991 179133 11234 7539
0b001c01 0b001d01 10209 100 131072 3918050 2876 2898 7676
0b000b01 0b000401 10030 100 2097152 3741338 180234 180639 9611
0b001401 0b001501 10192 100 131072 3924134 2909 2898 7556
0b001501 0b001601 10202 100 131072 3930053 2876 2898 7573
0b001601 0b001f01 10024 100 131072 3935939 8190 6838 7590
0b001301 0b001401 10181 100 131072 3745947 201982 11234 4275
0b001f01 0b001801 10195 100 131072 3947139 2876 2898 7615
0b000e01 0b000701 10030 100 2097152 3763497 189199 180699 11054
0b001401 0b001501 10193 100 131072 3950939 2909 2898 4292
0b001801 0b001901 10198 100 131072 3953025 2876 2898 7624
0b001501 0b001601 10203 100 131072 3956858 2876 2898 4309
0b001901 0b001a01 10201 100 131072 3958911 2876 2898 7641
0b001301 0b001401 10182 100 131072 3749191 215211 11234 4291
0b001301 0b001401 10183 100 131072 3749201 215205 11234 4307
0b001a01 0b001b01 10204 100 131072 3964797 2876 2898 7658
0b001401 0b001501 10194 100 131072 3967412 2915 2898 4308
0b001b01 0b001c01 10207 100 131072 3970683 2876 2898 7675
0b000701 0b000801 10030 100 2097152 3792353 187342 180639 7687
0b001301 0b001401 10184 100 131072 3756243 234385 11234 7555
0b001401 0b001501 10195 100 131072 3993638 2909 2898 7572
0b001301 0b001401 10185 100 131072 3759503 239534 11234 6579
0b001501 0b001601 10204 100 131072 3999557 2876 2898 7589
0b001301 0b001401 10186 100 131072 3762591 244519 11234 7059
0b001301 0b001401 10187 100 131072 3762601 244513 11234 7075
0b001401 0b001d01 10022 100 131072 4002047 7533 6838 6596
0b001601 0b001f01 10025 100 131072 4005443 7553 6838 7606
0b001d01 0b001e01 10203 100 131072 4012590 2876 2898 6621
0b001401 0b001501 10196 100 131072 4010120 5693 2898 7076
0b001401 0b001501 10197 100 131072 4010130 5685 2898 7092
0b001f01 0b001801 10196 100 131072 4016006 2915 2898 7631
0b001301 0b001401 10188 100 131072 3768341 251723 11234 7571
0b001301 0b001401 10189 100 131072 3768345 251723 11234 7091
0b001e01 0b001f01 10198 100 131072 4018476 2893 2898 6638
0b001801 0b001901 10199 100 131072 4021931 2915 2898 7640
0b001301 0b001401 10190 100 131072 3770993 254137 11234 6595
0b001301 0b001401 10191 100 131072 3771081 254053 11234 6611
0b001f01 0b001801 10197 100 131072 4024379 2894 2898 6655
0b001401 0b001501 10198 100 131072 4023074 5705 2898 7588
0b001401 0b001501 10199 100 131072 4023078 5702 2898 7108
0b001501 0b001e01 10023 100 131072 4018823 11042 6838 7093
0b001501 0b001e01 10024 100 131072 4018833 11033 6838 7109
0b001901 0b001a01 10202 100 131072 4027856 2916 2898 7657
0b001801 0b001901 10200 100 131072 4030283 2895 2898 6664
0b001501 0b001601 10205 100 131072 4031789 2876 2898 7605
0b001a01 0b001b01 10205 100 131072 4033782 2917 2898 7674
0b001e01 0b001f01 10199 100 131072 4032875 5627 2898 7118
0b001e01 0b001f01 10200 100 131072 4032885 5619 2898 7134
0b001901 0b001a01 10203 100 131072 4036188 2896 2898 6681
0b001401 0b001d01 10023 100 131072 4028140 11076 6838 6612
0b001401 0b001d01 10024 100 131072 4028150 11068 6838 6628
0b001501 0b001e01 10025 100 131072 4031790 7650 6838 7125
0b001301 0b001401 10192 100 131072 3785349 257935 11234 7587
0b001601 0b001f01 10026 100 131072 4037675 7067 6838 7622
0b001a01 0b001b01 10206 100 131072 4042094 2876 2898 6698
0b001e01 0b001f01 10201 100 131072 4042450 3171 2898 7150
0b001f01 0b001801 10198 100 131072 4041512 5759 2898 7135
0b001f01 0b001801 10199 100 131072 4041522 5751 2898 7151
0b000601 0b000f01 10030 100 2097152 3861414 186218 180699 11046
0b001d01 0b001e01 10204 100 131072 4042226 5759 2898 6637
0b001d01 0b001e01 10205 100 131072 4042236 5751 2898 6653
0b001301 0b001401 10193 100 131072 3789929 259080 11234 6627
0b001401 0b001501 10200 100 131072 4046294 2915 2898 7604
0b001b01 0b001c01 10208 100 131072 4047980 2876 2898 6715
0b001f01 0b001801 10200 100 131072 4047752 4961 2898 7647
0b001f01 0b001801 10201 100 131072 4048631 5027 2898 7167
0b001501 0b001601 10206 100 131072 4052219 2876 2898 7621
0b001801 0b001901 10201 100 131072 4050281 5879 2898 7144
0b001801 0b001901 10202 100 131072 4050291 5871 2898 7160
0b001e01 0b001f01 10202 100 131072 4050995 5741 2898 6654
0b001e01 0b001f01 10203 100 131072 4051005 5733 2898 6670
0b001401 0b001d01 10025 100 131072 4052019 7533 6838 6644
0b001801 0b001901 10203 100 131072 4055723 5258 2898 7656
0b001801 0b001901 10204 100 131072 4056668 5104 2898 7176
0b001601 0b001f01 10027 100 131072 4058105 6882 6838 7638
0b001d01 0b001e01 10206 100 131072 4062562 2876 2898 6669
0b001901 0b001a01 10204 100 131072 4059170 6287 2898 7161
0b001f01 0b001801 10202 100 131072 4059746 5713 2898 6671
0b001901 0b001a01 10205 100 131072 4059180 6279 2898 7177
0b001f01 0b001801 10203 100 131072 4059756 5705 2898 6687
0b001301 0b001401 10194 100 131072 3808945 258885 11234 6643
0b001301 0b001401 10195 100 131072 3808949 258885 11234 7107
0b001901 0b001a01 10206 100 131072 4063991 6266 2898 7673
0b001901 0b001a01 10207 100 131072 4064782 5761 2898 7193
0b001f01 0b001801 10204 100 131072 4067997 3113 2898 7663
0b001e01 0b001f01 10204 100 131072 4068448 2989 2898 6686
0b001401 0b001501 10201 100 131072 4070844 2911 2898 7124
0b001a01 0b001b01 10207 100 131072 4068467 5720 2898 7178
0b001a01 0b001b01 10208 100 131072 4068477 5712 2898 7194
0b001801 0b001901 10205 100 131072 4068469 5740 2898 6680
0b001801 0b001901 10206 100 131072 4068479 5732 2898 6696
0b001801 0b001901 10207 100 131072 4074120 3121 2898 7672
0b001f01 0b001801 10205 100 131072 4074447 2995 2898 6703
0b001401 0b001d01 10026 100 131072 4070840 7533 6838 6660
0b001301 0b001401 10196 100 131072 3822157 256275 11234 7123
0b001301 0b001401 10197 100 131072 3822161 256275 11234 6659
0b001301 0b001401 10198 100 131072 3822169 256271 11234 7603
0b001301 0b001401 10199 100 131072 3823669 255714 11234 7139
0b001b01 0b001c01 10209 100 131072 4077197 2876 2898 7195
0b001301 0b001401 10200 100 131072 3827377 253695 11234 6675
0b001301 0b001401 10201 100 131072 3828525 252551 11234 7155
0b001901 0b001a01 10208 100 131072 4077219 5852 2898 6697
0b001901 0b001a01 10209 100 131072 4077229 5843 2898 6713
0b001801 0b001901 10208 100 131072 4080452 2989 2898 6712
0b001501 0b001e01 10026 100 131072 4076765 7235 6838 7141
0b001d01 0b001e01 10207 100 131072 4081383 2876 2898 6685
0b000501 0b000e01 10030 100 2097152 3901914 182452 180699 10565
0b001301 0b001401 10202 100 131072 3847537 240276 11234 6691
0b001a01 0b001b01 10209 100 131072 4086081 2876 2898 6714
0b001401 0b001d01 10027 100 131072 4081446 7694 6838 6676
0b001401 0b001501 10202 100 131072 4081442 9775 2898 7140
0b001401 0b001501 10203 100 131072 4081450 9769 2898 7620
0b001301 0b001401 10203 100 131072 3862954 228987 11234 7619
0b001401 0b001501 10204 100 131072 4082393 9764 2898 7156
0b001e01 0b001f01 10205 100 131072 4087010 5388 2898 7166
0b001401 0b001d01 10028 100 131072 4084082 8365 6838 6692
0b001301 0b001401 10204 100 131072 3863838 228616 11234 7635
0b001301 0b001401 10205 100 131072 3863842 228616 11234 7171
0b001301 0b001401 10206 100 131072 3863930 228532 11234 7187
0b001e01 0b001f01 10206 100 131072 4087269 5415 2898 6702
0b001401 0b001501 10205 100 131072 4084086 8628 2898 7172
0b001301 0b001401 10207 100 131072 3866050 226677 11234 7651
0b001301 0b001401 10208 100 131072 3866060 226671 11234 7667
0b001301 0b001401 10209 100 131072 3866590 226145 11234 6707
0b001d01 0b001e01 10208 100 131072 4092150 2898 2898 6701
0b001501 0b001601 10207 100 131072 4094229 3078 2898 7637
0b001401 0b001d01 10029 100 131072 4090823 7633 6838 6708
0b001d01 0b001e01 10209 100 131072 4095457 2895 2898 6717
0b001f01 0b001801 10206 100 131072 4095408 5601 2898 7183
0b001e01 0b001f01 10207 100 131072 4098058 3016 2898 6718
0b001f01 0b001801 10207 100 131072 4095694 5475 2898 6719
0b001401 0b001501 10206 100 131072 4094951 9634 2898 7636
0b001501 0b001e01 10027 100 131072 4094227 10481 6838 7157
0b001401 0b001501 10207 100 131072 4095464 10635 2898 7652
0b001401 0b001501 10208 100 131072 4095468 10633 2898 7188
0b001401 0b001501 10209 100 131072 4095737 10450 2898 7668
0b001501 0b001e01 10028 100 131072 4095167 11305 6838 7173
0b001501 0b001e01 10029 100 131072 4095724 11018 6838 7189
0b001801 0b001901 10209 100 131072 4104019 2876 2898 7192
0b001601 0b001f01 10028 100 131072 4100317 6957 6838 7654
0b001501 0b001601 10208 100 131072 4107595 4115 2898 7653
0b001e01 0b001f01 10208 100 131072 4107718 3939 2898 7182
0b001501 0b001601 10209 100 131072 4109109 4115 2898 7669
0b001f01 0b001801 10208 100 131072 4110284 3143 2898 7679
0b001e01 0b001f01 10209 100 131072 4109482 3995 2898 7198
0b001f01 0b001801 10209 100 131072 4114667 2876 2898 7199
0b001601 0b001f01 10029 100 131072 4114720 6851 6838 7670
0b000001 0b000901 10030 100 2097152 3949706 192295 180639 8160
0b000f01 0b000001 10030 100 2097152 3955473 188526 180699 7695
0b000401 0b000d01 10030 100 2097152 3983131 181788 180699 10084
0b000a01 0b000301 10030 100 2097152 4052321 187772 180639 9130
0b000801 0b000101 10030 100 2097152 4054069 187216 180639 8168
0b000301 0b000c01 10030 100 2097152 4054337 190567 180699 9603
0b000901 0b000201 10030 100 2097152 4059656 187320 180639 8649
0b000101 0b000a01 10030 100 2097152 4069421 188033 180639 8641
0b000201 0b000b01 10030 100 2097152 4072639 188322 180639 9122
0b001701 0b001801 10030 100 2097152 4311795 48415 48204 11527
0b000a01 0b000b01 10210 100 2097152 4052321 339082 44264 7690
0b000a01 0b000b01 10211 100 2097152 4052321 339104 44264 8170
0b000a01 0b000b01 10212 100 2097152 4052321 339105 44264 8650
0b000a01 0b000b01 10213 100 2097152 4052321 339106 44264 9610
0b000a01 0b000b01 10214 100 2097152 4052321 339107 44264 10090
0b000a01 0b000b01 10215 100 2097152 4052321 339129 44264 10570
0b000a01 0b000b01 10216 100 2097152 4052321 339130 44264 11050
0b000a01 0b000b01 10217 100 2097152 4260464 160710 44264 8666
0b000801 0b000901 10210 100 2097152 4054069 368425 44264 7688
0b000801 0b000901 10211 100 2097152 4054069 368430 44264 8648
0b000801 0b000901 10212 100 2097152 4054069 368434 44264 9128
0b000801 0b000901 10213 100 2097152 4054069 368438 44264 9608
0b000801 0b000901 10214 100 2097152 4054069 368442 44264 10088
0b000801 0b000901 10215 100 2097152 4054069 368446 44264 10568
0b000801 0b000901 10216 100 2097152 4054069 368451 44264 11048
0b000801 0b000901 10217 100 2097152 4054079 368445 44264 7704
0b000901 0b000a01 10210 100 2097152 4059656 363099 44264 7689
0b000901 0b000a01 10211 100 2097152 4059656 363100 44264 8169
0b000901 0b000a01 10212 100 2097152 4059656 363101 44264 9129
0b000901 0b000a01 10213 100 2097152 4059656 363102 44264 9609
0b000901 0b000a01 10214 100 2097152 4059656 363103 44264 10089
0b000901 0b000a01 10215 100 2097152 4059656 363104 44264 10569
0b000901 0b000a01 10216 100 2097152 4059656 363105 44264 11049
0b000901 0b000a01 10217 100 2097152 4145011 323116 44264 8185
0b001101 0b001a01 10030 100 2097152 4291615 180258 180639 12481
0b001201 0b001b01 10030 100 2097152 4303250 180236 180639 12962
0b001001 0b001901 10030 100 2097152 4329626 180222 180639 12000
0b000b01 0b000401 10031 100 2097152 4394437 180234 180639 9627
0b000901 0b000201 10031 100 2097152 4425509 180237 180639 8665
0b000a01 0b000301 10031 100 2097152 4425767 180234 180639 9146
0b001301 0b001c01 10030 100 2097152 4427086 180222 180639 13443
0b001c01 0b001501 10030 100 2097152 4639085 79009 48204 13932
0b001b01 0b001401 10030 100 2097152 4647969 73311 48204 13451
0b001401 0b001d01 10030 100 2097152 4654803 79680 48204 13924
0b001d01 0b001601 10030 100 2097152 4657468 92495 48204 14413
0b000901 0b000a01 10218 100 2097152 4425504 327692 44264 7705
0b000901 0b000a01 10219 100 2097152 4425513 327687 44264 9145
0b000901 0b000a01 10220 100 2097152 4425517 327687 44264 9625
0b000901 0b000a01 10221 100 2097152 4425521 327687 44264 10105
0b000901 0b000a01 10222 100 2097152 4425525 327688 44264 10585
0b000901 0b000a01 10223 100 2097152 4425530 327687 44264 11065
0b000901 0b000a01 10224 100 2097152 4425534 327687 44264 7721
0b000a01 0b000b01 10218 100 2097152 4425765 327514 44264 7706
0b000a01 0b000b01 10219 100 2097152 4425766 327514 44264 8186
0b000a01 0b000b01 10220 100 2097152 4425768 327513 44264 9626
0b000a01 0b000b01 10221 100 2097152 4425769 327513 44264 10106
0b000a01 0b000b01 10222 100 2097152 4425770 327513 44264 10586
0b000a01 0b000b01 10223 100 2097152 4425771 327513 44264 11066
0b000a01 0b000b01 10224 100 2097152 4471137 286857 44264 8202
0b001e01 0b001701 10030 100 2097152 4668515 90499 48204 14894
0b001501 0b001e01 10030 100 2097152 4668161 95607 48204 14405
0b001601 0b001f01 10030 100 2097152 4673753 90618 48204 14886
0b001a01 0b001301 10030 100 2097152 4645114 180234 180639 12970
0b001901 0b001201 10030 100 2097152 4665907 180250 180639 12489
0b001801 0b001101 10030 100 2097152 4676555 180234 180639 12008
0b001f01 0b001001 10030 100 2097152 4680583 180234 180639 11535
0b000a01 0b000301 10032 100 2097152 4756210 180234 180639 9162
0b000b01 0b000401 10032 100 2097152 4756291 180234 180639 9643
0b001c01 0b001d01 10210 100 2097152 4639085 368790 44264 11532
0b001c01 0b001d01 10211 100 2097152 4639085 368791 44264 12012
0b001c01 0b001d01 10212 100 2097152 4639085 368792 44264 12492
0b001c01 0b001d01 10213 100 2097152 4639085 368793 44264 12972
0b001c01 0b001d01 10214 100 2097152 4639085 368794 44264 13452
0b001c01 0b001d01 10215 100 2097152 4639085 368816 44264 14412
0b001c01 0b001d01 10216 100 2097152 4639085 368838 44264 14892
0b001c01 0b001d01 10217 100 2097152 4639095 368829 44264 13468
0b001401 0b001501 10210 100 2097152 4654803 357912 44264 11524
0b001401 0b001501 10211 100 2097152 4654803 357913 44264 12004
0b001401 0b001501 10212 100 2097152 4654803 357914 44264 12484
0b001401 0b001501 10213 100 2097152 4654803 357936 44264 12964
0b001401 0b001501 10214 100 2097152 4654803 357937 44264 13444
0b001401 0b001501 10215 100 2097152 4654803 357938 44264 14404
0b001401 0b001501 10216 100 2097152 4654803 357939 44264 14884
0b001a01 0b001b01 10210 100 2097152 4645114 369541 44264 11530
0b001a01 0b001b01 10211 100 2097152 4645114 369542 44264 12010
0b001a01 0b001b01 10212 100 2097152 4645114 369543 44264 12490
0b001a01 0b001b01 10213 100 2097152 4645114 369544 44264 13450
0b001a01 0b001b01 10214 100 2097152 4645114 369545 44264 13930
0b001a01 0b001b01 10215 100 2097152 4645114 369567 44264 14410
0b001a01 0b001b01 10216 100 2097152 4645114 369568 44264 14890
0b001a01 0b001b01 10217 100 2097152 4645124 369559 44264 12506
0b001b01 0b001c01 10210 100 2097152 4647969 369075 44264 11531
0b001b01 0b001c01 10211 100 2097152 4647969 369079 44264 12011
0b001b01 0b001c01 10212 100 2097152 4647969 369083 44264 12491
0b001b01 0b001c01 10213 100 2097152 4647969 369087 44264 12971
0b001b01 0b001c01 10214 100 2097152 4647969 369091 44264 13931
0b001b01 0b001c01 10215 100 2097152 4647969 369095 44264 14411
0b001b01 0b001c01 10216 100 2097152 4647969 369099 44264 14891
0b001b01 0b001c01 10217 100 2097152 4647979 369093 44264 12987
0b001d01 0b001e01 10216 100 2097152 4657468 361472 44264 14893
0b001d01 0b001e01 10215 100 2097152 4657468 361473 44264 13933
0b001d01 0b001e01 10214 100 2097152 4657468 361474 44264 13453
0b001d01 0b001e01 10213 100 2097152 4657468 361475 44264 12973
0b001d01 0b001e01 10212 100 2097152 4657468 361497 44264 12493
0b001d01 0b001e01 10211 100 2097152 4657468 361498 44264 12013
0b001d01 0b001e01 10210 100 2097152 4657468 361499 44264 11533
0b001401 0b001501 10217 100 2097152 4724290 299065 44264 13460
0b000a01 0b000b01 10225 100 2097152 4756206 267679 44264 7722
0b000a01 0b000b01 10226 100 2097152 4756214 267675 44264 9642
0b000a01 0b000b01 10227 100 2097152 4756218 267675 44264 10122
0b000a01 0b000b01 10228 100 2097152 4756223 267692 44264 10602
0b000a01 0b000b01 10229 100 2097152 4756227 267689 44264 11082
0b000a01 0b000b01 10230 100 2097152 4756231 267686 44264 7738
0b001e01 0b001f01 10210 100 2097152 4668515 357072 44264 11534
0b001e01 0b001f01 10211 100 2097152 4668515 357073 44264 12014
0b001e01 0b001f01 10212 100 2097152 4668515 357074 44264 12494
0b001e01 0b001f01 10213 100 2097152 4668515 357075 44264 12974
0b001e01 0b001f01 10214 100 2097152 4668515 357076 44264 13454
0b001e01 0b001f01 10215 100 2097152 4668515 357077 44264 13934
0b001e01 0b001f01 10216 100 2097152 4668515 357099 44264 14414
0b001601 0b001701 10210 100 2097152 4673753 358285 44264 11526
0b001601 0b001701 10211 100 2097152 4673753 358286 44264 12006
0b001601 0b001701 10212 100 2097152 4673753 358308 44264 12486
0b001601 0b001701 10213 100 2097152 4673753 358309 44264 12966
0b001601 0b001701 10214 100 2097152 4673753 358310 44264 13446
0b001601 0b001701 10215 100 2097152 4673753 358311 44264 13926
0b001601 0b001701 10216 100 2097152 4673753 358312 44264 14406
0b001901 0b001a01 10210 100 2097152 4665907 368915 44264 11529
0b001901 0b001a01 10211 100 2097152 4665907 368916 44264 12009
0b001901 0b001a01 10212 100 2097152 4665907 368917 44264 12969
0b001901 0b001a01 10213 100 2097152 4665907 368918 44264 13449
0b001901 0b001a01 10214 100 2097152 4665907 368919 44264 13929
0b001901 0b001a01 10215 100 2097152 4665907 368941 44264 14409
0b001901 0b001a01 10216 100 2097152 4665907 368942 44264 14889
0b001901 0b001a01 10217 100 2097152 4665917 368933 44264 12025
0b001501 0b001601 10210 100 2097152 4668161 373206 44264 11525
0b001501 0b001601 10211 100 2097152 4668161 373207 44264 12005
0b001501 0b001601 10212 100 2097152 4668161 373229 44264 12485
0b001501 0b001601 10213 100 2097152 4668161 373230 44264 12965
0b001501 0b001601 10214 100 2097152 4668161 373231 44264 13445
0b001501 0b001601 10215 100 2097152 4668161 373232 44264 13925
0b001501 0b001601 10216 100 2097152 4668161 373233 44264 14885
0b001601 0b001701 10217 100 2097152 4752973 290954 44264 14422
0b001f01 0b001801 10216 100 2097152 4680583 363448 44264 14895
0b001f01 0b001801 10215 100 2097152 4680583 363470 44264 14415
0b001f01 0b001801 10214 100 2097152 4680583 363471 44264 13935
0b001f01 0b001801 10213 100 2097152 4680583 363472 44264 13455
0b001f01 0b001801 10212 100 2097152 4680583 363473 44264 12975
0b001f01 0b001801 10211 100 2097152 4680583 363474 44264 12495
0b001f01 0b001801 10210 100 2097152 4680583 363475 44264 12015
0b001801 0b001901 10210 100 2097152 4676555 369036 44264 11528
0b001801 0b001901 10211 100 2097152 4676555 369037 44264 12488
0b001801 0b001901 10212 100 2097152 4676555 369038 44264 12968
0b001801 0b001901 10213 100 2097152 4676555 369039 44264 13448
0b001801 0b001901 10214 100 2097152 4676555 369040 44264 13928
0b001801 0b001901 10215 100 2097152 4676555 369062 44264 14408
0b001801 0b001901 10216 100 2097152 4676555 369063 44264 14888
0b001801 0b001901 10217 100 2097152 4676565 369054 44264 11544
0b001b01 0b001401 10031 100 2097152 5017668 65361 48204 13467
0b001c01 0b001501 10031 100 2097152 5020070 79023 48204 13948
0b001701 0b001801 10031 100 2097152 5035048 65639 48204 11543
0b001e01 0b001701 10031 100 2097152 5021950 79243 48204 14910
0b001d01 0b001601 10031 100 2097152 5010911 90435 48204 14429
0b001501 0b001601 10217 100 2097152 4721104 381042 44264 13941
0b001501 0b001e01 10031 100 2097152 5015751 90746 48204 14421
0b000d01 0b000e01 10210 100 2097152 3698095 1408812 176759 7693
0b000d01 0b000e01 10211 100 2097152 3698095 1408816 176759 8173
0b000d01 0b000e01 10212 100 2097152 3698095 1408904 176759 8653
0b000d01 0b000e01 10213 100 2097152 3698095 1408908 176759 9133
0b000d01 0b000e01 10214 100 2097152 3698095 1408912 176759 9613
0b000d01 0b000e01 10215 100 2097152 3698095 1408916 176759 10093
0b000d01 0b000e01 10216 100 2097152 3698095 1408920 176759 11053
0b001d01 0b001e01 10217 100 2097152 4737493 372835 44264 13949
0b001601 0b001f01 10031 100 2097152 5044404 77996 48204 14902
0b001e01 0b001f01 10217 100 2097152 4766778 360546 44264 14430
0b001f01 0b001801 10217 100 2097152 4767381 364243 44264 14911
0b001401 0b001501 10218 100 2097152 5086039 46208 44264 13476
0b000d01 0b000e01 10217 100 2097152 4167929 1006134 176759 10109
0b000b01 0b000401 10033 100 2097152 5026899 180266 180639 9659
0b001f01 0b001001 10031 100 2097152 5028597 180241 180639 11551
0b001a01 0b001301 10031 100 2097152 5037834 180234 180639 12986
0b001801 0b001101 10031 100 2097152 5047068 180234 180639 12024
0b001901 0b001201 10031 100 2097152 5048602 180234 180639 12505
0b000701 0b000001 10210 100 2097152 3792353 1451411 176759 8167
0b000701 0b000001 10211 100 2097152 3792353 1451415 176759 8647
0b000701 0b000001 10212 100 2097152 3792353 1451419 176759 9127
0b000701 0b000001 10213 100 2097152 3792353 1451423 176759 9607
0b000701 0b000001 10214 100 2097152 3792353 1451427 176759 10087
0b000701 0b000001 10215 100 2097152 3792353 1451431 176759 10567
0b000701 0b000001 10216 100 2097152 3792353 1451519 176759 11047
0b000e01 0b000f01 10210 100 2097152 3763497 1498750 176759 7694
0b000e01 0b000f01 10211 100 2097152 3763497 1498754 176759 8174
0b000e01 0b000f01 10212 100 2097152 3763497 1498842 176759 8654
0b000e01 0b000f01 10213 100 2097152 3763497 1498846 176759 9134
0b000e01 0b000f01 10214 100 2097152 3763497 1498850 176759 9614
0b000e01 0b000f01 10215 100 2097152 3763497 1498854 176759 10094
0b000e01 0b000f01 10216 100 2097152 3763497 1498858 176759 10574
0b000701 0b000001 10217 100 2097152 3955706 1311930 176759 11063
0b000e01 0b000701 10031 100 2097152 5110025 181741 180699 11070
0b000601 0b000701 10210 100 2097152 3861414 1475798 176759 7686
0b000601 0b000701 10211 100 2097152 3861414 1475802 176759 8166
0b000601 0b000701 10212 100 2097152 3861414 1475806 176759 8646
0b000601 0b000701 10213 100 2097152 3861414 1475894 176759 9126
0b000601 0b000701 10214 100 2097152 3861414 1475898 176759 9606
0b000601 0b000701 10215 100 2097152 3861414 1475902 176759 10086
0b000601 0b000701 10216 100 2097152 3861414 1475906 176759 10566
0b000601 0b000701 10217 100 2097152 3882902 1457590 176759 10582
0b001b01 0b001c01 10218 100 2097152 5017665 323420 44264 11547
0b001b01 0b001c01 10219 100 2097152 5017666 323420 44264 12027
0b001b01 0b001c01 10220 100 2097152 5017667 323420 44264 12507
0b001b01 0b001c01 10221 100 2097152 5017669 323440 44264 13947
0b001b01 0b001c01 10222 100 2097152 5017691 323419 44264 14427
0b001b01 0b001c01 10223 100 2097152 5017692 323419 44264 14907
0b001b01 0b001c01 10224 100 2097152 5017693 323419 44264 12523
0b001c01 0b001d01 10218 100 2097152 5020054 323079 44264 11548
0b001c01 0b001d01 10219 100 2097152 5020058 323076 44264 12028
0b001c01 0b001d01 10220 100 2097152 5020062 323073 44264 12508
0b001c01 0b001d01 10221 100 2097152 5020066 323070 44264 12988
0b001c01 0b001d01 10222 100 2097152 5020074 323084 44264 14428
0b001c01 0b001d01 10223 100 2097152 5020078 323081 44264 14908
0b001c01 0b001d01 10224 100 2097152 5020082 323078 44264 13004
0b001d01 0b001e01 10218 100 2097152 5010885 341493 44264 11549
0b001d01 0b001e01 10219 100 2097152 5010886 341493 44264 12029
0b001d01 0b001e01 10220 100 2097152 5010887 341493 44264 12509
0b001d01 0b001e01 10221 100 2097152 5010888 341493 44264 12989
0b001d01 0b001e01 10222 100 2097152 5010889 341493 44264 13469
0b001d01 0b001e01 10223 100 2097152 5010933 341471 44264 14909
0b001d01 0b001e01 10224 100 2097152 5010934 341492 44264 13485
0b001a01 0b001b01 10218 100 2097152 5037832 322582 44264 11546
0b001a01 0b001b01 10219 100 2097152 5037833 322582 44264 12026
0b001a01 0b001b01 10220 100 2097152 5037835 322581 44264 13466
0b001a01 0b001b01 10221 100 2097152 5037836 322581 44264 13946
0b001a01 0b001b01 10222 100 2097152 5037858 322581 44264 14426
0b001a01 0b001b01 10223 100 2097152 5037859 322581 44264 14906
0b001a01 0b001b01 10224 100 2097152 5037860 322581 44264 12042
0b001901 0b001a01 10218 100 2097152 5048601 323080 44264 11545
0b001901 0b001a01 10219 100 2097152 5048603 323079 44264 12985
0b001901 0b001a01 10220 100 2097152 5048604 323079 44264 13465
0b001901 0b001a01 10221 100 2097152 5048605 323079 44264 13945
0b001901 0b001a01 10222 100 2097152 5048627 323079 44264 14425
0b001901 0b001a01 10223 100 2097152 5048628 323079 44264 14905
0b001901 0b001a01 10224 100 2097152 5048629 323079 44264 11561
0b000501 0b000601 10210 100 2097152 3901914 1478014 176759 7685
0b000501 0b000601 10211 100 2097152 3901914 1478102 176759 8165
0b000501 0b000601 10212 100 2097152 3901914 1478106 176759 8645
0b000501 0b000601 10213 100 2097152 3901914 1478110 176759 9125
0b000501 0b000601 10214 100 2097152 3901914 1478114 176759 9605
0b000501 0b000601 10215 100 2097152 3901914 1478118 176759 10085
0b000501 0b000601 10216 100 2097152 3901914 1478206 176759 11045
0b000501 0b000601 10217 100 2097152 3901924 1478200 176759 10101
0b001f01 0b001801 10218 100 2097152 5028598 364211 44264 12031
0b001f01 0b001801 10219 100 2097152 5028599 364232 44264 12511
0b001f01 0b001801 10220 100 2097152 5028600 364232 44264 12991
0b001f01 0b001801 10221 100 2097152 5028601 364232 44264 13471
0b001f01 0b001801 10222 100 2097152 5028602 364232 44264 13951
0b001f01 0b001801 10223 100 2097152 5028624 364211 44264 14431
0b001801 0b001901 10218 100 2097152 5047041 345929 44264 14904
0b001801 0b001901 10219 100 2097152 5047063 345908 44264 14424
0b001801 0b001901 10220 100 2097152 5047064 345908 44264 13944
0b001801 0b001901 10221 100 2097152 5047065 345908 44264 13464
0b001801 0b001901 10222 100 2097152 5047066 345908 44264 12984
0b001801 0b001901 10223 100 2097152 5047067 345908 44264 12504
0b001c01 0b001501 10032 100 2097152 5344119 50289 48204 13964
0b001d01 0b001601 10032 100 2097152 5346168 54536 48204 14445
0b001e01 0b001f01 10218 100 2097152 5021951 380247 44264 13950
0b001e01 0b001f01 10219 100 2097152 5021952 380247 44264 13470
0b001e01 0b001f01 10220 100 2097152 5021953 380247 44264 12990
0b001e01 0b001f01 10221 100 2097152 5021975 380226 44264 12510
0b001e01 0b001f01 10222 100 2097152 5021976 380226 44264 12030
0b001e01 0b001f01 10223 100 2097152 5021977 380247 44264 11550
0b001601 0b001701 10218 100 2097152 5044377 363850 44264 11542
0b001601 0b001701 10219 100 2097152 5044378 363850 44264 12022
0b001601 0b001701 10220 100 2097152 5044400 363829 44264 12502
0b001601 0b001701 10221 100 2097152 5044401 363829 44264 12982
0b001601 0b001701 10222 100 2097152 5044402 363829 44264 13462
0b001601 0b001701 10223 100 2097152 5044403 363829 44264 13942
0b001b01 0b001401 10032 100 2097152 5363426 49416 48204 13483
0b001e01 0b001701 10032 100 2097152 5355414 57542 48204 14926
0b001501 0b001601 10218 100 2097152 5015725 413605 44264 11541
0b001501 0b001601 10219 100 2097152 5015726 413626 44264 12021
0b001501 0b001601 10220 100 2097152 5015727 413626 44264 12501
0b001501 0b001601 10221 100 2097152 5015749 413605 44264 12981
0b001501 0b001601 10222 100 2097152 5015750 413605 44264 13461
0b001501 0b001601 10223 100 2097152 5015752 413604 44264 14901
0b001501 0b001601 10224 100 2097152 5026365 406177 44264 13477
0b000001 0b000901 10031 100 2097152 5246774 188136 180639 8176
0b001601 0b001701 10224 100 2097152 5104356 337917 44264 14438
0b001601 0b001701 10225 100 2097152 5105156 337187 44264 13958
0b001f01 0b001801 10224 100 2097152 5125410 325355 44264 14927
0b001801 0b001901 10224 100 2097152 5103697 347869 44264 11560
0b001f01 0b001801 10225 100 2097152 5130334 324149 44264 14447
0b001501 0b001601 10225 100 2097152 5102103 358256 44264 13957
0b000f01 0b000001 10031 100 2097152 5265257 196612 180699 7711
0b001401 0b001501 10219 100 2097152 5415852 46208 44264 13492
0b001501 0b001601 10226 100 2097152 5135257 332137 44264 13493
0b000901 0b000a01 10225 100 2097152 5437920 44164 44264 8201
0b001801 0b001901 10225 100 2097152 5134634 351058 44264 14920
0b001e01 0b001f01 10224 100 2097152 5109507 391081 44264 14446
0b001e01 0b001f01 10225 100 2097152 5113338 390660 44264 13966
0b001601 0b001f01 10032 100 2097152 5432366 81944 48204 14918
0b000101 0b000201 10216 100 2097152 4069421 1453028 176759 11041
0b000101 0b000201 10215 100 2097152 4069421 1453032 176759 10561
0b000101 0b000201 10214 100 2097152 4069421 1453036 176759 10081
0b000101 0b000201 10213 100 2097152 4069421 1453040 176759 9601
0b000101 0b000201 10212 100 2097152 4069421 1453044 176759 9121
0b000101 0b000201 10211 100 2097152 4069421 1453048 176759 8161
0b000101 0b000201 10210 100 2097152 4069421 1453136 176759 7681
0b001501 0b001601 10227 100 2097152 5397418 127859 44264 13973
0b001701 0b001801 10032 100 2097152 5411237 114412 48204 11559
0b000701 0b000801 10031 100 2097152 5340222 186189 180639 7703
0b000a01 0b000b01 10231 100 2097152 5485094 44684 44264 8218
0b000001 0b000101 10215 100 2097152 3949706 1585464 176759 10560
0b000001 0b000101 10214 100 2097152 3949706 1585468 176759 10080
0b000001 0b000101 10213 100 2097152 3949706 1585472 176759 9600
0b000001 0b000101 10212 100 2097152 3949706 1585560 176759 9120
0b000001 0b000101 10211 100 2097152 3949706 1585564 176759 8640
0b000001 0b000101 10210 100 2097152 3949706 1585568 176759 7680
0b000001 0b000101 10216 100 2097152 3949706 1586364 176759 11040
0b001501 0b001601 10228 100 2097152 5465070 79142 44264 13509
0b000f01 0b000801 10210 100 2097152 3955473 1594402 176699 8175
0b000f01 0b000801 10211 100 2097152 3955473 1594406 176699 8655
0b000f01 0b000801 10212 100 2097152 3955473 1594410 176699 9135
0b000f01 0b000801 10213 100 2097152 3955473 1594498 176699 9615
0b000f01 0b000801 10214 100 2097152 3955473 1594502 176699 10095
0b000f01 0b000801 10215 100 2097152 3955473 1594506 176699 10575
0b000f01 0b000801 10216 100 2097152 3955473 1594510 176699 11055
0b001a01 0b001301 10032 100 2097152 5374692 180241 180639 13002
0b000601 0b000f01 10031 100 2097152 5383130 184673 180699 11062
0b001801 0b001101 10032 100 2097152 5395819 180253 180639 12040
0b001901 0b001201 10032 100 2097152 5395985 180235 180639 12521
0b001f01 0b001001 10032 100 2097152 5405234 180255 180639 11567
0b000101 0b000201 10217 100 2097152 4244295 1349574 176759 8177
0b001c01 0b001d01 10225 100 2097152 5344095 277436 44264 11564
0b001c01 0b001d01 10226 100 2097152 5344096 277436 44264 12044
0b001c01 0b001d01 10227 100 2097152 5344097 277436 44264 12524
0b001c01 0b001d01 10228 100 2097152 5344120 277414 44264 14444
0b001c01 0b001d01 10229 100 2097152 5344121 277435 44264 14924
0b001c01 0b001d01 10230 100 2097152 5344122 277435 44264 12540
0b001d01 0b001e01 10225 100 2097152 5346143 281199 44264 11565
0b001d01 0b001e01 10226 100 2097152 5346144 281199 44264 12045
0b001d01 0b001e01 10227 100 2097152 5346145 281199 44264 12525
0b001d01 0b001e01 10228 100 2097152 5346146 281199 44264 13005
0b001d01 0b001e01 10229 100 2097152 5346169 281177 44264 14925
0b001d01 0b001e01 10230 100 2097152 5346170 281198 44264 13021
0b000e01 0b000f01 10217 100 2097152 4087376 1543855 176759 10590
0b001b01 0b001c01 10225 100 2097152 5363424 277406 44264 11563
0b001b01 0b001c01 10226 100 2097152 5363425 277406 44264 12043
0b001b01 0b001c01 10227 100 2097152 5363427 277405 44264 13963
0b001b01 0b001c01 10228 100 2097152 5363449 277384 44264 14443
0b001b01 0b001c01 10229 100 2097152 5363450 277384 44264 14923
0b001b01 0b001c01 10230 100 2097152 5363451 277405 44264 12059
0b001a01 0b001b01 10225 100 2097152 5374691 276452 44264 11562
0b001a01 0b001b01 10226 100 2097152 5374693 276472 44264 13482
0b001a01 0b001b01 10227 100 2097152 5374694 276472 44264 13962
0b001a01 0b001b01 10228 100 2097152 5374716 276451 44264 14442
0b001a01 0b001b01 10229 100 2097152 5374717 276451 44264 14922
0b001a01 0b001b01 10230 100 2097152 5374718 276451 44264 11578
0b000f01 0b000801 10217 100 2097152 4050642 1607553 176699 11071
0b001d01 0b001601 10033 100 2097152 5624544 51187 48204 14461
0b000401 0b000501 10210 100 2097152 3983131 1696112 176759 7684
0b000401 0b000501 10211 100 2097152 3983131 1696200 176759 8164
0b000401 0b000501 10212 100 2097152 3983131 1696204 176759 8644
0b000401 0b000501 10213 100 2097152 3983131 1696208 176759 9124
0b000401 0b000501 10214 100 2097152 3983131 1696212 176759 9604
0b000401 0b000501 10215 100 2097152 3983131 1696216 176759 10564
0b000401 0b000501 10216 100 2097152 3983131 1696304 176759 11044
0b000401 0b000501 10217 100 2097152 3983141 1696298 176759 9620
0b001e01 0b001701 10033 100 2097152 5630356 50027 48204 14942
0b001901 0b001a01 10225 100 2097152 5395980 293972 44264 14921
0b001901 0b001a01 10226 100 2097152 5395981 293972 44264 14441
0b001901 0b001a01 10227 100 2097152 5395982 293972 44264 13961
0b001901 0b001a01 10228 100 2097152 5395983 293993 44264 13481
0b001901 0b001a01 10229 100 2097152 5395984 293993 44264 13001
0b000301 0b000401 10210 100 2097152 4054337 1636520 176759 7683
0b000301 0b000401 10211 100 2097152 4054337 1636524 176759 8163
0b000301 0b000401 10212 100 2097152 4054337 1636528 176759 8643
0b000301 0b000401 10213 100 2097152 4054337 1636532 176759 9123
0b000301 0b000401 10214 100 2097152 4054337 1636620 176759 10083
0b000301 0b000401 10215 100 2097152 4054337 1636624 176759 10563
0b000301 0b000401 10216 100 2097152 4054337 1636628 176759 11043
0b001c01 0b001501 10033 100 2097152 5643842 50573 48204 13980
0b001b01 0b001401 10033 100 2097152 5654175 49881 48204 13499
0b000201 0b000b01 10031 100 2097152 5525475 180222 180639 9138
0b000801 0b000901 10218 100 2097152 5529421 176755 44264 7720
0b001901 0b001a01 10230 100 2097152 5454576 258831 44264 11577
0b001901 0b001a01 10231 100 2097152 5488702 230404 44264 14937
0b000201 0b000301 10210 100 2097152 4072639 1649104 176759 7682
0b000201 0b000301 10211 100 2097152 4072639 1649108 176759 8162
0b000201 0b000301 10212 100 2097152 4072639 1649196 176759 8642
0b000201 0b000301 10213 100 2097152 4072639 1649200 176759 9602
0b000201 0b000301 10214 100 2097152 4072639 1649204 176759 10082
0b000201 0b000301 10215 100 2097152 4072639 1649208 176759 10562
0b000201 0b000301 10216 100 2097152 4072639 1649212 176759 11042
0b001e01 0b001f01 10226 100 2097152 5355388 374416 44264 11566
0b001e01 0b001f01 10227 100 2097152 5355389 374416 44264 12046
0b001e01 0b001f01 10228 100 2097152 5355390 374416 44264 12526
0b001e01 0b001f01 10229 100 2097152 5355391 374416 44264 13006
0b001e01 0b001f01 10230 100 2097152 5355392 374416 44264 13486
0b001e01 0b001f01 10231 100 2097152 5355436 374373 44264 13502
0b001f01 0b001801 10226 100 2097152 5405208 330492 44264 13967
0b001f01 0b001801 10227 100 2097152 5405209 330492 44264 13487
0b001f01 0b001801 10228 100 2097152 5405210 330492 44264 13007
0b001f01 0b001801 10229 100 2097152 5405211 330492 44264 12527
0b001f01 0b001801 10230 100 2097152 5405212 330492 44264 12047
0b000101 0b000a01 10031 100 2097152 5538280 200636 180639 8657
0b000801 0b000101 10031 100 2097152 5552885 187926 180639 8184
0b001501 0b001601 10229 100 2097152 5697425 47579 44264 13989
0b001401 0b001501 10220 100 2097152 5707066 45827 44264 13508
0b001801 0b001901 10226 100 2097152 5395841 359312 44264 12520
0b001801 0b001901 10227 100 2097152 5395842 359333 44264 13000
0b001801 0b001901 10228 100 2097152 5395843 359333 44264 13480
0b001801 0b001901 10229 100 2097152 5395844 359333 44264 13960
0b001801 0b001901 10230 100 2097152 5395845 359333 44264 14440
0b000901 0b000a01 10226 100 2097152 5709186 47856 44264 7737
0b001101 0b001201 10210 100 2097152 4291615 1467685 176759 11521
0b001101 0b001201 10211 100 2097152 4291615 1467689 176759 12001
0b001101 0b001201 10212 100 2097152 4291615 1467693 176759 12961
0b001101 0b001201 10213 100 2097152 4291615 1467781 176759 13441
0b001101 0b001201 10214 100 2097152 4291615 1467785 176759 13921
0b001101 0b001201 10215 100 2097152 4291615 1467789 176759 14401
0b001101 0b001201 10216 100 2097152 4291615 1467793 176759 14881
0b000001 0b000101 10217 100 2097152 4147009 1641713 176759 7696
0b001501 0b001601 10230 100 2097152 5755903 46185 44264 13525
0b001201 0b001301 10210 100 2097152 4303250 1503335 176759 11522
0b001201 0b001301 10211 100 2097152 4303250 1503339 176759 12002
0b001201 0b001301 10212 100 2097152 4303250 1503343 176759 12482
0b001201 0b001301 10213 100 2097152 4303250 1503347 176759 13442
0b001201 0b001301 10214 100 2097152 4303250 1503435 176759 13922
0b001201 0b001301 10215 100 2097152 4303250 1503439 176759 14402
0b001201 0b001301 10216 100 2097152 4303250 1503527 176759 14882
0b001801 0b001901 10231 100 2097152 5453775 359637 44264 14936
0b000a01 0b000b01 10232 100 2097152 5741926 71987 44264 8682
0b001801 0b001901 10232 100 2097152 5457493 359088 44264 14456
0b001601 0b001701 10226 100 2097152 5403714 415087 44264 14454
0b000a01 0b000b01 10233 100 2097152 5760052 71557 44264 7754
0b001d01 0b001e01 10231 100 2097152 5624541 233057 44264 11581
0b001d01 0b001e01 10232 100 2097152 5624542 233057 44264 12061
0b001d01 0b001e01 10233 100 2097152 5624543 233057 44264 12541
0b001d01 0b001e01 10234 100 2097152 5624566 233056 44264 14941
0b001d01 0b001e01 10235 100 2097152 5624567 233056 44264 12557
0b000501 0b000e01 10031 100 2097152 5682357 180313 180699 10581
0b000301 0b000401 10217 100 2097152 4243103 1621342 176759 9139
0b001801 0b001901 10233 100 2097152 5528659 336213 44264 11576
0b000801 0b000901 10219 100 2097152 5552889 317714 44264 8664
0b000801 0b000901 10220 100 2097152 5552893 317714 44264 9144
0b000801 0b000901 10221 100 2097152 5552981 317753 44264 9624
0b000801 0b000901 10222 100 2097152 5552985 317750 44264 10104
0b000801 0b000901 10223 100 2097152 5552989 317747 44264 10584
0b000801 0b000901 10224 100 2097152 5552993 317744 44264 11064
0b001f01 0b001801 10231 100 2097152 5503598 368278 44264 14463
0b000401 0b000d01 10031 100 2097152 5693967 180302 180699 10100
0b001a01 0b001301 10033 100 2097152 5692987 182417 180639 13018
0b001c01 0b001d01 10231 100 2097152 5643840 232104 44264 11580
0b001c01 0b001d01 10232 100 2097152 5643841 232104 44264 12060
0b001c01 0b001d01 10233 100 2097152 5643843 232103 44264 14460
0b001c01 0b001d01 10234 100 2097152 5643844 232103 44264 14940
0b001c01 0b001d01 10235 100 2097152 5643866 232103 44264 12076
0b001f01 0b001801 10232 100 2097152 5507008 369062 44264 13983
0b001f01 0b001801 10233 100 2097152 5517320 367784 44264 14943
0b001b01 0b001c01 10231 100 2097152 5654153 232063 44264 11579
0b001b01 0b001c01 10232 100 2097152 5654176 232129 44264 13979
0b001b01 0b001c01 10233 100 2097152 5654177 232129 44264 14459
0b001b01 0b001c01 10234 100 2097152 5654178 232129 44264 14939
0b001b01 0b001c01 10235 100 2097152 5654179 232150 44264 11595
0b000801 0b000901 10225 100 2097152 5661205 225379 44264 11080
0b000301 0b000c01 10031 100 2097152 5724849 180389 180699 9619
0b001e01 0b001701 10034 100 2097152 5860632 49342 48204 14958
0b001f01 0b001001 10033 100 2097152 5732814 180234 180639 11583
0b001801 0b001101 10033 100 2097152 5738714 180242 180639 12056
0b001601 0b001701 10227 100 2097152 5432340 493353 44264 11558
0b001601 0b001701 10228 100 2097152 5432362 493335 44264 12038
0b001601 0b001701 10229 100 2097152 5432363 493338 44264 12518
0b001601 0b001701 10230 100 2097152 5432364 493341 44264 12998
0b001601 0b001701 10231 100 2097152 5432365 493344 44264 13478
0b001d01 0b001601 10034 100 2097152 5878956 50787 48204 14477
0b001601 0b001701 10232 100 2097152 5435552 494750 44264 13494
0b001c01 0b001501 10034 100 2097152 5889315 49827 48204 13996
0b001901 0b001201 10033 100 2097152 5758163 187739 180639 12537
0b000201 0b000301 10217 100 2097152 4249986 1699173 176759 8658
0b001201 0b001b01 10031 100 2097152 5762318 188852 180639 12978
0b001a01 0b001b01 10231 100 2097152 5692962 262280 44264 14938
0b001a01 0b001b01 10232 100 2097152 5692963 262280 44264 14458
0b001a01 0b001b01 10233 100 2097152 5692964 262301 44264 13978
0b001a01 0b001b01 10234 100 2097152 5692986 262280 44264 13498
0b001e01 0b001f01 10232 100 2097152 5630352 327323 44264 11582
0b001e01 0b001f01 10233 100 2097152 5630353 327323 44264 12062
0b001e01 0b001f01 10234 100 2097152 5630354 327323 44264 12542
0b001e01 0b001f01 10235 100 2097152 5630355 327344 44264 13022
0b001e01 0b001f01 10236 100 2097152 5630378 327322 44264 13038
0b001601 0b001701 10233 100 2097152 5463369 498007 44264 13974
0b001a01 0b001b01 10235 100 2097152 5716417 250554 44264 11594
0b001601 0b001701 10234 100 2097152 5470404 497217 44264 13510
0b001a01 0b001b01 10236 100 2097152 5722116 246043 44264 14954
0b001701 0b001801 10033 100 2097152 5928703 55819 48204 11575
0b001501 0b001601 10231 100 2097152 5942152 46240 44264 14005
0b001301 0b001c01 10031 100 2097152 5809607 184786 180639 13459
0b001601 0b001701 10235 100 2097152 5528287 477433 44264 13990
0b001b01 0b001401 10034 100 2097152 5958276 55728 48204 13515
0b001601 0b001701 10236 100 2097152 5547222 469589 44264 13526
0b001101 0b001201 10217 100 2097152 4859799 1164401 176759 12017
0b001901 0b001a01 10232 100 2097152 5758185 270125 44264 13017
0b001901 0b001a01 10233 100 2097152 5758186 270125 44264 13497
0b001901 0b001a01 10234 100 2097152 5758187 270125 44264 13977
0b001901 0b001a01 10235 100 2097152 5758188 270146 44264 14457
0b001801 0b001901 10234 100 2097152 5738710 306487 44264 13976
0b001801 0b001901 10235 100 2097152 5738711 306487 44264 13496
0b001801 0b001901 10236 100 2097152 5738712 306508 44264 13016
0b001801 0b001901 10237 100 2097152 5738713 306508 44264 12536
0b000901 0b000201 10032 100 2097152 5873613 180237 180639 8681
0b000d01 0b000e01 10218 100 2097152 5877279 184460 176759 10125
0b001401 0b001501 10221 100 2097152 6017014 44673 44264 13524
0b001f01 0b001801 10234 100 2097152 5732815 333368 44264 12063
0b001f01 0b001801 10235 100 2097152 5732816 333368 44264 12543
0b001f01 0b001801 10236 100 2097152 5732817 333368 44264 13023
0b001f01 0b001801 10237 100 2097152 5732818 333368 44264 13503
0b001f01 0b001801 10238 100 2097152 5732828 333380 44264 13519
0b001d01 0b001e01 10236 100 2097152 5878954 187612 44264 11597
0b001d01 0b001e01 10237 100 2097152 5878955 187612 44264 12077
0b001d01 0b001e01 10238 100 2097152 5878957 187611 44264 14957
0b001d01 0b001e01 10239 100 2097152 5878979 187611 44264 12093
0b001301 0b001401 10210 100 2097152 4427086 1642830 176699 11523
0b001301 0b001401 10211 100 2097152 4427086 1642834 176699 12003
0b001301 0b001401 10212 100 2097152 4427086 1642838 176699 12483
0b001301 0b001401 10213 100 2097152 4427086 1642842 176699 12963
0b001301 0b001401 10214 100 2097152 4427086 1642846 176699 13923
0b001301 0b001401 10215 100 2097152 4427086 1642934 176699 14403
0b001301 0b001401 10216 100 2097152 4427086 1642938 176699 14883
0b001601 0b001701 10237 100 2097152 5678741 398922 44264 14470
0b001c01 0b001d01 10236 100 2097152 5889226 204316 44264 11596
0b001c01 0b001d01 10237 100 2097152 5889316 204579 44264 14476
0b001c01 0b001d01 10238 100 2097152 5889317 204579 44264 14956
0b001c01 0b001d01 10239 100 2097152 5889339 204558 44264 11612
0b001901 0b001a01 10236 100 2097152 5816422 279183 44264 14953
0b001901 0b001a01 10237 100 2097152 5819591 279205 44264 14473
0b001601 0b001701 10238 100 2097152 5748014 352600 44264 14006
0b001501 0b001601 10232 100 2097152 6064697 47617 44264 13541
0b001601 0b001701 10239 100 2097152 5805098 308276 44264 13542
0b001e01 0b001701 10035 100 2097152 6069578 48891 48204 14974
0b001e01 0b001f01 10237 100 2097152 5860608 259293 44264 11598
0b001e01 0b001f01 10238 100 2097152 5860609 259293 44264 12078
0b001e01 0b001f01 10239 100 2097152 5860610 259293 44264 12558
0b001e01 0b001f01 10240 100 2097152 5860633 259271 44264 12574
0b001c01 0b001d01 10240 100 2097152 5997403 123987 44264 13484
0b001401 0b001d01 10031 100 2097152 6072942 48949 48204 13940
0b001901 0b001a01 10238 100 2097152 5867882 263123 44264 11593
0b000901 0b000a01 10227 100 2097152 5873617 261368 44264 9161
0b000901 0b000a01 10228 100 2097152 5873744 261770 44264 9641
0b000901 0b000a01 10229 100 2097152 5873745 261773 44264 10121
0b000901 0b000a01 10230 100 2097152 5873746 261776 44264 10601
0b000901 0b000a01 10231 100 2097152 5873747 261779 44264 11081
0b000901 0b000a01 10232 100 2097152 5889594 248981 44264 11097
0b001601 0b001701 10240 100 2097152 5932753 210625 44264 14486
0b001f01 0b001001 10034 100 2097152 5960685 183175 180639 11599
0b001d01 0b001601 10035 100 2097152 6096905 49903 48204 14493
0b001101 0b001201 10218 100 2097152 5230312 933180 176759 12033
0b001601 0b001701 10241 100 2097152 5991402 173396 44264 14022
0b000b01 0b000c01 10210 100 2097152 3741338 2432039 176699 7691
0b000b01 0b000c01 10211 100 2097152 3741338 2432741 176699 8171
0b000b01 0b000c01 10212 100 2097152 3741338 2432742 176699 8651
0b000b01 0b000c01 10213 100 2097152 3741338 2432764 176699 9131
0b000b01 0b000c01 10214 100 2097152 3741338 2433402 176699 10091
0b000b01 0b000c01 10215 100 2097152 3741338 2433403 176699 10571
0b000b01 0b000c01 10216 100 2097152 3741338 2434020 176699 11051
0b001801 0b001901 10238 100 2097152 5874886 325373 44264 14472
0b001b01 0b001c01 10236 100 2097152 5954180 247673 44264 13003
0b001801 0b001901 10239 100 2097152 5879080 327053 44264 13992
0b001a01 0b001301 10034 100 2097152 6031320 180234 180639 13034
0b001801 0b001901 10240 100 2097152 5888114 326996 44264 14952
0b001601 0b001701 10242 100 2097152 6115324 103362 44264 13558
0b001b01 0b001c01 10237 100 2097152 5958252 263863 44264 14955
0b001b01 0b001c01 10238 100 2097152 5958253 263863 44264 14475
0b001b01 0b001c01 10239 100 2097152 5958275 263842 44264 13995
0b001b01 0b001c01 10240 100 2097152 5969981 258054 44264 11611
0b001b01 0b001c01 10241 100 2097152 5971169 257109 44264 14971
0b001901 0b001201 10034 100 2097152 6048231 180234 180639 12553
0b001901 0b001a01 10239 100 2097152 6048207 183109 44264 13993
0b001901 0b001a01 10240 100 2097152 6048208 183130 44264 13513
0b001901 0b001a01 10241 100 2097152 6048230 183109 44264 13033
0b001601 0b001701 10243 100 2097152 6149818 81684 44264 14502
0b001a01 0b001b01 10237 100 2097152 6031321 201664 44264 13514
0b001a01 0b001b01 10238 100 2097152 6031322 201664 44264 13994
0b001a01 0b001b01 10239 100 2097152 6031344 201664 44264 14474
0b001e01 0b001f01 10241 100 2097152 6069576 171607 44264 11614
0b001e01 0b001f01 10242 100 2097152 6069577 171607 44264 12094
0b001e01 0b001f01 10243 100 2097152 6069600 171606 44264 12110
0b001101 0b001201 10219 100 2097152 5579082 663510 176759 12049
0b001801 0b001101 10034 100 2097152 6069193 180274 180639 12072
0b000301 0b000401 10218 100 2097152 4609011 1656206 176759 9155
0b001f01 0b001801 10239 100 2097152 5960686 308140 44264 12079
0b001f01 0b001801 10240 100 2097152 5960687 308161 44264 12559
0b001f01 0b001801 10241 100 2097152 5960709 308140 44264 13039
0b001f01 0b001801 10242 100 2097152 5960719 308131 44264 13055
0b001c01 0b001501 10035 100 2097152 6225127 64293 48204 14012
0b001801 0b001901 10241 100 2097152 5987532 309752 44264 11592
0b001b01 0b001401 10035 100 2097152 6235995 61901 48204 13531
0b001d01 0b001e01 10240 100 2097152 6096552 208122 44264 11613
0b001d01 0b001e01 10241 100 2097152 6096906 209114 44264 14973
0b001d01 0b001e01 10242 100 2097152 6096907 209114 44264 11629
0b000a01 0b000301 10033 100 2097152 6137995 180234 180639 9178
0b001d01 0b001e01 10243 100 2097152 6124400 199976 44264 13501
0b001d01 0b001e01 10244 100 2097152 6124901 199629 44264 13965
0b001b01 0b001c01 10242 100 2097152 6235996 92414 44264 14011
0b001b01 0b001c01 10243 100 2097152 6236018 92414 44264 14491
0b000c01 0b000d01 10210 100 2097152 3677522 2654119 176759 7692
0b000c01 0b000d01 10211 100 2097152 3677522 2655383 176759 8172
0b000c01 0b000d01 10212 100 2097152 3677522 2656731 176759 8652
0b000c01 0b000d01 10213 100 2097152 3677522 2657911 176759 9132
0b000c01 0b000d01 10214 100 2097152 3677522 2659259 176759 9612
0b000c01 0b000d01 10215 100 2097152 3677522 2660439 176759 10572
0b000c01 0b000d01 10216 100 2097152 3677522 2661871 176759 11052
0b000201 0b000301 10218 100 2097152 4608756 1730863 176759 8674
0b001501 0b001601 10233 100 2097152 6292430 47849 44264 14021
0b001a01 0b001b01 10240 100 2097152 6098615 245516 44264 14970
0b001a01 0b001b01 10241 100 2097152 6101806 245494 44264 14490
0b001401 0b001501 10222 100 2097152 6072926 275368 44264 11540
0b001401 0b001501 10223 100 2097152 6072930 275368 44264 12020
0b001401 0b001501 10224 100 2097152 6072934 275368 44264 12500
0b001401 0b001501 10225 100 2097152 6072938 275368 44264 12980
0b001401 0b001501 10226 100 2097152 6073030 275343 44264 14420
0b001401 0b001501 10227 100 2097152 6073034 275343 44264 14900
0b001c01 0b001d01 10241 100 2097152 6204863 148260 44264 13020
0b001e01 0b001701 10036 100 2097152 6309030 48717 48204 14990
0b000a01 0b000b01 10234 100 2097152 6138524 222119 44264 9658
0b000a01 0b000b01 10235 100 2097152 6138528 222119 44264 10138
0b000a01 0b000b01 10236 100 2097152 6138532 222137 44264 10618
0b000a01 0b000b01 10237 100 2097152 6138536 222134 44264 11098
0b000c01 0b000501 10031 100 2097152 6177750 183596 180699 10108
0b000a01 0b000b01 10238 100 2097152 6141585 219839 44264 11114
0b001a01 0b001b01 10242 100 2097152 6134015 232624 44264 11610
0b001f01 0b001001 10035 100 2097152 6122911 246012 180639 11615
0b001101 0b001201 10220 100 2097152 5921966 448398 176759 12065
0b001901 0b001a01 10242 100 2097152 6203269 167822 44264 14489
0b001901 0b001a01 10243 100 2097152 6209143 166305 44264 14009
0b001901 0b001a01 10244 100 2097152 6218120 160937 44264 14969
0b000401 0b000501 10218 100 2097152 4577681 1803534 176759 9636
0b001401 0b001501 10228 100 2097152 6300906 86558 44264 13540
0b001601 0b001701 10244 100 2097152 6343289 45954 44264 14038
0b001801 0b001901 10242 100 2097152 6069194 321254 44264 12552
0b001801 0b001901 10243 100 2097152 6069195 321254 44264 13032
0b001801 0b001901 10244 100 2097152 6069196 321254 44264 13512
0b001801 0b001901 10245 100 2097152 6069218 321254 44264 13528
0b001c01 0b001501 10036 100 2097152 6331420 65354 48204 14028
0b001f01 0b001801 10243 100 2097152 6122912 277683 44264 12095
0b001f01 0b001801 10244 100 2097152 6122913 277683 44264 12575
0b001f01 0b001801 10245 100 2097152 6122923 277674 44264 12591
0b001d01 0b001e01 10245 100 2097152 6356133 46280 44264 13037
0b001a01 0b001301 10035 100 2097152 6234349 180234 180639 13050
0b001501 0b001e01 10032 100 2097152 6351383 64271 48204 14437
0b001a01 0b001b01 10243 100 2097152 6234326 201982 44264 14010
0b001a01 0b001b01 10244 100 2097152 6234348 201961 44264 13530
0b001901 0b001a01 10245 100 2097152 6300294 136108 44264 11609
0b001f01 0b001801 10246 100 2097152 6244194 192569 44264 12111
0b001f01 0b001801 10247 100 2097152 6244216 192548 44264 12127
0b001c01 0b001d01 10242 100 2097152 6225125 229157 44264 14972
0b001c01 0b001d01 10243 100 2097152 6225126 229157 44264 14492
0b001c01 0b001d01 10244 100 2097152 6231045 229311 44264 11628
0b001c01 0b001d01 10245 100 2097152 6231288 229178 44264 14988
0b000701 0b000001 10218 100 2097152 5294776 1170664 176759 11079
0b001b01 0b001c01 10244 100 2097152 6347141 132719 44264 14987
0b001c01 0b001d01 10246 100 2097152 6331442 149137 44264 14508
0b001b01 0b001c01 10245 100 2097152 6350310 138989 44264 14507
0b001f01 0b001001 10036 100 2097152 6244193 249069 180639 11631
0b001e01 0b001f01 10244 100 2097152 6307684 187883 44264 11630
0b001b01 0b001401 10036 100 2097152 6439319 62241 48204 13547
0b001e01 0b001f01 10245 100 2097152 6309031 192974 44264 11646
0b001101 0b001201 10221 100 2097152 6252477 252661 176759 12081
0b001b01 0b001c01 10246 100 2097152 6369649 138967 44264 11627
0b001801 0b001901 10246 100 2097152 6271858 254632 44264 12568
0b001801 0b001901 10247 100 2097152 6271859 254632 44264 13048
0b001801 0b001901 10248 100 2097152 6271869 254623 44264 13064
0b001801 0b001101 10035 100 2097152 6271836 255250 180639 12088
0b000d01 0b000601 10031 100 2097152 6340971 187503 180699 10589
0b001b01 0b001c01 10247 100 2097152 6439318 92531 44264 14027
0b001e01 0b001f01 10246 100 2097152 6327386 210677 44264 13518
0b001e01 0b001f01 10247 100 2097152 6327540 210722 44264 13982
0b001d01 0b001601 10036 100 2097152 6457293 85804 48204 14509
0b000b01 0b000401 10034 100 2097152 6363653 180234 180639 9675
0b001401 0b001501 10229 100 2097152 6504570 46209 44264 13556
0b001901 0b001a01 10246 100 2097152 6393459 162827 44264 13049
0b001901 0b001a01 10247 100 2097152 6393460 162827 44264 13529
0b001901 0b001a01 10248 100 2097152 6393482 162827 44264 13545
0b001d01 0b001601 10037 100 2097152 6483589 81951 48204 14525
0b001801 0b001901 10249 100 2097152 6403606 165941 44264 12584
0b001801 0b001901 10250 100 2097152 6403616 165932 44264 12600
0b001a01 0b001b01 10245 100 2097152 6374101 196843 44264 14506
0b001e01 0b001f01 10248 100 2097152 6405423 172549 44264 13054
0b001a01 0b001b01 10246 100 2097152 6378458 200083 44264 14026
0b001e01 0b001f01 10249 100 2097152 6418664 162081 44264 14462
0b001a01 0b001b01 10247 100 2097152 6382067 200251 44264 14986
0b001d01 0b001e01 10246 100 2097152 6457292 128286 44264 14989
0b001c01 0b001501 10037 100 2097152 6534859 52155 48204 14044
0b001c01 0b001d01 10247 100 2097152 6482870 109990 44264 15004
0b001d01 0b001e01 10247 100 2097152 6463366 134256 44264 11645
0b001d01 0b001e01 10248 100 2097152 6463476 134191 44264 15005
0b001c01 0b001d01 10248 100 2097152 6492309 119384 44264 14524
0b000301 0b000401 10219 100 2097152 4939454 1676111 176759 9171
0b001601 0b001701 10245 100 2097152 6546107 72949 44264 14518
0b001a01 0b001b01 10248 100 2097152 6439412 180230 44264 11626
0b001c01 0b001d01 10249 100 2097152 6511626 109726 44264 11644
0b001901 0b001a01 10249 100 2097152 6529501 105332 44264 13065
0b001901 0b001a01 10250 100 2097152 6529511 105323 44264 13081
0b001901 0b001201 10035 100 2097152 6393458 244830 180639 12569
0b001601 0b001701 10246 100 2097152 6568550 73955 44264 14534
0b001e01 0b001f01 10250 100 2097152 6600632 47441 44264 11662
0b001d01 0b001e01 10249 100 2097152 6595870 63200 44264 15021
0b001e01 0b001701 10037 100 2097152 6588588 83312 48204 15006
0b001501 0b001601 10234 100 2097152 6351304 321623 44264 11557
0b001501 0b001601 10235 100 2097152 6351308 321623 44264 12037
0b001501 0b001601 10236 100 2097152 6351312 321623 44264 12517
0b001501 0b001601 10237 100 2097152 6351316 321623 44264 12997
0b001501 0b001601 10238 100 2097152 6351387 321556 44264 14917
0b001d01 0b001601 10038 100 2097152 6614703 58629 48204 14541
0b001a01 0b001b01 10249 100 2097152 6559297 118006 44264 13546
0b001a01 0b001b01 10250 100 2097152 6559319 118006 44264 13562
0b001f01 0b001801 10248 100 2097152 6541073 140747 44264 13535
0b001f01 0b001801 10249 100 2097152 6541272 141119 44264 13999
0b001d01 0b001e01 10250 100 2097152 6624362 62033 44264 11661
0b000e01 0b000f01 10218 100 2097152 5109917 1579752 176759 7710
0b000e01 0b000f01 10219 100 2097152 5109921 1579752 176759 8190
0b000e01 0b000f01 10220 100 2097152 5110009 1579752 176759 8670
0b000e01 0b000f01 10221 100 2097152 5110013 1579836 176759 9150
0b000e01 0b000f01 10222 100 2097152 5110017 1579836 176759 9630
0b000e01 0b000f01 10223 100 2097152 5110021 1579836 176759 10110
0b000601 0b000701 10218 100 2097152 5382938 1309257 176759 7702
0b000601 0b000701 10219 100 2097152 5383026 1309789 176759 8182
0b000601 0b000701 10220 100 2097152 5383030 1309789 176759 8662
0b000601 0b000701 10221 100 2097152 5383034 1309789 176759 9142
0b000601 0b000701 10222 100 2097152 5383038 1309873 176759 9622
0b000601 0b000701 10223 100 2097152 5383042 1309873 176759 10102
0b000601 0b000701 10224 100 2097152 5383134 1309785 176759 10118
0b000e01 0b000f01 10224 100 2097152 5177073 1527044 176759 10126
0b001501 0b001601 10239 100 2097152 6390474 313510 44264 13557
0b001e01 0b001701 10038 100 2097152 6600677 104548 48204 15022
0b001501 0b001601 10240 100 2097152 6399784 309085 44264 14037
0b001301 0b001401 10217 100 2097152 4828358 1882874 176699 12979
0b001101 0b001201 10222 100 2097152 6530096 184564 176759 12097
0b001b01 0b001c01 10248 100 2097152 6573954 143788 44264 14523
0b001f01 0b001801 10250 100 2097152 6580982 142503 44264 13071
0b001f01 0b001801 10251 100 2097152 6583755 140741 44264 14479
0b001e01 0b001f01 10251 100 2097152 6689405 45689 44264 11678
0b001b01 0b001c01 10249 100 2097152 6581551 158791 44264 14043
0b001b01 0b001c01 10250 100 2097152 6585328 158734 44264 15003
0b001501 0b001601 10241 100 2097152 6553789 201886 44264 13573
0b001b01 0b001c01 10251 100 2097152 6622652 133842 44264 11643
0b001501 0b001601 10242 100 2097152 6590024 170366 44264 14053
0b001401 0b001501 10230 100 2097152 6714242 46184 44264 12996
0b001601 0b001f01 10033 100 2097152 6675953 88178 48204 14934
0b001201 0b001301 10217 100 2097152 4849167 1915593 176759 12498
0b001b01 0b001401 10037 100 2097152 6680313 93965 48204 13563
0b001b01 0b001401 10038 100 2097152 6680335 93968 48204 13579
0b001e01 0b001701 10039 100 2097152 6662080 116415 48204 15038
0b001c01 0b001501 10038 100 2097152 6743352 50156 48204 14060
0b001c01 0b001d01 10250 100 2097152 6720752 77650 44264 14540
0b001f01 0b001801 10252 100 2097152 6767141 46165 44264 14959
0b001701 0b001001 10210 100 2097152 4311795 2510602 176699 12007
0b001701 0b001001 10211 100 2097152 4311795 2510712 176699 12487
0b001701 0b001001 10212 100 2097152 4311795 2510734 176699 12967
0b001701 0b001001 10213 100 2097152 4311795 2510735 176699 13447
0b001701 0b001001 10214 100 2097152 4311795 2510757 176699 13927
0b001701 0b001001 10215 100 2097152 4311795 2510844 176699 14407
0b001701 0b001001 10216 100 2097152 4311795 2510845 176699 14887
0b001501 0b001601 10243 100 2097152 6763436 60184 44264 13013
0b000401 0b000501 10219 100 2097152 4939535 1884432 176759 9652
0b001801 0b001901 10251 100 2097152 6684830 140606 44264 13544
0b001801 0b001901 10252 100 2097152 6685401 142139 44264 14008
0b001801 0b001101 10038 100 2097152 6439783 403853 180639 12136
0b000701 0b000001 10219 100 2097152 5340226 1506638 176759 8183
0b000701 0b000001 10220 100 2097152 5340230 1506638 176759 8663
0b000701 0b000001 10221 100 2097152 5340318 1506554 176759 9143
0b000701 0b000001 10222 100 2097152 5340322 1506554 176759 9623
0b000701 0b000001 10223 100 2097152 5340326 1506554 176759 10103
0b000701 0b000001 10224 100 2097152 5340330 1506554 176759 10583
0b001c01 0b001d01 10251 100 2097152 6747072 101566 44264 15020
0b001d01 0b001601 10039 100 2097152 6801412 48108 48204 14557
0b000701 0b000001 10225 100 2097152 5343502 1506550 176759 10599
0b001c01 0b001d01 10252 100 2097152 6759504 95255 44264 11660
0b001501 0b001601 10244 100 2097152 6796518 61984 44264 14069
0b000601 0b000701 10225 100 2097152 6531484 327579 176759 10598
0b001401 0b001501 10231 100 2097152 6777288 91749 44264 13572
0b001401 0b001501 10232 100 2097152 6777313 91754 44264 13588
0b000701 0b000801 10032 100 2097152 6695205 180256 180639 7719
0b000f01 0b000001 10032 100 2097152 6692679 184146 180699 7727
0b001a01 0b001301 10036 100 2097152 6559296 318918 180639 13066
0b001801 0b001901 10253 100 2097152 6726495 162795 44264 13080
0b001801 0b001901 10254 100 2097152 6727506 162489 44264 14488
0b000e01 0b000f01 10225 100 2097152 5865680 1026797 176759 10606
0b001801 0b001901 10255 100 2097152 6816316 96342 44264 14968
0b001801 0b001101 10037 100 2097152 6439773 475421 180639 12120
0b000e01 0b000f01 10226 100 2097152 6064749 854740 176759 10142
0b000801 0b000901 10226 100 2097152 6878471 44682 44264 7736
0b001d01 0b001e01 10251 100 2097152 6851648 82378 44264 15037
0b001d01 0b001e01 10252 100 2097152 6857769 82225 44264 11677
0b001901 0b001a01 10251 100 2097152 6828446 121878 44264 13561
0b000101 0b000201 10218 100 2097152 5538180 1412757 176759 10577
0b000101 0b000201 10219 100 2097152 5538184 1412757 176759 10097
0b000101 0b000201 10220 100 2097152 5538188 1412757 176759 9617
0b000101 0b000201 10221 100 2097152 5538276 1412673 176759 9137
0b000101 0b000201 10222 100 2097152 5538284 1412669 176759 7697
0b000101 0b000201 10223 100 2097152 5539080 1412225 176759 11057
0b001901 0b001a01 10252 100 2097152 6830550 127985 44264 14025
0b001501 0b001601 10245 100 2097152 6872047 92209 44264 13589
0b001501 0b001601 10246 100 2097152 6872077 92202 44264 13605
0b000901 0b000a01 10233 100 2097152 6926163 44164 44264 7753
0b000f01 0b000801 10218 100 2097152 5265261 1709898 176699 8191
0b000f01 0b000801 10219 100 2097152 5265349 1709821 176699 8671
0b000f01 0b000801 10220 100 2097152 5265353 1709833 176699 9151
0b000f01 0b000801 10221 100 2097152 5265357 1709845 176699 9631
0b000f01 0b000801 10222 100 2097152 5265361 1709857 176699 10111
0b000f01 0b000801 10223 100 2097152 5265365 1709869 176699 10591
0b001801 0b001101 10036 100 2097152 6403605 576957 180639 12104
0b001901 0b001201 10038 100 2097152 6572567 408645 180639 12617
0b001e01 0b001701 10040 100 2097152 6937036 48604 48204 15054
0b001e01 0b001f01 10252 100 2097152 6943004 44164 44264 11694
0b001f01 0b001001 10037 100 2097152 6498577 506328 180639 11647
0b001901 0b001201 10037 100 2097152 6572557 438742 180639 12601
0b000001 0b000101 10218 100 2097152 5246778 1765936 176759 8656
0b000001 0b000101 10219 100 2097152 5246782 1765936 176759 9136
0b000001 0b000101 10220 100 2097152 5246786 1766020 176759 9616
0b000001 0b000101 10221 100 2097152 5246790 1766020 176759 10096
0b000001 0b000101 10222 100 2097152 5246794 1766020 176759 10576
0b000001 0b000101 10223 100 2097152 5246882 1765936 176759 11056
0b000101 0b000201 10224 100 2097152 5743821 1273324 176759 8193
0b000a01 0b000b01 10239 100 2097152 6973337 44688 44264 7770
0b000001 0b000101 10224 100 2097152 5270646 1759736 176759 11072
0b000001 0b000901 10032 100 2097152 6849874 181395 180639 8192
0b001a01 0b001b01 10251 100 2097152 6953334 88040 44264 13578
0b001a01 0b001b01 10252 100 2097152 6961545 88414 44264 14042
0b001901 0b001a01 10253 100 2097152 6892300 158597 44264 13097
0b001901 0b001a01 10254 100 2097152 6893005 158358 44264 14505
0b001901 0b001a01 10255 100 2097152 6915668 141139 44264 14985
0b000101 0b000201 10225 100 2097152 5791732 1268905 176759 7713
0b001001 0b001901 10031 100 2097152 6825407 240309 180639 12016
0b001f01 0b001001 10038 100 2097152 6505015 572474 180639 11663
0b000901 0b000a01 10234 100 2097152 7034279 47811 44264 8217
0b001b01 0b001401 10039 100 2097152 7044384 49174 48204 13595
0b001b01 0b001c01 10252 100 2097152 7052969 46754 44264 14059
0b001901 0b001201 10036 100 2097152 6529500 581255 180639 12585
0b001901 0b001a01 10256 100 2097152 7068726 46207 44264 12041
0b001a01 0b001301 10037 100 2097152 6637843 479115 180639 13082
0b001a01 0b001301 10038 100 2097152 6637853 479709 180639 13098
0b000401 0b000501 10220 100 2097152 5210175 1911056 176759 9668
0b000a01 0b000b01 10240 100 2097152 7085100 44681 44264 8234
0b000201 0b000b01 10032 100 2097152 6953959 180235 180639 9154
0b001601 0b001701 10247 100 2097152 6675937 460216 44264 11574
0b001601 0b001701 10248 100 2097152 6675941 460216 44264 12054
0b001601 0b001701 10249 100 2097152 6675945 460216 44264 12534
0b001601 0b001701 10250 100 2097152 6675949 460216 44264 13014
0b001601 0b001701 10251 100 2097152 6676342 460677 44264 14550
0b001401 0b001501 10233 100 2097152 7096568 44670 44264 13604
0b001a01 0b001b01 10253 100 2097152 7054373 95811 44264 14522
0b001c01 0b001501 10039 100 2097152 7102733 48108 48204 14076
0b000001 0b000101 10225 100 2097152 5464879 1688015 176759 7712
0b001a01 0b001b01 10254 100 2097152 7059817 101350 44264 15002
0b000801 0b000101 10032 100 2097152 6978169 186358 180639 8200
0b000501 0b000601 10218 100 2097152 5682253 1504988 176759 7701
0b000501 0b000601 10219 100 2097152 5682341 1504904 176759 8181
0b000501 0b000601 10220 100 2097152 5682345 1504904 176759 8661
0b000501 0b000601 10221 100 2097152 5682349 1504904 176759 9141
0b000501 0b000601 10222 100 2097152 5682353 1504988 176759 9621
0b000501 0b000601 10223 100 2097152 5682445 1504900 176759 11061
0b000501 0b000601 10224 100 2097152 5682449 1504900 176759 9637
0b001a01 0b001b01 10255 100 2097152 7117943 72510 44264 12058
0b001601 0b001701 10252 100 2097152 6706994 485589 44264 13574
0b001601 0b001701 10253 100 2097152 6711879 487301 44264 14054
0b000801 0b000901 10227 100 2097152 6978180 223078 44264 8680
0b000801 0b000901 10228 100 2097152 6978196 223066 44264 9160
0b000801 0b000901 10229 100 2097152 6978212 223054 44264 9640
0b000801 0b000901 10230 100 2097152 6978228 223042 44264 10120
0b000801 0b000901 10231 100 2097152 6978244 223030 44264 10600
0b001701 0b001801 10034 100 2097152 7139163 62945 48204 11591
0b000101 0b000a01 10032 100 2097152 7015724 188470 180639 8673
0b000f01 0b000801 10224 100 2097152 5570813 1637962 176699 11087
0b001501 0b001601 10247 100 2097152 7144248 82286 44264 13621
0b001501 0b001601 10248 100 2097152 7153851 82717 44264 14085
0b001601 0b001701 10254 100 2097152 6758685 486581 44264 13590
0b001801 0b001901 10256 100 2097152 7205118 44164 44264 11608
0b001601 0b001701 10255 100 2097152 6763400 486625 44264 14070
0b001b01 0b001c01 10253 100 2097152 7153194 98949 44264 14539
0b000a01 0b000b01 10241 100 2097152 7207204 46487 44264 8698
0b000801 0b000901 10232 100 2097152 7211785 46212 44264 11096
0b001a01 0b001301 10039 100 2097152 7053907 214121 180639 13114
0b001b01 0b001c01 10254 100 2097152 7164177 109752 44264 15019
0b000f01 0b000801 10225 100 2097152 5634241 1642590 176699 10607
0b001b01 0b001c01 10255 100 2097152 7193463 95121 44264 12075
0b001901 0b001a01 10257 100 2097152 7252292 44164 44264 11625
0b001601 0b001701 10256 100 2097152 6826630 470972 44264 13030
0b001601 0b001701 10257 100 2097152 6852530 459993 44264 14566
0b000201 0b000301 10219 100 2097152 5525459 1790920 176759 11058
0b000201 0b000301 10220 100 2097152 5525463 1790920 176759 10578
0b000201 0b000301 10221 100 2097152 5525467 1791004 176759 10098
0b000201 0b000301 10222 100 2097152 5525471 1791004 176759 9618
0b000201 0b000301 10223 100 2097152 5525479 1791000 176759 8178
0b000201 0b000301 10224 100 2097152 5525567 1790916 176759 7698
0b001601 0b001701 10258 100 2097152 6861512 455064 44264 14086
0b000801 0b000901 10233 100 2097152 7279841 46194 44264 10616
0b001c01 0b001d01 10253 100 2097152 7255153 85125 44264 14556
0b001f01 0b001001 10039 100 2097152 6651083 691436 180639 11679
0b001a01 0b001b01 10256 100 2097152 7299466 44164 44264 11642
0b001601 0b001701 10259 100 2097152 6967266 383550 44264 13606
0b001601 0b001701 10260 100 2097152 6967289 383531 44264 13622
0b000201 0b000301 10225 100 2097152 5596879 1762376 176759 8194
0b000601 0b000f01 10032 100 2097152 7190355 180548 180699 11078
0b001f01 0b001001 10040 100 2097152 6738104 640047 180639 11695
0b001301 0b001401 10218 100 2097152 5221078 2159006 176699 12995
0b000901 0b000201 10033 100 2097152 7204268 180234 180639 8697
0b001c01 0b001d01 10254 100 2097152 7276939 108281 44264 15036
0b001d01 0b001601 10040 100 2097152 7343288 48411 48204 14573
0b001f01 0b001001 10041 100 2097152 6990178 401681 180639 11711
0b001c01 0b001d01 10255 100 2097152 7291594 101170 44264 12092
0b001b01 0b001c01 10256 100 2097152 7346640 46165 44264 11659
0b001601 0b001701 10261 100 2097152 7229544 168725 44264 13638
0b001601 0b001701 10262 100 2097152 7239578 161160 44264 14102
0b000d01 0b000e01 10219 100 2097152 6334651 1071608 176759 7709
0b000d01 0b000e01 10220 100 2097152 6335915 1076676 176759 8189
0b000d01 0b000e01 10221 100 2097152 6337263 1078064 176759 8669
0b000d01 0b000e01 10222 100 2097152 6338443 1077860 176759 9149
0b000d01 0b000e01 10223 100 2097152 6339791 1077220 176759 9629
0b000d01 0b000e01 10224 100 2097152 6342403 1075140 176759 11069
0b001401 0b001501 10234 100 2097152 7383094 44670 44264 13012
0b000901 0b000a01 10235 100 2097152 7204272 228057 44264 9177
0b000901 0b000a01 10236 100 2097152 7204276 228057 44264 9657
0b000901 0b000a01 10237 100 2097152 7204280 228057 44264 10137
0b000901 0b000a01 10238 100 2097152 7204284 228057 44264 10617
0b001c01 0b001d01 10256 100 2097152 7395815 46178 44264 11676
0b000301 0b000401 10220 100 2097152 5724753 1718132 176759 7699
0b000301 0b000401 10221 100 2097152 5724757 1718132 176759 8179
0b000301 0b000401 10222 100 2097152 5724845 1718048 176759 8659
0b000301 0b000401 10223 100 2097152 5724853 1718128 176759 10099
0b000301 0b000401 10224 100 2097152 5724857 1718128 176759 10579
0b000301 0b000401 10225 100 2097152 5724861 1718128 176759 11059
0b001601 0b001701 10263 100 2097152 7394709 49439 44264 14582
0b000901 0b000a01 10239 100 2097152 7261007 199735 44264 11113
0b000901 0b000a01 10240 100 2097152 7329045 145493 44264 10633
0b001501 0b001601 10249 100 2097152 7430774 44762 44264 13029
0b001d01 0b001e01 10253 100 2097152 7388230 96070 44264 15053
0b001d01 0b001e01 10254 100 2097152 7395774 103356 44264 12109
0b000301 0b000c01 10032 100 2097152 7319485 197081 180699 9635
0b001601 0b001701 10264 100 2097152 7478546 44680 44264 13046
0b001d01 0b001e01 10255 100 2097152 7445003 78620 44264 11693
0b001101 0b001201 10223 100 2097152 6983572 553096 176759 12113
0b001101 0b001201 10224 100 2097152 6983582 553090 176759 12129
0b001101 0b001201 10225 100 2097152 6983592 553168 176759 12145
0b001e01 0b001701 10041 100 2097152 7487310 62262 48204 15070
0b001e01 0b001f01 10253 100 2097152 7502140 65680 44264 12126
0b000501 0b000601 10225 100 2097152 6364356 1212661 176759 10117
0b000501 0b000601 10226 100 2097152 6384225 1200188 176759 9653
0b001e01 0b001f01 10254 100 2097152 7526633 65614 44264 11710
0b000e01 0b000701 10032 100 2097152 7420553 181918 180699 11086
0b001f01 0b001801 10253 100 2097152 7570830 45139 44264 12143
0b000a01 0b000301 10034 100 2097152 7435339 183210 180639 9194
0b000401 0b000d01 10032 100 2097152 7445991 180300 180699 10116
0b000a01 0b000b01 10242 100 2097152 7435343 202591 44264 9674
0b000a01 0b000b01 10243 100 2097152 7435347 202591 44264 10154
0b000a01 0b000b01 10244 100 2097152 7435351 202591 44264 10634
0b000a01 0b000b01 10245 100 2097152 7463752 192467 44264 11130
0b000a01 0b000b01 10246 100 2097152 7477548 182039 44264 10650
0b001201 0b001301 10218 100 2097152 5231846 2439546 176759 12514
0b000401 0b000501 10221 100 2097152 5693867 1981340 176759 7700
0b000401 0b000501 10222 100 2097152 5693871 1981340 176759 8180
0b000401 0b000501 10223 100 2097152 5693875 1981424 176759 8660
0b000401 0b000501 10224 100 2097152 5693879 1981424 176759 9140
0b000401 0b000501 10225 100 2097152 5693971 1981336 176759 10580
0b000401 0b000501 10226 100 2097152 5693975 1981336 176759 11060
0b000301 0b000401 10226 100 2097152 5952169 1735728 176759 8675
0b000501 0b000601 10227 100 2097152 6826977 866920 176759 9669
0b001001 0b001101 10210 100 2097152 4329626 3390384 176759 11520
0b001001 0b001101 10211 100 2097152 4329626 3390388 176759 12480
0b001001 0b001101 10212 100 2097152 4329626 3390392 176759 12960
0b001001 0b001101 10213 100 2097152 4329626 3391712 176759 13440
0b001001 0b001101 10214 100 2097152 4329626 3392416 176759 13920
0b001001 0b001101 10215 100 2097152 4329626 3392420 176759 14400
0b001001 0b001101 10216 100 2097152 4329626 3393040 176759 14880
0b000201 0b000301 10226 100 2097152 6056860 1717847 176759 8690
0b001f01 0b001001 10042 100 2097152 7595257 180234 180639 11727
0b001801 0b001101 10039 100 2097152 7618979 182930 180639 12152
0b000d01 0b000e01 10225 100 2097152 7629301 184462 176759 10141
0b000b01 0b000401 10035 100 2097152 7640944 180234 180639 9691
0b000501 0b000e01 10032 100 2097152 7678317 180300 180699 10597
0b000401 0b000501 10227 100 2097152 5867455 2002884 176759 9156
0b000501 0b000601 10228 100 2097152 7124241 748140 176759 9685
0b001101 0b001a01 10031 100 2097152 7723024 183758 180639 12497
0b001a01 0b001b01 10257 100 2097152 7909792 44164 44264 12522
0b001301 0b001401 10219 100 2097152 5557943 2408541 176699 13011
0b001b01 0b001c01 10257 100 2097152 7956966 44164 44264 12539
0b001401 0b001501 10235 100 2097152 7969494 44670 44264 13028
0b001c01 0b001d01 10257 100 2097152 8004140 44164 44264 12556
0b001501 0b001601 10250 100 2097152 8017174 44164 44264 13045
0b001d01 0b001e01 10256 100 2097152 8051314 44164 44264 12573
0b000301 0b000401 10227 100 2097152 6321239 1774558 176759 9187
0b000001 0b000101 10226 100 2097152 6468450 1628836 176759 11088
0b000701 0b000001 10226 100 2097152 6695825 1411800 176759 8199
0b000701 0b000001 10227 100 2097152 6695829 1411884 176759 8679
0b000701 0b000001 10228 100 2097152 6695833 1411884 176759 9159
0b000701 0b000001 10229 100 2097152 6695921 1411800 176759 9639
0b000701 0b000001 10230 100 2097152 6695925 1411800 176759 10119
0b000701 0b000001 10231 100 2097152 6695935 1411878 176759 10135
0b001601 0b001701 10265 100 2097152 8064348 44685 44264 13062
0b000301 0b000401 10228 100 2097152 6342629 1774556 176759 8691
0b000701 0b000001 10232 100 2097152 6862073 1276720 176759 10615
0b001e01 0b001f01 10255 100 2097152 8098488 44164 44264 12590
0b001f01 0b001801 10254 100 2097152 8145662 44164 44264 12607
0b001801 0b001901 10257 100 2097152 8192836 44164 44264 12616
0b000701 0b000001 10233 100 2097152 7605481 641732 176759 11095
0b000001 0b000901 10033 100 2097152 8110635 180222 180639 8208
0b000401 0b000501 10228 100 2097152 6268227 2034756 176759 9172
0b000901 0b000a01 10241 100 2097152 8293867 44164 44264 8233
0b001301 0b001401 10220 100 2097152 5809595 2534413 176699 11539
0b001301 0b001401 10221 100 2097152 5809599 2534413 176699 12019
0b001301 0b001401 10222 100 2097152 5809603 2534413 176699 12499
0b001301 0b001401 10223 100 2097152 5809695 2534325 176699 13939
0b001301 0b001401 10224 100 2097152 5809699 2534409 176699 14419
0b001301 0b001401 10225 100 2097152 5809787 2534325 176699 14899
0b001301 0b001401 10226 100 2097152 5878414 2504510 176699 13027
0b000a01 0b000b01 10247 100 2097152 8341041 44678 44264 8250
0b001401 0b001d01 10032 100 2097152 8347030 48108 48204 13956
0b001901 0b001201 10039 100 2097152 8240010 180234 180639 12633
0b001d01 0b001e01 10257 100 2097152 8398148 44164 44264 13981
0b000e01 0b000f01 10227 100 2097152 7409269 1073482 176759 7726
0b000f01 0b000801 10226 100 2097152 6692683 1794088 176699 8207
0b000f01 0b000801 10227 100 2097152 6692771 1794088 176699 8687
0b000f01 0b000801 10228 100 2097152 6692859 1794004 176699 9167
0b000f01 0b000801 10229 100 2097152 6692863 1794004 176699 9647
0b000f01 0b000801 10230 100 2097152 6692867 1794004 176699 10127
0b001e01 0b001f01 10256 100 2097152 8445322 44164 44264 13998
0b000f01 0b000801 10231 100 2097152 6707127 1784224 176699 10143
0b000101 0b000201 10226 100 2097152 7015728 1489201 176759 9153
0b000101 0b000201 10227 100 2097152 7015816 1489117 176759 9633
0b000101 0b000201 10228 100 2097152 7015820 1489117 176759 10113
0b000101 0b000201 10229 100 2097152 7015824 1489201 176759 10593
0b000101 0b000201 10230 100 2097152 7015828 1489201 176759 11073
0b000101 0b000201 10231 100 2097152 7033392 1483845 176759 11089
0b000e01 0b000f01 10228 100 2097152 7415601 1104536 176759 8206
0b000e01 0b000f01 10229 100 2097152 7418337 1108924 176759 8686
0b000e01 0b000f01 10230 100 2097152 7419313 1109008 176759 9166
0b000e01 0b000f01 10231 100 2097152 7420021 1108832 176759 9646
0b000f01 0b000801 10232 100 2097152 6895487 1638088 176699 10623
0b001f01 0b001801 10255 100 2097152 8492496 44164 44264 14015
0b000f01 0b000801 10233 100 2097152 6922499 1615028 176699 10159
0b001201 0b001301 10219 100 2097152 5579230 2971140 176759 12530
0b000101 0b000201 10232 100 2097152 7155904 1423425 176759 7729
0b000101 0b000201 10233 100 2097152 7167537 1415308 176759 8209
0b001801 0b001901 10258 100 2097152 8539670 44164 44264 14024
0b000b01 0b000c01 10217 100 2097152 4263971 4324861 176699 9147
0b001301 0b001401 10227 100 2097152 6214564 2375620 176699 13043
0b000401 0b000501 10229 100 2097152 6546897 2051330 176759 9684
0b001401 0b001501 10236 100 2097152 8347018 261800 44264 11556
0b001401 0b001501 10237 100 2097152 8347022 261800 44264 12036
0b001401 0b001501 10238 100 2097152 8347026 261800 44264 12516
0b001401 0b001501 10239 100 2097152 8347118 261798 44264 14436
0b001401 0b001501 10240 100 2097152 8347122 261798 44264 14916
0b001401 0b001501 10241 100 2097152 8385934 238937 44264 13044
0b000001 0b000101 10227 100 2097152 6849878 1777737 176759 8672
0b000001 0b000101 10228 100 2097152 6849882 1777749 176759 9152
0b000001 0b000101 10229 100 2097152 6849886 1777761 176759 9632
0b000001 0b000101 10230 100 2097152 6849890 1777845 176759 10112
0b000001 0b000101 10231 100 2097152 6849894 1777845 176759 10592
0b000001 0b000101 10232 100 2097152 6853062 1776217 176759 10608
0b001901 0b001a01 10258 100 2097152 8586844 44164 44264 14041
0b000001 0b000101 10233 100 2097152 6879835 1763524 176759 7728
0b001501 0b001e01 10033 100 2097152 8611926 48108 48204 14453
0b001401 0b001501 10242 100 2097152 8593194 67404 44264 13060
0b000401 0b000501 10230 100 2097152 6618575 2044776 176759 9188
0b000f01 0b000001 10033 100 2097152 8485761 180300 180699 7743
0b000801 0b000101 10033 100 2097152 8489781 181185 180639 8216
0b001a01 0b001b01 10258 100 2097152 8634018 44164 44264 14058
0b000201 0b000b01 10033 100 2097152 8507939 180222 180639 9170
0b000e01 0b000f01 10232 100 2097152 7816773 874464 176759 10158
0b000e01 0b000f01 10233 100 2097152 7861627 837798 176759 10622
0b000f01 0b000801 10234 100 2097152 7373913 1326682 176699 11103
0b001e01 0b001f01 10257 100 2097152 8663044 44164 44264 14478
0b000c01 0b000d01 10217 100 2097152 4247914 4476471 176759 9628
0b001b01 0b001c01 10258 100 2097152 8681192 44164 44264 14075
0b000601 0b000701 10226 100 2097152 7190251 1535584 176759 7718
0b000601 0b000701 10227 100 2097152 7190255 1535584 176759 8198
0b000601 0b000701 10228 100 2097152 7190259 1535668 176759 8678
0b000601 0b000701 10229 100 2097152 7190263 1535668 176759 9158
0b000601 0b000701 10230 100 2097152 7190351 1535584 176759 9638
0b000601 0b000701 10231 100 2097152 7190361 1535578 176759 9654
0b001301 0b001401 10228 100 2097152 6417593 2320435 176699 13059
0b000201 0b000301 10227 100 2097152 6953947 1788856 176759 10594
0b000201 0b000301 10228 100 2097152 6953951 1788856 176759 10114
0b000201 0b000301 10229 100 2097152 6953955 1788856 176759 9634
0b000201 0b000301 10230 100 2097152 6953963 1788936 176759 7714
0b000201 0b000301 10231 100 2097152 6954315 1789640 176759 11074
0b001f01 0b001801 10256 100 2097152 8710218 44164 44264 14495
0b001c01 0b001501 10040 100 2097152 8728366 48399 48204 14092
0b001401 0b001501 10243 100 2097152 8741038 46209 44264 13076
0b000801 0b000901 10234 100 2097152 8489869 301904 44264 8696
0b000801 0b000901 10235 100 2097152 8489873 301904 44264 9176
0b000801 0b000901 10236 100 2097152 8489877 301904 44264 9656
0b000801 0b000901 10237 100 2097152 8489881 301904 44264 10136
0b000201 0b000301 10232 100 2097152 7020155 1773964 176759 8210
0b000801 0b000901 10238 100 2097152 8494361 301908 44264 10152
0b001801 0b001901 10259 100 2097152 8757392 44164 44264 14504
0b000101 0b000a01 10033 100 2097152 8630625 182006 180639 8689
0b000201 0b000301 10233 100 2097152 7063647 1758196 176759 7730
0b000801 0b000901 10239 100 2097152 8536585 285977 44264 10632
0b000801 0b000901 10240 100 2097152 8540537 283395 44264 10168
0b000801 0b000901 10241 100 2097152 8703605 144435 44264 11112
0b001901 0b001a01 10259 100 2097152 8804566 44164 44264 14521
0b000a01 0b000b01 10248 100 2097152 8815641 46911 44264 8714
0b001501 0b001601 10251 100 2097152 8611828 281308 44264 11573
0b001501 0b001601 10252 100 2097152 8611832 281308 44264 12053
0b001501 0b001601 10253 100 2097152 8611836 281308 44264 12533
0b001501 0b001601 10254 100 2097152 8611930 281323 44264 14933
0b001a01 0b001b01 10259 100 2097152 8851740 44164 44264 14538
0b000d01 0b000e01 10226 100 2097152 8727395 178824 176759 9645
0b001501 0b001601 10255 100 2097152 8627881 281144 44264 13061
0b000701 0b000801 10033 100 2097152 8728845 180370 180639 7735
0b000301 0b000c01 10033 100 2097152 8745821 180300 180699 9651
0b001501 0b001601 10256 100 2097152 8663608 266892 44264 13077
0b000501 0b000601 10229 100 2097152 7678217 1257876 176759 7717
0b000501 0b000601 10230 100 2097152 7678221 1257876 176759 8197
0b000501 0b000601 10231 100 2097152 7678309 1257876 176759 8677
0b000501 0b000601 10232 100 2097152 7678313 1257960 176759 9157
0b000501 0b000601 10233 100 2097152 7678321 1257956 176759 11077
0b001b01 0b001c01 10259 100 2097152 8898914 44164 44264 14555
0b001601 0b001f01 10034 100 2097152 8896263 48490 48204 14950
0b001301 0b001401 10229 100 2097152 6767770 2177250 176699 12515
0b000801 0b000901 10242 100 2097152 8912225 46235 44264 7752
0b001201 0b001301 10220 100 2097152 5762310 3201672 176759 11538
0b001201 0b001301 10221 100 2097152 5762314 3201672 176759 12018
0b001201 0b001301 10222 100 2097152 5762406 3201584 176759 13458
0b001201 0b001301 10223 100 2097152 5762410 3201584 176759 13938
0b001201 0b001301 10224 100 2097152 5762414 3201668 176759 14418
0b001201 0b001301 10225 100 2097152 5762418 3201668 176759 14898
0b001501 0b001601 10257 100 2097152 8779775 191413 44264 14101
0b001501 0b001601 10258 100 2097152 8790257 182492 44264 13093
0b000901 0b000201 10034 100 2097152 8794783 180234 180639 8713
0b001c01 0b001d01 10258 100 2097152 8946088 44164 44264 14572
0b001f01 0b001801 10257 100 2097152 8947763 44164 44264 14975
0b001401 0b001501 10244 100 2097152 8948030 45250 44264 12532
0b001101 0b001201 10226 100 2097152 7723020 1272520 176759 11537
0b001101 0b001201 10227 100 2097152 7723028 1272516 176759 12977
0b001101 0b001201 10228 100 2097152 7724348 1274268 176759 13457
0b001101 0b001201 10229 100 2097152 7725052 1274624 176759 13937
0b001101 0b001201 10230 100 2097152 7725056 1274624 176759 14417
0b001101 0b001201 10231 100 2097152 7725676 1274184 176759 14897
0b001301 0b001401 10230 100 2097152 6881224 2131824 176699 13075
0b001101 0b001201 10232 100 2097152 7804919 1208381 176759 12161
0b000201 0b000301 10234 100 2097152 7387512 1641311 176759 8706
0b000601 0b000701 10232 100 2097152 7580027 1452236 176759 10134
0b001801 0b001901 10260 100 2097152 8994937 44164 44264 14984
0b000601 0b000701 10233 100 2097152 7587423 1452236 176759 9670
0b001d01 0b001601 10041 100 2097152 8993262 48635 48204 14589
0b001501 0b001601 10259 100 2097152 8996290 47143 44264 12549
0b001401 0b001501 10245 100 2097152 9016058 45365 44264 13092
0b000501 0b000601 10234 100 2097152 7873349 1191412 176759 9173
0b000101 0b000201 10234 100 2097152 8100296 968937 176759 11105
0b001901 0b001a01 10260 100 2097152 9042111 44164 44264 15001
0b000e01 0b000f01 10234 100 2097152 8909229 184400 176759 9662
0b000901 0b000a01 10242 100 2097152 8794787 300792 44264 9193
0b000901 0b000a01 10243 100 2097152 8794791 300792 44264 9673
0b000901 0b000a01 10244 100 2097152 8794795 300792 44264 10153
0b000901 0b000a01 10245 100 2097152 8799279 303635 44264 10169
0b001501 0b001601 10260 100 2097152 9064433 46198 44264 13109
0b000301 0b000401 10229 100 2097152 7319389 1797788 176759 11075
0b000301 0b000401 10230 100 2097152 7319393 1797788 176759 10595
0b000301 0b000401 10231 100 2097152 7319481 1797704 176759 10115
0b000301 0b000401 10232 100 2097152 7319489 1797700 176759 8195
0b000301 0b000401 10233 100 2097152 7319493 1797784 176759 7715
0b000601 0b000f01 10033 100 2097152 8939287 180666 180699 11094
0b000901 0b000a01 10246 100 2097152 8825572 303525 44264 10649
0b000901 0b000a01 10247 100 2097152 8826942 303014 44264 10185
0b000601 0b000701 10234 100 2097152 7696907 1433588 176759 9686
0b001a01 0b001b01 10260 100 2097152 9089285 44164 44264 15018
0b000901 0b000a01 10248 100 2097152 8851050 286938 44264 11129
0b000301 0b000401 10234 100 2097152 7362265 1784936 176759 8211
0b001301 0b001c01 10032 100 2097152 8967000 180222 180639 13475
0b000901 0b000a01 10249 100 2097152 8961470 192712 44264 7769
0b001201 0b001b01 10032 100 2097152 8998554 180222 180639 12994
0b001b01 0b001c01 10260 100 2097152 9136459 45552 44264 15035
0b001601 0b001701 10266 100 2097152 8896146 306885 44264 11590
0b001601 0b001701 10267 100 2097152 8896150 306885 44264 12070
0b001601 0b001701 10268 100 2097152 8896154 306885 44264 12550
0b001301 0b001401 10231 100 2097152 7119968 2083432 176699 13091
0b001301 0b001401 10232 100 2097152 7120572 2083708 176699 13107
0b001c01 0b001d01 10259 100 2097152 9150232 58951 44264 13500
0b000b01 0b000c01 10218 100 2097152 4394413 4823148 176699 7707
0b000b01 0b000c01 10219 100 2097152 4394435 4823211 176699 8187
0b000b01 0b000c01 10220 100 2097152 4394436 4823211 176699 8667
0b000b01 0b000c01 10221 100 2097152 4394438 4823210 176699 10107
0b000b01 0b000c01 10222 100 2097152 4394460 4823189 176699 10587
0b000b01 0b000c01 10223 100 2097152 4394461 4823189 176699 11067
0b001b01 0b001c01 10261 100 2097152 9181786 46322 44264 13019
0b001601 0b001701 10269 100 2097152 8912035 326706 44264 13078
0b000601 0b000701 10235 100 2097152 7875391 1373908 176759 9702
0b001c01 0b001d01 10260 100 2097152 9185021 68829 44264 15052
0b001701 0b001801 10035 100 2097152 9206041 48108 48204 11607
0b001d01 0b001e01 10258 100 2097152 9212193 49201 44264 13517
0b001601 0b001701 10270 100 2097152 8933510 336340 44264 13094
0b000b01 0b000c01 10224 100 2097152 4424184 4853629 176699 8683
0b000a01 0b000301 10035 100 2097152 9098589 180243 180639 9210
0b000501 0b000601 10235 100 2097152 8305993 975252 176759 9189
0b001301 0b001401 10233 100 2097152 7271038 2017198 176699 13123
0b001c01 0b001d01 10261 100 2097152 9231118 57544 44264 13036
0b001401 0b001501 10246 100 2097152 9206410 90045 44264 13108
0b001401 0b001501 10247 100 2097152 9207290 90925 44264 13124
0b000401 0b000d01 10033 100 2097152 9120195 180320 180699 10132
0b001801 0b001901 10261 100 2097152 9257159 44164 44264 11624
0b001601 0b001701 10271 100 2097152 8974198 335100 44264 14118
0b001601 0b001701 10272 100 2097152 8975759 334554 44264 13110
0b001e01 0b001f01 10258 100 2097152 9264404 47265 44264 13534
0b001201 0b001301 10226 100 2097152 5948912 3365576 176759 12546
0b001d01 0b001e01 10259 100 2097152 9256860 60115 44264 15069
0b001601 0b001701 10273 100 2097152 9044907 294558 44264 14598
0b001601 0b001701 10274 100 2097152 9046443 293398 44264 12566
0b001401 0b001501 10248 100 2097152 9291246 50316 44264 13140
0b001601 0b001701 10275 100 2097152 9113641 233812 44264 13126
0b001901 0b001a01 10261 100 2097152 9304333 44164 44264 11641
0b001d01 0b001e01 10260 100 2097152 9291672 57248 44264 13053
0b000a01 0b000b01 10249 100 2097152 9098593 256203 44264 9690
0b000a01 0b000b01 10250 100 2097152 9098597 256203 44264 10170
0b001f01 0b001801 10258 100 2097152 9314679 44810 44264 13551
0b000501 0b000601 10236 100 2097152 8601237 764316 176759 9701
0b001e01 0b001701 10042 100 2097152 9319985 48108 48204 15086
0b000a01 0b000b01 10251 100 2097152 9105924 266516 44264 10186
0b000501 0b000601 10237 100 2097152 8666361 707292 176759 9205
0b000301 0b000401 10235 100 2097152 7621559 1764038 176759 9203
0b001a01 0b001b01 10261 100 2097152 9351507 44164 44264 11658
0b001e01 0b001f01 10259 100 2097152 9351930 44491 44264 13070
0b000c01 0b000501 10032 100 2097152 9220658 180300 180699 10124
0b000a01 0b000b01 10252 100 2097152 9132107 274080 44264 10666
0b000a01 0b000b01 10253 100 2097152 9132966 273798 44264 10202
0b001801 0b001901 10262 100 2097152 9362499 44842 44264 13560
0b001501 0b001601 10261 100 2097152 9299465 110414 44264 13125
0b000a01 0b000b01 10254 100 2097152 9140998 268890 44264 11146
0b000a01 0b000b01 10255 100 2097152 9157192 255320 44264 7786
0b001501 0b001601 10262 100 2097152 9301225 111981 44264 13141
0b001501 0b001601 10263 100 2097152 9344572 90329 44264 13157
0b001b01 0b001c01 10262 100 2097152 9398681 44164 44264 11675
0b001f01 0b001801 10259 100 2097152 9399431 44506 44264 13087
0b001901 0b001a01 10262 100 2097152 9410351 44879 44264 13577
0b001201 0b001301 10227 100 2097152 6027210 3451434 176759 12034
0b000401 0b000501 10231 100 2097152 7445895 2040464 176759 7716
0b000401 0b000501 10232 100 2097152 7445899 2040464 176759 8196
0b000401 0b000501 10233 100 2097152 7445903 2040464 176759 8676
0b000401 0b000501 10234 100 2097152 7445995 2040376 176759 10596
0b000401 0b000501 10235 100 2097152 7445999 2040460 176759 11076
0b000d01 0b000e01 10227 100 2097152 9303525 183310 176759 10157
0b001c01 0b001d01 10262 100 2097152 9445855 44164 44264 11692
0b001801 0b001901 10263 100 2097152 9446947 44522 44264 13096
0b001301 0b001401 10234 100 2097152 7674402 1826214 176699 12531
0b001a01 0b001b01 10262 100 2097152 9458240 44917 44264 13594
0b001601 0b001701 10276 100 2097152 9412889 117583 44264 13142
0b000301 0b000401 10236 100 2097152 7777717 1757572 176759 8707
0b001601 0b001701 10277 100 2097152 9416216 120689 44264 13158
0b001d01 0b001e01 10261 100 2097152 9493029 44164 44264 11709
0b000b01 0b000401 10036 100 2097152 9357806 180234 180639 9707
0b001901 0b001a01 10263 100 2097152 9494479 44539 44264 13113
0b001601 0b001701 10278 100 2097152 9437911 109524 44264 13174
0b001401 0b001501 10249 100 2097152 9503626 44670 44264 12548
0b001b01 0b001401 10040 100 2097152 9506167 51924 48204 13611
0b001e01 0b001f01 10260 100 2097152 9540203 44164 44264 11726
0b001501 0b001601 10264 100 2097152 9551306 47033 44264 12565
0b001401 0b001501 10250 100 2097152 9561101 45799 44264 13620
0b001601 0b001701 10279 100 2097152 9601349 47563 44264 12582
0b001501 0b001601 10265 100 2097152 9609910 45862 44264 13637
0b000501 0b000e01 10033 100 2097152 9489381 180300 180699 10613
0b000e01 0b000f01 10235 100 2097152 9489845 184384 176759 10174
0b000401 0b000501 10236 100 2097152 7690907 1989612 176759 8692
0b000f01 0b000801 10235 100 2097152 8523147 1179412 176699 8223
0b001601 0b001701 10280 100 2097152 9658782 44688 44264 13654
0b001a01 0b001301 10040 100 2097152 9542028 180234 180639 13130
0b001201 0b001301 10228 100 2097152 6166502 3565082 176759 12050
0b000f01 0b000801 10236 100 2097152 8530271 1212776 176699 8703
0b000f01 0b000801 10237 100 2097152 8531331 1214268 176699 9183
0b000f01 0b000801 10238 100 2097152 8531863 1214352 176699 9663
0b001f01 0b001001 10043 100 2097152 9587377 180251 180639 11743
0b000001 0b000101 10234 100 2097152 8110723 1683960 176759 8688
0b000001 0b000101 10235 100 2097152 8110727 1684044 176759 9168
0b000001 0b000101 10236 100 2097152 8110731 1684044 176759 9648
0b000001 0b000101 10237 100 2097152 8110735 1684044 176759 10128
0b000001 0b000101 10238 100 2097152 8110823 1683960 176759 10144
0b000001 0b000101 10239 100 2097152 8141803 1660640 176759 10624
0b000001 0b000101 10240 100 2097152 8250223 1568944 176759 11104
0b000401 0b000501 10237 100 2097152 7824188 2002503 176759 9700
0b001201 0b001301 10229 100 2097152 6231475 3601937 176759 12562
0b001201 0b001301 10230 100 2097152 6245602 3606822 176759 12066
0b000001 0b000101 10241 100 2097152 8669071 1185900 176759 7744
0b000e01 0b000f01 10236 100 2097152 9672691 186058 176759 10638
0b000801 0b000901 10243 100 2097152 9746057 128369 44264 8712
0b000801 0b000901 10244 100 2097152 9748609 130922 44264 9192
0b000801 0b000901 10245 100 2097152 9749225 130626 44264 9672
0b000801 0b000101 10034 100 2097152 9705569 183505 180639 8232
0b000f01 0b000801 10239 100 2097152 8694247 1215482 176699 10175
0b000f01 0b000801 10240 100 2097152 8702435 1214464 176699 10639
0b000901 0b000a01 10250 100 2097152 9882541 92654 44264 9209
0b000901 0b000a01 10251 100 2097152 9882861 92686 44264 9689
0b000101 0b000a01 10034 100 2097152 9797693 184370 180639 8705
0b000801 0b000901 10246 100 2097152 9912739 83904 44264 10184
0b000801 0b000901 10247 100 2097152 9919909 83893 44264 10648
0b001201 0b001301 10231 100 2097152 6373374 3634302 176759 12082
0b000901 0b000201 10035 100 2097152 9877436 180255 180639 8729
0b000a01 0b000b01 10256 100 2097152 9978557 87295 44264 9706
0b000a01 0b000b01 10257 100 2097152 9985073 87915 44264 8730
0b000501 0b000601 10238 100 2097152 9403968 677933 176759 10133
0b000901 0b000a01 10252 100 2097152 9999653 84458 44264 10201
0b000901 0b000a01 10253 100 2097152 10006812 84306 44264 10665
0b000401 0b000501 10238 100 2097152 8098807 1998928 176759 9204
0b000701 0b000001 10234 100 2097152 8728849 1373072 176759 8215
0b000701 0b000001 10235 100 2097152 8728937 1372988 176759 8695
0b000701 0b000001 10236 100 2097152 8728941 1372988 176759 9175
0b000701 0b000001 10237 100 2097152 8728945 1372988 176759 9655
0b000701 0b000001 10238 100 2097152 8728955 1372982 176759 9671
0b000401 0b000501 10239 100 2097152 8120195 1994968 176759 8708
0b000101 0b000201 10235 100 2097152 8630641 1512972 176759 9169
0b000101 0b000201 10236 100 2097152 8630657 1512960 176759 9649
0b000101 0b000201 10237 100 2097152 8630745 1512960 176759 10129
0b000101 0b000201 10238 100 2097152 8630749 1512960 176759 10609
0b000101 0b000201 10239 100 2097152 8632289 1514328 176759 10625
0b001201 0b001301 10232 100 2097152 6508148 3642812 176759 12098
0b000a01 0b000301 10036 100 2097152 9978205 180234 180639 9226
0b000a01 0b000b01 10258 100 2097152 10087121 82488 44264 10218
0b000101 0b000201 10240 100 2097152 8646369 1524012 176759 7745
0b000f01 0b000801 10241 100 2097152 9096639 1077638 176699 9679
0b000a01 0b000b01 10259 100 2097152 10094128 82377 44264 10682
0b000f01 0b000801 10242 100 2097152 9122963 1062437 176699 11119
0b000101 0b000201 10241 100 2097152 8673976 1532049 176759 8225
0b001301 0b001401 10235 100 2097152 8553380 1671204 176699 12547
0b000b01 0b000401 10037 100 2097152 10068862 180234 180639 9723
0b000801 0b000901 10248 100 2097152 10177287 78147 44264 9688
0b000801 0b000901 10249 100 2097152 10188410 78424 44264 11128
0b001401 0b001501 10251 100 2097152 10227594 44673 44264 12564
0b001201 0b001301 10233 100 2097152 6641298 3636150 176759 12578
0b000b01 0b000c01 10225 100 2097152 4756289 5521635 176699 7723
0b000b01 0b000c01 10226 100 2097152 4756290 5521650 176699 8203
0b000b01 0b000c01 10227 100 2097152 4756292 5522084 176699 10123
0b000b01 0b000c01 10228 100 2097152 4756293 5522519 176699 10603
0b000b01 0b000c01 10229 100 2097152 4756294 5522534 176699 11083
0b000b01 0b000c01 10230 100 2097152 4761004 5520957 176699 8219
0b000001 0b000901 10034 100 2097152 10104931 180222 180639 8224
0b001501 0b001601 10266 100 2097152 10275277 44164 44264 12581
0b000f01 0b000801 10243 100 2097152 9677239 644574 176699 10191
0b000201 0b000301 10235 100 2097152 8507943 1816368 176759 9650
0b000201 0b000301 10236 100 2097152 8507947 1816368 176759 10130
0b000201 0b000301 10237 100 2097152 8508035 1816284 176759 10610
0b000201 0b000301 10238 100 2097152 8508039 1816368 176759 11090
0b000201 0b000b01 10034 100 2097152 10146623 180222 180639 9186
0b000601 0b000701 10236 100 2097152 8939103 1394859 176759 7734
0b000601 0b000701 10237 100 2097152 8939107 1394859 176759 8214
0b000601 0b000701 10238 100 2097152 8939195 1394775 176759 8694
0b000601 0b000701 10239 100 2097152 8939283 1394691 176759 9174
0b000201 0b000301 10239 100 2097152 8520247 1816836 176759 11106
0b001201 0b001301 10234 100 2097152 6717670 3622530 176759 12114
0b000f01 0b000801 10244 100 2097152 9861759 490581 176699 10655
0b000701 0b000001 10239 100 2097152 9035273 1318060 176759 10151
0b000701 0b000001 10240 100 2097152 9042669 1318060 176759 9687
0b000901 0b000a01 10254 100 2097152 10258444 104469 44264 9705
0b001601 0b001701 10281 100 2097152 10322451 44687 44264 12598
0b000801 0b000901 10250 100 2097152 10324823 60654 44264 10200
0b000901 0b000a01 10255 100 2097152 10269844 117180 44264 11145
0b000201 0b000301 10240 100 2097152 8582339 1807020 176759 7746
0b000201 0b000301 10241 100 2097152 8585855 1806148 176759 8226
0b000901 0b000a01 10256 100 2097152 10288163 114757 44264 8249
0b000801 0b000901 10251 100 2097152 10355350 61705 44264 10664
0b000601 0b000701 10240 100 2097152 9067771 1352971 176759 9190
0b000701 0b000001 10241 100 2097152 9133505 1292012 176759 9703
0b000a01 0b000b01 10260 100 2097152 10365923 83843 44264 9722
0b000901 0b000a01 10257 100 2097152 10388487 71834 44264 10217
0b000c01 0b000501 10033 100 2097152 10281386 192797 180699 10140
0b000901 0b000a01 10258 100 2097152 10420065 66307 44264 10681
0b000701 0b000001 10242 100 2097152 9252309 1247656 176759 9719
0b000301 0b000c01 10034 100 2097152 10327321 186604 180699 9667
0b000701 0b000801 10034 100 2097152 10336972 180222 180639 7751
0b000a01 0b000b01 10261 100 2097152 10390034 129656 44264 11162
0b000a01 0b000b01 10262 100 2097152 10405930 136773 44264 8266
0b000301 0b000401 10237 100 2097152 8745813 1809780 176759 10611
0b000301 0b000401 10238 100 2097152 8745817 1809780 176759 10131
0b000301 0b000401 10239 100 2097152 8745909 1809692 176759 7731
0b000301 0b000401 10240 100 2097152 8746965 1809696 176759 11091
0b000601 0b000701 10241 100 2097152 9284255 1279755 176759 9206
0b000801 0b000901 10252 100 2097152 10520204 44164 44264 7768
0b000a01 0b000b01 10263 100 2097152 10463331 122038 44264 10234
0b000a01 0b000b01 10264 100 2097152 10489382 104827 44264 10698
0b000301 0b000401 10241 100 2097152 8797129 1806000 176759 8227
0b000601 0b000701 10242 100 2097152 9368563 1237427 176759 9718
0b000601 0b000701 10243 100 2097152 9376663 1231619 176759 9222
0b000901 0b000a01 10259 100 2097152 10567378 45367 44264 7785
0b000301 0b000401 10242 100 2097152 8824853 1799484 176759 7747
0b000b01 0b000401 10038 100 2097152 10452776 182816 180639 9739
0b001201 0b001301 10235 100 2097152 7113765 3535791 176759 12594
0b001201 0b001301 10236 100 2097152 7113775 3535869 176759 12610
0b001201 0b001301 10237 100 2097152 7113785 3535863 176759 12626
0b000b01 0b000c01 10231 100 2097152 5026895 5633488 176699 7739
0b000b01 0b000c01 10232 100 2097152 5026903 5633481 176699 10139
0b000b01 0b000c01 10233 100 2097152 5026925 5633460 176699 10619
0b000b01 0b000c01 10234 100 2097152 5026926 5633460 176699 11099
0b000b01 0b000c01 10235 100 2097152 5026927 5633460 176699 7755
0b000a01 0b000b01 10265 100 2097152 10615755 44676 44264 7802
0b000601 0b000701 10244 100 2097152 10084911 612079 176759 10150
0b000201 0b000301 10242 100 2097152 8978027 1757708 176759 8722
0b000401 0b000d01 10034 100 2097152 10558607 183972 180699 10148
0b000301 0b000401 10243 100 2097152 9031833 1727516 176759 8723
0b000501 0b000601 10239 100 2097152 9489369 1301428 176759 7733
0b000501 0b000601 10240 100 2097152 9489373 1301428 176759 8213
0b000501 0b000601 10241 100 2097152 9489377 1301428 176759 8693
0b000501 0b000601 10242 100 2097152 9489469 1301340 176759 11093
0b000201 0b000301 10243 100 2097152 9072243 1752284 176759 11122
0b000c01 0b000501 10034 100 2097152 10663394 180300 180699 10156
0b001201 0b001301 10238 100 2097152 7539678 3322514 176759 12130
0b001201 0b001301 10239 100 2097152 7539688 3322508 176759 12146
0b001201 0b001301 10240 100 2097152 7539770 3322430 176759 12162
0b000d01 0b000e01 10228 100 2097152 10745589 182498 176759 10173
0b000601 0b000f01 10034 100 2097152 10793819 180300 180699 11110
0b000301 0b000401 10244 100 2097152 9281842 1706591 176759 9219
0b000501 0b000601 10243 100 2097152 9683529 1329040 176759 8709
0b000e01 0b000f01 10237 100 2097152 10931097 182326 176759 10190
0b000501 0b000601 10244 100 2097152 9829701 1304752 176759 9717
0b001201 0b001301 10241 100 2097152 8423254 2720486 176759 12642
0b001301 0b001401 10236 100 2097152 8966992 2227256 176699 11555
0b001301 0b001401 10237 100 2097152 8966996 2227340 176699 12035
0b001301 0b001401 10238 100 2097152 8967004 2227336 176699 13955
0b001301 0b001401 10239 100 2097152 8967092 2227252 176699 14435
0b001301 0b001401 10240 100 2097152 8967096 2227252 176699 14915
0b000f01 0b000801 10245 100 2097152 10977129 225578 176699 11135
0b001401 0b001d01 10033 100 2097152 11197350 48108 48204 13972
0b000801 0b000901 10253 100 2097152 11205717 44694 44264 11144
0b000501 0b000601 10245 100 2097152 10100745 1190352 176759 9221
0b001d01 0b001e01 10262 100 2097152 11248468 44164 44264 13997
0b000901 0b000a01 10260 100 2097152 11253421 44164 44264 11161
0b000001 0b000101 10242 100 2097152 10104935 1193112 176759 8704
0b000001 0b000101 10243 100 2097152 10104939 1193196 176759 9184
0b000001 0b000101 10244 100 2097152 10104943 1193196 176759 9664
0b000001 0b000101 10245 100 2097152 10104953 1193190 176759 9680
0b000501 0b000601 10246 100 2097152 10118173 1180320 176759 8725
0b001201 0b001301 10242 100 2097152 8998550 2311322 176759 11554
0b001201 0b001301 10243 100 2097152 9001626 2309130 176759 13474
0b001201 0b001301 10244 100 2097152 9002686 2308074 176759 13954
0b001201 0b001301 10245 100 2097152 9002690 2308074 176759 14434
0b001201 0b001301 10246 100 2097152 9002870 2307982 176759 14914
0b001201 0b001301 10247 100 2097152 9016310 2295418 176759 12178
0b000401 0b000501 10240 100 2097152 9120187 2196840 176759 11092
0b000401 0b000501 10241 100 2097152 9120191 2196840 176759 10612
0b000401 0b000501 10242 100 2097152 9120199 2196920 176759 8212
0b000401 0b000501 10243 100 2097152 9120287 2196836 176759 7732
0b000f01 0b000801 10246 100 2097152 11116433 219346 176699 10207
0b001e01 0b001f01 10261 100 2097152 11295642 44164 44264 14014
0b000a01 0b000b01 10266 100 2097152 11300595 44665 44264 11178
0b000401 0b000501 10244 100 2097152 9150211 2196660 176759 8228
0b001401 0b001501 10252 100 2097152 11197258 178080 44264 11572
0b001401 0b001501 10253 100 2097152 11197346 178251 44264 12052
0b001401 0b001501 10254 100 2097152 11197354 178247 44264 14452
0b001401 0b001501 10255 100 2097152 11197358 178247 44264 14932
0b000801 0b000901 10254 100 2097152 11338789 44164 44264 10216
0b001f01 0b001801 10260 100 2097152 11342816 44164 44264 14031
0b000b01 0b000c01 10236 100 2097152 5532788 5874988 176699 8235
0b001701 0b001001 10217 100 2097152 4762024 6666013 176699 14903
0b000901 0b000a01 10261 100 2097152 11385963 44164 44264 10233
0b000b01 0b000c01 10237 100 2097152 5708707 5722629 176699 9163
0b001801 0b001901 10264 100 2097152 11389990 44164 44264 14040
0b001501 0b001e01 10034 100 2097152 11378611 62241 48204 14469
0b000b01 0b000c01 10238 100 2097152 5816923 5655541 176699 8699
0b000a01 0b000b01 10267 100 2097152 11433137 44666 44264 10250
0b000101 0b000a01 10035 100 2097152 11301057 180222 180639 8721
0b001901 0b001a01 10264 100 2097152 11437164 44164 44264 14057
0b000101 0b000201 10242 100 2097152 9797781 1685288 176759 9185
0b000101 0b000201 10243 100 2097152 9797785 1685372 176759 9665
0b000101 0b000201 10244 100 2097152 9797789 1685372 176759 10145
0b000101 0b000201 10245 100 2097152 9797799 1685366 176759 10161
0b001e01 0b001f01 10262 100 2097152 11443862 44164 44264 14494
0b000101 0b000201 10246 100 2097152 9805453 1682728 176759 10641
0b001301 0b001c01 10033 100 2097152 11313766 180240 180639 13491
0b000101 0b000201 10247 100 2097152 9822177 1674456 176759 11121
0b000501 0b000e01 10034 100 2097152 11320041 181918 180699 10629
0b001501 0b001601 10267 100 2097152 11378348 131734 44264 11589
0b000101 0b000201 10248 100 2097152 9857981 1652296 176759 7761
0b001501 0b001601 10268 100 2097152 11378607 131983 44264 12069
0b001501 0b001601 10269 100 2097152 11378615 131979 44264 14949
0b000501 0b000601 10247 100 2097152 10477193 1041468 176759 10149
0b000101 0b000201 10249 100 2097152 9892084 1628405 176759 8241
0b001a01 0b001b01 10263 100 2097152 11484338 44164 44264 14074
0b000a01 0b000b01 10268 100 2097152 11484289 44664 44264 8746
0b001f01 0b001801 10261 100 2097152 11491036 44164 44264 14511
0b001c01 0b001d01 10263 100 2097152 11497016 45084 44264 13516
0b000001 0b000101 10246 100 2097152 10356343 1193216 176759 10160
0b000401 0b000501 10245 100 2097152 9388607 2162076 176759 9220
0b000001 0b000101 10247 100 2097152 10363739 1190048 176759 9696
0b001601 0b001f01 10035 100 2097152 11513604 48108 48204 14966
0b000b01 0b000c01 10239 100 2097152 5834619 5728897 176699 7771
0b000001 0b000101 10248 100 2097152 10428527 1146912 176759 9712
0b001b01 0b001c01 10263 100 2097152 11531512 44622 44264 14091
0b001801 0b001901 10265 100 2097152 11538210 45838 44264 14520
0b000001 0b000101 10249 100 2097152 10502975 1083116 176759 9728
0b001d01 0b001e01 10263 100 2097152 11545110 44164 44264 13533
0b001601 0b001701 10282 100 2097152 11513092 88732 44264 11606
0b001601 0b001701 10283 100 2097152 11513600 88738 44264 12086
0b001f01 0b001801 10262 100 2097152 11564722 45849 44264 14991
0b000701 0b000001 10243 100 2097152 10336976 1279941 176759 8231
0b000701 0b000001 10244 100 2097152 10336980 1279941 176759 8711
0b000701 0b000001 10245 100 2097152 10336984 1280025 176759 9191
0b001c01 0b001501 10041 100 2097152 11579144 48108 48204 14108
0b001901 0b001a01 10265 100 2097152 11587058 45849 44264 14537
0b001e01 0b001f01 10263 100 2097152 11592284 44992 44264 13550
0b000601 0b000701 10245 100 2097152 10793807 857503 176759 7750
0b000601 0b000701 10246 100 2097152 10793811 857503 176759 8230
0b000601 0b000701 10247 100 2097152 10793815 857503 176759 8710
0b001701 0b001801 10036 100 2097152 11604834 48449 48204 11623
0b001801 0b001901 10266 100 2097152 11613581 48113 44264 15000
0b000201 0b000b01 10035 100 2097152 11486079 180222 180639 9202
0b001501 0b001601 10270 100 2097152 11630262 44164 44264 14117
0b000401 0b000501 10246 100 2097152 9538299 2142100 176759 8724
0b001a01 0b001b01 10264 100 2097152 11635917 44897 44264 14554
0b000e01 0b000f01 10238 100 2097152 11504969 176356 176759 10654
0b000401 0b000501 10247 100 2097152 9541050 2141993 176759 9716
0b000201 0b000301 10244 100 2097152 10060701 1622586 176759 8738
0b001f01 0b001801 10263 100 2097152 11640286 46218 44264 13567
0b001901 0b001a01 10266 100 2097152 11664704 47376 44264 15017
0b000701 0b000001 10246 100 2097152 10423752 1290209 176759 9207
0b001801 0b001901 10267 100 2097152 11656293 62962 44264 11640
0b001601 0b001701 10284 100 2097152 11677436 44688 44264 14134
0b001b01 0b001c01 10264 100 2097152 11683824 45116 44264 14571
0b001801 0b001901 10268 100 2097152 11689514 60683 44264 13576
0b001a01 0b001b01 10265 100 2097152 11715090 46425 44264 15034
0b001c01 0b001d01 10264 100 2097152 11731950 45271 44264 14588
0b001901 0b001a01 10267 100 2097152 11722265 60327 44264 11657
0b000201 0b000301 10245 100 2097152 10146627 1647632 176759 9666
0b000201 0b000301 10246 100 2097152 10146715 1647632 176759 10146
0b000201 0b000301 10247 100 2097152 10146719 1647632 176759 10626
0b000201 0b000301 10248 100 2097152 10149627 1647368 176759 10642
0b000001 0b000901 10035 100 2097152 11619927 180222 180639 8240
0b001b01 0b001c01 10265 100 2097152 11764525 45288 44264 15051
0b000201 0b000301 10249 100 2097152 10173391 1638656 176759 7762
0b001901 0b001a01 10268 100 2097152 11753207 60237 44264 13593
0b000501 0b000601 10248 100 2097152 10846704 975349 176759 10165
0b001d01 0b001601 10042 100 2097152 11780231 48108 48204 14605
0b000201 0b000301 10250 100 2097152 10209035 1622024 176759 8242
0b000701 0b000801 10035 100 2097152 11654320 180222 180639 7767
0b000c01 0b000d01 10218 100 2097152 5908248 5931917 176759 9644
0b001a01 0b001b01 10266 100 2097152 11785602 59901 44264 11674
0b001301 0b001401 10241 100 2097152 9317498 2528546 176699 12563
0b000901 0b000a01 10262 100 2097152 11803159 44965 44264 8265
0b001c01 0b001d01 10265 100 2097152 11812823 44564 44264 15068
0b000f01 0b000801 10247 100 2097152 11684335 176292 176699 10671
0b001601 0b001701 10285 100 2097152 11831349 44697 44264 14614
0b001a01 0b001b01 10267 100 2097152 11816454 59834 44264 13610
0b001401 0b001501 10256 100 2097152 11849054 44694 44264 12580
0b001b01 0b001c01 10266 100 2097152 11848513 45428 44264 11691
0b000a01 0b000b01 10269 100 2097152 11851134 44668 44264 8282
0b000801 0b000901 10255 100 2097152 11837552 62855 44264 7784
0b001d01 0b001e01 10264 100 2097152 11860397 44881 44264 15085
0b000701 0b000001 10247 100 2097152 10567020 1339665 176759 9223
0b000801 0b000901 10256 100 2097152 11863637 63617 44264 10680
0b001501 0b001601 10271 100 2097152 11896758 44164 44264 12597
0b001c01 0b001d01 10266 100 2097152 11896951 44524 44264 11708
0b001b01 0b001401 10041 100 2097152 11879298 62245 48204 13627
0b000701 0b000001 10248 100 2097152 10609000 1339489 176759 9735
0b000701 0b000001 10249 100 2097152 10611292 1338609 176759 9239
0b001e01 0b001701 10043 100 2097152 11908288 48108 48204 15102
0b000901 0b000a01 10263 100 2097152 11903417 63540 44264 7801
0b000301 0b000c01 10035 100 2097152 11797269 181920 180699 9683
0b000701 0b000001 10250 100 2097152 10700000 1287921 176759 10167
0b001d01 0b001e01 10265 100 2097152 11944485 44164 44264 11725
0b001601 0b001701 10286 100 2097152 11943932 44688 44264 12614
0b001401 0b001501 10257 100 2097152 11944553 44694 44264 13636
0b000901 0b000a01 10264 100 2097152 11930264 63474 44264 10697
0b000d01 0b000e01 10229 100 2097152 11843175 181780 176759 9661
0b000a01 0b000b01 10270 100 2097152 11969967 64049 44264 7818
0b001e01 0b001f01 10264 100 2097152 11991659 44164 44264 11742
0b001501 0b001601 10272 100 2097152 11992257 44164 44264 13653
0b000301 0b000401 10245 100 2097152 10161449 1881520 176759 9235
0b000a01 0b000b01 10271 100 2097152 11996748 63256 44264 10714
0b000601 0b000701 10248 100 2097152 11015579 1044435 176759 8726
0b001601 0b001701 10287 100 2097152 12039431 44688 44264 13670
0b000c01 0b000d01 10219 100 2097152 6176387 5943994 176759 7708
0b000c01 0b000d01 10220 100 2097152 6177089 5943380 176759 8188
0b000c01 0b000d01 10221 100 2097152 6177090 5943467 176759 8668
0b000c01 0b000d01 10222 100 2097152 6177112 5943533 176759 9148
0b000c01 0b000d01 10223 100 2097152 6177751 5947422 176759 10588
0b000c01 0b000d01 10224 100 2097152 6178368 5946809 176759 11068
0b000e01 0b000f01 10239 100 2097152 12027965 180304 176759 9678
0b000601 0b000701 10249 100 2097152 11137463 1074795 176759 9734
0b001f01 0b001001 10044 100 2097152 12038833 180234 180639 11759
0b001301 0b001401 10242 100 2097152 9481654 2784238 176699 12051
0b000301 0b000401 10246 100 2097152 10327325 1973136 176759 10147
0b000301 0b000401 10247 100 2097152 10327329 1973136 176759 10627
0b000301 0b000401 10248 100 2097152 10327417 1973052 176759 11107
0b000d01 0b000601 10032 100 2097152 12128183 180498 180699 10605
0b000301 0b000401 10249 100 2097152 10340093 1971996 176759 11123
0b001401 0b001501 10258 100 2097152 12268902 44694 44264 12068
0b000601 0b000701 10250 100 2097152 11294107 1049975 176759 9238
0b000601 0b000701 10251 100 2097152 11301503 1047511 176759 8742
0b000701 0b000001 10251 100 2097152 11654324 696669 176759 8247
0b000701 0b000001 10252 100 2097152 11654328 696753 176759 8727
0b000301 0b000401 10250 100 2097152 10392369 1960288 176759 7763
0b000301 0b000401 10251 100 2097152 10395013 1959232 176759 8243
0b001501 0b001601 10273 100 2097152 12316606 44164 44264 12085
0b000401 0b000501 10248 100 2097152 10252106 2117105 176759 9732
0b000001 0b000101 10250 100 2097152 11619931 760188 176759 8720
0b000001 0b000101 10251 100 2097152 11620019 760188 176759 9200
0b000f01 0b000801 10248 100 2097152 12211279 176278 176699 9695
0b001601 0b001701 10288 100 2097152 12363780 44688 44264 12102
0b000801 0b000901 10257 100 2097152 12390567 44164 44264 9704
0b000601 0b000701 10252 100 2097152 11521671 921679 176759 10166
0b000b01 0b000c01 10240 100 2097152 6363657 6085531 176699 10155
0b000b01 0b000c01 10241 100 2097152 6363679 6090845 176699 10635
0b000b01 0b000c01 10242 100 2097152 6363680 6095056 176699 11115
0b000901 0b000a01 10265 100 2097152 12437741 44164 44264 9721
0b000401 0b000d01 10035 100 2097152 12303471 180444 180699 10164
0b000a01 0b000b01 10272 100 2097152 12484915 44678 44264 9738
0b000001 0b000901 10036 100 2097152 12354003 180222 180639 8256
0b000b01 0b000c01 10243 100 2097152 6364434 6179050 176699 11131
0b000601 0b000701 10253 100 2097152 11825063 720195 176759 10182
0b000101 0b000a01 10036 100 2097152 12383129 180222 180639 8737
0b000501 0b000601 10249 100 2097152 11320037 1259100 176759 11109
0b000501 0b000601 10250 100 2097152 11320129 1259012 176759 8229
0b000501 0b000601 10251 100 2097152 11320133 1259012 176759 7749
0b000901 0b000a01 10266 100 2097152 12537235 44844 44264 8281
0b000301 0b000401 10252 100 2097152 10738745 1854864 176759 8739
0b000101 0b000201 10250 100 2097152 11301145 1305468 176759 9201
0b000101 0b000201 10251 100 2097152 11301149 1305468 176759 9681
0b000101 0b000201 10252 100 2097152 11301159 1305462 176759 9697
0b000501 0b000601 10252 100 2097152 11349881 1259188 176759 8245
0b000c01 0b000501 10035 100 2097152 12452198 180300 180699 10172
0b000a01 0b000b01 10273 100 2097152 12566361 71554 44264 8762
0b000a01 0b000b01 10274 100 2097152 12585089 71035 44264 8298
0b000301 0b000401 10253 100 2097152 10827537 1833220 176759 11139
0b000001 0b000101 10252 100 2097152 11716971 954168 176759 9216
0b000b01 0b000401 10039 100 2097152 12532603 180234 180639 9755
0b000601 0b000f01 10035 100 2097152 12582147 180300 180699 11126
0b000501 0b000601 10253 100 2097152 11553693 1224340 176759 9237
0b000201 0b000b01 10036 100 2097152 12609623 180222 180639 9218
0b001001 0b001101 10217 100 2097152 4863827 7933711 176759 11536
0b000601 0b000701 10254 100 2097152 12311691 494751 176759 10614
0b000101 0b000201 10253 100 2097152 11552569 1262280 176759 10177
0b000101 0b000201 10254 100 2097152 11556797 1263420 176759 9713
0b000101 0b000201 10255 100 2097152 11578449 1259020 176759 9729
0b000101 0b000201 10256 100 2097152 11589101 1253916 176759 9745
0b001301 0b001401 10243 100 2097152 9725272 3121916 176699 13139
0b000501 0b000601 10254 100 2097152 11683409 1181304 176759 8741
0b000501 0b000601 10255 100 2097152 11686053 1179720 176759 9733
0b001301 0b001401 10244 100 2097152 9734594 3131772 176699 12067
0b000401 0b000501 10249 100 2097152 10558603 2328524 176759 10628
0b000401 0b000501 10250 100 2097152 10558611 2328520 176759 7748
0b000401 0b000501 10251 100 2097152 10559671 2328868 176759 11108
0b000701 0b000001 10253 100 2097152 12063024 832481 176759 8743
0b001401 0b001501 10259 100 2097152 12850198 70092 44264 13156
0b001401 0b001501 10260 100 2097152 12869376 70631 44264 12084
0b000f01 0b000801 10249 100 2097152 12765457 176278 176699 11151
0b000401 0b000501 10252 100 2097152 10606139 2336612 176759 8244
0b000401 0b000501 10253 100 2097152 10627347 2336000 176759 7764
0b000401 0b000501 10254 100 2097152 10638602 2334253 176759 9748
0b001101 0b001201 10233 100 2097152 12800548 179636 176759 11553
0b000801 0b000901 10258 100 2097152 12944745 44164 44264 11160
0b001501 0b001601 10274 100 2097152 12923300 70018 44264 13173
0b000001 0b000101 10253 100 2097152 11909695 1100880 176759 9232
0b001501 0b001601 10275 100 2097152 12943017 69975 44264 12101
0b000901 0b000a01 10267 100 2097152 12991919 44164 44264 11177
0b001301 0b001401 10245 100 2097152 9836422 3209262 176699 12579
0b000001 0b000101 10254 100 2097152 11951499 1111000 176759 9744
0b000001 0b000101 10255 100 2097152 11952911 1110648 176759 9248
0b000401 0b000501 10255 100 2097152 10762359 2301492 176759 8740
0b001601 0b001701 10289 100 2097152 12996328 70691 44264 13190
0b000501 0b000e01 10035 100 2097152 12890137 180300 180699 10645
0b001301 0b001401 10246 100 2097152 9855434 3221602 176699 12083
0b000001 0b000101 10256 100 2097152 11990931 1091640 176759 10176
0b000a01 0b000b01 10275 100 2097152 13039093 44665 44264 11194
0b001601 0b001701 10290 100 2097152 13016002 70146 44264 12118
0b000101 0b000201 10257 100 2097152 12383217 717272 176759 9217
0b001401 0b001501 10261 100 2097152 13048694 57883 44264 12596
0b000201 0b000301 10251 100 2097152 11486167 1623316 176759 9682
0b000201 0b000301 10252 100 2097152 11486171 1623316 176759 10162
0b000201 0b000301 10253 100 2097152 11486181 1623310 176759 10178
0b000201 0b000301 10254 100 2097152 11491191 1622704 176759 10658
0b000201 0b000301 10255 100 2097152 11499643 1621468 176759 11138
0b000201 0b000301 10256 100 2097152 11513287 1616980 176759 7778
0b000b01 0b000c01 10244 100 2097152 7021035 6114445 176699 7787
0b000201 0b000301 10257 100 2097152 11523499 1612316 176759 8258
0b001401 0b001501 10262 100 2097152 13080046 58833 44264 12100
0b000d01 0b000e01 10230 100 2097152 12123391 1023344 176759 7725
0b000d01 0b000e01 10231 100 2097152 12123479 1023700 176759 8205
0b000d01 0b000e01 10232 100 2097152 12123567 1023616 176759 8685
0b000d01 0b000e01 10233 100 2097152 12123655 1023532 176759 9165
0b000d01 0b000e01 10234 100 2097152 12128187 1021292 176759 11085
0b001201 0b001301 10248 100 2097152 12983194 184434 176759 11570
0b001501 0b001601 10276 100 2097152 13109587 58579 44264 12613
0b000b01 0b000c01 10245 100 2097152 7132791 6044201 176699 8251
0b000001 0b000101 10257 100 2097152 12354091 832408 176759 8736
0b000701 0b000001 10254 100 2097152 12215268 984453 176759 9751
0b001501 0b001601 10277 100 2097152 13141889 58514 44264 12117
0b000401 0b000501 10256 100 2097152 10991443 2215852 176759 9236
0b000d01 0b000e01 10235 100 2097152 12486925 735070 176759 10189
0b001601 0b001701 10291 100 2097152 13171176 58986 44264 12630
0b001601 0b001701 10292 100 2097152 13203413 58008 44264 12134
0b001301 0b001401 10247 100 2097152 10010686 3270670 176699 12099
0b000201 0b000b01 10037 100 2097152 13103499 180222 180639 9234
0b000301 0b000c01 10036 100 2097152 13112493 180300 180699 9699
0b000b01 0b000c01 10246 100 2097152 7137204 6160604 176699 9179
0b000101 0b000201 10258 100 2097152 12674149 638880 176759 9233
0b000301 0b000401 10254 100 2097152 11686297 1638716 176759 8755
0b001401 0b001501 10263 100 2097152 13284366 44694 44264 12116
0b000e01 0b000701 10033 100 2097152 13152489 180300 180699 11102
0b000001 0b000101 10258 100 2097152 12898515 463652 176759 8752
0b000701 0b000001 10255 100 2097152 12347092 1022825 176759 9255
0b000101 0b000a01 10037 100 2097152 13189509 180726 180639 8753
0b001501 0b001601 10278 100 2097152 13332070 44164 44264 12133
0b000701 0b000001 10256 100 2097152 12352024 1025377 176759 8759
0b000a01 0b000b01 10276 100 2097152 13373245 44673 44264 8778
0b001601 0b001701 10293 100 2097152 13379244 44706 44264 12150
0b000301 0b000401 10255 100 2097152 11797357 1649628 176759 10163
0b000301 0b000401 10256 100 2097152 11797361 1649628 176759 10643
0b001301 0b001401 10248 100 2097152 10153970 3295402 176699 12115
0b000301 0b000401 10257 100 2097152 11800005 1649364 176759 10659
0b000301 0b000401 10258 100 2097152 11815057 1643468 176759 7779
0b000301 0b000401 10259 100 2097152 11834069 1633784 176759 8259
0b000701 0b000001 10257 100 2097152 12446360 1025381 176759 10183
0b000201 0b000b01 10038 100 2097152 13316039 180222 180639 9250
0b001401 0b001501 10264 100 2097152 13452382 44694 44264 12132
0b000501 0b000601 10256 100 2097152 12372221 1131952 176759 9749
0b000701 0b000001 10258 100 2097152 12548268 984461 176759 10199
0b001501 0b001601 10279 100 2097152 13500086 44164 44264 12149
0b000601 0b000701 10255 100 2097152 12582151 962675 176759 8246
0b000601 0b000701 10256 100 2097152 12582155 962675 176759 7766
0b000101 0b000a01 10038 100 2097152 13365177 180718 180639 8769
0b001301 0b001401 10249 100 2097152 10280458 3308790 176699 12595
0b001601 0b001701 10294 100 2097152 13547260 44681 44264 12166
0b000a01 0b000b01 10277 100 2097152 13548905 44677 44264 8794
0b000601 0b000701 10257 100 2097152 12612079 982475 176759 8262
0b000401 0b000d01 10036 100 2097152 13449995 180300 180699 10180
0b001401 0b001501 10265 100 2097152 13592258 44694 44264 12612
0b001301 0b001401 10250 100 2097152 10343210 3306030 176699 12131
0b000b01 0b000c01 10247 100 2097152 7256701 6393467 176699 8715
0b000701 0b000001 10259 100 2097152 12809452 862897 176759 10631
0b001501 0b001601 10280 100 2097152 13639962 46803 44264 12629
0b001401 0b001501 10266 100 2097152 13652250 45680 44264 12148
0b000701 0b000801 10036 100 2097152 13547840 180222 180639 7783
0b001601 0b001701 10295 100 2097152 13689775 47314 44264 12646
0b001501 0b001601 10281 100 2097152 13700940 45739 44264 12165
0b000601 0b000701 10258 100 2097152 12781043 982559 176759 9254
0b000001 0b000101 10259 100 2097152 13202731 561244 176759 9760
0b000e01 0b000f01 10240 100 2097152 13073447 691204 176759 10670
0b000801 0b000901 10259 100 2097152 13731072 44248 44264 7800
0b001601 0b001701 10296 100 2097152 13749689 44681 44264 12182
0b000101 0b000201 10259 100 2097152 13013585 784540 176759 9249
0b000501 0b000601 10257 100 2097152 12635508 1176317 176759 10181
0b000d01 0b000e01 10236 100 2097152 13633305 184882 176759 10205
0b000901 0b000a01 10268 100 2097152 13778330 44164 44264 7817
0b000601 0b000701 10259 100 2097152 12867723 960403 176759 8758
0b000601 0b000701 10260 100 2097152 12868783 959875 176759 9750
0b000101 0b000201 10260 100 2097152 13065509 802048 176759 9761
0b000101 0b000201 10261 100 2097152 13066569 801868 176759 9265
0b000a01 0b000b01 10278 100 2097152 13825504 44664 44264 7834
0b000b01 0b000c01 10248 100 2097152 7640948 6232388 176699 10171
0b000b01 0b000c01 10249 100 2097152 7640952 6232472 176699 10651
0b000101 0b000201 10262 100 2097152 13085581 790428 176759 10193
0b000c01 0b000d01 10225 100 2097152 7519576 6382741 176759 9660
0b001301 0b001401 10251 100 2097152 10652566 3252218 176699 12611
0b001301 0b001401 10252 100 2097152 10652654 3252141 176699 12627
0b001301 0b001401 10253 100 2097152 10652664 3252147 176699 12643
0b000b01 0b000c01 10250 100 2097152 7659229 6273491 176699 11147
0b000f01 0b000801 10250 100 2097152 13767661 188700 176699 10687
0b000b01 0b000c01 10251 100 2097152 7662597 6295011 176699 10667
0b000201 0b000301 10258 100 2097152 12609627 1366940 176759 9698
0b000201 0b000301 10259 100 2097152 12609637 1366934 176759 9714
0b000801 0b000901 10260 100 2097152 13959371 44164 44264 10696
0b001301 0b001401 10254 100 2097152 10865202 3152210 176699 12147
0b001301 0b001401 10255 100 2097152 10865212 3152204 176699 12163
0b001301 0b001401 10256 100 2097152 10865222 3152210 176699 12179
0b000101 0b000201 10263 100 2097152 13766985 268572 176759 9777
0b000601 0b000701 10261 100 2097152 13507183 534263 176759 9766
0b000901 0b000a01 10269 100 2097152 14006545 44164 44264 10713
0b001401 0b001501 10267 100 2097152 13907794 154949 44264 12628
0b001401 0b001501 10268 100 2097152 13907805 154939 44264 12644
0b001401 0b001501 10269 100 2097152 13907821 154924 44264 12660
0b000c01 0b000501 10036 100 2097152 13876346 187305 180699 10188
0b000201 0b000b01 10039 100 2097152 13801135 286062 180639 9266
0b000d01 0b000e01 10237 100 2097152 13905327 185008 176759 9677
0b000701 0b000001 10260 100 2097152 13335799 755678 176759 11111
0b000a01 0b000b01 10279 100 2097152 14053719 44670 44264 10730
0b000201 0b000301 10260 100 2097152 12817859 1294800 176759 10194
0b001301 0b001401 10257 100 2097152 11146750 2967141 176699 12659
0b000201 0b000301 10261 100 2097152 12823227 1292688 176759 9730
0b000601 0b000701 10262 100 2097152 13814835 301411 176759 10198
0b000201 0b000301 10262 100 2097152 12840479 1283360 176759 9746
0b000201 0b000301 10263 100 2097152 12846027 1279576 176759 9762
0b000201 0b000b01 10040 100 2097152 13871447 286074 180639 9282
0b001301 0b001401 10258 100 2097152 11312882 2856969 176699 11571
0b001301 0b001401 10259 100 2097152 11313770 2856510 176699 13971
0b001301 0b001401 10260 100 2097152 11313774 2856525 176699 14451
0b001301 0b001401 10261 100 2097152 11313862 2856441 176699 14931
0b001301 0b001401 10262 100 2097152 11314738 2855584 176699 12195
0b001501 0b001601 10282 100 2097152 14065753 143187 44264 12645
0b001501 0b001601 10283 100 2097152 14065763 143178 44264 12661
0b001501 0b001601 10284 100 2097152 14065773 143169 44264 12677
0b000e01 0b000f01 10241 100 2097152 13149745 1069294 176759 7742
0b000e01 0b000f01 10242 100 2097152 13150189 1069874 176759 8222
0b000e01 0b000f01 10243 100 2097152 13150193 1069886 176759 8702
0b000e01 0b000f01 10244 100 2097152 13150197 1069898 176759 9182
0b001401 0b001501 10270 100 2097152 14020422 200462 44264 12164
0b001401 0b001501 10271 100 2097152 14020432 200456 44264 12180
0b001401 0b001501 10272 100 2097152 14020442 200450 44264 12196
0b001401 0b001d01 10034 100 2097152 14173290 48655 48204 13988
0b000001 0b000101 10260 100 2097152 13372927 882092 176759 9264
0b001301 0b001401 10263 100 2097152 13170638 1091106 176699 11587
0b000e01 0b000f01 10245 100 2097152 13225005 1039754 176759 10206
0b001d01 0b001e01 10266 100 2097152 14224955 44164 44264 14013
0b000001 0b000101 10261 100 2097152 13380411 894016 176759 8768
0b000501 0b000601 10258 100 2097152 12890141 1387828 176759 7765
0b000501 0b000601 10259 100 2097152 12891549 1389588 176759 11125
0b001e01 0b001f01 10265 100 2097152 14272129 44164 44264 14030
0b001701 0b001001 10218 100 2097152 5035049 9298608 176699 12023
0b001701 0b001001 10219 100 2097152 5035071 9298939 176699 12503
0b001701 0b001001 10220 100 2097152 5035072 9299202 176699 12983
0b001701 0b001001 10221 100 2097152 5035073 9299465 176699 13463
0b001701 0b001001 10222 100 2097152 5035074 9299728 176699 13943
0b001701 0b001001 10223 100 2097152 5035075 9300012 176699 14423
0b001601 0b001701 10297 100 2097152 14211950 137966 44264 12662
0b001601 0b001701 10298 100 2097152 14211960 137957 44264 12678
0b001601 0b001701 10299 100 2097152 14211970 137948 44264 12694
0b000401 0b000501 10257 100 2097152 12045979 2313516 176759 9252
0b000501 0b000601 10260 100 2097152 12945761 1416708 176759 8261
0b001f01 0b001801 10264 100 2097152 14319303 44164 44264 14047
0b001401 0b001501 10273 100 2097152 14116901 249359 44264 12676
0b001501 0b001601 10285 100 2097152 14223894 148814 44264 12181
0b001501 0b001601 10286 100 2097152 14223904 148805 44264 12197
0b001501 0b001601 10287 100 2097152 14223914 148796 44264 12213
0b000501 0b000601 10261 100 2097152 12966357 1420932 176759 7781
0b000501 0b000601 10262 100 2097152 12975865 1419348 176759 9765
0b000001 0b000101 10262 100 2097152 13474751 926100 176759 10192
0b001801 0b001901 10269 100 2097152 14366477 44164 44264 14056
0b000f01 0b000001 10034 100 2097152 14222049 191220 180699 7759
0b001401 0b001501 10274 100 2097152 14172861 263864 44264 11588
0b001401 0b001501 10275 100 2097152 14173309 263787 44264 14468
0b001401 0b001501 10276 100 2097152 14173313 263784 44264 14948
0b001401 0b001501 10277 100 2097152 14173332 263766 44264 12212
0b000301 0b000401 10260 100 2097152 13112497 1324912 176759 10179
0b000301 0b000401 10261 100 2097152 13112507 1324906 176759 10195
0b000301 0b000401 10262 100 2097152 13116905 1323152 176759 10675
0b000301 0b000401 10263 100 2097152 13124121 1319108 176759 11155
0b000301 0b000401 10264 100 2097152 13133277 1312860 176759 7795
0b000501 0b000601 10263 100 2097152 13066861 1380100 176759 8757
0b000301 0b000401 10265 100 2097152 13138825 1308196 176759 8275
0b001401 0b001501 10278 100 2097152 14264754 187926 44264 11604
0b000001 0b000101 10263 100 2097152 13535739 917388 176759 10208
0b001901 0b001a01 10269 100 2097152 14413651 44164 44264 14073
0b000101 0b000a01 10039 100 2097152 14277437 180225 180639 8785
0b000601 0b000f01 10036 100 2097152 14284147 185872 180699 11142
0b000e01 0b000f01 10246 100 2097152 13821197 652234 176759 10222
0b001501 0b001e01 10035 100 2097152 14440106 48606 48204 14485
0b000101 0b000201 10264 100 2097152 14258029 236076 176759 9281
0b000501 0b000601 10264 100 2097152 13210305 1290516 176759 9253
0b000701 0b000001 10261 100 2097152 13547836 955849 176759 8263
0b001a01 0b001b01 10268 100 2097152 14460825 44164 44264 14090
0b000a01 0b000b01 10280 100 2097152 14460672 44689 44264 8810
0b001501 0b001601 10288 100 2097152 14369270 142778 44264 12693
0b001601 0b001701 10300 100 2097152 14375718 139470 44264 12198
0b001601 0b001701 10301 100 2097152 14375728 139461 44264 12214
0b001601 0b001701 10302 100 2097152 14375738 139452 44264 12230
0b001001 0b001901 10032 100 2097152 14336667 180226 180639 12032
0b000e01 0b000f01 10247 100 2097152 14093345 426030 176759 9694
0b001e01 0b001f01 10266 100 2097152 14491722 44164 44264 14510
0b000001 0b000101 10264 100 2097152 13675359 861476 176759 10640
0b001b01 0b001c01 10267 100 2097152 14507999 44164 44264 14107
0b001901 0b001a01 10270 100 2097152 14519903 44164 44264 12057
0b001601 0b001701 10303 100 2097152 14515058 51433 44264 12710
0b000201 0b000301 10264 100 2097152 13870567 695892 176759 9778
0b000201 0b000301 10265 100 2097152 13879019 689992 176759 10210
0b001f01 0b001801 10265 100 2097152 14538896 44164 44264 14527
0b000301 0b000401 10266 100 2097152 14115669 469988 176759 10211
0b000201 0b000301 10266 100 2097152 14038567 553592 176759 9794
0b000701 0b000001 10262 100 2097152 13597564 1005389 176759 8279
0b001a01 0b001b01 10269 100 2097152 14567077 44164 44264 12074
0b001c01 0b001501 10042 100 2097152 14555173 63112 48204 14124
0b001801 0b001901 10270 100 2097152 14586070 44164 44264 14536
0b001501 0b001601 10289 100 2097152 14439735 193466 44264 11605
0b001501 0b001601 10290 100 2097152 14440107 193770 44264 14965
0b001501 0b001601 10291 100 2097152 14440108 193773 44264 12229
0b001501 0b001601 10292 100 2097152 14455690 185732 44264 11621
0b001b01 0b001c01 10268 100 2097152 14614251 44164 44264 12091
0b000201 0b000b01 10041 100 2097152 14497115 180222 180639 9298
0b001901 0b001a01 10271 100 2097152 14633244 44164 44264 14553
0b000301 0b000c01 10037 100 2097152 13979577 700224 180699 9715
0b000301 0b000c01 10038 100 2097152 13979587 700243 180699 9731
0b001501 0b001601 10293 100 2097152 14621295 60695 44264 14133
0b001601 0b001f01 10036 100 2097152 14636887 48108 48204 14982
0b000001 0b000101 10265 100 2097152 14094487 604288 176759 11120
0b001c01 0b001d01 10267 100 2097152 14661425 44164 44264 12108
0b000501 0b000601 10265 100 2097152 14066661 649240 176759 10197
0b001a01 0b001b01 10270 100 2097152 14680418 44164 44264 14570
0b001f01 0b001801 10266 100 2097152 14688005 44164 44264 15007
0b001d01 0b001e01 10267 100 2097152 14708599 44164 44264 12125
0b000501 0b000601 10266 100 2097152 14362505 393876 176759 9269
0b000301 0b000401 10267 100 2097152 14572021 186568 176759 10227
0b000001 0b000901 10037 100 2097152 14506695 257166 180639 8272
0b000001 0b000101 10266 100 2097152 14416279 351580 176759 7760
0b000401 0b000501 10258 100 2097152 12303475 2465852 176759 10644
0b000401 0b000501 10259 100 2097152 12303479 2465864 176759 11124
0b001b01 0b001c01 10269 100 2097152 14727592 44164 44264 14587
0b001801 0b001901 10271 100 2097152 14735179 44164 44264 15016
0b000401 0b000501 10260 100 2097152 12315099 2468664 176759 11140
0b001601 0b001701 10304 100 2097152 14636211 157639 44264 11622
0b001601 0b001701 10305 100 2097152 14636891 158876 44264 12246
0b001e01 0b001f01 10267 100 2097152 14755773 44164 44264 12142
0b001601 0b001701 10306 100 2097152 14644432 158606 44264 11638
0b000901 0b000a01 10270 100 2097152 14766871 44164 44264 8297
0b001601 0b001701 10307 100 2097152 14685000 131153 44264 14150
0b001c01 0b001d01 10268 100 2097152 14774766 44164 44264 14604
0b001901 0b001a01 10272 100 2097152 14782353 44164 44264 15033
0b000401 0b000501 10261 100 2097152 12355667 2471136 176759 7780
0b000401 0b000501 10262 100 2097152 12357255 2470696 176759 8260
0b001f01 0b001801 10267 100 2097152 14802947 44164 44264 12159
0b000701 0b000001 10263 100 2097152 13766612 1084917 176759 9271
0b000a01 0b000b01 10281 100 2097152 14814045 44670 44264 8314
0b000001 0b000901 10038 100 2097152 14605963 258010 180639 8288
0b001701 0b001001 10224 100 2097152 5046937 9819040 176699 14439
0b001a01 0b001b01 10271 100 2097152 14829527 44164 44264 15050
0b001701 0b001801 10037 100 2097152 14796860 83992 48204 11639
0b001d01 0b001601 10043 100 2097152 14821940 63133 48204 14621
0b001701 0b001801 10038 100 2097152 14806078 84097 48204 11655
0b000901 0b000a01 10271 100 2097152 14866983 44164 44264 8313
0b000701 0b000001 10264 100 2097152 13831136 1084393 176759 8775
0b000701 0b000001 10265 100 2097152 13831668 1084213 176759 9767
0b000b01 0b000c01 10252 100 2097152 8388729 6528324 176699 8267
0b000601 0b000701 10263 100 2097152 14280979 636384 176759 7782
0b001b01 0b001c01 10270 100 2097152 14876701 44164 44264 15067
0b001601 0b001701 10308 100 2097152 14888083 44688 44264 14630
0b000401 0b000d01 10037 100 2097152 14440419 504678 180699 10196
0b000401 0b000d01 10038 100 2097152 14440429 504684 180699 10212
0b000501 0b000e01 10036 100 2097152 14772337 182028 180699 10661
0b000a01 0b000b01 10282 100 2097152 14914157 44658 44264 8330
0b001801 0b001901 10272 100 2097152 14883862 78898 44264 11656
0b001c01 0b001d01 10269 100 2097152 14923875 44164 44264 15084
0b001801 0b001901 10273 100 2097152 14893185 79172 44264 11672
0b000701 0b000001 10266 100 2097152 14044456 942373 176759 9783
0b000701 0b000001 10267 100 2097152 14119256 879017 176759 10215
0b001d01 0b001e01 10268 100 2097152 14971049 44164 44264 15101
0b000b01 0b000c01 10253 100 2097152 8691171 6328005 176699 9195
0b000101 0b000201 10265 100 2097152 14403861 621768 176759 10209
0b000301 0b000c01 10039 100 2097152 14118925 909088 180699 9747
0b001801 0b001101 10040 100 2097152 14850121 180237 180639 12168
0b000401 0b000501 10263 100 2097152 12596619 2435780 176759 8756
0b000301 0b000c01 10040 100 2097152 14126849 911609 180699 9763
0b000301 0b000c01 10041 100 2097152 14128613 911109 180699 9779
0b001901 0b001a01 10273 100 2097152 14965770 79218 44264 11673
0b001901 0b001a01 10274 100 2097152 14975367 79196 44264 11689
0b001e01 0b001701 10044 100 2097152 15018223 48654 48204 15118
0b000401 0b000501 10264 100 2097152 12663767 2417920 176759 11156
0b000401 0b000d01 10039 100 2097152 14588667 504638 180699 10228
0b000701 0b000801 10037 100 2097152 14920373 180222 180639 7799
0b000c01 0b000d01 10226 100 2097152 8591842 6512823 176759 9164
0b000401 0b000501 10265 100 2097152 12715847 2398320 176759 9764
0b001a01 0b001b01 10272 100 2097152 15047998 79238 44264 11690
0b000101 0b000201 10266 100 2097152 14456137 678828 176759 10225
0b001a01 0b001b01 10273 100 2097152 15057573 79216 44264 11706
0b000e01 0b000f01 10248 100 2097152 14957375 184838 176759 10686
0b000801 0b000901 10261 100 2097152 15103605 44689 44264 7816
0b000401 0b000d01 10040 100 2097152 14761599 389346 180699 10244
0b000901 0b000a01 10272 100 2097152 15151304 44164 44264 7833
0b001b01 0b001c01 10271 100 2097152 15130246 79258 44264 11707
0b001101 0b001201 10234 100 2097152 15033368 178712 176759 12177
0b000301 0b000c01 10042 100 2097152 14569469 646668 180699 9795
0b001b01 0b001c01 10272 100 2097152 15139799 79236 44264 11723
0b000301 0b000c01 10043 100 2097152 14595169 625268 180699 9811
0b000a01 0b000b01 10283 100 2097152 15198478 44664 44264 7850
0b000101 0b000201 10267 100 2097152 14539845 706736 176759 10657
0b000f01 0b000801 10251 100 2097152 14223073 1060014 176699 8239
0b000f01 0b000801 10252 100 2097152 14223089 1060009 176699 8719
0b000f01 0b000801 10253 100 2097152 14223105 1060009 176699 9199
0b000b01 0b000c01 10254 100 2097152 8865562 6419942 176699 8731
0b001c01 0b001d01 10270 100 2097152 15212514 79278 44264 11724
0b001c01 0b001d01 10271 100 2097152 15222045 79256 44264 11740
0b000201 0b000301 10267 100 2097152 15028639 279516 176759 10226
0b000f01 0b000801 10254 100 2097152 14267769 1086364 176699 10223
0b001701 0b001001 10225 100 2097152 5104203 10250214 176699 14919
0b000101 0b000201 10268 100 2097152 14701785 657560 176759 11137
0b001d01 0b001e01 10269 100 2097152 15294802 79298 44264 11741
0b000101 0b000201 10269 100 2097152 14770869 606744 176759 7777
0b001d01 0b001e01 10270 100 2097152 15304311 79276 44264 11757
0b000801 0b000901 10262 100 2097152 15286108 98316 44264 8728
0b000801 0b000901 10263 100 2097152 15286124 98304 44264 9208
0b001201 0b001301 10249 100 2097152 15215090 176356 176759 12194
0b000801 0b000901 10264 100 2097152 15357143 63899 44264 10232
0b000901 0b000a01 10273 100 2097152 15387438 54659 44264 9225
0b001e01 0b001f01 10268 100 2097152 15377110 79318 44264 11758
0b001e01 0b001f01 10269 100 2097152 15386597 79012 44264 11774
0b000001 0b000101 10267 100 2097152 14854539 611432 176759 9280
0b000801 0b000101 10035 100 2097152 15286097 180234 180639 8248
0b000901 0b000a01 10274 100 2097152 15424052 53119 44264 10249
0b000301 0b000401 10268 100 2097152 15311165 189784 176759 10243
0b000601 0b000701 10264 100 2097152 14365479 1142244 176759 8278
0b000a01 0b000b01 10284 100 2097152 15480181 44668 44264 10266
0b000f01 0b000801 10255 100 2097152 14473029 1076990 176699 11167
0b000f01 0b000801 10256 100 2097152 14476441 1075358 176699 10239
0b000f01 0b000801 10257 100 2097152 14522385 1044219 176699 9711
0b000901 0b000201 10036 100 2097152 15387434 180234 180639 8745
0b001301 0b001401 10264 100 2097152 15394456 176278 176699 12211
0b000601 0b000701 10265 100 2097152 14390299 1191876 176759 7798
0b000c01 0b000d01 10227 100 2097152 8929131 6655914 176759 9676
0b000401 0b000501 10266 100 2097152 13328023 2258384 176759 8772
0b000601 0b000701 10266 100 2097152 14398223 1197240 176759 9782
0b001401 0b001501 10279 100 2097152 15573744 44164 44264 12228
0b000a01 0b000301 10037 100 2097152 15445107 180234 180639 9242
0b000d01 0b000e01 10238 100 2097152 14948107 689940 176759 10221
0b000d01 0b000e01 10239 100 2097152 14948123 689928 176759 10237
0b000601 0b000701 10267 100 2097152 14449971 1197244 176759 8774
0b000f01 0b000801 10258 100 2097152 15145223 509880 176699 10703
0b001501 0b001601 10294 100 2097152 15620918 44164 44264 12245
0b000601 0b000701 10268 100 2097152 14503831 1175596 176759 9270
0b000801 0b000901 10265 100 2097152 15553029 128469 44264 11176
0b000401 0b000501 10267 100 2097152 13449999 2233490 176759 10660
0b000401 0b000d01 10041 100 2097152 15503959 180300 180699 10260
0b000401 0b000501 10268 100 2097152 13452379 2232962 176759 10676
0b000801 0b000901 10266 100 2097152 15554809 132018 44264 10248
0b000401 0b000501 10269 100 2097152 13461535 2228034 176759 7796
0b000401 0b000501 10270 100 2097152 13470863 2222314 176759 8276
0b000801 0b000901 10267 100 2097152 15569614 132505 44264 9720
0b000201 0b000301 10268 100 2097152 15137975 568832 176759 10242
0b001601 0b001701 10309 100 2097152 15668092 44666 44264 12262
0b000001 0b000101 10268 100 2097152 14918539 802396 176759 8784
0b000001 0b000101 10269 100 2097152 14918891 802576 176759 9776
0b000801 0b000901 10268 100 2097152 15658113 74502 44264 10712
0b000501 0b000601 10267 100 2097152 14772353 966844 176759 11141
0b000601 0b000701 10269 100 2097152 14718911 1032176 176759 10214
0b000601 0b000701 10270 100 2097152 14759391 997508 176759 9286
0b000701 0b000801 10038 100 2097152 15585185 180242 180639 7815
0b000001 0b000101 10270 100 2097152 14989839 779388 176759 9792
0b000001 0b000101 10271 100 2097152 15001283 770936 176759 10224
0b001f01 0b001001 10045 100 2097152 15459438 344034 180639 11775
0b000c01 0b000d01 10228 100 2097152 9220571 6593798 176759 7724
0b000c01 0b000d01 10229 100 2097152 9220656 6593717 176759 8204
0b000801 0b000901 10269 100 2097152 15768437 46181 44264 7832
0b001f01 0b001001 10046 100 2097152 15468619 347217 180639 11791
0b000c01 0b000d01 10230 100 2097152 9220657 6595304 176759 8684
0b000c01 0b000d01 10231 100 2097152 9220659 6595390 176759 10604
0b000c01 0b000d01 10232 100 2097152 9220660 6595393 176759 11084
0b000901 0b000a01 10275 100 2097152 15684508 142954 44264 11193
0b000901 0b000a01 10276 100 2097152 15689837 158751 44264 10265
0b001001 0b001101 10218 100 2097152 5211848 10638374 176759 11552
0b000501 0b000601 10268 100 2097152 14786773 1081440 176759 11157
0b000b01 0b000c01 10255 100 2097152 9357810 6512118 176699 10187
0b000901 0b000a01 10277 100 2097152 15705129 166320 44264 9737
0b000b01 0b000c01 10256 100 2097152 9375450 6500091 176699 10203
0b000c01 0b000d01 10233 100 2097152 9280823 6610690 176759 8700
0b000901 0b000a01 10278 100 2097152 15735625 156199 44264 10729
0b000101 0b000a01 10040 100 2097152 15723945 180222 180639 8801
0b000901 0b000a01 10279 100 2097152 15817628 95077 44264 7849
0b000301 0b000401 10269 100 2097152 15628351 287990 176759 9251
0b000a01 0b000b01 10285 100 2097152 15830472 96862 44264 11210
0b000201 0b000301 10269 100 2097152 15249591 687612 176759 10674
0b000b01 0b000c01 10257 100 2097152 9409197 6547013 176699 10683
0b000b01 0b000c01 10258 100 2097152 9409774 6548836 176699 10219
0b000101 0b000201 10270 100 2097152 15468981 506176 176759 9297
0b000101 0b000201 10271 100 2097152 15469341 507228 176759 8257
0b000401 0b000501 10271 100 2097152 14443067 1535690 176759 10692
0b000401 0b000501 10272 100 2097152 14446239 1533226 176759 11172
0b000401 0b000501 10273 100 2097152 14449147 1530850 176759 7812
0b000401 0b000501 10274 100 2097152 14450031 1530146 176759 8292
0b000601 0b000f01 10037 100 2097152 15742207 244015 180699 11158
0b000701 0b000001 10268 100 2097152 15510733 485840 176759 8295
0b000d01 0b000601 10033 100 2097152 15819059 188351 180699 10621
0b000e01 0b000f01 10249 100 2097152 15641057 371028 176759 10238
0b000e01 0b000f01 10250 100 2097152 15641067 371022 176759 10254
0b000b01 0b000c01 10259 100 2097152 9412898 6616352 176699 11163
0b000a01 0b000b01 10286 100 2097152 15851598 177681 44264 10282
0b001101 0b001201 10235 100 2097152 15853232 182800 176759 11569
0b000501 0b000601 10269 100 2097152 14829813 1207428 176759 7797
0b000501 0b000601 10270 100 2097152 14830961 1209804 176759 8277
0b000301 0b000401 10270 100 2097152 15709817 345252 176759 10259
0b000a01 0b000b01 10287 100 2097152 15874459 198916 44264 9754
0b000b01 0b000c01 10260 100 2097152 9415522 6662302 176699 7803
0b000501 0b000e01 10037 100 2097152 15686499 403205 180699 10677
0b000a01 0b000b01 10288 100 2097152 15894834 198223 44264 10746
0b000501 0b000e01 10038 100 2097152 15688351 405481 180699 10693
0b000a01 0b000b01 10289 100 2097152 15907177 191829 44264 8826
0b000a01 0b000b01 10290 100 2097152 15915715 184988 44264 7866
0b000601 0b000f01 10038 100 2097152 15871223 235840 180699 11174
0b000201 0b000301 10270 100 2097152 15362355 752540 176759 11154
0b000201 0b000301 10271 100 2097152 15380623 754388 176759 7794
0b000201 0b000b01 10042 100 2097152 15978167 180222 180639 9314
0b000401 0b000501 10275 100 2097152 15919351 239910 176759 9268
0b000d01 0b000e01 10240 100 2097152 15096315 1066096 176759 10253
0b000001 0b000901 10039 100 2097152 15999583 180222 180639 8304
0b000d01 0b000e01 10241 100 2097152 15107675 1088796 176759 9181
0b001201 0b001301 10250 100 2097152 16039042 176356 176759 11586
0b000901 0b000a01 10280 100 2097152 16182815 44164 44264 8329
0b000201 0b000301 10272 100 2097152 15570678 665849 176759 8754
0b000501 0b000e01 10039 100 2097152 15981767 273329 180699 10709
0b000401 0b000d01 10042 100 2097152 16058079 202293 180699 10276
0b000b01 0b000401 10040 100 2097152 16076385 187858 180639 9771
0b000a01 0b000b01 10291 100 2097152 16229989 44664 44264 8346
0b000d01 0b000e01 10242 100 2097152 15153955 1137912 176759 10269
0b000301 0b000401 10271 100 2097152 15940213 380176 176759 10691
0b000101 0b000201 10272 100 2097152 15724477 632788 176759 9793
0b000201 0b000301 10273 100 2097152 15979579 385648 176759 8274
0b000c01 0b000501 10037 100 2097152 15872938 496408 180699 10204
0b000c01 0b000501 10038 100 2097152 15878551 501899 180699 10220
0b000101 0b000201 10273 100 2097152 15772237 615848 176759 9809
0b000101 0b000201 10274 100 2097152 15775229 613664 176759 10241
0b001301 0b001401 10265 100 2097152 16218408 176278 176699 11603
0b000c01 0b000501 10039 100 2097152 15961620 460342 180699 10236
0b000701 0b000001 10269 100 2097152 15598473 835048 176759 9799
0b001401 0b001501 10280 100 2097152 16397696 44164 44264 11620
0b001501 0b001601 10295 100 2097152 16444870 44164 44264 11637
0b000601 0b000701 10271 100 2097152 16010420 497619 176759 10630
0b001601 0b001701 10310 100 2097152 16492074 44681 44264 11654
0b000701 0b000001 10270 100 2097152 15650225 893316 176759 8791
0b000501 0b000601 10271 100 2097152 15035409 1520366 176759 8773
0b000601 0b000701 10272 100 2097152 16040251 529144 176759 7814
0b000601 0b000701 10273 100 2097152 16043775 529144 176759 8294
0b000401 0b000501 10276 100 2097152 16267253 315308 176759 9780
0b000701 0b000001 10271 100 2097152 15682437 906724 176759 9287
0b001701 0b001801 10039 100 2097152 16539795 51384 48204 11671
0b000f01 0b000801 10259 100 2097152 15989232 623448 176699 11183
0b001801 0b001901 10274 100 2097152 16594189 44164 44264 11688
0b000401 0b000501 10277 100 2097152 16323399 315306 176759 10708
0b000801 0b000901 10270 100 2097152 16615690 44670 44264 11192
0b000701 0b000001 10272 100 2097152 15754097 906524 176759 10231
0b000701 0b000001 10273 100 2097152 15759909 904496 176759 9303
0b000501 0b000601 10272 100 2097152 15084697 1596240 176759 11173
0b001901 0b001a01 10275 100 2097152 16641363 44164 44264 11705
0b000f01 0b000801 10260 100 2097152 16015095 675733 176699 10255
0b000f01 0b000801 10261 100 2097152 16015105 675727 176699 10271
0b000901 0b000a01 10281 100 2097152 16663370 45301 44264 11209
0b000f01 0b000801 10262 100 2097152 16110073 613587 176699 11199
0b001a01 0b001b01 10274 100 2097152 16688537 44164 44264 11722
0b000501 0b000601 10273 100 2097152 15117177 1628012 176759 9781
0b000701 0b000801 10039 100 2097152 16572405 180222 180639 7831
0b000a01 0b000b01 10292 100 2097152 16711681 44670 44264 11226
0b000601 0b000701 10274 100 2097152 16558785 200750 176759 8790
0b001b01 0b001c01 10273 100 2097152 16735711 44164 44264 11739
0b000301 0b000401 10272 100 2097152 16117905 683468 176759 11171
0b000001 0b000101 10272 100 2097152 16436531 366104 176759 9808
0b000501 0b000e01 10040 100 2097152 16641715 180300 180699 10725
0b001c01 0b001d01 10272 100 2097152 16782885 44164 44264 11756
0b000801 0b000901 10271 100 2097152 16693838 134799 44264 10264
0b000801 0b000901 10272 100 2097152 16693848 134793 44264 10280
0b000b01 0b000c01 10261 100 2097152 10075998 6755366 176699 8747
0b000301 0b000401 10273 100 2097152 16138021 694460 176759 7811
0b000801 0b000901 10273 100 2097152 16726670 135767 44264 11208
0b000601 0b000f01 10039 100 2097152 16683947 180300 180699 11190
0b000801 0b000901 10274 100 2097152 16755637 116900 44264 7848
0b000201 0b000301 10274 100 2097152 16360275 513532 176759 9810
0b001d01 0b001e01 10271 100 2097152 16830059 44164 44264 11773
0b000301 0b000401 10274 100 2097152 16239537 660724 176759 8771
0b000201 0b000301 10275 100 2097152 16391095 529272 176759 9826
0b000201 0b000301 10276 100 2097152 16391903 528908 176759 10258
0b001e01 0b001f01 10270 100 2097152 16877233 44164 44264 11790
0b000301 0b000401 10275 100 2097152 16368237 553304 176759 8291
0b000b01 0b000c01 10262 100 2097152 10172619 6753289 176699 10235
0b000b01 0b000c01 10263 100 2097152 10179515 6752001 176699 10699
0b000601 0b000701 10275 100 2097152 16748199 197868 176759 9798
0b000901 0b000a01 10282 100 2097152 16831647 142627 44264 10281
0b000901 0b000a01 10283 100 2097152 16831657 142621 44264 10297
0b000d01 0b000e01 10243 100 2097152 15588055 1397708 176759 9693
0b000101 0b000201 10275 100 2097152 16805645 184756 176759 9825
0b000e01 0b000f01 10251 100 2097152 16092714 907635 176759 10702
0b000901 0b000a01 10284 100 2097152 16865447 142428 44264 11225
0b000901 0b000a01 10285 100 2097152 16875547 135718 44264 7865
0b000b01 0b000c01 10264 100 2097152 10329855 6696341 176699 9211
0b000e01 0b000f01 10252 100 2097152 16096842 931847 176759 10718
0b000701 0b000001 10274 100 2097152 16511049 584968 176759 10647
0b001f01 0b001001 10047 100 2097152 16924437 180234 180639 11807
0b000301 0b000401 10276 100 2097152 16923821 189948 176759 10275
0b000a01 0b000b01 10293 100 2097152 16977284 145915 44264 10298
0b000a01 0b000b01 10294 100 2097152 16977294 145909 44264 10314
0b000c01 0b000501 10040 100 2097152 16928918 197145 180699 10252
0b000d01 0b000e01 10244 100 2097152 15687269 1444554 176759 10285
0b000f01 0b000801 10263 100 2097152 16867257 267483 176699 11215
0b000701 0b000001 10275 100 2097152 16575929 563832 176759 8311
0b000c01 0b000d01 10234 100 2097152 10280934 6866911 176759 7740
0b000c01 0b000d01 10235 100 2097152 10280950 6866899 176759 8220
0b000c01 0b000d01 10236 100 2097152 10281822 6866115 176759 10620
0b000c01 0b000d01 10237 100 2097152 10281838 6866103 176759 11100
0b000c01 0b000d01 10238 100 2097152 10284971 6862974 176759 8236
0b000a01 0b000b01 10295 100 2097152 17010885 144732 44264 11242
0b000a01 0b000b01 10296 100 2097152 17014275 142472 44264 7882
0b000201 0b000301 10277 100 2097152 16993411 181584 176759 9842
0b000801 0b000901 10275 100 2097152 17137750 44670 44264 11224
0b000301 0b000c01 10044 100 2097152 16876817 320656 180699 9827
0b000b01 0b000c01 10265 100 2097152 10522700 6688500 176699 11179
0b000901 0b000a01 10286 100 2097152 17185430 44164 44264 11241
0b000e01 0b000f01 10253 100 2097152 16165421 1085736 176759 10270
0b000b01 0b000c01 10266 100 2097152 10545713 6725379 176699 8283
0b000a01 0b000b01 10297 100 2097152 17232604 44658 44264 11258
0b000701 0b000001 10276 100 2097152 16762545 518756 176759 8807
0b001701 0b001001 10226 100 2097152 5411238 11878775 176699 12039
0b001701 0b001001 10227 100 2097152 5411239 11878862 176699 12519
0b001701 0b001001 10228 100 2097152 5411240 11878865 176699 12999
0b001701 0b001001 10229 100 2097152 5411241 11878868 176699 13479
0b001701 0b001001 10230 100 2097152 5411242 11878871 176699 13959
0b000301 0b000c01 10045 100 2097152 16923377 367184 180699 9843
0b000001 0b000101 10273 100 2097152 16546551 747664 176759 8800
0b000401 0b000d01 10043 100 2097152 17116779 186699 180699 10292
0b001701 0b001001 10231 100 2097152 5415966 11895255 176699 14935
0b000e01 0b000f01 10254 100 2097152 16199481 1119792 176759 9198
0b000001 0b000901 10040 100 2097152 17142771 180227 180639 8320
0b000d01 0b000601 10034 100 2097152 17150947 187168 180699 10637
0b000701 0b000001 10277 100 2097152 16949077 394562 176759 9815
0b000901 0b000a01 10287 100 2097152 17326008 44164 44264 8345
0b000401 0b000501 10278 100 2097152 16804383 570356 176759 11188
0b000b01 0b000c01 10267 100 2097152 10588379 6795727 176699 10251
0b000d01 0b000e01 10245 100 2097152 15817379 1569376 176759 7741
0b000d01 0b000e01 10246 100 2097152 15817383 1569376 176759 8221
0b000d01 0b000e01 10247 100 2097152 15818971 1569376 176759 8701
0b000d01 0b000e01 10248 100 2097152 15819063 1569288 176759 11101
0b000e01 0b000f01 10255 100 2097152 16258106 1134191 176759 10734
0b000001 0b000101 10274 100 2097152 16592171 805272 176759 9296
0b000b01 0b000c01 10268 100 2097152 10597219 6807747 176699 10715
0b001701 0b001001 10232 100 2097152 5445283 11965566 176699 14455
0b001701 0b001001 10233 100 2097152 5445353 11965500 176699 13975
0b000a01 0b000b01 10298 100 2097152 17373182 44673 44264 8362
0b000301 0b000c01 10046 100 2097152 17178005 240592 180699 9859
0b000e01 0b000f01 10256 100 2097152 16294877 1148640 176759 10286
0b000d01 0b000e01 10249 100 2097152 15894523 1552916 176759 8717
0b000401 0b000501 10279 100 2097152 16835491 632276 176759 7828
0b001001 0b001901 10033 100 2097152 17293053 180222 180639 12048
0b000101 0b000a01 10041 100 2097152 17297225 180222 180639 8817
0b000c01 0b000d01 10239 100 2097152 10516935 6969446 176759 9692
0b000001 0b000101 10275 100 2097152 16663631 852260 176759 10240
0b000001 0b000101 10276 100 2097152 16667415 852352 176759 9312
0b001901 0b001a01 10276 100 2097152 17476285 44164 44264 12073
0b000a01 0b000b01 10299 100 2097152 17480457 44665 44264 8842
0b000601 0b000701 10276 100 2097152 17341125 184742 176759 10646
0b000401 0b000501 10280 100 2097152 16903271 632108 176759 8788
0b000501 0b000601 10274 100 2097152 15589417 1951036 176759 8789
0b000401 0b000501 10281 100 2097152 16924551 617960 176759 8308
0b000b01 0b000c01 10269 100 2097152 10663441 6889883 176699 7819
0b001a01 0b001b01 10275 100 2097152 17523459 44164 44264 12090
0b000c01 0b000501 10041 100 2097152 17387146 181672 180699 10268
0b000e01 0b000701 10034 100 2097152 17391361 180300 180699 11118
0b000f01 0b000801 10264 100 2097152 17003359 593993 176699 10719
0b001b01 0b001c01 10274 100 2097152 17570633 44164 44264 12107
0b000c01 0b000d01 10240 100 2097152 10663393 6975408 176759 7756
0b000c01 0b000d01 10241 100 2097152 10663395 6975410 176759 10636
0b000c01 0b000d01 10242 100 2097152 10663396 6975413 176759 11116
0b000c01 0b000d01 10243 100 2097152 10663403 6975494 176759 7772
0b000801 0b000901 10276 100 2097152 17600362 44676 44264 10728
0b001c01 0b001d01 10273 100 2097152 17617807 44164 44264 12124
0b000f01 0b000801 10265 100 2097152 17031699 636497 176699 10735
0b000901 0b000a01 10288 100 2097152 17648048 45920 44264 10745
0b001d01 0b001e01 10272 100 2097152 17664981 44164 44264 12141
0b000801 0b000901 10277 100 2097152 17671206 45162 44264 10744
0b000501 0b000601 10275 100 2097152 15692579 2026606 176759 7813
0b000101 0b000201 10276 100 2097152 17400453 321076 176759 9313
0b000501 0b000601 10276 100 2097152 15696187 2029602 176759 8293
0b000d01 0b000e01 10250 100 2097152 16263382 1478013 176759 10301
0b000a01 0b000b01 10300 100 2097152 17696978 46239 44264 10762
0b000601 0b000701 10277 100 2097152 17543463 202148 176759 8806
0b001e01 0b001f01 10271 100 2097152 17712185 44164 44264 12158
0b000901 0b000a01 10289 100 2097152 17719378 45210 44264 10761
0b001f01 0b001801 10268 100 2097152 17759389 44164 44264 12175
0b000a01 0b000b01 10301 100 2097152 17767598 44673 44264 10778
0b000d01 0b000601 10035 100 2097152 17641815 180300 180699 10653
0b000001 0b000101 10277 100 2097152 17099027 724840 176759 10656
0b000001 0b000101 10278 100 2097152 17284311 614184 176759 8816
0b000701 0b000001 10278 100 2097152 17528877 374000 176759 10663
0b000201 0b000b01 10043 100 2097152 17724539 180222 180639 9330
0b000001 0b000101 10279 100 2097152 17346649 564362 176759 9824
0b001801 0b001101 10041 100 2097152 17806563 180234 180639 12184
0b000701 0b000001 10279 100 2097152 17574671 421142 176759 11127
0b000f01 0b000801 10266 100 2097152 17254167 790321 176699 10287
0b000101 0b000201 10277 100 2097152 17518901 533992 176759 10257
0b000101 0b000201 10278 100 2097152 17522777 535928 176759 9329
0b000101 0b000a01 10042 100 2097152 17901505 180222 180639 8833
0b000701 0b000001 10280 100 2097152 17748621 334144 176759 8823
0b000801 0b000901 10278 100 2097152 18047498 44669 44264 10296
0b000e01 0b000f01 10257 100 2097152 16825025 1280696 176759 10750
0b000f01 0b000801 10267 100 2097152 17322283 791657 176699 9215
0b000a01 0b000b01 10302 100 2097152 18084737 46770 44264 8858
0b000901 0b000a01 10290 100 2097152 18095177 46621 44264 10313
0b000801 0b000901 10279 100 2097152 18116950 45274 44264 9224
0b001101 0b001201 10236 100 2097152 17989807 177600 176759 12193
0b000f01 0b000801 10268 100 2097152 17395307 773285 176699 10751
0b000f01 0b000801 10269 100 2097152 17446527 742569 176699 10303
0b000a01 0b000b01 10303 100 2097152 18144808 45597 44264 10330
0b000501 0b000601 10277 100 2097152 15982475 2212950 176759 11189
0b000501 0b000601 10278 100 2097152 15983007 2213566 176759 7829
0b000501 0b000601 10279 100 2097152 15983187 2213390 176759 8309
0b000901 0b000a01 10291 100 2097152 18165234 47331 44264 9241
0b000001 0b000101 10280 100 2097152 17905887 328428 176759 10672
0b000201 0b000301 10278 100 2097152 18055903 184744 176759 10274
0b000801 0b000901 10280 100 2097152 18171602 69747 44264 10760
0b000201 0b000b01 10044 100 2097152 18061715 180222 180639 9346
0b000801 0b000901 10281 100 2097152 18192106 70261 44264 10312
0b000e01 0b000f01 10258 100 2097152 16988773 1282292 176759 9710
0b000601 0b000701 10278 100 2097152 17722195 557492 176759 7830
0b000601 0b000701 10279 100 2097152 17728799 564588 176759 8310
0b000901 0b000a01 10292 100 2097152 18244359 68841 44264 10777
0b000901 0b000a01 10293 100 2097152 18265377 68795 44264 10329
0b000101 0b000201 10279 100 2097152 17826877 509992 176759 10673
0b000b01 0b000c01 10270 100 2097152 11348270 6996627 176699 11195
0b001201 0b001301 10251 100 2097152 18170417 176356 176759 12210
0b000b01 0b000c01 10271 100 2097152 11480813 6887908 176699 10267
0b000601 0b000f01 10040 100 2097152 18198435 180300 180699 11206
0b000a01 0b000b01 10304 100 2097152 18316210 69445 44264 10794
0b001001 0b001101 10219 100 2097152 5588499 12798559 176759 11568
0b000101 0b000201 10280 100 2097152 17914021 481016 176759 9841
0b000a01 0b000301 10038 100 2097152 18215575 180234 180639 9258
0b000a01 0b000b01 10305 100 2097152 18337182 68844 44264 10346
0b000501 0b000601 10280 100 2097152 16162271 2244962 176759 9285
0b000e01 0b000f01 10259 100 2097152 17134833 1276240 176759 10302
0b000001 0b000101 10281 100 2097152 17998823 421268 176759 11136
0b000f01 0b000801 10270 100 2097152 18108731 325749 176699 10767
0b000601 0b000701 10280 100 2097152 17825125 615462 176759 10662
0b000301 0b000401 10277 100 2097152 18243687 205014 176759 10291
0b000701 0b000801 10040 100 2097152 18282697 180222 180639 7847
0b000001 0b000101 10282 100 2097152 18085775 377792 176759 8832
0b000801 0b000901 10282 100 2097152 18437490 60793 44264 10776
0b000c01 0b000d01 10244 100 2097152 11410786 7097535 176759 8252
0b000701 0b000001 10281 100 2097152 18296397 222164 176759 8327
0b001301 0b001401 10266 100 2097152 18349783 176278 176699 12227
0b000801 0b000901 10283 100 2097152 18465929 61642 44264 7864
0b000c01 0b000501 10042 100 2097152 18371761 180303 180699 10284
0b000901 0b000a01 10294 100 2097152 18501293 61319 44264 10793
0b001101 0b001201 10237 100 2097152 18390068 178724 176759 11585
0b001401 0b001501 10281 100 2097152 18529071 44164 44264 12244
0b000b01 0b000c01 10272 100 2097152 11531963 7053474 176699 8763
0b000901 0b000a01 10295 100 2097152 18530581 61261 44264 7881
0b000101 0b000201 10281 100 2097152 18237325 355188 176759 10689
0b000c01 0b000d01 10245 100 2097152 11434346 7161039 176759 9180
0b000301 0b000401 10278 100 2097152 18398849 209588 176759 9267
0b001501 0b001601 10296 100 2097152 18576245 44164 44264 12261
0b000e01 0b000f01 10260 100 2097152 17389765 1233016 176759 7758
0b000e01 0b000f01 10261 100 2097152 17389769 1233016 176759 8238
0b000e01 0b000f01 10262 100 2097152 17391357 1232224 176759 8718
0b000501 0b000601 10281 100 2097152 16372356 2251877 176759 10213
0b000a01 0b000b01 10306 100 2097152 18565652 61758 44264 10810
0b000401 0b000d01 10044 100 2097152 18451711 180300 180699 10308
0b000501 0b000601 10282 100 2097152 16383460 2250877 176759 10229
0b000e01 0b000f01 10263 100 2097152 17450449 1190644 176759 8734
0b000101 0b000a01 10043 100 2097152 18466577 180222 180639 8849
0b000a01 0b000b01 10307 100 2097152 18594882 66054 44264 7898
0b000701 0b000001 10282 100 2097152 18443597 222124 176759 10679
0b000c01 0b000d01 10246 100 2097152 11475474 7191795 176759 8716
0b000501 0b000601 10283 100 2097152 16424972 2242477 176759 10245
0b001601 0b001701 10311 100 2097152 18623449 44678 44264 12278
0b000e01 0b000f01 10264 100 2097152 17744405 938668 176759 10318
0b000b01 0b000c01 10273 100 2097152 11669311 7013875 176699 9227
0b000201 0b000301 10279 100 2097152 18339879 348308 176759 10690
0b000101 0b000201 10282 100 2097152 18423101 270180 176759 11153
0b000a01 0b000b01 10308 100 2097152 18649839 50474 44264 8874
0b000001 0b000901 10041 100 2097152 18521571 187150 180639 8336
0b001701 0b001001 10234 100 2097152 5683393 13045232 176699 14951
0b000c01 0b000d01 10247 100 2097152 11566526 7174895 176759 7788
0b001201 0b001301 10252 100 2097152 18571802 176356 176759 11602
0b000901 0b000a01 10296 100 2097152 18711731 44164 44264 8361
0b000501 0b000601 10284 100 2097152 16585571 2183730 176759 9797
0b000401 0b000501 10282 100 2097152 18611447 184734 176759 9284
0b000a01 0b000b01 10309 100 2097152 18758935 44666 44264 8378
0b000f01 0b000001 10035 100 2097152 18625791 183824 180699 7775
0b000201 0b000301 10280 100 2097152 18398047 445846 176759 9858
0b000d01 0b000e01 10251 100 2097152 17150855 1697804 176759 7757
0b000d01 0b000e01 10252 100 2097152 17150859 1697804 176759 8237
0b000d01 0b000e01 10253 100 2097152 17150951 1697716 176759 11117
0b000d01 0b000e01 10254 100 2097152 17150955 1697716 176759 8253
0b000001 0b000101 10283 100 2097152 18668731 209676 176759 10688
0b000301 0b000401 10279 100 2097152 18691227 193178 176759 10707
0b001301 0b001401 10267 100 2097152 18751168 176278 176699 11619
0b001701 0b001001 10235 100 2097152 5821811 13129334 176699 14471
0b000f01 0b000801 10271 100 2097152 18274075 686152 176699 9727
0b001401 0b001501 10282 100 2097152 18930456 44164 44264 11636
0b001701 0b001001 10236 100 2097152 5912984 13062225 176699 14967
0b000601 0b000701 10281 100 2097152 18199583 778984 176759 7846
0b000601 0b000701 10282 100 2097152 18199587 778984 176759 8326
0b000d01 0b000e01 10255 100 2097152 17306488 1697751 176759 10317
0b000801 0b000901 10284 100 2097152 18963237 44670 44264 9736
0b001501 0b001601 10297 100 2097152 18977660 44164 44264 11653
0b000301 0b000c01 10047 100 2097152 18846933 180300 180699 9875
0b000001 0b000101 10284 100 2097152 18812625 216258 176759 7776
0b000e01 0b000701 10035 100 2097152 18851677 182363 180699 11134
0b000201 0b000301 10281 100 2097152 18595553 439174 176759 10706
0b000901 0b000a01 10297 100 2097152 19010917 44164 44264 9753
0b001601 0b001701 10312 100 2097152 19024864 44664 44264 11670
0b000401 0b000501 10283 100 2097152 18887415 184550 176759 10724
0b000201 0b000301 10282 100 2097152 18696321 376530 176759 11170
0b000b01 0b000c01 10274 100 2097152 11898812 7190241 176699 8299
0b000101 0b000201 10283 100 2097152 18881417 217716 176759 10705
0b000b01 0b000c01 10275 100 2097152 12037026 7064803 176699 7835
0b000a01 0b000b01 10310 100 2097152 19058121 44647 44264 9770
0b001001 0b001101 10220 100 2097152 5916058 13197164 176759 11584
0b001701 0b001801 10040 100 2097152 19072568 62262 48204 11687
0b000b01 0b000c01 10276 100 2097152 12063014 7073422 176699 10731
0b000501 0b000601 10285 100 2097152 17129073 2011112 176759 10261
0b001701 0b001001 10237 100 2097152 5928707 13214310 176699 12055
0b001701 0b001001 10238 100 2097152 5928711 13214574 176699 12535
0b001701 0b001001 10239 100 2097152 5928715 13214838 176699 13015
0b001701 0b001001 10240 100 2097152 5928719 13215102 176699 13495
0b000701 0b000801 10041 100 2097152 18981577 182530 180639 7863
0b001701 0b001001 10241 100 2097152 5933312 13243045 176699 13511
0b001801 0b001901 10275 100 2097152 19137840 44164 44264 11704
0b000801 0b000901 10285 100 2097152 19167117 44670 44264 7880
0b000d01 0b000e01 10256 100 2097152 17489391 1723244 176759 9709
0b001901 0b001a01 10277 100 2097152 19185014 44164 44264 11721
0b000101 0b000201 10284 100 2097152 19031893 217318 176759 7793
0b000501 0b000e01 10041 100 2097152 19074975 180300 180699 10741
0b000901 0b000a01 10298 100 2097152 19214797 44164 44264 7897
0b000c01 0b000d01 10248 100 2097152 11982199 7282498 176759 9708
0b001a01 0b001b01 10276 100 2097152 19232188 44164 44264 11738
0b000f01 0b000801 10272 100 2097152 18381745 901714 176699 11231
0b000501 0b000601 10286 100 2097152 17377749 1907580 176759 11205
0b000b01 0b000401 10041 100 2097152 19105778 180234 180639 9787
0b000701 0b000001 10283 100 2097152 18981581 313868 176759 8343
0b001101 0b001201 10238 100 2097152 19116232 184768 176759 11601
0b000a01 0b000b01 10311 100 2097152 19262001 44667 44264 7914
0b000201 0b000301 10283 100 2097152 19102173 219092 176759 10722
0b001b01 0b001c01 10275 100 2097152 19279362 44164 44264 11755
0b001001 0b001901 10034 100 2097152 19146057 180222 180639 12064
0b000501 0b000601 10287 100 2097152 17470777 1857283 176759 7845
0b000601 0b000701 10283 100 2097152 18410243 918724 176759 9302
0b000801 0b000901 10286 100 2097152 19286469 44670 44264 11240
0b000f01 0b000801 10273 100 2097152 18414083 923060 176699 10319
0b000501 0b000601 10288 100 2097152 17538389 1814231 176759 8805
0b000501 0b000601 10289 100 2097152 17545521 1809299 176759 8325
0b000501 0b000601 10290 100 2097152 17571828 1788540 176759 10277
0b000701 0b000001 10284 100 2097152 19037050 332599 176759 11143
0b001c01 0b001d01 10274 100 2097152 19326536 44164 44264 11772
0b001901 0b001a01 10278 100 2097152 19329289 44164 44264 12089
0b000901 0b000a01 10299 100 2097152 19334149 47349 44264 11257
0b000801 0b000901 10287 100 2097152 19340153 45981 44264 10328
0b000301 0b000401 10280 100 2097152 19037767 357232 176759 10723
0b000d01 0b000e01 10257 100 2097152 17641811 1759100 176759 7773
0b000d01 0b000e01 10258 100 2097152 17641819 1759096 176759 11133
0b000d01 0b000e01 10259 100 2097152 17641907 1759012 176759 7789
0b001d01 0b001e01 10273 100 2097152 19373710 44164 44264 11789
0b001a01 0b001b01 10277 100 2097152 19376463 44164 44264 12106
0b000a01 0b000b01 10312 100 2097152 19384538 47931 44264 11274
0b000901 0b000a01 10300 100 2097152 19389144 46048 44264 10345
0b001e01 0b001f01 10272 100 2097152 19420914 44164 44264 11806
0b001b01 0b001c01 10276 100 2097152 19423637 44164 44264 12123
0b000601 0b000f01 10041 100 2097152 19288339 180300 180699 11222
0b000201 0b000301 10284 100 2097152 19252251 218842 176759 7810
0b000301 0b000401 10281 100 2097152 19075891 395276 176759 11187
0b000001 0b000901 10042 100 2097152 19298459 180222 180639 8352
0b001201 0b001301 10253 100 2097152 19304010 176356 176759 11618
0b000a01 0b000b01 10313 100 2097152 19438232 44726 44264 10362
0b001c01 0b001d01 10275 100 2097152 19470811 44164 44264 12140
0b001701 0b001001 10242 100 2097152 5964386 13558995 176699 13991
0b000501 0b000601 10291 100 2097152 18555074 970202 176759 10293
0b000901 0b000a01 10301 100 2097152 19481721 44217 44264 8377
0b000701 0b000001 10285 100 2097152 19331977 203552 176759 9319
0b000501 0b000601 10292 100 2097152 18799191 757857 176759 9301
0b001d01 0b001e01 10274 100 2097152 19518015 44164 44264 12157
0b000a01 0b000b01 10314 100 2097152 19528978 44664 44264 8394
0b000001 0b000101 10285 100 2097152 19372659 201480 176759 11152
0b000e01 0b000701 10036 100 2097152 19403925 180319 180699 11150
0b001701 0b001001 10243 100 2097152 5970631 13618006 176699 13527
0b000401 0b000501 10284 100 2097152 19289022 303255 176759 9796
0b001e01 0b001f01 10273 100 2097152 19565219 44164 44264 12174
0b000f01 0b000801 10274 100 2097152 18625795 1022264 176699 8255
0b001f01 0b001001 10048 100 2097152 19468118 180234 180639 11823
0b000f01 0b000801 10275 100 2097152 18626591 1022176 176699 8735
0b001f01 0b001801 10269 100 2097152 19612423 44164 44264 12191
0b000f01 0b000801 10276 100 2097152 18644103 1015228 176699 8751
0b001301 0b001401 10268 100 2097152 19483376 176278 176699 11635
0b000f01 0b000801 10277 100 2097152 18686083 987332 176699 10335
0b000301 0b000401 10282 100 2097152 19324305 381147 176759 10739
0b001401 0b001501 10283 100 2097152 19662664 44164 44264 11652
0b000001 0b000101 10286 100 2097152 19538539 201533 176759 9328
0b001501 0b001601 10298 100 2097152 19709868 44164 44264 11669
0b000801 0b000901 10288 100 2097152 19651777 105613 44264 8744
0b000701 0b000001 10286 100 2097152 19587254 185195 176759 11159
0b000301 0b000401 10283 100 2097152 19474133 299971 176759 7827
0b000801 0b000901 10289 100 2097152 19662341 116167 44264 8760
0b000101 0b000201 10285 100 2097152 19577149 201696 176759 11169
0b000501 0b000601 10293 100 2097152 19595287 185137 176759 9813
0b000801 0b000901 10290 100 2097152 19676425 109121 44264 10344
0b001701 0b001001 10244 100 2097152 6008730 13784136 176699 14007
0b000e01 0b000f01 10265 100 2097152 18851669 942420 176759 7774
0b000e01 0b000f01 10266 100 2097152 18851673 942420 176759 8254
0b000e01 0b000f01 10267 100 2097152 18851683 942414 176759 8270
0b001601 0b001701 10313 100 2097152 19757072 44706 44264 11686
0b000801 0b000101 10036 100 2097152 19651069 180828 180639 8264
0b000901 0b000a01 10302 100 2097152 19788586 44164 44264 10361
0b001801 0b001101 10042 100 2097152 19659597 180970 180639 12200
0b000f01 0b000801 10278 100 2097152 19471649 369898 176699 11247
0b001701 0b001801 10041 100 2097152 19804818 63150 48204 11703
0b000401 0b000501 10285 100 2097152 19398009 475813 176759 10740
0b000a01 0b000b01 10315 100 2097152 19835790 44663 44264 10378
0b000801 0b000901 10291 100 2097152 19844587 44670 44264 11256
0b001701 0b001001 10245 100 2097152 6019821 13871476 176699 13543
0b000b01 0b000c01 10277 100 2097152 12640925 7270999 176699 8779
0b001801 0b001901 10276 100 2097152 19870978 44164 44264 11720
0b000601 0b000701 10284 100 2097152 18627243 1299336 176759 10230
0b000b01 0b000c01 10278 100 2097152 12659134 7276602 176699 8315
0b000901 0b000a01 10303 100 2097152 19892297 44164 44264 11273
0b000601 0b000701 10285 100 2097152 18637347 1317120 176759 10246
0b000001 0b000101 10287 100 2097152 19775459 184548 176759 11168
0b001901 0b001a01 10279 100 2097152 19918152 44164 44264 11737
0b000201 0b000301 10285 100 2097152 19781885 185062 176759 11186
0b000c01 0b000d01 10249 100 2097152 12457534 7515335 176759 10652
0b000c01 0b000d01 10250 100 2097152 12461746 7511127 176759 11132
0b000d01 0b000e01 10260 100 2097152 18511331 1465028 176759 8269
0b000f01 0b000001 10036 100 2097152 19797099 182102 180699 7791
0b000401 0b000501 10286 100 2097152 19474177 509484 176759 11204
0b000a01 0b000b01 10316 100 2097152 19939501 44663 44264 11290
0b001a01 0b001b01 10278 100 2097152 19965326 44164 44264 11754
0b000601 0b000701 10286 100 2097152 18670459 1350054 176759 10262
0b001101 0b001201 10239 100 2097152 19843577 179900 176759 12209
0b000d01 0b000e01 10261 100 2097152 18598395 1428480 176759 9197
0b000c01 0b000d01 10251 100 2097152 12546494 7495467 176759 11148
0b000d01 0b000e01 10262 100 2097152 18635021 1408578 176759 10333
0b000d01 0b000e01 10263 100 2097152 18670279 1385288 176759 8733
0b001b01 0b001c01 10277 100 2097152 20012500 44164 44264 11771
0b000501 0b000e01 10042 100 2097152 19876832 180300 180699 10757
0b000e01 0b000f01 10268 100 2097152 19007249 1070544 176759 10334
0b000d01 0b000e01 10264 100 2097152 18744431 1333952 176759 7805
0b001701 0b001001 10246 100 2097152 6080673 14002672 176699 14487
0b000901 0b000201 10037 100 2097152 19760430 324882 180639 8761
0b000101 0b000201 10286 100 2097152 19743082 355967 176759 9345
0b001c01 0b001d01 10276 100 2097152 20059674 44164 44264 11788
0b000901 0b000201 10038 100 2097152 19781548 335434 180639 8777
0b001701 0b001001 10247 100 2097152 6103624 14023065 176699 14023
0b000b01 0b000c01 10279 100 2097152 12792855 7345069 176699 9243
0b001d01 0b001e01 10275 100 2097152 20106878 44164 44264 11805
0b000301 0b000401 10284 100 2097152 19969987 184591 176759 11203
0b000d01 0b000601 10036 100 2097152 19975879 180310 180699 10669
0b000001 0b000101 10288 100 2097152 19982211 184864 176759 7792
0b000501 0b000601 10294 100 2097152 19986671 185625 176759 11221
0b000601 0b000701 10287 100 2097152 18772311 1402340 176759 9814
0b001701 0b001001 10248 100 2097152 6116384 14072265 176699 13559
0b000401 0b000501 10287 100 2097152 19708462 481464 176759 10756
0b001e01 0b001f01 10274 100 2097152 20154082 44164 44264 11822
0b001201 0b001301 10254 100 2097152 20026487 176356 176759 12226
0b001701 0b001001 10249 100 2097152 6121479 14102598 176699 14983
0b001701 0b001001 10250 100 2097152 6146388 14083129 176699 14503
0b000f01 0b000801 10279 100 2097152 19797103 434052 176699 8271
0b000f01 0b000801 10280 100 2097152 19797113 434046 176699 8287
0b000401 0b000501 10288 100 2097152 19777114 456508 176759 7844
0b001701 0b001001 10251 100 2097152 6167808 14067317 176699 14039
0b000d01 0b000e01 10265 100 2097152 19267707 971208 176759 9725
0b001701 0b001001 10252 100 2097152 6221696 14019121 176699 13575
0b001001 0b001101 10221 100 2097152 6146870 14094168 176759 11600
0b001701 0b001001 10253 100 2097152 6234512 14011913 176699 14519
0b000201 0b000b01 10045 100 2097152 20102089 180834 180639 9362
0b000101 0b000201 10287 100 2097152 19834907 452751 176759 8273
0b001701 0b001001 10254 100 2097152 6360757 13927432 176699 14999
0b001701 0b001001 10255 100 2097152 6392253 13901796 176699 14055
0b000601 0b000f01 10042 100 2097152 20175306 180301 180699 11238
0b000f01 0b000801 10281 100 2097152 20080803 291688 176699 10351
0b000501 0b000e01 10043 100 2097152 20192936 180300 180699 10773
0b001f01 0b001001 10049 100 2097152 20201286 180234 180639 11839
0b001301 0b001401 10269 100 2097152 20205853 176278 176699 12243
0b000401 0b000501 10289 100 2097152 20157588 226254 176759 11220
0b001001 0b001101 10222 100 2097152 6371933 14034377 176759 11616
0b000101 0b000201 10288 100 2097152 19963017 452521 176759 11185
0b000801 0b000901 10292 100 2097152 20375531 44670 44264 10360
0b001401 0b001501 10284 100 2097152 20385141 44164 44264 12260
0b001101 0b001201 10240 100 2097152 20244048 204288 176759 11617
0b000501 0b000601 10295 100 2097152 20236632 218917 176759 7861
0b000d01 0b000e01 10266 100 2097152 19975883 487076 176759 11149
0b000901 0b000a01 10304 100 2097152 20423241 44164 44264 10377
0b000701 0b000001 10287 100 2097152 19929589 543132 176759 10247
0b000d01 0b000e01 10267 100 2097152 20044971 430928 176759 11165
0b001501 0b001601 10299 100 2097152 20432345 44164 44264 12277
0b000101 0b000201 10289 100 2097152 20170085 326644 176759 7809
0b000a01 0b000b01 10317 100 2097152 20470445 44673 44264 10394
0b000201 0b000301 10286 100 2097152 20088352 433772 176759 8770
0b001601 0b001701 10314 100 2097152 20479549 44664 44264 12294
0b000f01 0b000801 10282 100 2097152 20358647 194880 176699 11263
0b000701 0b000001 10288 100 2097152 19957477 598672 176759 10263
0b000801 0b000101 10037 100 2097152 20234195 356298 180639 8280
0b000801 0b000101 10038 100 2097152 20234235 356358 180639 8296
0b000801 0b000901 10293 100 2097152 20556567 44164 44264 11272
0b000501 0b000601 10296 100 2097152 20386852 218669 176759 11237
0b001101 0b001201 10241 100 2097152 20409320 204280 176759 11633
0b000701 0b000001 10289 100 2097152 20023523 599218 176759 10279
0b000e01 0b000f01 10269 100 2097152 19215645 1425316 176759 9726
0b000901 0b000a01 10305 100 2097152 20603771 44164 44264 11289
0b000201 0b000301 10287 100 2097152 20120022 528267 176759 8786
0b001201 0b001301 10255 100 2097152 20451346 202036 176759 11634
0b000701 0b000001 10290 100 2097152 20177661 498828 176759 9831
0b000b01 0b000c01 10280 100 2097152 13086768 7605591 176699 11211
0b000a01 0b000b01 10318 100 2097152 20650945 44670 44264 11306
0b001001 0b001101 10223 100 2097152 6496272 14209658 176759 11632
0b000e01 0b000f01 10270 100 2097152 19258285 1476166 176759 10766
0b000301 0b000401 10285 100 2097152 20525164 246358 176759 8787
0b000601 0b000f01 10043 100 2097152 20608531 180300 180699 11254
0b000601 0b000701 10288 100 2097152 19143195 1647440 176759 10278
0b000e01 0b000701 10037 100 2097152 20465999 343521 180699 11166
0b001201 0b001301 10256 100 2097152 20616610 202024 176759 11650
0b000e01 0b000701 10038 100 2097152 20478939 343533 180699 11182
0b001301 0b001401 10270 100 2097152 20656392 201966 176699 11651
0b000b01 0b000c01 10281 100 2097152 13286731 7589249 176699 9259
0b000001 0b000101 10289 100 2097152 20475731 403528 176759 10256
0b001101 0b001201 10242 100 2097152 20708940 183460 176759 11649
0b000301 0b000401 10286 100 2097152 20651329 246385 176759 8803
0b000201 0b000301 10288 100 2097152 20290698 613351 176759 8290
0b001401 0b001501 10285 100 2097152 20861398 44689 44264 11668
0b000c01 0b000d01 10252 100 2097152 13138490 7768231 176759 7804
0b001501 0b001601 10300 100 2097152 20909127 44164 44264 11685
0b000c01 0b000d01 10253 100 2097152 13180002 7778255 176759 8268
0b000e01 0b000f01 10271 100 2097152 19403921 1572124 176759 7790
0b000e01 0b000f01 10272 100 2097152 19403931 1572118 176759 7806
0b000201 0b000301 10289 100 2097152 20418578 570491 176759 11202
0b000f01 0b000801 10283 100 2097152 20644001 355190 176699 9743
0b001601 0b001701 10315 100 2097152 20956331 44688 44264 11702
0b000101 0b000201 10290 100 2097152 20593503 415134 176759 8289
0b000101 0b000201 10291 100 2097152 20593603 415214 176759 8305
0b000201 0b000301 10290 100 2097152 20499769 509664 176759 7826
0b000401 0b000501 10290 100 2097152 20774532 242351 176759 8804
0b000b01 0b000c01 10282 100 2097152 13420928 7604444 176699 8795
0b001301 0b001401 10271 100 2097152 20821644 206072 176699 11667
0b000801 0b000901 10294 100 2097152 21002231 44679 44264 9752
0b001701 0b001801 10042 100 2097152 21004059 62241 48204 11719
0b001401 0b001501 10286 100 2097152 21030756 44164 44264 11684
0b001201 0b001301 10257 100 2097152 20895410 182108 176759 11666
0b000601 0b000701 10289 100 2097152 19331070 1759541 176759 7862
0b000901 0b000a01 10306 100 2097152 21049950 44164 44264 9769
0b001801 0b001901 10277 100 2097152 21069310 44164 44264 11736
0b001501 0b001601 10301 100 2097152 21077960 44164 44264 11701
0b000601 0b000701 10290 100 2097152 19355630 1767369 176759 8822
0b000601 0b000701 10291 100 2097152 19357830 1767721 176759 8342
0b000001 0b000101 10290 100 2097152 20559159 570128 176759 10272
0b000601 0b000701 10292 100 2097152 19363378 1766401 176759 10294
0b000a01 0b000b01 10319 100 2097152 21097124 44674 44264 9786
0b000401 0b000501 10291 100 2097152 20900724 242703 176759 8820
0b001701 0b001001 10256 100 2097152 6622066 14523058 176699 14535
0b001901 0b001a01 10280 100 2097152 21116484 44164 44264 11753
0b000c01 0b000d01 10254 100 2097152 13295803 7868422 176759 9724
0b000c01 0b000d01 10255 100 2097152 13300818 7863495 176759 9196
0b000101 0b000201 10292 100 2097152 20882269 285844 176759 10273
0b001601 0b001701 10316 100 2097152 21125164 44671 44264 11718
0b000b01 0b000c01 10283 100 2097152 13499271 7674501 176699 9275
0b001701 0b001001 10257 100 2097152 6645515 14531454 176699 14551
0b000f01 0b000801 10284 100 2097152 20737491 448616 176699 10783
0b000001 0b000101 10291 100 2097152 20625751 570072 176759 10288
0b001a01 0b001b01 10279 100 2097152 21163658 44164 44264 11770
0b000f01 0b000801 10285 100 2097152 20791871 421432 176699 11279
0b000001 0b000101 10292 100 2097152 20679499 534456 176759 9840
0b000601 0b000701 10293 100 2097152 19528286 1696545 176759 10310
0b000601 0b000701 10294 100 2097152 19560058 1678037 176759 9318
0b000801 0b000901 10295 100 2097152 21189147 61210 44264 10792
0b001b01 0b001c01 10278 100 2097152 21210832 44164 44264 11787
0b001301 0b001401 10272 100 2097152 21080528 176278 176699 11683
0b001701 0b001801 10043 100 2097152 21172875 87651 48204 11735
0b001701 0b001001 10258 100 2097152 6674910 14585703 176699 15015
0b000501 0b000601 10297 100 2097152 21019893 242472 176759 8821
0b000701 0b000801 10042 100 2097152 21093621 180222 180639 7879
0b000801 0b000901 10296 100 2097152 21216343 62694 44264 11288
0b000301 0b000401 10287 100 2097152 20907089 373490 176759 8307
0b000d01 0b000e01 10268 100 2097152 20909731 378264 176759 7821
0b001701 0b001001 10259 100 2097152 6708235 14591694 176699 15031
0b001c01 0b001d01 10277 100 2097152 21258036 44164 44264 11804
0b001401 0b001501 10287 100 2097152 21259846 44164 44264 11700
0b000601 0b000701 10295 100 2097152 19783434 1522245 176759 9830
0b001801 0b001901 10278 100 2097152 21263536 44164 44264 11752
0b000901 0b000a01 10307 100 2097152 21253397 66669 44264 10809
0b000801 0b000901 10297 100 2097152 21276883 47704 44264 7896
0b000b01 0b000401 10042 100 2097152 21144808 180234 180639 9803
0b000f01 0b000001 10037 100 2097152 20979085 360927 180699 7807
0b000f01 0b000001 10038 100 2097152 20979125 360903 180699 7823
0b001d01 0b001e01 10276 100 2097152 21305240 44164 44264 11821
0b001501 0b001601 10302 100 2097152 21307050 44164 44264 11717
0b001901 0b001a01 10281 100 2097152 21310710 44164 44264 11769
0b000901 0b000a01 10308 100 2097152 21282047 81631 44264 11305
0b000a01 0b000b01 10320 100 2097152 21323076 50933 44264 10826
0b000501 0b000601 10298 100 2097152 21146437 242540 176759 8837
0b000901 0b000a01 10309 100 2097152 21327597 64226 44264 7913
0b001701 0b001001 10260 100 2097152 6781505 14613261 176699 15047
0b001e01 0b001f01 10275 100 2097152 21352444 44164 44264 11838
0b001601 0b001701 10317 100 2097152 21354254 44663 44264 11734
0b001a01 0b001b01 10280 100 2097152 21357884 44164 44264 11786
0b000b01 0b000c01 10284 100 2097152 13596592 7811990 176699 8811
0b000601 0b000701 10296 100 2097152 20159199 1252068 176759 10678
0b000a01 0b000b01 10321 100 2097152 21366718 67605 44264 11322
0b001701 0b001001 10261 100 2097152 6988650 14447823 176699 15063
0b000d01 0b000e01 10269 100 2097152 20961267 481352 176759 8285
0b001b01 0b001c01 10279 100 2097152 21405088 44164 44264 11803
0b001001 0b001101 10224 100 2097152 6825517 14624765 176759 12496
0b001001 0b001101 10225 100 2097152 6825539 14624747 176759 12976
0b001001 0b001101 10226 100 2097152 6825540 14624750 176759 13456
0b001001 0b001101 10227 100 2097152 6825562 14624732 176759 13936
0b001001 0b001101 10228 100 2097152 6825649 14624649 176759 14416
0b001001 0b001101 10229 100 2097152 6825650 14624652 176759 14896
0b000301 0b000401 10288 100 2097152 20992109 458578 176759 11219
0b000a01 0b000b01 10322 100 2097152 21394863 64359 44264 7930
0b000301 0b000401 10289 100 2097152 21012473 448426 176759 7843
0b001701 0b001801 10044 100 2097152 21401957 64262 48204 11751
0b000201 0b000301 10291 100 2097152 21011677 479800 176759 8306
0b000201 0b000301 10292 100 2097152 21011857 479976 176759 8322
0b001c01 0b001d01 10278 100 2097152 21452292 44164 44264 11820
0b001701 0b001001 10262 100 2097152 7139167 14371526 176699 12071
0b001701 0b001001 10263 100 2097152 7139171 14371526 176699 12551
0b001701 0b001001 10264 100 2097152 7139175 14371526 176699 13031
0b000601 0b000701 10297 100 2097152 20458559 1052864 176759 7878
0b001701 0b001001 10265 100 2097152 7140029 14371724 176699 14567
0b001801 0b001901 10279 100 2097152 21469229 44164 44264 11768
0b001001 0b001101 10230 100 2097152 7007915 14511487 176759 11648
0b001001 0b001101 10231 100 2097152 7080499 14441719 176759 11664
0b001701 0b001001 10266 100 2097152 7195593 14341400 176699 13591
0b001701 0b001001 10267 100 2097152 7202190 14340495 176699 14071
0b001d01 0b001e01 10277 100 2097152 21499496 44164 44264 11837
0b001901 0b001a01 10282 100 2097152 21516403 44164 44264 11785
0b000201 0b000301 10293 100 2097152 21171153 400324 176759 10290
0b001f01 0b001001 10050 100 2097152 21399648 182430 180639 11855
0b000101 0b000201 10293 100 2097152 21132297 455451 176759 10289
0b001e01 0b001f01 10276 100 2097152 21546700 44164 44264 11854
0b001a01 0b001b01 10281 100 2097152 21563607 44164 44264 11802
0b000b01 0b000c01 10285 100 2097152 13873178 7752590 176699 7851
0b001101 0b001a01 10032 100 2097152 21453292 180222 180639 12513
0b000701 0b000001 10291 100 2097152 20793645 847040 176759 10295
0b000d01 0b000e01 10270 100 2097152 21167235 481412 176759 9741
0b000d01 0b000e01 10271 100 2097152 21167323 481412 176759 9213
0b001b01 0b001c01 10280 100 2097152 21610811 45925 44264 11819
0b001a01 0b001b01 10282 100 2097152 21636554 45039 44264 12538
0b000c01 0b000d01 10256 100 2097152 13653178 8030983 176759 8732
0b000101 0b000201 10294 100 2097152 21198833 491719 176759 10305
0b000701 0b000801 10043 100 2097152 21514433 180238 180639 7895
0b000101 0b000201 10295 100 2097152 21216965 482743 176759 9857
0b001c01 0b001d01 10279 100 2097152 21659776 46005 44264 11836
0b001001 0b001901 10035 100 2097152 21513733 201798 180639 12080
0b001b01 0b001c01 10281 100 2097152 21684633 45081 44264 12555
0b000601 0b000701 10298 100 2097152 21265375 465648 176759 8838
0b000e01 0b000f01 10273 100 2097152 19979369 1758452 176759 8286
0b000801 0b000901 10298 100 2097152 21697711 44187 44264 7912
0b000001 0b000101 10293 100 2097152 21343022 403577 176759 7808
0b000001 0b000101 10294 100 2097152 21343038 403565 176759 7824
0b001d01 0b001e01 10278 100 2097152 21708821 46091 44264 11853
0b000401 0b000501 10292 100 2097152 21283589 475542 176759 8324
0b001901 0b001a01 10283 100 2097152 21718571 44164 44264 12105
0b000601 0b000701 10299 100 2097152 21391987 380764 176759 8854
0b001c01 0b001d01 10280 100 2097152 21732754 45125 44264 12572
0b001f01 0b001001 10051 100 2097152 21593904 185054 180639 11871
0b001701 0b001001 10268 100 2097152 7248276 14532485 176699 13607
0b000701 0b000001 10292 100 2097152 20812530 975162 176759 11175
0b000901 0b000a01 10310 100 2097152 21744908 44164 44264 7929
0b001e01 0b001f01 10277 100 2097152 21757952 46179 44264 11870
0b001a01 0b001b01 10283 100 2097152 21765775 44164 44264 12122
0b001701 0b001001 10269 100 2097152 7253035 14569154 176699 14087
0b001d01 0b001e01 10279 100 2097152 21780919 45171 44264 12589
0b000e01 0b000f01 10274 100 2097152 20029885 1799984 176759 9214
0b000a01 0b000b01 10323 100 2097152 21792082 44664 44264 7946
0b000701 0b000001 10293 100 2097152 20825482 1026370 176759 11191
0b000e01 0b000f01 10275 100 2097152 20046609 1807024 176759 10350
0b001b01 0b001c01 10282 100 2097152 21812979 44164 44264 12139
0b000e01 0b000f01 10276 100 2097152 20058607 1808494 176759 8750
0b000e01 0b000f01 10277 100 2097152 20060172 1808341 176759 10782
0b000d01 0b000e01 10272 100 2097152 21687171 184900 176759 8749
0b001e01 0b001f01 10278 100 2097152 21829130 44164 44264 12606
0b000e01 0b000f01 10278 100 2097152 20081423 1804360 176759 7822
0b000401 0b000501 10293 100 2097152 21328052 564403 176759 9812
0b001c01 0b001d01 10281 100 2097152 21860183 44164 44264 12156
0b000c01 0b000d01 10257 100 2097152 13876434 8029135 176759 10668
0b001f01 0b001801 10270 100 2097152 21876334 44164 44264 12623
0b000201 0b000301 10294 100 2097152 21590788 343701 176759 10306
0b001701 0b001001 10270 100 2097152 7300612 14638313 176699 13047
0b001d01 0b001e01 10280 100 2097152 21907387 44164 44264 12173
0b001801 0b001901 10280 100 2097152 21923508 44164 44264 12632
0b001f01 0b001001 10052 100 2097152 21807171 180234 180639 11887
0b000b01 0b000c01 10286 100 2097152 14090207 7903721 176699 9291
0b000e01 0b000f01 10279 100 2097152 20241955 1755776 176759 9742
0b000501 0b000601 10299 100 2097152 21762141 236072 176759 8341
0b001e01 0b001f01 10279 100 2097152 21954591 44164 44264 12190
0b000c01 0b000d01 10258 100 2097152 13935730 8071055 176759 11164
0b000b01 0b000c01 10287 100 2097152 14101399 7912829 176699 10747
0b000401 0b000501 10294 100 2097152 21453697 564510 176759 11236
0b000c01 0b000d01 10259 100 2097152 13960618 8058495 176759 10684
0b000401 0b000501 10295 100 2097152 21463909 557734 176759 7860
0b000301 0b000401 10290 100 2097152 21494517 538029 176759 8323
0b000301 0b000401 10291 100 2097152 21494873 538733 176759 8339
0b001f01 0b001801 10271 100 2097152 22001795 44164 44264 12207
0b000f01 0b000001 10039 100 2097152 21888823 180300 180699 7839
0b000e01 0b000f01 10280 100 2097152 20376276 1694817 176759 10798
0b001701 0b001001 10271 100 2097152 7315533 14757800 176699 14583
0b001701 0b001001 10272 100 2097152 7319586 14763363 176699 14103
0b000001 0b000101 10295 100 2097152 21643695 445296 176759 10304
0b000301 0b000401 10292 100 2097152 21574517 538829 176759 10307
0b001001 0b001101 10232 100 2097152 7345529 14776241 176759 11680
0b001701 0b001001 10273 100 2097152 7353826 14774055 176699 13623
0b001701 0b001001 10274 100 2097152 7353836 14774049 176699 13639
0b000101 0b000201 10296 100 2097152 21749639 382701 176759 7825
0b000101 0b000201 10297 100 2097152 21749679 382665 176759 7841
0b000201 0b000301 10295 100 2097152 21693592 448613 176759 10322
0b001701 0b001001 10275 100 2097152 7401279 14748906 176699 13655
0b001901 0b001201 10040 100 2097152 21970712 180237 180639 12649
0b001001 0b001101 10233 100 2097152 7381161 14772453 176759 11696
0b000d01 0b000601 10037 100 2097152 21908579 246007 180699 10685
0b000201 0b000301 10296 100 2097152 21702748 453189 176759 9874
0b000b01 0b000c01 10288 100 2097152 14160531 7997217 176699 9307
0b001001 0b001101 10234 100 2097152 7394869 14783081 176759 11712
0b001701 0b001001 10276 100 2097152 7403748 14787781 176699 14119
0b000d01 0b000e01 10273 100 2097152 22009795 184864 176759 11181
0b000601 0b000701 10300 100 2097152 22001223 213808 176759 8358
0b001801 0b001101 10043 100 2097152 22048969 180234 180639 12216
0b001701 0b001001 10277 100 2097152 7447158 14784623 176699 14599
0b000d01 0b000601 10038 100 2097152 22022123 256731 180699 10701
0b000101 0b000201 10298 100 2097152 22092031 211561 176759 10321
0b000401 0b000d01 10045 100 2097152 22116356 187288 180699 10324
0b001701 0b001001 10278 100 2097152 7526236 14782457 176699 13063
0b000301 0b000401 10293 100 2097152 21937529 384033 176759 10323
0b000001 0b000101 10296 100 2097152 21790702 533781 176759 11184
0b001701 0b001001 10279 100 2097152 7552582 14779923 176699 15079
0b001201 0b001301 10258 100 2097152 22153959 184747 176759 12658
0b000301 0b000c01 10048 100 2097152 22158947 180300 180699 9891
0b000501 0b000601 10300 100 2097152 21895465 454308 176759 9829
0b000f01 0b000801 10286 100 2097152 21740861 609362 176699 8303
0b000e01 0b000701 10039 100 2097152 22197699 180300 180699 11198
0b000001 0b000101 10297 100 2097152 21854862 533773 176759 11200
0b000401 0b000501 10296 100 2097152 22035556 368787 176759 8340
0b000401 0b000501 10297 100 2097152 22036616 368787 176759 8356
0b000301 0b000401 10294 100 2097152 22145215 274559 176759 10339
0b000001 0b000101 10298 100 2097152 22072133 388930 176759 7840
0b001001 0b001101 10235 100 2097152 7778501 14707953 176759 11728
0b000d01 0b000e01 10274 100 2097152 22306654 184801 176759 10349
0b000601 0b000701 10301 100 2097152 22157596 360207 176759 10694
0b001301 0b001401 10273 100 2097152 22341716 176278 176699 12675
0b000b01 0b000c01 10289 100 2097152 14508371 8013325 176699 8827
0b000801 0b000101 10039 100 2097152 22353263 180234 180639 8312
0b000e01 0b000f01 10281 100 2097152 21291035 1271348 176759 7838
0b001401 0b001501 10288 100 2097152 22521034 44164 44264 12692
0b001701 0b001001 10280 100 2097152 8112043 14469214 176699 13079
0b000401 0b000d01 10046 100 2097152 22324572 258252 180699 10340
0b000501 0b000601 10301 100 2097152 22021217 567256 176759 11253
0b000501 0b000601 10302 100 2097152 22024653 569104 176759 7877
0b001501 0b001601 10303 100 2097152 22568238 44164 44264 12709
0b000201 0b000301 10297 100 2097152 22135380 484605 176759 7842
0b000201 0b000301 10298 100 2097152 22135420 484653 176759 7858
0b000e01 0b000f01 10282 100 2097152 21445659 1202479 176759 8302
0b001601 0b001701 10318 100 2097152 22615442 44676 44264 12726
0b000401 0b000d01 10047 100 2097152 22422814 258222 180699 10356
0b000201 0b000301 10299 100 2097152 22306602 399535 176759 10338
0b000e01 0b000f01 10283 100 2097152 21651687 1080183 176759 9758
0b000e01 0b000f01 10284 100 2097152 21651775 1080099 176759 9230
0b000f01 0b000001 10040 100 2097152 22565423 194698 180699 7855
0b000101 0b000201 10299 100 2097152 22327523 444474 176759 11201
0b000e01 0b000f01 10285 100 2097152 21875111 898463 176759 8766
0b000601 0b000701 10302 100 2097152 22281864 493263 176759 10710
0b000601 0b000f01 10044 100 2097152 22591483 187548 180699 11270
0b000b01 0b000c01 10290 100 2097152 14680347 8103477 176699 9323
0b000601 0b000701 10303 100 2097152 22352783 496468 176759 9846
0b000d01 0b000e01 10275 100 2097152 22585864 270503 176759 10365
0b000501 0b000601 10303 100 2097152 22407353 460952 176759 8357
0b000501 0b000601 10304 100 2097152 22408413 460252 176759 8373
0b000701 0b000001 10294 100 2097152 21126009 1756440 176759 8839
0b000701 0b000001 10295 100 2097152 21128561 1762236 176759 8359
0b000701 0b000001 10296 100 2097152 21132789 1769076 176759 10311
0b000e01 0b000f01 10286 100 2097152 22494495 409251 176759 10366
0b000d01 0b000e01 10276 100 2097152 22684076 271135 176759 10381
0b000101 0b000201 10300 100 2097152 22391675 571846 176759 11217
0b000201 0b000301 10300 100 2097152 22775007 195586 176759 11218
0b000b01 0b000c01 10291 100 2097152 14861725 8137519 176699 8331
0b000101 0b000201 10301 100 2097152 22464103 572210 176759 7857
0b000601 0b000701 10304 100 2097152 22596767 447000 176759 7894
0b000101 0b000201 10302 100 2097152 22536537 525036 176759 8321
0b000001 0b000101 10299 100 2097152 22763131 299740 176759 7856
0b000f01 0b000801 10287 100 2097152 21832909 1230962 176699 9231
0b000c01 0b000d01 10260 100 2097152 14682811 8381226 176759 9740
0b000c01 0b000d01 10261 100 2097152 14682840 8381553 176759 9756
0b000001 0b000901 10043 100 2097152 22893807 180222 180639 8368
0b001101 0b001201 10243 100 2097152 21453296 1629792 176759 12993
0b001101 0b001201 10244 100 2097152 21453300 1629876 176759 13473
0b001101 0b001201 10245 100 2097152 21453304 1629876 176759 13953
0b001101 0b001201 10246 100 2097152 21453308 1629876 176759 14433
0b001101 0b001201 10247 100 2097152 21453312 1629876 176759 14913
0b000701 0b000001 10297 100 2097152 21227841 1856264 176759 10327
0b000701 0b000001 10298 100 2097152 21241105 1862408 176759 9335
0b000801 0b000901 10299 100 2097152 23066911 45845 44264 9240
0b000901 0b000a01 10311 100 2097152 23077039 52740 44264 8393
0b000901 0b000a01 10312 100 2097152 23115766 52653 44264 9257
0b000e01 0b000f01 10287 100 2097152 22859407 314984 176759 10382
0b000b01 0b000c01 10292 100 2097152 14961825 8215598 176699 8347
0b000a01 0b000b01 10324 100 2097152 23132789 45900 44264 8410
0b001101 0b001201 10248 100 2097152 21522412 1657576 176759 11665
0b000301 0b000401 10295 100 2097152 22622995 558322 176759 7859
0b000301 0b000401 10296 100 2097152 22623083 558322 176759 7875
0b001101 0b001201 10249 100 2097152 21525228 1657488 176759 11681
0b000701 0b000001 10299 100 2097152 21308689 1874304 176759 9847
0b000f01 0b000801 10288 100 2097152 21856673 1334034 176699 10367
0b000701 0b000801 10044 100 2097152 23046807 180222 180639 7911
0b000f01 0b000801 10289 100 2097152 21870141 1369422 176699 8767
0b000f01 0b000801 10290 100 2097152 21871553 1371534 176699 10799
0b000801 0b000901 10300 100 2097152 23193747 55696 44264 10376
0b000101 0b000201 10303 100 2097152 23065911 184826 176759 7873
0b000e01 0b000f01 10288 100 2097152 22958251 301756 176759 10398
0b001201 0b001b01 10033 100 2097152 23086098 180222 180639 13010
0b000301 0b000401 10297 100 2097152 22709147 559786 176759 10355
0b000c01 0b000d01 10262 100 2097152 14920063 8357910 176759 8284
0b000701 0b000001 10300 100 2097152 21414277 1866552 176759 10695
0b000601 0b000701 10305 100 2097152 22871315 425984 176759 8374
0b000601 0b000701 10306 100 2097152 22871675 425804 176759 8390
0b000901 0b000a01 10313 100 2097152 23252453 47835 44264 10393
0b001b01 0b001c01 10283 100 2097152 23269360 44164 44264 13035
0b001701 0b001001 10281 100 2097152 9206045 14134504 176699 12087
0b001701 0b001001 10282 100 2097152 9206049 14134504 176699 12567
0b000a01 0b000b01 10325 100 2097152 23303298 44682 44264 10410
0b000c01 0b000d01 10263 100 2097152 15022186 8329031 176759 9212
0b000a01 0b000301 10039 100 2097152 23171429 180247 180639 9274
0b000801 0b000901 10301 100 2097152 23230069 129197 44264 7928
0b001c01 0b001d01 10282 100 2097152 23316564 44164 44264 13052
0b000301 0b000401 10298 100 2097152 22973603 391230 176759 11235
0b000c01 0b000d01 10264 100 2097152 15031023 8334598 176759 9772
0b000b01 0b000c01 10293 100 2097152 15246152 8119488 176699 7867
0b000c01 0b000d01 10265 100 2097152 15041468 8324485 176759 9788
0b000c01 0b000d01 10266 100 2097152 15042732 8324929 176759 9804
0b000801 0b000901 10302 100 2097152 23242603 129431 44264 8776
0b000801 0b000901 10303 100 2097152 23246127 127117 44264 10808
0b000201 0b000301 10301 100 2097152 22966531 431598 176759 11234
0b001d01 0b001e01 10281 100 2097152 23363768 44164 44264 13069
0b001701 0b001001 10283 100 2097152 9241751 14177058 176699 13095
0b001701 0b001001 10284 100 2097152 9272860 14151557 176699 13111
0b000901 0b000a01 10314 100 2097152 23362276 75241 44264 7945
0b000901 0b000a01 10315 100 2097152 23376254 75195 44264 10825
0b000401 0b000d01 10048 100 2097152 23271973 180300 180699 10372
0b001e01 0b001f01 10280 100 2097152 23410972 44164 44264 13086
0b000f01 0b000801 10291 100 2097152 22000771 1470440 176699 9759
0b001f01 0b001801 10272 100 2097152 23458176 44164 44264 13103
0b001701 0b001001 10285 100 2097152 9312308 14190709 176699 14135
0b000a01 0b000b01 10326 100 2097152 23440527 76012 44264 7962
0b000801 0b000901 10304 100 2097152 23474251 44714 44264 9768
0b001001 0b001901 10036 100 2097152 23343589 180222 180639 12096
0b000a01 0b000b01 10327 100 2097152 23454459 76053 44264 10842
0b001701 0b001001 10286 100 2097152 9313323 14228762 176699 13127
0b001801 0b001901 10281 100 2097152 23505350 45205 44264 13112
0b000701 0b000001 10301 100 2097152 21734033 1817788 176759 8855
0b001701 0b001001 10287 100 2097152 9342475 14209682 176699 14615
0b001701 0b001001 10288 100 2097152 9342851 14210450 176699 12583
0b000901 0b000201 10039 100 2097152 23375074 180234 180639 8793
0b000901 0b000a01 10316 100 2097152 23521975 44545 44264 9785
0b000f01 0b000801 10292 100 2097152 22074133 1502178 176699 10815
0b000701 0b000001 10302 100 2097152 21775761 1809772 176759 8871
0b001901 0b001a01 10284 100 2097152 23526851 63617 44264 12121
0b001701 0b001001 10289 100 2097152 9350463 14244770 176699 13143
0b000c01 0b000d01 10267 100 2097152 15219147 8378778 176759 9820
0b000c01 0b000d01 10268 100 2097152 15223447 8378882 176759 9836
0b001101 0b001201 10250 100 2097152 22124780 1486228 176759 11697
0b000a01 0b000b01 10328 100 2097152 23569530 44664 44264 9802
0b001901 0b001a01 10285 100 2097152 23553595 63573 44264 13129
0b000801 0b000901 10305 100 2097152 23579321 44694 44264 10824
0b001101 0b001201 10251 100 2097152 22156624 1470228 176759 11713
0b000201 0b000301 10302 100 2097152 23039323 590886 176759 7874
0b001101 0b001201 10252 100 2097152 22180960 1454080 176759 11729
0b000c01 0b000d01 10269 100 2097152 15288514 8346555 176759 8748
0b001701 0b001001 10290 100 2097152 9371103 14265726 176699 15095
0b001a01 0b001b01 10284 100 2097152 23593508 45240 44264 12138
0b001101 0b001201 10253 100 2097152 22232213 1413039 176759 12225
0b000401 0b000501 10298 100 2097152 23184357 462132 176759 7876
0b000401 0b000501 10299 100 2097152 23184445 462132 176759 7892
0b000201 0b000301 10303 100 2097152 23064583 603562 176759 8338
0b001101 0b001201 10254 100 2097152 22489464 1179200 176759 11745
0b000901 0b000a01 10317 100 2097152 23627025 44164 44264 10841
0b001b01 0b001c01 10284 100 2097152 23641788 44164 44264 12155
0b001701 0b001001 10291 100 2097152 9533482 14162895 176699 13159
0b001701 0b001001 10292 100 2097152 9539915 14162070 176699 13175
0b001701 0b001001 10293 100 2097152 9550445 14157148 176699 13191
0b000a01 0b000b01 10329 100 2097152 23674199 44665 44264 10858
0b000001 0b000101 10300 100 2097152 22885459 835056 176759 8848
0b001c01 0b001d01 10283 100 2097152 23688992 44164 44264 12172
0b000401 0b000501 10300 100 2097152 23367873 370428 176759 11252
0b000301 0b000401 10299 100 2097152 23354686 385707 176759 9283
0b001701 0b001001 10294 100 2097152 9651922 14097183 176699 12599
0b000b01 0b000c01 10294 100 2097152 15527859 8230457 176699 10283
0b001d01 0b001e01 10282 100 2097152 23736196 44164 44264 12189
0b000d01 0b000e01 10277 100 2097152 23067077 721694 176759 9757
0b001701 0b001001 10295 100 2097152 9706480 14084221 176699 13671
0b000001 0b000101 10301 100 2097152 22904875 886512 176759 10320
0b000d01 0b000e01 10278 100 2097152 23067433 724946 176759 9773
0b000201 0b000301 10304 100 2097152 23253747 540358 176759 7890
0b000b01 0b000401 10043 100 2097152 23617204 180234 180639 9819
0b001a01 0b001301 10041 100 2097152 23620208 180236 180639 13146
0b001e01 0b001f01 10281 100 2097152 23783400 44164 44264 12206
0b001f01 0b001801 10273 100 2097152 23830604 44164 44264 12223
0b000301 0b000401 10300 100 2097152 23401139 485274 176759 11251
0b000201 0b000301 10305 100 2097152 23558318 330465 176759 8802
0b000101 0b000a01 10044 100 2097152 23723555 180222 180639 8865
0b000701 0b000001 10303 100 2097152 22218041 1712348 176759 8375
0b000c01 0b000501 10043 100 2097152 23761356 180300 180699 10300
0b000a01 0b000b01 10330 100 2097152 23906787 44674 44264 8890
0b000101 0b000201 10304 100 2097152 23794397 184744 176759 10337
0b001301 0b001401 10274 100 2097152 23803454 193094 176699 13155
0b000701 0b000001 10304 100 2097152 22381009 1646896 176759 11207
0b001701 0b001001 10296 100 2097152 10370148 13660057 176699 12615
0b001401 0b001501 10289 100 2097152 23999588 44164 44264 13172
0b001801 0b001101 10044 100 2097152 23877778 180234 180639 12232
0b001501 0b001601 10304 100 2097152 24046792 44164 44264 13189
0b000701 0b000001 10305 100 2097152 22520813 1570372 176759 10711
0b000001 0b000901 10044 100 2097152 23933399 180222 180639 8384
0b001601 0b001701 10319 100 2097152 24093996 44659 44264 13206
0b000401 0b000501 10301 100 2097152 23743433 399668 176759 9300
0b000901 0b000a01 10318 100 2097152 24116631 44164 44264 8409
0b000e01 0b000f01 10289 100 2097152 23791811 370340 176759 9774
0b000e01 0b000f01 10290 100 2097152 23795419 370256 176759 9790
0b000201 0b000301 10306 100 2097152 23982151 184426 176759 10354
0b000701 0b000001 10306 100 2097152 22778137 1398772 176759 10727
0b000b01 0b000c01 10295 100 2097152 15930344 8249908 176699 11227
0b000701 0b000001 10307 100 2097152 22852261 1341812 176759 9863
0b000a01 0b000b01 10331 100 2097152 24163805 44660 44264 8426
0b000001 0b000101 10302 100 2097152 23087115 1142892 176759 10336
0b001101 0b001201 10255 100 2097152 24061022 185242 176759 12241
0b000501 0b000601 10305 100 2097152 23649499 598872 176759 7893
0b000501 0b000601 10306 100 2097152 23649587 598788 176759 7909
0b000401 0b000501 10302 100 2097152 23800478 460623 176759 9828
0b000001 0b000101 10303 100 2097152 23106553 1180754 176759 9344
0b000701 0b000001 10308 100 2097152 23300339 987524 176759 8391
0b000701 0b000001 10309 100 2097152 23300519 987432 176759 8407
0b000f01 0b000801 10293 100 2097152 22651178 1656185 176699 8319
0b000401 0b000501 10303 100 2097152 23889453 418192 176759 11268
0b000b01 0b000c01 10296 100 2097152 16032289 8295351 176699 10299
0b000b01 0b000c01 10297 100 2097152 16096067 8254965 176699 10763
0b000301 0b000401 10301 100 2097152 23633219 726412 176759 7891
0b000c01 0b000d01 10270 100 2097152 15959220 8429745 176759 10700
0b000301 0b000401 10302 100 2097152 23671155 738506 176759 8355
0b000f01 0b000801 10294 100 2097152 22734910 1675285 176699 9775
0b000f01 0b000801 10295 100 2097152 22734914 1675292 176699 9247
0b000001 0b000101 10304 100 2097152 23186003 1224584 176759 9856
0b000b01 0b000c01 10298 100 2097152 16102016 8309808 176699 8843
0b001701 0b001001 10297 100 2097152 11605348 12810817 176699 12103
0b000f01 0b000801 10296 100 2097152 22776614 1664788 176699 8783
0b000f01 0b000801 10297 100 2097152 22782071 1662371 176699 11295
0b000b01 0b000c01 10299 100 2097152 16103713 8347707 176699 7883
0b000501 0b000601 10307 100 2097152 23741311 714286 176759 11269
0b000801 0b000101 10040 100 2097152 24310373 180234 180639 8328
0b001001 0b001101 10236 100 2097152 9770638 14721604 176759 11744
0b000f01 0b000801 10298 100 2097152 22906786 1591852 176699 10383
0b000c01 0b000501 10044 100 2097152 24330680 180300 180699 10316
0b000301 0b000401 10303 100 2097152 23797115 726346 176759 7907
0b000b01 0b000c01 10300 100 2097152 16161399 8367269 176699 9339
0b000001 0b000101 10305 100 2097152 23283839 1263252 176759 10704
0b001701 0b001001 10298 100 2097152 11725134 12822303 176699 14151
0b001201 0b001301 10259 100 2097152 23086186 1481012 176759 13490
0b001201 0b001301 10260 100 2097152 23086190 1481012 176759 13970
0b001201 0b001301 10261 100 2097152 23086194 1481012 176759 14450
0b001201 0b001301 10262 100 2097152 23086198 1481012 176759 14930
0b000801 0b000901 10306 100 2097152 24413205 160610 44264 9784
0b000801 0b000901 10307 100 2097152 24413216 160603 44264 9256
0b000301 0b000401 10304 100 2097152 23891793 682804 176759 8819
0b000d01 0b000601 10039 100 2097152 24392005 185249 180699 10717
0b000c01 0b000d01 10271 100 2097152 16032260 8550517 176759 11180
0b000f01 0b000801 10299 100 2097152 23177431 1411265 176699 10399
0b000b01 0b000c01 10301 100 2097152 16277663 8314745 176699 8363
0b001001 0b001901 10037 100 2097152 24419205 180222 180639 12112
0b000c01 0b000d01 10272 100 2097152 16080834 8532115 176759 7820
0b000f01 0b000801 10300 100 2097152 23263047 1350112 176699 10415
0b001701 0b001001 10299 100 2097152 11879056 12746133 176699 14631
0b000801 0b000901 10308 100 2097152 24444412 191210 44264 8792
0b000801 0b000901 10309 100 2097152 24447452 192307 44264 11304
0b000601 0b000701 10307 100 2097152 24251381 392492 176759 7910
0b000601 0b000701 10308 100 2097152 24251391 392486 176759 7926
0b000601 0b000f01 10045 100 2097152 24458607 185624 180699 11286
0b000301 0b000401 10305 100 2097152 24169587 475674 176759 10371
0b001901 0b001a01 10286 100 2097152 24602467 44164 44264 12137
0b000001 0b000901 10045 100 2097152 24290873 356286 180639 8400
0b000001 0b000901 10046 100 2097152 24290961 356298 180639 8416
0b001701 0b001001 10300 100 2097152 11959406 12699663 176699 15111
0b001101 0b001201 10256 100 2097152 24495252 184884 176759 11761
0b000801 0b000901 10310 100 2097152 24501678 180144 44264 10392
0b000101 0b000201 10305 100 2097152 24233017 459152 176759 10353
0b001a01 0b001b01 10285 100 2097152 24649671 44164 44264 12154
0b001701 0b001001 10301 100 2097152 11991630 12715827 176699 12631
0b000901 0b000a01 10319 100 2097152 24576825 135169 44264 9801
0b000901 0b000a01 10320 100 2097152 24576829 135166 44264 9273
0b001701 0b001001 10302 100 2097152 12087129 12625936 176699 13687
0b000801 0b000901 10311 100 2097152 24591736 132255 44264 10408
0b000801 0b000901 10312 100 2097152 24616199 114150 44264 10424
0b001b01 0b001c01 10285 100 2097152 24696875 44164 44264 12171
0b001301 0b001c01 10034 100 2097152 24570208 180222 180639 13507
0b000a01 0b000b01 10332 100 2097152 24715034 47675 44264 9818
0b001201 0b001301 10263 100 2097152 23182998 1587304 176759 11682
0b001201 0b001301 10264 100 2097152 23185726 1588804 176759 11698
0b000501 0b000601 10308 100 2097152 23944666 840839 176759 10309
0b000d01 0b000e01 10279 100 2097152 23281013 1512450 176759 8301
0b001701 0b001001 10303 100 2097152 12411478 12397039 176699 12119
0b000001 0b000101 10306 100 2097152 23554831 1262556 176759 8864
0b000901 0b000201 10040 100 2097152 24638632 180234 180639 8809
0b000401 0b000501 10304 100 2097152 24362671 457346 176759 7908
0b001c01 0b001d01 10284 100 2097152 24744079 78814 44264 12188
0b000601 0b000701 10309 100 2097152 24580264 244561 176759 10726
0b001c01 0b001d01 10285 100 2097152 24753470 79094 44264 13532
0b000001 0b000101 10307 100 2097152 23588543 1253070 176759 8880
0b000401 0b000d01 10049 100 2097152 24648301 197003 180699 10388
0b000901 0b000a01 10321 100 2097152 24642769 245471 44264 11321
0b000a01 0b000301 10040 100 2097152 24715035 180255 180639 9290
0b000901 0b000a01 10322 100 2097152 24650169 250165 44264 8425
0b000901 0b000a01 10323 100 2097152 24650299 250124 44264 8441
0b001d01 0b001e01 10283 100 2097152 24825933 79136 44264 12205
0b000f01 0b000801 10301 100 2097152 24165191 748226 176699 9791
0b000f01 0b000801 10302 100 2097152 24168715 745586 176699 9807
0b001d01 0b001e01 10284 100 2097152 24835604 79114 44264 13549
0b000901 0b000a01 10324 100 2097152 24684862 236433 44264 10409
0b000101 0b000201 10306 100 2097152 24290317 638096 176759 9361
0b000201 0b000301 10307 100 2097152 24695179 242700 176759 10370
0b000901 0b000a01 10325 100 2097152 24727031 212189 44264 10425
0b000901 0b000a01 10326 100 2097152 24733389 207172 44264 10441
0b000b01 0b000401 10044 100 2097152 24765749 183134 180639 9835
0b001701 0b001001 10304 100 2097152 13070029 11887964 176699 13207
0b000401 0b000501 10305 100 2097152 24412701 559221 176759 8372
0b001701 0b001001 10305 100 2097152 13089158 11892479 176699 12135
0b000e01 0b000f01 10291 100 2097152 24796503 185948 176759 8318
0b001e01 0b001f01 10282 100 2097152 24908109 79156 44264 12222
0b001701 0b001001 10306 100 2097152 13233172 11755997 176699 12647
0b000601 0b000701 10310 100 2097152 24788515 204306 176759 10326
0b001001 0b001901 10038 100 2097152 24811527 183265 180639 12128
0b001e01 0b001f01 10283 100 2097152 24917758 79134 44264 13566
0b000701 0b000801 10045 100 2097152 24646913 356370 180639 7927
0b000701 0b000801 10046 100 2097152 24646923 356364 180639 7943
0b000801 0b000901 10313 100 2097152 24916457 88399 44264 9800
0b000801 0b000901 10314 100 2097152 24917341 88380 44264 9816
0b001701 0b001001 10307 100 2097152 13264431 11746626 176699 12151
0b000f01 0b000801 10303 100 2097152 24647241 379492 176699 11311
0b000701 0b000001 10310 100 2097152 24827835 200998 176759 10743
0b000501 0b000601 10309 100 2097152 24146111 891802 176759 9317
0b001901 0b001a01 10287 100 2097152 24997832 44164 44264 12153
0b000d01 0b000e01 10280 100 2097152 23354257 1702012 176759 9229
0b000201 0b000301 10308 100 2097152 24821876 242639 176759 8818
0b001f01 0b001801 10274 100 2097152 24990305 79176 44264 12239
0b000a01 0b000b01 10333 100 2097152 24891280 183011 44264 11338
0b001f01 0b001801 10275 100 2097152 24999932 78877 44264 13583
0b001701 0b001001 10308 100 2097152 13426960 11662017 176699 12167
0b001a01 0b001b01 10286 100 2097152 25045036 44164 44264 12170
0b000d01 0b000e01 10281 100 2097152 23368661 1723698 176759 9789
0b000d01 0b000e01 10282 100 2097152 23368993 1724162 176759 9805
0b000d01 0b000e01 10283 100 2097152 23370701 1724570 176759 9821
0b000901 0b000a01 10327 100 2097152 25007896 94687 44264 9817
0b000901 0b000a01 10328 100 2097152 25008761 94723 44264 9833
0b000b01 0b000c01 10302 100 2097152 16759361 8347339 176699 11243
0b000201 0b000b01 10046 100 2097152 24931423 180237 180639 9378
0b001701 0b001001 10309 100 2097152 13594951 11518090 176699 12183
0b000101 0b000201 10307 100 2097152 24413597 699620 176759 9873
0b001701 0b001001 10310 100 2097152 13740099 11378550 176699 12663
0b001701 0b001001 10311 100 2097152 13797380 11326877 176699 12199
0b001801 0b001901 10282 100 2097152 25081819 44164 44264 13592
0b000001 0b000101 10308 100 2097152 24030915 1095818 176759 11216
0b000801 0b000901 10315 100 2097152 25006293 124883 44264 7944
0b000801 0b000901 10316 100 2097152 25006303 124877 44264 7960
0b001b01 0b001c01 10286 100 2097152 25092240 44164 44264 12187
0b000801 0b000901 10317 100 2097152 25029743 113287 44264 11320
0b000a01 0b000b01 10334 100 2097152 24903374 241093 44264 8442
0b000a01 0b000b01 10335 100 2097152 24903463 241269 44264 8458
0b000401 0b000501 10306 100 2097152 24526501 618497 176759 7924
0b000101 0b000a01 10045 100 2097152 24820397 332178 180639 8881
0b000001 0b000101 10309 100 2097152 24094195 1068798 176759 10720
0b000501 0b000601 10310 100 2097152 24264111 902686 176759 9845
0b000101 0b000201 10308 100 2097152 24493617 679036 176759 8337
0b001901 0b001a01 10288 100 2097152 25129023 44164 44264 13609
0b001701 0b001001 10312 100 2097152 14352926 10823211 176699 12679
0b001701 0b001001 10313 100 2097152 14352936 10823205 176699 12695
0b001701 0b001001 10314 100 2097152 14352946 10823199 176699 12711
0b000101 0b000a01 10046 100 2097152 24844623 332160 180639 8897
0b000401 0b000501 10307 100 2097152 24577637 601509 176759 8836
0b000d01 0b000e01 10284 100 2097152 23455313 1724402 176759 10397
0b001c01 0b001d01 10286 100 2097152 25139444 44164 44264 12204
0b000a01 0b000b01 10336 100 2097152 24924335 262420 44264 10426
0b000f01 0b000801 10304 100 2097152 24985461 202746 176699 8335
0b001701 0b001001 10315 100 2097152 14518198 10674763 176699 12215
0b001701 0b001001 10316 100 2097152 14518208 10674757 176699 12231
0b001701 0b001001 10317 100 2097152 14518218 10674835 176699 12247
0b000001 0b000101 10310 100 2097152 24179919 1015370 176759 10736
0b000001 0b000101 10311 100 2097152 24197083 999998 176759 9872
0b000701 0b000001 10311 100 2097152 24995831 201258 176759 10343
0b000101 0b000201 10309 100 2097152 24550101 655764 176759 10721
0b000a01 0b000b01 10337 100 2097152 24942260 272795 44264 10442
0b000a01 0b000b01 10338 100 2097152 24943601 272969 44264 10458
0b001701 0b001001 10318 100 2097152 14569501 10648540 176699 12727
0b001a01 0b001b01 10287 100 2097152 25176227 44164 44264 13626
0b001d01 0b001e01 10285 100 2097152 25186648 44164 44264 12221
0b000501 0b000601 10311 100 2097152 24310655 921370 176759 11285
0b001701 0b001001 10319 100 2097152 14798777 10443580 176699 12263
0b001701 0b001001 10320 100 2097152 14819193 10428772 176699 14167
0b001801 0b001101 10045 100 2097152 25072491 180234 180639 12248
0b000901 0b000a01 10329 100 2097152 25134216 132276 44264 7961
0b000901 0b000a01 10330 100 2097152 25134256 132281 44264 7977
0b001b01 0b001401 10042 100 2097152 25223431 48108 48204 13643
0b001701 0b001001 10321 100 2097152 14935811 10335798 176699 14647
0b000901 0b000a01 10331 100 2097152 25146070 126515 44264 11337
0b001201 0b001301 10265 100 2097152 23614018 1659103 176759 11714
0b001701 0b001001 10322 100 2097152 15069917 10207552 176699 15127
0b001e01 0b001f01 10284 100 2097152 25233852 44164 44264 12238
0b000601 0b000701 10311 100 2097152 25040923 241162 176759 9334
0b001201 0b001301 10266 100 2097152 23629862 1656463 176759 11730
0b000401 0b000501 10308 100 2097152 24951923 335731 176759 9844
0b000d01 0b000e01 10285 100 2097152 23600965 1688166 176759 9837
0b001201 0b001301 10267 100 2097152 23638050 1653559 176759 11746
0b000d01 0b000e01 10286 100 2097152 23605369 1686406 176759 9853
0b001201 0b001301 10268 100 2097152 23648262 1647927 176759 12242
0b001701 0b001001 10323 100 2097152 15715798 9586071 176699 12279
0b000301 0b000401 10306 100 2097152 24898300 404695 176759 9299
0b001201 0b001301 10269 100 2097152 23671674 1631731 176759 11762
0b000d01 0b000e01 10287 100 2097152 23638109 1666694 176759 8765
0b001401 0b001501 10290 100 2097152 25274579 44670 44264 13652
0b001f01 0b001801 10276 100 2097152 25281056 44164 44264 12255
0b000c01 0b000d01 10273 100 2097152 16834374 8528915 176759 8764
0b001501 0b001601 10305 100 2097152 25322289 44164 44264 13669
0b000a01 0b000b01 10339 100 2097152 25105623 261336 44264 9834
0b000a01 0b000b01 10340 100 2097152 25106524 261331 44264 9850
0b000801 0b000101 10041 100 2097152 25191217 180240 180639 8344
0b000301 0b000401 10307 100 2097152 24940889 446950 176759 10387
0b000a01 0b000b01 10341 100 2097152 25155585 250079 44264 8906
0b000601 0b000701 10312 100 2097152 25169807 242038 176759 9862
0b001201 0b001301 10270 100 2097152 24249274 1162551 176759 12258
0b001601 0b001701 10320 100 2097152 25369493 44659 44264 13686
0b000601 0b000f01 10046 100 2097152 25235035 180300 180699 11302
0b000a01 0b000b01 10342 100 2097152 25179793 241507 44264 8922
0b001701 0b001001 10324 100 2097152 18671167 6765250 176699 12295
0b001101 0b001201 10257 100 2097152 25255735 185085 176759 12257
0b001301 0b001401 10275 100 2097152 24570212 872936 176699 13987
0b001301 0b001401 10276 100 2097152 24570216 872936 176699 14467
0b001301 0b001401 10277 100 2097152 24570220 872936 176699 14947
0b000c01 0b000d01 10274 100 2097152 16934526 8509175 176759 10716
0b000b01 0b000c01 10303 100 2097152 17126209 8318678 176699 10315
0b000b01 0b000c01 10304 100 2097152 17126219 8318669 176699 10331
0b000301 0b000401 10308 100 2097152 25067525 383678 176759 8835
0b001201 0b001301 10271 100 2097152 24683146 771024 176759 11778
0b000b01 0b000c01 10305 100 2097152 17158627 8305343 176699 11259
0b000501 0b000601 10312 100 2097152 24513990 956959 176759 10325
0b000b01 0b000c01 10306 100 2097152 17159757 8314704 176699 7899
0b000c01 0b000d01 10275 100 2097152 17029206 8448555 176759 9228
0b000a01 0b000b01 10343 100 2097152 25269502 208432 44264 7978
0b000a01 0b000b01 10344 100 2097152 25269547 208391 44264 7994
0b000001 0b000101 10312 100 2097152 25031873 446506 176759 10752
0b000a01 0b000b01 10345 100 2097152 25275595 203345 44264 11354
0b001801 0b001101 10046 100 2097152 25328230 180234 180639 12264
0b001701 0b001001 10325 100 2097152 20527253 4986076 176699 12311
0b000701 0b000001 10312 100 2097152 25285125 239220 176759 9351
0b000401 0b000501 10309 100 2097152 25306035 220946 176759 9316
0b001401 0b001d01 10035 100 2097152 25446188 85278 48204 14004
0b000001 0b000101 10313 100 2097152 25200129 333874 176759 10352
0b000201 0b000301 10309 100 2097152 25116257 418586 176759 9890
0b001401 0b001501 10291 100 2097152 25446192 89213 44264 14484
0b001401 0b001501 10292 100 2097152 25446196 89213 44264 14964
0b001d01 0b001e01 10286 100 2097152 25534506 44164 44264 14029
0b001501 0b001601 10306 100 2097152 25538449 44164 44264 14981
0b001501 0b001e01 10036 100 2097152 25538445 63640 48204 14501
0b000f01 0b000801 10305 100 2097152 25418345 184706 176699 11327
0b000401 0b000d01 10050 100 2097152 25390879 226959 180699 10404
0b000b01 0b000c01 10307 100 2097152 17280272 8340484 176699 11275
0b001701 0b001001 10326 100 2097152 22663128 2963789 176699 12743
0b001601 0b001f01 10037 100 2097152 25585653 49126 48204 14998
0b000d01 0b000601 10040 100 2097152 25446741 187999 180699 10733
0b001001 0b001101 10237 100 2097152 11431047 14205595 176759 14912
0b001201 0b001301 10272 100 2097152 25443830 195152 176759 12274
0b001e01 0b001f01 10285 100 2097152 25581710 65204 44264 14046
0b000801 0b000901 10318 100 2097152 25606061 44164 44264 11336
0b000201 0b000301 10310 100 2097152 25175693 477954 176759 8354
0b000701 0b000001 10313 100 2097152 25414885 239524 176759 9879
0b000201 0b000301 10311 100 2097152 25208905 461374 176759 10738
0b001e01 0b001f01 10286 100 2097152 25605125 66256 44264 14526
0b000401 0b000501 10310 100 2097152 25454243 221024 176759 8852
0b000601 0b000701 10313 100 2097152 25473959 205790 176759 10342
0b000901 0b000a01 10332 100 2097152 25653265 44164 44264 11353
0b001701 0b001001 10327 100 2097152 24141665 1567496 176699 13223
0b000301 0b000c01 10049 100 2097152 25537853 188533 180699 9907
0b000b01 0b000401 10045 100 2097152 25369999 361344 180639 9851
0b000b01 0b000401 10046 100 2097152 25370865 363924 180639 9867
0b001f01 0b001801 10277 100 2097152 25637819 98885 44264 15023
0b000a01 0b000b01 10346 100 2097152 25700439 44675 44264 11370
0b000c01 0b000d01 10276 100 2097152 17200483 8549026 176759 9852
0b001101 0b001201 10258 100 2097152 25511504 241288 176759 12273
0b000c01 0b000d01 10277 100 2097152 17214210 8543235 176759 11196
0b001f01 0b001801 10278 100 2097152 25649954 110810 44264 14063
0b000b01 0b000c01 10308 100 2097152 17420865 8347687 176699 8379
0b000001 0b000101 10314 100 2097152 25527385 243102 176759 9360
0b001f01 0b001801 10279 100 2097152 25674421 98621 44264 14543
0b000d01 0b000e01 10288 100 2097152 24585817 1193222 176759 11197
0b000d01 0b000e01 10289 100 2097152 24615989 1184090 176759 7837
0b001701 0b001001 10328 100 2097152 25417162 383127 176699 13703
0b000c01 0b000d01 10278 100 2097152 17274102 8530043 176759 8300
0b000c01 0b000501 10045 100 2097152 25447927 364840 180699 10332
0b000c01 0b000501 10046 100 2097152 25447937 364846 180699 10348
0b001801 0b001901 10283 100 2097152 25739744 81926 44264 15032
0b000c01 0b000d01 10279 100 2097152 17293571 8534966 176759 9868
0b000601 0b000701 10314 100 2097152 25637780 208261 176759 10742
0b001801 0b001901 10284 100 2097152 25763804 105732 44264 14072
0b001901 0b001a01 10289 100 2097152 25824710 48381 44264 15049
0b001801 0b001901 10285 100 2097152 25776082 99564 44264 14552
0b000501 0b000601 10313 100 2097152 24823027 1059660 176759 7925
0b001101 0b001201 10259 100 2097152 25639682 244938 176759 14929
0b000701 0b000001 10314 100 2097152 25682789 202706 176759 10359
0b000001 0b000101 10315 100 2097152 25657449 251742 176759 9888
0b001a01 0b001b01 10288 100 2097152 25876131 48379 44264 15066
0b001901 0b001a01 10290 100 2097152 25872576 84477 44264 14089
0b000e01 0b000701 10040 100 2097152 25782049 180300 180699 11214
0b001901 0b001a01 10291 100 2097152 25878686 84368 44264 14569
0b000d01 0b000e01 10290 100 2097152 24848344 1118515 176759 10413
0b001b01 0b001c01 10287 100 2097152 25927550 45141 44264 15083
0b000c01 0b000d01 10280 100 2097152 17408006 8567019 176759 10732
0b000c01 0b000d01 10281 100 2097152 17421637 8560700 176759 9884
0b001201 0b001301 10273 100 2097152 25755802 236992 176759 12290
0b000b01 0b000c01 10309 100 2097152 17528132 8474584 176699 8859
0b000301 0b000401 10309 100 2097152 25656657 349174 176759 8371
0b001c01 0b001d01 10287 100 2097152 25975731 44164 44264 15100
0b000301 0b000401 10310 100 2097152 25673289 349266 176759 10755
0b001a01 0b001b01 10289 100 2097152 25960093 82899 44264 14106
0b001a01 0b001b01 10290 100 2097152 25966094 82873 44264 14586
0b001d01 0b001e01 10287 100 2097152 26022935 44164 44264 15117
0b000601 0b000701 10315 100 2097152 25885697 185640 176759 7942
0b001301 0b001401 10278 100 2097152 24773312 1310820 176699 11699
0b000001 0b000101 10316 100 2097152 25888535 199268 176759 10368
0b001301 0b001401 10279 100 2097152 24777540 1317660 176699 11715
0b001e01 0b001701 10045 100 2097152 26070139 48637 48204 15134
0b001201 0b001301 10274 100 2097152 25887630 237036 176759 14946
0b001b01 0b001c01 10288 100 2097152 26046032 82496 44264 14123
0b000501 0b000601 10314 100 2097152 24974932 1154335 176759 8389
0b000b01 0b000c01 10310 100 2097152 17746227 8387257 176699 10779
0b000701 0b000001 10315 100 2097152 25849081 285186 176759 10759
0b001b01 0b001c01 10289 100 2097152 26052007 82363 44264 14603
0b001001 0b001901 10039 100 2097152 24984677 1172756 180639 12144
0b000d01 0b000601 10041 100 2097152 25978035 180550 180699 10749
0b001401 0b001501 10293 100 2097152 26087172 78169 44264 11716
0b001401 0b001501 10294 100 2097152 26098240 78444 44264 11732
0b001c01 0b001501 10043 100 2097152 26131568 48404 48204 14140
0b001c01 0b001d01 10288 100 2097152 26137410 44164 44264 14620
0b000401 0b000501 10311 100 2097152 25734353 451436 176759 9860
0b000101 0b000201 10310 100 2097152 25129773 1058452 176759 11233
0b000c01 0b000d01 10282 100 2097152 17556364 8632865 176759 7836
0b000e01 0b000f01 10292 100 2097152 25059309 1131450 176759 9246
0b000b01 0b000c01 10311 100 2097152 17815281 8376407 176699 10795
0b000401 0b000501 10312 100 2097152 25737799 458290 176759 9876
0b001901 0b001a01 10292 100 2097152 26160473 44164 44264 12169
0b001d01 0b001601 10044 100 2097152 26184614 48108 48204 14637
0b000701 0b000001 10316 100 2097152 25965389 268770 176759 11223
0b001a01 0b001b01 10291 100 2097152 26207677 44164 44264 12186
0b000701 0b000801 10047 100 2097152 26074377 180233 180639 7959
0b001501 0b001601 10307 100 2097152 26168381 110953 44264 11733
0b001601 0b001701 10321 100 2097152 26235762 48380 44264 14646
0b000b01 0b000c01 10312 100 2097152 17907771 8377041 176699 9355
0b001b01 0b001c01 10290 100 2097152 26254881 44164 44264 12203
0b001501 0b001601 10308 100 2097152 26179724 122505 44264 11749
0b000801 0b000901 10319 100 2097152 26257620 44670 44264 7976
0b001501 0b001601 10309 100 2097152 26183012 120934 44264 14149
0b001701 0b001001 10329 100 2097152 26121786 186366 176699 15143
0b000101 0b000201 10311 100 2097152 25166033 1162624 176759 10737
0b001c01 0b001d01 10289 100 2097152 26302085 44164 44264 12220
0b000901 0b000a01 10333 100 2097152 26305330 44164 44264 7993
0b001601 0b001701 10322 100 2097152 26282374 89314 44264 11750
0b000f01 0b000801 10306 100 2097152 26193769 184682 176699 9263
0b001d01 0b001e01 10288 100 2097152 26349289 44164 44264 12237
0b000a01 0b000b01 10347 100 2097152 26352504 44661 44264 8010
0b000001 0b000101 10317 100 2097152 26137307 269004 176759 10768
0b001601 0b001701 10323 100 2097152 26305269 110727 44264 11766
0b001601 0b001701 10324 100 2097152 26306986 109885 44264 14166
0b000501 0b000601 10315 100 2097152 25148008 1271355 176759 7941
0b000201 0b000301 10312 100 2097152 26191265 228946 176759 11250
0b001701 0b001801 10045 100 2097152 26374698 48678 48204 11767
0b000801 0b000901 10320 100 2097152 26381461 44164 44264 9272
0b001e01 0b001f01 10287 100 2097152 26396493 44164 44264 12254
0b000101 0b000201 10312 100 2097152 25198329 1247588 176759 10753
0b001001 0b001901 10040 100 2097152 25014097 1433741 180639 12160
0b000101 0b000201 10313 100 2097152 25200121 1250276 176759 9889
0b000401 0b000501 10313 100 2097152 26008841 457638 176759 8388
0b001701 0b001801 10046 100 2097152 26419006 48900 48204 11783
0b000501 0b000601 10316 100 2097152 25182186 1289845 176759 8853
0b000401 0b000501 10314 100 2097152 26025565 446550 176759 10772
0b000901 0b000a01 10334 100 2097152 26428665 44164 44264 9289
0b001801 0b001901 10286 100 2097152 26426386 47562 44264 11784
0b001f01 0b001801 10280 100 2097152 26443667 46171 44264 12271
0b000001 0b000101 10318 100 2097152 26237199 268864 176759 11232
0b000601 0b000701 10316 100 2097152 26132277 373828 176759 8406
0b000e01 0b000f01 10293 100 2097152 25095399 1419292 176759 9806
0b001901 0b001a01 10293 100 2097152 26450878 67002 44264 12185
0b001801 0b001901 10287 100 2097152 26470916 46990 44264 11800
0b000e01 0b000f01 10294 100 2097152 25096195 1422020 176759 9822
0b000e01 0b000f01 10295 100 2097152 25098311 1424920 176759 9838
0b001701 0b001001 10330 100 2097152 26287152 256281 176699 14663
0b000b01 0b000c01 10313 100 2097152 18134517 8424695 176699 8875
0b001901 0b001a01 10294 100 2097152 26476988 88121 44264 11801
0b001a01 0b001b01 10292 100 2097152 26520920 48374 44264 12202
0b001901 0b001a01 10295 100 2097152 26520946 68138 44264 11817
0b000601 0b000701 10317 100 2097152 26161595 436458 176759 10758
0b000301 0b000401 10311 100 2097152 26423221 184808 176759 11267
0b000501 0b000601 10317 100 2097152 25290664 1326133 176759 9861
0b001b01 0b001c01 10291 100 2097152 26572334 47617 44264 12219
0b000d01 0b000e01 10291 100 2097152 25366329 1269290 176759 8781
0b001a01 0b001b01 10293 100 2097152 26568149 67482 44264 11818
0b000e01 0b000f01 10296 100 2097152 25182755 1467920 176759 10414
0b000501 0b000e01 10044 100 2097152 26475155 180300 180699 10789
0b000a01 0b000301 10041 100 2097152 26475839 180234 180639 9306
0b001a01 0b001b01 10294 100 2097152 26592124 67372 44264 11834
0b001c01 0b001d01 10290 100 2097152 26622991 45923 44264 12236
0b000b01 0b000c01 10314 100 2097152 18193415 8478293 176699 10347
0b001801 0b001101 10047 100 2097152 26492848 180234 180639 12280
0b001701 0b001001 10331 100 2097152 26419881 255076 176699 14183
0b001b01 0b001c01 10292 100 2097152 26638671 66650 44264 11835
0b001d01 0b001e01 10289 100 2097152 26671954 44533 44264 12253
0b001b01 0b001c01 10293 100 2097152 26662536 66582 44264 11851
0b001001 0b001101 10238 100 2097152 12222077 14525567 176759 11760
0b000b01 0b000c01 10315 100 2097152 18244977 8502675 176699 9371
0b001e01 0b001f01 10288 100 2097152 26719497 44164 44264 12270
0b001c01 0b001d01 10291 100 2097152 26708361 66298 44264 11852
0b000101 0b000201 10314 100 2097152 25374497 1405334 176759 8353
0b000701 0b000001 10317 100 2097152 26509115 277460 176759 8423
0b000201 0b000301 10313 100 2097152 26331697 462330 176759 10754
0b000401 0b000501 10315 100 2097152 26611039 184670 176759 11284
0b001c01 0b001d01 10292 100 2097152 26732158 66253 44264 11868
0b000e01 0b000f01 10297 100 2097152 25292171 1511136 176759 9854
0b000b01 0b000c01 10316 100 2097152 18388695 8415077 176699 10811
0b000e01 0b000f01 10298 100 2097152 25294785 1511166 176759 9870
0b001f01 0b001801 10281 100 2097152 26766671 44164 44264 12287
0b000b01 0b000c01 10317 100 2097152 18409066 8403658 176699 10363
0b000e01 0b000f01 10299 100 2097152 25307813 1507382 176759 8782
0b001001 0b001901 10041 100 2097152 25092017 1744508 180639 12176
0b001d01 0b001e01 10290 100 2097152 26777699 66337 44264 11869
0b000d01 0b000e01 10292 100 2097152 25480801 1385058 176759 9245
0b001d01 0b001e01 10291 100 2097152 26801451 66286 44264 11885
0b000701 0b000001 10318 100 2097152 26601063 277388 176759 10775
0b001901 0b001a01 10296 100 2097152 26839565 44164 44264 12201
0b000c01 0b000501 10047 100 2097152 26674718 215496 180699 10364
0b000301 0b000401 10312 100 2097152 26659083 231388 176759 9315
0b001001 0b001901 10042 100 2097152 25116081 1793049 180639 12192
0b001e01 0b001f01 10289 100 2097152 26847046 66400 44264 11886
0b000501 0b000601 10318 100 2097152 25529991 1397772 176759 9333
0b000101 0b000201 10315 100 2097152 25481419 1450090 176759 10769
0b000c01 0b000d01 10283 100 2097152 18347937 8584452 176759 11212
0b001a01 0b001b01 10295 100 2097152 26886769 45956 44264 12218
0b001e01 0b001f01 10290 100 2097152 26870747 65446 44264 11902
0b001001 0b001901 10043 100 2097152 25127297 1817962 180639 12208
0b001901 0b001a01 10297 100 2097152 26912170 52972 44264 12217
0b000001 0b000901 10047 100 2097152 26789615 180226 180639 8432
0b001b01 0b001c01 10294 100 2097152 26935765 44724 44264 12235
0b000b01 0b000c01 10318 100 2097152 18630420 8350048 176699 10827
0b001101 0b001201 10260 100 2097152 26676122 308262 176759 12289
0b000101 0b000201 10316 100 2097152 25537043 1452430 176759 10369
0b000601 0b000701 10318 100 2097152 26422373 571200 176759 7958
0b001801 0b001101 10048 100 2097152 26813845 180251 180639 12296
0b001901 0b001a01 10298 100 2097152 26948299 54436 44264 12233
0b000b01 0b000c01 10319 100 2097152 18663946 8349762 176699 7915
0b000901 0b000a01 10335 100 2097152 26972881 44164 44264 8457
0b001a01 0b001b01 10296 100 2097152 26968182 53760 44264 12234
0b001c01 0b001d01 10293 100 2097152 26983529 44297 44264 12252
0b000301 0b000401 10313 100 2097152 26797037 231426 176759 10771
0b000c01 0b000501 10048 100 2097152 26815734 215448 180699 10380
0b001301 0b001401 10280 100 2097152 25276131 1761033 176699 11731
0b000201 0b000301 10314 100 2097152 26448957 596838 176759 10770
0b000601 0b000701 10319 100 2097152 26475041 571072 176759 8870
0b001001 0b001901 10044 100 2097152 25196001 1851182 180639 12224
0b001001 0b001901 10045 100 2097152 25196041 1851146 180639 12240
0b001001 0b001901 10046 100 2097152 25196063 1851128 180639 12256
0b000201 0b000301 10315 100 2097152 26453437 601162 176759 9906
0b001301 0b001401 10281 100 2097152 25289335 1767633 176699 11747
0b001a01 0b001b01 10297 100 2097152 27005775 54114 44264 12250
0b001301 0b001401 10282 100 2097152 25294619 1768069 176699 11763
0b000a01 0b000b01 10348 100 2097152 27020055 44659 44264 8474
0b000c01 0b000d01 10284 100 2097152 18588477 8476704 176759 8780
0b000001 0b000101 10319 100 2097152 26881491 184402 176759 10784
0b001301 0b001401 10283 100 2097152 25299199 1767805 176699 12259
0b001301 0b001401 10284 100 2097152 25306415 1765345 176699 11779
0b001001 0b001901 10047 100 2097152 25245397 1827930 180639 12272
0b001d01 0b001e01 10292 100 2097152 27030836 44164 44264 12269
0b001b01 0b001c01 10295 100 2097152 27024982 53440 44264 12251
0b000d01 0b000e01 10293 100 2097152 25620878 1459137 176759 10429
0b001001 0b001901 10048 100 2097152 25304879 1789296 180639 12288
0b001101 0b001201 10261 100 2097152 26750654 362118 176759 11777
0b000b01 0b000c01 10320 100 2097152 18703323 8409837 176699 8891
0b000e01 0b000f01 10300 100 2097152 25803089 1311342 176759 7854
0b001b01 0b001c01 10296 100 2097152 27062899 53371 44264 12267
0b001e01 0b001f01 10291 100 2097152 27078010 44164 44264 12286
0b001001 0b001901 10049 100 2097152 25439427 1683164 180639 12304
0b000401 0b000501 10316 100 2097152 26893481 231230 176759 9332
0b001301 0b001401 10285 100 2097152 25414835 1711133 176699 12275
0b001001 0b001901 10050 100 2097152 25516339 1613732 180639 12320
0b001c01 0b001d01 10294 100 2097152 27081432 53541 44264 12268
0b000501 0b000601 10319 100 2097152 25678277 1458458 176759 8869
0b001301 0b001401 10286 100 2097152 25457180 1688672 176699 11795
0b000601 0b000701 10320 100 2097152 26619807 527258 176759 9878
0b000101 0b000201 10317 100 2097152 25773497 1393614 176759 9377
0b001f01 0b001801 10282 100 2097152 27125184 44164 44264 12303
0b001c01 0b001d01 10295 100 2097152 27119280 53453 44264 12284
0b000701 0b000801 10048 100 2097152 26996583 180328 180639 7975
0b000b01 0b000c01 10321 100 2097152 18806611 8377189 176699 8395
0b001401 0b001501 10295 100 2097152 27040204 144679 44264 11748
0b001d01 0b001e01 10293 100 2097152 27137983 53621 44264 12285
0b000e01 0b000f01 10301 100 2097152 25969869 1237490 176759 10430
0b001301 0b001401 10287 100 2097152 25641992 1565880 176699 12291
0b000801 0b000901 10321 100 2097152 27179921 44685 44264 7992
0b001201 0b001301 10275 100 2097152 26987394 240932 176759 12306
0b001d01 0b001e01 10294 100 2097152 27175743 53533 44264 12301
0b000c01 0b000d01 10285 100 2097152 18686226 8544215 176759 9244
0b000301 0b000401 10314 100 2097152 27048805 184838 176759 10787
0b001501 0b001601 10310 100 2097152 27187923 47847 44264 11765
0b000301 0b000c01 10050 100 2097152 27057609 180300 180699 9923
0b001e01 0b001f01 10292 100 2097152 27194614 53701 44264 12302
0b001f01 0b001001 10053 100 2097152 26916456 332325 180639 11903
0b000101 0b000201 10318 100 2097152 25912201 1341426 176759 9905
0b000d01 0b000e01 10294 100 2097152 25752519 1504992 176759 9869
0b000d01 0b000e01 10295 100 2097152 25760455 1506212 176759 11213
0b000901 0b000a01 10336 100 2097152 27227646 44164 44264 8009
0b001f01 0b001001 10054 100 2097152 26939203 342599 180639 11919
0b001601 0b001701 10325 100 2097152 27238780 44164 44264 11782
0b001101 0b001201 10262 100 2097152 26997106 288102 176759 12305
0b001e01 0b001f01 10293 100 2097152 27232286 53613 44264 12318
0b000401 0b000501 10317 100 2097152 27031473 256012 176759 10788
0b001901 0b001a01 10299 100 2097152 27050223 245783 44264 12249
0b001901 0b001a01 10300 100 2097152 27050233 245777 44264 12265
0b001901 0b001a01 10301 100 2097152 27050243 245771 44264 12281
0b000f01 0b000001 10041 100 2097152 27117471 181774 180699 7871
0b001f01 0b001801 10283 100 2097152 27251325 53781 44264 12319
0b001301 0b001401 10288 100 2097152 25995804 1310524 176699 12307
0b000d01 0b000e01 10296 100 2097152 25807155 1505716 176759 8317
0b000701 0b000001 10319 100 2097152 27049123 268428 176759 8887
0b000a01 0b000b01 10349 100 2097152 27274820 44665 44264 8026
0b000501 0b000601 10320 100 2097152 25815777 1504898 176759 10341
0b000501 0b000601 10321 100 2097152 25815823 1504856 176759 10357
0b001401 0b001501 10296 100 2097152 27060008 261120 44264 11764
0b001901 0b001a01 10302 100 2097152 27076337 255889 44264 12297
0b000101 0b000201 10319 100 2097152 26090813 1242238 176759 10385
0b001301 0b001401 10289 100 2097152 26127676 1205704 176699 14963
0b000d01 0b000e01 10297 100 2097152 25831547 1501920 176759 9885
0b001701 0b001801 10047 100 2097152 27285954 50598 48204 11799
0b001f01 0b001801 10284 100 2097152 27288909 52267 44264 12335
0b001401 0b001501 10297 100 2097152 27065698 276471 44264 11780
0b001901 0b001a01 10303 100 2097152 27097185 251740 44264 12313
0b000201 0b000b01 10047 100 2097152 27170151 180222 180639 9394
0b001401 0b001501 10298 100 2097152 27070014 282451 44264 12276
0b001401 0b001501 10299 100 2097152 27074770 285088 44264 11796
0b001901 0b001a01 10304 100 2097152 27125601 235795 44264 12329
0b001901 0b001a01 10305 100 2097152 27133081 229677 44264 12345
0b000601 0b000701 10321 100 2097152 26930773 435628 176759 9350
0b001801 0b001901 10288 100 2097152 27339562 45176 44264 11816
0b001801 0b001101 10049 100 2097152 27172358 233742 180639 12312
0b001401 0b001501 10300 100 2097152 27128978 286897 44264 12292
0b001201 0b001301 10276 100 2097152 27115782 306168 176759 11794
0b001401 0b001501 10301 100 2097152 27148862 280721 44264 11812
0b000d01 0b000e01 10298 100 2097152 25985347 1448004 176759 9901
0b001901 0b001a01 10306 100 2097152 27387748 46183 44264 11833
0b000101 0b000201 10320 100 2097152 26409321 1030654 176759 10785
0b001501 0b001601 10311 100 2097152 27324138 117466 44264 11781
0b000401 0b000501 10318 100 2097152 27236653 210252 176759 10804
0b000201 0b000301 10316 100 2097152 26782871 667020 176759 8370
0b001401 0b001501 10302 100 2097152 27210882 248100 44264 12308
0b000e01 0b000701 10041 100 2097152 27269677 195212 180699 11230
0b000101 0b000201 10321 100 2097152 26509073 957658 176759 11249
0b000701 0b000001 10320 100 2097152 27150075 317356 176759 9895
0b001401 0b001501 10303 100 2097152 27309338 178747 44264 12324
0b001601 0b001701 10326 100 2097152 27444614 46270 44264 11798
0b001401 0b001501 10304 100 2097152 27336390 155528 44264 14980
0b000501 0b000e01 10045 100 2097152 27290495 204644 180699 10805
0b000c01 0b000d01 10286 100 2097152 19030273 8465420 176759 9900
0b000b01 0b000c01 10322 100 2097152 19309678 8213158 176699 7931
0b000f01 0b000801 10307 100 2097152 26517701 1011526 176699 9823
0b001301 0b001401 10290 100 2097152 27231336 306760 176699 12323
0b001201 0b001301 10277 100 2097152 27288218 252588 176759 12322
0b001701 0b001801 10048 100 2097152 27493894 48653 48204 11815
0b000d01 0b000e01 10299 100 2097152 26192239 1353048 176759 7853
0b000101 0b000201 10322 100 2097152 27068903 483092 176759 10801
0b000f01 0b000801 10308 100 2097152 26521225 1032646 176699 9839
0b000c01 0b000d01 10287 100 2097152 19092093 8470392 176759 8316
0b001a01 0b001b01 10298 100 2097152 27299016 266367 44264 12266
0b001a01 0b001b01 10299 100 2097152 27299026 266361 44264 12282
0b001a01 0b001b01 10300 100 2097152 27299036 266355 44264 12298
0b000c01 0b000d01 10288 100 2097152 19104869 8462904 176759 7852
0b000f01 0b000801 10309 100 2097152 26526241 1042418 176699 9855
0b001501 0b001601 10312 100 2097152 27345179 234022 44264 11797
0b001401 0b001501 10305 100 2097152 27541106 46196 44264 12340
0b001801 0b001901 10289 100 2097152 27545557 44164 44264 11832
0b000c01 0b000d01 10289 100 2097152 19139476 8451965 176759 10748
0b000801 0b000901 10322 100 2097152 27532237 77086 44264 9832
0b001501 0b001601 10313 100 2097152 27355475 261837 44264 12293
0b000b01 0b000c01 10323 100 2097152 19435479 8183145 176699 11291
0b001a01 0b001b01 10301 100 2097152 27335236 291728 44264 12314
0b000601 0b000701 10322 100 2097152 27139745 488020 176759 8886
0b001501 0b001601 10314 100 2097152 27362868 271651 44264 11813
0b001601 0b001701 10327 100 2097152 27582211 56538 44264 11814
0b001901 0b001a01 10307 100 2097152 27592731 46174 44264 11849
0b000301 0b000401 10315 100 2097152 27452901 188738 176759 8387
0b001a01 0b001b01 10302 100 2097152 27351935 290258 44264 12330
0b000501 0b000601 10322 100 2097152 26188829 1454470 176759 9877
0b001801 0b001101 10051 100 2097152 27344186 304100 180639 12344
0b000501 0b000601 10323 100 2097152 26199129 1452422 176759 9893
0b001a01 0b001b01 10303 100 2097152 27364406 287468 44264 12346
0b001a01 0b001b01 10304 100 2097152 27365768 286833 44264 12362
0b000501 0b000e01 10046 100 2097152 27449915 204588 180699 10821
0b000801 0b000901 10323 100 2097152 27556881 103295 44264 9848
0b000901 0b000a01 10337 100 2097152 27612363 47851 44264 9849
0b000801 0b000901 10324 100 2097152 27571669 95951 44264 9864
0b000b01 0b000c01 10324 100 2097152 19485968 8182825 176699 10379
0b001a01 0b001b01 10305 100 2097152 27436941 236299 44264 11850
0b001701 0b001801 10049 100 2097152 27641759 48654 48204 11831
0b001801 0b001101 10050 100 2097152 27308116 396804 180639 12328
0b001a01 0b001b01 10306 100 2097152 27641915 64659 44264 11866
0b000a01 0b000b01 10350 100 2097152 27663224 48172 44264 9866
0b001601 0b001701 10328 100 2097152 27620322 96937 44264 12310
0b001501 0b001601 10315 100 2097152 27418885 299417 44264 12309
0b001601 0b001701 10329 100 2097152 27637529 92409 44264 11830
0b000201 0b000301 10317 100 2097152 26934549 796036 176759 10786
0b001501 0b001601 10316 100 2097152 27432593 299354 44264 11829
0b000b01 0b000c01 10325 100 2097152 19576652 8160428 176699 8411
0b001801 0b001901 10290 100 2097152 27693423 44164 44264 11848
0b001101 0b001201 10263 100 2097152 27409110 333410 176759 12321
0b000001 0b000101 10320 100 2097152 27302285 442568 176759 7872
0b000901 0b000a01 10338 100 2097152 27663186 83084 44264 9865
0b000901 0b000a01 10339 100 2097152 27670630 82982 44264 9881
0b001501 0b001601 10317 100 2097152 27461992 292669 44264 12325
0b001301 0b001401 10291 100 2097152 27424960 343592 176699 11811
0b001501 0b001601 10318 100 2097152 27491095 278045 44264 12341
0b001501 0b001601 10319 100 2097152 27494928 275378 44264 14997
0b000d01 0b000601 10042 100 2097152 27594451 180313 180699 10765
0b000f01 0b000801 10310 100 2097152 26653685 1127514 176699 10431
0b000001 0b000101 10321 100 2097152 27320561 460728 176759 8896
0b001701 0b001801 10050 100 2097152 27732948 48459 48204 11847
0b001501 0b001601 10320 100 2097152 27590312 192977 44264 12357
0b001901 0b001a01 10308 100 2097152 27740597 44199 44264 11865
0b000e01 0b000f01 10302 100 2097152 26638629 1147082 176759 8798
0b000701 0b000001 10321 100 2097152 27369411 421996 176759 9367
0b000501 0b000601 10324 100 2097152 26469519 1342016 176759 8405
0b001401 0b001501 10306 100 2097152 27771562 44670 44264 11828
0b000e01 0b000f01 10303 100 2097152 26658465 1158050 176759 10814
0b000201 0b000301 10318 100 2097152 26992513 824924 176759 10386
0b001b01 0b001c01 10297 100 2097152 27568393 252658 44264 12283
0b001b01 0b001c01 10298 100 2097152 27568403 252649 44264 12299
0b001b01 0b001c01 10299 100 2097152 27568413 252640 44264 12315
0b001601 0b001f01 10038 100 2097152 27773316 48381 48204 15014
0b000801 0b000901 10325 100 2097152 27784239 44670 44264 10440
0b001801 0b001901 10291 100 2097152 27784417 44534 44264 11864
0b000401 0b000501 10319 100 2097152 27644649 184664 176759 8404
0b000a01 0b000b01 10351 100 2097152 27749310 82128 44264 9882
0b001a01 0b001b01 10307 100 2097152 27787806 46290 44264 11882
0b001301 0b001401 10292 100 2097152 27543816 292232 176699 12339
0b000a01 0b000b01 10352 100 2097152 27756652 82353 44264 9898
0b000c01 0b000501 10049 100 2097152 27671833 180300 180699 10396
0b001501 0b001601 10321 100 2097152 27819242 47463 44264 11845
0b001f01 0b001801 10285 100 2097152 27824707 44347 44264 15039
0b001601 0b001701 10330 100 2097152 27721312 147976 44264 12326
0b000901 0b000a01 10340 100 2097152 27831919 44480 44264 10457
0b001901 0b001a01 10309 100 2097152 27831961 44549 44264 11881
0b001401 0b001501 10307 100 2097152 27839058 45364 44264 12356
0b000701 0b000001 10322 100 2097152 27467899 422860 176759 11239
0b001801 0b001901 10292 100 2097152 27872064 44360 44264 15048
0b001601 0b001701 10331 100 2097152 27734957 181737 44264 11846
0b001701 0b001001 10332 100 2097152 27720269 201078 176699 12327
0b000a01 0b000b01 10353 100 2097152 27879439 44673 44264 10474
0b001a01 0b001b01 10308 100 2097152 27879520 46463 44264 11898
0b000001 0b000101 10322 100 2097152 27470441 459252 176759 9904
0b001201 0b001301 10278 100 2097152 27745530 184764 176759 12338
0b000101 0b000201 10323 100 2097152 27747863 184880 176759 7889
0b001501 0b001601 10322 100 2097152 27887432 46194 44264 12373
0b001901 0b001a01 10310 100 2097152 27919434 44447 44264 15065
0b001b01 0b001c01 10300 100 2097152 27629974 334158 44264 12331
0b000101 0b000a01 10047 100 2097152 27784299 180241 180639 8913
0b001601 0b001701 10332 100 2097152 27757671 208096 44264 12342
0b001c01 0b001d01 10296 100 2097152 27824061 142304 44264 12300
0b001c01 0b001d01 10297 100 2097152 27824071 142295 44264 12316
0b001c01 0b001d01 10298 100 2097152 27824081 142286 44264 12332
0b001701 0b001801 10051 100 2097152 27919704 48555 48204 11863
0b000701 0b000001 10323 100 2097152 27630775 341480 176759 8903
0b001601 0b001701 10333 100 2097152 27772150 212225 44264 12358
0b000b01 0b000401 10047 100 2097152 27714406 273054 180639 9883
0b001b01 0b001c01 10301 100 2097152 27645203 346467 44264 12347
0b001601 0b001701 10334 100 2097152 27786299 208470 44264 12374
0b000f01 0b000801 10311 100 2097152 26806317 1193670 176699 9871
0b000f01 0b000801 10312 100 2097152 26808991 1193640 176699 9887
0b001b01 0b001c01 10302 100 2097152 27654884 348928 44264 12363
0b001b01 0b001c01 10303 100 2097152 27655611 348883 44264 12379
0b000f01 0b000801 10313 100 2097152 26818235 1190468 176699 8799
0b000a01 0b000b01 10354 100 2097152 27967580 44667 44264 8938
0b001a01 0b001b01 10309 100 2097152 27966891 46183 44264 15082
0b001b01 0b001c01 10304 100 2097152 27676250 338388 44264 11867
0b001801 0b001901 10293 100 2097152 27971269 44164 44264 11880
0b000301 0b000401 10316 100 2097152 27733595 287152 176759 10803
0b001601 0b001701 10335 100 2097152 27869715 158028 44264 11862
0b000b01 0b000c01 10326 100 2097152 19883463 8145045 176699 10395
0b001b01 0b001c01 10305 100 2097152 27709584 319950 44264 11883
0b000601 0b000701 10323 100 2097152 27323685 714052 176759 10358
0b000601 0b000701 10324 100 2097152 27323695 714046 176759 10374
0b001601 0b001701 10336 100 2097152 27936636 105261 44264 12390
0b000501 0b000601 10325 100 2097152 26798719 1253141 176759 11301
0b000d01 0b000e01 10300 100 2097152 26935399 1125444 176759 11229
0b001901 0b001a01 10311 100 2097152 28018443 44164 44264 11897
0b001b01 0b001c01 10306 100 2097152 27837106 239561 44264 11899
0b001701 0b001801 10052 100 2097152 28030753 48637 48204 11879
0b001c01 0b001d01 10299 100 2097152 27967142 112501 44264 12348
0b000b01 0b000c01 10327 100 2097152 19987174 8111442 176699 11307
0b001001 0b001901 10051 100 2097152 27924357 180222 180639 12336
0b001b01 0b001c01 10307 100 2097152 27928993 175777 44264 11915
0b000301 0b000401 10317 100 2097152 27820447 287072 176759 10403
0b001301 0b001401 10293 100 2097152 27933304 176278 176699 12355
0b001101 0b001201 10264 100 2097152 27707930 403558 176759 12337
0b001101 0b001201 10265 100 2097152 27707940 403552 176759 12353
0b001a01 0b001b01 10310 100 2097152 28065617 46180 44264 11914
0b000501 0b000601 10326 100 2097152 26893224 1221184 176759 10373
0b001d01 0b001e01 10295 100 2097152 27969375 146935 44264 12317
0b001d01 0b001e01 10296 100 2097152 27969385 146926 44264 12333
0b001d01 0b001e01 10297 100 2097152 27969395 146917 44264 12349
0b001b01 0b001c01 10308 100 2097152 28016084 102377 44264 15099
0b000101 0b000201 10324 100 2097152 27932703 188032 176759 9921
0b001801 0b001901 10294 100 2097152 28082400 45021 44264 11896
0b000801 0b000901 10326 100 2097152 28003027 125463 44264 9880
0b000801 0b000901 10327 100 2097152 28005671 128186 44264 9896
0b000801 0b000901 10328 100 2097152 28011743 125223 44264 8808
0b000d01 0b000e01 10301 100 2097152 27068191 1075900 176759 8797
0b000e01 0b000f01 10304 100 2097152 26868869 1280322 176759 9262
0b001d01 0b001e01 10298 100 2097152 28082653 71433 44264 12365
0b001401 0b001501 10308 100 2097152 28112592 44164 44264 12372
0b001b01 0b001c01 10309 100 2097152 28114807 49242 44264 11931
0b001901 0b001a01 10312 100 2097152 28107589 67179 44264 12361
0b000f01 0b000801 10314 100 2097152 27210399 974592 176699 10447
0b000501 0b000601 10327 100 2097152 27034192 1152404 176759 10389
0b000b01 0b000401 10049 100 2097152 27842015 345313 180639 9915
0b001901 0b001a01 10313 100 2097152 28130431 67135 44264 11913
0b000c01 0b000d01 10290 100 2097152 19914964 8287193 176759 8796
0b001501 0b001601 10323 100 2097152 28159766 44164 44264 12389
0b000c01 0b000501 10050 100 2097152 28031518 180318 180699 10412
0b000901 0b000a01 10341 100 2097152 28131500 85576 44264 9897
0b000501 0b000601 10328 100 2097152 27127721 1091723 176759 9349
0b000b01 0b000c01 10328 100 2097152 20285933 7933983 176699 9387
0b000c01 0b000d01 10291 100 2097152 19938776 8281385 176759 8332
0b000901 0b000a01 10342 100 2097152 28136867 85745 44264 9913
0b000d01 0b000e01 10302 100 2097152 27233451 997584 176759 9261
0b000801 0b000901 10329 100 2097152 28188031 45683 44264 10456
0b000601 0b000f01 10047 100 2097152 28054900 180318 180699 11318
0b000e01 0b000701 10042 100 2097152 28063883 180301 180699 11246
0b001a01 0b001b01 10311 100 2097152 28177778 67219 44264 12378
0b001601 0b001701 10337 100 2097152 28206940 44664 44264 12406
0b000b01 0b000401 10048 100 2097152 27834448 418600 180639 9899
0b001a01 0b001b01 10312 100 2097152 28200576 67175 44264 11930
0b000001 0b000101 10323 100 2097152 27794417 477994 176759 9376
0b000901 0b000a01 10343 100 2097152 28236724 46186 44264 10473
0b001e01 0b001f01 10294 100 2097152 28119320 165799 44264 12334
0b001e01 0b001f01 10295 100 2097152 28119330 165793 44264 12350
0b001e01 0b001f01 10296 100 2097152 28119340 165787 44264 12366
0b001c01 0b001d01 10300 100 2097152 27994680 294783 44264 12364
0b000401 0b000d01 10051 100 2097152 28110559 186708 180699 10420
0b001e01 0b001f01 10297 100 2097152 28157096 140509 44264 12382
0b000201 0b000301 10319 100 2097152 27256667 1048084 176759 9922
0b000a01 0b000b01 10355 100 2097152 28220116 94725 44264 9914
0b001b01 0b001c01 10310 100 2097152 28248007 69435 44264 12395
0b000901 0b000201 10041 100 2097152 28139976 180234 180639 8825
0b000a01 0b000b01 10356 100 2097152 28225652 100237 44264 9930
0b001d01 0b001e01 10299 100 2097152 28292473 46267 44264 12381
0b001b01 0b001c01 10311 100 2097152 28270761 69503 44264 11947
0b001c01 0b001d01 10301 100 2097152 28006822 333483 44264 12380
0b001c01 0b001d01 10302 100 2097152 28007504 333403 44264 12396
0b000b01 0b000c01 10329 100 2097152 20518128 7834364 176699 10411
0b000a01 0b000b01 10357 100 2097152 28285950 69379 44264 10490
0b000c01 0b000d01 10292 100 2097152 20140964 8216669 176759 9260
0b001c01 0b001d01 10303 100 2097152 28017648 342991 44264 11884
0b000001 0b000101 10324 100 2097152 27893799 478056 176759 11248
0b001c01 0b001d01 10304 100 2097152 28032544 348865 44264 11900
0b001e01 0b001f01 10298 100 2097152 28341750 46281 44264 12398
0b000401 0b000501 10320 100 2097152 27990470 398503 176759 9892
0b000001 0b000101 10325 100 2097152 27975295 431496 176759 8912
0b001c01 0b001d01 10305 100 2097152 28079677 350072 44264 11916
0b000201 0b000301 10320 100 2097152 27336091 1103184 176759 10402
0b001c01 0b001d01 10306 100 2097152 28107780 345358 44264 11932
0b001c01 0b001d01 10307 100 2097152 28121471 339479 44264 15116
0b001201 0b001301 10279 100 2097152 28114498 352504 176759 12354
0b001201 0b001301 10280 100 2097152 28114508 352510 176759 12370
0b001c01 0b001d01 10308 100 2097152 28167059 310965 44264 11948
0b001701 0b001001 10333 100 2097152 27872298 607711 176699 12343
0b001f01 0b001801 10286 100 2097152 28288129 192747 44264 12351
0b001f01 0b001801 10287 100 2097152 28288139 192741 44264 12367
0b001f01 0b001801 10288 100 2097152 28288149 192735 44264 12383
0b000401 0b000501 10321 100 2097152 28023757 464870 176759 10820
0b001f01 0b001801 10289 100 2097152 28300615 188295 44264 12399
0b000701 0b000001 10324 100 2097152 28040777 450742 176759 10375
0b000701 0b000001 10325 100 2097152 28040817 450706 176759 10391
0b000301 0b000c01 10051 100 2097152 28307761 187516 180699 9939
0b001f01 0b001801 10290 100 2097152 28391041 119944 44264 12415
0b001c01 0b001d01 10309 100 2097152 28320452 193349 44264 12412
0b001c01 0b001d01 10310 100 2097152 28343274 173231 44264 11964
0b000f01 0b000801 10315 100 2097152 27788751 739268 176699 8815
0b000c01 0b000501 10051 100 2097152 28355502 188678 180699 10428
0b000101 0b000201 10325 100 2097152 28275421 270052 176759 9393
0b000f01 0b000801 10316 100 2097152 27819525 727062 176699 10831
0b000d01 0b000e01 10303 100 2097152 27498703 1048024 176759 9917
0b001d01 0b001e01 10300 100 2097152 28343315 209491 44264 12397
0b001d01 0b001e01 10301 100 2097152 28343917 214086 44264 12413
0b000e01 0b000f01 10305 100 2097152 27083025 1484818 176759 10446
0b000b01 0b000c01 10330 100 2097152 20698625 7873207 176699 11323
0b000201 0b000301 10321 100 2097152 27443015 1133524 176759 10802
0b000501 0b000601 10329 100 2097152 27832323 751777 176759 8421
0b000101 0b000a01 10048 100 2097152 28409801 180222 180639 8929
0b000701 0b000001 10326 100 2097152 28247224 347523 176759 11255
0b000501 0b000601 10330 100 2097152 27855143 746469 176759 10405
0b000801 0b000901 10330 100 2097152 28531059 70663 44264 8824
0b000201 0b000301 10322 100 2097152 27469771 1133172 176759 11266
0b000801 0b000901 10331 100 2097152 28549627 70663 44264 10840
0b000d01 0b000e01 10304 100 2097152 27565495 1068900 176759 8333
0b001d01 0b001e01 10302 100 2097152 28363649 273056 44264 11901
0b000a01 0b000b01 10358 100 2097152 28593063 45496 44264 8954
0b000d01 0b000e01 10305 100 2097152 27570783 1068896 176759 7869
0b000101 0b000201 10326 100 2097152 28374865 272232 176759 11265
0b001e01 0b001f01 10299 100 2097152 28555816 92853 44264 12414
0b000201 0b000301 10323 100 2097152 27555005 1102066 176759 10818
0b000b01 0b000401 10050 100 2097152 28317851 339246 180639 9931
0b001e01 0b001f01 10300 100 2097152 28561013 98524 44264 12430
0b001001 0b001901 10052 100 2097152 28483019 180226 180639 12352
0b000901 0b000a01 10344 100 2097152 28623300 44841 44264 10857
0b000501 0b000e01 10047 100 2097152 28491637 182604 180699 10837
0b000b01 0b000401 10051 100 2097152 28328899 345353 180639 9947
0b001d01 0b001e01 10303 100 2097152 28384419 300582 44264 11917
0b001901 0b001a01 10314 100 2097152 28666255 44164 44264 12377
0b000a01 0b000b01 10359 100 2097152 28671181 44664 44264 10874
0b001e01 0b001f01 10301 100 2097152 28639715 76832 44264 11918
0b000601 0b000701 10325 100 2097152 27646309 1076352 176759 9894
0b000301 0b000401 10318 100 2097152 28442285 286111 176759 10419
0b001f01 0b001801 10291 100 2097152 28651679 80927 44264 12431
0b001f01 0b001801 10292 100 2097152 28662547 80721 44264 12447
0b000601 0b000701 10326 100 2097152 27654561 1089928 176759 9910
0b000201 0b000b01 10048 100 2097152 28548483 199700 180639 9410
0b001d01 0b001e01 10304 100 2097152 28432759 323791 44264 11933
0b001a01 0b001b01 10313 100 2097152 28713429 44164 44264 12394
0b000f01 0b000801 10317 100 2097152 28152201 622238 176699 9279
0b000401 0b000501 10322 100 2097152 28256088 518839 176759 9908
0b000401 0b000501 10323 100 2097152 28256128 518803 176759 9924
0b001e01 0b001f01 10302 100 2097152 28688011 91135 44264 11934
0b001d01 0b001e01 10305 100 2097152 28456148 323448 44264 11949
0b001d01 0b001e01 10306 100 2097152 28463960 320724 44264 15133
0b000901 0b000201 10042 100 2097152 28604732 186046 180639 8841
0b001d01 0b001e01 10307 100 2097152 28481034 310813 44264 11965
0b001d01 0b001e01 10308 100 2097152 28516811 283966 44264 12429
0b001d01 0b001e01 10309 100 2097152 28519515 281614 44264 11981
0b001b01 0b001c01 10312 100 2097152 28760603 44164 44264 12411
0b000801 0b000901 10332 100 2097152 28777479 44670 44264 9288
0b001301 0b001401 10294 100 2097152 28470012 352426 176699 12371
0b001301 0b001401 10295 100 2097152 28470028 352421 176699 12387
0b000f01 0b000801 10318 100 2097152 28238228 588135 176699 11343
0b001e01 0b001701 10046 100 2097152 28787694 48635 48204 15150
0b001c01 0b001d01 10311 100 2097152 28807777 44164 44264 12428
0b001701 0b001001 10334 100 2097152 27968777 895976 176699 12359
0b000501 0b000601 10331 100 2097152 28214846 657318 176759 10421
0b000901 0b000a01 10345 100 2097152 28825159 47500 44264 9305
0b000c01 0b000d01 10293 100 2097152 20695399 8177266 176759 11228
0b000801 0b000901 10333 100 2097152 28829403 46063 44264 11352
0b001d01 0b001e01 10310 100 2097152 28854951 46178 44264 12445
0b000401 0b000d01 10052 100 2097152 28731436 180300 180699 10436
0b001401 0b001501 10309 100 2097152 28825448 88201 44264 12388
0b001401 0b001501 10310 100 2097152 28825459 88194 44264 12404
0b000f01 0b000801 10319 100 2097152 28570853 346242 176699 10463
0b000901 0b000a01 10346 100 2097152 28878476 44409 44264 11369
0b001e01 0b001f01 10303 100 2097152 28759560 171192 44264 11950
0b001701 0b001001 10335 100 2097152 27987385 953228 176699 12375
0b000201 0b000301 10324 100 2097152 27935753 1008598 176759 7906
0b000b01 0b000c01 10331 100 2097152 21377019 7577182 176699 10843
0b001701 0b001001 10336 100 2097152 27997779 966562 176699 12391
0b000801 0b000901 10334 100 2097152 28920135 44281 44264 10472
0b000601 0b000701 10327 100 2097152 27777774 1190691 176759 10774
0b000a01 0b000b01 10360 100 2097152 28925925 44827 44264 11386
0b001e01 0b001f01 10304 100 2097152 28782606 204430 44264 11966
0b000001 0b000101 10326 100 2097152 28494559 496092 176759 10384
0b000001 0b000101 10327 100 2097152 28494599 496056 176759 10400
0b001501 0b001601 10324 100 2097152 28916659 88201 44264 12405
0b001501 0b001601 10325 100 2097152 28916669 88195 44264 12421
0b001701 0b001001 10337 100 2097152 28044907 961198 176699 12407
0b001e01 0b001f01 10305 100 2097152 28794887 215421 44264 11982
0b000901 0b000a01 10347 100 2097152 28967426 44311 44264 10489
0b001e01 0b001f01 10306 100 2097152 28803817 215126 44264 12446
0b001e01 0b001f01 10307 100 2097152 28804169 214946 44264 11998
0b000601 0b000701 10328 100 2097152 27814545 1205668 176759 8422
0b000e01 0b000f01 10306 100 2097152 27260521 1769714 176759 9886
0b000c01 0b000d01 10294 100 2097152 20879020 8152929 176759 9276
0b001e01 0b001f01 10308 100 2097152 28904169 135306 44264 12462
0b000001 0b000101 10328 100 2097152 28597787 444612 176759 11264
0b000b01 0b000c01 10332 100 2097152 21437333 7605934 176699 11339
0b000a01 0b000301 10042 100 2097152 28875699 180234 180639 9322
0b000a01 0b000b01 10361 100 2097152 29014777 44663 44264 10506
0b000201 0b000301 10325 100 2097152 28123745 947526 176759 9938
0b001701 0b001001 10338 100 2097152 28254614 830378 176699 12423
0b000b01 0b000c01 10333 100 2097152 21462232 7628456 176699 7947
0b001f01 0b001801 10293 100 2097152 29021953 69279 44264 12463
0b000401 0b000501 10324 100 2097152 28660137 431442 176759 9940
0b001601 0b001701 10338 100 2097152 29007870 89192 44264 12422
0b001601 0b001701 10339 100 2097152 29007880 89186 44264 12438
0b000401 0b000501 10325 100 2097152 28677292 420011 176759 9956
0b000501 0b000601 10332 100 2097152 28391983 705725 176759 9909
0b001f01 0b001001 10055 100 2097152 28719557 385996 180639 11935
0b001f01 0b001801 10294 100 2097152 29042485 68470 44264 12479
0b000c01 0b000d01 10295 100 2097152 21028412 8088037 176759 8812
0b000701 0b000001 10327 100 2097152 28725701 431790 176759 9911
0b000e01 0b000f01 10307 100 2097152 27315881 1846442 176759 8334
0b000201 0b000301 10326 100 2097152 28323220 842111 176759 8834
0b000e01 0b000f01 10308 100 2097152 27336477 1863602 176759 9902
0b000701 0b000001 10328 100 2097152 28747529 475526 176759 9927
0b000d01 0b000e01 10306 100 2097152 28205167 1030324 176759 8813
0b000301 0b000c01 10052 100 2097152 29074311 180300 180699 9955
0b000d01 0b000e01 10307 100 2097152 28223171 1037580 176759 8349
0b000301 0b000401 10319 100 2097152 28579549 683799 176759 10819
0b000501 0b000601 10333 100 2097152 28547190 721008 176759 10437
0b000201 0b000301 10327 100 2097152 28650107 629360 176759 11282
0b000c01 0b000d01 10296 100 2097152 21176812 8115621 176759 9292
0b000b01 0b000c01 10334 100 2097152 21839786 7452654 176699 7963
0b001001 0b001101 10239 100 2097152 14337020 14964956 176759 12512
0b001001 0b001101 10240 100 2097152 14337284 14964780 176759 12992
0b001001 0b001101 10241 100 2097152 14337548 14964520 176759 13472
0b001001 0b001101 10242 100 2097152 14337812 14964260 176759 13952
0b001001 0b001101 10243 100 2097152 14338097 14963979 176759 14432
0b000f01 0b000801 10320 100 2097152 29033245 270914 176699 9903
0b000201 0b000301 10328 100 2097152 28793788 523163 176759 8850
0b000301 0b000401 10320 100 2097152 28605983 713615 176759 11283
0b000801 0b000901 10335 100 2097152 29307199 44670 44264 9912
0b000e01 0b000f01 10309 100 2097152 27436361 1923914 176759 9918
0b000d01 0b000e01 10308 100 2097152 28300277 1061062 176759 10445
0b001701 0b001001 10339 100 2097152 28839339 525970 176699 15159
0b000901 0b000a01 10348 100 2097152 29354879 44164 44264 9929
0b000d01 0b000e01 10309 100 2097152 28360643 1060892 176759 9277
0b000301 0b000401 10321 100 2097152 28660111 767387 176759 10835
0b000601 0b000701 10329 100 2097152 28117448 1324745 176759 10390
0b000a01 0b000b01 10362 100 2097152 29402083 44664 44264 9946
0b000701 0b000001 10329 100 2097152 28971505 476158 176759 10791
0b000e01 0b000f01 10310 100 2097152 27498149 1956150 176759 10830
0b001001 0b001901 10053 100 2097152 28867763 589229 180639 12368
0b001f01 0b001001 10056 100 2097152 28782156 685100 180639 11951
0b000001 0b000101 10329 100 2097152 29160531 310904 176759 9920
0b000701 0b000001 10330 100 2097152 29023253 458994 176759 8439
0b001901 0b001a01 10315 100 2097152 29460002 44164 44264 12393
0b000e01 0b000f01 10311 100 2097152 27548327 1972504 176759 7870
0b000c01 0b000d01 10297 100 2097152 21411622 8116875 176759 8828
0b000101 0b000201 10327 100 2097152 28993661 536432 176759 10401
0b000101 0b000201 10328 100 2097152 28993671 536426 176759 10417
0b000601 0b000701 10330 100 2097152 28189636 1353585 176759 10406
0b001a01 0b001b01 10314 100 2097152 29507176 44164 44264 12410
0b001101 0b001a01 10033 100 2097152 29304986 254391 180639 12529
0b001701 0b001001 10340 100 2097152 29100072 465841 176699 12439
0b001701 0b001001 10341 100 2097152 29100082 465835 176699 12455
0b000501 0b000601 10334 100 2097152 28777937 793977 176759 9925
0b000501 0b000601 10335 100 2097152 28777947 793971 176759 9941
0b000601 0b000701 10331 100 2097152 28222484 1353509 176759 9366
0b000101 0b000201 10329 100 2097152 29045409 536436 176759 11281
0b001f01 0b001001 10058 100 2097152 28990046 592410 180639 11983
0b001b01 0b001c01 10313 100 2097152 29554350 47605 44264 12427
0b000001 0b000101 10330 100 2097152 29226095 376308 176759 9936
0b001a01 0b001b01 10315 100 2097152 29562387 45882 44264 12554
0b001f01 0b001001 10059 100 2097152 29013318 606595 180639 11999
0b000b01 0b000401 10052 100 2097152 29449757 180234 180639 9963
0b001f01 0b001001 10057 100 2097152 28933762 705242 180639 11967
0b000e01 0b000f01 10312 100 2097152 27657543 1983324 176759 10846
0b001c01 0b001d01 10312 100 2097152 29604965 47770 44264 12444
0b001b01 0b001c01 10314 100 2097152 29611279 45964 44264 12571
0b000401 0b000501 10326 100 2097152 29266388 404775 176759 10836
0b000001 0b000901 10048 100 2097152 29485287 193408 180639 8448
0b001801 0b001101 10056 100 2097152 28513995 1169558 180639 12424
0b001801 0b001101 10058 100 2097152 28746278 956594 180639 12456
0b001d01 0b001e01 10311 100 2097152 29655745 47940 44264 12461
0b001c01 0b001d01 10313 100 2097152 29660253 46050 44264 12588
0b000f01 0b000001 10042 100 2097152 29523841 186959 180699 7887
0b000001 0b000101 10331 100 2097152 29450703 264344 176759 10800
0b000901 0b000a01 10349 100 2097152 29681705 44164 44264 8473
0b000501 0b000601 10336 100 2097152 29094589 635221 176759 9957
0b000501 0b000601 10337 100 2097152 29100313 631081 176759 9973
0b001801 0b001101 10054 100 2097152 28483906 1260478 180639 12392
0b001801 0b001101 10052 100 2097152 28483886 1268662 180639 12360
0b001e01 0b001f01 10309 100 2097152 29706725 48128 44264 12478
0b001d01 0b001e01 10312 100 2097152 29709313 46142 44264 12605
0b000f01 0b000801 10321 100 2097152 29165333 600902 176699 8351
0b000c01 0b000d01 10298 100 2097152 21628808 8142797 176759 7868
0b000a01 0b000b01 10363 100 2097152 29728909 44664 44264 8490
0b001001 0b001901 10054 100 2097152 28943623 831516 180639 12384
0b001801 0b001101 10053 100 2097152 28483896 1313440 180639 12376
0b001e01 0b001f01 10310 100 2097152 29758495 44164 44264 12622
0b001801 0b001101 10055 100 2097152 28491920 1327020 180639 12408
0b001901 0b001a01 10316 100 2097152 29778149 44164 44264 12409
0b001001 0b001901 10055 100 2097152 28967351 870192 180639 12400
0b000401 0b000501 10327 100 2097152 29322608 516907 176759 11300
0b000f01 0b000801 10322 100 2097152 29203089 638478 176699 9919
0b000701 0b000001 10331 100 2097152 29445233 396480 176759 10407
0b001f01 0b001801 10295 100 2097152 29805669 44164 44264 12639
0b000501 0b000e01 10048 100 2097152 29674173 180300 180699 10853
0b001a01 0b001b01 10316 100 2097152 29825323 46098 44264 12426
0b001801 0b001101 10057 100 2097152 28735616 1138192 180639 12440
0b000301 0b000401 10322 100 2097152 28947391 931782 176759 7923
0b001901 0b001a01 10317 100 2097152 29840553 47230 44264 12425
0b000801 0b000901 10336 100 2097152 29844607 44670 44264 9928
0b001001 0b001901 10056 100 2097152 29009115 882539 180639 12416
0b001801 0b001901 10295 100 2097152 29852843 45815 44264 12648
0b001801 0b001101 10059 100 2097152 29094242 816315 180639 12472
0b000101 0b000201 10330 100 2097152 29474445 437696 176759 9937
0b001b01 0b001c01 10315 100 2097152 29874431 45664 44264 12443
0b000901 0b000a01 10350 100 2097152 29892287 44164 44264 9945
0b000601 0b000701 10332 100 2097152 28587140 1350387 176759 8438
0b001a01 0b001b01 10317 100 2097152 29890793 47830 44264 12442
0b001901 0b001a01 10318 100 2097152 29894664 46094 44264 12441
0b001001 0b001901 10057 100 2097152 29088002 860116 180639 12432
0b001001 0b001101 10244 100 2097152 14868987 15079197 176759 14448
0b000801 0b000101 10042 100 2097152 29769275 180257 180639 8360
0b000001 0b000101 10332 100 2097152 29713840 239451 176759 7888
0b000601 0b000701 10333 100 2097152 28604652 1350479 176759 10422
0b001c01 0b001d01 10314 100 2097152 29923105 45480 44264 12460
0b000401 0b000501 10328 100 2097152 29430508 544543 176759 10852
0b000a01 0b000b01 10364 100 2097152 29939491 44664 44264 9962
0b001b01 0b001c01 10316 100 2097152 29941633 46504 44264 12459
0b000301 0b000401 10323 100 2097152 29058973 931872 176759 9331
0b001a01 0b001b01 10318 100 2097152 29943768 47942 44264 12458
0b001901 0b001a01 10319 100 2097152 29951128 45930 44264 12457
0b001d01 0b001e01 10313 100 2097152 29971595 45510 44264 12477
0b000501 0b000601 10338 100 2097152 29842525 184845 176759 11317
0b000f01 0b000801 10323 100 2097152 29363285 668102 176699 9935
0b001c01 0b001d01 10315 100 2097152 29991147 46344 44264 12476
0b001b01 0b001c01 10317 100 2097152 29994720 47974 44264 12475
0b001a01 0b001b01 10319 100 2097152 30000068 46021 44264 12474
0b000d01 0b000e01 10310 100 2097152 28875675 1172068 176759 11245
0b000301 0b000401 10324 100 2097152 29168371 887950 176759 8851
0b000701 0b000001 10332 100 2097152 29546261 516472 176759 10423
0b000801 0b000901 10337 100 2097152 30034427 44679 44264 9944
0b001901 0b001201 10041 100 2097152 29901668 180234 180639 12665
0b000f01 0b000801 10324 100 2097152 29457309 636822 176699 10847
0b000d01 0b000e01 10311 100 2097152 28914746 1179993 176759 10461
0b000c01 0b000d01 10299 100 2097152 21996968 8099469 176759 9308
0b000301 0b000401 10325 100 2097152 29282477 814328 176759 11299
0b000001 0b000101 10333 100 2097152 29844753 256670 176759 10416
0b000301 0b000401 10326 100 2097152 29319961 783184 176759 8867
0b000201 0b000301 10329 100 2097152 29533103 576600 176759 10418
0b000201 0b000301 10330 100 2097152 29533113 576594 176759 10434
0b000701 0b000001 10333 100 2097152 29579003 535106 176759 9383
0b000c01 0b000d01 10300 100 2097152 22017268 8099205 176759 10764
0b000901 0b000a01 10351 100 2097152 30082116 46582 44264 9961
0b000101 0b000201 10331 100 2097152 29605413 524216 176759 9953
0b000f01 0b000801 10325 100 2097152 29643877 496898 176699 10863
0b000801 0b000901 10338 100 2097152 30097171 45548 44264 10856
0b001001 0b001901 10058 100 2097152 29568923 575435 180639 12448
0b001001 0b001901 10059 100 2097152 29568933 575429 180639 12464
0b000501 0b000e01 10049 100 2097152 29978061 184962 180699 10869
0b000b01 0b000401 10053 100 2097152 29987165 180234 180639 9979
0b000201 0b000301 10331 100 2097152 29584855 590960 176759 11298
0b000a01 0b000b01 10365 100 2097152 30131738 45598 44264 9978
0b000801 0b000901 10339 100 2097152 30143815 46081 44264 10872
0b001901 0b001a01 10320 100 2097152 30147368 44164 44264 12473
0b000901 0b000a01 10352 100 2097152 30145729 46175 44264 10873
0b000e01 0b000f01 10313 100 2097152 28147131 2049668 176759 8814
0b000601 0b000701 10334 100 2097152 28875204 1327187 176759 10438
0b000d01 0b000e01 10312 100 2097152 29034959 1177704 176759 9293
0b000601 0b000f01 10048 100 2097152 30030410 188687 180699 11334
0b000401 0b000501 10329 100 2097152 29633001 600058 176759 9972
0b000e01 0b000701 10043 100 2097152 30050783 185352 180699 11262
0b000901 0b000a01 10353 100 2097152 30192906 46073 44264 10889
0b000a01 0b000b01 10366 100 2097152 30194944 46193 44264 10890
0b000c01 0b000d01 10301 100 2097152 22160788 8099985 176759 9324
0b000b01 0b000c01 10335 100 2097152 23181699 7084456 176699 8427
0b001201 0b001301 10281 100 2097152 30084912 184764 176759 12674
0b000d01 0b000e01 10313 100 2097152 29119459 1154380 176759 8829
0b000a01 0b000b01 10367 100 2097152 30242019 44659 44264 10906
0b000d01 0b000601 10043 100 2097152 30119483 184548 180699 10781
0b000e01 0b000f01 10314 100 2097152 28234075 2088512 176759 9278
0b000101 0b000201 10332 100 2097152 29718057 636856 176759 10817
0b000b01 0b000401 10054 100 2097152 30180346 180234 180639 9995
0b000d01 0b000e01 10314 100 2097152 29295443 1098876 176759 9309
0b000b01 0b000c01 10336 100 2097152 23350990 7057806 176699 10427
0b000201 0b000301 10332 100 2097152 29915181 499750 176759 9954
0b000601 0b000701 10335 100 2097152 29100748 1317003 176759 9926
0b000001 0b000101 10334 100 2097152 30065773 353366 176759 10432
0b000501 0b000601 10339 100 2097152 30236069 184837 176759 9989
0b000c01 0b000d01 10302 100 2097152 22342287 8091898 176759 9916
0b001301 0b001401 10296 100 2097152 30272686 176278 176699 12691
0b000001 0b000101 10335 100 2097152 30117149 335786 176759 9392
0b001401 0b001501 10311 100 2097152 30451974 44164 44264 12708
0b000b01 0b000c01 10337 100 2097152 23519549 6990175 176699 7979
0b000b01 0b000c01 10338 100 2097152 23533522 6981810 176699 10859
0b000201 0b000301 10333 100 2097152 30132669 406254 176759 9970
0b001501 0b001601 10326 100 2097152 30499148 44164 44264 12725
0b001101 0b001201 10266 100 2097152 29305074 1254370 176759 13009
0b001101 0b001201 10267 100 2097152 29305078 1254370 176759 13489
0b001101 0b001201 10268 100 2097152 29305082 1254370 176759 13969
0b001101 0b001201 10269 100 2097152 29305086 1254370 176759 14449
0b000c01 0b000d01 10303 100 2097152 22524736 8039933 176759 8844
0b000601 0b000701 10336 100 2097152 29271238 1313293 176759 10454
0b001601 0b001701 10340 100 2097152 30546322 44164 44264 12742
0b000d01 0b000e01 10315 100 2097152 29531507 1063204 176759 8845
0b000701 0b000001 10334 100 2097152 29940537 657796 176759 8455
0b000c01 0b000501 10052 100 2097152 30411806 196557 180699 10444
0b000701 0b000001 10335 100 2097152 29958141 667768 176759 10439
0b000b01 0b000c01 10339 100 2097152 23721874 6906778 176699 10875
0b000301 0b000401 10327 100 2097152 30112713 520900 176759 10435
0b000301 0b000401 10328 100 2097152 30112723 520894 176759 10451
0b000201 0b000301 10334 100 2097152 30357953 290770 176759 10834
0b000f01 0b000801 10326 100 2097152 30199809 457478 176699 8831
0b000301 0b000c01 10053 100 2097152 30417941 240664 180699 9971
0b000301 0b000401 10329 100 2097152 30178825 501873 176759 11315
0b000f01 0b000801 10327 100 2097152 30222107 479796 176699 11359
0b000801 0b000901 10340 100 2097152 30660327 44670 44264 8840
0b000101 0b000201 10333 100 2097152 29952572 769955 176759 8369
0b000101 0b000201 10334 100 2097152 29956331 770960 176759 7905
0b001201 0b001b01 10034 100 2097152 30562454 180222 180639 13026
0b000801 0b000901 10341 100 2097152 30704943 44670 44264 11368
0b001001 0b001101 10245 100 2097152 15357427 15394144 176759 14928
0b000f01 0b000801 10328 100 2097152 30325597 428054 176699 9295
0b000e01 0b000f01 10315 100 2097152 28549767 2220248 176759 9934
0b000c01 0b000d01 10304 100 2097152 22786864 7988077 176759 9340
0b001701 0b001001 10342 100 2097152 30593496 183893 176699 12759
0b000001 0b000901 10049 100 2097152 30601373 180222 180639 8464
0b000301 0b000c01 10054 100 2097152 30541933 240672 180699 9987
0b001b01 0b001c01 10318 100 2097152 30745686 44164 44264 13051
0b000501 0b000601 10340 100 2097152 30611373 184869 176759 10453
0b000d01 0b000e01 10316 100 2097152 29774615 1025860 176759 7885
0b000801 0b000901 10342 100 2097152 30756691 46192 44264 9304
0b000b01 0b000c01 10340 100 2097152 23954471 6858821 176699 8907
0b000001 0b000101 10336 100 2097152 30628949 185014 176759 10448
0b000901 0b000a01 10354 100 2097152 30752623 62705 44264 11385
0b001c01 0b001d01 10316 100 2097152 30792860 44164 44264 13068
0b000101 0b000201 10335 100 2097152 30104463 739098 176759 10433
0b000601 0b000701 10337 100 2097152 29574954 1275277 176759 9942
0b000601 0b000701 10338 100 2097152 29574994 1275241 176759 9958
0b000301 0b000401 10330 100 2097152 30651733 199304 176759 10851
0b000401 0b000501 10330 100 2097152 29882183 977861 176759 7940
0b000a01 0b000b01 10368 100 2097152 30818368 48377 44264 11402
0b000901 0b000a01 10355 100 2097152 30784605 94229 44264 8489
0b001d01 0b001e01 10314 100 2097152 30840034 44164 44264 13085
0b000901 0b000201 10043 100 2097152 30708007 180234 180639 8857
0b000901 0b000a01 10356 100 2097152 30805893 83408 44264 9321
0b000e01 0b000f01 10316 100 2097152 28637435 2259316 176759 8350
0b000e01 0b000f01 10317 100 2097152 28642719 2261428 176759 7886
0b000a01 0b000b01 10369 100 2097152 30881874 44925 44264 8506
0b001e01 0b001f01 10311 100 2097152 30887238 44164 44264 13102
0b000e01 0b000f01 10318 100 2097152 28677281 2263478 176759 10862
0b000601 0b000701 10339 100 2097152 29732850 1230054 176759 9974
0b000601 0b000701 10340 100 2097152 29734434 1229178 176759 9990
0b001f01 0b001801 10296 100 2097152 30934412 44164 44264 13119
0b000401 0b000d01 10053 100 2097152 30636653 356448 180699 10452
0b000401 0b000d01 10054 100 2097152 30636693 356424 180699 10468
0b000b01 0b000c01 10341 100 2097152 24211505 6786259 176699 8443
0b000c01 0b000d01 10305 100 2097152 23002284 8017385 176759 8348
0b001801 0b001901 10296 100 2097152 30981586 44164 44264 13128
0b000f01 0b000801 10329 100 2097152 30773025 278310 176699 9951
0b000501 0b000601 10341 100 2097152 30863054 193232 176759 7957
0b000d01 0b000e01 10317 100 2097152 30099447 961348 176759 9325
0b000701 0b000001 10336 100 2097152 30205401 863320 176759 10455
0b000a01 0b000301 10043 100 2097152 30892341 180234 180639 9338
0b001901 0b001a01 10321 100 2097152 31028760 44164 44264 13145
0b000f01 0b000001 10043 100 2097152 30907157 180300 180699 7903
0b000101 0b000201 10336 100 2097152 30422179 672248 176759 10449
0b000801 0b000901 10343 100 2097152 31054375 44670 44264 9960
0b001001 0b001101 10246 100 2097152 15806482 15301098 176759 11776
0b001001 0b001101 10247 100 2097152 15818876 15288708 176759 11792
0b000101 0b000201 10337 100 2097152 30455975 655352 176759 9409
0b001201 0b001301 10282 100 2097152 30562458 553834 176759 13506
0b001201 0b001301 10283 100 2097152 30562462 553834 176759 13986
0b001201 0b001301 10284 100 2097152 30562466 553918 176759 14466
0b000901 0b000a01 10357 100 2097152 31102055 44164 44264 9977
0b000c01 0b000d01 10306 100 2097152 23180463 7970206 176759 8364
0b000701 0b000001 10337 100 2097152 30239145 911872 176759 11271
0b000401 0b000501 10331 100 2097152 29993885 1196750 176759 9348
0b000a01 0b000b01 10370 100 2097152 31149259 44664 44264 9994
0b000101 0b000201 10338 100 2097152 30817003 381096 176759 10465
0b000601 0b000701 10341 100 2097152 30307071 935645 176759 10790
0b001a01 0b001301 10042 100 2097152 31075934 185884 180639 13162
0b000301 0b000401 10331 100 2097152 31075585 187896 176759 9347
0b000d01 0b000e01 10318 100 2097152 30263783 1017456 176759 9341
0b000601 0b000701 10342 100 2097152 30423946 870518 176759 10006
0b000201 0b000b01 10049 100 2097152 31114367 180225 180639 9426
0b000f01 0b000801 10330 100 2097152 30899761 405106 176699 8367
0b001301 0b001c01 10035 100 2097152 31119302 186657 180639 13523
0b000f01 0b000801 10331 100 2097152 30943769 383102 176699 10879
0b000c01 0b000d01 10307 100 2097152 23368680 7978441 176759 7884
0b000401 0b000501 10332 100 2097152 30059361 1293727 176759 8868
0b001c01 0b001d01 10317 100 2097152 31308969 44164 44264 13548
0b000801 0b000901 10344 100 2097152 31329911 44164 44264 10888
0b000b01 0b000401 10055 100 2097152 31196933 180234 180639 10011
0b001d01 0b001e01 10315 100 2097152 31356143 44164 44264 13565
0b000201 0b000301 10335 100 2097152 30725567 676420 176759 8386
0b000501 0b000601 10342 100 2097152 31193645 216389 176759 9365
0b000601 0b000701 10343 100 2097152 30799282 616302 176759 10470
0b000901 0b000a01 10358 100 2097152 31377085 44164 44264 10905
0b000201 0b000301 10336 100 2097152 30730331 694708 176759 7922
0b000401 0b000501 10333 100 2097152 30099845 1329062 176759 11316
0b000401 0b000501 10334 100 2097152 30106185 1331350 176759 8884
0b001e01 0b001f01 10312 100 2097152 31403347 44164 44264 13582
0b000701 0b000001 10338 100 2097152 30420761 1036592 176759 9943
0b000a01 0b000b01 10371 100 2097152 31424289 44669 44264 10922
0b000801 0b000101 10043 100 2097152 31307907 180234 180639 8376
0b001f01 0b001801 10297 100 2097152 31450521 44164 44264 13599
0b000401 0b000501 10335 100 2097152 30170439 1331516 176759 9988
0b000601 0b000701 10344 100 2097152 31059326 475598 176759 7974
0b000e01 0b000f01 10319 100 2097152 29238531 2302164 176759 8830
0b001801 0b001901 10297 100 2097152 31497695 44164 44264 13608
0b000d01 0b000e01 10319 100 2097152 30437195 1128464 176759 9933
0b000e01 0b000f01 10320 100 2097152 29263791 2306752 176759 8366
0b001301 0b001401 10297 100 2097152 31119306 455746 176699 14003
0b001301 0b001401 10298 100 2097152 31119394 455842 176699 14483
0b000b01 0b000c01 10342 100 2097152 25077331 6500169 176699 11355
0b000001 0b000101 10337 100 2097152 31071761 516870 176759 10464
0b001901 0b001a01 10322 100 2097152 31544869 44164 44264 13625
0b000b01 0b000c01 10343 100 2097152 25114700 6486360 176699 9403
0b000b01 0b000c01 10344 100 2097152 25147507 6472713 176699 8459
0b001401 0b001501 10312 100 2097152 31578246 44694 44264 14500
0b001401 0b001d01 10036 100 2097152 31578062 48108 48204 14020
0b000b01 0b000c01 10345 100 2097152 25147772 6478696 176699 8475
0b001a01 0b001b01 10320 100 2097152 31592043 44164 44264 13642
0b000b01 0b000c01 10346 100 2097152 25189795 6446477 176699 10443
0b000001 0b000101 10338 100 2097152 31090497 554106 176759 7904
0b001301 0b001401 10299 100 2097152 31264828 383084 176699 13171
0b000401 0b000501 10336 100 2097152 30363620 1291899 176759 10004
0b000201 0b000301 10337 100 2097152 30846601 810958 176759 10450
0b000601 0b000701 10345 100 2097152 31413044 255467 176759 9382
0b001101 0b001201 10270 100 2097152 29755558 1913910 176759 12369
0b001d01 0b001e01 10316 100 2097152 31629180 44164 44264 14045
0b001501 0b001e01 10037 100 2097152 31625950 48449 48204 14517
0b000b01 0b000c01 10347 100 2097152 25218095 6459881 176699 10459
0b000e01 0b000f01 10321 100 2097152 29364379 2315816 176759 10462
0b001b01 0b001401 10043 100 2097152 31639217 48626 48204 13659
0b001401 0b001501 10313 100 2097152 31650922 48280 44264 13188
0b000b01 0b000c01 10348 100 2097152 25219610 6480978 176699 10475
0b000201 0b000301 10338 100 2097152 30891281 810898 176759 8866
0b000001 0b000101 10339 100 2097152 31154057 555934 176759 11280
0b000701 0b000001 10339 100 2097152 30587541 1125942 176759 10471
0b000701 0b000801 10049 100 2097152 31537934 180222 180639 7991
0b000e01 0b000f01 10322 100 2097152 29424575 2315816 176759 9294
0b001401 0b001501 10314 100 2097152 31690853 49959 44264 13668
0b000d01 0b000e01 10320 100 2097152 30567679 1180504 176759 8861
0b001501 0b001601 10327 100 2097152 31702212 50121 44264 13205
0b001101 0b001201 10271 100 2097152 29800346 1963002 176759 12385
0b001101 0b001201 10272 100 2097152 29800356 1962996 176759 12401
0b001e01 0b001f01 10313 100 2097152 31676384 87151 44264 14062
0b001e01 0b001f01 10314 100 2097152 31677439 87150 44264 14542
0b000801 0b000901 10345 100 2097152 31721196 44669 44264 8008
0b001101 0b001201 10273 100 2097152 29821950 1967222 176759 12417
0b001101 0b001201 10274 100 2097152 29821960 1967300 176759 12433
0b001501 0b001601 10328 100 2097152 31743822 50033 44264 13685
0b000b01 0b000c01 10349 100 2097152 25408674 6386862 176699 8923
0b000201 0b000301 10339 100 2097152 31097467 707760 176759 10466
0b001601 0b001701 10341 100 2097152 31755343 50201 44264 13222
0b000901 0b000a01 10359 100 2097152 31768875 44164 44264 8025
0b000201 0b000301 10340 100 2097152 31201139 624860 176759 10482
0b001101 0b001201 10275 100 2097152 29876818 1950558 176759 12449
0b001101 0b001201 10276 100 2097152 29876828 1950552 176759 12465
0b000301 0b000401 10332 100 2097152 31404997 427325 176759 8403
0b000401 0b000501 10337 100 2097152 30683738 1155517 176759 11332
0b000b01 0b000c01 10350 100 2097152 25424310 6420109 176699 8939
0b001601 0b001701 10342 100 2097152 31796865 48859 44264 13702
0b000101 0b000201 10339 100 2097152 31491181 359502 176759 8385
0b001f01 0b001801 10298 100 2097152 31766545 87151 44264 14079
0b001f01 0b001801 10299 100 2097152 31767599 87151 44264 14559
0b001101 0b001201 10277 100 2097152 29951194 1904470 176759 14465
0b000a01 0b000b01 10372 100 2097152 31816079 44658 44264 8042
0b000b01 0b000c01 10351 100 2097152 25480944 6406080 176699 7995
0b000b01 0b000c01 10352 100 2097152 25480954 6406074 176699 8011
0b000b01 0b000c01 10353 100 2097152 25481950 6406834 176699 11371
0b000001 0b000101 10340 100 2097152 31460393 454058 176759 9952
0b000401 0b000501 10338 100 2097152 30854077 1068926 176759 10868
0b001801 0b001901 10298 100 2097152 31856706 87151 44264 14088
0b001801 0b001901 10299 100 2097152 31857760 87151 44264 14568
0b000301 0b000401 10333 100 2097152 31428049 519100 176759 7939
0b000d01 0b000e01 10321 100 2097152 30777951 1218428 176759 9357
0b000b01 0b000c01 10354 100 2097152 25748124 6254416 176699 11387
0b000001 0b000101 10341 100 2097152 31716523 293212 176759 10480
0b000501 0b000601 10343 100 2097152 31356098 675748 176759 8885
0b001901 0b001a01 10323 100 2097152 31946867 87151 44264 14105
0b001901 0b001a01 10324 100 2097152 31947921 87151 44264 14585
0b000201 0b000301 10341 100 2097152 31853723 186828 176759 8402
0b000c01 0b000d01 10308 100 2097152 24183292 7857313 176759 11244
0b000f01 0b000801 10332 100 2097152 31543705 519094 176699 8847
0b000c01 0b000501 10053 100 2097152 31639282 444660 180699 10460
0b000801 0b000901 10346 100 2097152 32065839 44683 44264 8856
0b001701 0b001001 10343 100 2097152 31808554 309615 176699 13239
0b000501 0b000e01 10050 100 2097152 31926043 197197 180699 10885
0b001a01 0b001b01 10321 100 2097152 32037028 87151 44264 14122
0b001a01 0b001b01 10322 100 2097152 32038082 87151 44264 14602
0b000401 0b000501 10339 100 2097152 31266521 864522 176759 9364
0b000f01 0b000801 10333 100 2097152 31573553 578746 176699 8383
0b000c01 0b000501 10054 100 2097152 31680986 488044 180699 10476
0b001701 0b001001 10344 100 2097152 31848734 328531 176699 13719
0b000401 0b000501 10340 100 2097152 31380207 799752 176759 10020
0b000c01 0b000501 10055 100 2097152 31703598 476704 180699 10492
0b001b01 0b001c01 10319 100 2097152 32127189 87151 44264 14139
0b001b01 0b001c01 10320 100 2097152 32128243 87151 44264 14619
0b000601 0b000701 10346 100 2097152 32034856 185268 176759 8902
0b000c01 0b000d01 10309 100 2097152 24354072 7872417 176759 10780
0b000701 0b000001 10340 100 2097152 30853241 1374380 176759 9959
0b000701 0b000001 10341 100 2097152 30853251 1374386 176759 9975
0b001101 0b001201 10278 100 2097152 30754581 1483599 176759 14945
0b000d01 0b000e01 10322 100 2097152 30996111 1248124 176759 10477
0b000d01 0b000e01 10323 100 2097152 30996127 1248112 176759 10493
0b000e01 0b000f01 10323 100 2097152 29857513 2394230 176759 10878
0b000d01 0b000e01 10324 100 2097152 31022679 1236700 176759 8365
0b001c01 0b001d01 10318 100 2097152 32218404 44164 44264 14636
0b000f01 0b000801 10334 100 2097152 31683205 582374 176699 10479
0b001c01 0b001501 10044 100 2097152 32217350 48463 48204 14156
0b000c01 0b000d01 10310 100 2097152 24414864 7854637 176759 8860
0b000101 0b000201 10340 100 2097152 31591671 681376 176759 10481
0b000901 0b000201 10044 100 2097152 32113532 180242 180639 8873
0b000f01 0b000801 10335 100 2097152 31743401 562394 176699 9311
0b001501 0b001601 10329 100 2097152 32268823 44164 44264 14165
0b000801 0b000901 10347 100 2097152 32268619 49019 44264 10488
0b000d01 0b000e01 10325 100 2097152 31153679 1172140 176759 8381
0b001d01 0b001601 10045 100 2097152 32265578 62241 48204 14653
0b000801 0b000101 10044 100 2097152 32155339 180234 180639 8392
0b001201 0b001301 10285 100 2097152 31672478 674228 176759 12386
0b000b01 0b000c01 10355 100 2097152 26400175 5946641 176699 8027
0b000c01 0b000d01 10311 100 2097152 24454460 7897529 176759 7900
0b000701 0b000001 10342 100 2097152 30965914 1391905 176759 9991
0b000701 0b000001 10343 100 2097152 30966622 1391729 176759 10007
0b000801 0b000901 10348 100 2097152 32308835 50280 44264 9320
0b000901 0b000a01 10360 100 2097152 32320648 50240 44264 10505
0b000401 0b000501 10341 100 2097152 31835332 540471 176759 8420
0b001601 0b001701 10343 100 2097152 32315997 73375 44264 14182
0b000101 0b000201 10341 100 2097152 31647643 748788 176759 7921
0b001601 0b001701 10344 100 2097152 32330829 73509 44264 14662
0b000401 0b000501 10342 100 2097152 31950159 457760 176759 7956
0b000d01 0b000601 10044 100 2097152 32229499 181922 180699 10797
0b000901 0b000a01 10361 100 2097152 32362125 50139 44264 9337
0b000d01 0b000e01 10326 100 2097152 31350131 1067564 176759 7901
0b000a01 0b000b01 10373 100 2097152 32373928 45994 44264 10522
0b001101 0b001201 10279 100 2097152 31110590 1325822 176759 11793
0b001101 0b001201 10280 100 2097152 31110600 1325900 176759 11809
0b000501 0b000601 10344 100 2097152 31431917 1021062 176759 11333
0b000f01 0b000801 10336 100 2097152 32254753 211914 176699 10895
0b000101 0b000201 10342 100 2097152 31713001 770462 176759 11297
0b000301 0b000401 10334 100 2097152 31660599 838730 176759 10467
0b000501 0b000601 10345 100 2097152 31440545 1059786 176759 8901
0b000801 0b000901 10349 100 2097152 32469707 44164 44264 10904
0b000c01 0b000d01 10312 100 2097152 24531708 7999593 176759 9356
0b001301 0b001401 10300 100 2097152 32349716 193104 176699 12403
0b000301 0b000401 10335 100 2097152 31705219 850998 176759 8883
0b000901 0b000a01 10362 100 2097152 32516881 44164 44264 10921
0b000701 0b000001 10344 100 2097152 31245726 1320253 176759 10807
0b000c01 0b000d01 10313 100 2097152 24595448 7974497 176759 8380
0b001401 0b001501 10315 100 2097152 32545830 44164 44264 12420
0b000a01 0b000301 10044 100 2097152 32415304 180234 180639 9354
0b000701 0b000001 10345 100 2097152 31297474 1298077 176759 10023
0b000a01 0b000b01 10374 100 2097152 32564085 44664 44264 10938
0b000e01 0b000f01 10324 100 2097152 30097779 2530132 176759 10478
0b000601 0b000f01 10049 100 2097152 32456019 180300 180699 11350
0b001501 0b001601 10330 100 2097152 32593004 44164 44264 12437
0b000701 0b000001 10346 100 2097152 31418594 1222369 176759 10487
0b000301 0b000401 10336 100 2097152 31808267 834826 176759 10483
0b000101 0b000201 10343 100 2097152 31917461 736022 176759 9969
0b000301 0b000401 10337 100 2097152 31829039 826466 176759 10499
0b000b01 0b000c01 10356 100 2097152 27067724 5612740 176699 8491
0b001601 0b001701 10345 100 2097152 32640208 44663 44264 12454
0b000101 0b000201 10344 100 2097152 32012745 688790 176759 10497
0b000601 0b000701 10347 100 2097152 32414461 287075 176759 10806
0b000701 0b000001 10347 100 2097152 31671521 1032118 176759 9399
0b000501 0b000601 10346 100 2097152 31504995 1209974 176759 10005
0b000b01 0b000c01 10357 100 2097152 27322495 5399649 176699 8043
0b000e01 0b000f01 10325 100 2097152 30166063 2559176 176759 10894
0b000401 0b000d01 10055 100 2097152 32502339 238932 180699 10484
0b000401 0b000501 10343 100 2097152 32559227 189452 176759 8900
0b000301 0b000401 10338 100 2097152 32043561 707784 176759 8419
0b001701 0b001001 10345 100 2097152 32392382 362403 176699 14199
0b000b01 0b000c01 10358 100 2097152 27353383 5409433 176699 9419
0b001001 0b001101 10248 100 2097152 17107711 15664098 176759 11808
0b000101 0b000201 10345 100 2097152 32338583 433532 176759 8401
0b000e01 0b000f01 10326 100 2097152 30215703 2572900 176759 9310
0b001701 0b001001 10346 100 2097152 32407348 389285 176699 14679
0b000701 0b000001 10348 100 2097152 32223134 605909 176759 8919
0b000601 0b000701 10348 100 2097152 32503371 353217 176759 8918
0b000e01 0b000f01 10327 100 2097152 30276879 2581772 176759 8846
0b000d01 0b000e01 10327 100 2097152 32043615 823600 176759 11261
0b000301 0b000401 10339 100 2097152 32598548 279585 176759 9363
0b001001 0b001101 10249 100 2097152 17293141 15596100 176759 12528
0b001001 0b001101 10250 100 2097152 17293145 15596100 176759 13008
0b001001 0b001101 10251 100 2097152 17293149 15596100 176759 13488
0b001001 0b001101 10252 100 2097152 17293153 15596100 176759 13968
0b001001 0b001101 10253 100 2097152 17314261 15575080 176759 14944
0b000201 0b000301 10342 100 2097152 32276087 635636 176759 10498
0b001001 0b001101 10254 100 2097152 17413889 15517524 176759 14464
0b001001 0b001101 10255 100 2097152 17413893 15517524 176759 13984
0b001701 0b001001 10347 100 2097152 32687881 258592 176699 12471
0b000601 0b000701 10349 100 2097152 32718009 257471 176759 10022
0b000e01 0b000f01 10328 100 2097152 30397359 2588208 176759 9326
0b000401 0b000501 10344 100 2097152 32754385 242258 176759 8436
0b000401 0b000d01 10056 100 2097152 32646133 382602 180699 10500
0b000401 0b000d01 10057 100 2097152 32658545 376422 180699 10516
0b000201 0b000301 10343 100 2097152 32296814 738385 176759 8882
0b000e01 0b000701 10044 100 2097152 32870255 180300 180699 11278
0b000b01 0b000c01 10359 100 2097152 27927122 5128298 176699 10491
0b000701 0b000001 10349 100 2097152 32704546 362857 176759 10823
0b001101 0b001a01 10034 100 2097152 32892251 180222 180639 12545
0b000c01 0b000d01 10314 100 2097152 25109740 7967625 176759 11260
0b000d01 0b000e01 10328 100 2097152 32272511 824736 176759 8877
0b000501 0b000601 10347 100 2097152 31658559 1440336 176759 10021
0b001a01 0b001b01 10323 100 2097152 33075483 44164 44264 12570
0b000001 0b000101 10342 100 2097152 32230661 889194 176759 9968
0b000001 0b000101 10343 100 2097152 32230701 889158 176759 9984
0b000401 0b000501 10345 100 2097152 32881143 242852 176759 9380
0b000b01 0b000c01 10360 100 2097152 28015257 5111675 176699 8955
0b001201 0b001301 10286 100 2097152 31766358 1372687 176759 12402
0b001201 0b001301 10287 100 2097152 31766368 1372765 176759 12418
0b001b01 0b001c01 10321 100 2097152 33122657 44164 44264 12587
0b000301 0b000401 10340 100 2097152 32914733 260372 176759 10515
0b000e01 0b000f01 10329 100 2097152 30597751 2579500 176759 8862
0b001201 0b001301 10288 100 2097152 31792182 1408639 176759 12434
0b001201 0b001301 10289 100 2097152 31792270 1408555 176759 12450
0b001c01 0b001d01 10319 100 2097152 33169831 44164 44264 12604
0b000c01 0b000501 10056 100 2097152 33058430 180306 180699 10508
0b001201 0b001301 10290 100 2097152 31830386 1409163 176759 12466
0b001201 0b001301 10291 100 2097152 31858674 1400239 176759 14482
0b001d01 0b001e01 10317 100 2097152 33217005 44164 44264 12621
0b000d01 0b000e01 10329 100 2097152 32354999 907340 176759 7917
0b000201 0b000301 10344 100 2097152 32399441 892086 176759 7938
0b000601 0b000701 10350 100 2097152 33101935 193257 176759 10038
0b000301 0b000401 10341 100 2097152 33038209 260292 176759 8899
0b001e01 0b001f01 10315 100 2097152 33264209 44164 44264 12638
0b000b01 0b000c01 10361 100 2097152 28358339 4959809 176699 10507
0b001f01 0b001801 10300 100 2097152 33311383 44164 44264 12655
0b000401 0b000d01 10058 100 2097152 33178115 180312 180699 10532
0b000e01 0b000f01 10330 100 2097152 30803515 2561200 176759 7902
0b000701 0b000001 10350 100 2097152 32859628 521279 176759 8935
0b001801 0b001901 10300 100 2097152 33358557 44164 44264 12664
0b000201 0b000301 10345 100 2097152 32486473 920530 176759 11314
0b001201 0b001301 10292 100 2097152 32241190 1185103 176759 14962
0b000f01 0b000801 10337 100 2097152 32630921 799910 176699 10495
0b000b01 0b000c01 10362 100 2097152 28641569 4790419 176699 8971
0b000801 0b000901 10350 100 2097152 33433871 44683 44264 10504
0b000f01 0b000801 10338 100 2097152 32639329 841666 176699 11375
0b001201 0b001301 10293 100 2097152 32439422 1041787 176759 11810
0b001201 0b001301 10294 100 2097152 32439510 1041787 176759 11826
0b000401 0b000501 10346 100 2097152 33301511 185234 176759 8916
0b000101 0b000201 10346 100 2097152 33122865 369370 176759 9985
0b000101 0b000201 10347 100 2097152 33122875 369364 176759 10001
0b000c01 0b000501 10057 100 2097152 33321158 180300 180699 10524
0b000501 0b000601 10348 100 2097152 31842295 1668767 176759 11349
0b000901 0b000a01 10363 100 2097152 33481564 47638 44264 10521
0b000801 0b000901 10351 100 2097152 33484035 46147 44264 11384
0b000b01 0b000c01 10363 100 2097152 28718855 4826479 176699 10891
0b000201 0b000301 10346 100 2097152 32656493 894348 176759 9986
0b000f01 0b000001 10044 100 2097152 33367725 183203 180699 7919
0b000b01 0b000c01 10364 100 2097152 28751193 4799752 176699 9435
0b000c01 0b000d01 10315 100 2097152 25466980 8084461 176759 11276
0b000b01 0b000c01 10365 100 2097152 28973762 4583122 176699 11403
0b000701 0b000001 10351 100 2097152 32978520 581047 176759 10039
0b000c01 0b000d01 10316 100 2097152 25477471 8082690 176759 7916
0b000301 0b000401 10342 100 2097152 33294567 270442 176759 7955
0b000901 0b000a01 10364 100 2097152 33533192 46165 44264 11401
0b000a01 0b000b01 10375 100 2097152 33532242 47118 44264 10538
0b000b01 0b000c01 10366 100 2097152 29062450 4517986 176699 10523
0b001901 0b001201 10042 100 2097152 33405731 180234 180639 12681
0b000201 0b000301 10347 100 2097152 32704545 884668 176759 10514
0b000701 0b000001 10352 100 2097152 33053595 560100 176759 11287
0b000e01 0b000f01 10331 100 2097152 31063835 2559512 176759 9342
0b000201 0b000301 10348 100 2097152 32775125 849386 176759 8418
0b000a01 0b000b01 10376 100 2097152 33582397 44664 44264 11418
0b000d01 0b000e01 10330 100 2097152 32534311 1114760 176759 9373
0b000c01 0b000d01 10317 100 2097152 25623766 8051231 176759 11292
0b000001 0b000101 10344 100 2097152 32360859 1330672 176759 10000
0b000001 0b000101 10345 100 2097152 32361391 1332080 176759 10016
0b000601 0b000f01 10050 100 2097152 33514102 181820 180699 11366
0b000701 0b000001 10353 100 2097152 33298232 398711 176759 10055
0b000f01 0b000801 10339 100 2097152 32728249 993710 176699 10911
0b000d01 0b000e01 10331 100 2097152 32572955 1158152 176759 8397
0b000301 0b000c01 10055 100 2097152 33553881 186936 180699 10003
0b000401 0b000501 10347 100 2097152 33568019 184888 176759 7972
0b000801 0b000901 10352 100 2097152 33724999 44670 44264 10920
0b000c01 0b000501 10058 100 2097152 33583446 187388 180699 10540
0b001201 0b001301 10295 100 2097152 33588975 184846 176759 12690
0b000c01 0b000d01 10318 100 2097152 25729396 8061905 176759 9932
0b000301 0b000401 10343 100 2097152 33410043 402662 176759 11331
0b000901 0b000a01 10365 100 2097152 33772679 44164 44264 10937
0b000e01 0b000f01 10332 100 2097152 31284279 2563856 176759 9358
0b000f01 0b000801 10340 100 2097152 32791613 1057086 176699 9327
0b000a01 0b000b01 10377 100 2097152 33819883 44673 44264 10954
0b000b01 0b000c01 10367 100 2097152 29776583 4096389 176699 8507
0b000c01 0b000d01 10319 100 2097152 25771562 8119679 176759 8396
0b000801 0b000901 10353 100 2097152 33851739 44670 44264 9336
0b000201 0b000301 10349 100 2097152 33495275 438788 176759 10002
0b000201 0b000301 10350 100 2097152 33495315 438836 176759 10018
0b000901 0b000a01 10366 100 2097152 33899419 44164 44264 9353
0b000f01 0b000801 10341 100 2097152 32861661 1091758 176699 8863
0b000b01 0b000c01 10368 100 2097152 30244147 3735809 176699 10907
0b000801 0b000901 10354 100 2097152 33956459 44670 44264 8872
0b000401 0b000501 10348 100 2097152 33815715 187868 176759 11348
0b000b01 0b000c01 10369 100 2097152 30289688 3720164 176699 10923
0b000301 0b000401 10344 100 2097152 33592253 422576 176759 10531
0b000301 0b000401 10345 100 2097152 33627551 404094 176759 8435
0b000d01 0b000e01 10332 100 2097152 32744281 1301710 176759 10509
0b001101 0b001201 10281 100 2097152 32774819 1288429 176759 11825
0b000101 0b000201 10348 100 2097152 33694541 383970 176759 10017
0b000f01 0b000801 10342 100 2097152 32988577 1091566 176699 9343
0b000101 0b000201 10349 100 2097152 33696481 384138 176759 10033
0b000501 0b000601 10349 100 2097152 32086982 2032203 176759 10469
0b000e01 0b000f01 10333 100 2097152 31568699 2550760 176759 9950
0b000801 0b000901 10355 100 2097152 34083183 44670 44264 9352
0b000a01 0b000301 10045 100 2097152 33946623 188056 180639 9370
0b000901 0b000a01 10367 100 2097152 34130863 44164 44264 9369
0b000901 0b000201 10045 100 2097152 34004139 180300 180639 8889
0b000401 0b000d01 10059 100 2097152 34017839 180300 180699 10548
0b000c01 0b000d01 10320 100 2097152 26005726 8200191 176759 8876
0b000b01 0b000c01 10370 100 2097152 30869755 3343125 176699 11419
0b000401 0b000501 10349 100 2097152 34034655 184580 176759 8452
0b000f01 0b000801 10343 100 2097152 33180261 1049062 176699 8879
0b000501 0b000601 10350 100 2097152 32134053 2099638 176759 9381
0b000001 0b000101 10346 100 2097152 32568989 1667356 176759 10816
0b001201 0b001301 10296 100 2097152 34066258 184603 176759 11842
0b000b01 0b000c01 10371 100 2097152 30929809 3324599 176699 8523
0b001101 0b001201 10282 100 2097152 32892255 1367989 176759 13025
0b001101 0b001201 10283 100 2097152 32892259 1367989 176759 13505
0b001101 0b001201 10284 100 2097152 32892263 1368073 176759 13985
0b001101 0b001201 10285 100 2097152 32892351 1368157 176759 14961
0b000801 0b000901 10356 100 2097152 34232363 44670 44264 8888
0b000001 0b000101 10347 100 2097152 32598561 1695724 176759 10032
0b001301 0b001401 10301 100 2097152 33142055 1161297 176699 12419
0b001301 0b001401 10302 100 2097152 33142143 1161213 176699 12435
0b000c01 0b000d01 10321 100 2097152 26136494 8173487 176759 10796
0b000e01 0b000f01 10334 100 2097152 31751223 2559288 176759 8878
0b000501 0b000601 10351 100 2097152 32172040 2143327 176759 10485
0b000301 0b000c01 10056 100 2097152 33937103 384125 180699 10019
0b000301 0b000c01 10057 100 2097152 33937191 384297 180699 10035
0b000301 0b000401 10346 100 2097152 34137689 189436 176759 9379
0b001101 0b001201 10286 100 2097152 32934423 1394245 176759 14481
0b001101 0b001201 10287 100 2097152 32934427 1394329 176759 14001
0b000b01 0b000c01 10372 100 2097152 31297602 3034222 176699 9451
0b000501 0b000601 10352 100 2097152 32182969 2151080 176759 10037
0b000501 0b000601 10353 100 2097152 32183312 2151969 176759 10501
0b000001 0b000101 10348 100 2097152 32643973 1718332 176759 10496
0b000a01 0b000301 10046 100 2097152 34178037 186046 180639 9386
0b000c01 0b000d01 10322 100 2097152 26194698 8181635 176759 10812
0b001401 0b001501 10316 100 2097152 34306362 89213 44264 12436
0b001401 0b001501 10317 100 2097152 34306372 89207 44264 12452
0b000b01 0b000c01 10373 100 2097152 31471968 2937792 176699 10939
0b000001 0b000101 10349 100 2097152 32706649 1726596 176759 9408
0b001201 0b001b01 10035 100 2097152 34263254 180222 180639 13042
0b000601 0b000701 10351 100 2097152 34122225 334843 176759 10486
0b000901 0b000201 10046 100 2097152 34280043 180234 180639 8905
0b000c01 0b000d01 10323 100 2097152 26287822 8175519 176759 9372
0b001501 0b001601 10331 100 2097152 34398585 88201 44264 12453
0b001501 0b001601 10332 100 2097152 34398595 88195 44264 12469
0b000b01 0b000c01 10374 100 2097152 31863747 2623765 176699 8059
0b001b01 0b001c01 10322 100 2097152 34446486 44164 44264 13067
0b000401 0b000501 10350 100 2097152 34330135 184768 176759 9396
0b001001 0b001101 10256 100 2097152 18731665 15787425 176759 14960
0b001601 0b001701 10346 100 2097152 34489826 44164 44264 12470
0b001c01 0b001d01 10320 100 2097152 34493660 44164 44264 13084
0b000001 0b000101 10350 100 2097152 32832053 1710825 176759 8928
0b000301 0b000401 10347 100 2097152 34367093 187412 176759 9395
0b000e01 0b000f01 10335 100 2097152 31999419 2559256 176759 9374
0b001301 0b001401 10303 100 2097152 33203831 1356345 176699 12451
0b001301 0b001401 10304 100 2097152 33203841 1356339 176699 12467
0b000d01 0b000e01 10333 100 2097152 33031745 1539826 176759 10525
0b000501 0b000601 10354 100 2097152 32378813 2195176 176759 8437
0b000f01 0b000801 10344 100 2097152 33626357 950602 176699 9359
0b000d01 0b000e01 10334 100 2097152 33037977 1544242 176759 10541
0b001d01 0b001e01 10318 100 2097152 34540834 44164 44264 13101
0b000b01 0b000c01 10375 100 2097152 32422932 2178404 176699 10539
0b000d01 0b000601 10045 100 2097152 34313021 290172 180699 10813
0b000201 0b000301 10351 100 2097152 34081551 523302 176759 10034
0b001401 0b001501 10318 100 2097152 34563186 44670 44264 12468
0b000201 0b000301 10352 100 2097152 34083659 527546 176759 10050
0b000501 0b000601 10355 100 2097152 32410929 2200648 176759 7973
0b000801 0b000901 10357 100 2097152 34579999 44670 44264 9368
0b001e01 0b001f01 10316 100 2097152 34588038 44164 44264 13118
0b000d01 0b000e01 10335 100 2097152 33080375 1556496 176759 11277
0b000f01 0b000801 10345 100 2097152 33698932 938311 176699 11391
0b000701 0b000001 10354 100 2097152 34460108 184847 176759 10503
0b001001 0b001101 10257 100 2097152 18954185 15695493 176759 14480
0b001001 0b001101 10258 100 2097152 18978249 15671445 176759 14976
0b001301 0b001401 10305 100 2097152 33261923 1389413 176699 14499
0b000b01 0b000c01 10376 100 2097152 32611759 2049125 176699 10955
0b000d01 0b000601 10046 100 2097152 34379343 290146 180699 10829
0b000901 0b000a01 10368 100 2097152 34627679 46789 44264 9385
0b001f01 0b001801 10301 100 2097152 34635212 44164 44264 13135
0b000e01 0b000f01 10336 100 2097152 32126280 2554855 176759 10910
0b000801 0b000901 10358 100 2097152 34640283 45665 44264 11400
0b001401 0b001501 10319 100 2097152 34654346 44674 44264 14516
0b000001 0b000101 10351 100 2097152 33070413 1635736 176759 10832
0b000201 0b000301 10353 100 2097152 34187449 532368 176759 8898
0b000101 0b000a01 10049 100 2097152 34545888 180222 180639 8945
0b001801 0b001901 10301 100 2097152 34682386 44164 44264 13144
0b000901 0b000a01 10369 100 2097152 34688958 44350 44264 11417
0b000401 0b000501 10351 100 2097152 34557515 184458 176759 9412
0b001001 0b001101 10259 100 2097152 19146325 15599757 176759 12544
0b001001 0b001101 10260 100 2097152 19146593 15599505 176759 13024
0b001001 0b001101 10261 100 2097152 19146861 15599253 176759 13504
0b000c01 0b000d01 10324 100 2097152 26562222 8185271 176759 8892
0b000101 0b000201 10350 100 2097152 34239355 509380 176759 10833
0b000f01 0b000801 10346 100 2097152 33851145 898934 176699 9375
0b001501 0b001e01 10038 100 2097152 34702030 48677 48204 14533
0b001001 0b001101 10262 100 2097152 19179397 15582205 176759 13520
0b001901 0b001a01 10325 100 2097152 34729560 44164 44264 13161
0b000e01 0b000f01 10337 100 2097152 32247275 2537352 176759 10494
0b000e01 0b000f01 10338 100 2097152 32247315 2537316 176759 10510
0b000e01 0b000f01 10339 100 2097152 32262419 2531896 176759 8382
0b000c01 0b000501 10059 100 2097152 34604346 191711 180699 10556
0b000801 0b000901 10359 100 2097152 34753089 44677 44264 9384
0b001e01 0b001f01 10317 100 2097152 34753747 44164 44264 14558
0b000a01 0b000b01 10378 100 2097152 34729120 82788 44264 8970
0b000a01 0b000b01 10379 100 2097152 34736318 83022 44264 11434
0b000e01 0b000701 10045 100 2097152 34639881 180300 180699 11294
0b001301 0b001401 10306 100 2097152 33429303 1392009 176699 14979
0b000b01 0b000c01 10377 100 2097152 33582370 1246210 176699 10555
0b000e01 0b000f01 10340 100 2097152 32328859 2502684 176759 8398
0b000b01 0b000c01 10378 100 2097152 33630071 1204201 176699 11435
0b001f01 0b001801 10302 100 2097152 34800921 44164 44264 14575
0b000901 0b000a01 10370 100 2097152 34800776 44996 44264 9401
0b001301 0b001401 10307 100 2097152 33484219 1373705 176699 11827
0b001301 0b001401 10308 100 2097152 33484307 1373621 176699 11843
0b000a01 0b000301 10047 100 2097152 34677478 188177 180639 9402
0b000201 0b000301 10354 100 2097152 34463287 409742 176759 8914
0b000e01 0b000f01 10341 100 2097152 32420735 2454460 176759 7918
0b001401 0b001501 10320 100 2097152 34824322 60560 44264 14996
0b001801 0b001901 10302 100 2097152 34848095 44164 44264 14584
0b000b01 0b000c01 10379 100 2097152 33867566 1024994 176699 10971
0b001101 0b001a01 10035 100 2097152 34749092 180222 180639 12561
0b001301 0b001401 10309 100 2097152 33776831 1156473 176699 12707
0b001501 0b001601 10333 100 2097152 34887892 47877 44264 15013
0b000001 0b000101 10352 100 2097152 33383917 1552672 176759 8944
0b001901 0b001a01 10326 100 2097152 34895269 44478 44264 14601
0b001a01 0b001301 10043 100 2097152 34776734 180234 180639 13178
0b001401 0b001501 10321 100 2097152 34860934 109142 44264 11844
0b001401 0b001501 10322 100 2097152 34860944 109136 44264 11860
0b000101 0b000201 10351 100 2097152 34297295 683640 176759 10049
0b000301 0b000401 10348 100 2097152 34722827 258634 176759 8915
0b000301 0b000c01 10058 100 2097152 34607863 377002 180699 10051
0b001601 0b001f01 10039 100 2097152 34938809 48635 48204 15030
0b000301 0b000c01 10059 100 2097152 34614215 377338 180699 10067
0b000d01 0b000e01 10336 100 2097152 33361437 1642322 176759 10557
0b001301 0b001401 10310 100 2097152 34253871 750257 176699 11859
0b001401 0b001501 10323 100 2097152 34936314 68465 44264 12724
0b000501 0b000601 10356 100 2097152 32751689 2253776 176759 8917
0b000701 0b000001 10355 100 2097152 34823191 184796 176759 11303
0b000201 0b000301 10355 100 2097152 34751745 258232 176759 10850
0b001a01 0b001b01 10324 100 2097152 34932324 78458 44264 12586
0b001a01 0b001b01 10325 100 2097152 34942757 78436 44264 14618
0b000001 0b000101 10353 100 2097152 33553938 1477251 176759 7920
0b001f01 0b001801 10303 100 2097152 34990454 44164 44264 15055
0b000001 0b000101 10354 100 2097152 33562577 1472136 176759 10048
0b000a01 0b000301 10048 100 2097152 34848782 198806 180639 9418
0b000001 0b000101 10355 100 2097152 33616705 1433940 176759 11296
0b001401 0b001501 10324 100 2097152 35007138 46191 44264 11876
0b000f01 0b000001 10045 100 2097152 34878235 180300 180699 7935
0b000001 0b000101 10356 100 2097152 33699983 1372594 176759 10064
0b001801 0b001901 10303 100 2097152 35037628 44164 44264 15064
0b000c01 0b000d01 10325 100 2097152 26750662 8338051 176759 9388
0b001b01 0b001c01 10323 100 2097152 35013792 78478 44264 12603
0b000101 0b000201 10352 100 2097152 34365315 728228 176759 10513
0b001b01 0b001c01 10324 100 2097152 35024203 78456 44264 14635
0b001501 0b001601 10334 100 2097152 34973086 131097 44264 11861
0b001501 0b001601 10335 100 2097152 34973096 131091 44264 11877
0b000101 0b000a01 10050 100 2097152 34939599 180222 180639 8961
0b000f01 0b000801 10347 100 2097152 34122469 1005306 176699 9967
0b001901 0b001a01 10327 100 2097152 35084802 44164 44264 15081
0b001201 0b001301 10297 100 2097152 34263258 872940 176759 13522
0b001201 0b001301 10298 100 2097152 34263346 873148 176759 14002
0b001201 0b001301 10299 100 2097152 34263518 873256 176759 14978
0b001501 0b001601 10336 100 2097152 35007789 130993 44264 12741
0b001501 0b001601 10337 100 2097152 35056369 98629 44264 11893
0b000a01 0b000b01 10380 100 2097152 35122831 44664 44264 8986
0b000401 0b000501 10352 100 2097152 34984471 184854 176759 8932
0b001c01 0b001d01 10321 100 2097152 35095280 78498 44264 12620
0b000801 0b000901 10360 100 2097152 35130785 44669 44264 9976
0b001a01 0b001b01 10326 100 2097152 35131976 44164 44264 15098
0b001001 0b001101 10263 100 2097152 19526421 15654157 176759 14000
0b000e01 0b000f01 10342 100 2097152 33100287 2081696 176759 8894
0b000c01 0b000d01 10326 100 2097152 26806782 8376723 176759 10828
0b001201 0b001301 10300 100 2097152 34331678 852592 176759 14498
0b001201 0b001301 10301 100 2097152 34331766 852508 176759 14018
0b001c01 0b001d01 10322 100 2097152 35105669 78712 44264 14652
0b000101 0b000201 10353 100 2097152 34436255 781028 176759 9425
0b001d01 0b001e01 10319 100 2097152 35176788 44498 44264 12637
0b000901 0b000a01 10371 100 2097152 35178464 44164 44264 9993
0b001b01 0b001c01 10325 100 2097152 35179150 44389 44264 15115
0b000b01 0b000c01 10380 100 2097152 34814918 423940 176699 8987
0b000d01 0b000e01 10337 100 2097152 33554451 1685452 176759 11293
0b000b01 0b000c01 10381 100 2097152 34822350 422173 176699 11451
0b001601 0b001701 10347 100 2097152 35107223 140209 44264 11878
0b001601 0b001701 10348 100 2097152 35107263 140236 44264 11894
0b000d01 0b000e01 10338 100 2097152 33563171 1685972 176759 7933
0b001d01 0b001601 10046 100 2097152 35187391 62252 48204 14669
0b000e01 0b000f01 10343 100 2097152 33265379 1990560 176759 7934
0b001001 0b001101 10264 100 2097152 19591677 15667597 176759 13536
0b000601 0b000701 10352 100 2097152 34236731 1024817 176759 9398
0b000201 0b000301 10356 100 2097152 34983945 282584 176759 10066
0b001e01 0b001f01 10318 100 2097152 35224326 44164 44264 12654
0b000a01 0b000b01 10381 100 2097152 35225638 44649 44264 10010
0b001c01 0b001d01 10323 100 2097152 35226549 44164 44264 15132
0b001301 0b001401 10311 100 2097152 34959978 321080 176699 13187
0b000501 0b000601 10357 100 2097152 32999653 2286622 176759 8453
0b001601 0b001701 10349 100 2097152 35141822 152490 44264 12758
0b001601 0b001701 10350 100 2097152 35158038 146778 44264 11910
0b001f01 0b001801 10304 100 2097152 35271500 44164 44264 12671
0b001d01 0b001e01 10320 100 2097152 35273723 44164 44264 15149
0b001301 0b001c01 10036 100 2097152 35139208 180240 180639 13539
0b001401 0b001501 10325 100 2097152 35284068 44694 44264 13204
0b001601 0b001701 10351 100 2097152 35252683 77418 44264 14678
0b000d01 0b000e01 10339 100 2097152 33678007 1663540 176759 11309
0b001001 0b001101 10265 100 2097152 19651392 15694561 176759 11824
0b001801 0b001901 10304 100 2097152 35318674 44164 44264 12680
0b000201 0b000301 10357 100 2097152 35096553 269772 176759 10530
0b001c01 0b001d01 10324 100 2097152 35322458 44164 44264 13564
0b000d01 0b000601 10047 100 2097152 35186515 181960 180699 10845
0b001501 0b001601 10338 100 2097152 35331772 44164 44264 13221
0b001701 0b001801 10053 100 2097152 35250442 131878 48204 11895
0b001701 0b001801 10054 100 2097152 35250509 132908 48204 11911
0b000001 0b000101 10357 100 2097152 34647995 739641 176759 10512
0b000201 0b000b01 10050 100 2097152 35220293 180222 180639 9442
0b000b01 0b000c01 10382 100 2097152 35170505 241483 176699 9003
0b001e01 0b001701 10047 100 2097152 35320927 91819 48204 15166
0b001d01 0b001e01 10321 100 2097152 35369632 44164 44264 13581
0b000501 0b000601 10358 100 2097152 33127005 2289702 176759 9397
0b001601 0b001701 10352 100 2097152 35378976 44665 44264 13238
0b000d01 0b000e01 10340 100 2097152 33794341 1630650 176759 9949
0b000e01 0b000f01 10344 100 2097152 33652081 1780070 176759 9390
0b000c01 0b000d01 10327 100 2097152 26983478 8452787 176759 10844
0b001701 0b001801 10055 100 2097152 35307826 131568 48204 11927
0b000701 0b000001 10356 100 2097152 35264558 184881 176759 9415
0b000b01 0b000401 10056 100 2097152 35273297 180234 180639 10027
0b001e01 0b001f01 10319 100 2097152 35416836 44164 44264 13598
0b000f01 0b000801 10348 100 2097152 34313521 1148446 176699 8895
0b000c01 0b000d01 10328 100 2097152 27016718 8446643 176759 7932
0b000f01 0b000001 10046 100 2097152 35258949 208674 180699 7951
0b000e01 0b000f01 10345 100 2097152 33734117 1736050 176759 8414
0b000d01 0b000e01 10341 100 2097152 33894281 1587754 176759 8413
0b001801 0b001901 10305 100 2097152 35385330 104307 44264 11912
0b001801 0b001901 10306 100 2097152 35386427 105604 44264 11928
0b000101 0b000201 10354 100 2097152 34709159 788732 176759 10849
0b000e01 0b000701 10046 100 2097152 35242913 256679 180699 11310
0b000801 0b000901 10361 100 2097152 35464977 44673 44264 8904
0b001f01 0b001801 10305 100 2097152 35464010 46180 44264 13615
0b000501 0b000601 10359 100 2097152 33241746 2283933 176759 10517
0b001801 0b001901 10307 100 2097152 35442404 84353 44264 11944
0b001001 0b001101 10266 100 2097152 19795906 15734283 176759 14016
0b001901 0b001201 10043 100 2097152 35365848 180234 180639 12697
0b000001 0b000101 10358 100 2097152 35011027 536861 176759 11312
0b000301 0b000401 10349 100 2097152 34868665 685350 176759 9411
0b001801 0b001901 10308 100 2097152 35513200 52963 44264 13624
0b000301 0b000401 10350 100 2097152 34876039 692412 176759 8931
0b000b01 0b000c01 10383 100 2097152 35403525 192967 176699 9467
0b000c01 0b000d01 10329 100 2097152 27116170 8480459 176759 8908
0b000e01 0b000701 10047 100 2097152 35344557 256701 180699 11326
0b000e01 0b000f01 10346 100 2097152 34049001 1558646 176759 10526
0b000001 0b000101 10359 100 2097152 35061545 551291 176759 7936
0b000d01 0b000601 10048 100 2097152 35439275 180300 180699 10861
0b001901 0b001a01 10328 100 2097152 35492647 127100 44264 11929
0b001901 0b001a01 10329 100 2097152 35495041 131685 44264 11945
0b001001 0b001101 10267 100 2097152 19894337 15752040 176759 13552
0b000d01 0b000e01 10342 100 2097152 34208957 1451170 176759 8893
0b001901 0b001a01 10330 100 2097152 35529767 131613 44264 11961
0b001901 0b001a01 10331 100 2097152 35569173 105365 44264 13641
0b000201 0b000301 10358 100 2097152 35500901 184816 176759 10866
0b000901 0b000201 10047 100 2097152 35512660 180234 180639 8921
0b000601 0b000701 10353 100 2097152 34318407 1374889 176759 10502
0b000c01 0b000d01 10330 100 2097152 27186840 8516963 176759 8412
0b000501 0b000601 10360 100 2097152 33489755 2224428 176759 8933
0b000501 0b000601 10361 100 2097152 33504468 2218955 176759 10533
0b000301 0b000401 10351 100 2097152 35012987 718343 176759 10867
0b001201 0b001301 10302 100 2097152 35549092 184754 176759 12706
0b001a01 0b001b01 10327 100 2097152 35622757 121388 44264 11946
0b001a01 0b001b01 10328 100 2097152 35629736 135161 44264 11962
0b000301 0b000401 10352 100 2097152 35050598 718224 176759 9427
0b000601 0b000701 10354 100 2097152 34337089 1432627 176759 10054
0b000601 0b000701 10355 100 2097152 34338321 1435975 176759 10518
0b001701 0b001001 10348 100 2097152 35297322 501067 176699 12775
0b001a01 0b001b01 10329 100 2097152 35664390 135052 44264 11978
0b001a01 0b001b01 10330 100 2097152 35677548 126317 44264 13658
0b000d01 0b000e01 10343 100 2097152 34466351 1343436 176759 9389
0b000c01 0b000d01 10331 100 2097152 27240949 8576846 176759 9948
0b001b01 0b001c01 10326 100 2097152 35747155 78731 44264 11963
0b000701 0b000001 10357 100 2097152 35502602 326357 176759 11319
0b000401 0b000501 10353 100 2097152 35456541 384260 176759 10036
0b000e01 0b000f01 10347 100 2097152 34574581 1277918 176759 10542
0b001b01 0b001401 10044 100 2097152 35806875 48108 48204 13675
0b000e01 0b000f01 10348 100 2097152 34585229 1272554 176759 10558
0b000501 0b000601 10362 100 2097152 33755917 2104278 176759 7989
0b001b01 0b001c01 10327 100 2097152 35767907 99259 44264 11979
0b000501 0b000601 10363 100 2097152 33773844 2094275 176759 10549
0b000201 0b000301 10359 100 2097152 35695904 184901 176759 8930
0b001c01 0b001d01 10325 100 2097152 35828896 53462 44264 11980
0b001b01 0b001c01 10328 100 2097152 35802452 81947 44264 11995
0b001301 0b001401 10312 100 2097152 35139504 748812 176699 14019
0b001301 0b001401 10313 100 2097152 35139784 748873 176699 14995
0b001401 0b001501 10326 100 2097152 35857993 55599 44264 13684
0b001c01 0b001d01 10326 100 2097152 35870176 51019 44264 11996
0b000001 0b000101 10360 100 2097152 35452449 472183 176759 9424
0b001d01 0b001e01 10322 100 2097152 35885368 45794 44264 11997
0b001301 0b001401 10314 100 2097152 35187280 747012 176699 14515
0b001301 0b001401 10315 100 2097152 35187284 747027 176699 14035
0b000001 0b000101 10361 100 2097152 35470633 466591 176759 7952
0b001401 0b001d01 10037 100 2097152 35891326 48108 48204 14036
0b001701 0b001001 10349 100 2097152 35333111 606850 176699 14695
0b000f01 0b000801 10349 100 2097152 34561685 1387090 176699 9391
0b000301 0b000401 10353 100 2097152 35369335 579492 176759 10547
0b000101 0b000201 10355 100 2097152 35034199 920020 176759 7937
0b000101 0b000201 10356 100 2097152 35037753 920322 176759 10065
0b001401 0b001501 10327 100 2097152 35891667 66790 44264 15012
0b000501 0b000601 10364 100 2097152 34006593 1954110 176759 11365
0b001001 0b001101 10268 100 2097152 20086385 15878000 176759 14496
0b001501 0b001601 10339 100 2097152 35916602 49115 44264 13701
0b000101 0b000201 10357 100 2097152 35053685 922474 176759 11313
0b001401 0b001d01 10038 100 2097152 35937321 48108 48204 14052
0b001d01 0b001e01 10323 100 2097152 35942444 44164 44264 14061
0b001401 0b001501 10328 100 2097152 35937302 57066 44264 14532
0b000801 0b000901 10362 100 2097152 35951815 44679 44264 9400
0b000d01 0b000e01 10344 100 2097152 34750503 1249168 176759 8909
0b001501 0b001601 10340 100 2097152 35961497 47485 44264 15029
0b001601 0b001701 10353 100 2097152 35968757 46056 44264 13718
0b001701 0b001001 10350 100 2097152 35415756 613241 176699 15175
0b000501 0b000601 10365 100 2097152 34222245 1808862 176759 8469
0b001d01 0b001e01 10324 100 2097152 35988439 46123 44264 14077
0b001701 0b001001 10351 100 2097152 35426651 607954 176699 13255
0b001e01 0b001f01 10320 100 2097152 35989648 46208 44264 14078
0b000901 0b000a01 10372 100 2097152 35999504 44164 44264 9417
0b001501 0b001e01 10039 100 2097152 35997408 60207 48204 14549
0b001301 0b001401 10316 100 2097152 35736856 327994 176699 12723
0b001001 0b001101 10269 100 2097152 20129729 15939984 176759 14032
0b001601 0b001f01 10040 100 2097152 36012022 64235 48204 15046
0b001f01 0b001801 10306 100 2097152 36038866 54380 44264 14095
0b000001 0b000101 10362 100 2097152 35831969 265495 176759 11328
0b001e01 0b001f01 10321 100 2097152 36037602 68075 44264 14094
0b001401 0b001501 10329 100 2097152 36067860 44164 44264 12740
0b000301 0b000401 10354 100 2097152 35688727 424668 176759 10883
0b000501 0b000601 10366 100 2097152 34517913 1606210 176759 9413
0b001e01 0b001f01 10322 100 2097152 36060655 69094 44264 14574
0b001801 0b001901 10309 100 2097152 36096256 46862 44264 14104
0b000601 0b000f01 10051 100 2097152 35963713 182211 180699 11382
0b001501 0b001601 10341 100 2097152 36115064 44164 44264 12757
0b001f01 0b001801 10307 100 2097152 36079267 83857 44264 15071
0b000501 0b000601 10367 100 2097152 34744983 1438544 176759 9429
0b001001 0b001101 10270 100 2097152 20191689 15998004 176759 13568
0b001901 0b001a01 10332 100 2097152 36146128 45316 44264 14121
0b000301 0b000401 10355 100 2097152 35883815 311076 176759 8947
0b001101 0b001201 10288 100 2097152 34522100 1679816 176759 14977
0b000d01 0b000e01 10345 100 2097152 35091723 1112656 176759 9405
0b001001 0b001101 10271 100 2097152 20227117 15977720 176759 14992
0b001001 0b001101 10272 100 2097152 20232557 15972284 176759 14512
0b001001 0b001101 10273 100 2097152 20238165 15966680 176759 14048
0b001001 0b001101 10274 100 2097152 20243857 15960992 176759 13584
0b001601 0b001701 10354 100 2097152 36162268 44664 44264 12774
0b001f01 0b001801 10308 100 2097152 36108687 101527 44264 14111
0b001001 0b001101 10275 100 2097152 20249465 15962692 176759 14528
0b001801 0b001901 10310 100 2097152 36166134 48957 44264 15080
0b000f01 0b000801 10350 100 2097152 34684175 1534060 176699 10927
0b001701 0b001001 10352 100 2097152 36017823 201702 176699 13735
0b001f01 0b001801 10309 100 2097152 36132759 89495 44264 14591
0b000a01 0b000301 10049 100 2097152 36046678 180234 180639 9434
0b000701 0b000001 10358 100 2097152 35604268 631187 176759 11335
0b001a01 0b001b01 10331 100 2097152 36194454 45148 44264 14138
0b001001 0b001101 10276 100 2097152 20291229 15949896 176759 15008
0b001001 0b001101 10277 100 2097152 20297089 15944040 176759 14064
0b000501 0b000601 10368 100 2097152 35172335 1088824 176759 8949
0b000801 0b000901 10363 100 2097152 36221275 44690 44264 10936
0b001901 0b001a01 10333 100 2097152 36218101 48193 44264 15097
0b000401 0b000501 10354 100 2097152 35557025 728215 176759 9428
0b001b01 0b001c01 10329 100 2097152 36242612 45821 44264 14155
0b001801 0b001901 10311 100 2097152 36213224 78914 44264 14120
0b001801 0b001901 10312 100 2097152 36225264 78786 44264 14600
0b000201 0b000301 10360 100 2097152 35957229 353956 176759 7954
0b001001 0b001101 10278 100 2097152 20384560 15927225 176759 11840
0b000901 0b000a01 10373 100 2097152 36268975 44164 44264 10953
0b001a01 0b001b01 10332 100 2097152 36269304 45537 44264 15114
0b000401 0b000501 10355 100 2097152 35571461 749947 176759 8948
0b000201 0b000301 10361 100 2097152 35979169 353932 176759 11330
0b001c01 0b001501 10045 100 2097152 36291443 48108 48204 14172
0b000e01 0b000f01 10349 100 2097152 35252153 1089406 176759 7950
0b000c01 0b000d01 10332 100 2097152 27525846 8821709 176759 7948
0b000a01 0b000b01 10382 100 2097152 36316149 44164 44264 10970
0b001b01 0b001c01 10330 100 2097152 36317851 44164 44264 15131
0b001901 0b001a01 10334 100 2097152 36295148 77625 44264 14137
0b000701 0b000001 10359 100 2097152 35696306 677393 176759 10519
0b000501 0b000601 10369 100 2097152 35843811 536944 176759 10053
0b001901 0b001a01 10335 100 2097152 36307060 77577 44264 14617
0b001501 0b001601 10342 100 2097152 36342561 44164 44264 14181
0b001201 0b001301 10303 100 2097152 36204926 184780 176759 14994
0b000101 0b000201 10358 100 2097152 35390676 1004703 176759 10529
0b001701 0b001001 10353 100 2097152 36209942 194294 176699 12791
0b001c01 0b001d01 10327 100 2097152 36365025 44164 44264 15148
0b000701 0b000001 10360 100 2097152 35772726 651841 176759 10071
0b000701 0b000001 10361 100 2097152 35777306 648409 176759 10535
0b001601 0b001701 10355 100 2097152 36389765 44326 44264 14198
0b000d01 0b000e01 10346 100 2097152 35466371 969856 176759 7949
0b000f01 0b000801 10351 100 2097152 34787667 1656748 176699 10511
0b000f01 0b000801 10352 100 2097152 34787707 1656796 176699 10527
0b001a01 0b001b01 10333 100 2097152 36375783 77159 44264 14154
0b001d01 0b001e01 10325 100 2097152 36412199 44164 44264 15165
0b000f01 0b000801 10353 100 2097152 34797355 1659824 176699 8399
0b001a01 0b001b01 10334 100 2097152 36387647 77136 44264 14634
0b000001 0b000101 10363 100 2097152 36238465 251480 176759 11344
0b001101 0b001201 10289 100 2097152 34652688 1837920 176759 14497
0b001101 0b001201 10290 100 2097152 34652704 1837908 176759 14993
0b000f01 0b000801 10354 100 2097152 34834583 1659560 176699 8415
0b001e01 0b001701 10048 100 2097152 36459403 48639 48204 15182
0b000c01 0b000d01 10333 100 2097152 27621634 8894129 176759 11308
0b000f01 0b000001 10047 100 2097152 36344569 180300 180699 7967
0b000e01 0b000f01 10350 100 2097152 35428001 1101734 176759 9966
0b001b01 0b001c01 10331 100 2097152 36455952 77178 44264 14171
0b000801 0b000901 10364 100 2097152 36447455 89130 44264 10520
0b000801 0b000901 10365 100 2097152 36447543 89131 44264 10536
0b000d01 0b000e01 10347 100 2097152 35599669 941910 176759 8925
0b000401 0b000501 10356 100 2097152 35734340 807616 176759 10884
0b001b01 0b001c01 10332 100 2097152 36467793 76765 44264 14651
0b000b01 0b000c01 10384 100 2097152 36363323 183853 176699 10987
0b000601 0b000701 10356 100 2097152 34577029 1972523 176759 8454
0b000401 0b000501 10357 100 2097152 35771832 798112 176759 9444
0b001301 0b001401 10317 100 2097152 36392716 179888 176699 15011
0b001c01 0b001501 10046 100 2097152 36536140 48503 48204 14188
0b000201 0b000301 10362 100 2097152 36398389 187980 176759 10546
0b001c01 0b001d01 10328 100 2097152 36547568 44164 44264 14668
0b000e01 0b000f01 10351 100 2097152 35485045 1112826 176759 8430
0b000101 0b000201 10359 100 2097152 35550928 1048475 176759 11329
0b000301 0b000401 10356 100 2097152 36229922 374129 176759 9443
0b000d01 0b000e01 10348 100 2097152 35706813 908974 176759 8429
0b001401 0b001501 10330 100 2097152 36575644 45636 44264 15028
0b000901 0b000a01 10374 100 2097152 36539595 88117 44264 10537
0b000901 0b000a01 10375 100 2097152 36539684 88116 44264 10553
0b001501 0b001601 10343 100 2097152 36587653 54640 44264 14197
0b000601 0b000701 10357 100 2097152 34606203 2042173 176759 10822
0b000c01 0b000d01 10334 100 2097152 27740090 8916607 176759 8428
0b001d01 0b001601 10047 100 2097152 36594742 62245 48204 14685
0b000101 0b000201 10360 100 2097152 35615876 1048147 176759 7953
0b000601 0b000701 10358 100 2097152 34614587 2056321 176759 7990
0b000a01 0b000b01 10383 100 2097152 36630722 44164 44264 10554
0b000d01 0b000e01 10349 100 2097152 35820805 857354 176759 9965
0b001501 0b001601 10344 100 2097152 36624290 54560 44264 15045
0b001701 0b001001 10354 100 2097152 36437101 280510 176699 14215
0b001601 0b001701 10356 100 2097152 36645333 76198 44264 14214
0b000501 0b000e01 10051 100 2097152 36544966 182159 180699 10901
0b001601 0b001f01 10041 100 2097152 36681890 48653 48204 15062
0b001601 0b001701 10357 100 2097152 36660027 75665 44264 14694
0b000501 0b000601 10370 100 2097152 36288250 448417 176759 9445
0b001101 0b001201 10291 100 2097152 34749108 2002180 176759 13041
0b001101 0b001201 10292 100 2097152 34749124 2002168 176759 13521
0b000801 0b000101 10045 100 2097152 36460219 303882 180639 8408
0b000301 0b000401 10357 100 2097152 36314195 458296 176759 7971
0b000501 0b000601 10371 100 2097152 36324418 448333 176759 8965
0b001f01 0b001801 10310 100 2097152 36733553 44164 44264 15087
0b000301 0b000401 10358 100 2097152 36336111 447560 176759 11347
0b001101 0b001201 10293 100 2097152 34764612 2021092 176759 13537
0b000601 0b000701 10359 100 2097152 34672499 2125517 176759 10838
0b000401 0b000501 10358 100 2097152 36116405 685684 176759 10900
0b000801 0b000101 10046 100 2097152 36497153 319464 180639 8424
0b001801 0b001901 10313 100 2097152 36780727 44164 44264 15096
0b000f01 0b000801 10355 100 2097152 35184993 1645698 176699 8911
0b000701 0b000001 10362 100 2097152 36552562 281605 176759 8471
0b000e01 0b000f01 10352 100 2097152 35663137 1180662 176759 8910
0b000701 0b000801 10050 100 2097152 36673918 180242 180639 8007
0b000401 0b000501 10359 100 2097152 36197901 669536 176759 8964
0b001901 0b001a01 10336 100 2097152 36827901 44164 44264 15113
0b000001 0b000101 10364 100 2097152 36376709 506283 176759 10528
0b000801 0b000901 10366 100 2097152 36833701 65784 44264 8920
0b000501 0b000601 10372 100 2097152 36572954 329205 176759 9461
0b000201 0b000301 10363 100 2097152 36602413 306968 176759 11346
0b000101 0b000201 10361 100 2097152 35927672 984351 176759 9441
0b001a01 0b001b01 10335 100 2097152 36875075 44164 44264 15130
0b000801 0b000901 10367 100 2097152 36857170 65748 44264 8024
0b000101 0b000201 10362 100 2097152 35940264 983295 176759 7969
0b001701 0b001001 10355 100 2097152 36511052 418433 176699 15191
0b001201 0b001b01 10036 100 2097152 36754298 180222 180639 13058
0b000001 0b000101 10365 100 2097152 36428725 506367 176759 10544
0b001201 0b001301 10304 100 2097152 36493618 466296 176759 14514
0b001201 0b001301 10305 100 2097152 36493622 466296 176759 15010
0b000901 0b000a01 10376 100 2097152 36925928 44164 44264 8041
0b000001 0b000101 10366 100 2097152 36527879 449017 176759 7968
0b000501 0b000e01 10052 100 2097152 36805099 180300 180699 10917
0b001b01 0b001c01 10333 100 2097152 36922249 72892 44264 15147
0b000d01 0b000e01 10350 100 2097152 36350565 659982 176759 7965
0b001b01 0b001c01 10334 100 2097152 36937560 73456 44264 13083
0b000a01 0b000b01 10384 100 2097152 36973102 44164 44264 8058
0b000001 0b000901 10050 100 2097152 36837177 180222 180639 8480
0b000201 0b000301 10364 100 2097152 36667033 353776 176759 7970
0b000701 0b000001 10363 100 2097152 36651386 380257 176759 10839
0b000e01 0b000f01 10353 100 2097152 35812797 1238460 176759 9406
0b000901 0b000a01 10377 100 2097152 37020409 44164 44264 8505
0b001c01 0b001d01 10329 100 2097152 36998181 73496 44264 15164
0b000501 0b000601 10373 100 2097152 36870447 210928 176759 8981
0b000f01 0b000801 10356 100 2097152 35435191 1648176 176699 9407
0b001c01 0b001d01 10330 100 2097152 37014056 73467 44264 13100
0b000901 0b000201 10048 100 2097152 36902495 187343 180639 8937
0b000101 0b000201 10363 100 2097152 36100504 993071 176759 11345
0b001001 0b001101 10279 100 2097152 21148164 15949636 176759 14544
0b000201 0b000b01 10051 100 2097152 36915033 188118 180639 9458
0b000701 0b000001 10364 100 2097152 36801026 306933 176759 10855
0b000a01 0b000b01 10385 100 2097152 37067583 44664 44264 8522
0b000f01 0b000801 10357 100 2097152 35473177 1646486 176699 8431
0b000801 0b000901 10368 100 2097152 37086377 44681 44264 9416
0b000d01 0b000e01 10351 100 2097152 36518773 621386 176759 11325
0b001d01 0b001e01 10326 100 2097152 37074687 73539 44264 15181
0b001d01 0b001e01 10327 100 2097152 37090533 72943 44264 13117
0b001001 0b001101 10280 100 2097152 21180009 15988703 176759 14560
0b001701 0b001001 10356 100 2097152 36724541 444212 176699 14231
0b000301 0b000401 10359 100 2097152 36912391 258172 176759 11363
0b001701 0b001001 10357 100 2097152 36738702 435659 176699 14711
0b000901 0b000a01 10378 100 2097152 37134068 44164 44264 9433
0b000401 0b000501 10360 100 2097152 36607061 577016 176759 9460
0b000c01 0b000d01 10335 100 2097152 28101626 9082561 176759 11324
0b001e01 0b001f01 10323 100 2097152 37166516 44164 44264 13134
0b001e01 0b001701 10049 100 2097152 37151266 62241 48204 15198
0b001201 0b001301 10306 100 2097152 36754302 466360 176759 13538
0b000f01 0b000801 10358 100 2097152 35610657 1618014 176699 10543
0b001201 0b001301 10307 100 2097152 36788714 443392 176759 13554
0b001f01 0b001801 10311 100 2097152 37213690 44164 44264 13151
0b000d01 0b000e01 10352 100 2097152 36659707 613588 176759 8445
0b000801 0b000901 10369 100 2097152 37231681 44670 44264 10552
0b000301 0b000401 10360 100 2097152 37023819 258256 176759 7987
0b000201 0b000301 10365 100 2097152 36926569 359364 176759 7986
0b000801 0b000101 10047 100 2097152 37122673 180234 180639 8440
0b001801 0b001901 10314 100 2097152 37260864 44164 44264 13160
0b000e01 0b000701 10048 100 2097152 37143169 181912 180699 11342
0b000001 0b000101 10367 100 2097152 37034653 292432 176759 10848
0b001301 0b001401 10318 100 2097152 36962924 364662 176699 14531
0b001301 0b001401 10319 100 2097152 36962928 364669 176699 15027
0b001001 0b001101 10281 100 2097152 21263653 16066323 176759 15024
0b000c01 0b000d01 10336 100 2097152 28222926 9113625 176759 9404
0b001901 0b001a01 10337 100 2097152 37308038 44164 44264 13177
0b000a01 0b000301 10050 100 2097152 37181242 180234 180639 9450
0b000b01 0b000c01 10385 100 2097152 37020276 344044 176699 8075
0b000401 0b000501 10361 100 2097152 36775501 597976 176759 7988
0b000501 0b000601 10374 100 2097152 37187087 187472 176759 9477
0b000f01 0b000801 10359 100 2097152 35855509 1523646 176699 10559
0b000401 0b000501 10362 100 2097152 36786681 595164 176759 11364
0b000e01 0b000f01 10354 100 2097152 36002681 1380534 176759 8926
0b001701 0b001001 10358 100 2097152 37216517 183896 176699 15207
0b001001 0b001101 10282 100 2097152 21302969 16097743 176759 15040
0b000001 0b000101 10368 100 2097152 37110969 292588 176759 10864
0b001401 0b001501 10331 100 2097152 37330626 88201 44264 14548
0b001401 0b001501 10332 100 2097152 37330637 88194 44264 15044
0b001501 0b001601 10345 100 2097152 37421841 44164 44264 15061
0b001501 0b001e01 10040 100 2097152 37421837 48108 48204 14565
0b000101 0b000201 10364 100 2097152 36492985 1010074 176759 11361
0b000701 0b000001 10365 100 2097152 37328091 185032 176759 11351
0b000601 0b000701 10360 100 2097152 35008475 2504826 176759 8934
0b001e01 0b001f01 10324 100 2097152 37472985 44164 44264 14590
0b001601 0b001f01 10042 100 2097152 37469045 48108 48204 15078
0b000201 0b000301 10366 100 2097152 37092848 449553 176759 8946
0b001a01 0b001301 10044 100 2097152 37355212 187989 180639 13194
0b000201 0b000301 10367 100 2097152 37096585 449516 176759 11362
0b000f01 0b000801 10360 100 2097152 36148934 1400325 176699 11407
0b000b01 0b000c01 10386 100 2097152 37106161 461743 176699 9483
0b000b01 0b000c01 10387 100 2097152 37115257 458255 176699 8539
0b001301 0b001c01 10037 100 2097152 37223672 353338 180639 13555
0b001301 0b001c01 10038 100 2097152 37235116 353334 180639 13571
0b000801 0b000901 10370 100 2097152 37552269 44670 44264 11416
0b001f01 0b001801 10312 100 2097152 37520159 88201 44264 14607
0b001f01 0b001801 10313 100 2097152 37520163 88201 44264 15103
0b000301 0b000401 10361 100 2097152 37288943 329780 176759 8003
0b000c01 0b000d01 10337 100 2097152 28498287 9129846 176759 9964
0b000401 0b000501 10363 100 2097152 37173573 457864 176759 11380
0b001001 0b001101 10283 100 2097152 21397806 16236836 176759 15056
0b000901 0b000a01 10379 100 2097152 37599949 44164 44264 11433
0b001c01 0b001d01 10331 100 2097152 37580050 76777 44264 13580
0b001c01 0b001d01 10332 100 2097152 37591490 77156 44264 13596
0b001001 0b001101 10284 100 2097152 21439513 16237833 176759 15072
0b000e01 0b000f01 10355 100 2097152 36207389 1482976 176759 9422
0b000a01 0b000b01 10386 100 2097152 37647123 44164 44264 11450
0b001801 0b001901 10315 100 2097152 37611370 88201 44264 14616
0b001801 0b001901 10316 100 2097152 37611374 88201 44264 15112
0b000001 0b000101 10369 100 2097152 37516133 184868 176759 11360
0b000701 0b000001 10366 100 2097152 37516311 184812 176759 8951
0b000401 0b000501 10364 100 2097152 37285085 419572 176759 8004
0b000201 0b000301 10368 100 2097152 37506069 214180 176759 11378
0b001301 0b001401 10320 100 2097152 37546211 176278 176699 13203
0b001d01 0b001e01 10328 100 2097152 37659837 77198 44264 13597
0b000c01 0b000d01 10338 100 2097152 28574842 9168854 176759 11340
0b000d01 0b000e01 10353 100 2097152 37187197 558614 176759 11341
0b001001 0b001101 10285 100 2097152 21513737 16233845 176759 12560
0b001001 0b001101 10286 100 2097152 21513741 16233845 176759 13040
0b001d01 0b001e01 10329 100 2097152 37671656 77162 44264 13613
0b001001 0b001101 10287 100 2097152 21514793 16239661 176759 14576
0b001401 0b001501 10333 100 2097152 37725499 44164 44264 13220
0b000f01 0b000801 10361 100 2097152 36532745 1240590 176699 9983
0b001001 0b001101 10288 100 2097152 21540033 16234753 176759 13600
0b001001 0b001101 10289 100 2097152 21545725 16235753 176759 14080
0b001901 0b001a01 10338 100 2097152 37702581 88201 44264 14633
0b001901 0b001a01 10339 100 2097152 37702585 88201 44264 15129
0b001101 0b001201 10294 100 2097152 35183588 2616076 176759 14017
0b001501 0b001601 10346 100 2097152 37772673 44164 44264 13237
0b001e01 0b001f01 10325 100 2097152 37740075 77216 44264 13614
0b000501 0b000601 10375 100 2097152 37376487 442128 176759 8005
0b001001 0b001101 10290 100 2097152 21585118 16235880 176759 11856
0b000801 0b000901 10371 100 2097152 37776345 44671 44264 9992
0b000f01 0b000801 10362 100 2097152 36600881 1220858 176699 8447
0b001e01 0b001f01 10326 100 2097152 37751858 77208 44264 13630
0b000501 0b000601 10376 100 2097152 37384855 458580 176759 11381
0b000401 0b000501 10365 100 2097152 37621733 234948 176759 8020
0b001601 0b001701 10358 100 2097152 37819877 44164 44264 13254
0b000901 0b000a01 10380 100 2097152 37824026 44164 44264 10009
0b000b01 0b000c01 10388 100 2097152 37694297 184005 176699 11467
0b001a01 0b001b01 10336 100 2097152 37793792 88201 44264 14650
0b001a01 0b001b01 10337 100 2097152 37793796 88201 44264 15146
0b000301 0b000401 10362 100 2097152 37364486 519485 176759 9459
0b000001 0b000101 10370 100 2097152 37704133 184780 176759 8960
0b000d01 0b000e01 10354 100 2097152 37339561 557534 176759 9421
0b001f01 0b001801 10314 100 2097152 37820301 77238 44264 13631
0b001f01 0b001801 10315 100 2097152 37832076 77216 44264 13647
0b000a01 0b000b01 10387 100 2097152 37871200 44244 44264 10026
0b000101 0b000201 10365 100 2097152 36767111 1153048 176759 8417
0b000e01 0b000701 10049 100 2097152 37748821 180300 180699 11358
0b001101 0b001a01 10036 100 2097152 37750592 180223 180639 12577
0b000f01 0b000801 10363 100 2097152 36846809 1100282 176699 8927
0b001b01 0b001c01 10335 100 2097152 37885003 91955 44264 14667
0b001b01 0b001c01 10336 100 2097152 37885007 91952 44264 15163
0b001801 0b001901 10317 100 2097152 37900549 77258 44264 13640
0b001a01 0b001b01 10338 100 2097152 37933855 46037 44264 12602
0b000e01 0b000f01 10356 100 2097152 36439237 1543240 176759 7966
0b001201 0b001301 10308 100 2097152 37802674 184760 176759 14034
0b001801 0b001901 10318 100 2097152 37912302 77236 44264 13656
0b000101 0b000201 10366 100 2097152 36819627 1174100 176759 8433
0b000801 0b000901 10372 100 2097152 37950101 44670 44264 8936
0b000801 0b000101 10048 100 2097152 37824749 184712 180639 8456
0b001101 0b001201 10295 100 2097152 35262284 2761628 176759 13553
0b000f01 0b000801 10364 100 2097152 37054267 971816 176699 9423
0b000601 0b000f01 10052 100 2097152 37846445 181917 180699 11398
0b001b01 0b001c01 10337 100 2097152 37982902 46180 44264 12619
0b001001 0b001101 10291 100 2097152 21781998 16258192 176759 11872
0b001001 0b001101 10292 100 2097152 21783801 16256393 176759 13616
0b001701 0b001001 10359 100 2097152 37867051 183874 176699 13271
0b001901 0b001a01 10340 100 2097152 37980817 77278 44264 13657
0b001001 0b001101 10293 100 2097152 21825229 16235265 176759 14096
0b000101 0b000201 10367 100 2097152 36886002 1180425 176759 10545
0b001901 0b001a01 10341 100 2097152 37992548 77242 44264 13673
0b000801 0b000901 10373 100 2097152 38029093 44688 44264 9432
0b000101 0b000a01 10051 100 2097152 37891923 185528 180639 8977
0b000401 0b000501 10366 100 2097152 37886981 192896 176759 9476
0b001c01 0b001d01 10333 100 2097152 37979998 109325 44264 14684
0b001c01 0b001d01 10334 100 2097152 37979999 109328 44264 15180
0b000b01 0b000401 10057 100 2097152 37918454 180234 180639 10043
0b000601 0b000701 10361 100 2097152 35289285 2815100 176759 8470
0b000e01 0b000f01 10357 100 2097152 36544589 1561684 176759 8942
0b001c01 0b001d01 10335 100 2097152 38032122 83216 44264 12636
0b000901 0b000a01 10381 100 2097152 38076791 46010 44264 9449
0b000701 0b000001 10367 100 2097152 37932131 194092 176759 11367
0b000a01 0b000b01 10388 100 2097152 38080461 46091 44264 9002
0b001a01 0b001b01 10339 100 2097152 38061135 77296 44264 13674
0b001d01 0b001601 10048 100 2097152 38092333 48108 48204 14701
0b001a01 0b001b01 10340 100 2097152 38072830 76903 44264 13690
0b000301 0b000401 10363 100 2097152 37545411 608192 176759 8963
0b000301 0b000401 10364 100 2097152 37549111 606960 176759 11379
0b001d01 0b001e01 10330 100 2097152 38092337 64300 44264 15197
0b000f01 0b000001 10048 100 2097152 37985487 182254 180699 7983
0b000101 0b000201 10368 100 2097152 36979906 1191001 176759 7985
0b001301 0b001401 10321 100 2097152 37990444 182964 176699 14051
0b000901 0b000201 10049 100 2097152 37997781 180241 180639 8953
0b001d01 0b001e01 10331 100 2097152 38118348 63241 44264 12653
0b000f01 0b000801 10365 100 2097152 37386225 797274 176699 8943
0b000e01 0b000f01 10358 100 2097152 36618797 1565614 176759 8446
0b001001 0b001101 10294 100 2097152 21941965 16243509 176759 13056
0b001601 0b001701 10359 100 2097152 38143481 44164 44264 14710
0b001e01 0b001701 10050 100 2097152 38159677 48180 48204 15214
0b000301 0b000401 10365 100 2097152 37723259 485264 176759 11395
0b001201 0b001301 10309 100 2097152 38026922 184772 176759 13570
0b001b01 0b001401 10045 100 2097152 38141441 83919 48204 13691
0b001e01 0b001f01 10327 100 2097152 38184629 44164 44264 12670
0b000801 0b000901 10374 100 2097152 38186509 44670 44264 8952
0b001401 0b001d01 10039 100 2097152 38176418 55704 48204 14068
0b000d01 0b000e01 10355 100 2097152 37631143 603044 176759 9981
0b000c01 0b000d01 10339 100 2097152 28957211 9279550 176759 10860
0b000e01 0b000f01 10359 100 2097152 36681169 1556490 176759 9982
0b001b01 0b001401 10046 100 2097152 38152743 88551 48204 13707
0b000501 0b000601 10377 100 2097152 37634447 612889 176759 11397
0b000601 0b000701 10362 100 2097152 35371485 2897656 176759 10854
0b001001 0b001101 10295 100 2097152 21990445 16279577 176759 11888
0b000e01 0b000f01 10360 100 2097152 36730135 1540616 176759 10926
0b000201 0b000301 10369 100 2097152 37923169 349956 176759 8434
0b001f01 0b001801 10316 100 2097152 38231803 44164 44264 12687
0b001d01 0b001e01 10332 100 2097152 38235132 44164 44264 14093
0b001401 0b001501 10334 100 2097152 38228370 72241 44264 13700
0b000a01 0b000301 10051 100 2097152 38125811 180234 180639 9466
0b000b01 0b000c01 10389 100 2097152 38129562 184038 176699 9019
0b001401 0b001501 10335 100 2097152 38244334 72827 44264 13716
0b001101 0b001201 10296 100 2097152 35348963 2971769 176759 11841
0b000501 0b000601 10378 100 2097152 37707667 614229 176759 8021
0b001801 0b001901 10319 100 2097152 38278977 44164 44264 12696
0b001e01 0b001f01 10328 100 2097152 38282336 44164 44264 14110
0b000701 0b000001 10368 100 2097152 38107395 223272 176759 8487
0b000c01 0b000d01 10340 100 2097152 29046277 9285592 176759 11356
0b000601 0b000701 10363 100 2097152 35419717 2933132 176759 9414
0b000d01 0b000e01 10356 100 2097152 37746706 607573 176759 11357
0b001001 0b001101 10296 100 2097152 22076373 16280313 176759 14592
0b001001 0b001101 10297 100 2097152 22085989 16276773 176759 14112
0b001f01 0b001801 10317 100 2097152 38329510 44164 44264 14127
0b001501 0b001601 10347 100 2097152 38303621 72899 44264 13717
0b000c01 0b000d01 10341 100 2097152 29093698 9298135 176759 7964
0b001501 0b001601 10348 100 2097152 38320171 72862 44264 13733
0b001301 0b001c01 10039 100 2097152 38214704 180222 180639 13587
0b000501 0b000601 10379 100 2097152 37859691 552405 176759 8037
0b000901 0b000201 10050 100 2097152 38234189 180260 180639 8969
0b001801 0b001901 10320 100 2097152 38376684 44164 44264 14136
0b001001 0b001101 10298 100 2097152 22130921 16291601 176759 13632
0b001001 0b001101 10299 100 2097152 22130961 16291565 176759 13648
0b000e01 0b000f01 10361 100 2097152 36988409 1436094 176759 10942
0b000d01 0b000601 10049 100 2097152 38239771 187768 180699 10877
0b000e01 0b000f01 10362 100 2097152 37013557 1422298 176759 7982
0b000601 0b000f01 10053 100 2097152 38250346 188312 180699 11414
0b001c01 0b001d01 10336 100 2097152 38397966 44164 44264 13612
0b001601 0b001701 10360 100 2097152 38379560 73590 44264 13734
0b000001 0b000101 10371 100 2097152 38129233 327912 176759 11376
0b001901 0b001a01 10342 100 2097152 38423858 44164 44264 14153
0b001601 0b001701 10361 100 2097152 38396073 73159 44264 13750
0b001001 0b001101 10300 100 2097152 22153225 16321157 176759 13664
0b000f01 0b000801 10366 100 2097152 37693375 785868 176699 9439
0b000101 0b000201 10369 100 2097152 37305917 1177146 176759 8449
0b000501 0b000601 10380 100 2097152 38082887 404189 176759 9493
0b001d01 0b001e01 10333 100 2097152 38445140 44164 44264 13629
0b000001 0b000101 10372 100 2097152 38170751 327846 176759 7984
0b000101 0b000201 10370 100 2097152 37330095 1172756 176759 10865
0b001901 0b001201 10044 100 2097152 38326151 180234 180639 12713
0b001201 0b001301 10310 100 2097152 38323742 184808 176759 11858
0b001a01 0b001b01 10341 100 2097152 38471062 44164 44264 14170
0b000201 0b000301 10370 100 2097152 37996737 523768 176759 8450
0b000001 0b000901 10051 100 2097152 38333677 187066 180639 8496
0b000e01 0b000f01 10363 100 2097152 37276305 1247972 176759 8462
0b000801 0b000901 10375 100 2097152 38482253 44786 44264 9448
0b000601 0b000701 10364 100 2097152 35528689 3001860 176759 10534
0b001e01 0b001f01 10329 100 2097152 38492344 44164 44264 13646
0b000e01 0b000701 10050 100 2097152 38357289 180318 180699 11374
0b000101 0b000201 10371 100 2097152 37406567 1148668 176759 10881
0b001701 0b001001 10360 100 2097152 38190655 367998 176699 14727
0b001b01 0b001c01 10338 100 2097152 38518236 44164 44264 14187
0b001f01 0b001801 10318 100 2097152 38539518 44164 44264 13663
0b000c01 0b000d01 10342 100 2097152 29257621 9330016 176759 9980
0b001001 0b001101 10301 100 2097152 22194569 16402105 176759 14128
0b000901 0b000a01 10382 100 2097152 38523753 82217 44264 8521
0b000901 0b000a01 10383 100 2097152 38530049 82196 44264 9465
0b001c01 0b001501 10047 100 2097152 38565440 48108 48204 14204
0b000f01 0b000001 10049 100 2097152 38438865 183780 180699 7999
0b001801 0b001901 10321 100 2097152 38586692 44164 44264 13672
0b000c01 0b000d01 10343 100 2097152 29295450 9337815 176759 7980
0b000401 0b000501 10367 100 2097152 38101698 550831 176759 10052
0b000a01 0b000b01 10389 100 2097152 38608980 44312 44264 8538
0b000301 0b000401 10366 100 2097152 38276135 381008 176759 8451
0b001501 0b001601 10349 100 2097152 38616558 44164 44264 14213
0b001701 0b001001 10361 100 2097152 38210867 454284 176699 15223
0b000e01 0b000f01 10364 100 2097152 37900105 768248 176759 9438
0b001901 0b001a01 10343 100 2097152 38633866 44164 44264 13689
0b000601 0b000701 10365 100 2097152 35622585 3056588 176759 10870
0b001001 0b001101 10302 100 2097152 22234821 16448465 176759 14608
0b001201 0b001301 10311 100 2097152 38509395 184839 176759 12722
0b001301 0b001401 10322 100 2097152 38511560 184578 176699 11875
0b000701 0b000001 10369 100 2097152 38272151 435196 176759 10871
0b001601 0b001701 10362 100 2097152 38663762 44655 44264 14230
0b000e01 0b000f01 10365 100 2097152 38237197 478688 176759 9998
0b000101 0b000201 10372 100 2097152 37704011 1017618 176759 11377
0b000301 0b000401 10367 100 2097152 38309055 413916 176759 9475
0b001a01 0b001b01 10342 100 2097152 38681040 44164 44264 13706
0b001401 0b001501 10336 100 2097152 38699178 44694 44264 11892
0b001b01 0b001401 10047 100 2097152 38728214 48635 48204 13723
0b001501 0b001601 10350 100 2097152 38746882 45094 44264 11909
0b000a01 0b000301 10052 100 2097152 38615255 180234 180639 9482
0b000601 0b000701 10366 100 2097152 35717193 3099792 176759 8950
0b001401 0b001501 10337 100 2097152 38779889 44694 44264 13732
0b000601 0b000701 10367 100 2097152 35726433 3102524 176759 10550
0b000b01 0b000c01 10390 100 2097152 38656302 183850 176699 8555
0b000501 0b000601 10381 100 2097152 38655539 184777 176759 10069
0b001601 0b001701 10363 100 2097152 38795016 45290 44264 11926
0b000101 0b000201 10373 100 2097152 38012471 834034 176759 8465
0b000301 0b000401 10368 100 2097152 38523515 338060 176759 8467
0b001501 0b001601 10351 100 2097152 38827593 44731 44264 13749
0b001301 0b001401 10323 100 2097152 38697244 176278 176699 12739
0b001001 0b001101 10303 100 2097152 22311733 16575073 176759 13072
0b001701 0b001801 10056 100 2097152 38843316 48108 48204 11943
0b000001 0b000101 10373 100 2097152 38625655 284738 176759 8000
0b000401 0b000501 10368 100 2097152 38156613 756360 176759 8980
0b000401 0b000501 10369 100 2097152 38159081 760140 176759 11396
0b001601 0b001701 10364 100 2097152 38875364 44682 44264 13766
0b001401 0b001501 10338 100 2097152 38876562 44164 44264 12756
0b001001 0b001101 10304 100 2097152 22335545 16601945 176759 15088
0b001801 0b001901 10322 100 2097152 38894434 44164 44264 11960
0b000701 0b000001 10370 100 2097152 38355859 597500 176759 9431
0b001501 0b001601 10352 100 2097152 38923736 44164 44264 12773
0b001901 0b001a01 10344 100 2097152 38941608 44164 44264 11977
0b000401 0b000501 10370 100 2097152 38211533 777740 176759 11412
0b000601 0b000701 10368 100 2097152 35863205 3144444 176759 8006
0b000301 0b000401 10369 100 2097152 38798499 216288 176759 9491
0b001601 0b001701 10365 100 2097152 38970940 44674 44264 12790
0b001701 0b001001 10362 100 2097152 38456160 572209 176699 13751
0b001a01 0b001b01 10343 100 2097152 38988782 44164 44264 11994
0b001101 0b001201 10297 100 2097152 35533199 3500305 176759 14033
0b000001 0b000101 10374 100 2097152 38710357 323088 176759 10880
0b000d01 0b000e01 10357 100 2097152 38334879 704788 176759 11373
0b000101 0b000201 10374 100 2097152 38460155 598558 176759 11393
0b001701 0b001001 10363 100 2097152 38472242 597639 176699 13767
0b000101 0b000201 10375 100 2097152 38501607 582538 176759 8001
0b000d01 0b000e01 10358 100 2097152 38394843 725372 176759 7981
0b000201 0b000301 10371 100 2097152 38173917 967176 176759 8002
0b000201 0b000301 10372 100 2097152 38181032 981533 176759 8962
0b000001 0b000101 10375 100 2097152 38956369 223244 176759 9440
0b001001 0b001101 10305 100 2097152 22584297 16608253 176759 13088
0b000701 0b000801 10051 100 2097152 39010659 193988 180639 8023
0b000601 0b000701 10369 100 2097152 36034117 3171544 176759 8486
0b001201 0b001301 10312 100 2097152 39036514 184784 176759 14050
0b000e01 0b000701 10051 100 2097152 39042677 187264 180699 11390
0b000f01 0b000801 10367 100 2097152 38031372 1214439 176699 11423
0b000801 0b000901 10376 100 2097152 39207657 48070 44264 8040
0b000601 0b000701 10370 100 2097152 36127133 3170932 176759 9430
0b000801 0b000901 10377 100 2097152 39248821 49351 44264 11432
0b000e01 0b000f01 10366 100 2097152 39123225 184696 176759 7998
0b000901 0b000a01 10384 100 2097152 39258737 49360 44264 8057
0b001701 0b001001 10364 100 2097152 38711427 597102 176699 14247
0b000601 0b000701 10371 100 2097152 36186537 3163012 176759 9446
0b000901 0b000a01 10385 100 2097152 39301182 49273 44264 11449
0b000701 0b000001 10371 100 2097152 38533559 820532 176759 10551
0b000a01 0b000b01 10390 100 2097152 39311107 49441 44264 8074
0b000701 0b000001 10372 100 2097152 38540617 828526 176759 11383
0b000d01 0b000e01 10359 100 2097152 38590647 794288 176759 9997
0b001301 0b001401 10324 100 2097152 39224338 176278 176699 14067
0b000a01 0b000b01 10391 100 2097152 39353465 48071 44264 11466
0b000601 0b000701 10372 100 2097152 36264169 3143464 176759 8966
0b000101 0b000201 10376 100 2097152 38913403 513892 176759 8017
0b000501 0b000601 10382 100 2097152 38915983 512473 176759 8997
0b000401 0b000501 10371 100 2097152 38660153 773520 176759 8468
0b000501 0b000601 10383 100 2097152 38922231 518565 176759 11413
0b000d01 0b000e01 10360 100 2097152 38636275 806744 176759 7997
0b001401 0b001d01 10040 100 2097152 39403656 48108 48204 14084
0b001701 0b001001 10365 100 2097152 38923056 535033 176699 13783
0b000f01 0b000801 10368 100 2097152 38109283 1367408 176699 8959
0b001701 0b001001 10366 100 2097152 39018624 463277 176699 12807
0b000401 0b000501 10372 100 2097152 38725981 757064 176759 9492
0b000601 0b000701 10373 100 2097152 36383765 3105300 176759 10070
0b000301 0b000401 10370 100 2097152 39144103 347968 176759 8019
0b000f01 0b000001 10050 100 2097152 39310931 184457 180699 8015
0b001101 0b001201 10298 100 2097152 35649387 3846401 176759 13569
0b001d01 0b001e01 10334 100 2097152 39454774 44164 44264 14109
0b000101 0b000201 10377 100 2097152 39036455 472860 176759 10897
0b000301 0b000401 10371 100 2097152 39165575 347884 176759 8979
0b000501 0b000601 10384 100 2097152 38992283 524917 176759 11429
0b000801 0b000901 10378 100 2097152 39479701 44669 44264 8968
0b001e01 0b001f01 10330 100 2097152 39501978 44164 44264 14126
0b000401 0b000501 10373 100 2097152 38864585 703968 176759 8484
0b000101 0b000201 10378 100 2097152 39182623 394796 176759 9457
0b001f01 0b001801 10319 100 2097152 39549152 44164 44264 14143
0b000701 0b000001 10373 100 2097152 38682183 925828 176759 10887
0b000001 0b000101 10376 100 2097152 39372153 245152 176759 11392
0b001801 0b001901 10323 100 2097152 39596326 44164 44264 14152
0b000f01 0b000801 10369 100 2097152 38187421 1468158 176699 8463
0b000b01 0b000c01 10391 100 2097152 39363558 309278 176699 8091
0b000401 0b000501 10374 100 2097152 39017797 659804 176759 9508
0b001201 0b001301 10313 100 2097152 39498798 184784 176759 13586
0b001901 0b001a01 10345 100 2097152 39643500 44164 44264 14169
0b000e01 0b000f01 10367 100 2097152 39387945 307910 176759 10014
0b000901 0b000201 10051 100 2097152 39527380 185420 180639 8985
0b000601 0b000701 10374 100 2097152 36739677 2982624 176759 9462
0b000601 0b000f01 10054 100 2097152 39443806 282256 180699 11430
0b000b01 0b000c01 10392 100 2097152 39404546 328174 176699 11483
0b001a01 0b001b01 10344 100 2097152 39690674 44164 44264 14186
0b000601 0b000701 10375 100 2097152 36775761 2969428 176759 8982
0b000e01 0b000f01 10368 100 2097152 39446029 310486 176759 8014
0b000f01 0b000801 10370 100 2097152 38240669 1515930 176699 9999
0b000201 0b000b01 10052 100 2097152 39580429 186260 180639 9474
0b001b01 0b001c01 10339 100 2097152 39737848 44164 44264 14203
0b000201 0b000301 10373 100 2097152 38417459 1373010 176759 8978
0b000f01 0b000801 10371 100 2097152 38273761 1521314 176699 10943
0b000601 0b000f01 10055 100 2097152 39520210 283862 180699 11446
0b000101 0b000201 10379 100 2097152 39620315 184780 176759 11409
0b000801 0b000901 10379 100 2097152 39759609 50795 44264 10008
0b000601 0b000701 10376 100 2097152 36905169 2912096 176759 9478
0b000701 0b000001 10374 100 2097152 38819995 1010972 176759 8967
0b001c01 0b001501 10048 100 2097152 39785052 48638 48204 14220
0b000801 0b000101 10049 100 2097152 39658589 180234 180639 8472
0b000c01 0b000d01 10344 100 2097152 30269165 9577073 176759 8444
0b000801 0b000901 10380 100 2097152 39798085 51991 44264 10952
0b001001 0b001101 10306 100 2097152 23343593 16507741 176759 12576
0b000901 0b000a01 10386 100 2097152 39813414 51879 44264 10025
0b001301 0b001c01 10040 100 2097152 39686622 180222 180639 13603
0b001501 0b001601 10353 100 2097152 39836700 44164 44264 14229
0b000001 0b000101 10377 100 2097152 39498398 389091 176759 8016
0b000601 0b000701 10377 100 2097152 37084385 2817448 176759 8998
0b000901 0b000a01 10387 100 2097152 39853086 51793 44264 10969
0b001c01 0b001d01 10337 100 2097152 39869884 44164 44264 13628
0b000a01 0b000b01 10392 100 2097152 39868303 52151 44264 10042
0b001001 0b001101 10307 100 2097152 23421849 16504909 176759 13104
0b001601 0b001701 10366 100 2097152 39883904 44164 44264 14246
0b000401 0b000501 10375 100 2097152 39495081 441188 176759 8036
0b001001 0b001101 10308 100 2097152 23427457 16509136 176759 13120
0b000f01 0b000001 10051 100 2097152 39759525 182252 180699 8031
0b000401 0b000501 10376 100 2097152 39516469 426932 176759 8996
0b000b01 0b000c01 10393 100 2097152 39769699 184775 176699 9499
0b000a01 0b000b01 10393 100 2097152 39907889 50841 44264 10986
0b001d01 0b001e01 10335 100 2097152 39917058 44164 44264 13645
0b000201 0b000301 10374 100 2097152 38486073 1491334 176759 8466
0b000301 0b000401 10372 100 2097152 39793479 186464 176759 8995
0b000f01 0b000801 10372 100 2097152 38427513 1561438 176699 10959
0b000f01 0b000801 10373 100 2097152 38441668 1560829 176699 11439
0b001e01 0b001f01 10331 100 2097152 39964262 44164 44264 13662
0b000201 0b000301 10375 100 2097152 38505861 1511066 176759 10882
0b001001 0b001101 10309 100 2097152 23506057 16511564 176759 14144
0b000601 0b000701 10378 100 2097152 37377569 2642460 176759 9494
0b000001 0b000101 10378 100 2097152 39611021 416748 176759 10896
0b001101 0b001a01 10037 100 2097152 39854344 180222 180639 12593
0b001001 0b001101 10310 100 2097152 23545125 16505764 176759 13136
0b001f01 0b001801 10320 100 2097152 40011436 44164 44264 13679
0b001001 0b001101 10311 100 2097152 23555197 16501152 176759 14624
0b000501 0b000601 10385 100 2097152 39436683 623232 176759 8485
0b001001 0b001101 10312 100 2097152 23556341 16505380 176759 12592
0b000801 0b000901 10381 100 2097152 39991961 75724 44264 10968
0b000f01 0b000801 10374 100 2097152 38527287 1544287 176699 8479
0b000801 0b000901 10382 100 2097152 40005507 76086 44264 11448
0b001a01 0b001b01 10345 100 2097152 40037606 44164 44264 12618
0b001001 0b001101 10313 100 2097152 23598273 16495048 176759 13152
0b001801 0b001901 10324 100 2097152 40058610 44164 44264 13688
0b000b01 0b000401 10058 100 2097152 39923464 180234 180639 10059
0b000201 0b000301 10376 100 2097152 38558245 1552142 176759 10898
0b001701 0b001001 10367 100 2097152 39931078 183895 176699 14263
0b001001 0b001101 10314 100 2097152 23639869 16475468 176759 15104
0b001b01 0b001c01 10340 100 2097152 40084780 44164 44264 12635
0b000b01 0b000c01 10394 100 2097152 39961740 184124 176699 11003
0b000901 0b000a01 10388 100 2097152 40070695 75297 44264 10985
0b001001 0b001101 10315 100 2097152 23699417 16448093 176759 13168
0b000c01 0b000d01 10345 100 2097152 30512734 9635267 176759 7996
0b001901 0b001a01 10346 100 2097152 40105784 44164 44264 13705
0b001001 0b001101 10316 100 2097152 23705025 16447505 176759 13184
0b000c01 0b000d01 10346 100 2097152 30518342 9638811 176759 10876
0b000f01 0b000801 10375 100 2097152 38671363 1485888 176699 9455
0b001001 0b001101 10317 100 2097152 23710633 16446829 176759 13200
0b000901 0b000a01 10389 100 2097152 40084603 75255 44264 11465
0b001c01 0b001d01 10338 100 2097152 40131984 44164 44264 12652
0b000f01 0b000801 10376 100 2097152 38718895 1458551 176699 10015
0b000601 0b000701 10379 100 2097152 37821625 2358496 176759 8022
0b000501 0b000601 10386 100 2097152 39486055 697148 176759 9509
0b001001 0b001101 10318 100 2097152 23752145 16434361 176759 12608
0b001a01 0b001b01 10346 100 2097152 40152988 44164 44264 13722
0b001001 0b001101 10319 100 2097152 23793741 16416613 176759 13680
0b001d01 0b001e01 10336 100 2097152 40179158 44164 44264 12669
0b000a01 0b000b01 10394 100 2097152 40149002 75339 44264 11002
0b000101 0b000201 10380 100 2097152 39841833 386578 176759 8481
0b000401 0b000501 10377 100 2097152 39982953 245686 176759 9012
0b000801 0b000901 10383 100 2097152 40160261 69072 44264 9464
0b000a01 0b000b01 10395 100 2097152 40162868 75094 44264 11482
0b001b01 0b001401 10048 100 2097152 40200162 48108 48204 13739
0b000001 0b000101 10379 100 2097152 39833977 414676 176759 8976
0b000801 0b000901 10384 100 2097152 40180456 69650 44264 10024
0b000801 0b000101 10050 100 2097152 40074584 180269 180639 8488
0b001e01 0b001f01 10332 100 2097152 40226362 44164 44264 12686
0b000001 0b000101 10380 100 2097152 39944787 350418 176759 8032
0b001401 0b001501 10339 100 2097152 40251310 44164 44264 13748
0b001101 0b001a01 10038 100 2097152 40064731 231634 180639 12609
0b000901 0b000a01 10390 100 2097152 40232343 69058 44264 9481
0b001f01 0b001801 10321 100 2097152 40273536 44164 44264 12703
0b000901 0b000a01 10391 100 2097152 40253116 68239 44264 10041
0b000c01 0b000d01 10347 100 2097152 30631662 9705184 176759 10892
0b000d01 0b000601 10050 100 2097152 40160163 180300 180699 10893
0b001501 0b001601 10354 100 2097152 40298484 44164 44264 13765
0b001a01 0b001b01 10347 100 2097152 40299405 44164 44264 12634
0b000201 0b000301 10377 100 2097152 38724639 1622204 176759 11394
0b000401 0b000501 10378 100 2097152 40106708 245663 176759 10068
0b000501 0b000601 10387 100 2097152 39571563 791712 176759 8501
0b000701 0b000801 10052 100 2097152 40183131 180222 180639 8039
0b001801 0b001901 10325 100 2097152 40320710 44164 44264 12712
0b001001 0b001101 10320 100 2097152 24033245 16331825 176759 12624
0b000a01 0b000b01 10396 100 2097152 40324365 44664 44264 10058
0b000601 0b000701 10380 100 2097152 38324906 2046091 176759 8038
0b000c01 0b000d01 10348 100 2097152 30661615 9712211 176759 9996
0b000101 0b000201 10381 100 2097152 39890499 489024 176759 8033
0b001601 0b001701 10367 100 2097152 40345688 44164 44264 13782
0b001b01 0b001c01 10341 100 2097152 40346579 44164 44264 12651
0b000801 0b000901 10385 100 2097152 40366363 44711 44264 8056
0b000601 0b000701 10381 100 2097152 38415106 1998043 176759 8054
0b000601 0b000701 10382 100 2097152 38430549 1989016 176759 10886
0b000d01 0b000e01 10361 100 2097152 39849248 579171 176759 8461
0b000301 0b000401 10373 100 2097152 39980417 449502 176759 8483
0b000101 0b000a01 10052 100 2097152 40251663 180303 180639 8993
0b001c01 0b001d01 10339 100 2097152 40393783 44164 44264 12668
0b000601 0b000701 10383 100 2097152 38490086 1949331 176759 9510
0b000901 0b000a01 10392 100 2097152 40414084 45213 44264 8073
0b001101 0b001a01 10039 100 2097152 40189546 280552 180639 12625
0b000a01 0b000301 10053 100 2097152 40304411 180234 180639 9498
0b001d01 0b001e01 10337 100 2097152 40440957 44164 44264 12685
0b000f01 0b000801 10377 100 2097152 39698865 795770 176699 10031
0b000a01 0b000b01 10397 100 2097152 40434976 63540 44264 9018
0b000f01 0b000801 10378 100 2097152 39729072 773471 176699 11455
0b000501 0b000601 10388 100 2097152 39680611 827960 176759 9525
0b000201 0b000301 10378 100 2097152 38849515 1660252 176759 8482
0b000f01 0b000801 10379 100 2097152 39807082 705581 176699 11471
0b001a01 0b001b01 10348 100 2097152 40473138 44164 44264 12650
0b000d01 0b000601 10051 100 2097152 40339856 180300 180699 10909
0b000a01 0b000b01 10398 100 2097152 40462307 62736 44264 8090
0b000c01 0b000d01 10349 100 2097152 30785615 9741615 176759 10012
0b001e01 0b001f01 10333 100 2097152 40488161 44164 44264 12702
0b001901 0b001201 10045 100 2097152 40367914 180236 180639 12729
0b000b01 0b000401 10059 100 2097152 40372039 180234 180639 10075
0b001b01 0b001c01 10342 100 2097152 40520312 44164 44264 12667
0b001701 0b001001 10368 100 2097152 40392862 183931 176699 13799
0b001f01 0b001801 10322 100 2097152 40535335 44164 44264 12719
0b000c01 0b000d01 10350 100 2097152 30816302 9763804 176759 8924
0b000301 0b000401 10374 100 2097152 40019937 561274 176759 10899
0b000101 0b000201 10382 100 2097152 40030779 558752 176759 10913
0b001101 0b001a01 10040 100 2097152 40368080 229201 180639 12641
0b000b01 0b000c01 10395 100 2097152 40227351 379045 176699 11019
0b000801 0b000901 10386 100 2097152 40497645 111756 44264 10040
0b001c01 0b001d01 10340 100 2097152 40567516 44164 44264 12684
0b000e01 0b000f01 10369 100 2097152 40431429 183564 176759 8478
0b000801 0b000901 10387 100 2097152 40505553 120046 44264 11464
0b001801 0b001901 10326 100 2097152 40582509 44164 44264 12728
0b000801 0b000901 10388 100 2097152 40515673 115185 44264 11480
0b001a01 0b001b01 10349 100 2097152 40600321 44164 44264 12666
0b000401 0b000501 10379 100 2097152 40432929 218062 176759 8500
0b001d01 0b001e01 10338 100 2097152 40614690 44164 44264 12701
0b000b01 0b000c01 10396 100 2097152 40240972 443092 176699 11499
0b000701 0b000801 10053 100 2097152 40374007 314286 180639 8055
0b001001 0b001101 10321 100 2097152 24550477 16140589 176759 14160
0b001b01 0b001c01 10343 100 2097152 40647495 44164 44264 12683
0b001101 0b001201 10299 100 2097152 35967395 4724501 176759 14513
0b001e01 0b001f01 10334 100 2097152 40661894 44164 44264 12718
0b000901 0b000a01 10393 100 2097152 40612411 101325 44264 10057
0b000501 0b000601 10389 100 2097152 39939279 777696 176759 8053
0b000501 0b000601 10390 100 2097152 39946411 774792 176759 9013
0b000701 0b000801 10054 100 2097152 40416159 314234 180639 8071
0b001001 0b001101 10322 100 2097152 24628229 16108685 176759 14640
0b000d01 0b000e01 10362 100 2097152 40151011 586184 176759 8013
0b001c01 0b001d01 10341 100 2097152 40694699 44164 44264 12700
0b000801 0b000901 10389 100 2097152 40691303 48769 44264 8072
0b000201 0b000301 10379 100 2097152 39061723 1685084 176759 11410
0b000901 0b000a01 10394 100 2097152 40628609 119750 44264 11481
0b000101 0b000201 10383 100 2097152 40257863 492584 176759 8497
0b001f01 0b001801 10323 100 2097152 40709068 44164 44264 12735
0b000901 0b000a01 10395 100 2097152 40633868 120049 44264 11497
0b000701 0b000001 10375 100 2097152 39208671 1550380 176759 8503
0b001001 0b001101 10323 100 2097152 24662109 16097249 176759 15120
0b000101 0b000201 10384 100 2097152 40298215 465700 176759 8049
0b000201 0b000301 10380 100 2097152 39087155 1676924 176759 8018
0b000301 0b000401 10375 100 2097152 40113397 659854 176759 10915
0b001201 0b001301 10314 100 2097152 40551160 225618 176759 12738
0b000c01 0b000d01 10351 100 2097152 31000774 9779268 176759 8460
0b000a01 0b000b01 10399 100 2097152 40716746 66566 44264 10074
0b000801 0b000901 10390 100 2097152 40733403 50176 44264 8088
0b001001 0b001101 10324 100 2097152 24710497 16075265 176759 12640
0b001d01 0b001e01 10339 100 2097152 40741873 44164 44264 12717
0b001001 0b001101 10325 100 2097152 24716075 16074003 176759 13696
0b000f01 0b000801 10380 100 2097152 40618003 178840 176699 8495
0b001801 0b001901 10327 100 2097152 40756242 44164 44264 12744
0b000901 0b000a01 10396 100 2097152 40743082 58468 44264 8089
0b001901 0b001201 10046 100 2097152 40629683 180234 180639 12745
0b000701 0b000001 10376 100 2097152 39232951 1579344 176759 11399
0b000401 0b000501 10380 100 2097152 40584221 243854 176759 10916
0b001e01 0b001f01 10335 100 2097152 40789077 44164 44264 12734
0b000501 0b000601 10391 100 2097152 40231649 601862 176759 9029
0b000901 0b000a01 10397 100 2097152 40786589 53663 44264 8105
0b000601 0b000701 10384 100 2097152 39431466 1425227 176759 9014
0b001f01 0b001801 10324 100 2097152 40836251 44164 44264 12751
0b000a01 0b000b01 10400 100 2097152 40751369 134409 44264 11498
0b000a01 0b000b01 10401 100 2097152 40756927 136893 44264 11514
0b001001 0b001101 10326 100 2097152 24961003 15962515 176759 13216
0b000e01 0b000f01 10370 100 2097152 40740205 184748 176759 8030
0b001801 0b001901 10328 100 2097152 40883455 44164 44264 12760
0b000a01 0b000b01 10402 100 2097152 40804560 126806 44264 8106
0b000701 0b000001 10377 100 2097152 39301075 1630388 176759 9447
0b001001 0b001101 10327 100 2097152 24992209 15948125 176759 12656
0b000001 0b000901 10052 100 2097152 40762061 181216 180639 8512
0b000a01 0b000b01 10403 100 2097152 40843262 100602 44264 8122
0b000501 0b000601 10392 100 2097152 40654001 292154 176759 8517
0b001301 0b001401 10325 100 2097152 40779818 184746 176699 12755
0b000b01 0b000c01 10397 100 2097152 40501526 474890 176699 9035
0b000801 0b000101 10051 100 2097152 40799853 180242 180639 8504
0b000401 0b000501 10381 100 2097152 40776261 210582 176759 10932
0b000901 0b000a01 10398 100 2097152 40946287 44164 44264 8537
0b001101 0b001a01 10041 100 2097152 40788802 201810 180639 12657
0b001001 0b001101 10328 100 2097152 25121689 15884741 176759 12672
0b000701 0b000001 10378 100 2097152 39352559 1656856 176759 9463
0b001401 0b001501 10340 100 2097152 40967604 44164 44264 12772
0b001901 0b001201 10047 100 2097152 40803416 217609 180639 12761
0b000501 0b000e01 10053 100 2097152 40831085 197688 180699 10933
0b001201 0b001301 10315 100 2097152 40694936 334726 176759 14530
0b000d01 0b000e01 10363 100 2097152 40376836 653951 176759 10013
0b001001 0b001101 10329 100 2097152 25179177 15855509 176759 12688
0b000b01 0b000c01 10398 100 2097152 40528053 506629 176699 8107
0b001001 0b001101 10330 100 2097152 25179217 15855557 176759 12704
0b001001 0b001101 10331 100 2097152 25179257 15855521 176759 12720
0b001a01 0b001b01 10350 100 2097152 40993652 44164 44264 12682
0b000a01 0b000b01 10404 100 2097152 40993461 44666 44264 8554
0b001001 0b001101 10332 100 2097152 25221051 15832567 176759 12736
0b001501 0b001601 10355 100 2097152 41014778 44164 44264 12789
0b001001 0b001101 10333 100 2097152 25250975 15817431 176759 14176
0b001001 0b001101 10334 100 2097152 25274619 15804615 176759 14656
0b001001 0b001101 10335 100 2097152 25280479 15798759 176759 15136
0b001b01 0b001c01 10344 100 2097152 41040826 44164 44264 12699
0b000001 0b000101 10381 100 2097152 40815305 276676 176759 11408
0b000701 0b000001 10379 100 2097152 39410643 1689052 176759 8983
0b001601 0b001701 10368 100 2097152 41061982 44164 44264 12806
0b000f01 0b000001 10052 100 2097152 40927963 180888 180699 8047
0b000201 0b000301 10381 100 2097152 39430305 1691190 176759 8034
0b001c01 0b001d01 10342 100 2097152 41088030 44164 44264 12716
0b001101 0b001201 10300 100 2097152 36072723 5065373 176759 14049
0b001901 0b001201 10048 100 2097152 40930629 231616 180639 12777
0b001d01 0b001e01 10340 100 2097152 41135204 44164 44264 12733
0b000301 0b000401 10376 100 2097152 40349853 835062 176759 11411
0b000501 0b000e01 10054 100 2097152 40989853 197696 180699 10949
0b000201 0b000301 10382 100 2097152 39512325 1681770 176759 10914
0b000d01 0b000e01 10364 100 2097152 40530240 670915 176759 10029
0b001301 0b001401 10326 100 2097152 41032702 184700 176699 14547
0b001201 0b001301 10316 100 2097152 40812957 405857 176759 12754
0b001e01 0b001f01 10336 100 2097152 41182378 44164 44264 12750
0b001001 0b001101 10336 100 2097152 25629927 15607484 176759 12752
0b000101 0b000201 10385 100 2097152 40983105 257494 176759 8513
0b000d01 0b000e01 10365 100 2097152 40583116 668539 176759 8941
0b001401 0b001501 10341 100 2097152 41220442 44652 44264 14564
0b001001 0b001101 10337 100 2097152 25712171 15555256 176759 13232
0b001f01 0b001801 10325 100 2097152 41229582 44164 44264 12767
0b001701 0b001001 10369 100 2097152 41109156 183885 176699 12823
0b001001 0b001101 10338 100 2097152 25803299 15489988 176759 13712
0b001501 0b001e01 10041 100 2097152 41268104 48108 48204 14581
0b001801 0b001901 10329 100 2097152 41276786 44164 44264 12776
0b000201 0b000301 10383 100 2097152 39715810 1634329 176759 8994
0b000101 0b000201 10386 100 2097152 41094991 257544 176759 11425
0b001e01 0b001f01 10337 100 2097152 41319222 44164 44264 14606
0b000401 0b000501 10382 100 2097152 41187925 184822 176759 11428
0b000d01 0b000e01 10366 100 2097152 40783052 611283 176759 8477
0b001301 0b001401 10327 100 2097152 41221854 184680 176699 12771
0b001f01 0b001801 10326 100 2097152 41366426 44164 44264 14623
0b000201 0b000301 10384 100 2097152 39808105 1607706 176759 11426
0b000301 0b000401 10377 100 2097152 40487655 940588 176759 9507
0b001401 0b001501 10342 100 2097152 41409574 44164 44264 12788
0b001801 0b001901 10330 100 2097152 41413630 44164 44264 14632
0b001001 0b001101 10339 100 2097152 26311162 15157884 176759 15152
0b000301 0b000401 10378 100 2097152 40512777 960430 176759 8499
0b000c01 0b000d01 10352 100 2097152 31580510 9912516 176759 11372
0b000701 0b000001 10380 100 2097152 39725311 1771508 176759 9479
0b001501 0b001601 10356 100 2097152 41456748 44164 44264 12805
0b001901 0b001201 10049 100 2097152 41323960 180234 180639 12793
0b001901 0b001a01 10347 100 2097152 41460804 44164 44264 14649
0b000c01 0b000d01 10353 100 2097152 31604070 9915240 176759 9420
0b000701 0b000001 10381 100 2097152 39748199 1771416 176759 8999
0b000c01 0b000d01 10354 100 2097152 31623230 9917432 176759 8476
0b001201 0b001301 10317 100 2097152 41024065 520653 176759 12770
0b001601 0b001701 10369 100 2097152 41503952 44164 44264 12822
0b000c01 0b000d01 10355 100 2097152 31629478 9919652 176759 8492
0b001001 0b001101 10340 100 2097152 26546443 15003211 176759 14672
0b001a01 0b001b01 10351 100 2097152 41507978 44164 44264 14666
0b000601 0b000701 10385 100 2097152 40062925 1496686 176759 8502
0b000501 0b000601 10393 100 2097152 41375757 184730 176759 11445
0b000701 0b000001 10382 100 2097152 39820275 1753744 176759 9495
0b000001 0b000101 10382 100 2097152 40934473 643176 176759 9456
0b000b01 0b000c01 10399 100 2097152 40888788 707680 176699 11515
0b001b01 0b001c01 10345 100 2097152 41555152 44164 44264 14683
0b001001 0b001101 10341 100 2097152 26677967 14935494 176759 14192
0b000701 0b000001 10383 100 2097152 39904843 1730600 176759 9015
0b001c01 0b001d01 10343 100 2097152 41602356 44164 44264 14700
0b000b01 0b000c01 10400 100 2097152 40934376 739792 176699 8123
0b000b01 0b000c01 10401 100 2097152 40946874 732902 176699 8139
0b000c01 0b000d01 10356 100 2097152 31798546 9881536 176759 8940
0b001101 0b001201 10301 100 2097152 36192703 5499565 176759 13585
0b001d01 0b001601 10049 100 2097152 41649530 48635 48204 14717
0b000b01 0b000c01 10402 100 2097152 41041137 662751 176699 8571
0b000701 0b000001 10384 100 2097152 40023039 1680908 176759 9511
0b000c01 0b000d01 10357 100 2097152 31847429 9856901 176759 8956
0b000601 0b000701 10386 100 2097152 40186213 1532908 176759 9526
0b001201 0b001301 10318 100 2097152 41141136 583954 176759 14066
0b000201 0b000301 10385 100 2097152 40231421 1499416 176759 8498
0b000e01 0b000f01 10371 100 2097152 41031783 702191 176759 10958
0b001701 0b001001 10370 100 2097152 41551126 184282 176699 12839
0b001301 0b001401 10328 100 2097152 41547758 188920 176699 12787
0b000c01 0b000d01 10358 100 2097152 31890034 9850016 176759 8012
0b000c01 0b000d01 10359 100 2097152 31890044 9850010 176759 8028
0b000c01 0b000d01 10360 100 2097152 31891794 9848264 176759 11388
0b000e01 0b000f01 10372 100 2097152 41033797 709949 176759 10030
0b000601 0b000f01 10056 100 2097152 41563497 180300 180699 11462
0b001601 0b001701 10370 100 2097152 41701205 44549 44264 14726
0b001201 0b001301 10319 100 2097152 41165285 583833 176759 12786
0b000401 0b000501 10383 100 2097152 41431253 324450 176759 9524
0b001101 0b001201 10302 100 2097152 36207847 5550993 176759 15009
0b001101 0b001201 10303 100 2097152 36207851 5551077 176759 14529
0b001101 0b001201 10304 100 2097152 36207855 5551077 176759 14065
0b001101 0b001201 10305 100 2097152 36207859 5551077 176759 13601
0b000101 0b000201 10387 100 2097152 41580659 184804 176759 9473
0b001101 0b001201 10306 100 2097152 36215167 5567745 176759 14545
0b001401 0b001501 10343 100 2097152 41739718 44677 44264 12804
0b000401 0b000501 10384 100 2097152 41476217 324370 176759 8516
0b001001 0b001101 10342 100 2097152 27251791 14558780 176759 11904
0b001001 0b001101 10343 100 2097152 27284812 14537379 176759 11920
0b000301 0b000401 10379 100 2097152 40749817 1076382 176759 11427
0b001101 0b001a01 10042 100 2097152 40943374 883410 180639 12673
0b001501 0b001601 10357 100 2097152 41787405 44164 44264 12821
0b000201 0b000301 10386 100 2097152 40382533 1452238 176759 8050
0b000c01 0b000d01 10361 100 2097152 32005550 9841796 176759 11404
0b000301 0b000401 10380 100 2097152 40767089 1080646 176759 8035
0b000001 0b000101 10383 100 2097152 41012425 846456 176759 9472
0b001101 0b001201 10307 100 2097152 36244135 5621593 176759 15025
0b001101 0b001201 10308 100 2097152 36244139 5621593 176759 14081
0b001a01 0b001b01 10352 100 2097152 41829794 44164 44264 12698
0b001601 0b001701 10371 100 2097152 41834609 44664 44264 12838
0b000701 0b000001 10385 100 2097152 40422575 1471888 176759 10903
0b000601 0b000701 10387 100 2097152 40343473 1556386 176759 10902
0b000701 0b000001 10386 100 2097152 40442427 1459448 176759 9527
0b001b01 0b001c01 10346 100 2097152 41876968 44164 44264 12715
0b000601 0b000701 10388 100 2097152 40366285 1555138 176759 8518
0b000201 0b000b01 10053 100 2097152 41768473 180222 180639 9490
0b000201 0b000301 10387 100 2097152 40592541 1365324 176759 10930
0b001701 0b001001 10371 100 2097152 41748764 218965 176699 14743
0b001c01 0b001d01 10344 100 2097152 41924172 44164 44264 12732
0b001d01 0b001e01 10341 100 2097152 41971346 44164 44264 12749
0b000201 0b000301 10388 100 2097152 40753457 1277712 176759 8514
0b000201 0b000301 10389 100 2097152 40766925 1269528 176759 8066
0b001101 0b001201 10309 100 2097152 36314795 5731133 176759 11857
0b000101 0b000201 10388 100 2097152 41861891 184844 176759 9489
0b000701 0b000001 10387 100 2097152 40859703 1189944 176759 9031
0b000e01 0b000f01 10373 100 2097152 41190559 867555 176759 10974
0b001e01 0b001f01 10338 100 2097152 42018520 44164 44264 12766
0b000e01 0b000f01 10374 100 2097152 41204165 867681 176759 10046
0b000601 0b000701 10389 100 2097152 40511581 1564022 176759 9542
0b001301 0b001401 10329 100 2097152 41728130 353616 176699 14083
0b000501 0b000601 10394 100 2097152 41758713 324338 176759 9541
0b000601 0b000701 10390 100 2097152 40523166 1562221 176759 10918
0b001101 0b001a01 10043 100 2097152 41009470 1083926 180639 12689
0b000e01 0b000f01 10375 100 2097152 41254665 843057 176759 8958
0b001301 0b001401 10330 100 2097152 41752158 349392 176699 12803
0b001f01 0b001801 10327 100 2097152 42065724 44164 44264 12783
0b001701 0b001001 10372 100 2097152 41882283 234922 176699 12855
0b000e01 0b000f01 10376 100 2097152 41397345 729949 176759 8494
0b000501 0b000601 10395 100 2097152 41803597 324426 176759 8533
0b001401 0b001d01 10041 100 2097152 42084786 48108 48204 14100
0b000b01 0b000c01 10403 100 2097152 41951705 183883 176699 9515
0b001a01 0b001b01 10353 100 2097152 42096406 44164 44264 12714
0b000001 0b000101 10384 100 2097152 41102705 1040728 176759 8992
0b001401 0b001501 10344 100 2097152 42104590 44164 44264 12820
0b000201 0b000301 10390 100 2097152 41243609 906670 176759 8530
0b001801 0b001901 10331 100 2097152 42112928 44164 44264 12792
0b001101 0b001a01 10044 100 2097152 41037726 1126274 180639 12705
0b001101 0b001a01 10045 100 2097152 41037814 1126190 180639 12721
0b001101 0b001a01 10046 100 2097152 41037824 1126184 180639 12737
0b000201 0b000301 10391 100 2097152 41355545 809502 176759 11442
0b000001 0b000101 10385 100 2097152 41111861 1058588 176759 8048
0b000c01 0b000d01 10362 100 2097152 32349826 9821112 176759 8044
0b001101 0b001a01 10047 100 2097152 41056628 1116464 180639 12753
0b000401 0b000501 10385 100 2097152 41829209 348406 176759 11444
0b001d01 0b001e01 10342 100 2097152 42135934 44164 44264 14125
0b001b01 0b001c01 10347 100 2097152 42143580 46137 44264 12731
0b001501 0b001601 10358 100 2097152 42151764 44164 44264 12837
0b000401 0b000501 10386 100 2097152 41850745 349354 176759 8052
0b001101 0b001a01 10048 100 2097152 41240421 961756 180639 12769
0b000601 0b000701 10391 100 2097152 40719985 1503414 176759 8070
0b000601 0b000701 10392 100 2097152 40724213 1502082 176759 9030
0b001e01 0b001f01 10339 100 2097152 42183108 44164 44264 14142
0b000201 0b000b01 10054 100 2097152 42049745 180229 180639 9506
0b001c01 0b001d01 10345 100 2097152 42192727 44164 44264 12748
0b001601 0b001701 10372 100 2097152 42198968 44164 44264 12854
0b001f01 0b001801 10328 100 2097152 42230312 44164 44264 14159
0b000601 0b000701 10393 100 2097152 40836521 1442030 176759 9046
0b001d01 0b001e01 10343 100 2097152 42239931 44164 44264 12765
0b000601 0b000701 10394 100 2097152 40949165 1368558 176759 8534
0b001801 0b001901 10332 100 2097152 42277516 44164 44264 14168
0b000101 0b000a01 10053 100 2097152 42146443 180222 180639 9009
0b001e01 0b001f01 10340 100 2097152 42287105 44164 44264 12782
0b001901 0b001201 10050 100 2097152 42160102 180246 180639 12809
0b000101 0b000201 10389 100 2097152 42173459 184828 176759 8065
0b001901 0b001a01 10348 100 2097152 42324690 46216 44264 14185
0b000a01 0b000b01 10405 100 2097152 42329675 44663 44264 9034
0b001a01 0b001b01 10354 100 2097152 42167010 209432 44264 12730
0b001a01 0b001b01 10355 100 2097152 42167020 209426 44264 12746
0b001a01 0b001b01 10356 100 2097152 42167060 209474 44264 12762
0b001f01 0b001801 10329 100 2097152 42334309 44164 44264 12799
0b001a01 0b001b01 10357 100 2097152 42176132 209753 44264 12778
0b001a01 0b001b01 10358 100 2097152 42205217 195872 44264 12794
0b001001 0b001101 10344 100 2097152 29108563 13294246 176759 11936
0b000701 0b000801 10055 100 2097152 42226409 180222 180639 8087
0b000301 0b000401 10381 100 2097152 41124505 1285130 176759 8051
0b001801 0b001901 10333 100 2097152 42381513 44164 44264 12808
0b001701 0b001001 10373 100 2097152 42246142 183867 176699 12871
0b001a01 0b001b01 10359 100 2097152 42373946 61995 44264 14202
0b000b01 0b000c01 10404 100 2097152 42232984 212924 176699 9531
0b000801 0b000901 10391 100 2097152 42409641 44694 44264 8104
0b001001 0b001101 10345 100 2097152 29368319 13100335 176759 15168
0b000c01 0b000d01 10363 100 2097152 32683474 9816377 176759 8508
0b001001 0b001101 10346 100 2097152 29470266 13030336 176759 11952
0b000901 0b000a01 10399 100 2097152 42457345 44164 44264 8121
0b000f01 0b000801 10381 100 2097152 41736984 770690 176699 10975
0b000501 0b000601 10396 100 2097152 42180625 346206 176759 11461
0b000c01 0b000d01 10364 100 2097152 32725154 9814745 176759 8060
0b000301 0b000401 10382 100 2097152 41197105 1347858 176759 10931
0b000201 0b000301 10392 100 2097152 42361297 184462 176759 8082
0b000a01 0b000b01 10406 100 2097152 42504519 44664 44264 8138
0b000501 0b000601 10397 100 2097152 42203109 346342 176759 8069
0b000801 0b000901 10392 100 2097152 42510684 44694 44264 10984
0b001001 0b001101 10347 100 2097152 29642014 12914912 176759 11968
0b001001 0b001101 10348 100 2097152 29642024 12914906 176759 11984
0b000f01 0b000801 10382 100 2097152 41746756 816878 176699 10047
0b000f01 0b000801 10383 100 2097152 41746807 816838 176699 11487
0b000c01 0b000d01 10365 100 2097152 32765826 9827021 176759 9436
0b000601 0b000701 10395 100 2097152 42086061 518836 176759 9558
0b000901 0b000a01 10400 100 2097152 42558388 47142 44264 11001
0b001901 0b001201 10051 100 2097152 42428717 180234 180639 12825
0b000601 0b000701 10396 100 2097152 42131033 491928 176759 8550
0b001b01 0b001c01 10348 100 2097152 42379452 243822 44264 12747
0b001b01 0b001c01 10349 100 2097152 42379492 243891 44264 12763
0b001b01 0b001c01 10350 100 2097152 42379574 243981 44264 12779
0b001b01 0b001c01 10351 100 2097152 42388925 243792 44264 12795
0b000701 0b000001 10388 100 2097152 41562621 1070310 176759 8519
0b000b01 0b000c01 10405 100 2097152 42377348 259448 176699 9051
0b001b01 0b001c01 10352 100 2097152 42404129 236201 44264 12811
0b001b01 0b001c01 10353 100 2097152 42438981 208325 44264 14219
0b000401 0b000501 10387 100 2097152 42412645 238666 176759 8068
0b000a01 0b000b01 10407 100 2097152 42608540 44660 44264 11018
0b000801 0b000901 10393 100 2097152 42566644 89909 44264 10056
0b000801 0b000901 10394 100 2097152 42566655 89902 44264 11496
0b001c01 0b001501 10049 100 2097152 42650316 48108 48204 14236
0b000601 0b000f01 10057 100 2097152 42529841 180300 180699 11478
0b001501 0b001601 10359 100 2097152 42701434 44164 44264 14245
0b000901 0b000a01 10401 100 2097152 42659563 88201 44264 10073
0b000901 0b000a01 10402 100 2097152 42659567 88201 44264 11513
0b001201 0b001301 10320 100 2097152 41507234 1265916 176759 12802
0b000601 0b000701 10397 100 2097152 42552461 238118 176759 8086
0b000401 0b000501 10388 100 2097152 42547973 244814 176759 10948
0b001601 0b001701 10373 100 2097152 42748638 44164 44264 14262
0b000301 0b000401 10383 100 2097152 41353149 1441392 176759 9011
0b000001 0b000901 10053 100 2097152 42635941 180222 180639 8528
0b000501 0b000601 10398 100 2097152 42654321 184052 176759 8085
0b001c01 0b001d01 10346 100 2097152 42626284 213038 44264 12764
0b001c01 0b001d01 10347 100 2097152 42626393 213269 44264 12780
0b001c01 0b001d01 10348 100 2097152 42626565 213353 44264 12796
0b001c01 0b001d01 10349 100 2097152 42635727 210186 44264 12812
0b001c01 0b001d01 10350 100 2097152 42643340 204466 44264 12828
0b000901 0b000a01 10403 100 2097152 42819173 44164 44264 8553
0b000301 0b000401 10384 100 2097152 41418821 1460484 176759 11443
0b000b01 0b000c01 10406 100 2097152 42552193 354389 176699 8155
0b000c01 0b000d01 10366 100 2097152 33129942 9780121 176759 8972
0b000a01 0b000b01 10408 100 2097152 42866347 44665 44264 8570
0b001001 0b001101 10349 100 2097152 30780399 12141460 176759 12768
0b000701 0b000001 10389 100 2097152 41722131 1219854 176759 9543
0b000001 0b000101 10386 100 2097152 41499829 1449008 176759 9488
0b001301 0b001401 10331 100 2097152 42776190 184688 176699 12819
0b000701 0b000801 10056 100 2097152 42793589 180222 180639 8103
0b000501 0b000e01 10055 100 2097152 42795797 180300 180699 10965
0b001701 0b001001 10374 100 2097152 42795812 183901 176699 14279
0b000001 0b000101 10387 100 2097152 41522625 1462824 176759 9008
0b001401 0b001501 10345 100 2097152 42963918 44164 44264 12836
0b000b01 0b000c01 10407 100 2097152 42656210 357886 176699 11035
0b000801 0b000901 10395 100 2097152 42976821 44671 44264 8120
0b000601 0b000701 10398 100 2097152 42841383 184386 176759 8102
0b000f01 0b000801 10384 100 2097152 42061124 967225 176699 10991
0b000f01 0b000801 10385 100 2097152 42074856 967225 176699 10063
0b000001 0b000101 10388 100 2097152 41577029 1472796 176759 9504
0b001501 0b001601 10360 100 2097152 43011092 44164 44264 12853
0b001d01 0b001e01 10344 100 2097152 42842362 214617 44264 12781
0b000f01 0b000801 10386 100 2097152 42100732 956929 176699 8975
0b001d01 0b001e01 10345 100 2097152 42842702 215541 44264 12797
0b001d01 0b001e01 10346 100 2097152 42842958 215667 44264 12813
0b001d01 0b001e01 10347 100 2097152 42848953 213618 44264 12829
0b001d01 0b001e01 10348 100 2097152 42850846 212232 44264 12845
0b000f01 0b000801 10387 100 2097152 42130304 937301 176699 8511
0b000901 0b000a01 10404 100 2097152 43024502 47279 44264 8137
0b001601 0b001701 10374 100 2097152 43058296 44164 44264 12870
0b001101 0b001a01 10049 100 2097152 42924869 180222 180639 12785
0b000401 0b000501 10389 100 2097152 42797551 308416 176759 9028
0b000d01 0b000e01 10367 100 2097152 41496036 1615015 176759 11389
0b000001 0b000101 10389 100 2097152 41638453 1475480 176759 9024
0b000a01 0b000b01 10409 100 2097152 43074791 44682 44264 8154
0b000801 0b000901 10396 100 2097152 43031359 99210 44264 11000
0b001a01 0b001b01 10360 100 2097152 43108131 44164 44264 12810
0b000c01 0b000d01 10367 100 2097152 33434998 9717877 176759 8988
0b000b01 0b000c01 10408 100 2097152 42914022 241114 176699 8587
0b000801 0b000901 10397 100 2097152 43045091 113689 44264 10072
0b000e01 0b000f01 10377 100 2097152 42979107 184863 176759 10990
0b000001 0b000101 10390 100 2097152 41706957 1458004 176759 9520
0b000801 0b000901 10398 100 2097152 43060671 106141 44264 8984
0b000f01 0b000801 10388 100 2097152 42713151 464863 176699 11503
0b000901 0b000a01 10405 100 2097152 43133579 45678 44264 11017
0b001b01 0b001c01 10354 100 2097152 43155335 44164 44264 12827
0b000701 0b000801 10057 100 2097152 43028779 188940 180639 8119
0b000401 0b000501 10390 100 2097152 42882315 344180 176759 11460
0b000a01 0b000b01 10410 100 2097152 43182267 44164 44264 11034
0b000801 0b000901 10399 100 2097152 43181024 49561 44264 11512
0b000c01 0b000d01 10368 100 2097152 33548344 9685790 176759 10908
0b000c01 0b000d01 10369 100 2097152 33553955 9683967 176759 9452
0b000101 0b000a01 10054 100 2097152 42988459 250599 180639 9025
0b000c01 0b000d01 10370 100 2097152 33559894 9685424 176759 11420
0b000101 0b000201 10390 100 2097152 42951847 294476 176759 9505
0b001c01 0b001d01 10351 100 2097152 43202509 44164 44264 12844
0b000801 0b000101 10052 100 2097152 43070615 188009 180639 8520
0b000001 0b000101 10391 100 2097152 41897473 1370236 176759 10912
0b000d01 0b000e01 10368 100 2097152 41522320 1745579 176759 9437
0b000801 0b000901 10400 100 2097152 43220729 49561 44264 8136
0b000001 0b000101 10392 100 2097152 41904885 1365636 176759 9536
0b001e01 0b001f01 10341 100 2097152 43059989 214583 44264 12798
0b001e01 0b001f01 10342 100 2097152 43061253 218588 44264 12814
0b001e01 0b001f01 10343 100 2097152 43061635 218756 44264 12830
0b001e01 0b001f01 10344 100 2097152 43065581 217665 44264 12846
0b001e01 0b001f01 10345 100 2097152 43066088 217291 44264 12862
0b000301 0b000401 10385 100 2097152 41733847 1552950 176759 8515
0b000a01 0b000b01 10411 100 2097152 43242068 45399 44264 9050
0b001701 0b001001 10375 100 2097152 43105470 183839 176699 12887
0b001d01 0b001e01 10349 100 2097152 43249713 45629 44264 12861
0b000e01 0b000701 10052 100 2097152 43114061 184728 180699 11406
0b000001 0b000101 10393 100 2097152 42052657 1252292 176759 9040
0b001001 0b001101 10350 100 2097152 32121179 11190931 176759 13248
0b000701 0b000001 10390 100 2097152 41902869 1411898 176759 10919
0b000901 0b000a01 10406 100 2097152 43273300 44778 44264 8153
0b001001 0b001101 10351 100 2097152 32180275 11150319 176759 13728
0b001e01 0b001f01 10346 100 2097152 43298352 46181 44264 12878
0b000501 0b000601 10399 100 2097152 43108977 239536 176759 9045
0b000f01 0b000801 10389 100 2097152 43166980 185467 176699 11007
0b000901 0b000201 10052 100 2097152 43169822 184097 180639 9001
0b000701 0b000001 10391 100 2097152 41924433 1438320 176759 8535
0b000101 0b000a01 10055 100 2097152 43116943 277557 180639 9041
0b000301 0b000401 10386 100 2097152 41837781 1559710 176759 8067
0b000801 0b000901 10401 100 2097152 43355457 44164 44264 11016
0b000c01 0b000d01 10371 100 2097152 33743827 9663453 176759 10028
0b000d01 0b000601 10052 100 2097152 43237144 180300 180699 10925
0b001201 0b001301 10321 100 2097152 41695308 1733230 176759 13602
0b000201 0b000b01 10055 100 2097152 43249333 184948 180639 9522
0b000a01 0b000b01 10412 100 2097152 43397510 47876 44264 9066
0b000901 0b000a01 10407 100 2097152 43402631 46024 44264 11033
0b000e01 0b000f01 10378 100 2097152 43270909 184753 176759 9454
0b000d01 0b000e01 10369 100 2097152 41543672 1924719 176759 8493
0b000501 0b000601 10400 100 2097152 43229505 242266 176759 11477
0b001001 0b001101 10352 100 2097152 32757795 10736047 176759 14208
0b000001 0b000101 10394 100 2097152 42944995 553018 176759 9552
0b001f01 0b001801 10330 100 2097152 43277612 225547 44264 12815
0b001001 0b001101 10353 100 2097152 32799643 10704059 176759 14688
0b000b01 0b000c01 10409 100 2097152 43290477 221851 176699 9067
0b000d01 0b000e01 10370 100 2097152 41552140 1966875 176759 8509
0b000301 0b000401 10387 100 2097152 41960875 1559056 176759 10947
0b000101 0b000a01 10056 100 2097152 43307959 221442 180639 9057
0b001f01 0b001801 10331 100 2097152 43282881 246604 44264 12831
0b001f01 0b001801 10332 100 2097152 43283431 247199 44264 12847
0b000c01 0b000d01 10372 100 2097152 33875982 9657338 176759 8524
0b001f01 0b001801 10333 100 2097152 43286286 247315 44264 12863
0b001f01 0b001801 10334 100 2097152 43286419 247227 44264 12879
0b000201 0b000301 10393 100 2097152 43356929 184960 176759 9010
0b000001 0b000901 10054 100 2097152 43365763 180222 180639 8544
0b001f01 0b001801 10335 100 2097152 43347573 198439 44264 12895
0b000301 0b000401 10388 100 2097152 42034179 1538012 176759 8531
0b000301 0b000401 10389 100 2097152 42039463 1535456 176759 8083
0b000a01 0b000b01 10413 100 2097152 43532411 46808 44264 9082
0b000901 0b000a01 10408 100 2097152 43548995 45484 44264 8569
0b000001 0b000101 10395 100 2097152 43317777 283376 176759 10928
0b000c01 0b000d01 10373 100 2097152 33982966 9623246 176759 10924
0b001301 0b001c01 10041 100 2097152 43431578 180222 180639 13619
0b000301 0b000401 10390 100 2097152 42153289 1472154 176759 8547
0b000301 0b000401 10391 100 2097152 42168057 1461878 176759 11459
0b001801 0b001901 10334 100 2097152 43506199 133171 44264 12824
0b000a01 0b000b01 10414 100 2097152 43597489 44674 44264 8586
0b000f01 0b000801 10390 100 2097152 43458672 184115 176699 9471
0b000701 0b000001 10392 100 2097152 42078613 1564584 176759 9559
0b000c01 0b000d01 10374 100 2097152 34012862 9631082 176759 10940
0b001201 0b001301 10322 100 2097152 41761880 1884914 176759 15026
0b001201 0b001301 10323 100 2097152 41761968 1884830 176759 14546
0b001201 0b001301 10324 100 2097152 41761972 1884830 176759 14082
0b001201 0b001301 10325 100 2097152 41761976 1884830 176759 13618
0b000601 0b000701 10399 100 2097152 43351523 300150 176759 9062
0b000701 0b000001 10393 100 2097152 42088397 1568456 176759 10935
0b001c01 0b001d01 10352 100 2097152 43614810 44164 44264 13644
0b000601 0b000f01 10058 100 2097152 43474781 184351 180699 11494
0b001201 0b001301 10326 100 2097152 41785952 1884702 176759 14562
0b000801 0b000901 10402 100 2097152 43645797 44487 44264 9480
0b000301 0b000401 10392 100 2097152 42548769 1154830 176759 8099
0b001d01 0b001e01 10350 100 2097152 43662014 44164 44264 13661
0b000601 0b000701 10400 100 2097152 43420454 300043 176759 10934
0b001201 0b001301 10327 100 2097152 41868768 1861374 176759 15042
0b001201 0b001301 10328 100 2097152 41868772 1861374 176759 14098
0b000901 0b000a01 10409 100 2097152 43693294 44164 44264 9497
0b001e01 0b001f01 10347 100 2097152 43709188 44164 44264 13678
0b001801 0b001901 10335 100 2097152 43532525 233248 44264 12840
0b001801 0b001901 10336 100 2097152 43533670 234497 44264 12856
0b001801 0b001901 10337 100 2097152 43536641 234644 44264 12872
0b001801 0b001901 10338 100 2097152 43536686 234600 44264 12888
0b001801 0b001901 10339 100 2097152 43549052 224848 44264 12904
0b000101 0b000201 10391 100 2097152 43052835 735934 176759 9521
0b001201 0b001301 10329 100 2097152 42048968 1741110 176759 11874
0b000e01 0b000f01 10379 100 2097152 43471401 318781 176759 8510
0b001f01 0b001801 10336 100 2097152 43756392 44927 44264 13695
0b000c01 0b000d01 10375 100 2097152 34215890 9590582 176759 11436
0b000701 0b000001 10394 100 2097152 42229305 1589660 176759 9047
0b001301 0b001c01 10042 100 2097152 43649846 180222 180639 13635
0b000c01 0b000d01 10376 100 2097152 34257418 9578362 176759 8540
0b000301 0b000401 10393 100 2097152 43544899 292796 176759 9027
0b000401 0b000501 10391 100 2097152 43289807 547984 176759 8532
0b000e01 0b000f01 10380 100 2097152 43522025 318769 176759 8526
0b001801 0b001901 10340 100 2097152 43804329 44164 44264 13704
0b001201 0b001301 10330 100 2097152 42343388 1505654 176759 12818
0b000701 0b000001 10395 100 2097152 42281561 1589684 176759 9063
0b001201 0b001301 10331 100 2097152 42611991 1261431 176759 12834
0b001c01 0b001d01 10353 100 2097152 43833078 44164 44264 13660
0b000c01 0b000d01 10377 100 2097152 34324238 9555898 176759 10044
0b000c01 0b000d01 10378 100 2097152 34324498 9555726 176759 10060
0b000c01 0b000d01 10379 100 2097152 34334834 9551378 176759 9468
0b001901 0b001a01 10349 100 2097152 43851533 44164 44264 13721
0b000701 0b000001 10396 100 2097152 42320733 1579556 176759 8551
0b000a01 0b000301 10054 100 2097152 43740468 180234 180639 9514
0b000f01 0b000801 10391 100 2097152 43662142 262351 176699 11519
0b001d01 0b001e01 10351 100 2097152 43880282 44164 44264 13677
0b000d01 0b000601 10053 100 2097152 43609222 320820 180699 10941
0b000c01 0b000d01 10380 100 2097152 34412770 9519994 176759 10956
0b001a01 0b001b01 10361 100 2097152 43898737 44164 44264 13738
0b001e01 0b001f01 10348 100 2097152 43927456 44164 44264 13694
0b000201 0b000b01 10056 100 2097152 43791779 180461 180639 9538
0b000c01 0b000d01 10381 100 2097152 34490522 9484402 176759 8076
0b001901 0b001201 10052 100 2097152 43642410 350250 180639 12841
0b000d01 0b000601 10054 100 2097152 43646954 346608 180699 10957
0b001b01 0b001401 10049 100 2097152 43945941 48396 48204 13755
0b001f01 0b001801 10337 100 2097152 43974630 44164 44264 13711
0b000501 0b000601 10401 100 2097152 43840801 188570 176759 8549
0b001401 0b001501 10346 100 2097152 43997377 44670 44264 13764
0b000b01 0b000c01 10410 100 2097152 43437291 609253 176699 9547
0b000701 0b000001 10397 100 2097152 42607907 1453519 176759 9575
0b001801 0b001901 10341 100 2097152 44021804 44164 44264 13720
0b000701 0b000001 10398 100 2097152 42625971 1443975 176759 8567
0b000c01 0b000d01 10382 100 2097152 34663894 9413042 176759 10972
0b001501 0b001601 10361 100 2097152 44045057 44164 44264 13781
0b000d01 0b000e01 10371 100 2097152 41683092 2406971 176759 8957
0b000001 0b000901 10055 100 2097152 43903299 186774 180639 8560
0b000b01 0b000c01 10411 100 2097152 43448396 643672 176699 9083
0b000301 0b000401 10394 100 2097152 43923712 184539 176759 9523
0b001901 0b001a01 10350 100 2097152 44069008 44164 44264 13737
0b000101 0b000201 10392 100 2097152 43167971 966146 176759 9537
0b001601 0b001701 10375 100 2097152 44092261 44164 44264 13798
0b000901 0b000a01 10410 100 2097152 44093083 44164 44264 8585
0b000c01 0b000d01 10383 100 2097152 34837282 9308266 176759 11452
0b001a01 0b001b01 10362 100 2097152 44116212 44164 44264 13754
0b000c01 0b000d01 10384 100 2097152 34895570 9272606 176759 10988
0b000f01 0b000801 10392 100 2097152 43793192 385383 176699 8527
0b001201 0b001301 10332 100 2097152 43995700 184862 176759 12850
0b000a01 0b000b01 10415 100 2097152 44140257 44679 44264 8602
0b000d01 0b000e01 10372 100 2097152 41707340 2484483 176759 8973
0b000f01 0b000801 10393 100 2097152 43843804 360119 176699 8543
0b001b01 0b001401 10050 100 2097152 44163416 48636 48204 13771
0b000001 0b000101 10396 100 2097152 43646207 567322 176759 9568
0b000d01 0b000601 10055 100 2097152 43935774 278136 180699 10973
0b000c01 0b000d01 10385 100 2097152 34987875 9226085 176759 10076
0b000001 0b000901 10056 100 2097152 44072956 186729 180639 8576
0b001401 0b001501 10347 100 2097152 44215092 44694 44264 13780
0b000001 0b000101 10397 100 2097152 43659863 607962 176759 10944
0b000b01 0b000c01 10412 100 2097152 43582229 694679 176699 9099
0b000701 0b000001 10399 100 2097152 43301799 998323 176759 11415
0b000901 0b000a01 10411 100 2097152 44262695 44164 44264 8601
0b001501 0b001601 10362 100 2097152 44262796 44164 44264 13797
0b000d01 0b000e01 10373 100 2097152 41743060 2573675 176759 8029
0b000d01 0b000e01 10374 100 2097152 41743068 2573755 176759 11405
0b000d01 0b000e01 10375 100 2097152 41743070 2573757 176759 8045
0b000201 0b000b01 10057 100 2097152 44137127 180222 180639 9554
0b001701 0b001001 10376 100 2097152 44139435 184081 176699 13815
0b000101 0b000201 10393 100 2097152 43261634 1067087 176759 8529
0b000c01 0b000d01 10386 100 2097152 35241868 9095112 176759 9004
0b000c01 0b000d01 10387 100 2097152 35247533 9091915 176759 11468
0b000101 0b000201 10394 100 2097152 43270719 1075958 176759 10929
0b000101 0b000201 10395 100 2097152 43273531 1076670 176759 9553
0b001601 0b001701 10376 100 2097152 44310000 44316 44264 13814
0b000a01 0b000b01 10416 100 2097152 44309869 44661 44264 8618
0b000b01 0b000c01 10413 100 2097152 43645173 709423 176699 8603
0b000401 0b000501 10392 100 2097152 43400501 969060 176759 8084
0b000601 0b000701 10401 100 2097152 43933052 446788 176759 10950
0b000701 0b000001 10400 100 2097152 43654683 739251 176759 9079
0b000e01 0b000f01 10381 100 2097152 44093073 308397 176759 8974
0b000701 0b000001 10401 100 2097152 43723507 680791 176759 10951
0b000c01 0b000d01 10388 100 2097152 35414998 9005638 176759 9020
0b001001 0b001101 10354 100 2097152 35801399 8644838 176759 12784
0b000d01 0b000601 10056 100 2097152 44079946 370692 180699 10989
0b001001 0b001101 10355 100 2097152 35942971 8548330 176759 14704
0b000d01 0b000601 10057 100 2097152 44171186 325080 180699 11005
0b000801 0b000101 10053 100 2097152 44181585 316910 180639 8536
0b000e01 0b000701 10053 100 2097152 44319833 180300 180699 11422
0b000c01 0b000d01 10389 100 2097152 35599502 8916358 176759 9484
0b001001 0b001101 10356 100 2097152 36032007 8484466 176759 15184
0b001001 0b001101 10357 100 2097152 36037615 8481146 176759 13264
0b001901 0b001201 10057 100 2097152 43776940 748563 180639 12921
0b000201 0b000b01 10058 100 2097152 44353211 180239 180639 9570
0b000801 0b000101 10054 100 2097152 44206933 331050 180639 8552
0b000101 0b000201 10396 100 2097152 43501023 1038906 176759 9569
0b001701 0b001001 10377 100 2097152 44357326 183895 176699 13831
0b000d01 0b000e01 10376 100 2097152 41850356 2698299 176759 11421
0b001001 0b001101 10358 100 2097152 36222535 8333415 176759 13744
0b000501 0b000601 10402 100 2097152 44372571 193232 176759 8101
0b001901 0b001201 10056 100 2097152 43774365 800699 180639 12905
0b000f01 0b000801 10394 100 2097152 44404480 184731 176699 8991
0b001001 0b001101 10359 100 2097152 36407246 8203356 176759 12800
0b000001 0b000101 10398 100 2097152 43821975 801514 176759 9056
0b000101 0b000201 10397 100 2097152 43604163 1022202 176759 10945
0b000601 0b000701 10402 100 2097152 43996572 637364 176759 10966
0b000801 0b000901 10403 100 2097152 44592221 44164 44264 9000
0b001101 0b001a01 10050 100 2097152 44449247 192091 180639 12801
0b000701 0b000001 10402 100 2097152 44382850 279808 176759 10967
0b001901 0b001201 10055 100 2097152 43774325 894835 180639 12889
0b001901 0b001201 10054 100 2097152 43771207 917205 180639 12873
0b001a01 0b001b01 10363 100 2097152 44644378 44164 44264 12826
0b001001 0b001101 10360 100 2097152 36720621 7977653 176759 14224
0b001101 0b001201 10310 100 2097152 37100810 7602830 176759 14561
0b000b01 0b000c01 10414 100 2097152 43975250 729598 176699 9563
0b001901 0b001201 10053 100 2097152 43768813 936848 180639 12857
0b000e01 0b000f01 10382 100 2097152 44194833 511845 176759 8990
0b000201 0b000301 10394 100 2097152 44331731 378326 176759 8546
0b000001 0b000101 10399 100 2097152 43874255 844998 176759 9072
0b000601 0b000701 10403 100 2097152 44032381 691607 176759 8566
0b000e01 0b000701 10054 100 2097152 44551665 180300 180699 11438
0b001b01 0b001c01 10355 100 2097152 44691582 44164 44264 12843
0b000201 0b000b01 10059 100 2097152 44542939 197755 180639 9586
0b000201 0b000301 10395 100 2097152 44349687 396102 176759 10946
0b001001 0b001101 10361 100 2097152 36932495 7821927 176759 15200
0b001c01 0b001d01 10354 100 2097152 44738756 44164 44264 12860
0b001101 0b001a01 10051 100 2097152 44613612 192038 180639 12817
0b001001 0b001101 10362 100 2097152 37171763 7645495 176759 14240
0b001001 0b001101 10363 100 2097152 37177371 7639975 176759 14720
0b000901 0b000201 10053 100 2097152 44639395 184130 180639 9017
0b001d01 0b001e01 10352 100 2097152 44785960 44164 44264 12877
0b000e01 0b000f01 10383 100 2097152 44319745 511805 176759 8046
0b000e01 0b000f01 10384 100 2097152 44319837 511717 176759 8062
0b001a01 0b001b01 10364 100 2097152 44808690 44164 44264 12842
0b000401 0b000501 10393 100 2097152 43522941 1341244 176759 10964
0b001001 0b001101 10364 100 2097152 37403423 7467963 176759 15216
0b001e01 0b001f01 10349 100 2097152 44833134 44164 44264 12894
0b000101 0b000a01 10057 100 2097152 44626499 260610 180639 9073
0b000f01 0b000801 10395 100 2097152 44709688 181822 176699 9007
0b001b01 0b001c01 10356 100 2097152 44855894 44164 44264 12859
0b001f01 0b001801 10338 100 2097152 44880308 44164 44264 12911
0b000a01 0b000b01 10417 100 2097152 44890119 44664 44264 9098
0b000801 0b000901 10404 100 2097152 44894520 44164 44264 9016
0b000201 0b000301 10396 100 2097152 44629375 315122 176759 10962
0b000b01 0b000c01 10415 100 2097152 44187946 757210 176699 8619
0b001c01 0b001d01 10355 100 2097152 44903068 44164 44264 12876
0b000001 0b000101 10400 100 2097152 44064436 892421 176759 9584
0b001101 0b001201 10311 100 2097152 37171722 7788030 176759 14577
0b000c01 0b000d01 10390 100 2097152 36550186 8419246 176759 11004
0b001801 0b001901 10342 100 2097152 44927482 44164 44264 12920
0b000601 0b000701 10404 100 2097152 44216920 764232 176759 10982
0b000401 0b000501 10394 100 2097152 43575201 1409360 176759 8548
0b000101 0b000a01 10058 100 2097152 44722263 262691 180639 9089
0b000401 0b000501 10395 100 2097152 43577929 1410416 176759 8100
0b001d01 0b001e01 10353 100 2097152 44950272 44164 44264 12893
0b000101 0b000201 10398 100 2097152 44216539 812550 176759 9585
0b000a01 0b000b01 10418 100 2097152 44987964 44671 44264 9114
0b000401 0b000501 10396 100 2097152 43628453 1410496 176759 8564
0b001001 0b001101 10365 100 2097152 38053935 6987663 176759 13280
0b001e01 0b001f01 10350 100 2097152 44997446 44164 44264 12910
0b000401 0b000501 10397 100 2097152 43632945 1408824 176759 11476
0b000501 0b000e01 10056 100 2097152 44867195 180316 180699 10981
0b000101 0b000201 10399 100 2097152 44270835 785450 176759 10961
0b000701 0b000001 10403 100 2097152 44503143 560175 176759 11431
0b000401 0b000501 10398 100 2097152 43706609 1366928 176759 8116
0b000201 0b000301 10397 100 2097152 44826535 254482 176759 9026
0b001f01 0b001801 10339 100 2097152 45044620 44164 44264 12927
0b000301 0b000401 10395 100 2097152 44713067 387746 176759 8563
0b000b01 0b000c01 10416 100 2097152 44320359 784433 176699 9579
0b000401 0b000501 10399 100 2097152 43840705 1268580 176759 9044
0b000901 0b000201 10054 100 2097152 44941694 180234 180639 9033
0b001801 0b001901 10343 100 2097152 45091794 44164 44264 12936
0b000b01 0b000c01 10417 100 2097152 44357540 788060 176699 8635
0b000d01 0b000601 10058 100 2097152 44972442 180300 180699 11021
0b001901 0b001201 10058 100 2097152 44974686 180250 180639 12937
0b000101 0b000201 10400 100 2097152 44501505 654400 176759 8545
0b000101 0b000201 10401 100 2097152 44540993 622836 176759 8561
0b000401 0b000501 10400 100 2097152 44111261 1066668 176759 9540
0b001001 0b001101 10366 100 2097152 38561663 6620663 176759 14736
0b000601 0b000701 10405 100 2097152 44453648 733137 176759 10998
0b000f01 0b000001 10053 100 2097152 44834560 356448 180699 8063
0b000f01 0b000001 10054 100 2097152 44834570 356454 180699 8079
0b000301 0b000401 10396 100 2097152 44748799 460958 176759 10963
0b001001 0b001101 10367 100 2097152 38668161 6542677 176759 15232
0b001301 0b001401 10332 100 2097152 43649834 1563952 176699 15043
0b001301 0b001401 10333 100 2097152 43649838 1563952 176699 14563
0b001301 0b001401 10334 100 2097152 43649842 1563952 176699 14099
0b000601 0b000701 10406 100 2097152 44499276 719281 176759 11014
0b000b01 0b000c01 10418 100 2097152 44536460 687848 176699 9595
0b000d01 0b000e01 10377 100 2097152 42173948 3053383 176759 8061
0b000001 0b000101 10401 100 2097152 44303132 927341 176759 11424
0b000e01 0b000f01 10385 100 2097152 45050521 189541 176759 11006
0b000601 0b000701 10407 100 2097152 44568813 677732 176759 8118
0b001401 0b001d01 10042 100 2097152 45216834 48108 48204 14116
0b001301 0b001401 10335 100 2097152 43673694 1595544 176699 14579
0b001001 0b001101 10368 100 2097152 39031379 6271755 176759 13760
0b001d01 0b001e01 10354 100 2097152 45267982 44164 44264 14141
0b001001 0b001101 10369 100 2097152 39072891 6240891 176759 13776
0b000b01 0b000c01 10419 100 2097152 44937793 382151 176699 9115
0b001401 0b001501 10348 100 2097152 45216826 106037 44264 15060
0b001401 0b001501 10349 100 2097152 45216830 106037 44264 14580
0b001901 0b001201 10059 100 2097152 45138998 192102 180639 12953
0b000c01 0b000d01 10391 100 2097152 37367330 7966636 176759 8092
0b001401 0b001501 10350 100 2097152 45272278 79148 44264 14596
0b001301 0b001401 10336 100 2097152 43733182 1625376 176699 15059
0b001301 0b001401 10337 100 2097152 43733186 1625376 176699 14115
0b000701 0b000001 10404 100 2097152 44636946 721804 176759 10983
0b001e01 0b001f01 10351 100 2097152 45315156 44164 44264 14158
0b001001 0b001101 10370 100 2097152 39311539 6054831 176759 14256
0b001501 0b001601 10363 100 2097152 45325873 46121 44264 15077
0b000001 0b000101 10402 100 2097152 44396944 975929 176759 9088
0b000001 0b000101 10403 100 2097152 44407308 977797 176759 10960
0b001501 0b001e01 10042 100 2097152 45325877 64964 48204 14597
0b001001 0b001101 10371 100 2097152 39461099 5935523 176759 13792
0b001301 0b001401 10338 100 2097152 43793118 1605224 176699 11891
0b001001 0b001101 10372 100 2097152 39484911 5917163 176759 12816
0b001f01 0b001801 10340 100 2097152 45362330 45359 44264 14175
0b000601 0b000701 10408 100 2097152 45155752 253145 176759 11030
0b000301 0b000401 10397 100 2097152 44947507 462134 176759 10979
0b001401 0b001501 10351 100 2097152 45361598 49450 44264 15076
0b001401 0b001d01 10043 100 2097152 45361602 51735 48204 14132
0b000e01 0b000f01 10386 100 2097152 45230341 189513 176759 8078
0b001501 0b001e01 10043 100 2097152 45354436 67412 48204 14613
0b001301 0b001401 10339 100 2097152 43852082 1571608 176699 12835
0b001601 0b001f01 10043 100 2097152 45375034 50112 48204 15094
0b000f01 0b000801 10396 100 2097152 45243072 184314 176699 11023
0b000701 0b000801 10058 100 2097152 45249555 180223 180639 8135
0b001301 0b001401 10340 100 2097152 43876462 1553392 176699 12851
0b000c01 0b000d01 10392 100 2097152 37570914 7866460 176759 9500
0b000c01 0b000d01 10393 100 2097152 37576522 7863232 176759 8556
0b000101 0b000201 10402 100 2097152 45233483 214754 176759 11441
0b000401 0b000501 10401 100 2097152 45103823 348642 176759 8580
0b001e01 0b001f01 10352 100 2097152 45393851 61043 44264 14622
0b000301 0b000401 10398 100 2097152 45084027 371114 176759 9043
0b001801 0b001901 10344 100 2097152 45410699 45426 44264 14184
0b001501 0b001601 10364 100 2097152 45414058 47835 44264 15093
0b001d01 0b001e01 10355 100 2097152 45416377 46197 44264 14157
0b001301 0b001401 10341 100 2097152 44183602 1281100 176699 12867
0b001101 0b001201 10312 100 2097152 37332986 8141566 176759 15041
0b001f01 0b001801 10341 100 2097152 45428156 64007 44264 15119
0b001901 0b001a01 10351 100 2097152 45459165 44559 44264 14201
0b001e01 0b001f01 10353 100 2097152 45424858 79634 44264 14638
0b001401 0b001501 10352 100 2097152 45401382 104667 44264 11908
0b001601 0b001f01 10044 100 2097152 45464933 48636 48204 15110
0b000801 0b000901 10405 100 2097152 45430396 85828 44264 11032
0b000801 0b000901 10406 100 2097152 45432788 85813 44264 8152
0b001001 0b001101 10373 100 2097152 40117983 5404011 176759 14272
0b001e01 0b001f01 10354 100 2097152 45465584 65663 44264 14174
0b001801 0b001901 10345 100 2097152 45495203 46735 44264 15128
0b001f01 0b001801 10342 100 2097152 45457904 86337 44264 14639
0b001a01 0b001b01 10365 100 2097152 45506764 44565 44264 14218
0b000101 0b000a01 10059 100 2097152 45375883 180222 180639 9105
0b001501 0b001601 10365 100 2097152 45509059 49898 44264 11925
0b000701 0b000001 10405 100 2097152 44726998 835571 176759 8583
0b001401 0b001501 10353 100 2097152 45426730 142405 44264 12852
0b000701 0b000001 10406 100 2097152 44734975 838158 176759 11447
0b001401 0b001501 10354 100 2097152 45432894 142346 44264 12868
0b001101 0b001a01 10052 100 2097152 45405084 180242 180639 12833
0b000c01 0b000d01 10394 100 2097152 37881312 7704626 176759 11484
0b001401 0b001501 10355 100 2097152 45467742 119470 44264 12884
0b001901 0b001a01 10352 100 2097152 45544948 46169 44264 15145
0b001801 0b001901 10346 100 2097152 45547281 48839 44264 14648
0b001b01 0b001c01 10357 100 2097152 45554369 45009 44264 14235
0b000101 0b000201 10403 100 2097152 45388115 214934 176759 10977
0b000f01 0b000001 10055 100 2097152 45422864 181802 180699 8095
0b001601 0b001701 10377 100 2097152 45561997 46729 44264 11942
0b001001 0b001101 10374 100 2097152 40579803 5034263 176759 13808
0b000001 0b000101 10404 100 2097152 44665668 957869 176759 10976
0b001f01 0b001801 10343 100 2097152 45507502 133908 44264 14655
0b001901 0b001a01 10353 100 2097152 45599130 46200 44264 14665
0b000201 0b000301 10398 100 2097152 45059295 588510 176759 10978
0b001f01 0b001801 10344 100 2097152 45516579 133620 44264 15135
0b001c01 0b001501 10050 100 2097152 45602388 48108 48204 14252
0b001f01 0b001801 10345 100 2097152 45534257 121883 44264 14191
0b001701 0b001801 10057 100 2097152 45611736 48635 48204 11959
0b000401 0b000501 10402 100 2097152 45212767 450330 176759 10980
0b001101 0b001201 10313 100 2097152 37403722 8269986 176759 15057
0b001a01 0b001b01 10366 100 2097152 45588366 97100 44264 12858
0b001a01 0b001b01 10367 100 2097152 45594157 102982 44264 15162
0b001501 0b001601 10366 100 2097152 45572145 127819 44264 12869
0b001501 0b001601 10367 100 2097152 45578250 139791 44264 12885
0b001a01 0b001b01 10368 100 2097152 45648370 76030 44264 14682
0b001501 0b001601 10368 100 2097152 45590222 139899 44264 12901
0b000001 0b000901 10057 100 2097152 45565579 181922 180639 8592
0b001501 0b001601 10369 100 2097152 45653506 98662 44264 14261
0b000701 0b000001 10407 100 2097152 44984162 775483 176759 10999
0b001001 0b001101 10375 100 2097152 41296051 4484975 176759 12832
0b001b01 0b001c01 10358 100 2097152 45688506 98529 44264 12875
0b000c01 0b000d01 10395 100 2097152 38316610 7471312 176759 9036
0b001801 0b001901 10347 100 2097152 45644420 144432 44264 14664
0b000901 0b000a01 10412 100 2097152 45750511 44164 44264 8617
0b001b01 0b001c01 10359 100 2097152 45700179 110006 44264 15179
0b001601 0b001701 10378 100 2097152 45703004 108229 44264 12886
0b000101 0b000201 10404 100 2097152 45626547 184754 176759 10993
0b001801 0b001901 10348 100 2097152 45653209 161793 44264 15144
0b001801 0b001901 10349 100 2097152 45659180 161918 44264 14200
0b001801 0b001901 10350 100 2097152 45663411 159162 44264 11976
0b001b01 0b001c01 10360 100 2097152 45727440 96410 44264 14699
0b000301 0b000401 10399 100 2097152 45650815 185942 176759 10995
0b000a01 0b000b01 10419 100 2097152 45797685 44164 44264 8634
0b000501 0b000e01 10057 100 2097152 45666107 180300 180699 10997
0b000701 0b000001 10408 100 2097152 45189795 668246 176759 11015
0b001601 0b001701 10379 100 2097152 45721081 142439 44264 12902
0b000701 0b000001 10409 100 2097152 45221567 642814 176759 11031
0b000401 0b000501 10403 100 2097152 45412651 457314 176759 10996
0b001c01 0b001d01 10356 100 2097152 45790045 83021 44264 12892
0b001601 0b001701 10380 100 2097152 45733161 142002 44264 12918
0b001601 0b001701 10381 100 2097152 45755208 127115 44264 14278
0b001901 0b001a01 10354 100 2097152 45791892 96466 44264 14681
0b000401 0b000501 10404 100 2097152 45458151 444294 176759 9060
0b000d01 0b000e01 10378 100 2097152 42502861 3410810 176759 8525
0b001c01 0b001d01 10357 100 2097152 45813195 105933 44264 15196
0b001d01 0b001e01 10356 100 2097152 45876106 48469 44264 12909
0b001c01 0b001d01 10358 100 2097152 45826860 99138 44264 14716
0b000201 0b000301 10399 100 2097152 45124938 814037 176759 9042
0b001a01 0b001b01 10369 100 2097152 45891398 48377 44264 14698
0b001001 0b001101 10376 100 2097152 41738418 4220980 176759 12848
0b001101 0b001a01 10053 100 2097152 45784036 180222 180639 12849
0b001901 0b001a01 10355 100 2097152 45818042 147262 44264 15161
0b001d01 0b001e01 10357 100 2097152 45922168 46195 44264 15213
0b001901 0b001a01 10356 100 2097152 45824138 147133 44264 14217
0b001901 0b001a01 10357 100 2097152 45825613 146165 44264 11993
0b001e01 0b001f01 10355 100 2097152 45927585 46020 44264 12926
0b001b01 0b001c01 10361 100 2097152 45942815 45844 44264 14715
0b001d01 0b001601 10050 100 2097152 45929038 63015 48204 14733
0b000d01 0b000e01 10379 100 2097152 42542909 3454718 176759 8077
0b001001 0b001101 10377 100 2097152 41970739 4040715 176759 14752
0b001f01 0b001801 10346 100 2097152 45976645 44164 44264 12943
0b001e01 0b001701 10051 100 2097152 45971373 49584 48204 15230
0b000201 0b000301 10400 100 2097152 45158915 864628 176759 8562
0b000c01 0b000d01 10396 100 2097152 38843162 7189300 176759 8572
0b000201 0b000301 10401 100 2097152 45166839 867268 176759 8578
0b001c01 0b001d01 10359 100 2097152 45991669 44164 44264 14732
0b001601 0b001701 10382 100 2097152 45995093 44665 44264 14742
0b001001 0b001101 10378 100 2097152 42120215 3919575 176759 12864
0b000501 0b000e01 10058 100 2097152 45872975 182182 180699 11013
0b000401 0b000501 10405 100 2097152 45839767 223904 176759 11012
0b001801 0b001901 10351 100 2097152 46023849 44164 44264 12952
0b001001 0b001101 10379 100 2097152 42433019 3660127 176759 12880
0b001d01 0b001601 10051 100 2097152 46038873 56388 48204 14749
0b001a01 0b001b01 10370 100 2097152 45967298 128307 44264 12874
0b000d01 0b000e01 10380 100 2097152 42595857 3501202 176759 9453
0b001a01 0b001b01 10371 100 2097152 45968344 129239 44264 15178
0b001a01 0b001b01 10372 100 2097152 45974311 126235 44264 14234
0b001601 0b001701 10383 100 2097152 46098301 44677 44264 14758
0b001201 0b001301 10333 100 2097152 44706680 1476018 176759 14578
0b000501 0b000601 10403 100 2097152 44987571 1205612 176759 8565
0b001201 0b001301 10334 100 2097152 44708701 1491845 176759 12866
0b001201 0b001301 10335 100 2097152 44708741 1491809 176759 12882
0b001201 0b001301 10336 100 2097152 44708781 1491773 176759 12898
0b001201 0b001301 10337 100 2097152 44708821 1491737 176759 12914
0b001201 0b001301 10338 100 2097152 44708861 1491785 176759 12930
0b000001 0b000101 10405 100 2097152 45066328 1138155 176759 11440
0b001001 0b001101 10380 100 2097152 42982723 3222767 176759 14288
0b000501 0b000601 10404 100 2097152 44991355 1231212 176759 8117
0b001b01 0b001c01 10362 100 2097152 46098645 127074 44264 12891
0b001b01 0b001c01 10363 100 2097152 46100623 128907 44264 15195
0b001b01 0b001c01 10364 100 2097152 46103586 127485 44264 14251
0b000501 0b000e01 10059 100 2097152 46066681 182073 180699 11029
0b000201 0b000301 10402 100 2097152 45451247 798276 176759 11458
0b001c01 0b001501 10051 100 2097152 46234081 48258 48204 14268
0b001001 0b001101 10381 100 2097152 43292319 3006223 176759 12896
0b001101 0b001a01 10054 100 2097152 45962408 345786 180639 12865
0b000201 0b000301 10403 100 2097152 45606059 705424 176759 10994
0b001c01 0b001d01 10360 100 2097152 46228729 84612 44264 12908
0b001c01 0b001d01 10361 100 2097152 46232540 84531 44264 15212
0b000e01 0b000f01 10387 100 2097152 45849417 479193 176759 11022
0b001501 0b001601 10370 100 2097152 46285349 44164 44264 14277
0b000201 0b000301 10404 100 2097152 45814311 537656 176759 11010
0b000301 0b000401 10400 100 2097152 45941985 410444 176759 9059
0b001a01 0b001b01 10373 100 2097152 46311234 44164 44264 12890
0b001101 0b001201 10314 100 2097152 37637652 8729082 176759 15073
0b001201 0b001301 10339 100 2097152 44962792 1412646 176759 14594
0b001601 0b001701 10384 100 2097152 46332553 44682 44264 14294
0b000001 0b000101 10406 100 2097152 45194018 1188669 176759 8064
0b000001 0b000101 10407 100 2097152 45194034 1188657 176759 8080
0b000501 0b000601 10405 100 2097152 45041959 1357186 176759 8581
0b001d01 0b001e01 10358 100 2097152 46316381 84535 44264 12925
0b001b01 0b001c01 10365 100 2097152 46358438 44164 44264 12907
0b000c01 0b000d01 10397 100 2097152 39675846 6728280 176759 8108
0b001d01 0b001e01 10359 100 2097152 46320111 84528 44264 15229
0b000501 0b000601 10406 100 2097152 45044779 1360178 176759 11493
0b000101 0b000201 10405 100 2097152 46207493 206616 176759 11457
0b000c01 0b000d01 10398 100 2097152 39735730 6693484 176759 11500
0b000501 0b000601 10407 100 2097152 45076547 1368014 176759 8133
0b001e01 0b001f01 10356 100 2097152 46403926 44196 44264 12942
0b001c01 0b001d01 10362 100 2097152 46405612 44164 44264 12924
0b001e01 0b001701 10052 100 2097152 46407649 62136 48204 15246
0b000501 0b000601 10408 100 2097152 45112295 1360782 176759 9061
0b001201 0b001301 10340 100 2097152 45157976 1331858 176759 12946
0b001f01 0b001801 10347 100 2097152 46451162 44164 44264 12959
0b001d01 0b001e01 10360 100 2097152 46452816 44164 44264 12941
0b000501 0b000601 10409 100 2097152 45180939 1326546 176759 9557
0b000c01 0b000d01 10399 100 2097152 39957484 6558422 176759 9516
0b000f01 0b000801 10397 100 2097152 46331620 184731 176699 11039
0b000001 0b000101 10408 100 2097152 45361760 1156135 176759 10992
0b001101 0b001201 10315 100 2097152 37680356 8844546 176759 15089
0b001701 0b001001 10378 100 2097152 45814243 724382 176699 12903
0b000401 0b000501 10406 100 2097152 46355439 187652 176759 9076
0b001e01 0b001f01 10357 100 2097152 46499990 44164 44264 12958
0b001101 0b001a01 10055 100 2097152 46042800 506574 180639 12881
0b001001 0b001101 10382 100 2097152 44326526 2235524 176759 13824
0b000c01 0b000d01 10400 100 2097152 40148874 6435524 176759 11020
0b000601 0b000f01 10059 100 2097152 46407967 182011 180699 11510
0b001a01 0b001b01 10374 100 2097152 46552414 44164 44264 12906
0b000e01 0b000f01 10388 100 2097152 45916681 680913 176759 8542
0b000501 0b000601 10410 100 2097152 45455475 1146412 176759 8597
0b000201 0b000301 10405 100 2097152 46417119 184992 176759 11474
0b001101 0b001a01 10056 100 2097152 46096156 506490 180639 12897
0b001201 0b001301 10341 100 2097152 45477592 1160634 176759 15058
0b001b01 0b001c01 10366 100 2097152 46599618 47788 44264 12923
0b000d01 0b000e01 10381 100 2097152 42913073 3737306 176759 8989
0b001a01 0b001b01 10375 100 2097152 46605686 45976 44264 12922
0b001101 0b001a01 10057 100 2097152 46301552 369570 180639 12913
0b001001 0b001101 10383 100 2097152 44544231 2133791 176759 13840
0b000001 0b000101 10409 100 2097152 45576143 1109324 176759 11456
0b001c01 0b001d01 10363 100 2097152 46650416 46952 44264 12940
0b000001 0b000101 10410 100 2097152 45607676 1093371 176759 8096
0b001b01 0b001c01 10367 100 2097152 46654702 47290 44264 12939
0b001201 0b001301 10342 100 2097152 45676748 1030602 176759 15074
0b000501 0b000601 10411 100 2097152 45905455 808732 176759 9077
0b001a01 0b001b01 10376 100 2097152 46674162 45379 44264 12938
0b000e01 0b000f01 10389 100 2097152 46000637 746221 176759 8094
0b001d01 0b001e01 10361 100 2097152 46700408 46846 44264 12957
0b000001 0b000101 10411 100 2097152 45762655 989704 176759 11008
0b001c01 0b001d01 10364 100 2097152 46705002 47364 44264 12956
0b000c01 0b000d01 10401 100 2097152 40609406 6145204 176759 11036
0b000001 0b000101 10412 100 2097152 45861051 905476 176759 11024
0b000d01 0b000601 10059 100 2097152 46587408 180324 180699 11037
0b001b01 0b001c01 10368 100 2097152 46722581 45465 44264 12955
0b001101 0b001201 10316 100 2097152 37750596 9025074 176759 13057
0b000c01 0b000d01 10402 100 2097152 40687074 6094468 176759 11516
0b000601 0b000701 10409 100 2097152 46196193 587084 176759 8582
0b000f01 0b000801 10398 100 2097152 46600604 184711 176699 8559
0b000301 0b000401 10401 100 2097152 46026553 767940 176759 8579
0b001101 0b001201 10317 100 2097152 37757464 9044526 176759 14593
0b000e01 0b000f01 10390 100 2097152 46058167 746255 176759 11038
0b000301 0b000401 10402 100 2097152 46037117 783592 176759 8595
0b000e01 0b000f01 10391 100 2097152 46100069 725301 176759 9470
0b000501 0b000601 10412 100 2097152 46546101 280148 176759 9093
0b001101 0b001201 10318 100 2097152 37777796 9089234 176759 13617
0b000c01 0b000d01 10403 100 2097152 40979426 5900688 176759 9052
0b001101 0b001201 10319 100 2097152 37784488 9101818 176759 14097
0b000c01 0b000d01 10404 100 2097152 41037692 5859238 176759 8124
0b000f01 0b000001 10056 100 2097152 46749868 180319 180699 8111
0b000e01 0b000f01 10392 100 2097152 46653389 303641 176759 9006
0b001201 0b001b01 10037 100 2097152 46778710 180222 180639 13074
0b000801 0b000101 10055 100 2097152 46788325 180234 180639 8568
0b001201 0b001301 10343 100 2097152 46369774 599932 176759 15090
0b000701 0b000001 10410 100 2097152 46786287 191432 176759 8599
0b000601 0b000701 10410 100 2097152 46225577 764648 176759 8134
0b001101 0b001201 10320 100 2097152 37824008 9176114 176759 11873
0b001b01 0b001c01 10369 100 2097152 46961972 44164 44264 13099
0b001701 0b001001 10379 100 2097152 45866530 1140603 176699 12919
0b001c01 0b001d01 10365 100 2097152 47009146 44164 44264 13116
0b000f01 0b000801 10399 100 2097152 46828380 232522 176699 9487
0b000101 0b000201 10406 100 2097152 46385697 679974 176759 8081
0b000101 0b000201 10407 100 2097152 46385707 679968 176759 8097
0b001701 0b001001 10380 100 2097152 45878173 1205140 176699 12935
0b000c01 0b000d01 10405 100 2097152 41677178 5406876 176759 8140
0b000c01 0b000d01 10406 100 2097152 41682786 5403736 176759 8156
0b001701 0b001001 10381 100 2097152 45885333 1203504 176699 14295
0b000d01 0b000e01 10382 100 2097152 43155885 3934478 176759 9005
0b000c01 0b000d01 10407 100 2097152 41706898 5385348 176759 8588
0b001d01 0b001e01 10362 100 2097152 47056350 44164 44264 13133
0b000301 0b000401 10403 100 2097152 46252533 854918 176759 11475
0b000801 0b000901 10407 100 2097152 47063912 44686 44264 9496
0b000001 0b000101 10413 100 2097152 46933197 184474 176759 8112
0b001e01 0b001f01 10358 100 2097152 47103524 44164 44264 13150
0b000301 0b000401 10404 100 2097152 46314493 839426 176759 11011
0b000901 0b000a01 10413 100 2097152 47111608 44164 44264 9513
0b000001 0b000901 10058 100 2097152 46980729 180222 180639 8608
0b000401 0b000501 10407 100 2097152 46797503 370592 176759 8596
0b000301 0b000401 10405 100 2097152 46354977 815574 176759 11027
0b000701 0b000801 10059 100 2097152 46993235 180222 180639 8151
0b001201 0b001301 10344 100 2097152 46527942 649316 176759 15106
0b000f01 0b000801 10400 100 2097152 46960040 231071 176699 9023
0b001f01 0b001801 10348 100 2097152 47150728 44164 44264 13167
0b000c01 0b000d01 10408 100 2097152 42138598 5068536 176759 9532
0b000901 0b000a01 10414 100 2097152 47163961 45491 44264 8633
0b000301 0b000401 10406 100 2097152 46605121 616034 176759 11491
0b000401 0b000501 10408 100 2097152 46823719 412916 176759 8612
0b000801 0b000901 10408 100 2097152 47194121 44829 44264 9032
0b001801 0b001901 10352 100 2097152 47197932 44164 44264 13176
0b000d01 0b000e01 10383 100 2097152 43240932 4008943 176759 9469
0b000d01 0b000e01 10384 100 2097152 43248328 4016479 176759 11437
0b001701 0b001001 10382 100 2097152 46023967 1245366 176699 15239
0b000c01 0b000d01 10409 100 2097152 42448918 4833556 176759 9548
0b001901 0b001a01 10358 100 2097152 47245136 44164 44264 13193
0b001701 0b001001 10383 100 2097152 46042768 1250125 176699 14759
0b000e01 0b000f01 10393 100 2097152 47093373 209865 176759 9022
0b000c01 0b000d01 10410 100 2097152 42639806 4685708 176759 9068
0b000a01 0b000301 10055 100 2097152 47158782 180234 180639 9530
0b001701 0b001001 10384 100 2097152 46145988 1206033 176699 14775
0b000901 0b000201 10055 100 2097152 47241960 180234 180639 9049
0b001701 0b001001 10385 100 2097152 46380245 1049444 176699 14311
0b000c01 0b000d01 10411 100 2097152 43158146 4272556 176759 8604
0b000101 0b000201 10408 100 2097152 46520905 914122 176759 11009
0b001701 0b001001 10386 100 2097152 46472795 962586 176699 15255
0b000e01 0b000701 10055 100 2097152 47267817 180300 180699 11454
0b000201 0b000301 10406 100 2097152 47068681 392722 176759 8098
0b000201 0b000301 10407 100 2097152 47068691 392800 176759 8114
0b000e01 0b000f01 10394 100 2097152 47252885 209849 176759 9486
0b001a01 0b001301 10045 100 2097152 47292340 180234 180639 13210
0b000501 0b000601 10413 100 2097152 47171105 306672 176759 8613
0b000c01 0b000d01 10412 100 2097152 43515338 3987008 176759 9084
0b000f01 0b000801 10401 100 2097152 47306248 207162 176699 9039
0b000d01 0b000e01 10385 100 2097152 43410290 4132345 176759 10045
0b000501 0b000601 10414 100 2097152 47239645 306684 176759 8629
0b000801 0b000901 10409 100 2097152 47516420 44686 44264 9048
0b001201 0b001301 10345 100 2097152 46805030 791820 176759 14610
0b000601 0b000701 10411 100 2097152 46402155 1206294 176759 8598
0b000c01 0b000d01 10413 100 2097152 44049554 3565384 176759 9564
0b000c01 0b000d01 10414 100 2097152 44095078 3529452 176759 9100
0b001101 0b001201 10321 100 2097152 38043200 9583716 176759 11889
0b001101 0b001201 10322 100 2097152 38043204 9583716 176759 13633
0b000301 0b000401 10407 100 2097152 47342026 309441 176759 9539
0b001301 0b001401 10342 100 2097152 46185738 1470944 176699 14595
0b000c01 0b000d01 10415 100 2097152 44279918 3377864 176759 9116
0b001201 0b001301 10346 100 2097152 46870070 791676 176759 13634
0b000401 0b000501 10409 100 2097152 47110461 552827 176759 11492
0b000701 0b000001 10411 100 2097152 47451127 214504 176759 11463
0b000c01 0b000d01 10416 100 2097152 44357606 3311864 176759 8620
0b000f01 0b000801 10402 100 2097152 47465744 205795 176699 9503
0b001201 0b001301 10347 100 2097152 46889346 785796 176759 14114
0b001101 0b001201 10323 100 2097152 38063504 9620588 176759 14113
0b001401 0b001501 10356 100 2097152 47659722 44673 44264 14612
0b000d01 0b000e01 10386 100 2097152 43536330 4171857 176759 8541
0b000c01 0b000d01 10417 100 2097152 44707858 3002356 176759 9580
0b000401 0b000501 10410 100 2097152 47156929 553439 176759 11028
0b000101 0b000201 10409 100 2097152 46688477 1025534 176759 11473
0b000601 0b000701 10412 100 2097152 46447571 1266825 176759 8150
0b000801 0b000901 10410 100 2097152 47674549 44164 44264 9512
0b000c01 0b000d01 10418 100 2097152 44948166 2780232 176759 8636
0b000101 0b000201 10410 100 2097152 46704057 1025446 176759 8113
0b000c01 0b000d01 10419 100 2097152 45107802 2626908 176759 9596
0b000901 0b000201 10056 100 2097152 47564116 180234 180639 9065
0b000e01 0b000f01 10395 100 2097152 47545645 204633 176759 10062
0b000401 0b000501 10411 100 2097152 47224165 531087 176759 11508
0b001501 0b001e01 10044 100 2097152 47707405 48108 48204 14629
0b000601 0b000701 10413 100 2097152 46476087 1281085 176759 9078
0b000101 0b000201 10411 100 2097152 46755369 1004762 176759 11025
0b001201 0b001301 10348 100 2097152 47003162 759280 176759 11890
0b000901 0b000a01 10415 100 2097152 47721723 44164 44264 9529
0b000601 0b000701 10414 100 2097152 46510495 1281001 176759 9574
0b001e01 0b001f01 10359 100 2097152 47758523 44164 44264 14654
0b000101 0b000201 10412 100 2097152 46971569 863366 176759 8577
0b001301 0b001c01 10043 100 2097152 47664756 180222 180639 13651
0b001f01 0b001801 10349 100 2097152 47805697 44164 44264 14671
0b000501 0b000601 10415 100 2097152 47666298 184863 176759 11509
0b000001 0b000101 10414 100 2097152 47668641 184828 176759 11472
0b000601 0b000701 10415 100 2097152 46604897 1249548 176759 8614
0b000101 0b000201 10413 100 2097152 47120681 739270 176759 8129
0b001001 0b001101 10384 100 2097152 46541635 1321027 176759 12912
0b001c01 0b001d01 10366 100 2097152 47847988 44164 44264 13676
0b001301 0b001401 10343 100 2097152 46203586 1691774 176699 12883
0b001301 0b001401 10344 100 2097152 46203626 1691738 176699 12899
0b001301 0b001401 10345 100 2097152 46203666 1691786 176699 12915
0b001301 0b001401 10346 100 2097152 46203706 1691750 176699 12931
0b001301 0b001401 10347 100 2097152 46203746 1691714 176699 12947
0b000301 0b000401 10408 100 2097152 47464413 431802 176759 8115
0b000301 0b000401 10409 100 2097152 47464501 431802 176759 8131
0b001801 0b001901 10353 100 2097152 47852901 44164 44264 14680
0b000401 0b000501 10412 100 2097152 47654477 244674 176759 9556
0b000601 0b000701 10416 100 2097152 46717197 1185278 176759 9094
0b000e01 0b000f01 10396 100 2097152 47711197 212257 176759 8558
0b000601 0b000701 10417 100 2097152 46829259 1103492 176759 9110
0b001d01 0b001e01 10363 100 2097152 47895192 44164 44264 13693
0b001901 0b001a01 10359 100 2097152 47900105 44164 44264 14697
0b000f01 0b000801 10403 100 2097152 47753288 193962 176699 10079
0b000a01 0b000301 10056 100 2097152 47768897 180234 180639 9546
0b000201 0b000301 10408 100 2097152 47425204 528099 176759 9058
0b000701 0b000001 10412 100 2097152 47611459 352204 176759 8615
0b000201 0b000301 10409 100 2097152 47438037 541790 176759 11026
0b001e01 0b001f01 10360 100 2097152 47942366 44164 44264 13710
0b001a01 0b001b01 10377 100 2097152 47947309 44164 44264 14714
0b001101 0b001201 10324 100 2097152 38188484 9814672 176759 13073
0b000601 0b000701 10418 100 2097152 47480787 544456 176759 8630
0b001f01 0b001801 10350 100 2097152 47989540 44164 44264 13727
0b001b01 0b001c01 10370 100 2097152 47994513 44164 44264 14731
0b000101 0b000201 10414 100 2097152 47856479 188380 176759 11489
0b001101 0b001a01 10058 100 2097152 47865672 180222 180639 12929
0b001401 0b001501 10357 100 2097152 47898400 178172 44264 12900
0b001401 0b001501 10358 100 2097152 47898440 178200 44264 12916
0b001401 0b001501 10359 100 2097152 47898492 178194 44264 12932
0b001401 0b001501 10360 100 2097152 47898532 178191 44264 12948
0b001801 0b001901 10354 100 2097152 48036744 44164 44264 13736
0b001c01 0b001d01 10367 100 2097152 48041687 44164 44264 14748
0b000501 0b000601 10416 100 2097152 47902161 187030 176759 9573
0b001a01 0b001b01 10378 100 2097152 48048934 45032 44264 12954
0b000f01 0b000801 10404 100 2097152 47926464 186618 176699 8575
0b001901 0b001a01 10360 100 2097152 48083948 44598 44264 13753
0b001d01 0b001601 10052 100 2097152 48088891 48108 48204 14765
0b000001 0b000901 10059 100 2097152 47966673 180222 180639 8624
0b001301 0b001401 10348 100 2097152 46378478 1779138 176699 14611
0b001a01 0b001b01 10379 100 2097152 48131586 44164 44264 13770
0b001201 0b001b01 10038 100 2097152 48006196 180256 180639 13090
0b001601 0b001701 10385 100 2097152 48140039 47216 44264 14774
0b000d01 0b000e01 10387 100 2097152 43809482 4381334 176759 11453
0b001401 0b001501 10361 100 2097152 48160656 46235 44264 14628
0b001101 0b001201 10325 100 2097152 38273032 9939748 176759 11905
0b001501 0b001601 10371 100 2097152 48079582 134189 44264 12917
0b001501 0b001601 10372 100 2097152 48079650 134251 44264 12933
0b001501 0b001601 10373 100 2097152 48079696 134230 44264 12949
0b001b01 0b001401 10051 100 2097152 48178790 48176 48204 13787
0b001201 0b001301 10349 100 2097152 47629956 602622 176759 11906
0b001201 0b001301 10350 100 2097152 47629960 602706 176759 13650
0b001b01 0b001c01 10371 100 2097152 48189492 44164 44264 13115
0b000d01 0b000e01 10388 100 2097152 43838790 4403114 176759 8557
0b001501 0b001e01 10045 100 2097152 48209901 48635 48204 14645
0b000401 0b000501 10413 100 2097152 47899225 366802 176759 8132
0b000401 0b000501 10414 100 2097152 47899313 366806 176759 8148
0b001201 0b001301 10351 100 2097152 47687132 583954 176759 14130
0b001401 0b001501 10362 100 2097152 48230006 44680 44264 13796
0b000601 0b000701 10419 100 2097152 48092201 184790 176759 9590
0b001c01 0b001d01 10368 100 2097152 48236666 44164 44264 13132
0b000801 0b000101 10056 100 2097152 48116092 180251 180639 8584
0b001601 0b001701 10386 100 2097152 48216811 90694 44264 12934
0b001e01 0b001f01 10361 100 2097152 48261546 46239 44264 14670
0b001601 0b001701 10387 100 2097152 48216941 90718 44264 12950
0b000d01 0b000e01 10389 100 2097152 43883146 4434538 176759 10061
0b000d01 0b000e01 10390 100 2097152 43883234 4434454 176759 10077
0b001501 0b001601 10374 100 2097152 48277696 45496 44264 13813
0b000d01 0b000e01 10391 100 2097152 43889222 4438678 176759 9485
0b000301 0b000401 10410 100 2097152 47952141 376758 176759 9555
0b001d01 0b001e01 10364 100 2097152 48283870 45202 44264 13149
0b000301 0b000401 10411 100 2097152 47956313 376810 176759 9075
0b001001 0b001101 10385 100 2097152 47010143 1340221 176759 12928
0b001f01 0b001801 10351 100 2097152 48310795 46343 44264 14687
0b001601 0b001701 10388 100 2097152 48326232 44673 44264 13830
0b000e01 0b000701 10056 100 2097152 48193826 180300 180699 11470
0b001e01 0b001f01 10362 100 2097152 48332082 45251 44264 13166
0b001801 0b001901 10355 100 2097152 48360178 46451 44264 14696
0b001101 0b001201 10326 100 2097152 38359696 10048224 176759 14609
0b001301 0b001c01 10044 100 2097152 48235676 180222 180639 13667
0b001101 0b001201 10327 100 2097152 38365772 10058992 176759 14129
0b001f01 0b001801 10352 100 2097152 48380343 45305 44264 13183
0b001701 0b001001 10387 100 2097152 48190265 254000 176699 14791
0b000d01 0b000e01 10392 100 2097152 43977934 4467990 176759 8093
0b000501 0b000601 10417 100 2097152 48269037 187202 176759 8149
0b001901 0b001a01 10361 100 2097152 48409669 46556 44264 14713
0b000701 0b000001 10413 100 2097152 47760182 698349 176759 9095
0b001c01 0b001d01 10369 100 2097152 48418908 44164 44264 13692
0b001001 0b001101 10386 100 2097152 47086323 1378245 176759 12944
0b001801 0b001901 10356 100 2097152 48428688 45359 44264 13192
0b001001 0b001101 10387 100 2097152 47091847 1383477 176759 14304
0b000101 0b000201 10415 100 2097152 48299353 184770 176759 8593
0b001301 0b001401 10349 100 2097152 46641266 1862670 176699 15075
0b001a01 0b001b01 10380 100 2097152 48459265 46676 44264 14730
0b001d01 0b001e01 10365 100 2097152 48466082 44164 44264 13709
0b001901 0b001a01 10362 100 2097152 48477087 45416 44264 13209
0b000701 0b000001 10414 100 2097152 47794506 732397 176759 9591
0b001101 0b001a01 10059 100 2097152 48353374 180222 180639 12945
0b001101 0b001201 10328 100 2097152 38425532 10116432 176759 13649
0b001101 0b001201 10329 100 2097152 38425542 10116426 176759 13665
0b001401 0b001501 10363 100 2097152 48506976 44679 44264 15092
0b001b01 0b001c01 10372 100 2097152 48508981 44164 44264 14747
0b001e01 0b001f01 10363 100 2097152 48513256 44164 44264 13726
0b001301 0b001401 10350 100 2097152 46710390 1871174 176699 15091
0b000701 0b000001 10415 100 2097152 47857455 732200 176759 8631
0b001501 0b001601 10375 100 2097152 48554665 45343 44264 15109
0b001c01 0b001d01 10370 100 2097152 48556155 44164 44264 14764
0b001f01 0b001801 10353 100 2097152 48560430 44164 44264 13743
0b000701 0b000001 10416 100 2097152 47905485 708110 176759 9111
0b001401 0b001501 10364 100 2097152 48584604 44858 44264 15108
0b001101 0b001201 10330 100 2097152 38477392 10164372 176759 13681
0b001801 0b001901 10357 100 2097152 48607634 44164 44264 13752
0b001601 0b001f01 10045 100 2097152 48603048 50096 48204 15126
0b001d01 0b001601 10053 100 2097152 48603329 50109 48204 14781
0b000001 0b000101 10415 100 2097152 48461541 193196 176759 9104
0b000d01 0b000e01 10393 100 2097152 44148558 4513166 176759 11469
0b001501 0b001601 10376 100 2097152 48632472 45071 44264 15125
0b001001 0b001101 10388 100 2097152 47272343 1410349 176759 15248
0b000401 0b000501 10415 100 2097152 48331909 353724 176759 9572
0b000401 0b000501 10416 100 2097152 48336133 353716 176759 9092
0b001901 0b001a01 10363 100 2097152 48654838 44164 44264 13769
0b001f01 0b001801 10354 100 2097152 48656154 44164 44264 15151
0b001701 0b001001 10388 100 2097152 48310515 391177 176699 12951
0b001601 0b001701 10389 100 2097152 48656478 45396 44264 14790
0b001001 0b001101 10389 100 2097152 47295903 1407021 176759 14768
0b001a01 0b001301 10046 100 2097152 48525513 180234 180639 13226
0b000701 0b000001 10417 100 2097152 48377136 350251 176759 11479
0b000e01 0b000f01 10397 100 2097152 48244914 491252 176759 8574
0b001001 0b001101 10390 100 2097152 47355031 1387741 176759 14784
0b001601 0b001f01 10046 100 2097152 48680553 62241 48204 15142
0b001a01 0b001b01 10381 100 2097152 48702012 44164 44264 13786
0b001801 0b001901 10358 100 2097152 48703358 44326 44264 15160
0b001701 0b001001 10389 100 2097152 48373915 392660 176699 13847
0b001001 0b001101 10391 100 2097152 47432699 1343357 176759 14320
0b001001 0b001101 10392 100 2097152 47438391 1338741 176759 15264
0b001201 0b001301 10352 100 2097152 48215820 572378 176759 11922
0b001f01 0b001801 10355 100 2097152 48745834 44242 44264 15167
0b001901 0b001a01 10364 100 2097152 48750724 44330 44264 15177
0b001b01 0b001401 10052 100 2097152 48749216 48108 48204 13803
0b000201 0b000301 10410 100 2097152 47717021 1086660 176759 11490
0b001301 0b001401 10351 100 2097152 46972746 1860166 176699 15107
0b000201 0b000301 10411 100 2097152 47732513 1101440 176759 8130
0b001101 0b001201 10331 100 2097152 38599684 10236215 176759 14145
0b001801 0b001901 10359 100 2097152 48793116 44246 44264 15176
0b001a01 0b001b01 10382 100 2097152 48798064 44342 44264 15194
0b000e01 0b000701 10057 100 2097152 48664734 181923 180699 11486
0b000201 0b000301 10412 100 2097152 47747360 1105077 176759 9074
0b001401 0b001501 10365 100 2097152 48800364 53634 44264 13812
0b001901 0b001a01 10365 100 2097152 48840402 44249 44264 15193
0b001b01 0b001c01 10373 100 2097152 48845446 44351 44264 15211
0b001401 0b001501 10366 100 2097152 48835952 54748 44264 15124
0b001501 0b001601 10377 100 2097152 48857008 54579 44264 13829
0b000001 0b000101 10416 100 2097152 48730397 181844 176759 11488
0b000d01 0b000e01 10394 100 2097152 44339990 4575134 176759 9021
0b000d01 0b000e01 10395 100 2097152 44342458 4574870 176759 11485
0b000f01 0b000801 10405 100 2097152 48739176 184746 176699 8591
0b000201 0b000301 10413 100 2097152 47837945 1087280 176759 8594
0b001701 0b001001 10390 100 2097152 48704884 222437 176699 14807
0b001a01 0b001b01 10383 100 2097152 48887661 44255 44264 15210
0b001c01 0b001d01 10371 100 2097152 48892807 44351 44264 15228
0b000201 0b000301 10414 100 2097152 47862961 1075264 176759 8146
0b001501 0b001601 10378 100 2097152 48893710 54493 44264 15141
0b001601 0b001701 10390 100 2097152 48914597 45694 44264 13846
0b000e01 0b000f01 10398 100 2097152 48320694 658324 176759 10078
0b001b01 0b001c01 10374 100 2097152 48934956 44258 44264 15227
0b001d01 0b001e01 10366 100 2097152 48940168 44367 44264 15245
0b000e01 0b000f01 10399 100 2097152 48330910 664180 176759 9502
0b001101 0b001201 10332 100 2097152 38686296 10313827 176759 14625
0b000201 0b000301 10415 100 2097152 48047869 956224 176759 11506
0b000d01 0b000e01 10396 100 2097152 44423646 4590662 176759 9037
0b001301 0b001401 10352 100 2097152 47180298 1838738 176699 15123
0b001c01 0b001d01 10372 100 2097152 48982224 44262 44264 15244
0b000701 0b000001 10418 100 2097152 48849667 179072 176759 11495
0b001601 0b001f01 10047 100 2097152 48951213 81628 48204 15158
0b000501 0b000601 10418 100 2097152 48688643 348448 176759 9589
0b000501 0b000601 10419 100 2097152 48692859 348364 176759 9109
0b001001 0b001101 10393 100 2097152 48447275 610121 176759 14800
0b001401 0b001501 10367 100 2097152 49022046 44670 44264 15140
0b001e01 0b001701 10053 100 2097152 48987545 84633 48204 15262
0b001d01 0b001e01 10367 100 2097152 49029496 44164 44264 15261
0b001f01 0b001801 10356 100 2097152 49035881 44164 44264 15183
0b000201 0b000301 10416 100 2097152 48487133 593716 176759 8610
0b000e01 0b000f01 10400 100 2097152 48448934 645752 176759 8110
0b000101 0b000201 10416 100 2097152 48915251 186756 176759 11505
0b000801 0b000101 10057 100 2097152 48926932 180234 180639 8600
0b000e01 0b000701 10058 100 2097152 48920338 187621 180699 11502
0b001501 0b001601 10379 100 2097152 49069756 44164 44264 15157
0b000d01 0b000e01 10397 100 2097152 44518870 4602142 176759 9501
0b001801 0b001901 10360 100 2097152 49083085 44164 44264 15192
0b001e01 0b001701 10054 100 2097152 49076670 62194 48204 15278
0b001901 0b001a01 10366 100 2097152 49130289 44164 44264 15209
0b001601 0b001f01 10048 100 2097152 49116930 57688 48204 15174
0b000f01 0b000801 10406 100 2097152 48998100 184040 176699 9519
0b001701 0b001001 10391 100 2097152 48963301 254846 176699 13863
0b000001 0b000101 10417 100 2097152 49031749 188878 176759 11504
0b001a01 0b001b01 10384 100 2097152 49177463 44164 44264 15226
0b001f01 0b001801 10357 100 2097152 49177658 44164 44264 15199
0b001001 0b001101 10394 100 2097152 48769585 455383 176759 13856
0b000801 0b000901 10411 100 2097152 49185150 44164 44264 9528
0b001301 0b001401 10353 100 2097152 47475584 1758264 176699 13219
0b001b01 0b001c01 10375 100 2097152 49224667 44164 44264 15243
0b001801 0b001901 10361 100 2097152 49224862 44164 44264 15208
0b000901 0b000a01 10416 100 2097152 49232324 44164 44264 9545
0b000f01 0b000001 10057 100 2097152 49097696 180300 180699 8127
0b001401 0b001501 10368 100 2097152 49236858 44670 44264 13236
0b000101 0b000201 10417 100 2097152 49110176 181712 176759 8609
0b000701 0b000001 10419 100 2097152 49110969 181459 176759 11511
0b001301 0b001401 10354 100 2097152 47599860 1706680 176699 14627
0b001c01 0b001d01 10373 100 2097152 49271841 44164 44264 15260
0b001901 0b001a01 10367 100 2097152 49272066 44164 44264 15225
0b001501 0b001601 10380 100 2097152 49284568 45767 44264 13253
0b001301 0b001401 10355 100 2097152 47678152 1665352 176699 14131
0b001401 0b001501 10369 100 2097152 49309550 45075 44264 14644
0b001d01 0b001e01 10368 100 2097152 49319015 44164 44264 15277
0b001a01 0b001b01 10385 100 2097152 49319240 44164 44264 15242
0b001101 0b001201 10333 100 2097152 38889816 10486454 176759 13089
0b001301 0b001401 10356 100 2097152 47765452 1611512 176699 11907
0b001601 0b001701 10391 100 2097152 49333345 44665 44264 13270
0b001401 0b001d01 10044 100 2097152 49346514 49586 48204 14148
0b001001 0b001101 10395 100 2097152 48930331 468161 176759 14816
0b001501 0b001e01 10046 100 2097152 49357635 50222 48204 14661
0b001201 0b001301 10353 100 2097152 48410960 999338 176759 14626
0b001b01 0b001c01 10376 100 2097152 49366444 44164 44264 15259
0b001e01 0b001701 10055 100 2097152 49366189 49911 48204 15294
0b001401 0b001501 10370 100 2097152 49379974 44677 44264 11924
0b001d01 0b001e01 10369 100 2097152 49399110 47138 44264 14173
0b000001 0b000101 10418 100 2097152 49281006 176888 176759 8128
0b001c01 0b001d01 10374 100 2097152 49413618 45580 44264 15276
0b000a01 0b000301 10057 100 2097152 49279498 180234 180639 9562
0b001e01 0b001f01 10364 100 2097152 49410867 53060 44264 14686
0b001101 0b001201 10334 100 2097152 38940500 10529148 176759 15105
0b001201 0b001301 10354 100 2097152 48427804 1042190 176759 14146
0b001501 0b001601 10381 100 2097152 49427661 44164 44264 11941
0b000201 0b000301 10417 100 2097152 49294898 185288 176759 8626
0b000301 0b000401 10412 100 2097152 48806691 680424 176759 11507
0b001e01 0b001f01 10365 100 2097152 49449258 55022 44264 14190
0b001d01 0b001e01 10370 100 2097152 49462208 45992 44264 15293
0b000e01 0b000f01 10401 100 2097152 48918134 592556 176759 9038
0b001f01 0b001801 10358 100 2097152 49466967 51088 44264 14703
0b001601 0b001701 10392 100 2097152 49474835 44683 44264 11958
0b001701 0b001001 10392 100 2097152 49075188 447239 176699 15271
0b001f01 0b001801 10359 100 2097152 49507320 51077 44264 14207
0b001201 0b001b01 10039 100 2097152 49379280 180222 180639 13106
0b001e01 0b001701 10056 100 2097152 49511240 49578 48204 15310
0b001701 0b001801 10058 100 2097152 49522528 49767 48204 11975
0b001801 0b001901 10362 100 2097152 49521095 51259 44264 14712
0b001b01 0b001c01 10377 100 2097152 49562542 44164 44264 13131
0b001901 0b001a01 10368 100 2097152 49575394 48377 44264 14729
0b000301 0b000401 10413 100 2097152 48836963 794228 176759 8147
0b001301 0b001401 10357 100 2097152 48235588 1400648 176699 11923
0b000101 0b000201 10418 100 2097152 49460904 177192 176759 8145
0b001801 0b001901 10363 100 2097152 49561437 87212 44264 14216
0b001701 0b001001 10393 100 2097152 49141874 507961 176699 15287
0b000e01 0b000f01 10402 100 2097152 49017318 633404 176759 9054
0b001c01 0b001d01 10375 100 2097152 49609716 44164 44264 13148
0b001801 0b001901 10364 100 2097152 49575335 81955 44264 11992
0b001301 0b001401 10358 100 2097152 48274096 1384144 176699 14147
0b000301 0b000401 10414 100 2097152 48855447 811040 176759 9091
0b001a01 0b001b01 10386 100 2097152 49626781 45744 44264 14746
0b001401 0b001501 10371 100 2097152 49639246 44692 44264 11940
0b001901 0b001a01 10369 100 2097152 49651689 45084 44264 14233
0b001d01 0b001e01 10371 100 2097152 49656890 44164 44264 13165
0b001201 0b001301 10355 100 2097152 48545004 1158382 176759 13666
0b001201 0b001301 10356 100 2097152 48545044 1158430 176759 13682
0b001401 0b001d01 10045 100 2097152 49661250 48115 48204 14164
0b001b01 0b001c01 10378 100 2097152 49675565 46069 44264 14763
0b001501 0b001601 10382 100 2097152 49686948 44164 44264 11957
0b000f01 0b000801 10407 100 2097152 49513700 218730 176699 9055
0b000301 0b000401 10415 100 2097152 48928235 810584 176759 8611
0b001a01 0b001b01 10387 100 2097152 49699783 45112 44264 14250
0b001e01 0b001f01 10366 100 2097152 49704094 46431 44264 13182
0b001d01 0b001e01 10372 100 2097152 49712375 46957 44264 14189
0b001c01 0b001d01 10376 100 2097152 49724644 46747 44264 14780
0b001601 0b001701 10393 100 2097152 49734122 44669 44264 11974
0b000801 0b000901 10412 100 2097152 49735440 44694 44264 9064
0b001201 0b001301 10357 100 2097152 48644774 1138676 176759 13698
0b001001 0b001101 10396 100 2097152 49221157 567751 176759 13872
0b001b01 0b001c01 10379 100 2097152 49747935 45205 44264 14267
0b000e01 0b000f01 10403 100 2097152 49124022 675860 176759 9518
0b001f01 0b001801 10360 100 2097152 49753565 47541 44264 13199
0b001e01 0b001f01 10367 100 2097152 49762372 45846 44264 14206
0b000301 0b000401 10416 100 2097152 49083859 732764 176759 8627
0b001d01 0b001601 10054 100 2097152 49774431 49220 48204 14797
0b001701 0b001801 10059 100 2097152 49781801 48108 48204 11991
0b001c01 0b001501 10052 100 2097152 49796150 49399 48204 14284
0b001301 0b001401 10359 100 2097152 48708757 1140687 176699 13235
0b001801 0b001901 10365 100 2097152 49804146 47690 44264 13208
0b001f01 0b001801 10361 100 2097152 49811258 45926 44264 14223
0b001601 0b001701 10394 100 2097152 49826661 45425 44264 14806
0b001301 0b001401 10360 100 2097152 48791208 1085504 176699 11939
0b001201 0b001301 10358 100 2097152 48838909 1051741 176759 14162
0b000301 0b000401 10417 100 2097152 49462742 431593 176759 9571
0b001501 0b001601 10383 100 2097152 49848559 47534 44264 14293
0b001901 0b001a01 10370 100 2097152 49854846 47866 44264 13225
0b001801 0b001901 10366 100 2097152 49860224 46009 44264 14232
0b001401 0b001501 10372 100 2097152 49852454 63183 44264 13252
0b001101 0b001201 10335 100 2097152 39195560 10727840 176759 13105
0b000f01 0b000801 10408 100 2097152 49653732 282842 176699 9071
0b001401 0b001501 10373 100 2097152 49879722 63913 44264 11956
0b001601 0b001701 10395 100 2097152 49899103 45388 44264 14310
0b001901 0b001a01 10371 100 2097152 49909243 44164 44264 14249
0b001201 0b001301 10359 100 2097152 49003133 951681 176759 14642
0b000901 0b000201 10057 100 2097152 49783144 180235 180639 9081
0b000d01 0b000e01 10398 100 2097152 45336976 4631484 176759 8109
0b001501 0b001601 10384 100 2097152 49918647 62545 44264 13269
0b000801 0b000901 10413 100 2097152 49939584 44687 44264 9080
0b000401 0b000501 10417 100 2097152 49669497 326716 176759 9108
0b001a01 0b001b01 10388 100 2097152 49956417 44164 44264 14266
0b001501 0b001601 10385 100 2097152 49946645 62472 44264 11973
0b001701 0b001001 10394 100 2097152 49381020 634514 176699 13287
0b000f01 0b000801 10409 100 2097152 49802892 244292 176699 9535
0b001601 0b001701 10396 100 2097152 49984202 63000 44264 13286
0b001b01 0b001c01 10380 100 2097152 50003621 44164 44264 14283
0b001701 0b001001 10395 100 2097152 49419110 647667 176699 15303
0b000d01 0b000e01 10399 100 2097152 45440384 4627692 176759 9517
0b000d01 0b000e01 10400 100 2097152 45442764 4627008 176759 8573
0b001601 0b001701 10397 100 2097152 50012127 62162 44264 11990
0b001a01 0b001301 10047 100 2097152 49905722 187991 180639 13242
0b000801 0b000901 10414 100 2097152 50050194 44164 44264 9544
0b001c01 0b001501 10053 100 2097152 50050795 48615 48204 14300
0b001201 0b001b01 10040 100 2097152 49926410 180222 180639 13122
0b001201 0b001301 10360 100 2097152 49472658 657320 176759 15122
0b000401 0b000501 10418 100 2097152 49741829 392328 176759 8628
0b000901 0b000a01 10417 100 2097152 50097368 44164 44264 9561
0b000201 0b000301 10418 100 2097152 49966389 176356 176759 9090
0b001501 0b001601 10386 100 2097152 50102420 44164 44264 14309
0b001b01 0b001c01 10381 100 2097152 50109672 44164 44264 13147
0b000901 0b000201 10058 100 2097152 49987281 180234 180639 9097
0b000d01 0b000e01 10401 100 2097152 45588948 4598580 176759 11501
0b001301 0b001401 10361 100 2097152 49413308 778156 176699 14643
0b001601 0b001701 10398 100 2097152 50149594 44665 44264 14326
0b001c01 0b001d01 10377 100 2097152 50156846 44164 44264 13164
0b001301 0b001c01 10045 100 2097152 49706396 500758 180639 13683
0b001301 0b001c01 10046 100 2097152 49706484 500854 180639 13699
0b000401 0b000501 10419 100 2097152 49897345 315200 176759 9588
0b001001 0b001101 10397 100 2097152 49525437 696431 176759 15280
0b001401 0b001501 10374 100 2097152 50194474 44694 44264 14660
0b001301 0b001c01 10047 100 2097152 49786490 460848 180639 13715
0b001301 0b001401 10362 100 2097152 49473004 775596 176699 14163
0b001701 0b001001 10396 100 2097152 49563828 685719 176699 15319
0b001d01 0b001e01 10373 100 2097152 50204050 47790 44264 13181
0b001501 0b001e01 10047 100 2097152 50242178 50080 48204 14677
0b001401 0b001d01 10046 100 2097152 50251610 49858 48204 14180
0b001e01 0b001f01 10368 100 2097152 50254880 47797 44264 13198
0b001c01 0b001d01 10378 100 2097152 50210164 114423 44264 13708
0b000a01 0b000301 10058 100 2097152 50144542 180234 180639 9578
0b001c01 0b001d01 10379 100 2097152 50210378 114650 44264 13724
0b000d01 0b000e01 10402 100 2097152 45790932 4546680 176759 9053
0b000301 0b000401 10418 100 2097152 50145755 192344 176759 9107
0b001e01 0b001f01 10369 100 2097152 50295298 49639 44264 14702
0b001c01 0b001d01 10380 100 2097152 50250378 95574 44264 13740
0b000201 0b000301 10419 100 2097152 50170525 184452 176759 9106
0b001f01 0b001801 10362 100 2097152 50305717 49515 44264 13215
0b000e01 0b000701 10059 100 2097152 50190538 180300 180699 11518
0b001001 0b001101 10398 100 2097152 49652845 733859 176759 15296
0b001f01 0b001801 10363 100 2097152 50347977 49437 44264 14719
0b001801 0b001901 10367 100 2097152 50358242 49601 44264 13224
0b001d01 0b001e01 10374 100 2097152 50304508 104898 44264 14205
0b001801 0b001901 10368 100 2097152 50400424 49513 44264 14728
0b001901 0b001a01 10372 100 2097152 50410853 49681 44264 13241
0b001e01 0b001f01 10370 100 2097152 50412446 48377 44264 14222
0b001d01 0b001e01 10375 100 2097152 50327627 150031 44264 13725
0b001d01 0b001e01 10376 100 2097152 50328068 150014 44264 13741
0b001d01 0b001e01 10377 100 2097152 50348992 135877 44264 13757
0b001901 0b001a01 10373 100 2097152 50452947 47890 44264 14745
0b000301 0b000401 10419 100 2097152 50327786 178881 176759 9587
0b001f01 0b001801 10364 100 2097152 50463863 46582 44264 14239
0b000d01 0b000e01 10403 100 2097152 46035472 4476956 176759 8589
0b001a01 0b001b01 10389 100 2097152 50503847 44164 44264 14762
0b001801 0b001901 10369 100 2097152 50513455 44164 44264 14248
0b001b01 0b001c01 10382 100 2097152 50551051 44164 44264 14779
0b001901 0b001a01 10374 100 2097152 50560629 44164 44264 14265
0b001e01 0b001f01 10371 100 2097152 50480698 129448 44264 13742
0b001e01 0b001f01 10372 100 2097152 50481122 129826 44264 13758
0b001e01 0b001f01 10373 100 2097152 50487909 126343 44264 13774
0b001301 0b001401 10363 100 2097152 49893660 725900 176699 14179
0b001c01 0b001d01 10381 100 2097152 50598255 44164 44264 14796
0b001a01 0b001301 10048 100 2097152 50463544 180234 180639 13258
0b001701 0b001001 10397 100 2097152 49875096 770379 176699 14823
0b001a01 0b001b01 10390 100 2097152 50607803 44164 44264 14282
0b001401 0b001d01 10047 100 2097152 50622570 49035 48204 14196
0b001301 0b001401 10364 100 2097152 49957824 736008 176699 14659
0b001d01 0b001601 10055 100 2097152 50645459 49215 48204 14813
0b001b01 0b001c01 10383 100 2097152 50655007 44164 44264 14299
0b001701 0b001001 10398 100 2097152 49947501 757030 176699 14327
0b001d01 0b001e01 10378 100 2097152 50674645 44164 44264 14221
0b001401 0b001501 10375 100 2097152 50696842 44694 44264 14676
0b001601 0b001701 10399 100 2097152 50697684 44656 44264 14822
0b001f01 0b001801 10365 100 2097152 50613186 131085 44264 13759
0b001f01 0b001801 10366 100 2097152 50613988 131952 44264 13775
0b001701 0b001001 10399 100 2097152 50050212 696003 176699 13303
0b001f01 0b001801 10367 100 2097152 50617292 130449 44264 13791
0b001c01 0b001501 10054 100 2097152 50702211 48130 48204 14316
0b001001 0b001101 10399 100 2097152 50018544 743948 176759 13296
0b001e01 0b001f01 10374 100 2097152 50721849 45289 44264 14238
0b000d01 0b000e01 10404 100 2097152 46407136 4361948 176759 8125
0b000d01 0b000e01 10405 100 2097152 46432224 4352692 176759 11517
0b001501 0b001e01 10048 100 2097152 50744546 48289 48204 14693
0b001301 0b001401 10365 100 2097152 50096753 699659 176699 13251
0b001501 0b001601 10387 100 2097152 50753351 44164 44264 14325
0b001301 0b001401 10366 100 2097152 50132988 677905 176699 15139
0b001f01 0b001801 10368 100 2097152 50770178 47153 44264 14255
0b001701 0b001001 10400 100 2097152 50197269 626054 176699 14343
0b000d01 0b000e01 10406 100 2097152 46518916 4315116 176759 9533
0b001001 0b001101 10400 100 2097152 50069787 766069 176759 15312
0b001e01 0b001f01 10375 100 2097152 50795875 45095 44264 14718
0b001601 0b001701 10400 100 2097152 50800525 44656 44264 14342
0b000e01 0b000f01 10404 100 2097152 49971470 893616 176759 8126
0b001401 0b001501 10376 100 2097152 50799422 74789 44264 13268
0b001401 0b001501 10377 100 2097152 50813903 75163 44264 15156
0b001f01 0b001801 10369 100 2097152 50844010 46181 44264 14735
0b001801 0b001901 10370 100 2097152 50747281 152499 44264 13768
0b001801 0b001901 10371 100 2097152 50748950 157633 44264 13784
0b001801 0b001901 10372 100 2097152 50750751 158671 44264 13800
0b001301 0b001401 10367 100 2097152 50646788 287080 176699 13267
0b001501 0b001601 10388 100 2097152 50877221 75844 44264 13285
0b001801 0b001901 10373 100 2097152 50820341 136101 44264 14264
0b001501 0b001601 10389 100 2097152 50892076 76665 44264 15173
0b001801 0b001901 10374 100 2097152 50893201 81745 44264 14744
0b001401 0b001501 10378 100 2097152 50936878 45548 44264 13284
0b001601 0b001701 10401 100 2097152 50956075 46150 44264 13302
0b001601 0b001f01 10049 100 2097152 50971751 48646 48204 15190
0b000d01 0b000e01 10407 100 2097152 46883124 4139132 176759 9069
0b000e01 0b000f01 10405 100 2097152 50071086 952876 176759 9534
0b000e01 0b000f01 10406 100 2097152 50072782 953996 176759 8590
0b000d01 0b000e01 10408 100 2097152 46899940 4129796 176759 8141
0b001501 0b001601 10390 100 2097152 50985436 44901 44264 13301
0b000f01 0b000001 10058 100 2097152 50868096 180300 180699 8143
0b001901 0b001a01 10375 100 2097152 50902790 159256 44264 13785
0b001f01 0b001801 10370 100 2097152 51023437 44164 44264 15215
0b001601 0b001701 10402 100 2097152 51033347 44691 44264 13318
0b001901 0b001a01 10376 100 2097152 50909593 180344 44264 13801
0b001001 0b001101 10401 100 2097152 50252557 837847 176759 15328
0b001901 0b001a01 10377 100 2097152 50912432 181919 44264 13817
0b001701 0b001001 10401 100 2097152 50745350 358757 176699 14839
0b000d01 0b000e01 10409 100 2097152 47087064 4019908 176759 8157
0b000d01 0b000e01 10410 100 2097152 47095256 4014276 176759 8605
0b001801 0b001901 10375 100 2097152 51070611 46179 44264 15224
0b001901 0b001a01 10378 100 2097152 50959452 167348 44264 14281
0b001901 0b001a01 10379 100 2097152 50977956 158152 44264 14761
0b000d01 0b000e01 10411 100 2097152 47210144 3938572 176759 9549
0b001a01 0b001b01 10391 100 2097152 51065056 90695 44264 13802
0b000d01 0b000e01 10412 100 2097152 47285484 3885680 176759 9565
0b001901 0b001a01 10380 100 2097152 51119800 55542 44264 15241
0b000d01 0b000e01 10413 100 2097152 47328524 3853116 176759 9085
0b000d01 0b000e01 10414 100 2097152 47433712 3770108 176759 8621
0b001b01 0b001401 10053 100 2097152 51158791 48108 48204 13819
0b001101 0b001201 10336 100 2097152 39929768 11282566 176759 13121
0b000d01 0b000e01 10415 100 2097152 47505356 3710788 176759 9101
0b000001 0b000101 10419 100 2097152 51051406 176356 176759 8144
0b000d01 0b000e01 10416 100 2097152 47617948 3612900 176759 9581
0b001101 0b001201 10337 100 2097152 39939603 11291215 176759 13137
0b000d01 0b000e01 10417 100 2097152 47627540 3604452 176759 9117
0b000d01 0b000e01 10418 100 2097152 47672480 3562668 176759 8637
0b000d01 0b000e01 10419 100 2097152 47713224 3523752 176759 9597
0b001401 0b001501 10379 100 2097152 51209909 44164 44264 13828
0b001a01 0b001b01 10392 100 2097152 51092947 188983 44264 13818
0b001a01 0b001b01 10393 100 2097152 51097361 192973 44264 13834
0b001501 0b001601 10391 100 2097152 51257083 44164 44264 13845
0b001a01 0b001b01 10394 100 2097152 51129810 191524 44264 14298
0b001a01 0b001b01 10395 100 2097152 51139118 186694 44264 14778
0b001a01 0b001b01 10396 100 2097152 51178352 156548 44264 15258
0b001701 0b001001 10402 100 2097152 50848191 487019 176699 14359
0b001601 0b001701 10403 100 2097152 51304257 44658 44264 13862
0b001b01 0b001401 10054 100 2097152 51284970 84816 48204 13835
0b001101 0b001201 10338 100 2097152 40020631 11356003 176759 14161
0b001b01 0b001401 10055 100 2097152 51293374 84812 48204 13851
0b000f01 0b000801 10410 100 2097152 51026972 373636 176699 9551
0b000f01 0b000801 10411 100 2097152 51029788 373720 176699 8607
0b001101 0b001201 10339 100 2097152 40053899 11376595 176759 13153
0b001101 0b001201 10340 100 2097152 40059359 11382931 176759 14641
0b001b01 0b001c01 10384 100 2097152 51324374 119781 44264 14315
0b000801 0b000901 10415 100 2097152 51403618 44164 44264 9560
0b001b01 0b001c01 10385 100 2097152 51328852 123833 44264 14795
0b001401 0b001501 10380 100 2097152 51372796 79822 44264 13844
0b001b01 0b001c01 10386 100 2097152 51337940 119223 44264 15275
0b001401 0b001501 10381 100 2097152 51381196 80051 44264 13860
0b000e01 0b000f01 10407 100 2097152 50340622 1125708 176759 9070
0b000901 0b000a01 10418 100 2097152 51450792 44164 44264 9577
0b001c01 0b001501 10055 100 2097152 51447195 48108 48204 14332
0b001101 0b001201 10341 100 2097152 40096331 11404043 176759 13169
0b001101 0b001201 10342 100 2097152 40118347 11416351 176759 15121
0b001c01 0b001d01 10382 100 2097152 51455725 83855 44264 14812
0b001c01 0b001d01 10383 100 2097152 51460203 83791 44264 15292
0b001501 0b001601 10392 100 2097152 51455628 98746 44264 13861
0b001501 0b001601 10393 100 2097152 51464257 107459 44264 13877
0b001701 0b001001 10403 100 2097152 51005235 568042 176699 13319
0b001101 0b001201 10343 100 2097152 40150520 11429338 176759 13185
0b001101 0b001201 10344 100 2097152 40155540 11429950 176759 13201
0b000801 0b000101 10058 100 2097152 51406518 180234 180639 8616
0b001501 0b001601 10394 100 2097152 51498313 91204 44264 14341
0b001d01 0b001601 10056 100 2097152 51542620 48108 48204 14829
0b001101 0b001201 10345 100 2097152 40160472 11430478 176759 13217
0b001d01 0b001e01 10379 100 2097152 51547034 44164 44264 15309
0b001001 0b001101 10402 100 2097152 50648485 954499 176759 14832
0b001701 0b001001 10404 100 2097152 51081048 534271 176699 13335
0b001e01 0b001701 10057 100 2097152 51594238 48108 48204 15326
0b001101 0b001201 10346 100 2097152 40213364 11448254 176759 13697
0b001601 0b001701 10404 100 2097152 51557384 111482 44264 13878
0b000f01 0b000801 10412 100 2097152 51469340 200372 176699 9087
0b000a01 0b000301 10059 100 2097152 51497966 180234 180639 9594
0b001201 0b001b01 10041 100 2097152 51215344 471366 180639 13138
0b001001 0b001101 10403 100 2097152 50707541 992251 176759 14336
0b000801 0b000901 10416 100 2097152 51672722 44164 44264 9096
0b001601 0b001701 10405 100 2097152 51574726 144364 44264 13894
0b001b01 0b001c01 10387 100 2097152 51689750 44164 44264 13163
0b001601 0b001701 10406 100 2097152 51592527 143860 44264 14358
0b001601 0b001701 10407 100 2097152 51593738 143057 44264 14838
0b000101 0b000201 10419 100 2097152 51589762 176356 176759 8625
0b001001 0b001101 10404 100 2097152 50749225 1021623 176759 13312
0b001c01 0b001d01 10384 100 2097152 51736954 44164 44264 13180
0b001201 0b001301 10361 100 2097152 51379644 406990 176759 14178
0b001201 0b001b01 10042 100 2097152 51233828 563778 180639 13154
0b001d01 0b001e01 10380 100 2097152 51784158 44164 44264 13197
0b001701 0b001001 10405 100 2097152 51351925 481330 176699 13879
0b001b01 0b001c01 10388 100 2097152 51800646 44164 44264 13179
0b001e01 0b001f01 10376 100 2097152 51831362 44164 44264 13214
0b001c01 0b001d01 10385 100 2097152 51847850 44164 44264 13196
0b001001 0b001101 10405 100 2097152 50826333 1069639 176759 14352
0b000901 0b000201 10059 100 2097152 51719896 180234 180639 9113
0b001f01 0b001801 10371 100 2097152 51878536 44164 44264 13231
0b000e01 0b000f01 10408 100 2097152 50515438 1408868 176759 8606
0b001d01 0b001e01 10381 100 2097152 51895054 44164 44264 13213
0b001801 0b001901 10376 100 2097152 51925710 44164 44264 13240
0b001301 0b001401 10368 100 2097152 51789644 184710 176699 14195
0b001201 0b001301 10362 100 2097152 51445300 538438 176759 14658
0b001e01 0b001f01 10377 100 2097152 51942228 44164 44264 13230
0b001901 0b001a01 10381 100 2097152 51972884 44164 44264 13257
0b001401 0b001d01 10048 100 2097152 51977364 48108 48204 14212
0b001f01 0b001801 10372 100 2097152 51989402 44164 44264 13247
0b001d01 0b001e01 10382 100 2097152 52028512 44164 44264 14237
0b001201 0b001301 10363 100 2097152 51537708 538518 176759 15138
0b001801 0b001901 10377 100 2097152 52036576 44164 44264 13256
0b001201 0b001301 10364 100 2097152 51664628 454014 176759 13714
0b001e01 0b001f01 10378 100 2097152 52075686 44164 44264 14254
0b001901 0b001a01 10382 100 2097152 52083750 44164 44264 13273
0b000f01 0b000801 10413 100 2097152 51927316 230360 176699 8623
0b001f01 0b001801 10373 100 2097152 52122860 44164 44264 14271
0b001001 0b001101 10406 100 2097152 51107117 1082715 176759 14848
0b001801 0b001901 10378 100 2097152 52170034 44164 44264 14280
0b001a01 0b001301 10049 100 2097152 52020058 224676 180639 13274
0b001901 0b001a01 10383 100 2097152 52217208 44164 44264 14297
0b001301 0b001401 10369 100 2097152 51986748 274822 176699 14675
0b001201 0b001b01 10043 100 2097152 51433534 863053 180639 13170
0b001101 0b001201 10347 100 2097152 40694076 11607494 176759 14177
0b001a01 0b001b01 10397 100 2097152 52264382 44561 44264 14314
0b001401 0b001501 10382 100 2097152 52264580 44693 44264 14692
0b001301 0b001c01 10048 100 2097152 52121652 210521 180639 13731
0b000801 0b000101 10059 100 2097152 52160686 180234 180639 8632
0b001501 0b001e01 10049 100 2097152 52312283 48108 48204 14709
0b001101 0b001201 10348 100 2097152 40739924 11623498 176759 14657
0b001b01 0b001c01 10389 100 2097152 52299627 78565 44264 13195
0b001c01 0b001d01 10386 100 2097152 52335213 48518 44264 13756
0b001a01 0b001301 10050 100 2097152 52130924 253924 180639 13290
0b001201 0b001b01 10044 100 2097152 51503384 886286 180639 13186
0b001b01 0b001c01 10390 100 2097152 52311983 78689 44264 14331
0b001101 0b001201 10349 100 2097152 40762368 11628842 176759 15137
0b001e01 0b001f01 10379 100 2097152 52363401 45157 44264 14734
0b001001 0b001101 10407 100 2097152 51338220 1088592 176759 14368
0b001c01 0b001d01 10387 100 2097152 52381232 47994 44264 13212
0b001101 0b001201 10350 100 2097152 40793118 11636240 176759 13713
0b001d01 0b001e01 10383 100 2097152 52386771 46461 44264 13773
0b001b01 0b001c01 10391 100 2097152 52392710 45749 44264 13211
0b001c01 0b001501 10056 100 2097152 52393712 48108 48204 14348
0b001201 0b001b01 10045 100 2097152 51582898 866512 180639 13202
0b001201 0b001b01 10046 100 2097152 51588500 863110 180639 13218
0b001201 0b001b01 10047 100 2097152 51593960 858590 180639 13234
0b001f01 0b001801 10374 100 2097152 52411568 45097 44264 14751
0b000e01 0b000f01 10409 100 2097152 50772094 1696540 176759 8142
0b001301 0b001401 10370 100 2097152 52079236 393402 176699 15155
0b001d01 0b001e01 10384 100 2097152 52432236 47033 44264 13229
0b001701 0b001001 10406 100 2097152 51645356 835443 176699 15335
0b001e01 0b001f01 10380 100 2097152 52436242 46096 44264 13790
0b001c01 0b001d01 10388 100 2097152 52441469 47464 44264 13228
0b001501 0b001601 10395 100 2097152 52444830 45277 44264 14357
0b001801 0b001901 10379 100 2097152 52459675 45040 44264 14760
0b001401 0b001501 10383 100 2097152 52475648 44797 44264 15172
0b001e01 0b001f01 10381 100 2097152 52482279 47783 44264 13246
0b001f01 0b001801 10375 100 2097152 52485348 46120 44264 13807
0b001d01 0b001e01 10385 100 2097152 52491943 45819 44264 13245
0b001601 0b001701 10408 100 2097152 52493117 45488 44264 14374
0b001901 0b001a01 10384 100 2097152 52507725 44998 44264 14777
0b001701 0b001001 10407 100 2097152 51671876 884887 176699 13895
0b001501 0b001601 10396 100 2097152 52523455 44837 44264 15189
0b001801 0b001901 10380 100 2097152 52534478 46199 44264 13816
0b001f01 0b001801 10376 100 2097152 52533072 47949 44264 13263
0b001001 0b001101 10408 100 2097152 51576287 1006333 176759 13328
0b001b01 0b001c01 10392 100 2097152 52452420 130247 44264 13227
0b001e01 0b001f01 10382 100 2097152 52540772 45912 44264 13262
0b001b01 0b001c01 10393 100 2097152 52454620 132540 44264 13243
0b001b01 0b001c01 10394 100 2097152 52455560 132064 44264 13259
0b001101 0b001201 10351 100 2097152 40926558 11666552 176759 13233
0b000e01 0b000f01 10410 100 2097152 50837042 1760128 176759 9550
0b001a01 0b001b01 10398 100 2097152 52555733 45676 44264 14794
0b001601 0b001f01 10050 100 2097152 52571302 48635 48204 15206
0b001001 0b001101 10409 100 2097152 51618329 1009683 176759 13344
0b001901 0b001a01 10385 100 2097152 52583687 46517 44264 13833
0b001801 0b001901 10381 100 2097152 52584031 48108 44264 13272
0b001701 0b001001 10408 100 2097152 51722100 911171 176699 13911
0b001701 0b001001 10409 100 2097152 51739397 903178 176699 14375
0b001701 0b001001 10410 100 2097152 51739805 904178 176699 14855
0b001f01 0b001801 10377 100 2097152 52589694 56802 44264 13279
0b001301 0b001401 10371 100 2097152 52247744 399490 176699 13283
0b001b01 0b001c01 10395 100 2097152 52604419 46309 44264 14811
0b000f01 0b000001 10059 100 2097152 52471644 180300 180699 8159
0b001a01 0b001b01 10399 100 2097152 52633214 46838 44264 13850
0b001f01 0b001801 10378 100 2097152 52622947 58079 44264 15231
0b001901 0b001a01 10386 100 2097152 52635149 46207 44264 13289
0b001401 0b001501 10384 100 2097152 52650244 44677 44264 13300
0b001001 0b001101 10410 100 2097152 51836265 858995 176759 13888
0b001801 0b001901 10382 100 2097152 52649506 56581 44264 13288
0b001301 0b001401 10372 100 2097152 52387858 328372 176699 13299
0b001c01 0b001d01 10389 100 2097152 52585677 144255 44264 13244
0b001b01 0b001401 10056 100 2097152 52683062 49134 48204 13867
0b001801 0b001901 10383 100 2097152 52684036 56489 44264 15240
0b001c01 0b001d01 10390 100 2097152 52590170 153584 44264 13260
0b001c01 0b001d01 10391 100 2097152 52590634 153626 44264 13276
0b001501 0b001601 10397 100 2097152 52697931 46343 44264 13317
0b001c01 0b001d01 10392 100 2097152 52653738 111777 44264 14828
0b001901 0b001a01 10387 100 2097152 52709097 56641 44264 13305
0b001101 0b001201 10352 100 2097152 41071416 11699686 176759 14193
0b001201 0b001b01 10048 100 2097152 52596120 181087 180639 13250
0b001101 0b001201 10353 100 2097152 41082244 11699950 176759 14673
0b001101 0b001201 10354 100 2097152 41082248 11699950 176759 15153
0b001601 0b001701 10409 100 2097152 52747284 44665 44264 13334
0b001401 0b001501 10385 100 2097152 52719240 73327 44264 13316
0b001901 0b001a01 10388 100 2097152 52743535 55198 44264 15257
0b001401 0b001501 10386 100 2097152 52735206 73869 44264 13876
0b001701 0b001001 10411 100 2097152 52541615 269812 176699 14391
0b001d01 0b001601 10057 100 2097152 52768525 48108 48204 14845
0b001b01 0b001c01 10396 100 2097152 52780217 46319 44264 13275
0b001d01 0b001e01 10386 100 2097152 52732942 108114 44264 13261
0b001a01 0b001b01 10400 100 2097152 52801743 45240 44264 15274
0b001201 0b001301 10365 100 2097152 52304580 544546 176759 14194
0b001601 0b001701 10410 100 2097152 52819643 48376 44264 14854
0b001d01 0b001e01 10387 100 2097152 52746764 122366 44264 13277
0b001d01 0b001e01 10388 100 2097152 52747270 122124 44264 13293
0b001501 0b001601 10398 100 2097152 52795577 75039 44264 13333
0b001c01 0b001d01 10393 100 2097152 52829546 47119 44264 13292
0b000e01 0b000f01 10411 100 2097152 51025266 1860680 176759 9086
0b001501 0b001601 10399 100 2097152 52812085 74909 44264 13893
0b001b01 0b001c01 10397 100 2097152 52849993 45334 44264 15291
0b000e01 0b000f01 10412 100 2097152 51032746 1865776 176759 8158
0b000f01 0b000801 10414 100 2097152 52600180 319768 176699 9567
0b001e01 0b001f01 10383 100 2097152 52844066 81799 44264 13278
0b001d01 0b001e01 10389 100 2097152 52879675 47494 44264 13309
0b001a01 0b001301 10051 100 2097152 52684366 251970 180639 13306
0b001c01 0b001d01 10394 100 2097152 52898337 45415 44264 15308
0b001601 0b001701 10411 100 2097152 52873626 73750 44264 13350
0b001601 0b001701 10412 100 2097152 52890004 73305 44264 13910
0b000801 0b000901 10417 100 2097152 52922958 44481 44264 9576
0b001f01 0b001801 10379 100 2097152 52928875 47094 44264 13295
0b000e01 0b000f01 10413 100 2097152 51112542 1872112 176759 8622
0b001d01 0b001e01 10390 100 2097152 52946762 46218 44264 15325
0b001101 0b001201 10355 100 2097152 41270437 11726401 176759 13249
0b001e01 0b001f01 10384 100 2097152 52872140 133894 44264 13294
0b001e01 0b001f01 10385 100 2097152 52872404 133886 44264 13310
0b000901 0b000a01 10419 100 2097152 52970449 44164 44264 9593
0b001101 0b001201 10356 100 2097152 41296297 11726945 176759 13729
0b001801 0b001901 10384 100 2097152 52978979 44835 44264 13304
0b000e01 0b000f01 10414 100 2097152 51151726 1874756 176759 9566
0b001e01 0b001f01 10386 100 2097152 52930179 96233 44264 13326
0b000e01 0b000f01 10415 100 2097152 51174174 1866392 176759 9582
0b001a01 0b001301 10052 100 2097152 52768748 272016 180639 13322
0b001e01 0b001701 10058 100 2097152 52995990 48108 48204 15342
0b000e01 0b000f01 10416 100 2097152 51184650 1860848 176759 9102
0b000e01 0b000f01 10417 100 2097152 51206830 1845272 176759 8638
0b000e01 0b000f01 10418 100 2097152 51219154 1835240 176759 9118
0b000e01 0b000f01 10419 100 2097152 51233858 1821772 176759 9598
0b001901 0b001a01 10389 100 2097152 53026824 44164 44264 13321
0b001f01 0b001801 10380 100 2097152 53009044 122906 44264 13311
0b001f01 0b001801 10381 100 2097152 53009300 123116 44264 13327
0b001f01 0b001801 10382 100 2097152 53029422 112983 44264 13343
0b001301 0b001401 10373 100 2097152 52852136 327182 176699 14211
0b001201 0b001b01 10049 100 2097152 52999848 180222 180639 13266
0b001701 0b001001 10412 100 2097152 52794959 413920 176699 13351
0b001101 0b001201 10357 100 2097152 41472056 11738142 176759 15169
0b001b01 0b001c01 10398 100 2097152 53183080 44164 44264 13291
0b001401 0b001d01 10049 100 2097152 53182328 48108 48204 14228
0b001a01 0b001301 10053 100 2097152 53073998 180234 180639 13338
0b001201 0b001301 10366 100 2097152 52366432 889834 176759 14674
0b001801 0b001901 10385 100 2097152 53134960 126864 44264 13320
0b001801 0b001901 10386 100 2097152 53135426 127284 44264 13336
0b001801 0b001901 10387 100 2097152 53145415 122244 44264 13352
0b001c01 0b001d01 10395 100 2097152 53230254 46017 44264 13308
0b001001 0b001101 10411 100 2097152 52483809 793971 176759 15344
0b001d01 0b001e01 10391 100 2097152 53233446 46282 44264 14253
0b001101 0b001201 10358 100 2097152 41552664 11744322 176759 14689
0b001d01 0b001e01 10392 100 2097152 53279281 46172 44264 13325
0b001e01 0b001f01 10387 100 2097152 53282738 46382 44264 14270
0b001001 0b001101 10412 100 2097152 52559773 795215 176759 13904
0b001201 0b001301 10367 100 2097152 52394220 966518 176759 15154
0b001101 0b001201 10359 100 2097152 41616471 11750711 176759 14209
0b001e01 0b001f01 10388 100 2097152 53328463 46272 44264 13342
0b001f01 0b001801 10383 100 2097152 53332130 46482 44264 14287
0b001901 0b001a01 10390 100 2097152 53264834 128808 44264 13337
0b001901 0b001a01 10391 100 2097152 53265720 129704 44264 13353
0b001901 0b001a01 10392 100 2097152 53270669 127286 44264 13369
0b001001 0b001101 10413 100 2097152 52645585 777867 176759 14384
0b001f01 0b001801 10384 100 2097152 53377745 46372 44264 13359
0b001001 0b001101 10414 100 2097152 52646993 777587 176759 14864
0b001801 0b001901 10388 100 2097152 53381622 46582 44264 14296
0b001701 0b001001 10413 100 2097152 52871029 558910 176699 14871
0b001201 0b001301 10368 100 2097152 52432368 1030182 176759 13730
0b001301 0b001401 10374 100 2097152 52939346 531668 176699 13315
0b001801 0b001901 10389 100 2097152 53427127 46472 44264 13368
0b001901 0b001a01 10393 100 2097152 53431214 46682 44264 14313
0b001701 0b001001 10414 100 2097152 52950386 554753 176699 13367
0b001401 0b001501 10387 100 2097152 53474024 44670 44264 13332
0b001901 0b001a01 10394 100 2097152 53476609 46572 44264 13385
0b001a01 0b001b01 10401 100 2097152 53480906 46089 44264 14330
0b001701 0b001001 10415 100 2097152 53047108 498955 176699 15351
0b000f01 0b000801 10415 100 2097152 52888956 659158 176699 9103
0b001501 0b001601 10400 100 2097152 53521704 44164 44264 13349
0b001b01 0b001c01 10399 100 2097152 53530005 44164 44264 14347
0b001101 0b001201 10360 100 2097152 41813581 11772013 176759 11921
0b000801 0b000901 10418 100 2097152 53551124 44694 44264 9112
0b001101 0b001201 10361 100 2097152 41825201 11775673 176759 11937
0b001601 0b001701 10413 100 2097152 53568878 44164 44264 13366
0b001c01 0b001501 10057 100 2097152 53577179 48541 48204 14364
0b001501 0b001601 10401 100 2097152 53628730 44164 44264 14373
0b001301 0b001401 10375 100 2097152 53043774 635984 176699 13331
0b001001 0b001101 10415 100 2097152 53211889 469482 176759 13360
0b001301 0b001c01 10049 100 2097152 53465560 229583 180639 13747
0b001601 0b001701 10414 100 2097152 53675904 44663 44264 14390
0b001401 0b001501 10388 100 2097152 53682768 44670 44264 13348
0b001c01 0b001d01 10396 100 2097152 53698153 44164 44264 13772
0b000f01 0b000801 10416 100 2097152 52987664 761058 176699 8639
0b001501 0b001601 10402 100 2097152 53730448 44164 44264 13365
0b001001 0b001101 10416 100 2097152 53508149 280562 176759 13376
0b001d01 0b001e01 10393 100 2097152 53745327 44164 44264 13789
0b001701 0b001001 10416 100 2097152 53616052 183587 176699 13383
0b000f01 0b000801 10417 100 2097152 53029492 780734 176699 9583
0b000f01 0b000801 10418 100 2097152 53043576 775584 176699 9599
0b000f01 0b000801 10419 100 2097152 53048508 771843 176699 9119
0b001601 0b001701 10415 100 2097152 53777622 44417 44264 13382
0b001e01 0b001f01 10389 100 2097152 53792501 44164 44264 13806
0b000801 0b000901 10419 100 2097152 53813236 44250 44264 9592
0b001f01 0b001801 10385 100 2097152 53839675 44164 44264 13823
0b001801 0b001901 10390 100 2097152 53886849 44164 44264 13832
0b001301 0b001401 10376 100 2097152 53257242 674904 176699 13347
0b001301 0b001401 10377 100 2097152 53259276 674282 176699 14691
0b001301 0b001401 10378 100 2097152 53363748 595862 176699 15171
0b001901 0b001a01 10395 100 2097152 53934023 44164 44264 13849
0b001a01 0b001301 10054 100 2097152 53396652 582838 180639 13354
0b001001 0b001101 10417 100 2097152 53802649 203731 176759 13392
0b001701 0b001001 10417 100 2097152 53825049 183670 176699 13399
0b001a01 0b001b01 10402 100 2097152 53981197 44164 44264 13866
0b001401 0b001501 10389 100 2097152 53935156 117646 44264 13364
0b001401 0b001501 10390 100 2097152 53936568 119042 44264 14708
0b001401 0b001501 10391 100 2097152 53962620 106468 44264 15188
0b001b01 0b001401 10057 100 2097152 54028371 48635 48204 13883
0b001a01 0b001301 10057 100 2097152 53526191 567471 180639 13402
0b001a01 0b001301 10055 100 2097152 53398434 698520 180639 13370
0b001501 0b001e01 10050 100 2097152 54058620 48108 48204 14725
0b001a01 0b001301 10056 100 2097152 53400965 712805 180639 13386
0b001401 0b001501 10392 100 2097152 54080016 46190 44264 13892
0b001501 0b001601 10403 100 2097152 54055812 76098 44264 13381
0b001e01 0b001f01 10390 100 2097152 54109738 44164 44264 14750
0b001501 0b001601 10404 100 2097152 54072098 92445 44264 15205
0b001601 0b001701 10416 100 2097152 54134920 48369 44264 13398
0b001501 0b001601 10405 100 2097152 54129216 63642 44264 13909
0b001201 0b001301 10369 100 2097152 52774112 1421342 176759 14210
0b001f01 0b001801 10386 100 2097152 54156912 44164 44264 14767
0b001201 0b001301 10370 100 2097152 52785204 1428190 176759 14690
0b001201 0b001301 10371 100 2097152 52785208 1428190 176759 15170
0b001001 0b001101 10418 100 2097152 54011729 201717 176759 13408
0b001601 0b001f01 10051 100 2097152 54167553 48108 48204 15222
0b001101 0b001201 10362 100 2097152 42405819 11811595 176759 11953
0b001801 0b001901 10391 100 2097152 54204086 46974 44264 14776
0b001f01 0b001801 10387 100 2097152 54218671 45570 44264 15247
0b001101 0b001201 10363 100 2097152 42471664 11820650 176759 15185
0b001901 0b001a01 10396 100 2097152 54254070 47107 44264 14793
0b001801 0b001901 10392 100 2097152 54267251 45637 44264 15256
0b001101 0b001201 10364 100 2097152 42503612 11818190 176759 11969
0b001a01 0b001b01 10403 100 2097152 54304187 47261 44264 14810
0b001901 0b001a01 10397 100 2097152 54315898 45707 44264 15273
0b001701 0b001001 10418 100 2097152 54186299 176738 176699 13415
0b001101 0b001201 10365 100 2097152 42559936 11820561 176759 11985
0b001b01 0b001c01 10400 100 2097152 54354458 47398 44264 14827
0b001a01 0b001b01 10404 100 2097152 54364615 45781 44264 15290
0b001c01 0b001d01 10397 100 2097152 54404866 47559 44264 14844
0b001b01 0b001c01 10401 100 2097152 54413406 45858 44264 15307
0b001301 0b001401 10379 100 2097152 53982500 477290 176699 13363
0b001d01 0b001601 10058 100 2097152 54455435 48108 48204 14861
0b001c01 0b001d01 10398 100 2097152 54462274 44164 44264 15324
0b001401 0b001501 10393 100 2097152 54462800 44670 44264 13380
0b001201 0b001301 10372 100 2097152 53026252 1509294 176759 13746
0b001001 0b001101 10419 100 2097152 54366047 184363 176759 13424
0b001d01 0b001e01 10394 100 2097152 54509448 44164 44264 15341
0b001601 0b001701 10417 100 2097152 54506553 47996 44264 14870
0b001501 0b001601 10406 100 2097152 54510480 46078 44264 13397
0b001601 0b001701 10418 100 2097152 54559568 44164 44264 13414
0b001e01 0b001701 10059 100 2097152 54556622 48108 48204 15358
0b001301 0b001c01 10050 100 2097152 54538556 180222 180639 13763
0b001201 0b001301 10373 100 2097152 53213208 1544590 176759 15186
0b001c01 0b001d01 10399 100 2097152 54721788 44164 44264 13788
0b001701 0b001001 10419 100 2097152 54606742 176290 176699 13431
0b001d01 0b001e01 10395 100 2097152 54768962 44164 44264 13805
0b001201 0b001301 10374 100 2097152 53299996 1543514 176759 14706
0b001e01 0b001f01 10391 100 2097152 54816136 44164 44264 13822
0b001201 0b001301 10375 100 2097152 53370192 1529698 176759 14226
0b001f01 0b001801 10388 100 2097152 54863310 44164 44264 13839
0b001801 0b001901 10393 100 2097152 54910484 44164 44264 13848
0b001901 0b001a01 10398 100 2097152 54957658 44164 44264 13865
0b001a01 0b001b01 10405 100 2097152 55004832 44164 44264 13882
0b001201 0b001301 10376 100 2097152 53588604 1466290 176759 11938
0b001201 0b001301 10377 100 2097152 53603884 1459094 176759 11954
0b001b01 0b001401 10058 100 2097152 55052006 48108 48204 13899
0b001101 0b001201 10366 100 2097152 43315120 11790662 176759 13265
0b001101 0b001201 10367 100 2097152 43333604 11790838 176759 13745
0b001401 0b001501 10394 100 2097152 55103124 44670 44264 13908
0b001101 0b001201 10368 100 2097152 43496852 11773706 176759 14225
0b001101 0b001201 10369 100 2097152 43506712 11772826 176759 14705
0b001201 0b001b01 10050 100 2097152 55108792 180222 180639 13282
0b001201 0b001301 10378 100 2097152 54220424 1097906 176759 11970
0b001b01 0b001c01 10402 100 2097152 55292024 44164 44264 13307
0b001201 0b001301 10379 100 2097152 54295324 1072630 176759 15202
0b001201 0b001301 10380 100 2097152 54324812 1058250 176759 11986
0b001c01 0b001d01 10400 100 2097152 55339198 44164 44264 13324
0b001301 0b001401 10380 100 2097152 54099964 1304312 176699 13379
0b001d01 0b001e01 10396 100 2097152 55386372 44164 44264 13341
0b001401 0b001501 10395 100 2097152 55407286 44671 44264 13396
0b001e01 0b001f01 10392 100 2097152 55433546 44164 44264 13358
0b001501 0b001601 10407 100 2097152 55454967 44164 44264 13413
0b001301 0b001401 10381 100 2097152 54116780 1387488 176699 13395
0b001301 0b001401 10382 100 2097152 54116790 1387482 176699 13411
0b001f01 0b001801 10389 100 2097152 55480720 44164 44264 13375
0b001601 0b001701 10419 100 2097152 55502141 44164 44264 13430
0b001801 0b001901 10394 100 2097152 55527894 44164 44264 13384
0b001401 0b001501 10396 100 2097152 55507278 89219 44264 13412
0b001401 0b001501 10397 100 2097152 55507288 89213 44264 13428
0b001901 0b001a01 10399 100 2097152 55575068 44164 44264 13401
0b001501 0b001601 10408 100 2097152 55599507 44164 44264 13429
0b001301 0b001401 10383 100 2097152 54198464 1508414 176699 14227
0b001301 0b001401 10384 100 2097152 54216404 1522640 176699 14707
0b001301 0b001401 10385 100 2097152 54216408 1522724 176699 15187
0b001401 0b001d01 10050 100 2097152 55709888 48108 48204 14244
0b001a01 0b001301 10058 100 2097152 55622242 180234 180639 13418
0b001d01 0b001e01 10397 100 2097152 55761006 44164 44264 14269
0b001401 0b001501 10398 100 2097152 55742054 89145 44264 14724
0b001401 0b001501 10399 100 2097152 55742142 89146 44264 15204
0b001e01 0b001f01 10393 100 2097152 55808180 44164 44264 14286
0b001201 0b001301 10381 100 2097152 55127452 738986 176759 13762
0b001501 0b001601 10409 100 2097152 55834298 44164 44264 15221
0b001501 0b001e01 10051 100 2097152 55834209 48108 48204 14741
0b001f01 0b001801 10390 100 2097152 55855354 45523 44264 14303
0b001601 0b001f01 10052 100 2097152 55881472 48108 48204 15238
0b001e01 0b001f01 10394 100 2097152 55885327 44838 44264 14766
0b001801 0b001901 10395 100 2097152 55903887 45636 44264 14312
0b001901 0b001a01 10400 100 2097152 55952533 44164 44264 14329
0b001201 0b001301 10382 100 2097152 55273568 746426 176759 14242
0b001f01 0b001801 10391 100 2097152 55932590 88368 44264 15263
0b001f01 0b001801 10392 100 2097152 55933175 88354 44264 14783
0b001201 0b001301 10383 100 2097152 55282548 746962 176759 14722
0b001a01 0b001b01 10406 100 2097152 55999707 44164 44264 14346
0b001301 0b001c01 10051 100 2097152 55869448 180222 180639 13779
0b001101 0b001201 10370 100 2097152 44494311 11597013 176759 14721
0b001b01 0b001c01 10403 100 2097152 56046881 45917 44264 14363
0b001c01 0b001d01 10401 100 2097152 56052680 45990 44264 13804
0b001801 0b001901 10396 100 2097152 56023968 87634 44264 15272
0b001101 0b001201 10371 100 2097152 44519483 11592461 176759 15201
0b001101 0b001201 10372 100 2097152 44521771 11590177 176759 13281
0b001801 0b001901 10397 100 2097152 56024539 87634 44264 14792
0b001101 0b001201 10373 100 2097152 44558960 11580628 176759 13761
0b001c01 0b001501 10058 100 2097152 56095808 48108 48204 14380
0b001d01 0b001e01 10398 100 2097152 56101680 44164 44264 13821
0b001501 0b001601 10410 100 2097152 56146926 44164 44264 14389
0b001e01 0b001f01 10395 100 2097152 56148854 44164 44264 13838
0b001901 0b001a01 10401 100 2097152 56114612 87634 44264 15289
0b001901 0b001a01 10402 100 2097152 56115183 87634 44264 14809
0b001f01 0b001801 10393 100 2097152 56196028 44164 44264 13855
0b001101 0b001201 10374 100 2097152 44701284 11541232 176759 14241
0b001101 0b001201 10375 100 2097152 44757432 11524248 176759 15217
0b001801 0b001901 10398 100 2097152 56243202 44164 44264 13864
0b001a01 0b001b01 10407 100 2097152 56205256 87871 44264 15306
0b001a01 0b001b01 10408 100 2097152 56205827 87916 44264 14826
0b001201 0b001b01 10051 100 2097152 56114958 180222 180639 13298
0b001101 0b001201 10376 100 2097152 44820268 11503252 176759 14257
0b001101 0b001201 10377 100 2097152 44820356 11503168 176759 14737
0b001901 0b001a01 10403 100 2097152 56290376 44310 44264 13881
0b001101 0b001201 10378 100 2097152 44874396 11482228 176759 15233
0b001a01 0b001b01 10409 100 2097152 56337696 46165 44264 13898
0b001b01 0b001c01 10404 100 2097152 56296137 132404 44264 15323
0b001b01 0b001c01 10405 100 2097152 56296753 133010 44264 14843
0b001b01 0b001c01 10406 100 2097152 56298190 132291 44264 13323
0b001b01 0b001401 10059 100 2097152 56386871 48108 48204 13915
0b001101 0b001201 10379 100 2097152 45044608 11416400 176759 13297
0b001301 0b001401 10386 100 2097152 54760808 1728180 176699 15203
0b001401 0b001501 10400 100 2097152 56491998 44670 44264 15220
0b001101 0b001201 10380 100 2097152 45185336 11359988 176759 14753
0b001101 0b001201 10381 100 2097152 45213848 11345208 176759 15249
0b001c01 0b001d01 10402 100 2097152 56431551 129445 44264 15340
0b001c01 0b001d01 10403 100 2097152 56432773 130663 44264 14860
0b001c01 0b001d01 10404 100 2097152 56433491 130306 44264 13340
0b001501 0b001601 10411 100 2097152 56539678 44164 44264 15237
0b001301 0b001401 10387 100 2097152 54846520 1752576 176699 14723
0b001101 0b001201 10382 100 2097152 45306144 11306336 176759 13777
0b001d01 0b001601 10059 100 2097152 56566446 49148 48204 14877
0b001101 0b001201 10383 100 2097152 45316792 11298948 176759 13793
0b001601 0b001f01 10053 100 2097152 56586852 49333 48204 15254
0b001201 0b001b01 10052 100 2097152 56464018 180222 180639 13314
0b001101 0b001201 10384 100 2097152 45369380 11274876 176759 14273
0b001401 0b001501 10401 100 2097152 56602106 44669 44264 14740
0b001d01 0b001e01 10399 100 2097152 56564006 85408 44264 15357
0b001d01 0b001e01 10400 100 2097152 56566807 85404 44264 13357
0b001301 0b001401 10388 100 2097152 54902900 1752532 176699 14243
0b001101 0b001201 10385 100 2097152 45399632 11259944 176759 13809
0b001f01 0b001801 10394 100 2097152 56639195 46835 44264 15279
0b001b01 0b001c01 10407 100 2097152 56647250 44164 44264 13339
0b001501 0b001e01 10052 100 2097152 56649785 49926 48204 14757
0b001e01 0b001f01 10396 100 2097152 56655221 45502 44264 13374
0b001401 0b001d01 10051 100 2097152 56658442 49891 48204 14260
0b001101 0b001201 10386 100 2097152 45525004 11191340 176759 14289
0b001801 0b001901 10399 100 2097152 56689040 45567 44264 15288
0b001c01 0b001d01 10405 100 2097152 56694424 45398 44264 13356
0b001e01 0b001f01 10397 100 2097152 56702721 46629 44264 14782
0b001f01 0b001801 10395 100 2097152 56703733 46218 44264 13391
0b001101 0b001201 10387 100 2097152 45617076 11139844 176759 13825
0b001d01 0b001e01 10401 100 2097152 56711343 59735 44264 14285
0b001301 0b001401 10389 100 2097152 55057904 1718284 176699 11955
0b001301 0b001401 10390 100 2097152 55065988 1714956 176699 11971
0b001901 0b001a01 10404 100 2097152 56737617 45536 44264 15305
0b001f01 0b001801 10396 100 2097152 56752360 46202 44264 14799
0b001801 0b001901 10400 100 2097152 56752961 46237 44264 13400
0b001d01 0b001e01 10402 100 2097152 56742832 59648 44264 13373
0b001a01 0b001b01 10410 100 2097152 56786163 45512 44264 15322
0b001e01 0b001f01 10398 100 2097152 56774088 59401 44264 14302
0b001801 0b001901 10401 100 2097152 56801572 46177 44264 14808
0b001901 0b001a01 10405 100 2097152 56802208 46236 44264 13417
0b001401 0b001501 10402 100 2097152 56779198 84491 44264 11972
0b001e01 0b001f01 10399 100 2097152 56805490 59334 44264 13390
0b001401 0b001501 10403 100 2097152 56783954 84514 44264 11988
0b001b01 0b001c01 10408 100 2097152 56834685 44164 44264 15339
0b001901 0b001a01 10406 100 2097152 56850759 44164 44264 14825
0b001f01 0b001801 10397 100 2097152 56836499 59460 44264 14319
0b001301 0b001401 10391 100 2097152 55321340 1575776 176699 11987
0b001501 0b001601 10412 100 2097152 56866699 44244 44264 11989
0b001301 0b001401 10392 100 2097152 55370964 1542700 176699 15219
0b001c01 0b001d01 10406 100 2097152 56881859 44164 44264 15356
0b001f01 0b001801 10398 100 2097152 56867834 59394 44264 13407
0b001101 0b001201 10388 100 2097152 46014464 10916716 176759 14769
0b001a01 0b001b01 10411 100 2097152 56897933 44164 44264 14842
0b001801 0b001901 10402 100 2097152 56898969 59520 44264 14328
0b001401 0b001501 10404 100 2097152 56916674 44670 44264 15236
0b001b01 0b001c01 10409 100 2097152 56945107 44164 44264 14859
0b001801 0b001901 10403 100 2097152 56930238 59454 44264 13416
0b001501 0b001601 10413 100 2097152 56964354 44164 44264 15253
0b001101 0b001201 10389 100 2097152 46208500 10801628 176759 14305
0b001901 0b001a01 10407 100 2097152 56961499 59580 44264 14345
0b001a01 0b001301 10059 100 2097152 56851454 180234 180639 13434
0b001c01 0b001d01 10407 100 2097152 56992281 44164 44264 14876
0b001301 0b001401 10393 100 2097152 55805486 1241778 176699 13427
0b001901 0b001a01 10408 100 2097152 56992702 59514 44264 13433
0b001601 0b001f01 10054 100 2097152 57011528 48108 48204 15270
0b001a01 0b001b01 10412 100 2097152 57024089 45444 44264 14362
0b001301 0b001401 10394 100 2097152 56023004 1080496 176699 14259
0b001301 0b001401 10395 100 2097152 56032520 1072040 176699 14739
0b001f01 0b001801 10399 100 2097152 57062646 44164 44264 15295
0b001b01 0b001c01 10410 100 2097152 57072543 44164 44264 14379
0b001401 0b001501 10405 100 2097152 57107570 44164 44264 14756
0b001801 0b001901 10404 100 2097152 57109820 44164 44264 15304
0b001101 0b001201 10390 100 2097152 46565060 10592660 176759 13841
0b001401 0b001d01 10052 100 2097152 57106510 80029 48204 14276
0b001c01 0b001501 10059 100 2097152 57119717 80658 48204 14396
0b001901 0b001a01 10409 100 2097152 57156994 44164 44264 15321
0b001101 0b001201 10391 100 2097152 46681032 10522544 176759 13857
0b001501 0b001e01 10053 100 2097152 57154744 52173 48204 14773
0b001d01 0b001e01 10403 100 2097152 57189549 45249 44264 14301
0b001a01 0b001b01 10413 100 2097152 57204168 44164 44264 15338
0b001e01 0b001f01 10400 100 2097152 57209927 62600 44264 14798
0b001b01 0b001c01 10411 100 2097152 57251342 44164 44264 15355
0b001e01 0b001f01 10401 100 2097152 57237808 62534 44264 14318
0b001f01 0b001801 10400 100 2097152 57275537 62660 44264 14815
0b001f01 0b001801 10401 100 2097152 57303352 62594 44264 14335
0b001801 0b001901 10405 100 2097152 57341207 62720 44264 14824
0b001801 0b001901 10406 100 2097152 57368956 62654 44264 14344
0b001901 0b001a01 10410 100 2097152 57406937 62780 44264 14841
0b001901 0b001a01 10411 100 2097152 57434620 62714 44264 14361
0b001a01 0b001b01 10414 100 2097152 57472727 62840 44264 14858
0b001a01 0b001b01 10415 100 2097152 57500344 62774 44264 14378
0b001b01 0b001c01 10412 100 2097152 57538577 62900 44264 14875
0b001b01 0b001c01 10413 100 2097152 57566128 61771 44264 14395
0b001101 0b001201 10392 100 2097152 48478334 9458006 176759 14321
0b001101 0b001201 10393 100 2097152 48685702 9340762 176759 15265
0b001101 0b001201 10394 100 2097152 48705934 9329686 176759 14785
0b001101 0b001201 10395 100 2097152 48745782 9305158 176759 14801
0b001101 0b001201 10396 100 2097152 48779066 9284550 176759 14337
0b001101 0b001201 10397 100 2097152 48780142 9283478 176759 15281
0b001101 0b001201 10398 100 2097152 49060406 9095978 176759 14817
0b001101 0b001201 10399 100 2097152 49227978 8981918 176759 13873
0b001101 0b001201 10400 100 2097152 49401502 8861114 176759 14833
0b001101 0b001201 10401 100 2097152 49791918 8585818 176759 13889
0b001101 0b001201 10402 100 2097152 50224878 8271426 176759 15297
0b001101 0b001201 10403 100 2097152 50389714 8148398 176759 15313
0b001101 0b001201 10404 100 2097152 50765502 7861166 176759 13313
0b001101 0b001201 10405 100 2097152 50838866 7803646 176759 15329
0b001201 0b001301 10384 100 2097152 56094334 2573460 176759 14738
0b001101 0b001201 10406 100 2097152 51093414 7600762 176759 15345
0b001101 0b001201 10407 100 2097152 51605994 7186334 176759 14849
0b001201 0b001b01 10053 100 2097152 58629678 180222 180639 13330
0b001101 0b001201 10408 100 2097152 51702802 7107482 176759 14353
0b001201 0b001301 10385 100 2097152 56114954 2695948 176759 15218
0b001101 0b001201 10409 100 2097152 51773858 7049014 176759 13329
0b001101 0b001201 10410 100 2097152 51898982 6944134 176759 14369
0b001b01 0b001c01 10414 100 2097152 58812910 44164 44264 13355
0b001101 0b001201 10411 100 2097152 52192842 6691378 176759 14865
0b001301 0b001401 10396 100 2097152 58670804 226176 176699 14755
0b001c01 0b001d01 10408 100 2097152 58860084 44164 44264 13372
0b001101 0b001201 10412 100 2097152 52429822 6484926 176759 14385
0b001201 0b001301 10386 100 2097152 56142598 2790080 176759 13778
0b001101 0b001201 10413 100 2097152 52585630 6347742 176759 13345
0b001101 0b001201 10414 100 2097152 52631022 6306746 176759 13361
0b001101 0b001201 10415 100 2097152 52698270 6245202 176759 13905
0b001401 0b001501 10406 100 2097152 58899990 44671 44264 14772
0b001d01 0b001e01 10404 100 2097152 58907258 44164 44264 13389
0b001501 0b001e01 10054 100 2097152 58947671 48108 48204 14789
0b001e01 0b001f01 10402 100 2097152 58954432 44164 44264 13406
0b001101 0b001201 10416 100 2097152 53684381 5330979 176759 13377
0b001101 0b001201 10417 100 2097152 53791721 5229883 176759 13393
0b001101 0b001201 10418 100 2097152 54009390 5020382 176759 13409
0b001101 0b001201 10419 100 2097152 54216456 4817520 176759 13425
0b001301 0b001401 10397 100 2097152 58813912 226664 176699 15235
0b001e01 0b001f01 10403 100 2097152 58998789 46038 44264 14814
0b001f01 0b001801 10402 100 2097152 59001606 46132 44264 13423
0b001401 0b001501 10407 100 2097152 59043586 44164 44264 15252
0b001f01 0b001801 10403 100 2097152 59047837 46043 44264 14831
0b001801 0b001901 10407 100 2097152 59050748 46127 44264 13432
0b001301 0b001c01 10052 100 2097152 58935688 180222 180639 13795
0b001501 0b001601 10414 100 2097152 59090760 44164 44264 15269
0b001801 0b001901 10408 100 2097152 59096890 44164 44264 14840
0b001c01 0b001d01 10409 100 2097152 59118920 44164 44264 13820
0b001601 0b001f01 10055 100 2097152 59137934 48108 48204 15286
0b001901 0b001a01 10412 100 2097152 59144064 44164 44264 14857
0b001d01 0b001e01 10405 100 2097152 59166094 44164 44264 13837
0b001f01 0b001801 10404 100 2097152 59189052 46067 44264 15311
0b001a01 0b001b01 10416 100 2097152 59191238 44164 44264 14874
0b001201 0b001b01 10054 100 2097152 58825882 417606 180639 13346
0b001e01 0b001f01 10404 100 2097152 59213268 45112 44264 13854
0b001801 0b001901 10409 100 2097152 59238129 46144 44264 15320
0b001b01 0b001c01 10415 100 2097152 59246498 44164 44264 13371
0b001f01 0b001801 10405 100 2097152 59261390 45157 44264 13871
0b001901 0b001a01 10413 100 2097152 59287283 46254 44264 15337
0b001c01 0b001d01 10410 100 2097152 59293672 44164 44264 13388
0b001801 0b001901 10410 100 2097152 59309557 45204 44264 13880
0b001a01 0b001b01 10417 100 2097152 59336547 46346 44264 15354
0b001d01 0b001e01 10406 100 2097152 59340846 44164 44264 13405
0b001901 0b001a01 10414 100 2097152 59357771 45254 44264 13897
0b001e01 0b001f01 10405 100 2097152 59388020 44164 44264 13422
0b001a01 0b001b01 10418 100 2097152 59406035 44164 44264 13914
0b001f01 0b001801 10406 100 2097152 59435194 44164 44264 13439
0b001201 0b001301 10387 100 2097152 56245526 3354648 176759 14258
0b001201 0b001b01 10055 100 2097152 58936382 859422 180639 13362
0b001301 0b001401 10398 100 2097152 59603184 193652 176699 14275
0b001201 0b001b01 10056 100 2097152 58940778 863778 180639 13378
0b001201 0b001301 10388 100 2097152 56284690 3549684 176759 15234
0b001401 0b001d01 10053 100 2097152 59799846 48108 48204 14292
0b001b01 0b001c01 10416 100 2097152 59798814 79465 44264 13387
0b001201 0b001b01 10057 100 2097152 59018370 863818 180639 13394
0b001201 0b001b01 10058 100 2097152 59024614 860614 180639 13410
0b001201 0b001b01 10059 100 2097152 59032782 854142 180639 13426
0b001b01 0b001c01 10417 100 2097152 59807566 81696 44264 13403
0b001d01 0b001e01 10407 100 2097152 59850964 44831 44264 14317
0b001e01 0b001f01 10406 100 2097152 59898805 44164 44264 14334
0b001c01 0b001d01 10411 100 2097152 59881289 85142 44264 13404
0b001b01 0b001c01 10418 100 2097152 59885198 92573 44264 13419
0b001c01 0b001d01 10412 100 2097152 59892272 85646 44264 13420
0b001b01 0b001c01 10419 100 2097152 59888238 91059 44264 13435
0b001f01 0b001801 10407 100 2097152 59945979 44164 44264 14351
0b001c01 0b001d01 10413 100 2097152 59980781 46168 44264 13436
0b001801 0b001901 10411 100 2097152 59993153 44164 44264 14360
0b001301 0b001401 10399 100 2097152 59837384 202052 176699 15251
0b001d01 0b001e01 10408 100 2097152 59969441 79214 44264 13421
0b001d01 0b001e01 10409 100 2097152 59980928 79392 44264 13437
0b001901 0b001a01 10415 100 2097152 60040327 44164 44264 14377
0b001401 0b001501 10408 100 2097152 60042446 44164 44264 15268
0b001e01 0b001f01 10407 100 2097152 60051665 44557 44264 13438
0b001a01 0b001b01 10419 100 2097152 60087501 44164 44264 14394
0b001501 0b001601 10415 100 2097152 60089620 44164 44264 15285
0b001201 0b001301 10389 100 2097152 56326530 3831336 176759 14274
0b001201 0b001301 10390 100 2097152 56326534 3831348 176759 14754
0b001601 0b001f01 10056 100 2097152 60136794 48108 48204 15302
0b001f01 0b001801 10408 100 2097152 60187912 44164 44264 15327
0b001801 0b001901 10412 100 2097152 60235086 44164 44264 15336
0b001901 0b001a01 10416 100 2097152 60282260 44164 44264 15353
0b001201 0b001301 10391 100 2097152 56359634 3975596 176759 15250
0b001301 0b001401 10400 100 2097152 60160876 503708 176699 14291
0b001301 0b001401 10401 100 2097152 60160892 503696 176699 14771
0b001401 0b001501 10409 100 2097152 60667598 44416 44264 14788
0b001401 0b001d01 10054 100 2097152 60667594 48108 48204 14308
0b001d01 0b001e01 10410 100 2097152 60718712 44164 44264 14333
0b001501 0b001e01 10055 100 2097152 60715024 48108 48204 14805
0b001e01 0b001f01 10408 100 2097152 60765886 87949 44264 14350
0b001e01 0b001f01 10409 100 2097152 60766142 87949 44264 14830
0b001301 0b001401 10402 100 2097152 60338240 528536 176699 15267
0b001401 0b001501 10410 100 2097152 60869786 44164 44264 15284
0b001f01 0b001801 10409 100 2097152 60856845 87949 44264 14367
0b001f01 0b001801 10410 100 2097152 60857101 87949 44264 14847
0b001501 0b001601 10416 100 2097152 60916960 44164 44264 15301
0b001201 0b001301 10392 100 2097152 56548334 4445020 176759 14770
0b001601 0b001f01 10057 100 2097152 60964134 48108 48204 15318
0b001201 0b001301 10393 100 2097152 56562066 4469860 176759 15266
0b001801 0b001901 10413 100 2097152 60947804 89892 44264 14376
0b001801 0b001901 10414 100 2097152 60948060 89922 44264 14856
0b001f01 0b001801 10411 100 2097152 61015252 45151 44264 15343
0b001801 0b001901 10415 100 2097152 61063413 46180 44264 15352
0b001901 0b001a01 10417 100 2097152 61040706 90026 44264 14393
0b001901 0b001a01 10418 100 2097152 61040992 90017 44264 14873
0b001201 0b001301 10394 100 2097152 56615490 4553756 176759 13794
0b001201 0b001301 10395 100 2097152 56618750 4557088 176759 13810
0b001201 0b001301 10396 100 2097152 56647266 4584944 176759 14290
0b001201 0b001301 10397 100 2097152 56662586 4595768 176759 13826
0b001201 0b001301 10398 100 2097152 56719354 4627388 176759 14306
0b001201 0b001301 10399 100 2097152 56759930 4644020 176759 13842
0b001301 0b001401 10403 100 2097152 60996364 623932 176699 14787
0b001201 0b001301 10400 100 2097152 56934190 4687564 176759 14786
0b001401 0b001501 10411 100 2097152 61623306 44666 44264 14804
0b001301 0b001401 10404 100 2097152 61034936 643988 176699 15283
0b001201 0b001301 10401 100 2097152 57013138 4696312 176759 14322
0b001501 0b001e01 10056 100 2097152 61670982 48108 48204 14821
0b001401 0b001501 10412 100 2097152 61681934 44603 44264 15300
0b001301 0b001c01 10053 100 2097152 61172256 557970 180639 13811
0b001301 0b001c01 10054 100 2097152 61178848 571050 180639 13827
0b001e01 0b001f01 10410 100 2097152 61722100 44164 44264 14846
0b001501 0b001601 10417 100 2097152 61729547 44164 44264 15317
0b001c01 0b001d01 10414 100 2097152 61733236 68545 44264 13836
0b001f01 0b001801 10412 100 2097152 61769274 44164 44264 14863
0b001c01 0b001d01 10415 100 2097152 61752908 69295 44264 13852
0b001601 0b001f01 10058 100 2097152 61776721 48108 48204 15334
0b001301 0b001c01 10055 100 2097152 61261364 571038 180639 13843
0b001201 0b001301 10402 100 2097152 57160730 4695068 176759 13858
0b001801 0b001901 10416 100 2097152 61816448 47293 44264 14872
0b001f01 0b001801 10413 100 2097152 61827839 45723 44264 15359
0b001d01 0b001e01 10411 100 2097152 61804791 73066 44264 13853
0b001c01 0b001d01 10416 100 2097152 61835412 46181 44264 13868
0b001201 0b001301 10403 100 2097152 57206586 4689500 176759 13874
0b001301 0b001c01 10056 100 2097152 61406960 492154 180639 13859
0b001d01 0b001e01 10412 100 2097152 61825213 83305 44264 13869
0b001e01 0b001f01 10411 100 2097152 61880867 61782 44264 13870
0b001d01 0b001e01 10413 100 2097152 61884603 59900 44264 13885
0b001c01 0b001d01 10417 100 2097152 61902124 46005 44264 13884
0b001f01 0b001801 10414 100 2097152 61945659 46514 44264 13887
0b001d01 0b001e01 10414 100 2097152 61951139 46180 44264 13901
0b001e01 0b001f01 10412 100 2097152 61911528 86707 44264 13886
0b001301 0b001401 10405 100 2097152 61235220 770204 176699 14307
0b001e01 0b001f01 10413 100 2097152 61947513 89648 44264 13902
0b001801 0b001901 10417 100 2097152 61995183 45981 44264 13896
0b001401 0b001d01 10055 100 2097152 62008434 48635 48204 14324
0b001f01 0b001801 10415 100 2097152 62001245 55921 44264 13903
0b001e01 0b001f01 10414 100 2097152 62000329 64719 44264 13918
0b001901 0b001a01 10419 100 2097152 62044174 45512 44264 13913
0b001f01 0b001801 10416 100 2097152 62040171 53434 44264 13919
0b001d01 0b001e01 10415 100 2097152 62060079 44379 44264 14349
0b001801 0b001901 10418 100 2097152 62060176 45685 44264 13912
0b001e01 0b001f01 10415 100 2097152 62107468 44164 44264 14366
0b001301 0b001401 10406 100 2097152 61349752 835592 176699 14323
0b001f01 0b001801 10417 100 2097152 62154642 44164 44264 14383
0b001301 0b001c01 10057 100 2097152 61858808 352529 180639 13875
0b001301 0b001c01 10058 100 2097152 61899096 334448 180639 13891
0b001401 0b001d01 10056 100 2097152 62188354 48621 48204 14340
0b001801 0b001901 10419 100 2097152 62201816 44164 44264 14392
0b001c01 0b001d01 10418 100 2097152 62214347 67846 44264 13900
0b001d01 0b001e01 10416 100 2097152 62239985 49342 44264 14365
0b001c01 0b001d01 10419 100 2097152 62236554 68835 44264 13916
0b001d01 0b001e01 10417 100 2097152 62285203 47141 44264 13917
0b001e01 0b001f01 10416 100 2097152 62292337 45984 44264 14382
0b001f01 0b001801 10418 100 2097152 62341331 44164 44264 14399
0b001201 0b001301 10404 100 2097152 57939350 4530788 176759 14338
0b001201 0b001301 10405 100 2097152 58029474 4503552 176759 15282
0b001201 0b001301 10406 100 2097152 58038630 4500372 176759 14802
0b001301 0b001401 10407 100 2097152 61624764 914688 176699 14803
0b001201 0b001301 10407 100 2097152 58053950 4492812 176759 14818
0b001201 0b001301 10408 100 2097152 58066626 4486224 176759 14354
0b001201 0b001301 10409 100 2097152 58066630 4486224 176759 15298
0b001401 0b001501 10413 100 2097152 62542462 44679 44264 14820
0b001201 0b001301 10410 100 2097152 58159394 4429056 176759 14834
0b001201 0b001301 10411 100 2097152 58212906 4392468 176759 13890
0b001201 0b001301 10412 100 2097152 58265626 4354652 176759 14850
0b001501 0b001e01 10057 100 2097152 62590151 48108 48204 14837
0b001201 0b001301 10413 100 2097152 58380746 4266836 176759 13906
0b001301 0b001401 10408 100 2097152 61712460 956620 176699 14339
0b001201 0b001301 10414 100 2097152 58499314 4171948 176759 15314
0b001201 0b001301 10415 100 2097152 58541122 4137184 176759 15330
0b001e01 0b001f01 10417 100 2097152 62641269 44164 44264 14862
0b001201 0b001301 10416 100 2097152 58645522 4046164 176759 15346
0b001201 0b001301 10417 100 2097152 58795338 3911556 176759 14866
0b001201 0b001301 10418 100 2097152 58813294 3894744 176759 14370
0b001201 0b001301 10419 100 2097152 58846126 3863308 176759 14386
0b001401 0b001d01 10057 100 2097152 62672090 48635 48204 14356
0b001f01 0b001801 10419 100 2097152 62688443 44164 44264 14879
0b001d01 0b001e01 10418 100 2097152 62723735 44164 44264 14381
0b001301 0b001c01 10059 100 2097152 62608384 180222 180639 13907
0b001e01 0b001f01 10418 100 2097152 62770909 44164 44264 14398
0b001301 0b001401 10409 100 2097152 62473148 1783642 176699 14355
0b001401 0b001d01 10058 100 2097152 64259800 48108 48204 14372
0b001301 0b001401 10410 100 2097152 62536036 1817370 176699 15299
0b001d01 0b001e01 10419 100 2097152 64310918 44164 44264 14397
0b001301 0b001401 10411 100 2097152 62542012 1822007 176699 14819
0b001301 0b001401 10412 100 2097152 62549772 1839132 176699 14835
0b001301 0b001401 10413 100 2097152 62555860 1844227 176699 14371
0b001301 0b001401 10414 100 2097152 62555864 1844227 176699 15315
0b001301 0b001401 10415 100 2097152 62591460 1835960 176699 14851
0b001301 0b001401 10416 100 2097152 62623288 1823303 176699 14867
0b001401 0b001d01 10059 100 2097152 64403097 48108 48204 14388
0b001301 0b001401 10417 100 2097152 62674272 1790980 176699 15331
0b001301 0b001401 10418 100 2097152 62681316 1785467 176699 15347
0b001301 0b001401 10419 100 2097152 62711048 1758605 176699 14387
0b001401 0b001501 10414 100 2097152 64356416 132144 44264 15316
0b001501 0b001601 10418 100 2097152 64491570 48365 44264 15333
0b001401 0b001501 10415 100 2097152 64367029 176028 44264 14836
0b001401 0b001501 10416 100 2097152 64391914 200287 44264 14852
0b001601 0b001f01 10059 100 2097152 64542945 50177 48204 15350
0b001501 0b001e01 10058 100 2097152 64546067 50154 48204 14853
0b001401 0b001501 10417 100 2097152 64403101 200129 44264 15332
0b001401 0b001501 10418 100 2097152 64430430 186714 44264 14868
0b001401 0b001501 10419 100 2097152 64468262 156694 44264 15348
0b001e01 0b001f01 10419 100 2097152 64599231 44164 44264 14878
0b001501 0b001e01 10059 100 2097152 64595211 48108 48204 14869
0b001501 0b001601 10419 100 2097152 64606240 45021 44264 15349
