00000000 00000000 0 0 131072 559010 2888 2888 8
00000000 00000000 0 0 131072 559010 2888 2888 968
00000000 00000000 0 0 131072 559010 2888 2888 1448
00000000 00000000 0 0 131072 559010 2888 2888 1928
00000000 00000000 0 0 131072 559010 2888 2888 2408
00000000 00000000 0 0 131072 559010 2888 2888 2888
00000000 00000000 0 0 131072 559010 2888 2888 3368
00000000 00000000 0 0 131072 559010 2888 2888 9
00000000 00000000 0 0 131072 559010 2888 2888 489
00000000 00000000 0 0 131072 559010 2888 2888 1449
00000000 00000000 0 0 131072 559010 2888 2888 1929
00000000 00000000 0 0 131072 559010 2888 2888 2409
00000000 00000000 0 0 131072 559010 2888 2888 2889
00000000 00000000 0 0 131072 559010 2888 2888 3369
00000000 00000000 0 0 131072 559010 2888 2888 10
00000000 00000000 0 0 131072 559010 2888 2888 490
00000000 00000000 0 0 131072 559010 2888 2888 970
00000000 00000000 0 0 131072 559010 2888 2888 1930
00000000 00000000 0 0 131072 559010 2888 2888 2410
00000000 00000000 0 0 131072 559010 2888 2888 2890
00000000 00000000 0 0 131072 559010 2888 2888 3370
00000000 00000000 0 0 131072 559010 2888 2888 11
00000000 00000000 0 0 131072 559010 2888 2888 491
00000000 00000000 0 0 131072 559010 2888 2888 971
00000000 00000000 0 0 131072 559010 2888 2888 1451
00000000 00000000 0 0 131072 559010 2888 2888 2411
00000000 00000000 0 0 131072 559010 2888 2888 2891
00000000 00000000 0 0 131072 559010 2888 2888 3371
00000000 00000000 0 0 131072 559010 2888 2888 12
00000000 00000000 0 0 131072 559010 2888 2888 492
00000000 00000000 0 0 131072 559010 2888 2888 972
00000000 00000000 0 0 131072 559010 2888 2888 1452
00000000 00000000 0 0 131072 559010 2888 2888 1932
00000000 00000000 0 0 131072 559010 2888 2888 2892
00000000 00000000 0 0 131072 559010 2888 2888 3372
00000000 00000000 0 0 131072 559010 2888 2888 13
00000000 00000000 0 0 131072 559010 2888 2888 493
00000000 00000000 0 0 131072 559010 2888 2888 973
00000000 00000000 0 0 131072 559010 2888 2888 1453
00000000 00000000 0 0 131072 559010 2888 2888 1933
00000000 00000000 0 0 131072 559010 2888 2888 2413
00000000 00000000 0 0 131072 559010 2888 2888 3373
00000000 00000000 0 0 131072 559010 2888 2888 14
00000000 00000000 0 0 131072 559010 2888 2888 494
00000000 00000000 0 0 131072 559010 2888 2888 974
00000000 00000000 0 0 131072 559010 2888 2888 1454
00000000 00000000 0 0 131072 559010 2888 2888 1934
00000000 00000000 0 0 131072 559010 2888 2888 2414
00000000 00000000 0 0 131072 559010 2888 2888 2894
00000000 00000000 0 0 131072 559010 2888 2888 495
00000000 00000000 0 0 131072 559010 2888 2888 975
00000000 00000000 0 0 131072 559010 2888 2888 1455
00000000 00000000 0 0 131072 559010 2888 2888 1935
00000000 00000000 0 0 131072 559010 2888 2888 2415
00000000 00000000 0 0 131072 559010 2888 2888 2895
00000000 00000000 0 0 131072 559010 2888 2888 3375
00000000 00000000 0 0 131072 559010 2888 2888 3840
00000000 00000000 0 0 131072 559010 2888 2888 4800
00000000 00000000 0 0 131072 559010 2888 2888 5280
00000000 00000000 0 0 131072 559010 2888 2888 5760
00000000 00000000 0 0 131072 559010 2888 2888 6240
00000000 00000000 0 0 131072 559010 2888 2888 6720
00000000 00000000 0 0 131072 559010 2888 2888 7200
00000000 00000000 0 0 131072 559010 2888 2888 3841
00000000 00000000 0 0 131072 559010 2888 2888 4321
00000000 00000000 0 0 131072 559010 2888 2888 5281
00000000 00000000 0 0 131072 559010 2888 2888 5761
00000000 00000000 0 0 131072 559010 2888 2888 6241
00000000 00000000 0 0 131072 559010 2888 2888 6721
00000000 00000000 0 0 131072 559010 2888 2888 7201
00000000 00000000 0 0 131072 559010 2888 2888 3842
00000000 00000000 0 0 131072 559010 2888 2888 4322
00000000 00000000 0 0 131072 559010 2888 2888 4802
00000000 00000000 0 0 131072 559010 2888 2888 5762
00000000 00000000 0 0 131072 559010 2888 2888 6242
00000000 00000000 0 0 131072 559010 2888 2888 6722
00000000 00000000 0 0 131072 559010 2888 2888 7202
00000000 00000000 0 0 131072 559010 2888 2888 3843
00000000 00000000 0 0 131072 559010 2888 2888 4323
00000000 00000000 0 0 131072 559010 2888 2888 4803
00000000 00000000 0 0 131072 559010 2888 2888 5283
00000000 00000000 0 0 131072 559010 2888 2888 6243
00000000 00000000 0 0 131072 559010 2888 2888 6723
00000000 00000000 0 0 131072 559010 2888 2888 7203
00000000 00000000 0 0 131072 559010 2888 2888 3844
00000000 00000000 0 0 131072 559010 2888 2888 4324
00000000 00000000 0 0 131072 559010 2888 2888 4804
00000000 00000000 0 0 131072 559010 2888 2888 5284
00000000 00000000 0 0 131072 559010 2888 2888 5764
00000000 00000000 0 0 131072 559010 2888 2888 6724
00000000 00000000 0 0 131072 559010 2888 2888 7204
00000000 00000000 0 0 131072 559010 2888 2888 3845
00000000 00000000 0 0 131072 559010 2888 2888 4325
00000000 00000000 0 0 131072 559010 2888 2888 4805
00000000 00000000 0 0 131072 559010 2888 2888 5285
00000000 00000000 0 0 131072 559010 2888 2888 5765
00000000 00000000 0 0 131072 559010 2888 2888 6245
00000000 00000000 0 0 131072 559010 2888 2888 7205
00000000 00000000 0 0 131072 559010 2888 2888 3846
00000000 00000000 0 0 131072 559010 2888 2888 4326
00000000 00000000 0 0 131072 559010 2888 2888 4806
00000000 00000000 0 0 131072 559010 2888 2888 5286
00000000 00000000 0 0 131072 559010 2888 2888 5766
00000000 00000000 0 0 131072 559010 2888 2888 6246
00000000 00000000 0 0 131072 559010 2888 2888 6726
00000000 00000000 0 0 131072 559010 2888 2888 4327
00000000 00000000 0 0 131072 559010 2888 2888 4807
00000000 00000000 0 0 131072 559010 2888 2888 5287
00000000 00000000 0 0 131072 559010 2888 2888 5767
00000000 00000000 0 0 131072 559010 2888 2888 6247
00000000 00000000 0 0 131072 559010 2888 2888 6727
00000000 00000000 0 0 131072 559010 2888 2888 7207
00000000 00000000 0 0 131072 559010 2888 2888 3848
00000000 00000000 0 0 131072 559010 2888 2888 4808
00000000 00000000 0 0 131072 559010 2888 2888 5288
00000000 00000000 0 0 131072 559010 2888 2888 5768
00000000 00000000 0 0 131072 559010 2888 2888 6248
00000000 00000000 0 0 131072 559010 2888 2888 6728
00000000 00000000 0 0 131072 559010 2888 2888 7208
00000000 00000000 0 0 131072 559010 2888 2888 3849
00000000 00000000 0 0 131072 559010 2888 2888 4329
00000000 00000000 0 0 131072 559010 2888 2888 5289
00000000 00000000 0 0 131072 559010 2888 2888 5769
00000000 00000000 0 0 131072 559010 2888 2888 6249
00000000 00000000 0 0 131072 559010 2888 2888 6729
00000000 00000000 0 0 131072 559010 2888 2888 7209
00000000 00000000 0 0 131072 559010 2888 2888 3850
00000000 00000000 0 0 131072 559010 2888 2888 4330
00000000 00000000 0 0 131072 559010 2888 2888 4810
00000000 00000000 0 0 131072 559010 2888 2888 5770
00000000 00000000 0 0 131072 559010 2888 2888 6250
00000000 00000000 0 0 131072 559010 2888 2888 6730
00000000 00000000 0 0 131072 559010 2888 2888 7210
00000000 00000000 0 0 131072 559010 2888 2888 3851
00000000 00000000 0 0 131072 559010 2888 2888 4331
00000000 00000000 0 0 131072 559010 2888 2888 4811
00000000 00000000 0 0 131072 559010 2888 2888 5291
00000000 00000000 0 0 131072 559010 2888 2888 6251
00000000 00000000 0 0 131072 559010 2888 2888 6731
00000000 00000000 0 0 131072 559010 2888 2888 7211
00000000 00000000 0 0 131072 559010 2888 2888 3852
00000000 00000000 0 0 131072 559010 2888 2888 4332
00000000 00000000 0 0 131072 559010 2888 2888 4812
00000000 00000000 0 0 131072 559010 2888 2888 5292
00000000 00000000 0 0 131072 559010 2888 2888 5772
00000000 00000000 0 0 131072 559010 2888 2888 6732
00000000 00000000 0 0 131072 559010 2888 2888 7212
00000000 00000000 0 0 131072 559010 2888 2888 3853
00000000 00000000 0 0 131072 559010 2888 2888 4333
00000000 00000000 0 0 131072 559010 2888 2888 4813
00000000 00000000 0 0 131072 559010 2888 2888 5293
00000000 00000000 0 0 131072 559010 2888 2888 5773
00000000 00000000 0 0 131072 559010 2888 2888 6253
00000000 00000000 0 0 131072 559010 2888 2888 7213
00000000 00000000 0 0 131072 559010 2888 2888 3854
00000000 00000000 0 0 131072 559010 2888 2888 4334
00000000 00000000 0 0 131072 559010 2888 2888 4814
00000000 00000000 0 0 131072 559010 2888 2888 5294
00000000 00000000 0 0 131072 559010 2888 2888 5774
00000000 00000000 0 0 131072 559010 2888 2888 6254
00000000 00000000 0 0 131072 559010 2888 2888 6734
00000000 00000000 0 0 131072 559010 2888 2888 4335
00000000 00000000 0 0 131072 559010 2888 2888 4815
00000000 00000000 0 0 131072 559010 2888 2888 5295
00000000 00000000 0 0 131072 559010 2888 2888 5775
00000000 00000000 0 0 131072 559010 2888 2888 6255
00000000 00000000 0 0 131072 559010 2888 2888 6735
00000000 00000000 0 0 131072 559010 2888 2888 7215
00000000 00000000 0 0 131072 559010 6828 6828 4320
00000000 00000000 0 0 131072 559010 6828 6828 4801
00000000 00000000 0 0 131072 559010 6828 6828 5282
00000000 00000000 0 0 131072 559010 6828 6828 5763
00000000 00000000 0 0 131072 559010 6828 6828 6244
00000000 00000000 0 0 131072 559010 6828 6828 6725
00000000 00000000 0 0 131072 559010 6828 6828 7206
00000000 00000000 0 0 131072 559010 6828 6828 3847
00000000 00000000 0 0 131072 559010 6828 6828 4328
00000000 00000000 0 0 131072 559010 6828 6828 4809
00000000 00000000 0 0 131072 559010 6828 6828 5290
00000000 00000000 0 0 131072 559010 6828 6828 5771
00000000 00000000 0 0 131072 559010 6828 6828 6252
00000000 00000000 0 0 131072 559010 6828 6828 6733
00000000 00000000 0 0 131072 559010 6828 6828 7214
00000000 00000000 0 0 131072 559010 6828 6828 3855
00000000 00000000 0 0 131072 564908 2888 2888 25
00000000 00000000 0 0 131072 564908 2888 2888 1465
00000000 00000000 0 0 131072 564908 2888 2888 1945
00000000 00000000 0 0 131072 564908 2888 2888 2425
00000000 00000000 0 0 131072 564908 2888 2888 2905
00000000 00000000 0 0 131072 564908 2888 2888 3385
00000000 00000000 0 0 131072 564908 2888 2888 26
00000000 00000000 0 0 131072 564908 2888 2888 506
00000000 00000000 0 0 131072 564908 2888 2888 1946
00000000 00000000 0 0 131072 564908 2888 2888 2426
00000000 00000000 0 0 131072 564908 2888 2888 2906
00000000 00000000 0 0 131072 564908 2888 2888 3386
00000000 00000000 0 0 131072 564908 2888 2888 27
00000000 00000000 0 0 131072 564908 2888 2888 507
00000000 00000000 0 0 131072 564908 2888 2888 987
00000000 00000000 0 0 131072 564908 2888 2888 2427
00000000 00000000 0 0 131072 564908 2888 2888 2907
00000000 00000000 0 0 131072 564908 2888 2888 3387
00000000 00000000 0 0 131072 564908 2888 2888 28
00000000 00000000 0 0 131072 564908 2888 2888 508
00000000 00000000 0 0 131072 564908 2888 2888 988
00000000 00000000 0 0 131072 564908 2888 2888 1468
00000000 00000000 0 0 131072 564908 2888 2888 2908
00000000 00000000 0 0 131072 564908 2888 2888 3388
00000000 00000000 0 0 131072 564908 2888 2888 29
00000000 00000000 0 0 131072 564908 2888 2888 509
00000000 00000000 0 0 131072 564908 2888 2888 989
00000000 00000000 0 0 131072 564908 2888 2888 1469
00000000 00000000 0 0 131072 564908 2888 2888 1949
00000000 00000000 0 0 131072 564908 2888 2888 3389
00000000 00000000 0 0 131072 564908 2888 2888 30
00000000 00000000 0 0 131072 564908 2888 2888 510
00000000 00000000 0 0 131072 564908 2888 2888 990
00000000 00000000 0 0 131072 564908 2888 2888 1470
00000000 00000000 0 0 131072 564908 2888 2888 1950
00000000 00000000 0 0 131072 564908 2888 2888 2430
00000000 00000000 0 0 131072 564908 2888 2888 511
00000000 00000000 0 0 131072 564908 2888 2888 991
00000000 00000000 0 0 131072 564908 2888 2888 1471
00000000 00000000 0 0 131072 564908 2888 2888 1951
00000000 00000000 0 0 131072 564908 2888 2888 2431
00000000 00000000 0 0 131072 564908 2888 2888 2911
00000000 00000000 0 0 131072 564908 2888 2888 984
00000000 00000000 0 0 131072 564908 2888 2888 1464
00000000 00000000 0 0 131072 564908 2888 2888 1944
00000000 00000000 0 0 131072 564908 2888 2888 2424
00000000 00000000 0 0 131072 564908 2888 2888 2904
00000000 00000000 0 0 131072 564908 2888 2888 3384
00000000 00000000 0 0 131072 564908 2888 2888 3857
00000000 00000000 0 0 131072 564908 2888 2888 5297
00000000 00000000 0 0 131072 564908 2888 2888 5777
00000000 00000000 0 0 131072 564908 2888 2888 6257
00000000 00000000 0 0 131072 564908 2888 2888 6737
00000000 00000000 0 0 131072 564908 2888 2888 7217
00000000 00000000 0 0 131072 564908 2888 2888 3858
00000000 00000000 0 0 131072 564908 2888 2888 4338
00000000 00000000 0 0 131072 564908 2888 2888 5778
00000000 00000000 0 0 131072 564908 2888 2888 6258
00000000 00000000 0 0 131072 564908 2888 2888 6738
00000000 00000000 0 0 131072 564908 2888 2888 7218
00000000 00000000 0 0 131072 564908 2888 2888 3859
00000000 00000000 0 0 131072 564908 2888 2888 4339
00000000 00000000 0 0 131072 564908 2888 2888 4819
00000000 00000000 0 0 131072 564908 2888 2888 6259
00000000 00000000 0 0 131072 564908 2888 2888 6739
00000000 00000000 0 0 131072 564908 2888 2888 7219
00000000 00000000 0 0 131072 564908 2888 2888 3860
00000000 00000000 0 0 131072 564908 2888 2888 4340
00000000 00000000 0 0 131072 564908 2888 2888 4820
00000000 00000000 0 0 131072 564908 2888 2888 5300
00000000 00000000 0 0 131072 564908 2888 2888 6740
00000000 00000000 0 0 131072 564908 2888 2888 7220
00000000 00000000 0 0 131072 564908 2888 2888 3861
00000000 00000000 0 0 131072 564908 2888 2888 4341
00000000 00000000 0 0 131072 564908 2888 2888 4821
00000000 00000000 0 0 131072 564908 2888 2888 5301
00000000 00000000 0 0 131072 564908 2888 2888 5781
00000000 00000000 0 0 131072 564908 2888 2888 7221
00000000 00000000 0 0 131072 564908 2888 2888 3862
00000000 00000000 0 0 131072 564908 2888 2888 4342
00000000 00000000 0 0 131072 564908 2888 2888 4822
00000000 00000000 0 0 131072 564908 2888 2888 5302
00000000 00000000 0 0 131072 564908 2888 2888 5782
00000000 00000000 0 0 131072 564908 2888 2888 6262
00000000 00000000 0 0 131072 564908 2888 2888 4343
00000000 00000000 0 0 131072 564908 2888 2888 4823
00000000 00000000 0 0 131072 564908 2888 2888 5303
00000000 00000000 0 0 131072 564908 2888 2888 5783
00000000 00000000 0 0 131072 564908 2888 2888 6263
00000000 00000000 0 0 131072 564908 2888 2888 6743
00000000 00000000 0 0 131072 564908 2888 2888 4816
00000000 00000000 0 0 131072 564908 2888 2888 5296
00000000 00000000 0 0 131072 564908 2888 2888 5776
00000000 00000000 0 0 131072 564908 2888 2888 6256
00000000 00000000 0 0 131072 564908 2888 2888 6736
00000000 00000000 0 0 131072 564908 2888 2888 7216
00000000 00000000 0 0 131072 564908 2888 2888 3865
00000000 00000000 0 0 131072 564908 2888 2888 5305
00000000 00000000 0 0 131072 564908 2888 2888 5785
00000000 00000000 0 0 131072 564908 2888 2888 6265
00000000 00000000 0 0 131072 564908 2888 2888 6745
00000000 00000000 0 0 131072 564908 2888 2888 7225
00000000 00000000 0 0 131072 564908 2888 2888 3866
00000000 00000000 0 0 131072 564908 2888 2888 4346
00000000 00000000 0 0 131072 564908 2888 2888 5786
00000000 00000000 0 0 131072 564908 2888 2888 6266
00000000 00000000 0 0 131072 564908 2888 2888 6746
00000000 00000000 0 0 131072 564908 2888 2888 7226
00000000 00000000 0 0 131072 564908 2888 2888 3867
00000000 00000000 0 0 131072 564908 2888 2888 4347
00000000 00000000 0 0 131072 564908 2888 2888 4827
00000000 00000000 0 0 131072 564908 2888 2888 6267
00000000 00000000 0 0 131072 564908 2888 2888 6747
00000000 00000000 0 0 131072 564908 2888 2888 7227
00000000 00000000 0 0 131072 564908 2888 2888 3868
00000000 00000000 0 0 131072 564908 2888 2888 4348
00000000 00000000 0 0 131072 564908 2888 2888 4828
00000000 00000000 0 0 131072 564908 2888 2888 5308
00000000 00000000 0 0 131072 564908 2888 2888 6748
00000000 00000000 0 0 131072 564908 2888 2888 7228
00000000 00000000 0 0 131072 564908 2888 2888 3869
00000000 00000000 0 0 131072 564908 2888 2888 4349
00000000 00000000 0 0 131072 564908 2888 2888 4829
00000000 00000000 0 0 131072 564908 2888 2888 5309
00000000 00000000 0 0 131072 564908 2888 2888 5789
00000000 00000000 0 0 131072 564908 2888 2888 7229
00000000 00000000 0 0 131072 564908 2888 2888 3870
00000000 00000000 0 0 131072 564908 2888 2888 4350
00000000 00000000 0 0 131072 564908 2888 2888 4830
00000000 00000000 0 0 131072 564908 2888 2888 5310
00000000 00000000 0 0 131072 564908 2888 2888 5790
00000000 00000000 0 0 131072 564908 2888 2888 6270
00000000 00000000 0 0 131072 564908 2888 2888 4351
00000000 00000000 0 0 131072 564908 2888 2888 4831
00000000 00000000 0 0 131072 564908 2888 2888 5311
00000000 00000000 0 0 131072 564908 2888 2888 5791
00000000 00000000 0 0 131072 564908 2888 2888 6271
00000000 00000000 0 0 131072 564908 2888 2888 6751
00000000 00000000 0 0 131072 564908 2888 2888 4824
00000000 00000000 0 0 131072 564908 2888 2888 5304
00000000 00000000 0 0 131072 564908 2888 2888 5784
00000000 00000000 0 0 131072 564908 2888 2888 6264
00000000 00000000 0 0 131072 564908 2888 2888 6744
00000000 00000000 0 0 131072 564908 2888 2888 7224
00000000 00000000 0 0 131072 568848 4483 2888 3856
00000000 00000000 0 0 131072 568848 4483 2888 3864
00000000 00000000 0 0 131072 568848 4483 2888 4337
00000000 00000000 0 0 131072 568848 4483 2888 4345
00000000 00000000 0 0 131072 568848 4483 2888 4818
00000000 00000000 0 0 131072 568848 4483 2888 4826
00000000 00000000 0 0 131072 568848 4483 2888 5299
00000000 00000000 0 0 131072 568848 4483 2888 5307
00000000 00000000 0 0 131072 568848 4483 2888 5780
00000000 00000000 0 0 131072 568848 4483 2888 5788
00000000 00000000 0 0 131072 568848 4483 2888 6261
00000000 00000000 0 0 131072 568848 4483 2888 6269
00000000 00000000 0 0 131072 568848 4483 2888 6742
00000000 00000000 0 0 131072 568848 4483 2888 6750
00000000 00000000 0 0 131072 568848 4483 2888 7223
00000000 00000000 0 0 131072 568848 4483 2888 7231
00000000 00000000 0 0 131072 570806 2888 2888 42
00000000 00000000 0 0 131072 570806 2888 2888 1962
00000000 00000000 0 0 131072 570806 2888 2888 2442
00000000 00000000 0 0 131072 570806 2888 2888 2922
00000000 00000000 0 0 131072 570806 2888 2888 3402
00000000 00000000 0 0 131072 570806 2888 2888 43
00000000 00000000 0 0 131072 570806 2888 2888 523
00000000 00000000 0 0 131072 570806 2888 2888 2443
00000000 00000000 0 0 131072 570806 2888 2888 2923
00000000 00000000 0 0 131072 570806 2888 2888 3403
00000000 00000000 0 0 131072 570806 2888 2888 44
00000000 00000000 0 0 131072 570806 2888 2888 524
00000000 00000000 0 0 131072 570806 2888 2888 1004
00000000 00000000 0 0 131072 570806 2888 2888 2924
00000000 00000000 0 0 131072 570806 2888 2888 3404
00000000 00000000 0 0 131072 570806 2888 2888 45
00000000 00000000 0 0 131072 570806 2888 2888 525
00000000 00000000 0 0 131072 570806 2888 2888 1005
00000000 00000000 0 0 131072 570806 2888 2888 1485
00000000 00000000 0 0 131072 570806 2888 2888 3405
00000000 00000000 0 0 131072 570806 2888 2888 46
00000000 00000000 0 0 131072 570806 2888 2888 526
00000000 00000000 0 0 131072 570806 2888 2888 1006
00000000 00000000 0 0 131072 570806 2888 2888 1486
00000000 00000000 0 0 131072 570806 2888 2888 1966
00000000 00000000 0 0 131072 570806 2888 2888 527
00000000 00000000 0 0 131072 570806 2888 2888 1007
00000000 00000000 0 0 131072 570806 2888 2888 1487
00000000 00000000 0 0 131072 570806 2888 2888 1967
00000000 00000000 0 0 131072 570806 2888 2888 2447
00000000 00000000 0 0 131072 570806 2888 2888 1000
00000000 00000000 0 0 131072 570806 2888 2888 1480
00000000 00000000 0 0 131072 570806 2888 2888 1960
00000000 00000000 0 0 131072 570806 2888 2888 2440
00000000 00000000 0 0 131072 570806 2888 2888 2920
00000000 00000000 0 0 131072 570806 2888 2888 1481
00000000 00000000 0 0 131072 570806 2888 2888 1961
00000000 00000000 0 0 131072 570806 2888 2888 2441
00000000 00000000 0 0 131072 570806 2888 2888 2921
00000000 00000000 0 0 131072 570806 2888 2888 3401
00000000 00000000 0 0 131072 570806 2888 2888 3874
00000000 00000000 0 0 131072 570806 2888 2888 5794
00000000 00000000 0 0 131072 570806 2888 2888 6274
00000000 00000000 0 0 131072 570806 2888 2888 6754
00000000 00000000 0 0 131072 570806 2888 2888 7234
00000000 00000000 0 0 131072 570806 2888 2888 3875
00000000 00000000 0 0 131072 570806 2888 2888 4355
00000000 00000000 0 0 131072 570806 2888 2888 6275
00000000 00000000 0 0 131072 570806 2888 2888 6755
00000000 00000000 0 0 131072 570806 2888 2888 7235
00000000 00000000 0 0 131072 570806 2888 2888 3876
00000000 00000000 0 0 131072 570806 2888 2888 4356
00000000 00000000 0 0 131072 570806 2888 2888 4836
00000000 00000000 0 0 131072 570806 2888 2888 6756
00000000 00000000 0 0 131072 570806 2888 2888 7236
00000000 00000000 0 0 131072 570806 2888 2888 3877
00000000 00000000 0 0 131072 570806 2888 2888 4357
00000000 00000000 0 0 131072 570806 2888 2888 4837
00000000 00000000 0 0 131072 570806 2888 2888 5317
00000000 00000000 0 0 131072 570806 2888 2888 7237
00000000 00000000 0 0 131072 570806 2888 2888 3878
00000000 00000000 0 0 131072 570806 2888 2888 4358
00000000 00000000 0 0 131072 570806 2888 2888 4838
00000000 00000000 0 0 131072 570806 2888 2888 5318
00000000 00000000 0 0 131072 570806 2888 2888 5798
00000000 00000000 0 0 131072 570806 2888 2888 4359
00000000 00000000 0 0 131072 570806 2888 2888 4839
00000000 00000000 0 0 131072 570806 2888 2888 5319
00000000 00000000 0 0 131072 570806 2888 2888 5799
00000000 00000000 0 0 131072 570806 2888 2888 6279
00000000 00000000 0 0 131072 570806 2888 2888 4832
00000000 00000000 0 0 131072 570806 2888 2888 5312
00000000 00000000 0 0 131072 570806 2888 2888 5792
00000000 00000000 0 0 131072 570806 2888 2888 6272
00000000 00000000 0 0 131072 570806 2888 2888 6752
00000000 00000000 0 0 131072 570806 2888 2888 5313
00000000 00000000 0 0 131072 570806 2888 2888 5793
00000000 00000000 0 0 131072 570806 2888 2888 6273
00000000 00000000 0 0 131072 570806 2888 2888 6753
00000000 00000000 0 0 131072 570806 2888 2888 7233
00000000 00000000 0 0 131072 570806 2888 2888 3882
00000000 00000000 0 0 131072 570806 2888 2888 5802
00000000 00000000 0 0 131072 570806 2888 2888 6282
00000000 00000000 0 0 131072 570806 2888 2888 6762
00000000 00000000 0 0 131072 570806 2888 2888 7242
00000000 00000000 0 0 131072 570806 2888 2888 3883
00000000 00000000 0 0 131072 570806 2888 2888 4363
00000000 00000000 0 0 131072 570806 2888 2888 6283
00000000 00000000 0 0 131072 570806 2888 2888 6763
00000000 00000000 0 0 131072 570806 2888 2888 7243
00000000 00000000 0 0 131072 570806 2888 2888 3884
00000000 00000000 0 0 131072 570806 2888 2888 4364
00000000 00000000 0 0 131072 570806 2888 2888 4844
00000000 00000000 0 0 131072 570806 2888 2888 6764
00000000 00000000 0 0 131072 570806 2888 2888 7244
00000000 00000000 0 0 131072 570806 2888 2888 3885
00000000 00000000 0 0 131072 570806 2888 2888 4365
00000000 00000000 0 0 131072 570806 2888 2888 4845
00000000 00000000 0 0 131072 570806 2888 2888 5325
00000000 00000000 0 0 131072 570806 2888 2888 7245
00000000 00000000 0 0 131072 570806 2888 2888 3886
00000000 00000000 0 0 131072 570806 2888 2888 4366
00000000 00000000 0 0 131072 570806 2888 2888 4846
00000000 00000000 0 0 131072 570806 2888 2888 5326
00000000 00000000 0 0 131072 570806 2888 2888 5806
00000000 00000000 0 0 131072 570806 2888 2888 4367
00000000 00000000 0 0 131072 570806 2888 2888 4847
00000000 00000000 0 0 131072 570806 2888 2888 5327
00000000 00000000 0 0 131072 570806 2888 2888 5807
00000000 00000000 0 0 131072 570806 2888 2888 6287
00000000 00000000 0 0 131072 570806 2888 2888 4840
00000000 00000000 0 0 131072 570806 2888 2888 5320
00000000 00000000 0 0 131072 570806 2888 2888 5800
00000000 00000000 0 0 131072 570806 2888 2888 6280
00000000 00000000 0 0 131072 570806 2888 2888 6760
00000000 00000000 0 0 131072 570806 2888 2888 5321
00000000 00000000 0 0 131072 570806 2888 2888 5801
00000000 00000000 0 0 131072 570806 2888 2888 6281
00000000 00000000 0 0 131072 570806 2888 2888 6761
00000000 00000000 0 0 131072 570806 2888 2888 7241
00000000 00000000 0 0 131072 570806 6828 6828 5314
00000000 00000000 0 0 131072 570806 6828 6828 5795
00000000 00000000 0 0 131072 570806 6828 6828 6276
00000000 00000000 0 0 131072 570806 6828 6828 6757
00000000 00000000 0 0 131072 570806 6828 6828 7238
00000000 00000000 0 0 131072 570806 6828 6828 3879
00000000 00000000 0 0 131072 570806 6828 6828 4352
00000000 00000000 0 0 131072 570806 6828 6828 4833
00000000 00000000 0 0 131072 570806 6828 6828 5322
00000000 00000000 0 0 131072 570806 6828 6828 5803
00000000 00000000 0 0 131072 570806 6828 6828 6284
00000000 00000000 0 0 131072 570806 6828 6828 6765
00000000 00000000 0 0 131072 570806 6828 6828 7246
00000000 00000000 0 0 131072 570806 6828 6828 3887
00000000 00000000 0 0 131072 570806 6828 6828 4360
00000000 00000000 0 0 131072 570806 6828 6828 4841
00000000 00000000 0 0 131072 576341 9683 2888 3873
00000000 00000000 0 0 131072 576341 9683 2888 3881
00000000 00000000 0 0 131072 576341 9683 2888 4354
00000000 00000000 0 0 131072 576341 9683 2888 4362
00000000 00000000 0 0 131072 576341 9683 2888 4835
00000000 00000000 0 0 131072 576341 9683 2888 4843
00000000 00000000 0 0 131072 576341 9683 2888 5316
00000000 00000000 0 0 131072 576341 9683 2888 5324
00000000 00000000 0 0 131072 576341 9683 2888 5797
00000000 00000000 0 0 131072 576341 9683 2888 5805
00000000 00000000 0 0 131072 576341 9683 2888 6278
00000000 00000000 0 0 131072 576341 9683 2888 6286
00000000 00000000 0 0 131072 576341 9683 2888 6759
00000000 00000000 0 0 131072 576341 9683 2888 6767
00000000 00000000 0 0 131072 576341 9683 2888 7232
00000000 00000000 0 0 131072 576341 9683 2888 7240
00000000 00000000 0 0 131072 576704 9496 2888 59
00000000 00000000 0 0 131072 576704 9496 2888 60
00000000 00000000 0 0 131072 576704 9496 2888 61
00000000 00000000 0 0 131072 576704 9496 2888 62
00000000 00000000 0 0 131072 576704 9496 2888 540
00000000 00000000 0 0 131072 576704 9496 2888 541
00000000 00000000 0 0 131072 576704 9496 2888 542
00000000 00000000 0 0 131072 576704 9496 2888 543
00000000 00000000 0 0 131072 576704 9496 2888 1016
00000000 00000000 0 0 131072 576704 9496 2888 1021
00000000 00000000 0 0 131072 576704 9496 2888 1022
00000000 00000000 0 0 131072 576704 9496 2888 1023
00000000 00000000 0 0 131072 576704 9496 2888 1496
00000000 00000000 0 0 131072 576704 9496 2888 1497
00000000 00000000 0 0 131072 576704 9496 2888 1502
00000000 00000000 0 0 131072 576704 9496 2888 1503
00000000 00000000 0 0 131072 576704 9496 2888 1976
00000000 00000000 0 0 131072 576704 9496 2888 1977
00000000 00000000 0 0 131072 576704 9496 2888 1978
00000000 00000000 0 0 131072 576704 9496 2888 1983
00000000 00000000 0 0 131072 576704 9496 2888 2456
00000000 00000000 0 0 131072 576704 9496 2888 2457
00000000 00000000 0 0 131072 576704 9496 2888 2458
00000000 00000000 0 0 131072 576704 9496 2888 2459
00000000 00000000 0 0 131072 576704 9496 2888 2937
00000000 00000000 0 0 131072 576704 9496 2888 2938
00000000 00000000 0 0 131072 576704 9496 2888 2939
00000000 00000000 0 0 131072 576704 9496 2888 2940
00000000 00000000 0 0 131072 576704 9496 2888 3418
00000000 00000000 0 0 131072 576704 9496 2888 3419
00000000 00000000 0 0 131072 576704 9496 2888 3420
00000000 00000000 0 0 131072 576704 9496 2888 3421
00000000 00000000 0 0 131072 576704 9683 2888 3891
00000000 00000000 0 0 131072 576704 9683 2888 3892
00000000 00000000 0 0 131072 576704 9683 2888 3893
00000000 00000000 0 0 131072 576704 9683 2888 3894
00000000 00000000 0 0 131072 576704 9683 2888 3899
00000000 00000000 0 0 131072 576704 9683 2888 3900
00000000 00000000 0 0 131072 576704 9683 2888 3901
00000000 00000000 0 0 131072 576704 9683 2888 3902
00000000 00000000 0 0 131072 576704 9683 2888 4372
00000000 00000000 0 0 131072 576704 9683 2888 4373
00000000 00000000 0 0 131072 576704 9683 2888 4374
00000000 00000000 0 0 131072 576704 9683 2888 4375
00000000 00000000 0 0 131072 576704 9683 2888 4380
00000000 00000000 0 0 131072 576704 9683 2888 4381
00000000 00000000 0 0 131072 576704 9683 2888 4382
00000000 00000000 0 0 131072 576704 9683 2888 4383
00000000 00000000 0 0 131072 576704 9683 2888 4848
00000000 00000000 0 0 131072 576704 9683 2888 4853
00000000 00000000 0 0 131072 576704 9683 2888 4854
00000000 00000000 0 0 131072 576704 9683 2888 4855
00000000 00000000 0 0 131072 576704 9683 2888 4856
00000000 00000000 0 0 131072 576704 9683 2888 4861
00000000 00000000 0 0 131072 576704 9683 2888 4862
00000000 00000000 0 0 131072 576704 9683 2888 4863
00000000 00000000 0 0 131072 576704 9683 2888 5328
00000000 00000000 0 0 131072 576704 9683 2888 5329
00000000 00000000 0 0 131072 576704 9683 2888 5334
00000000 00000000 0 0 131072 576704 9683 2888 5335
00000000 00000000 0 0 131072 576704 9683 2888 5336
00000000 00000000 0 0 131072 576704 9683 2888 5337
00000000 00000000 0 0 131072 576704 9683 2888 5342
00000000 00000000 0 0 131072 576704 9683 2888 5343
00000000 00000000 0 0 131072 576704 9683 2888 5808
00000000 00000000 0 0 131072 576704 9683 2888 5809
00000000 00000000 0 0 131072 576704 9683 2888 5810
00000000 00000000 0 0 131072 576704 9683 2888 5815
00000000 00000000 0 0 131072 576704 9683 2888 5816
00000000 00000000 0 0 131072 576704 9683 2888 5817
00000000 00000000 0 0 131072 576704 9683 2888 5818
00000000 00000000 0 0 131072 576704 9683 2888 5823
00000000 00000000 0 0 131072 576704 9683 2888 6288
00000000 00000000 0 0 131072 576704 9683 2888 6289
00000000 00000000 0 0 131072 576704 9683 2888 6290
00000000 00000000 0 0 131072 576704 9683 2888 6291
00000000 00000000 0 0 131072 576704 9683 2888 6296
00000000 00000000 0 0 131072 576704 9683 2888 6297
00000000 00000000 0 0 131072 576704 9683 2888 6298
00000000 00000000 0 0 131072 576704 9683 2888 6299
00000000 00000000 0 0 131072 576704 9683 2888 6769
00000000 00000000 0 0 131072 576704 9683 2888 6770
00000000 00000000 0 0 131072 576704 9683 2888 6771
00000000 00000000 0 0 131072 576704 9683 2888 6772
00000000 00000000 0 0 131072 576704 9683 2888 6777
00000000 00000000 0 0 131072 576704 9683 2888 6778
00000000 00000000 0 0 131072 576704 9683 2888 6779
00000000 00000000 0 0 131072 576704 9683 2888 6780
00000000 00000000 0 0 131072 576704 9683 2888 7250
00000000 00000000 0 0 131072 576704 9683 2888 7251
00000000 00000000 0 0 131072 576704 9683 2888 7252
00000000 00000000 0 0 131072 576704 9683 2888 7253
00000000 00000000 0 0 131072 576704 9683 2888 7258
00000000 00000000 0 0 131072 576704 9683 2888 7259
00000000 00000000 0 0 131072 576704 9683 2888 7260
00000000 00000000 0 0 131072 576704 9683 2888 7261
00000000 00000000 0 0 131072 589034 2888 2888 3890
00000000 00000000 0 0 131072 589034 2888 2888 3898
00000000 00000000 0 0 131072 589034 2888 2888 4371
00000000 00000000 0 0 131072 589034 2888 2888 4379
00000000 00000000 0 0 131072 589034 2888 2888 4852
00000000 00000000 0 0 131072 589034 2888 2888 4860
00000000 00000000 0 0 131072 589034 2888 2888 5333
00000000 00000000 0 0 131072 589034 2888 2888 5341
00000000 00000000 0 0 131072 589034 2888 2888 5814
00000000 00000000 0 0 131072 589034 2888 2888 5822
00000000 00000000 0 0 131072 589034 2888 2888 6295
00000000 00000000 0 0 131072 589034 2888 2888 6303
00000000 00000000 0 0 131072 589034 2888 2888 6768
00000000 00000000 0 0 131072 589034 2888 2888 6776
00000000 00000000 0 0 131072 589034 2888 2888 7249
00000000 00000000 0 0 131072 589034 2888 2888 7257
00000000 00000000 0 0 131072 589210 2888 2888 76
00000000 00000000 0 0 131072 589210 2888 2888 2956
00000000 00000000 0 0 131072 589210 2888 2888 3436
00000000 00000000 0 0 131072 589210 2888 2888 77
00000000 00000000 0 0 131072 589210 2888 2888 557
00000000 00000000 0 0 131072 589210 2888 2888 3437
00000000 00000000 0 0 131072 589210 2888 2888 78
00000000 00000000 0 0 131072 589210 2888 2888 558
00000000 00000000 0 0 131072 589210 2888 2888 1038
00000000 00000000 0 0 131072 589210 2888 2888 559
00000000 00000000 0 0 131072 589210 2888 2888 1039
00000000 00000000 0 0 131072 589210 2888 2888 1519
00000000 00000000 0 0 131072 589210 2888 2888 1032
00000000 00000000 0 0 131072 589210 2888 2888 1512
00000000 00000000 0 0 131072 589210 2888 2888 1992
00000000 00000000 0 0 131072 589210 2888 2888 1513
00000000 00000000 0 0 131072 589210 2888 2888 1993
00000000 00000000 0 0 131072 589210 2888 2888 2473
00000000 00000000 0 0 131072 589210 2888 2888 1994
00000000 00000000 0 0 131072 589210 2888 2888 2474
00000000 00000000 0 0 131072 589210 2888 2888 2954
00000000 00000000 0 0 131072 589210 2888 2888 2475
00000000 00000000 0 0 131072 589210 2888 2888 2955
00000000 00000000 0 0 131072 589210 2888 2888 3435
00000000 00000000 0 0 131072 589397 2888 2888 3908
00000000 00000000 0 0 131072 589397 2888 2888 6788
00000000 00000000 0 0 131072 589397 2888 2888 7268
00000000 00000000 0 0 131072 589397 2888 2888 3909
00000000 00000000 0 0 131072 589397 2888 2888 4389
00000000 00000000 0 0 131072 589397 2888 2888 7269
00000000 00000000 0 0 131072 589397 2888 2888 3910
00000000 00000000 0 0 131072 589397 2888 2888 4390
00000000 00000000 0 0 131072 589397 2888 2888 4870
00000000 00000000 0 0 131072 589397 2888 2888 4391
00000000 00000000 0 0 131072 589397 2888 2888 4871
00000000 00000000 0 0 131072 589397 2888 2888 5351
00000000 00000000 0 0 131072 589397 2888 2888 3916
00000000 00000000 0 0 131072 589397 2888 2888 6796
00000000 00000000 0 0 131072 589397 2888 2888 7276
00000000 00000000 0 0 131072 589397 2888 2888 3917
00000000 00000000 0 0 131072 589397 2888 2888 4397
00000000 00000000 0 0 131072 589397 2888 2888 7277
00000000 00000000 0 0 131072 589397 2888 2888 3918
00000000 00000000 0 0 131072 589397 2888 2888 4398
00000000 00000000 0 0 131072 589397 2888 2888 4878
00000000 00000000 0 0 131072 589397 2888 2888 4399
00000000 00000000 0 0 131072 589397 2888 2888 4879
00000000 00000000 0 0 131072 589397 2888 2888 5359
00000000 00000000 0 0 131072 589397 2888 2888 4864
00000000 00000000 0 0 131072 589397 2888 2888 5344
00000000 00000000 0 0 131072 589397 2888 2888 5824
00000000 00000000 0 0 131072 589397 2888 2888 4872
00000000 00000000 0 0 131072 589397 2888 2888 5352
00000000 00000000 0 0 131072 589397 2888 2888 5832
00000000 00000000 0 0 131072 589397 2888 2888 5345
00000000 00000000 0 0 131072 589397 2888 2888 5825
00000000 00000000 0 0 131072 589397 2888 2888 6305
00000000 00000000 0 0 131072 589397 2888 2888 5353
00000000 00000000 0 0 131072 589397 2888 2888 5833
00000000 00000000 0 0 131072 589397 2888 2888 6313
00000000 00000000 0 0 131072 589397 2888 2888 5826
00000000 00000000 0 0 131072 589397 2888 2888 6306
00000000 00000000 0 0 131072 589397 2888 2888 6786
00000000 00000000 0 0 131072 589397 2888 2888 5834
00000000 00000000 0 0 131072 589397 2888 2888 6314
00000000 00000000 0 0 131072 589397 2888 2888 6794
00000000 00000000 0 0 131072 589397 2888 2888 6307
00000000 00000000 0 0 131072 589397 2888 2888 6787
00000000 00000000 0 0 131072 589397 2888 2888 7267
00000000 00000000 0 0 131072 589397 2888 2888 6315
00000000 00000000 0 0 131072 589397 2888 2888 6795
00000000 00000000 0 0 131072 589397 2888 2888 7275
00000000 00000000 0 0 131072 564908 28328 6828 3863
00000000 00000000 0 0 131072 564908 28328 6828 3871
00000000 00000000 0 0 131072 564908 28328 6828 4336
00000000 00000000 0 0 131072 564908 28328 6828 4344
00000000 00000000 0 0 131072 564908 28328 6828 4817
00000000 00000000 0 0 131072 564908 28328 6828 4825
00000000 00000000 0 0 131072 564908 28328 6828 5298
00000000 00000000 0 0 131072 564908 28328 6828 5306
00000000 00000000 0 0 131072 564908 28328 6828 5779
00000000 00000000 0 0 131072 564908 28328 6828 5787
00000000 00000000 0 0 131072 564908 28328 6828 6260
00000000 00000000 0 0 131072 564908 28328 6828 6268
00000000 00000000 0 0 131072 564908 28328 6828 6741
00000000 00000000 0 0 131072 564908 28328 6828 6749
00000000 00000000 0 0 131072 564908 28328 6828 7222
00000000 00000000 0 0 131072 564908 28328 6828 7230
00000000 00000000 0 0 131072 589397 6828 6828 6308
00000000 00000000 0 0 131072 589397 6828 6828 6789
00000000 00000000 0 0 131072 589397 6828 6828 7270
00000000 00000000 0 0 131072 589397 6828 6828 3911
00000000 00000000 0 0 131072 589397 6828 6828 6316
00000000 00000000 0 0 131072 589397 6828 6828 6797
00000000 00000000 0 0 131072 589397 6828 6828 7278
00000000 00000000 0 0 131072 589397 6828 6828 3919
00000000 00000000 0 0 131072 589397 6828 6828 4384
00000000 00000000 0 0 131072 589397 6828 6828 4392
00000000 00000000 0 0 131072 589397 6828 6828 4865
00000000 00000000 0 0 131072 589397 6828 6828 4873
00000000 00000000 0 0 131072 589397 6828 6828 5346
00000000 00000000 0 0 131072 589397 6828 6828 5354
00000000 00000000 0 0 131072 589397 6828 6828 5827
00000000 00000000 0 0 131072 589397 6828 6828 5835
00000000 00000000 0 0 131072 594932 2888 2888 3907
00000000 00000000 0 0 131072 594932 2888 2888 3915
00000000 00000000 0 0 131072 594932 2888 2888 4388
00000000 00000000 0 0 131072 594932 2888 2888 4396
00000000 00000000 0 0 131072 594932 2888 2888 4869
00000000 00000000 0 0 131072 594932 2888 2888 4877
00000000 00000000 0 0 131072 594932 2888 2888 5350
00000000 00000000 0 0 131072 594932 2888 2888 5358
00000000 00000000 0 0 131072 594932 2888 2888 5831
00000000 00000000 0 0 131072 594932 2888 2888 5839
00000000 00000000 0 0 131072 594932 2888 2888 6304
00000000 00000000 0 0 131072 594932 2888 2888 6312
00000000 00000000 0 0 131072 594932 2888 2888 6785
00000000 00000000 0 0 131072 594932 2888 2888 6793
00000000 00000000 0 0 131072 594932 2888 2888 7266
00000000 00000000 0 0 131072 594932 2888 2888 7274
00000000 00000000 0 0 131072 595108 2888 2888 93
00000000 00000000 0 0 131072 595108 2888 2888 3453
00000000 00000000 0 0 131072 595108 2888 2888 94
00000000 00000000 0 0 131072 595108 2888 2888 574
00000000 00000000 0 0 131072 595108 2888 2888 575
00000000 00000000 0 0 131072 595108 2888 2888 1055
00000000 00000000 0 0 131072 595108 2888 2888 1048
00000000 00000000 0 0 131072 595108 2888 2888 1528
00000000 00000000 0 0 131072 595108 2888 2888 1529
00000000 00000000 0 0 131072 595108 2888 2888 2009
00000000 00000000 0 0 131072 595108 2888 2888 2010
00000000 00000000 0 0 131072 595108 2888 2888 2490
00000000 00000000 0 0 131072 595108 2888 2888 2491
00000000 00000000 0 0 131072 595108 2888 2888 2971
00000000 00000000 0 0 131072 595108 2888 2888 2972
00000000 00000000 0 0 131072 595108 2888 2888 3452
00000000 00000000 0 0 131072 595295 2888 2888 3925
00000000 00000000 0 0 131072 595295 2888 2888 7285
00000000 00000000 0 0 131072 595295 2888 2888 3926
00000000 00000000 0 0 131072 595295 2888 2888 4406
00000000 00000000 0 0 131072 595295 2888 2888 4407
00000000 00000000 0 0 131072 595295 2888 2888 4887
00000000 00000000 0 0 131072 595295 2888 2888 4880
00000000 00000000 0 0 131072 595295 2888 2888 5360
00000000 00000000 0 0 131072 595295 2888 2888 3933
00000000 00000000 0 0 131072 595295 2888 2888 7293
00000000 00000000 0 0 131072 595295 2888 2888 3934
00000000 00000000 0 0 131072 595295 2888 2888 4414
00000000 00000000 0 0 131072 595295 2888 2888 4415
00000000 00000000 0 0 131072 595295 2888 2888 4895
00000000 00000000 0 0 131072 595295 2888 2888 4888
00000000 00000000 0 0 131072 595295 2888 2888 5368
00000000 00000000 0 0 131072 595295 2888 2888 5361
00000000 00000000 0 0 131072 595295 2888 2888 5841
00000000 00000000 0 0 131072 595295 2888 2888 5369
00000000 00000000 0 0 131072 595295 2888 2888 5849
00000000 00000000 0 0 131072 595295 2888 2888 5842
00000000 00000000 0 0 131072 595295 2888 2888 6322
00000000 00000000 0 0 131072 595295 2888 2888 5850
00000000 00000000 0 0 131072 595295 2888 2888 6330
00000000 00000000 0 0 131072 595295 2888 2888 6323
00000000 00000000 0 0 131072 595295 2888 2888 6803
00000000 00000000 0 0 131072 595295 2888 2888 6331
00000000 00000000 0 0 131072 595295 2888 2888 6811
00000000 00000000 0 0 131072 595295 2888 2888 6804
00000000 00000000 0 0 131072 595295 2888 2888 7284
00000000 00000000 0 0 131072 595295 2888 2888 6812
00000000 00000000 0 0 131072 595295 2888 2888 7292
00000000 00000000 0 0 131072 596246 7074 2888 3872
00000000 00000000 0 0 131072 596246 7074 2888 3880
00000000 00000000 0 0 131072 596246 7074 2888 4353
00000000 00000000 0 0 131072 596246 7074 2888 4361
00000000 00000000 0 0 131072 596246 7074 2888 4834
00000000 00000000 0 0 131072 596246 7074 2888 4842
00000000 00000000 0 0 131072 596246 7074 2888 5315
00000000 00000000 0 0 131072 596246 7074 2888 5323
00000000 00000000 0 0 131072 596246 7074 2888 5796
00000000 00000000 0 0 131072 596246 7074 2888 5804
00000000 00000000 0 0 131072 596246 7074 2888 6277
00000000 00000000 0 0 131072 596246 7074 2888 6285
00000000 00000000 0 0 131072 596246 7074 2888 6758
00000000 00000000 0 0 131072 596246 7074 2888 6766
00000000 00000000 0 0 131072 596246 7074 2888 7239
00000000 00000000 0 0 131072 596246 7074 2888 7247
00000000 00000000 0 0 131072 596256 7074 2888 3888
00000000 00000000 0 0 131072 596256 7074 2888 3896
00000000 00000000 0 0 131072 596256 7074 2888 4369
00000000 00000000 0 0 131072 596256 7074 2888 4377
00000000 00000000 0 0 131072 596256 7074 2888 4850
00000000 00000000 0 0 131072 596256 7074 2888 4858
00000000 00000000 0 0 131072 596256 7074 2888 5331
00000000 00000000 0 0 131072 596256 7074 2888 5339
00000000 00000000 0 0 131072 596256 7074 2888 5812
00000000 00000000 0 0 131072 596256 7074 2888 5820
00000000 00000000 0 0 131072 596256 7074 2888 6293
00000000 00000000 0 0 131072 596256 7074 2888 6301
00000000 00000000 0 0 131072 596256 7074 2888 6774
00000000 00000000 0 0 131072 596256 7074 2888 6782
00000000 00000000 0 0 131072 596256 7074 2888 7255
00000000 00000000 0 0 131072 596256 7074 2888 7263
00000000 00000000 0 0 131072 600830 2888 2888 3924
00000000 00000000 0 0 131072 600830 2888 2888 3932
00000000 00000000 0 0 131072 600830 2888 2888 4405
00000000 00000000 0 0 131072 600830 2888 2888 4413
00000000 00000000 0 0 131072 600830 2888 2888 4886
00000000 00000000 0 0 131072 600830 2888 2888 4894
00000000 00000000 0 0 131072 600830 2888 2888 5367
00000000 00000000 0 0 131072 600830 2888 2888 5375
00000000 00000000 0 0 131072 600830 2888 2888 5840
00000000 00000000 0 0 131072 600830 2888 2888 5848
00000000 00000000 0 0 131072 600830 2888 2888 6321
00000000 00000000 0 0 131072 600830 2888 2888 6329
00000000 00000000 0 0 131072 600830 2888 2888 6802
00000000 00000000 0 0 131072 600830 2888 2888 6810
00000000 00000000 0 0 131072 600830 2888 2888 7283
00000000 00000000 0 0 131072 600830 2888 2888 7291
00000000 00000000 0 0 131072 601006 2888 2888 110
00000000 00000000 0 0 131072 601006 2888 2888 591
00000000 00000000 0 0 131072 601006 2888 2888 1064
00000000 00000000 0 0 131072 601006 2888 2888 1545
00000000 00000000 0 0 131072 601006 2888 2888 2026
00000000 00000000 0 0 131072 601006 2888 2888 2507
00000000 00000000 0 0 131072 601006 2888 2888 2988
00000000 00000000 0 0 131072 601006 2888 2888 3469
00000000 00000000 0 0 131072 601193 2888 2888 3942
00000000 00000000 0 0 131072 601193 2888 2888 4423
00000000 00000000 0 0 131072 601193 2888 2888 4896
00000000 00000000 0 0 131072 601193 2888 2888 5377
00000000 00000000 0 0 131072 601193 2888 2888 3950
00000000 00000000 0 0 131072 601193 2888 2888 4431
00000000 00000000 0 0 131072 601193 2888 2888 4904
00000000 00000000 0 0 131072 601193 2888 2888 5385
00000000 00000000 0 0 131072 601193 2888 2888 5858
00000000 00000000 0 0 131072 601193 2888 2888 5866
00000000 00000000 0 0 131072 601193 2888 2888 6339
00000000 00000000 0 0 131072 601193 2888 2888 6347
00000000 00000000 0 0 131072 601193 2888 2888 6820
00000000 00000000 0 0 131072 601193 2888 2888 6828
00000000 00000000 0 0 131072 601193 2888 2888 7301
00000000 00000000 0 0 131072 601193 2888 2888 7309
00000000 00000000 0 0 131072 601193 6828 6828 7302
00000000 00000000 0 0 131072 601193 6828 6828 3943
00000000 00000000 0 0 131072 601193 6828 6828 4416
00000000 00000000 0 0 131072 601193 6828 6828 4897
00000000 00000000 0 0 131072 601193 6828 6828 7310
00000000 00000000 0 0 131072 601193 6828 6828 3951
00000000 00000000 0 0 131072 601193 6828 6828 4424
00000000 00000000 0 0 131072 601193 6828 6828 4905
00000000 00000000 0 0 131072 601193 6828 6828 5378
00000000 00000000 0 0 131072 601193 6828 6828 5386
00000000 00000000 0 0 131072 601193 6828 6828 5859
00000000 00000000 0 0 131072 601193 6828 6828 5867
00000000 00000000 0 0 131072 601193 6828 6828 6340
00000000 00000000 0 0 131072 601193 6828 6828 6348
00000000 00000000 0 0 131072 601193 6828 6828 6821
00000000 00000000 0 0 131072 601193 6828 6828 6829
00000000 00000000 0 0 131072 576704 32201 6828 3895
00000000 00000000 0 0 131072 576704 32201 6828 3903
00000000 00000000 0 0 131072 576704 32201 6828 4368
00000000 00000000 0 0 131072 576704 32201 6828 4376
00000000 00000000 0 0 131072 576704 32201 6828 4849
00000000 00000000 0 0 131072 576704 32201 6828 4857
00000000 00000000 0 0 131072 576704 32201 6828 5330
00000000 00000000 0 0 131072 576704 32201 6828 5338
00000000 00000000 0 0 131072 576704 32201 6828 5811
00000000 00000000 0 0 131072 576704 32201 6828 5819
00000000 00000000 0 0 131072 576704 32201 6828 6292
00000000 00000000 0 0 131072 576704 32201 6828 6300
00000000 00000000 0 0 131072 576704 32201 6828 6773
00000000 00000000 0 0 131072 576704 32201 6828 6781
00000000 00000000 0 0 131072 576704 32201 6828 7254
00000000 00000000 0 0 131072 576704 32201 6828 7262
00000000 00000000 0 0 131072 559010 51057 11252 0
00000000 00000000 0 0 131072 559010 51057 11252 1
00000000 00000000 0 0 131072 559010 51057 11252 2
00000000 00000000 0 0 131072 559010 51057 11252 3
00000000 00000000 0 0 131072 559010 51057 11252 4
00000000 00000000 0 0 131072 559010 51057 11252 5
00000000 00000000 0 0 131072 559010 51057 11252 6
00000000 00000000 0 0 131072 559010 51057 11252 481
00000000 00000000 0 0 131072 559010 51057 11252 482
00000000 00000000 0 0 131072 559010 51057 11252 483
00000000 00000000 0 0 131072 559010 51057 11252 484
00000000 00000000 0 0 131072 559010 51057 11252 485
00000000 00000000 0 0 131072 559010 51057 11252 486
00000000 00000000 0 0 131072 559010 51057 11252 487
00000000 00000000 0 0 131072 559010 51057 11252 960
00000000 00000000 0 0 131072 559010 51057 11252 962
00000000 00000000 0 0 131072 559010 51057 11252 963
00000000 00000000 0 0 131072 559010 51057 11252 964
00000000 00000000 0 0 131072 559010 51057 11252 965
00000000 00000000 0 0 131072 559010 51057 11252 966
00000000 00000000 0 0 131072 559010 51057 11252 967
00000000 00000000 0 0 131072 559010 51057 11252 1440
00000000 00000000 0 0 131072 559010 51057 11252 1441
00000000 00000000 0 0 131072 559010 51057 11252 1443
00000000 00000000 0 0 131072 559010 51057 11252 1444
00000000 00000000 0 0 131072 559010 51057 11252 1445
00000000 00000000 0 0 131072 559010 51057 11252 1446
00000000 00000000 0 0 131072 559010 51057 11252 1447
00000000 00000000 0 0 131072 559010 51057 11252 1920
00000000 00000000 0 0 131072 559010 51057 11252 1921
00000000 00000000 0 0 131072 559010 51057 11252 1922
00000000 00000000 0 0 131072 559010 51057 11252 1924
00000000 00000000 0 0 131072 559010 51057 11252 1925
00000000 00000000 0 0 131072 559010 51057 11252 1926
00000000 00000000 0 0 131072 559010 51057 11252 1927
00000000 00000000 0 0 131072 559010 51057 11252 2400
00000000 00000000 0 0 131072 559010 51057 11252 2401
00000000 00000000 0 0 131072 559010 51057 11252 2402
00000000 00000000 0 0 131072 559010 51057 11252 2403
00000000 00000000 0 0 131072 559010 51057 11252 2405
00000000 00000000 0 0 131072 559010 51057 11252 2406
00000000 00000000 0 0 131072 559010 51057 11252 2407
00000000 00000000 0 0 131072 559010 51057 11252 2880
00000000 00000000 0 0 131072 559010 51057 11252 2881
00000000 00000000 0 0 131072 559010 51057 11252 2882
00000000 00000000 0 0 131072 559010 51057 11252 2883
00000000 00000000 0 0 131072 559010 51057 11252 2884
00000000 00000000 0 0 131072 559010 51057 11252 2886
00000000 00000000 0 0 131072 559010 51057 11252 2887
00000000 00000000 0 0 131072 559010 51057 11252 3360
00000000 00000000 0 0 131072 559010 51057 11252 3361
00000000 00000000 0 0 131072 559010 51057 11252 3362
00000000 00000000 0 0 131072 559010 51057 11252 3363
00000000 00000000 0 0 131072 559010 51057 11252 3364
00000000 00000000 0 0 131072 559010 51057 11252 3365
00000000 00000000 0 0 131072 559010 51057 11252 3367
00000000 00000000 0 0 131072 606330 8363 2888 3889
00000000 00000000 0 0 131072 606330 8363 2888 3897
00000000 00000000 0 0 131072 606330 8363 2888 4370
00000000 00000000 0 0 131072 606330 8363 2888 4378
00000000 00000000 0 0 131072 606330 8363 2888 4851
00000000 00000000 0 0 131072 606330 8363 2888 4859
00000000 00000000 0 0 131072 606330 8363 2888 5332
00000000 00000000 0 0 131072 606330 8363 2888 5340
00000000 00000000 0 0 131072 606330 8363 2888 5813
00000000 00000000 0 0 131072 606330 8363 2888 5821
00000000 00000000 0 0 131072 606330 8363 2888 6294
00000000 00000000 0 0 131072 606330 8363 2888 6302
00000000 00000000 0 0 131072 606330 8363 2888 6775
00000000 00000000 0 0 131072 606330 8363 2888 6783
00000000 00000000 0 0 131072 606330 8363 2888 7248
00000000 00000000 0 0 131072 606330 8363 2888 7256
00000000 00000000 0 0 131072 606340 8363 2888 3905
00000000 00000000 0 0 131072 606340 8363 2888 3913
00000000 00000000 0 0 131072 606340 8363 2888 4386
00000000 00000000 0 0 131072 606340 8363 2888 4394
00000000 00000000 0 0 131072 606340 8363 2888 4867
00000000 00000000 0 0 131072 606340 8363 2888 4875
00000000 00000000 0 0 131072 606340 8363 2888 5348
00000000 00000000 0 0 131072 606340 8363 2888 5356
00000000 00000000 0 0 131072 606340 8363 2888 5829
00000000 00000000 0 0 131072 606340 8363 2888 5837
00000000 00000000 0 0 131072 606340 8363 2888 6310
00000000 00000000 0 0 131072 606340 8363 2888 6318
00000000 00000000 0 0 131072 606340 8363 2888 6791
00000000 00000000 0 0 131072 606340 8363 2888 6799
00000000 00000000 0 0 131072 606340 8363 2888 7264
00000000 00000000 0 0 131072 606340 8363 2888 7272
00000000 00000000 0 0 131072 611915 2888 2888 3912
00000000 00000000 0 0 131072 611915 2888 2888 3904
00000000 00000000 0 0 131072 611915 2888 2888 4393
00000000 00000000 0 0 131072 611915 2888 2888 4385
00000000 00000000 0 0 131072 611915 2888 2888 4874
00000000 00000000 0 0 131072 611915 2888 2888 4866
00000000 00000000 0 0 131072 611915 2888 2888 5355
00000000 00000000 0 0 131072 611915 2888 2888 5347
00000000 00000000 0 0 131072 611915 2888 2888 5836
00000000 00000000 0 0 131072 611915 2888 2888 5828
00000000 00000000 0 0 131072 611915 2888 2888 6317
00000000 00000000 0 0 131072 611915 2888 2888 6309
00000000 00000000 0 0 131072 611915 2888 2888 6798
00000000 00000000 0 0 131072 611915 2888 2888 6790
00000000 00000000 0 0 131072 611915 2888 2888 7279
00000000 00000000 0 0 131072 611915 2888 2888 7271
00000000 00000000 0 0 131072 611925 2888 2888 3928
00000000 00000000 0 0 131072 611925 2888 2888 3920
00000000 00000000 0 0 131072 611925 2888 2888 4409
00000000 00000000 0 0 131072 611925 2888 2888 4401
00000000 00000000 0 0 131072 611925 2888 2888 4890
00000000 00000000 0 0 131072 611925 2888 2888 4882
00000000 00000000 0 0 131072 611925 2888 2888 5371
00000000 00000000 0 0 131072 611925 2888 2888 5363
00000000 00000000 0 0 131072 611925 2888 2888 5852
00000000 00000000 0 0 131072 611925 2888 2888 5844
00000000 00000000 0 0 131072 611925 2888 2888 6333
00000000 00000000 0 0 131072 611925 2888 2888 6325
00000000 00000000 0 0 131072 611925 2888 2888 6814
00000000 00000000 0 0 131072 611925 2888 2888 6806
00000000 00000000 0 0 131072 611925 2888 2888 7295
00000000 00000000 0 0 131072 611925 2888 2888 7287
00000000 00000000 0 0 131072 606728 8363 2888 3941
00000000 00000000 0 0 131072 606728 8363 2888 3949
00000000 00000000 0 0 131072 606728 8363 2888 4422
00000000 00000000 0 0 131072 606728 8363 2888 4430
00000000 00000000 0 0 131072 606728 8363 2888 4903
00000000 00000000 0 0 131072 606728 8363 2888 4911
00000000 00000000 0 0 131072 606728 8363 2888 5376
00000000 00000000 0 0 131072 606728 8363 2888 5384
00000000 00000000 0 0 131072 606728 8363 2888 5857
00000000 00000000 0 0 131072 606728 8363 2888 5865
00000000 00000000 0 0 131072 606728 8363 2888 6338
00000000 00000000 0 0 131072 606728 8363 2888 6346
00000000 00000000 0 0 131072 606728 8363 2888 6819
00000000 00000000 0 0 131072 606728 8363 2888 6827
00000000 00000000 0 0 131072 606728 8363 2888 7300
00000000 00000000 0 0 131072 606728 8363 2888 7308
00000000 00000000 0 0 131072 595295 31356 6828 3927
00000000 00000000 0 0 131072 595295 31356 6828 3935
00000000 00000000 0 0 131072 595295 31356 6828 4400
00000000 00000000 0 0 131072 595295 31356 6828 4408
00000000 00000000 0 0 131072 595295 31356 6828 4881
00000000 00000000 0 0 131072 595295 31356 6828 4889
00000000 00000000 0 0 131072 595295 31356 6828 5362
00000000 00000000 0 0 131072 595295 31356 6828 5370
00000000 00000000 0 0 131072 595295 31356 6828 5843
00000000 00000000 0 0 131072 595295 31356 6828 5851
00000000 00000000 0 0 131072 595295 31356 6828 6324
00000000 00000000 0 0 131072 595295 31356 6828 6332
00000000 00000000 0 0 131072 595295 31356 6828 6805
00000000 00000000 0 0 131072 595295 31356 6828 6813
00000000 00000000 0 0 131072 595295 31356 6828 7286
00000000 00000000 0 0 131072 595295 31356 6828 7294
00000000 00000000 0 0 131072 617703 9889 2888 3906
00000000 00000000 0 0 131072 617703 9889 2888 3914
00000000 00000000 0 0 131072 617703 9889 2888 4387
00000000 00000000 0 0 131072 617703 9889 2888 4395
00000000 00000000 0 0 131072 617703 9889 2888 4868
00000000 00000000 0 0 131072 617703 9889 2888 4876
00000000 00000000 0 0 131072 617703 9889 2888 5349
00000000 00000000 0 0 131072 617703 9889 2888 5357
00000000 00000000 0 0 131072 617703 9889 2888 5830
00000000 00000000 0 0 131072 617703 9889 2888 5838
00000000 00000000 0 0 131072 617703 9889 2888 6311
00000000 00000000 0 0 131072 617703 9889 2888 6319
00000000 00000000 0 0 131072 617703 9889 2888 6784
00000000 00000000 0 0 131072 617703 9889 2888 6792
00000000 00000000 0 0 131072 617703 9889 2888 7265
00000000 00000000 0 0 131072 617703 9889 2888 7273
00000000 00000000 0 0 131072 617713 9889 2888 3922
00000000 00000000 0 0 131072 617713 9889 2888 3930
00000000 00000000 0 0 131072 617713 9889 2888 4403
00000000 00000000 0 0 131072 617713 9889 2888 4411
00000000 00000000 0 0 131072 617713 9889 2888 4884
00000000 00000000 0 0 131072 617713 9889 2888 4892
00000000 00000000 0 0 131072 617713 9889 2888 5365
00000000 00000000 0 0 131072 617713 9889 2888 5373
00000000 00000000 0 0 131072 617713 9889 2888 5846
00000000 00000000 0 0 131072 617713 9889 2888 5854
00000000 00000000 0 0 131072 617713 9889 2888 6327
00000000 00000000 0 0 131072 617713 9889 2888 6335
00000000 00000000 0 0 131072 617713 9889 2888 6800
00000000 00000000 0 0 131072 617713 9889 2888 6808
00000000 00000000 0 0 131072 617713 9889 2888 7281
00000000 00000000 0 0 131072 617713 9889 2888 7289
00000000 00000000 0 0 131072 617813 9889 2888 3921
00000000 00000000 0 0 131072 617813 9889 2888 3929
00000000 00000000 0 0 131072 617813 9889 2888 4402
00000000 00000000 0 0 131072 617813 9889 2888 4410
00000000 00000000 0 0 131072 617813 9889 2888 4883
00000000 00000000 0 0 131072 617813 9889 2888 4891
00000000 00000000 0 0 131072 617813 9889 2888 5364
00000000 00000000 0 0 131072 617813 9889 2888 5372
00000000 00000000 0 0 131072 617813 9889 2888 5845
00000000 00000000 0 0 131072 617813 9889 2888 5853
00000000 00000000 0 0 131072 617813 9889 2888 6326
00000000 00000000 0 0 131072 617813 9889 2888 6334
00000000 00000000 0 0 131072 617813 9889 2888 6807
00000000 00000000 0 0 131072 617813 9889 2888 6815
00000000 00000000 0 0 131072 617813 9889 2888 7280
00000000 00000000 0 0 131072 617813 9889 2888 7288
00000000 00000000 0 0 131072 617823 9889 2888 3937
00000000 00000000 0 0 131072 617823 9889 2888 3945
00000000 00000000 0 0 131072 617823 9889 2888 4418
00000000 00000000 0 0 131072 617823 9889 2888 4426
00000000 00000000 0 0 131072 617823 9889 2888 4899
00000000 00000000 0 0 131072 617823 9889 2888 4907
00000000 00000000 0 0 131072 617823 9889 2888 5380
00000000 00000000 0 0 131072 617823 9889 2888 5388
00000000 00000000 0 0 131072 617823 9889 2888 5861
00000000 00000000 0 0 131072 617823 9889 2888 5869
00000000 00000000 0 0 131072 617823 9889 2888 6342
00000000 00000000 0 0 131072 617823 9889 2888 6350
00000000 00000000 0 0 131072 617823 9889 2888 6823
00000000 00000000 0 0 131072 617823 9889 2888 6831
00000000 00000000 0 0 131072 617823 9889 2888 7296
00000000 00000000 0 0 131072 617823 9889 2888 7304
00000000 00000000 0 0 131072 618101 9889 2888 3958
00000000 00000000 0 0 131072 618101 9889 2888 3966
00000000 00000000 0 0 131072 618101 9889 2888 4439
00000000 00000000 0 0 131072 618101 9889 2888 4447
00000000 00000000 0 0 131072 618101 9889 2888 4912
00000000 00000000 0 0 131072 618101 9889 2888 4920
00000000 00000000 0 0 131072 618101 9889 2888 5393
00000000 00000000 0 0 131072 618101 9889 2888 5401
00000000 00000000 0 0 131072 618101 9889 2888 5874
00000000 00000000 0 0 131072 618101 9889 2888 5882
00000000 00000000 0 0 131072 618101 9889 2888 6355
00000000 00000000 0 0 131072 618101 9889 2888 6363
00000000 00000000 0 0 131072 618101 9889 2888 6836
00000000 00000000 0 0 131072 618101 9889 2888 6844
00000000 00000000 0 0 131072 618101 9889 2888 7317
00000000 00000000 0 0 131072 618101 9889 2888 7325
00000000 00000000 0 0 131072 629661 2888 2888 3944
00000000 00000000 0 0 131072 629661 2888 2888 3936
00000000 00000000 0 0 131072 629661 2888 2888 4425
00000000 00000000 0 0 131072 629661 2888 2888 4417
00000000 00000000 0 0 131072 629661 2888 2888 4906
00000000 00000000 0 0 131072 629661 2888 2888 4898
00000000 00000000 0 0 131072 629661 2888 2888 5387
00000000 00000000 0 0 131072 629661 2888 2888 5379
00000000 00000000 0 0 131072 629661 2888 2888 5868
00000000 00000000 0 0 131072 629661 2888 2888 5860
00000000 00000000 0 0 131072 629661 2888 2888 6349
00000000 00000000 0 0 131072 629661 2888 2888 6341
00000000 00000000 0 0 131072 629661 2888 2888 6830
00000000 00000000 0 0 131072 629661 2888 2888 6822
00000000 00000000 0 0 131072 629661 2888 2888 7311
00000000 00000000 0 0 131072 629661 2888 2888 7303
00000000 00000000 0 0 131072 629671 2888 2888 3960
00000000 00000000 0 0 131072 629671 2888 2888 3952
00000000 00000000 0 0 131072 629671 2888 2888 4441
00000000 00000000 0 0 131072 629671 2888 2888 4433
00000000 00000000 0 0 131072 629671 2888 2888 4922
00000000 00000000 0 0 131072 629671 2888 2888 4914
00000000 00000000 0 0 131072 629671 2888 2888 5403
00000000 00000000 0 0 131072 629671 2888 2888 5395
00000000 00000000 0 0 131072 629671 2888 2888 5884
00000000 00000000 0 0 131072 629671 2888 2888 5876
00000000 00000000 0 0 131072 629671 2888 2888 6365
00000000 00000000 0 0 131072 629671 2888 2888 6357
00000000 00000000 0 0 131072 629671 2888 2888 6846
00000000 00000000 0 0 131072 629671 2888 2888 6838
00000000 00000000 0 0 131072 629671 2888 2888 7327
00000000 00000000 0 0 131072 629671 2888 2888 7319
00000000 00000000 0 0 131072 630602 2888 2888 3923
00000000 00000000 0 0 131072 630602 2888 2888 3931
00000000 00000000 0 0 131072 630602 2888 2888 4404
00000000 00000000 0 0 131072 630602 2888 2888 4412
00000000 00000000 0 0 131072 630602 2888 2888 4885
00000000 00000000 0 0 131072 630602 2888 2888 4893
00000000 00000000 0 0 131072 630602 2888 2888 5366
00000000 00000000 0 0 131072 630602 2888 2888 5374
00000000 00000000 0 0 131072 630602 2888 2888 5847
00000000 00000000 0 0 131072 630602 2888 2888 5855
00000000 00000000 0 0 131072 630602 2888 2888 6320
00000000 00000000 0 0 131072 630602 2888 2888 6328
00000000 00000000 0 0 131072 630602 2888 2888 6801
00000000 00000000 0 0 131072 630602 2888 2888 6809
00000000 00000000 0 0 131072 630602 2888 2888 7282
00000000 00000000 0 0 131072 630602 2888 2888 7290
00000000 00000000 0 0 131072 630612 2888 2888 3939
00000000 00000000 0 0 131072 630612 2888 2888 3947
00000000 00000000 0 0 131072 630612 2888 2888 4420
00000000 00000000 0 0 131072 630612 2888 2888 4428
00000000 00000000 0 0 131072 630612 2888 2888 4901
00000000 00000000 0 0 131072 630612 2888 2888 4909
00000000 00000000 0 0 131072 630612 2888 2888 5382
00000000 00000000 0 0 131072 630612 2888 2888 5390
00000000 00000000 0 0 131072 630612 2888 2888 5863
00000000 00000000 0 0 131072 630612 2888 2888 5871
00000000 00000000 0 0 131072 630612 2888 2888 6336
00000000 00000000 0 0 131072 630612 2888 2888 6344
00000000 00000000 0 0 131072 630612 2888 2888 6817
00000000 00000000 0 0 131072 630612 2888 2888 6825
00000000 00000000 0 0 131072 630612 2888 2888 7298
00000000 00000000 0 0 131072 630612 2888 2888 7306
00000000 00000000 0 0 131072 630712 2888 2888 3938
00000000 00000000 0 0 131072 630712 2888 2888 3946
00000000 00000000 0 0 131072 630712 2888 2888 4419
00000000 00000000 0 0 131072 630712 2888 2888 4427
00000000 00000000 0 0 131072 630712 2888 2888 4900
00000000 00000000 0 0 131072 630712 2888 2888 4908
00000000 00000000 0 0 131072 630712 2888 2888 5381
00000000 00000000 0 0 131072 630712 2888 2888 5389
00000000 00000000 0 0 131072 630712 2888 2888 5862
00000000 00000000 0 0 131072 630712 2888 2888 5870
00000000 00000000 0 0 131072 630712 2888 2888 6343
00000000 00000000 0 0 131072 630712 2888 2888 6351
00000000 00000000 0 0 131072 630712 2888 2888 6816
00000000 00000000 0 0 131072 630712 2888 2888 6824
00000000 00000000 0 0 131072 630712 2888 2888 7297
00000000 00000000 0 0 131072 630712 2888 2888 7305
00000000 00000000 0 0 131072 630722 2888 2888 3954
00000000 00000000 0 0 131072 630722 2888 2888 3962
00000000 00000000 0 0 131072 630722 2888 2888 4435
00000000 00000000 0 0 131072 630722 2888 2888 4443
00000000 00000000 0 0 131072 630722 2888 2888 4916
00000000 00000000 0 0 131072 630722 2888 2888 4924
00000000 00000000 0 0 131072 630722 2888 2888 5397
00000000 00000000 0 0 131072 630722 2888 2888 5405
00000000 00000000 0 0 131072 630722 2888 2888 5878
00000000 00000000 0 0 131072 630722 2888 2888 5886
00000000 00000000 0 0 131072 630722 2888 2888 6359
00000000 00000000 0 0 131072 630722 2888 2888 6367
00000000 00000000 0 0 131072 630722 2888 2888 6832
00000000 00000000 0 0 131072 630722 2888 2888 6840
00000000 00000000 0 0 131072 630722 2888 2888 7313
00000000 00000000 0 0 131072 630722 2888 2888 7321
00000000 00000000 0 0 131072 607091 28171 6828 3959
00000000 00000000 0 0 131072 607091 28171 6828 3967
00000000 00000000 0 0 131072 607091 28171 6828 4432
00000000 00000000 0 0 131072 607091 28171 6828 4440
00000000 00000000 0 0 131072 607091 28171 6828 4913
00000000 00000000 0 0 131072 607091 28171 6828 4921
00000000 00000000 0 0 131072 607091 28171 6828 5394
00000000 00000000 0 0 131072 607091 28171 6828 5402
00000000 00000000 0 0 131072 607091 28171 6828 5875
00000000 00000000 0 0 131072 607091 28171 6828 5883
00000000 00000000 0 0 131072 607091 28171 6828 6356
00000000 00000000 0 0 131072 607091 28171 6828 6364
00000000 00000000 0 0 131072 607091 28171 6828 6837
00000000 00000000 0 0 131072 607091 28171 6828 6845
00000000 00000000 0 0 131072 607091 28171 6828 7318
00000000 00000000 0 0 131072 607091 28171 6828 7326
00000000 00000000 0 0 131072 631000 6828 6828 3975
00000000 00000000 0 0 131072 631000 6828 6828 3983
00000000 00000000 0 0 131072 631000 6828 6828 4448
00000000 00000000 0 0 131072 631000 6828 6828 4456
00000000 00000000 0 0 131072 631000 6828 6828 4929
00000000 00000000 0 0 131072 631000 6828 6828 4937
00000000 00000000 0 0 131072 631000 6828 6828 5410
00000000 00000000 0 0 131072 631000 6828 6828 5418
00000000 00000000 0 0 131072 631000 6828 6828 5891
00000000 00000000 0 0 131072 631000 6828 6828 5899
00000000 00000000 0 0 131072 631000 6828 6828 6372
00000000 00000000 0 0 131072 631000 6828 6828 6380
00000000 00000000 0 0 131072 631000 6828 6828 6853
00000000 00000000 0 0 131072 631000 6828 6828 6861
00000000 00000000 0 0 131072 631000 6828 6828 7334
00000000 00000000 0 0 131072 631000 6828 6828 7342
00000000 00000000 0 0 131072 635559 2888 2888 3961
00000000 00000000 0 0 131072 635559 2888 2888 3953
00000000 00000000 0 0 131072 635559 2888 2888 4442
00000000 00000000 0 0 131072 635559 2888 2888 4434
00000000 00000000 0 0 131072 635559 2888 2888 4923
00000000 00000000 0 0 131072 635559 2888 2888 4915
00000000 00000000 0 0 131072 635559 2888 2888 5404
00000000 00000000 0 0 131072 635559 2888 2888 5396
00000000 00000000 0 0 131072 635559 2888 2888 5885
00000000 00000000 0 0 131072 635559 2888 2888 5877
00000000 00000000 0 0 131072 635559 2888 2888 6366
00000000 00000000 0 0 131072 635559 2888 2888 6358
00000000 00000000 0 0 131072 635559 2888 2888 6847
00000000 00000000 0 0 131072 635559 2888 2888 6839
00000000 00000000 0 0 131072 635559 2888 2888 7320
00000000 00000000 0 0 131072 635559 2888 2888 7312
00000000 00000000 0 0 131072 635569 2888 2888 3977
00000000 00000000 0 0 131072 635569 2888 2888 3969
00000000 00000000 0 0 131072 635569 2888 2888 4458
00000000 00000000 0 0 131072 635569 2888 2888 4450
00000000 00000000 0 0 131072 635569 2888 2888 4939
00000000 00000000 0 0 131072 635569 2888 2888 4931
00000000 00000000 0 0 131072 635569 2888 2888 5420
00000000 00000000 0 0 131072 635569 2888 2888 5412
00000000 00000000 0 0 131072 635569 2888 2888 5901
00000000 00000000 0 0 131072 635569 2888 2888 5893
00000000 00000000 0 0 131072 635569 2888 2888 6382
00000000 00000000 0 0 131072 635569 2888 2888 6374
00000000 00000000 0 0 131072 635569 2888 2888 6863
00000000 00000000 0 0 131072 635569 2888 2888 6855
00000000 00000000 0 0 131072 635569 2888 2888 7336
00000000 00000000 0 0 131072 635569 2888 2888 7328
00000000 00000000 0 0 131072 640838 2888 2888 3992
00000000 00000000 0 0 131072 640838 2888 2888 3984
00000000 00000000 0 0 131072 640838 2888 2888 4473
00000000 00000000 0 0 131072 640838 2888 2888 4465
00000000 00000000 0 0 131072 640838 2888 2888 4954
00000000 00000000 0 0 131072 640838 2888 2888 4946
00000000 00000000 0 0 131072 640838 2888 2888 5435
00000000 00000000 0 0 131072 640838 2888 2888 5427
00000000 00000000 0 0 131072 640838 2888 2888 5916
00000000 00000000 0 0 131072 640838 2888 2888 5908
00000000 00000000 0 0 131072 640838 2888 2888 6397
00000000 00000000 0 0 131072 640838 2888 2888 6389
00000000 00000000 0 0 131072 640838 2888 2888 6878
00000000 00000000 0 0 131072 640838 2888 2888 6870
00000000 00000000 0 0 131072 640838 2888 2888 7359
00000000 00000000 0 0 131072 640838 2888 2888 7351
00000000 00000000 0 0 131072 641457 2888 2888 3978
00000000 00000000 0 0 131072 641457 2888 2888 3970
00000000 00000000 0 0 131072 641457 2888 2888 4459
00000000 00000000 0 0 131072 641457 2888 2888 4451
00000000 00000000 0 0 131072 641457 2888 2888 4940
00000000 00000000 0 0 131072 641457 2888 2888 4932
00000000 00000000 0 0 131072 641457 2888 2888 5421
00000000 00000000 0 0 131072 641457 2888 2888 5413
00000000 00000000 0 0 131072 641457 2888 2888 5902
00000000 00000000 0 0 131072 641457 2888 2888 5894
00000000 00000000 0 0 131072 641457 2888 2888 6383
00000000 00000000 0 0 131072 641457 2888 2888 6375
00000000 00000000 0 0 131072 641457 2888 2888 6856
00000000 00000000 0 0 131072 641457 2888 2888 6848
00000000 00000000 0 0 131072 641457 2888 2888 7337
00000000 00000000 0 0 131072 641457 2888 2888 7329
00000000 00000000 0 0 131072 641467 2888 2888 3994
00000000 00000000 0 0 131072 641467 2888 2888 3986
00000000 00000000 0 0 131072 641467 2888 2888 4475
00000000 00000000 0 0 131072 641467 2888 2888 4467
00000000 00000000 0 0 131072 641467 2888 2888 4956
00000000 00000000 0 0 131072 641467 2888 2888 4948
00000000 00000000 0 0 131072 641467 2888 2888 5437
00000000 00000000 0 0 131072 641467 2888 2888 5429
00000000 00000000 0 0 131072 641467 2888 2888 5918
00000000 00000000 0 0 131072 641467 2888 2888 5910
00000000 00000000 0 0 131072 641467 2888 2888 6399
00000000 00000000 0 0 131072 641467 2888 2888 6391
00000000 00000000 0 0 131072 641467 2888 2888 6872
00000000 00000000 0 0 131072 641467 2888 2888 6864
00000000 00000000 0 0 131072 641467 2888 2888 7353
00000000 00000000 0 0 131072 641467 2888 2888 7345
00000000 00000000 0 0 131072 636500 10460 2888 3940
00000000 00000000 0 0 131072 636500 10460 2888 3948
00000000 00000000 0 0 131072 636500 10460 2888 4421
00000000 00000000 0 0 131072 636500 10460 2888 4429
00000000 00000000 0 0 131072 636500 10460 2888 4902
00000000 00000000 0 0 131072 636500 10460 2888 4910
00000000 00000000 0 0 131072 636500 10460 2888 5383
00000000 00000000 0 0 131072 636500 10460 2888 5391
00000000 00000000 0 0 131072 636500 10460 2888 5856
00000000 00000000 0 0 131072 636500 10460 2888 5864
00000000 00000000 0 0 131072 636500 10460 2888 6337
00000000 00000000 0 0 131072 636500 10460 2888 6345
00000000 00000000 0 0 131072 636500 10460 2888 6818
00000000 00000000 0 0 131072 636500 10460 2888 6826
00000000 00000000 0 0 131072 636500 10460 2888 7299
00000000 00000000 0 0 131072 636500 10460 2888 7307
00000000 00000000 0 0 131072 636510 10460 2888 3956
00000000 00000000 0 0 131072 636510 10460 2888 3964
00000000 00000000 0 0 131072 636510 10460 2888 4437
00000000 00000000 0 0 131072 636510 10460 2888 4445
00000000 00000000 0 0 131072 636510 10460 2888 4918
00000000 00000000 0 0 131072 636510 10460 2888 4926
00000000 00000000 0 0 131072 636510 10460 2888 5399
00000000 00000000 0 0 131072 636510 10460 2888 5407
00000000 00000000 0 0 131072 636510 10460 2888 5872
00000000 00000000 0 0 131072 636510 10460 2888 5880
00000000 00000000 0 0 131072 636510 10460 2888 6353
00000000 00000000 0 0 131072 636510 10460 2888 6361
00000000 00000000 0 0 131072 636510 10460 2888 6834
00000000 00000000 0 0 131072 636510 10460 2888 6842
00000000 00000000 0 0 131072 636510 10460 2888 7315
00000000 00000000 0 0 131072 636510 10460 2888 7323
00000000 00000000 0 0 131072 636610 10460 2888 3955
00000000 00000000 0 0 131072 636610 10460 2888 3963
00000000 00000000 0 0 131072 636610 10460 2888 4436
00000000 00000000 0 0 131072 636610 10460 2888 4444
00000000 00000000 0 0 131072 636610 10460 2888 4917
00000000 00000000 0 0 131072 636610 10460 2888 4925
00000000 00000000 0 0 131072 636610 10460 2888 5398
00000000 00000000 0 0 131072 636610 10460 2888 5406
00000000 00000000 0 0 131072 636610 10460 2888 5879
00000000 00000000 0 0 131072 636610 10460 2888 5887
00000000 00000000 0 0 131072 636610 10460 2888 6352
00000000 00000000 0 0 131072 636610 10460 2888 6360
00000000 00000000 0 0 131072 636610 10460 2888 6833
00000000 00000000 0 0 131072 636610 10460 2888 6841
00000000 00000000 0 0 131072 636610 10460 2888 7314
00000000 00000000 0 0 131072 636610 10460 2888 7322
00000000 00000000 0 0 131072 636620 10460 2888 3971
00000000 00000000 0 0 131072 636620 10460 2888 3979
00000000 00000000 0 0 131072 636620 10460 2888 4452
00000000 00000000 0 0 131072 636620 10460 2888 4460
00000000 00000000 0 0 131072 636620 10460 2888 4933
00000000 00000000 0 0 131072 636620 10460 2888 4941
00000000 00000000 0 0 131072 636620 10460 2888 5414
00000000 00000000 0 0 131072 636620 10460 2888 5422
00000000 00000000 0 0 131072 636620 10460 2888 5895
00000000 00000000 0 0 131072 636620 10460 2888 5903
00000000 00000000 0 0 131072 636620 10460 2888 6368
00000000 00000000 0 0 131072 636620 10460 2888 6376
00000000 00000000 0 0 131072 636620 10460 2888 6849
00000000 00000000 0 0 131072 636620 10460 2888 6857
00000000 00000000 0 0 131072 636620 10460 2888 7330
00000000 00000000 0 0 131072 636620 10460 2888 7338
00000000 00000000 0 0 131072 638272 10460 2888 3968
00000000 00000000 0 0 131072 638272 10460 2888 3976
00000000 00000000 0 0 131072 638272 10460 2888 4449
00000000 00000000 0 0 131072 638272 10460 2888 4457
00000000 00000000 0 0 131072 638272 10460 2888 4930
00000000 00000000 0 0 131072 638272 10460 2888 4938
00000000 00000000 0 0 131072 638272 10460 2888 5411
00000000 00000000 0 0 131072 638272 10460 2888 5419
00000000 00000000 0 0 131072 638272 10460 2888 5892
00000000 00000000 0 0 131072 638272 10460 2888 5900
00000000 00000000 0 0 131072 638272 10460 2888 6373
00000000 00000000 0 0 131072 638272 10460 2888 6381
00000000 00000000 0 0 131072 638272 10460 2888 6854
00000000 00000000 0 0 131072 638272 10460 2888 6862
00000000 00000000 0 0 131072 638272 10460 2888 7335
00000000 00000000 0 0 131072 638272 10460 2888 7343
00000000 00000000 0 0 131072 649970 2888 2888 3957
00000000 00000000 0 0 131072 649970 2888 2888 3965
00000000 00000000 0 0 131072 649970 2888 2888 4438
00000000 00000000 0 0 131072 649970 2888 2888 4446
00000000 00000000 0 0 131072 649970 2888 2888 4919
00000000 00000000 0 0 131072 649970 2888 2888 4927
00000000 00000000 0 0 131072 649970 2888 2888 5392
00000000 00000000 0 0 131072 649970 2888 2888 5400
00000000 00000000 0 0 131072 649970 2888 2888 5873
00000000 00000000 0 0 131072 649970 2888 2888 5881
00000000 00000000 0 0 131072 649970 2888 2888 6354
00000000 00000000 0 0 131072 649970 2888 2888 6362
00000000 00000000 0 0 131072 649970 2888 2888 6835
00000000 00000000 0 0 131072 649970 2888 2888 6843
00000000 00000000 0 0 131072 649970 2888 2888 7316
00000000 00000000 0 0 131072 649970 2888 2888 7324
00000000 00000000 0 0 131072 649980 2888 2888 3973
00000000 00000000 0 0 131072 649980 2888 2888 3981
00000000 00000000 0 0 131072 649980 2888 2888 4454
00000000 00000000 0 0 131072 649980 2888 2888 4462
00000000 00000000 0 0 131072 649980 2888 2888 4935
00000000 00000000 0 0 131072 649980 2888 2888 4943
00000000 00000000 0 0 131072 649980 2888 2888 5408
00000000 00000000 0 0 131072 649980 2888 2888 5416
00000000 00000000 0 0 131072 649980 2888 2888 5889
00000000 00000000 0 0 131072 649980 2888 2888 5897
00000000 00000000 0 0 131072 649980 2888 2888 6370
00000000 00000000 0 0 131072 649980 2888 2888 6378
00000000 00000000 0 0 131072 649980 2888 2888 6851
00000000 00000000 0 0 131072 649980 2888 2888 6859
00000000 00000000 0 0 131072 649980 2888 2888 7332
00000000 00000000 0 0 131072 649980 2888 2888 7340
00000000 00000000 0 0 131072 650080 2888 2888 3972
00000000 00000000 0 0 131072 650080 2888 2888 3980
00000000 00000000 0 0 131072 650080 2888 2888 4453
00000000 00000000 0 0 131072 650080 2888 2888 4461
00000000 00000000 0 0 131072 650080 2888 2888 4934
00000000 00000000 0 0 131072 650080 2888 2888 4942
00000000 00000000 0 0 131072 650080 2888 2888 5415
00000000 00000000 0 0 131072 650080 2888 2888 5423
00000000 00000000 0 0 131072 650080 2888 2888 5888
00000000 00000000 0 0 131072 650080 2888 2888 5896
00000000 00000000 0 0 131072 650080 2888 2888 6369
00000000 00000000 0 0 131072 650080 2888 2888 6377
00000000 00000000 0 0 131072 650080 2888 2888 6850
00000000 00000000 0 0 131072 650080 2888 2888 6858
00000000 00000000 0 0 131072 650080 2888 2888 7331
00000000 00000000 0 0 131072 650080 2888 2888 7339
00000000 00000000 0 0 131072 650090 2888 2888 3988
00000000 00000000 0 0 131072 650090 2888 2888 3996
00000000 00000000 0 0 131072 650090 2888 2888 4469
00000000 00000000 0 0 131072 650090 2888 2888 4477
00000000 00000000 0 0 131072 650090 2888 2888 4950
00000000 00000000 0 0 131072 650090 2888 2888 4958
00000000 00000000 0 0 131072 650090 2888 2888 5431
00000000 00000000 0 0 131072 650090 2888 2888 5439
00000000 00000000 0 0 131072 650090 2888 2888 5904
00000000 00000000 0 0 131072 650090 2888 2888 5912
00000000 00000000 0 0 131072 650090 2888 2888 6385
00000000 00000000 0 0 131072 650090 2888 2888 6393
00000000 00000000 0 0 131072 650090 2888 2888 6866
00000000 00000000 0 0 131072 650090 2888 2888 6874
00000000 00000000 0 0 131072 650090 2888 2888 7347
00000000 00000000 0 0 131072 650090 2888 2888 7355
00000000 00000000 0 0 131072 651742 2888 2888 3985
00000000 00000000 0 0 131072 651742 2888 2888 3993
00000000 00000000 0 0 131072 651742 2888 2888 4466
00000000 00000000 0 0 131072 651742 2888 2888 4474
00000000 00000000 0 0 131072 651742 2888 2888 4947
00000000 00000000 0 0 131072 651742 2888 2888 4955
00000000 00000000 0 0 131072 651742 2888 2888 5428
00000000 00000000 0 0 131072 651742 2888 2888 5436
00000000 00000000 0 0 131072 651742 2888 2888 5909
00000000 00000000 0 0 131072 651742 2888 2888 5917
00000000 00000000 0 0 131072 651742 2888 2888 6390
00000000 00000000 0 0 131072 651742 2888 2888 6398
00000000 00000000 0 0 131072 651742 2888 2888 6871
00000000 00000000 0 0 131072 651742 2888 2888 6879
00000000 00000000 0 0 131072 651742 2888 2888 7344
00000000 00000000 0 0 131072 651742 2888 2888 7352
00000000 00000000 0 0 131072 651752 2888 2888 4001
00000000 00000000 0 0 131072 651752 2888 2888 4009
00000000 00000000 0 0 131072 651752 2888 2888 4482
00000000 00000000 0 0 131072 651752 2888 2888 4490
00000000 00000000 0 0 131072 651752 2888 2888 4963
00000000 00000000 0 0 131072 651752 2888 2888 4971
00000000 00000000 0 0 131072 651752 2888 2888 5444
00000000 00000000 0 0 131072 651752 2888 2888 5452
00000000 00000000 0 0 131072 651752 2888 2888 5925
00000000 00000000 0 0 131072 651752 2888 2888 5933
00000000 00000000 0 0 131072 651752 2888 2888 6406
00000000 00000000 0 0 131072 651752 2888 2888 6414
00000000 00000000 0 0 131072 651752 2888 2888 6887
00000000 00000000 0 0 131072 651752 2888 2888 6895
00000000 00000000 0 0 131072 651752 2888 2888 7360
00000000 00000000 0 0 131072 651752 2888 2888 7368
00000000 00000000 0 0 131072 647355 9054 2888 3987
00000000 00000000 0 0 131072 647355 9054 2888 3995
00000000 00000000 0 0 131072 647355 9054 2888 4468
00000000 00000000 0 0 131072 647355 9054 2888 4476
00000000 00000000 0 0 131072 647355 9054 2888 4949
00000000 00000000 0 0 131072 647355 9054 2888 4957
00000000 00000000 0 0 131072 647355 9054 2888 5430
00000000 00000000 0 0 131072 647355 9054 2888 5438
00000000 00000000 0 0 131072 647355 9054 2888 5911
00000000 00000000 0 0 131072 647355 9054 2888 5919
00000000 00000000 0 0 131072 647355 9054 2888 6384
00000000 00000000 0 0 131072 647355 9054 2888 6392
00000000 00000000 0 0 131072 647355 9054 2888 6865
00000000 00000000 0 0 131072 647355 9054 2888 6873
00000000 00000000 0 0 131072 647355 9054 2888 7346
00000000 00000000 0 0 131072 647355 9054 2888 7354
00000000 00000000 0 0 131072 647365 9054 2888 4003
00000000 00000000 0 0 131072 647365 9054 2888 4011
00000000 00000000 0 0 131072 647365 9054 2888 4484
00000000 00000000 0 0 131072 647365 9054 2888 4492
00000000 00000000 0 0 131072 647365 9054 2888 4965
00000000 00000000 0 0 131072 647365 9054 2888 4973
00000000 00000000 0 0 131072 647365 9054 2888 5446
00000000 00000000 0 0 131072 647365 9054 2888 5454
00000000 00000000 0 0 131072 647365 9054 2888 5927
00000000 00000000 0 0 131072 647365 9054 2888 5935
00000000 00000000 0 0 131072 647365 9054 2888 6400
00000000 00000000 0 0 131072 647365 9054 2888 6408
00000000 00000000 0 0 131072 647365 9054 2888 6881
00000000 00000000 0 0 131072 647365 9054 2888 6889
00000000 00000000 0 0 131072 647365 9054 2888 7362
00000000 00000000 0 0 131072 647365 9054 2888 7370
00000000 00000000 0 0 131072 655868 2888 2888 3974
00000000 00000000 0 0 131072 655868 2888 2888 3982
00000000 00000000 0 0 131072 655868 2888 2888 4455
00000000 00000000 0 0 131072 655868 2888 2888 4463
00000000 00000000 0 0 131072 655868 2888 2888 4928
00000000 00000000 0 0 131072 655868 2888 2888 4936
00000000 00000000 0 0 131072 655868 2888 2888 5409
00000000 00000000 0 0 131072 655868 2888 2888 5417
00000000 00000000 0 0 131072 655868 2888 2888 5890
00000000 00000000 0 0 131072 655868 2888 2888 5898
00000000 00000000 0 0 131072 655868 2888 2888 6371
00000000 00000000 0 0 131072 655868 2888 2888 6379
00000000 00000000 0 0 131072 655868 2888 2888 6852
00000000 00000000 0 0 131072 655868 2888 2888 6860
00000000 00000000 0 0 131072 655868 2888 2888 7333
00000000 00000000 0 0 131072 655868 2888 2888 7341
00000000 00000000 0 0 131072 655878 2888 2888 3990
00000000 00000000 0 0 131072 655878 2888 2888 3998
00000000 00000000 0 0 131072 655878 2888 2888 4471
00000000 00000000 0 0 131072 655878 2888 2888 4479
00000000 00000000 0 0 131072 655878 2888 2888 4944
00000000 00000000 0 0 131072 655878 2888 2888 4952
00000000 00000000 0 0 131072 655878 2888 2888 5425
00000000 00000000 0 0 131072 655878 2888 2888 5433
00000000 00000000 0 0 131072 655878 2888 2888 5906
00000000 00000000 0 0 131072 655878 2888 2888 5914
00000000 00000000 0 0 131072 655878 2888 2888 6387
00000000 00000000 0 0 131072 655878 2888 2888 6395
00000000 00000000 0 0 131072 655878 2888 2888 6868
00000000 00000000 0 0 131072 655878 2888 2888 6876
00000000 00000000 0 0 131072 655878 2888 2888 7349
00000000 00000000 0 0 131072 655878 2888 2888 7357
00000000 00000000 0 0 131072 655978 2888 2888 3989
00000000 00000000 0 0 131072 655978 2888 2888 3997
00000000 00000000 0 0 131072 655978 2888 2888 4470
00000000 00000000 0 0 131072 655978 2888 2888 4478
00000000 00000000 0 0 131072 655978 2888 2888 4951
00000000 00000000 0 0 131072 655978 2888 2888 4959
00000000 00000000 0 0 131072 655978 2888 2888 5424
00000000 00000000 0 0 131072 655978 2888 2888 5432
00000000 00000000 0 0 131072 655978 2888 2888 5905
00000000 00000000 0 0 131072 655978 2888 2888 5913
00000000 00000000 0 0 131072 655978 2888 2888 6386
00000000 00000000 0 0 131072 655978 2888 2888 6394
00000000 00000000 0 0 131072 655978 2888 2888 6867
00000000 00000000 0 0 131072 655978 2888 2888 6875
00000000 00000000 0 0 131072 655978 2888 2888 7348
00000000 00000000 0 0 131072 655978 2888 2888 7356
00000000 00000000 0 0 131072 655988 2888 2888 4005
00000000 00000000 0 0 131072 655988 2888 2888 4013
00000000 00000000 0 0 131072 655988 2888 2888 4486
00000000 00000000 0 0 131072 655988 2888 2888 4494
00000000 00000000 0 0 131072 655988 2888 2888 4967
00000000 00000000 0 0 131072 655988 2888 2888 4975
00000000 00000000 0 0 131072 655988 2888 2888 5440
00000000 00000000 0 0 131072 655988 2888 2888 5448
00000000 00000000 0 0 131072 655988 2888 2888 5921
00000000 00000000 0 0 131072 655988 2888 2888 5929
00000000 00000000 0 0 131072 655988 2888 2888 6402
00000000 00000000 0 0 131072 655988 2888 2888 6410
00000000 00000000 0 0 131072 655988 2888 2888 6883
00000000 00000000 0 0 131072 655988 2888 2888 6891
00000000 00000000 0 0 131072 655988 2888 2888 7364
00000000 00000000 0 0 131072 655988 2888 2888 7372
00000000 00000000 0 0 131072 659419 2888 2888 4004
00000000 00000000 0 0 131072 659419 2888 2888 4012
00000000 00000000 0 0 131072 659419 2888 2888 4485
00000000 00000000 0 0 131072 659419 2888 2888 4493
00000000 00000000 0 0 131072 659419 2888 2888 4966
00000000 00000000 0 0 131072 659419 2888 2888 4974
00000000 00000000 0 0 131072 659419 2888 2888 5447
00000000 00000000 0 0 131072 659419 2888 2888 5455
00000000 00000000 0 0 131072 659419 2888 2888 5920
00000000 00000000 0 0 131072 659419 2888 2888 5928
00000000 00000000 0 0 131072 659419 2888 2888 6401
00000000 00000000 0 0 131072 659419 2888 2888 6409
00000000 00000000 0 0 131072 659419 2888 2888 6882
00000000 00000000 0 0 131072 659419 2888 2888 6890
00000000 00000000 0 0 131072 659419 2888 2888 7363
00000000 00000000 0 0 131072 659419 2888 2888 7371
00000000 00000000 0 0 131072 659429 2888 2888 4020
00000000 00000000 0 0 131072 659429 2888 2888 4028
00000000 00000000 0 0 131072 659429 2888 2888 4501
00000000 00000000 0 0 131072 659429 2888 2888 4509
00000000 00000000 0 0 131072 659429 2888 2888 4982
00000000 00000000 0 0 131072 659429 2888 2888 4990
00000000 00000000 0 0 131072 659429 2888 2888 5463
00000000 00000000 0 0 131072 659429 2888 2888 5471
00000000 00000000 0 0 131072 659429 2888 2888 5936
00000000 00000000 0 0 131072 659429 2888 2888 5944
00000000 00000000 0 0 131072 659429 2888 2888 6417
00000000 00000000 0 0 131072 659429 2888 2888 6425
00000000 00000000 0 0 131072 659429 2888 2888 6898
00000000 00000000 0 0 131072 659429 2888 2888 6906
00000000 00000000 0 0 131072 659429 2888 2888 7379
00000000 00000000 0 0 131072 659429 2888 2888 7387
00000000 00000000 0 0 131072 657640 5944 2888 4002
00000000 00000000 0 0 131072 657640 5944 2888 4010
00000000 00000000 0 0 131072 657640 5944 2888 4483
00000000 00000000 0 0 131072 657640 5944 2888 4491
00000000 00000000 0 0 131072 657640 5944 2888 4964
00000000 00000000 0 0 131072 657640 5944 2888 4972
00000000 00000000 0 0 131072 657640 5944 2888 5445
00000000 00000000 0 0 131072 657640 5944 2888 5453
00000000 00000000 0 0 131072 657640 5944 2888 5926
00000000 00000000 0 0 131072 657640 5944 2888 5934
00000000 00000000 0 0 131072 657640 5944 2888 6407
00000000 00000000 0 0 131072 657640 5944 2888 6415
00000000 00000000 0 0 131072 657640 5944 2888 6880
00000000 00000000 0 0 131072 657640 5944 2888 6888
00000000 00000000 0 0 131072 657640 5944 2888 7361
00000000 00000000 0 0 131072 657640 5944 2888 7369
00000000 00000000 0 0 131072 657650 5944 2888 4018
00000000 00000000 0 0 131072 657650 5944 2888 4026
00000000 00000000 0 0 131072 657650 5944 2888 4499
00000000 00000000 0 0 131072 657650 5944 2888 4507
00000000 00000000 0 0 131072 657650 5944 2888 4980
00000000 00000000 0 0 131072 657650 5944 2888 4988
00000000 00000000 0 0 131072 657650 5944 2888 5461
00000000 00000000 0 0 131072 657650 5944 2888 5469
00000000 00000000 0 0 131072 657650 5944 2888 5942
00000000 00000000 0 0 131072 657650 5944 2888 5950
00000000 00000000 0 0 131072 657650 5944 2888 6423
00000000 00000000 0 0 131072 657650 5944 2888 6431
00000000 00000000 0 0 131072 657650 5944 2888 6896
00000000 00000000 0 0 131072 657650 5944 2888 6904
00000000 00000000 0 0 131072 657650 5944 2888 7377
00000000 00000000 0 0 131072 657650 5944 2888 7385
00000000 00000000 0 0 131072 661876 2888 2888 4006
00000000 00000000 0 0 131072 661876 2888 2888 4014
00000000 00000000 0 0 131072 661876 2888 2888 4487
00000000 00000000 0 0 131072 661876 2888 2888 4495
00000000 00000000 0 0 131072 661876 2888 2888 4960
00000000 00000000 0 0 131072 661876 2888 2888 4968
00000000 00000000 0 0 131072 661876 2888 2888 5441
00000000 00000000 0 0 131072 661876 2888 2888 5449
00000000 00000000 0 0 131072 661876 2888 2888 5922
00000000 00000000 0 0 131072 661876 2888 2888 5930
00000000 00000000 0 0 131072 661876 2888 2888 6403
00000000 00000000 0 0 131072 661876 2888 2888 6411
00000000 00000000 0 0 131072 661876 2888 2888 6884
00000000 00000000 0 0 131072 661876 2888 2888 6892
00000000 00000000 0 0 131072 661876 2888 2888 7365
00000000 00000000 0 0 131072 661876 2888 2888 7373
00000000 00000000 0 0 131072 661886 2888 2888 4022
00000000 00000000 0 0 131072 661886 2888 2888 4030
00000000 00000000 0 0 131072 661886 2888 2888 4503
00000000 00000000 0 0 131072 661886 2888 2888 4511
00000000 00000000 0 0 131072 661886 2888 2888 4976
00000000 00000000 0 0 131072 661886 2888 2888 4984
00000000 00000000 0 0 131072 661886 2888 2888 5457
00000000 00000000 0 0 131072 661886 2888 2888 5465
00000000 00000000 0 0 131072 661886 2888 2888 5938
00000000 00000000 0 0 131072 661886 2888 2888 5946
00000000 00000000 0 0 131072 661886 2888 2888 6419
00000000 00000000 0 0 131072 661886 2888 2888 6427
00000000 00000000 0 0 131072 661886 2888 2888 6900
00000000 00000000 0 0 131072 661886 2888 2888 6908
00000000 00000000 0 0 131072 661886 2888 2888 7381
00000000 00000000 0 0 131072 661886 2888 2888 7389
00000000 00000000 0 0 131072 559010 108740 15132 7
00000000 00000000 0 0 131072 559010 108740 15132 480
00000000 00000000 0 0 131072 559010 108740 15132 961
00000000 00000000 0 0 131072 559010 108740 15132 1442
00000000 00000000 0 0 131072 559010 108740 15132 1923
00000000 00000000 0 0 131072 559010 108740 15132 2404
00000000 00000000 0 0 131072 559010 108740 15132 2885
00000000 00000000 0 0 131072 559010 108740 15132 3366
00000000 00000000 0 0 131072 665317 2888 2888 4021
00000000 00000000 0 0 131072 665317 2888 2888 4029
00000000 00000000 0 0 131072 665317 2888 2888 4502
00000000 00000000 0 0 131072 665317 2888 2888 4510
00000000 00000000 0 0 131072 665317 2888 2888 4983
00000000 00000000 0 0 131072 665317 2888 2888 4991
00000000 00000000 0 0 131072 665317 2888 2888 5456
00000000 00000000 0 0 131072 665317 2888 2888 5464
00000000 00000000 0 0 131072 665317 2888 2888 5937
00000000 00000000 0 0 131072 665317 2888 2888 5945
00000000 00000000 0 0 131072 665317 2888 2888 6418
00000000 00000000 0 0 131072 665317 2888 2888 6426
00000000 00000000 0 0 131072 665317 2888 2888 6899
00000000 00000000 0 0 131072 665317 2888 2888 6907
00000000 00000000 0 0 131072 665317 2888 2888 7380
00000000 00000000 0 0 131072 665317 2888 2888 7388
00000000 00000000 0 0 131072 665327 2888 2888 4037
00000000 00000000 0 0 131072 665327 2888 2888 4045
00000000 00000000 0 0 131072 665327 2888 2888 4518
00000000 00000000 0 0 131072 665327 2888 2888 4526
00000000 00000000 0 0 131072 665327 2888 2888 4999
00000000 00000000 0 0 131072 665327 2888 2888 5007
00000000 00000000 0 0 131072 665327 2888 2888 5472
00000000 00000000 0 0 131072 665327 2888 2888 5480
00000000 00000000 0 0 131072 665327 2888 2888 5953
00000000 00000000 0 0 131072 665327 2888 2888 5961
00000000 00000000 0 0 131072 665327 2888 2888 6434
00000000 00000000 0 0 131072 665327 2888 2888 6442
00000000 00000000 0 0 131072 665327 2888 2888 6915
00000000 00000000 0 0 131072 665327 2888 2888 6923
00000000 00000000 0 0 131072 665327 2888 2888 7396
00000000 00000000 0 0 131072 665327 2888 2888 7404
00000000 00000000 0 0 131072 559010 109562 15132 15
00000000 00000000 0 0 131072 559010 109562 15132 488
00000000 00000000 0 0 131072 559010 109562 15132 969
00000000 00000000 0 0 131072 559010 109562 15132 1450
00000000 00000000 0 0 131072 559010 109562 15132 1931
00000000 00000000 0 0 131072 559010 109562 15132 2412
00000000 00000000 0 0 131072 559010 109562 15132 2893
00000000 00000000 0 0 131072 559010 109562 15132 3374
00000000 00000000 0 0 131072 661766 6828 6828 3991
00000000 00000000 0 0 131072 661766 6828 6828 3999
00000000 00000000 0 0 131072 661766 6828 6828 4464
00000000 00000000 0 0 131072 661766 6828 6828 4472
00000000 00000000 0 0 131072 661766 6828 6828 4945
00000000 00000000 0 0 131072 661766 6828 6828 4953
00000000 00000000 0 0 131072 661766 6828 6828 5426
00000000 00000000 0 0 131072 661766 6828 6828 5434
00000000 00000000 0 0 131072 661766 6828 6828 5907
00000000 00000000 0 0 131072 661766 6828 6828 5915
00000000 00000000 0 0 131072 661766 6828 6828 6388
00000000 00000000 0 0 131072 661766 6828 6828 6396
00000000 00000000 0 0 131072 661766 6828 6828 6869
00000000 00000000 0 0 131072 661766 6828 6828 6877
00000000 00000000 0 0 131072 661766 6828 6828 7350
00000000 00000000 0 0 131072 661766 6828 6828 7358
00000000 00000000 0 0 131072 661776 6828 6828 4007
00000000 00000000 0 0 131072 661776 6828 6828 4015
00000000 00000000 0 0 131072 661776 6828 6828 4480
00000000 00000000 0 0 131072 661776 6828 6828 4488
00000000 00000000 0 0 131072 661776 6828 6828 4961
00000000 00000000 0 0 131072 661776 6828 6828 4969
00000000 00000000 0 0 131072 661776 6828 6828 5442
00000000 00000000 0 0 131072 661776 6828 6828 5450
00000000 00000000 0 0 131072 661776 6828 6828 5923
00000000 00000000 0 0 131072 661776 6828 6828 5931
00000000 00000000 0 0 131072 661776 6828 6828 6404
00000000 00000000 0 0 131072 661776 6828 6828 6412
00000000 00000000 0 0 131072 661776 6828 6828 6885
00000000 00000000 0 0 131072 661776 6828 6828 6893
00000000 00000000 0 0 131072 661776 6828 6828 7366
00000000 00000000 0 0 131072 661776 6828 6828 7374
00000000 00000000 0 0 131072 613077 56516 11252 17
00000000 00000000 0 0 131072 613077 56516 11252 18
00000000 00000000 0 0 131072 613077 56516 11252 19
00000000 00000000 0 0 131072 613077 56516 11252 20
00000000 00000000 0 0 131072 613077 56516 11252 21
00000000 00000000 0 0 131072 613077 56516 11252 22
00000000 00000000 0 0 131072 613077 56516 11252 498
00000000 00000000 0 0 131072 613077 56516 11252 499
00000000 00000000 0 0 131072 613077 56516 11252 500
00000000 00000000 0 0 131072 613077 56516 11252 501
00000000 00000000 0 0 131072 613077 56516 11252 502
00000000 00000000 0 0 131072 613077 56516 11252 503
00000000 00000000 0 0 131072 613077 56516 11252 979
00000000 00000000 0 0 131072 613077 56516 11252 980
00000000 00000000 0 0 131072 613077 56516 11252 981
00000000 00000000 0 0 131072 613077 56516 11252 982
00000000 00000000 0 0 131072 613077 56516 11252 983
00000000 00000000 0 0 131072 613077 56516 11252 1457
00000000 00000000 0 0 131072 613077 56516 11252 1460
00000000 00000000 0 0 131072 613077 56516 11252 1461
00000000 00000000 0 0 131072 613077 56516 11252 1462
00000000 00000000 0 0 131072 613077 56516 11252 1463
00000000 00000000 0 0 131072 613077 56516 11252 1937
00000000 00000000 0 0 131072 613077 56516 11252 1938
00000000 00000000 0 0 131072 613077 56516 11252 1941
00000000 00000000 0 0 131072 613077 56516 11252 1942
00000000 00000000 0 0 131072 613077 56516 11252 1943
00000000 00000000 0 0 131072 613077 56516 11252 2417
00000000 00000000 0 0 131072 613077 56516 11252 2418
00000000 00000000 0 0 131072 613077 56516 11252 2419
00000000 00000000 0 0 131072 613077 56516 11252 2422
00000000 00000000 0 0 131072 613077 56516 11252 2423
00000000 00000000 0 0 131072 613077 56516 11252 2897
00000000 00000000 0 0 131072 613077 56516 11252 2898
00000000 00000000 0 0 131072 613077 56516 11252 2899
00000000 00000000 0 0 131072 613077 56516 11252 2900
00000000 00000000 0 0 131072 613077 56516 11252 2903
00000000 00000000 0 0 131072 613077 56516 11252 3377
00000000 00000000 0 0 131072 613077 56516 11252 3378
00000000 00000000 0 0 131072 613077 56516 11252 3379
00000000 00000000 0 0 131072 613077 56516 11252 3380
00000000 00000000 0 0 131072 613077 56516 11252 3381
00000000 00000000 0 0 131072 613077 58276 11252 976
00000000 00000000 0 0 131072 613077 58276 11252 1456
00000000 00000000 0 0 131072 613077 58276 11252 1936
00000000 00000000 0 0 131072 613077 58276 11252 2416
00000000 00000000 0 0 131072 613077 58276 11252 2896
00000000 00000000 0 0 131072 613077 58276 11252 3376
00000000 00000000 0 0 131072 666594 6485 2888 4019
00000000 00000000 0 0 131072 666594 6485 2888 4027
00000000 00000000 0 0 131072 666594 6485 2888 4500
00000000 00000000 0 0 131072 666594 6485 2888 4508
00000000 00000000 0 0 131072 666594 6485 2888 4981
00000000 00000000 0 0 131072 666594 6485 2888 4989
00000000 00000000 0 0 131072 666594 6485 2888 5462
00000000 00000000 0 0 131072 666594 6485 2888 5470
00000000 00000000 0 0 131072 666594 6485 2888 5943
00000000 00000000 0 0 131072 666594 6485 2888 5951
00000000 00000000 0 0 131072 666594 6485 2888 6416
00000000 00000000 0 0 131072 666594 6485 2888 6424
00000000 00000000 0 0 131072 666594 6485 2888 6897
00000000 00000000 0 0 131072 666594 6485 2888 6905
00000000 00000000 0 0 131072 666594 6485 2888 7378
00000000 00000000 0 0 131072 666594 6485 2888 7386
00000000 00000000 0 0 131072 666604 6485 2888 4035
00000000 00000000 0 0 131072 666604 6485 2888 4043
00000000 00000000 0 0 131072 666604 6485 2888 4516
00000000 00000000 0 0 131072 666604 6485 2888 4524
00000000 00000000 0 0 131072 666604 6485 2888 4997
00000000 00000000 0 0 131072 666604 6485 2888 5005
00000000 00000000 0 0 131072 666604 6485 2888 5478
00000000 00000000 0 0 131072 666604 6485 2888 5486
00000000 00000000 0 0 131072 666604 6485 2888 5959
00000000 00000000 0 0 131072 666604 6485 2888 5967
00000000 00000000 0 0 131072 666604 6485 2888 6432
00000000 00000000 0 0 131072 666604 6485 2888 6440
00000000 00000000 0 0 131072 666604 6485 2888 6913
00000000 00000000 0 0 131072 666604 6485 2888 6921
00000000 00000000 0 0 131072 666604 6485 2888 7394
00000000 00000000 0 0 131072 666604 6485 2888 7402
00000000 00000000 0 0 131072 670760 2888 2888 24
00000000 00000000 0 0 131072 670760 2888 2888 505
00000000 00000000 0 0 131072 670760 2888 2888 986
00000000 00000000 0 0 131072 670760 2888 2888 1467
00000000 00000000 0 0 131072 670760 2888 2888 1948
00000000 00000000 0 0 131072 670760 2888 2888 2429
00000000 00000000 0 0 131072 670760 2888 2888 2910
00000000 00000000 0 0 131072 670760 2888 2888 3391
00000000 00000000 0 0 131072 671215 2888 2888 4038
00000000 00000000 0 0 131072 671215 2888 2888 4046
00000000 00000000 0 0 131072 671215 2888 2888 4519
00000000 00000000 0 0 131072 671215 2888 2888 4527
00000000 00000000 0 0 131072 671215 2888 2888 4992
00000000 00000000 0 0 131072 671215 2888 2888 5000
00000000 00000000 0 0 131072 671215 2888 2888 5473
00000000 00000000 0 0 131072 671215 2888 2888 5481
00000000 00000000 0 0 131072 671215 2888 2888 5954
00000000 00000000 0 0 131072 671215 2888 2888 5962
00000000 00000000 0 0 131072 671215 2888 2888 6435
00000000 00000000 0 0 131072 671215 2888 2888 6443
00000000 00000000 0 0 131072 671215 2888 2888 6916
00000000 00000000 0 0 131072 671215 2888 2888 6924
00000000 00000000 0 0 131072 671215 2888 2888 7397
00000000 00000000 0 0 131072 671215 2888 2888 7405
00000000 00000000 0 0 131072 671225 2888 2888 4054
00000000 00000000 0 0 131072 671225 2888 2888 4062
00000000 00000000 0 0 131072 671225 2888 2888 4535
00000000 00000000 0 0 131072 671225 2888 2888 4543
00000000 00000000 0 0 131072 671225 2888 2888 5008
00000000 00000000 0 0 131072 671225 2888 2888 5016
00000000 00000000 0 0 131072 671225 2888 2888 5489
00000000 00000000 0 0 131072 671225 2888 2888 5497
00000000 00000000 0 0 131072 671225 2888 2888 5970
00000000 00000000 0 0 131072 671225 2888 2888 5978
00000000 00000000 0 0 131072 671225 2888 2888 6451
00000000 00000000 0 0 131072 671225 2888 2888 6459
00000000 00000000 0 0 131072 671225 2888 2888 6932
00000000 00000000 0 0 131072 671225 2888 2888 6940
00000000 00000000 0 0 131072 671225 2888 2888 7413
00000000 00000000 0 0 131072 671225 2888 2888 7421
00000000 00000000 0 0 131072 671604 2888 2888 4008
00000000 00000000 0 0 131072 671604 2888 2888 4000
00000000 00000000 0 0 131072 671604 2888 2888 4489
00000000 00000000 0 0 131072 671604 2888 2888 4481
00000000 00000000 0 0 131072 671604 2888 2888 4970
00000000 00000000 0 0 131072 671604 2888 2888 4962
00000000 00000000 0 0 131072 671604 2888 2888 5451
00000000 00000000 0 0 131072 671604 2888 2888 5443
00000000 00000000 0 0 131072 671604 2888 2888 5932
00000000 00000000 0 0 131072 671604 2888 2888 5924
00000000 00000000 0 0 131072 671604 2888 2888 6413
00000000 00000000 0 0 131072 671604 2888 2888 6405
00000000 00000000 0 0 131072 671604 2888 2888 6894
00000000 00000000 0 0 131072 671604 2888 2888 6886
00000000 00000000 0 0 131072 671604 2888 2888 7375
00000000 00000000 0 0 131072 671604 2888 2888 7367
00000000 00000000 0 0 131072 671614 2888 2888 4024
00000000 00000000 0 0 131072 671614 2888 2888 4016
00000000 00000000 0 0 131072 671614 2888 2888 4505
00000000 00000000 0 0 131072 671614 2888 2888 4497
00000000 00000000 0 0 131072 671614 2888 2888 4986
00000000 00000000 0 0 131072 671614 2888 2888 4978
00000000 00000000 0 0 131072 671614 2888 2888 5467
00000000 00000000 0 0 131072 671614 2888 2888 5459
00000000 00000000 0 0 131072 671614 2888 2888 5948
00000000 00000000 0 0 131072 671614 2888 2888 5940
00000000 00000000 0 0 131072 671614 2888 2888 6429
00000000 00000000 0 0 131072 671614 2888 2888 6421
00000000 00000000 0 0 131072 671614 2888 2888 6910
00000000 00000000 0 0 131072 671614 2888 2888 6902
00000000 00000000 0 0 131072 671614 2888 2888 7391
00000000 00000000 0 0 131072 671614 2888 2888 7383
00000000 00000000 0 0 131072 676089 2888 2888 4036
00000000 00000000 0 0 131072 676089 2888 2888 4044
00000000 00000000 0 0 131072 676089 2888 2888 4517
00000000 00000000 0 0 131072 676089 2888 2888 4525
00000000 00000000 0 0 131072 676089 2888 2888 4998
00000000 00000000 0 0 131072 676089 2888 2888 5006
00000000 00000000 0 0 131072 676089 2888 2888 5479
00000000 00000000 0 0 131072 676089 2888 2888 5487
00000000 00000000 0 0 131072 676089 2888 2888 5952
00000000 00000000 0 0 131072 676089 2888 2888 5960
00000000 00000000 0 0 131072 676089 2888 2888 6433
00000000 00000000 0 0 131072 676089 2888 2888 6441
00000000 00000000 0 0 131072 676089 2888 2888 6914
00000000 00000000 0 0 131072 676089 2888 2888 6922
00000000 00000000 0 0 131072 676089 2888 2888 7395
00000000 00000000 0 0 131072 676089 2888 2888 7403
00000000 00000000 0 0 131072 676099 2888 2888 4052
00000000 00000000 0 0 131072 676099 2888 2888 4060
00000000 00000000 0 0 131072 676099 2888 2888 4533
00000000 00000000 0 0 131072 676099 2888 2888 4541
00000000 00000000 0 0 131072 676099 2888 2888 5014
00000000 00000000 0 0 131072 676099 2888 2888 5022
00000000 00000000 0 0 131072 676099 2888 2888 5495
00000000 00000000 0 0 131072 676099 2888 2888 5503
00000000 00000000 0 0 131072 676099 2888 2888 5968
00000000 00000000 0 0 131072 676099 2888 2888 5976
00000000 00000000 0 0 131072 676099 2888 2888 6449
00000000 00000000 0 0 131072 676099 2888 2888 6457
00000000 00000000 0 0 131072 676099 2888 2888 6930
00000000 00000000 0 0 131072 676099 2888 2888 6938
00000000 00000000 0 0 131072 676099 2888 2888 7411
00000000 00000000 0 0 131072 676099 2888 2888 7419
00000000 00000000 0 0 131072 676658 5931 2888 41
00000000 00000000 0 0 131072 676658 5931 2888 522
00000000 00000000 0 0 131072 676658 5931 2888 1003
00000000 00000000 0 0 131072 676658 5931 2888 1484
00000000 00000000 0 0 131072 676658 5931 2888 1965
00000000 00000000 0 0 131072 676658 5931 2888 2446
00000000 00000000 0 0 131072 676658 5931 2888 2927
00000000 00000000 0 0 131072 676658 5931 2888 3400
00000000 00000000 0 0 131072 677502 6523 2888 4017
00000000 00000000 0 0 131072 677502 6523 2888 4025
00000000 00000000 0 0 131072 677502 6523 2888 4498
00000000 00000000 0 0 131072 677502 6523 2888 4506
00000000 00000000 0 0 131072 677502 6523 2888 4979
00000000 00000000 0 0 131072 677502 6523 2888 4987
00000000 00000000 0 0 131072 677502 6523 2888 5460
00000000 00000000 0 0 131072 677502 6523 2888 5468
00000000 00000000 0 0 131072 677502 6523 2888 5941
00000000 00000000 0 0 131072 677502 6523 2888 5949
00000000 00000000 0 0 131072 677502 6523 2888 6422
00000000 00000000 0 0 131072 677502 6523 2888 6430
00000000 00000000 0 0 131072 677502 6523 2888 6903
00000000 00000000 0 0 131072 677502 6523 2888 6911
00000000 00000000 0 0 131072 677502 6523 2888 7376
00000000 00000000 0 0 131072 677502 6523 2888 7384
00000000 00000000 0 0 131072 677512 6523 2888 4033
00000000 00000000 0 0 131072 677512 6523 2888 4041
00000000 00000000 0 0 131072 677512 6523 2888 4514
00000000 00000000 0 0 131072 677512 6523 2888 4522
00000000 00000000 0 0 131072 677512 6523 2888 4995
00000000 00000000 0 0 131072 677512 6523 2888 5003
00000000 00000000 0 0 131072 677512 6523 2888 5476
00000000 00000000 0 0 131072 677512 6523 2888 5484
00000000 00000000 0 0 131072 677512 6523 2888 5957
00000000 00000000 0 0 131072 677512 6523 2888 5965
00000000 00000000 0 0 131072 677512 6523 2888 6438
00000000 00000000 0 0 131072 677512 6523 2888 6446
00000000 00000000 0 0 131072 677512 6523 2888 6919
00000000 00000000 0 0 131072 677512 6523 2888 6927
00000000 00000000 0 0 131072 677512 6523 2888 7392
00000000 00000000 0 0 131072 677512 6523 2888 7400
00000000 00000000 0 0 131072 564908 119140 15132 31
00000000 00000000 0 0 131072 564908 119140 15132 504
00000000 00000000 0 0 131072 564908 119140 15132 985
00000000 00000000 0 0 131072 564908 119140 15132 1466
00000000 00000000 0 0 131072 564908 119140 15132 1947
00000000 00000000 0 0 131072 564908 119140 15132 2428
00000000 00000000 0 0 131072 564908 119140 15132 2909
00000000 00000000 0 0 131072 564908 119140 15132 3390
00000000 00000000 0 0 131072 681987 2888 2888 4053
00000000 00000000 0 0 131072 681987 2888 2888 4061
00000000 00000000 0 0 131072 681987 2888 2888 4534
00000000 00000000 0 0 131072 681987 2888 2888 4542
00000000 00000000 0 0 131072 681987 2888 2888 5015
00000000 00000000 0 0 131072 681987 2888 2888 5023
00000000 00000000 0 0 131072 681987 2888 2888 5488
00000000 00000000 0 0 131072 681987 2888 2888 5496
00000000 00000000 0 0 131072 681987 2888 2888 5969
00000000 00000000 0 0 131072 681987 2888 2888 5977
00000000 00000000 0 0 131072 681987 2888 2888 6450
00000000 00000000 0 0 131072 681987 2888 2888 6458
00000000 00000000 0 0 131072 681987 2888 2888 6931
00000000 00000000 0 0 131072 681987 2888 2888 6939
00000000 00000000 0 0 131072 681987 2888 2888 7412
00000000 00000000 0 0 131072 681987 2888 2888 7420
00000000 00000000 0 0 131072 681997 2888 2888 4069
00000000 00000000 0 0 131072 681997 2888 2888 4077
00000000 00000000 0 0 131072 681997 2888 2888 4550
00000000 00000000 0 0 131072 681997 2888 2888 4558
00000000 00000000 0 0 131072 681997 2888 2888 5031
00000000 00000000 0 0 131072 681997 2888 2888 5039
00000000 00000000 0 0 131072 681997 2888 2888 5504
00000000 00000000 0 0 131072 681997 2888 2888 5512
00000000 00000000 0 0 131072 681997 2888 2888 5985
00000000 00000000 0 0 131072 681997 2888 2888 5993
00000000 00000000 0 0 131072 681997 2888 2888 6466
00000000 00000000 0 0 131072 681997 2888 2888 6474
00000000 00000000 0 0 131072 681997 2888 2888 6947
00000000 00000000 0 0 131072 681997 2888 2888 6955
00000000 00000000 0 0 131072 681997 2888 2888 7428
00000000 00000000 0 0 131072 681997 2888 2888 7436
00000000 00000000 0 0 131072 685599 2888 2888 58
00000000 00000000 0 0 131072 685599 2888 2888 539
00000000 00000000 0 0 131072 685599 2888 2888 1020
00000000 00000000 0 0 131072 685599 2888 2888 1501
00000000 00000000 0 0 131072 685599 2888 2888 1982
00000000 00000000 0 0 131072 685599 2888 2888 2463
00000000 00000000 0 0 131072 685599 2888 2888 2936
00000000 00000000 0 0 131072 685599 2888 2888 3417
00000000 00000000 0 0 131072 570806 123256 15132 47
00000000 00000000 0 0 131072 570806 123256 15132 520
00000000 00000000 0 0 131072 570806 123256 15132 1001
00000000 00000000 0 0 131072 570806 123256 15132 1482
00000000 00000000 0 0 131072 570806 123256 15132 1963
00000000 00000000 0 0 131072 570806 123256 15132 2444
00000000 00000000 0 0 131072 570806 123256 15132 2925
00000000 00000000 0 0 131072 570806 123256 15132 3406
00000000 00000000 0 0 131072 691497 2888 2888 75
00000000 00000000 0 0 131072 691497 2888 2888 556
00000000 00000000 0 0 131072 691497 2888 2888 1037
00000000 00000000 0 0 131072 691497 2888 2888 1518
00000000 00000000 0 0 131072 691497 2888 2888 1999
00000000 00000000 0 0 131072 691497 2888 2888 2472
00000000 00000000 0 0 131072 691497 2888 2888 2953
00000000 00000000 0 0 131072 691497 2888 2888 3434
00000000 00000000 0 0 131072 687035 9559 2888 4034
00000000 00000000 0 0 131072 687035 9559 2888 4042
00000000 00000000 0 0 131072 687035 9559 2888 4515
00000000 00000000 0 0 131072 687035 9559 2888 4523
00000000 00000000 0 0 131072 687035 9559 2888 4996
00000000 00000000 0 0 131072 687035 9559 2888 5004
00000000 00000000 0 0 131072 687035 9559 2888 5477
00000000 00000000 0 0 131072 687035 9559 2888 5485
00000000 00000000 0 0 131072 687035 9559 2888 5958
00000000 00000000 0 0 131072 687035 9559 2888 5966
00000000 00000000 0 0 131072 687035 9559 2888 6439
00000000 00000000 0 0 131072 687035 9559 2888 6447
00000000 00000000 0 0 131072 687035 9559 2888 6912
00000000 00000000 0 0 131072 687035 9559 2888 6920
00000000 00000000 0 0 131072 687035 9559 2888 7393
00000000 00000000 0 0 131072 687035 9559 2888 7401
00000000 00000000 0 0 131072 687045 9559 2888 4050
00000000 00000000 0 0 131072 687045 9559 2888 4058
00000000 00000000 0 0 131072 687045 9559 2888 4531
00000000 00000000 0 0 131072 687045 9559 2888 4539
00000000 00000000 0 0 131072 687045 9559 2888 5012
00000000 00000000 0 0 131072 687045 9559 2888 5020
00000000 00000000 0 0 131072 687045 9559 2888 5493
00000000 00000000 0 0 131072 687045 9559 2888 5501
00000000 00000000 0 0 131072 687045 9559 2888 5974
00000000 00000000 0 0 131072 687045 9559 2888 5982
00000000 00000000 0 0 131072 687045 9559 2888 6455
00000000 00000000 0 0 131072 687045 9559 2888 6463
00000000 00000000 0 0 131072 687045 9559 2888 6928
00000000 00000000 0 0 131072 687045 9559 2888 6936
00000000 00000000 0 0 131072 687045 9559 2888 7409
00000000 00000000 0 0 131072 687045 9559 2888 7417
00000000 00000000 0 0 131072 687885 9559 2888 4070
00000000 00000000 0 0 131072 687885 9559 2888 4078
00000000 00000000 0 0 131072 687885 9559 2888 4551
00000000 00000000 0 0 131072 687885 9559 2888 4559
00000000 00000000 0 0 131072 687885 9559 2888 5024
00000000 00000000 0 0 131072 687885 9559 2888 5032
00000000 00000000 0 0 131072 687885 9559 2888 5505
00000000 00000000 0 0 131072 687885 9559 2888 5513
00000000 00000000 0 0 131072 687885 9559 2888 5986
00000000 00000000 0 0 131072 687885 9559 2888 5994
00000000 00000000 0 0 131072 687885 9559 2888 6467
00000000 00000000 0 0 131072 687885 9559 2888 6475
00000000 00000000 0 0 131072 687885 9559 2888 6948
00000000 00000000 0 0 131072 687885 9559 2888 6956
00000000 00000000 0 0 131072 687885 9559 2888 7429
00000000 00000000 0 0 131072 687885 9559 2888 7437
00000000 00000000 0 0 131072 687895 9559 2888 4086
00000000 00000000 0 0 131072 687895 9559 2888 4094
00000000 00000000 0 0 131072 687895 9559 2888 4567
00000000 00000000 0 0 131072 687895 9559 2888 4575
00000000 00000000 0 0 131072 687895 9559 2888 5040
00000000 00000000 0 0 131072 687895 9559 2888 5048
00000000 00000000 0 0 131072 687895 9559 2888 5521
00000000 00000000 0 0 131072 687895 9559 2888 5529
00000000 00000000 0 0 131072 687895 9559 2888 6002
00000000 00000000 0 0 131072 687895 9559 2888 6010
00000000 00000000 0 0 131072 687895 9559 2888 6483
00000000 00000000 0 0 131072 687895 9559 2888 6491
00000000 00000000 0 0 131072 687895 9559 2888 6964
00000000 00000000 0 0 131072 687895 9559 2888 6972
00000000 00000000 0 0 131072 687895 9559 2888 7445
00000000 00000000 0 0 131072 687895 9559 2888 7453
00000000 00000000 0 0 131072 576704 123566 15132 63
00000000 00000000 0 0 131072 576704 123566 15132 536
00000000 00000000 0 0 131072 576704 123566 15132 1017
00000000 00000000 0 0 131072 576704 123566 15132 1498
00000000 00000000 0 0 131072 576704 123566 15132 1979
00000000 00000000 0 0 131072 576704 123566 15132 2460
00000000 00000000 0 0 131072 576704 123566 15132 2941
00000000 00000000 0 0 131072 576704 123566 15132 3422
00000000 00000000 0 0 131072 667774 32555 6828 4023
00000000 00000000 0 0 131072 667774 32555 6828 4031
00000000 00000000 0 0 131072 667774 32555 6828 4496
00000000 00000000 0 0 131072 667774 32555 6828 4504
00000000 00000000 0 0 131072 667774 32555 6828 4977
00000000 00000000 0 0 131072 667774 32555 6828 4985
00000000 00000000 0 0 131072 667774 32555 6828 5458
00000000 00000000 0 0 131072 667774 32555 6828 5466
00000000 00000000 0 0 131072 667774 32555 6828 5939
00000000 00000000 0 0 131072 667774 32555 6828 5947
00000000 00000000 0 0 131072 667774 32555 6828 6420
00000000 00000000 0 0 131072 667774 32555 6828 6428
00000000 00000000 0 0 131072 667774 32555 6828 6901
00000000 00000000 0 0 131072 667774 32555 6828 6909
00000000 00000000 0 0 131072 667774 32555 6828 7382
00000000 00000000 0 0 131072 667774 32555 6828 7390
00000000 00000000 0 0 131072 667784 32555 6828 4039
00000000 00000000 0 0 131072 667784 32555 6828 4047
00000000 00000000 0 0 131072 667784 32555 6828 4512
00000000 00000000 0 0 131072 667784 32555 6828 4520
00000000 00000000 0 0 131072 667784 32555 6828 4993
00000000 00000000 0 0 131072 667784 32555 6828 5001
00000000 00000000 0 0 131072 667784 32555 6828 5474
00000000 00000000 0 0 131072 667784 32555 6828 5482
00000000 00000000 0 0 131072 667784 32555 6828 5955
00000000 00000000 0 0 131072 667784 32555 6828 5963
00000000 00000000 0 0 131072 667784 32555 6828 6436
00000000 00000000 0 0 131072 667784 32555 6828 6444
00000000 00000000 0 0 131072 667784 32555 6828 6917
00000000 00000000 0 0 131072 667784 32555 6828 6925
00000000 00000000 0 0 131072 667784 32555 6828 7398
00000000 00000000 0 0 131072 667784 32555 6828 7406
00000000 00000000 0 0 131072 699604 2888 2888 4051
00000000 00000000 0 0 131072 699604 2888 2888 4059
00000000 00000000 0 0 131072 699604 2888 2888 4532
00000000 00000000 0 0 131072 699604 2888 2888 4540
00000000 00000000 0 0 131072 699604 2888 2888 5013
00000000 00000000 0 0 131072 699604 2888 2888 5021
00000000 00000000 0 0 131072 699604 2888 2888 5494
00000000 00000000 0 0 131072 699604 2888 2888 5502
00000000 00000000 0 0 131072 699604 2888 2888 5975
00000000 00000000 0 0 131072 699604 2888 2888 5983
00000000 00000000 0 0 131072 699604 2888 2888 6448
00000000 00000000 0 0 131072 699604 2888 2888 6456
00000000 00000000 0 0 131072 699604 2888 2888 6929
00000000 00000000 0 0 131072 699604 2888 2888 6937
00000000 00000000 0 0 131072 699604 2888 2888 7410
00000000 00000000 0 0 131072 699604 2888 2888 7418
00000000 00000000 0 0 131072 699614 2888 2888 4067
00000000 00000000 0 0 131072 699614 2888 2888 4075
00000000 00000000 0 0 131072 699614 2888 2888 4548
00000000 00000000 0 0 131072 699614 2888 2888 4556
00000000 00000000 0 0 131072 699614 2888 2888 5029
00000000 00000000 0 0 131072 699614 2888 2888 5037
00000000 00000000 0 0 131072 699614 2888 2888 5510
00000000 00000000 0 0 131072 699614 2888 2888 5518
00000000 00000000 0 0 131072 699614 2888 2888 5991
00000000 00000000 0 0 131072 699614 2888 2888 5999
00000000 00000000 0 0 131072 699614 2888 2888 6464
00000000 00000000 0 0 131072 699614 2888 2888 6472
00000000 00000000 0 0 131072 699614 2888 2888 6945
00000000 00000000 0 0 131072 699614 2888 2888 6953
00000000 00000000 0 0 131072 699614 2888 2888 7426
00000000 00000000 0 0 131072 699614 2888 2888 7434
00000000 00000000 0 0 131072 697395 5525 2888 92
00000000 00000000 0 0 131072 697395 5525 2888 573
00000000 00000000 0 0 131072 697395 5525 2888 1054
00000000 00000000 0 0 131072 697395 5525 2888 1535
00000000 00000000 0 0 131072 697395 5525 2888 2008
00000000 00000000 0 0 131072 697395 5525 2888 2489
00000000 00000000 0 0 131072 697395 5525 2888 2970
00000000 00000000 0 0 131072 697395 5525 2888 3451
00000000 00000000 0 0 131072 589210 114832 15132 79
00000000 00000000 0 0 131072 589210 114832 15132 552
00000000 00000000 0 0 131072 589210 114832 15132 1033
00000000 00000000 0 0 131072 589210 114832 15132 1514
00000000 00000000 0 0 131072 589210 114832 15132 1995
00000000 00000000 0 0 131072 589210 114832 15132 2476
00000000 00000000 0 0 131072 589210 114832 15132 2957
00000000 00000000 0 0 131072 589210 114832 15132 3438
00000000 00000000 0 0 131072 703369 2888 2888 4040
00000000 00000000 0 0 131072 703369 2888 2888 4032
00000000 00000000 0 0 131072 703369 2888 2888 4521
00000000 00000000 0 0 131072 703369 2888 2888 4513
00000000 00000000 0 0 131072 703369 2888 2888 5002
00000000 00000000 0 0 131072 703369 2888 2888 4994
00000000 00000000 0 0 131072 703369 2888 2888 5483
00000000 00000000 0 0 131072 703369 2888 2888 5475
00000000 00000000 0 0 131072 703369 2888 2888 5964
00000000 00000000 0 0 131072 703369 2888 2888 5956
00000000 00000000 0 0 131072 703369 2888 2888 6445
00000000 00000000 0 0 131072 703369 2888 2888 6437
00000000 00000000 0 0 131072 703369 2888 2888 6926
00000000 00000000 0 0 131072 703369 2888 2888 6918
00000000 00000000 0 0 131072 703369 2888 2888 7407
00000000 00000000 0 0 131072 703369 2888 2888 7399
00000000 00000000 0 0 131072 703409 2888 2888 4056
00000000 00000000 0 0 131072 703409 2888 2888 4048
00000000 00000000 0 0 131072 703409 2888 2888 4537
00000000 00000000 0 0 131072 703409 2888 2888 4529
00000000 00000000 0 0 131072 703409 2888 2888 5018
00000000 00000000 0 0 131072 703409 2888 2888 5010
00000000 00000000 0 0 131072 703409 2888 2888 5499
00000000 00000000 0 0 131072 703409 2888 2888 5491
00000000 00000000 0 0 131072 703409 2888 2888 5980
00000000 00000000 0 0 131072 703409 2888 2888 5972
00000000 00000000 0 0 131072 703409 2888 2888 6461
00000000 00000000 0 0 131072 703409 2888 2888 6453
00000000 00000000 0 0 131072 703409 2888 2888 6942
00000000 00000000 0 0 131072 703409 2888 2888 6934
00000000 00000000 0 0 131072 703409 2888 2888 7423
00000000 00000000 0 0 131072 703409 2888 2888 7415
00000000 00000000 0 0 131072 677113 29299 6828 4055
00000000 00000000 0 0 131072 677113 29299 6828 4063
00000000 00000000 0 0 131072 677113 29299 6828 4528
00000000 00000000 0 0 131072 677113 29299 6828 4536
00000000 00000000 0 0 131072 677113 29299 6828 5009
00000000 00000000 0 0 131072 677113 29299 6828 5017
00000000 00000000 0 0 131072 677113 29299 6828 5490
00000000 00000000 0 0 131072 677113 29299 6828 5498
00000000 00000000 0 0 131072 677113 29299 6828 5971
00000000 00000000 0 0 131072 677113 29299 6828 5979
00000000 00000000 0 0 131072 677113 29299 6828 6452
00000000 00000000 0 0 131072 677113 29299 6828 6460
00000000 00000000 0 0 131072 677113 29299 6828 6933
00000000 00000000 0 0 131072 677113 29299 6828 6941
00000000 00000000 0 0 131072 677113 29299 6828 7414
00000000 00000000 0 0 131072 677113 29299 6828 7422
00000000 00000000 0 0 131072 677123 29299 6828 4071
00000000 00000000 0 0 131072 677123 29299 6828 4079
00000000 00000000 0 0 131072 677123 29299 6828 4544
00000000 00000000 0 0 131072 677123 29299 6828 4552
00000000 00000000 0 0 131072 677123 29299 6828 5025
00000000 00000000 0 0 131072 677123 29299 6828 5033
00000000 00000000 0 0 131072 677123 29299 6828 5506
00000000 00000000 0 0 131072 677123 29299 6828 5514
00000000 00000000 0 0 131072 677123 29299 6828 5987
00000000 00000000 0 0 131072 677123 29299 6828 5995
00000000 00000000 0 0 131072 677123 29299 6828 6468
00000000 00000000 0 0 131072 677123 29299 6828 6476
00000000 00000000 0 0 131072 677123 29299 6828 6949
00000000 00000000 0 0 131072 677123 29299 6828 6957
00000000 00000000 0 0 131072 677123 29299 6828 7430
00000000 00000000 0 0 131072 677123 29299 6828 7438
00000000 00000000 0 0 131072 700454 6828 6828 4087
00000000 00000000 0 0 131072 700454 6828 6828 4095
00000000 00000000 0 0 131072 700454 6828 6828 4560
00000000 00000000 0 0 131072 700454 6828 6828 4568
00000000 00000000 0 0 131072 700454 6828 6828 5041
00000000 00000000 0 0 131072 700454 6828 6828 5049
00000000 00000000 0 0 131072 700454 6828 6828 5522
00000000 00000000 0 0 131072 700454 6828 6828 5530
00000000 00000000 0 0 131072 700454 6828 6828 6003
00000000 00000000 0 0 131072 700454 6828 6828 6011
00000000 00000000 0 0 131072 700454 6828 6828 6484
00000000 00000000 0 0 131072 700454 6828 6828 6492
00000000 00000000 0 0 131072 700454 6828 6828 6965
00000000 00000000 0 0 131072 700454 6828 6828 6973
00000000 00000000 0 0 131072 700454 6828 6828 7446
00000000 00000000 0 0 131072 700454 6828 6828 7454
00000000 00000000 0 0 131072 700464 6828 6828 4103
00000000 00000000 0 0 131072 700464 6828 6828 4111
00000000 00000000 0 0 131072 700464 6828 6828 4576
00000000 00000000 0 0 131072 700464 6828 6828 4584
00000000 00000000 0 0 131072 700464 6828 6828 5057
00000000 00000000 0 0 131072 700464 6828 6828 5065
00000000 00000000 0 0 131072 700464 6828 6828 5538
00000000 00000000 0 0 131072 700464 6828 6828 5546
00000000 00000000 0 0 131072 700464 6828 6828 6019
00000000 00000000 0 0 131072 700464 6828 6828 6027
00000000 00000000 0 0 131072 700464 6828 6828 6500
00000000 00000000 0 0 131072 700464 6828 6828 6508
00000000 00000000 0 0 131072 700464 6828 6828 6981
00000000 00000000 0 0 131072 700464 6828 6828 6989
00000000 00000000 0 0 131072 700464 6828 6828 7462
00000000 00000000 0 0 131072 700464 6828 6828 7470
00000000 00000000 0 0 131072 705532 2888 2888 4068
00000000 00000000 0 0 131072 705532 2888 2888 4076
00000000 00000000 0 0 131072 705532 2888 2888 4549
00000000 00000000 0 0 131072 705532 2888 2888 4557
00000000 00000000 0 0 131072 705532 2888 2888 5030
00000000 00000000 0 0 131072 705532 2888 2888 5038
00000000 00000000 0 0 131072 705532 2888 2888 5511
00000000 00000000 0 0 131072 705532 2888 2888 5519
00000000 00000000 0 0 131072 705532 2888 2888 5984
00000000 00000000 0 0 131072 705532 2888 2888 5992
00000000 00000000 0 0 131072 705532 2888 2888 6465
00000000 00000000 0 0 131072 705532 2888 2888 6473
00000000 00000000 0 0 131072 705532 2888 2888 6946
00000000 00000000 0 0 131072 705532 2888 2888 6954
00000000 00000000 0 0 131072 705532 2888 2888 7427
00000000 00000000 0 0 131072 705532 2888 2888 7435
00000000 00000000 0 0 131072 705572 2888 2888 4084
00000000 00000000 0 0 131072 705572 2888 2888 4092
00000000 00000000 0 0 131072 705572 2888 2888 4565
00000000 00000000 0 0 131072 705572 2888 2888 4573
00000000 00000000 0 0 131072 705572 2888 2888 5046
00000000 00000000 0 0 131072 705572 2888 2888 5054
00000000 00000000 0 0 131072 705572 2888 2888 5527
00000000 00000000 0 0 131072 705572 2888 2888 5535
00000000 00000000 0 0 131072 705572 2888 2888 6000
00000000 00000000 0 0 131072 705572 2888 2888 6008
00000000 00000000 0 0 131072 705572 2888 2888 6481
00000000 00000000 0 0 131072 705572 2888 2888 6489
00000000 00000000 0 0 131072 705572 2888 2888 6962
00000000 00000000 0 0 131072 705572 2888 2888 6970
00000000 00000000 0 0 131072 705572 2888 2888 7443
00000000 00000000 0 0 131072 705572 2888 2888 7451
00000000 00000000 0 0 131072 705930 2888 2888 109
00000000 00000000 0 0 131072 705930 2888 2888 590
00000000 00000000 0 0 131072 705930 2888 2888 1071
00000000 00000000 0 0 131072 705930 2888 2888 1544
00000000 00000000 0 0 131072 705930 2888 2888 2025
00000000 00000000 0 0 131072 705930 2888 2888 2506
00000000 00000000 0 0 131072 705930 2888 2888 2987
00000000 00000000 0 0 131072 705930 2888 2888 3468
00000000 00000000 0 0 131072 595108 114901 15132 95
00000000 00000000 0 0 131072 595108 114901 15132 568
00000000 00000000 0 0 131072 595108 114901 15132 1049
00000000 00000000 0 0 131072 595108 114901 15132 1530
00000000 00000000 0 0 131072 595108 114901 15132 2011
00000000 00000000 0 0 131072 595108 114901 15132 2492
00000000 00000000 0 0 131072 595108 114901 15132 2973
00000000 00000000 0 0 131072 595108 114901 15132 3454
00000000 00000000 0 0 131072 709297 2888 2888 4057
00000000 00000000 0 0 131072 709297 2888 2888 4049
00000000 00000000 0 0 131072 709297 2888 2888 4538
00000000 00000000 0 0 131072 709297 2888 2888 4530
00000000 00000000 0 0 131072 709297 2888 2888 5019
00000000 00000000 0 0 131072 709297 2888 2888 5011
00000000 00000000 0 0 131072 709297 2888 2888 5500
00000000 00000000 0 0 131072 709297 2888 2888 5492
00000000 00000000 0 0 131072 709297 2888 2888 5981
00000000 00000000 0 0 131072 709297 2888 2888 5973
00000000 00000000 0 0 131072 709297 2888 2888 6462
00000000 00000000 0 0 131072 709297 2888 2888 6454
00000000 00000000 0 0 131072 709297 2888 2888 6943
00000000 00000000 0 0 131072 709297 2888 2888 6935
00000000 00000000 0 0 131072 709297 2888 2888 7416
00000000 00000000 0 0 131072 709297 2888 2888 7408
00000000 00000000 0 0 131072 709337 2888 2888 4073
00000000 00000000 0 0 131072 709337 2888 2888 4065
00000000 00000000 0 0 131072 709337 2888 2888 4554
00000000 00000000 0 0 131072 709337 2888 2888 4546
00000000 00000000 0 0 131072 709337 2888 2888 5035
00000000 00000000 0 0 131072 709337 2888 2888 5027
00000000 00000000 0 0 131072 709337 2888 2888 5516
00000000 00000000 0 0 131072 709337 2888 2888 5508
00000000 00000000 0 0 131072 709337 2888 2888 5997
00000000 00000000 0 0 131072 709337 2888 2888 5989
00000000 00000000 0 0 131072 709337 2888 2888 6478
00000000 00000000 0 0 131072 709337 2888 2888 6470
00000000 00000000 0 0 131072 709337 2888 2888 6959
00000000 00000000 0 0 131072 709337 2888 2888 6951
00000000 00000000 0 0 131072 709337 2888 2888 7432
00000000 00000000 0 0 131072 709337 2888 2888 7424
00000000 00000000 0 0 131072 709452 2888 2888 4072
00000000 00000000 0 0 131072 709452 2888 2888 4064
00000000 00000000 0 0 131072 709452 2888 2888 4553
00000000 00000000 0 0 131072 709452 2888 2888 4545
00000000 00000000 0 0 131072 709452 2888 2888 5034
00000000 00000000 0 0 131072 709452 2888 2888 5026
00000000 00000000 0 0 131072 709452 2888 2888 5515
00000000 00000000 0 0 131072 709452 2888 2888 5507
00000000 00000000 0 0 131072 709452 2888 2888 5996
00000000 00000000 0 0 131072 709452 2888 2888 5988
00000000 00000000 0 0 131072 709452 2888 2888 6477
00000000 00000000 0 0 131072 709452 2888 2888 6469
00000000 00000000 0 0 131072 709452 2888 2888 6958
00000000 00000000 0 0 131072 709452 2888 2888 6950
00000000 00000000 0 0 131072 709452 2888 2888 7439
00000000 00000000 0 0 131072 709452 2888 2888 7431
00000000 00000000 0 0 131072 709492 2888 2888 4088
00000000 00000000 0 0 131072 709492 2888 2888 4080
00000000 00000000 0 0 131072 709492 2888 2888 4569
00000000 00000000 0 0 131072 709492 2888 2888 4561
00000000 00000000 0 0 131072 709492 2888 2888 5050
00000000 00000000 0 0 131072 709492 2888 2888 5042
00000000 00000000 0 0 131072 709492 2888 2888 5531
00000000 00000000 0 0 131072 709492 2888 2888 5523
00000000 00000000 0 0 131072 709492 2888 2888 6012
00000000 00000000 0 0 131072 709492 2888 2888 6004
00000000 00000000 0 0 131072 709492 2888 2888 6493
00000000 00000000 0 0 131072 709492 2888 2888 6485
00000000 00000000 0 0 131072 709492 2888 2888 6974
00000000 00000000 0 0 131072 709492 2888 2888 6966
00000000 00000000 0 0 131072 709492 2888 2888 7455
00000000 00000000 0 0 131072 709492 2888 2888 7447
00000000 00000000 0 0 131072 710292 2888 2888 4104
00000000 00000000 0 0 131072 710292 2888 2888 4096
00000000 00000000 0 0 131072 710292 2888 2888 4585
00000000 00000000 0 0 131072 710292 2888 2888 4577
00000000 00000000 0 0 131072 710292 2888 2888 5066
00000000 00000000 0 0 131072 710292 2888 2888 5058
00000000 00000000 0 0 131072 710292 2888 2888 5547
00000000 00000000 0 0 131072 710292 2888 2888 5539
00000000 00000000 0 0 131072 710292 2888 2888 6028
00000000 00000000 0 0 131072 710292 2888 2888 6020
00000000 00000000 0 0 131072 710292 2888 2888 6509
00000000 00000000 0 0 131072 710292 2888 2888 6501
00000000 00000000 0 0 131072 710292 2888 2888 6990
00000000 00000000 0 0 131072 710292 2888 2888 6982
00000000 00000000 0 0 131072 710292 2888 2888 7471
00000000 00000000 0 0 131072 710292 2888 2888 7463
00000000 00000000 0 0 131072 710302 2888 2888 4120
00000000 00000000 0 0 131072 710302 2888 2888 4112
00000000 00000000 0 0 131072 710302 2888 2888 4601
00000000 00000000 0 0 131072 710302 2888 2888 4593
00000000 00000000 0 0 131072 710302 2888 2888 5082
00000000 00000000 0 0 131072 710302 2888 2888 5074
00000000 00000000 0 0 131072 710302 2888 2888 5563
00000000 00000000 0 0 131072 710302 2888 2888 5555
00000000 00000000 0 0 131072 710302 2888 2888 6044
00000000 00000000 0 0 131072 710302 2888 2888 6036
00000000 00000000 0 0 131072 710302 2888 2888 6525
00000000 00000000 0 0 131072 710302 2888 2888 6517
00000000 00000000 0 0 131072 710302 2888 2888 7006
00000000 00000000 0 0 131072 710302 2888 2888 6998
00000000 00000000 0 0 131072 710302 2888 2888 7487
00000000 00000000 0 0 131072 710302 2888 2888 7479
00000000 00000000 0 0 131072 711430 2888 2888 4085
00000000 00000000 0 0 131072 711430 2888 2888 4093
00000000 00000000 0 0 131072 711430 2888 2888 4566
00000000 00000000 0 0 131072 711430 2888 2888 4574
00000000 00000000 0 0 131072 711430 2888 2888 5047
00000000 00000000 0 0 131072 711430 2888 2888 5055
00000000 00000000 0 0 131072 711430 2888 2888 5520
00000000 00000000 0 0 131072 711430 2888 2888 5528
00000000 00000000 0 0 131072 711430 2888 2888 6001
00000000 00000000 0 0 131072 711430 2888 2888 6009
00000000 00000000 0 0 131072 711430 2888 2888 6482
00000000 00000000 0 0 131072 711430 2888 2888 6490
00000000 00000000 0 0 131072 711430 2888 2888 6963
00000000 00000000 0 0 131072 711430 2888 2888 6971
00000000 00000000 0 0 131072 711430 2888 2888 7444
00000000 00000000 0 0 131072 711430 2888 2888 7452
00000000 00000000 0 0 131072 711470 2888 2888 4101
00000000 00000000 0 0 131072 711470 2888 2888 4109
00000000 00000000 0 0 131072 711470 2888 2888 4582
00000000 00000000 0 0 131072 711470 2888 2888 4590
00000000 00000000 0 0 131072 711470 2888 2888 5063
00000000 00000000 0 0 131072 711470 2888 2888 5071
00000000 00000000 0 0 131072 711470 2888 2888 5536
00000000 00000000 0 0 131072 711470 2888 2888 5544
00000000 00000000 0 0 131072 711470 2888 2888 6017
00000000 00000000 0 0 131072 711470 2888 2888 6025
00000000 00000000 0 0 131072 711470 2888 2888 6498
00000000 00000000 0 0 131072 711470 2888 2888 6506
00000000 00000000 0 0 131072 711470 2888 2888 6979
00000000 00000000 0 0 131072 711470 2888 2888 6987
00000000 00000000 0 0 131072 711470 2888 2888 7460
00000000 00000000 0 0 131072 711470 2888 2888 7468
00000000 00000000 0 0 131072 711828 2888 2888 126
00000000 00000000 0 0 131072 711828 2888 2888 607
00000000 00000000 0 0 131072 711828 2888 2888 1080
00000000 00000000 0 0 131072 711828 2888 2888 1561
00000000 00000000 0 0 131072 711828 2888 2888 2042
00000000 00000000 0 0 131072 711828 2888 2888 2523
00000000 00000000 0 0 131072 711828 2888 2888 3004
00000000 00000000 0 0 131072 711828 2888 2888 3485
00000000 00000000 0 0 131072 601006 114509 15132 111
00000000 00000000 0 0 131072 601006 114509 15132 584
00000000 00000000 0 0 131072 601006 114509 15132 1065
00000000 00000000 0 0 131072 601006 114509 15132 1546
00000000 00000000 0 0 131072 601006 114509 15132 2027
00000000 00000000 0 0 131072 601006 114509 15132 2508
00000000 00000000 0 0 131072 601006 114509 15132 2989
00000000 00000000 0 0 131072 601006 114509 15132 3470
00000000 00000000 0 0 131072 715225 2888 2888 4074
00000000 00000000 0 0 131072 715225 2888 2888 4066
00000000 00000000 0 0 131072 715225 2888 2888 4555
00000000 00000000 0 0 131072 715225 2888 2888 4547
00000000 00000000 0 0 131072 715225 2888 2888 5036
00000000 00000000 0 0 131072 715225 2888 2888 5028
00000000 00000000 0 0 131072 715225 2888 2888 5517
00000000 00000000 0 0 131072 715225 2888 2888 5509
00000000 00000000 0 0 131072 715225 2888 2888 5998
00000000 00000000 0 0 131072 715225 2888 2888 5990
00000000 00000000 0 0 131072 715225 2888 2888 6479
00000000 00000000 0 0 131072 715225 2888 2888 6471
00000000 00000000 0 0 131072 715225 2888 2888 6952
00000000 00000000 0 0 131072 715225 2888 2888 6944
00000000 00000000 0 0 131072 715225 2888 2888 7433
00000000 00000000 0 0 131072 715225 2888 2888 7425
00000000 00000000 0 0 131072 715265 2888 2888 4090
00000000 00000000 0 0 131072 715265 2888 2888 4082
00000000 00000000 0 0 131072 715265 2888 2888 4571
00000000 00000000 0 0 131072 715265 2888 2888 4563
00000000 00000000 0 0 131072 715265 2888 2888 5052
00000000 00000000 0 0 131072 715265 2888 2888 5044
00000000 00000000 0 0 131072 715265 2888 2888 5533
00000000 00000000 0 0 131072 715265 2888 2888 5525
00000000 00000000 0 0 131072 715265 2888 2888 6014
00000000 00000000 0 0 131072 715265 2888 2888 6006
00000000 00000000 0 0 131072 715265 2888 2888 6495
00000000 00000000 0 0 131072 715265 2888 2888 6487
00000000 00000000 0 0 131072 715265 2888 2888 6968
00000000 00000000 0 0 131072 715265 2888 2888 6960
00000000 00000000 0 0 131072 715265 2888 2888 7449
00000000 00000000 0 0 131072 715265 2888 2888 7441
00000000 00000000 0 0 131072 715380 2888 2888 4089
00000000 00000000 0 0 131072 715380 2888 2888 4081
00000000 00000000 0 0 131072 715380 2888 2888 4570
00000000 00000000 0 0 131072 715380 2888 2888 4562
00000000 00000000 0 0 131072 715380 2888 2888 5051
00000000 00000000 0 0 131072 715380 2888 2888 5043
00000000 00000000 0 0 131072 715380 2888 2888 5532
00000000 00000000 0 0 131072 715380 2888 2888 5524
00000000 00000000 0 0 131072 715380 2888 2888 6013
00000000 00000000 0 0 131072 715380 2888 2888 6005
00000000 00000000 0 0 131072 715380 2888 2888 6494
00000000 00000000 0 0 131072 715380 2888 2888 6486
00000000 00000000 0 0 131072 715380 2888 2888 6975
00000000 00000000 0 0 131072 715380 2888 2888 6967
00000000 00000000 0 0 131072 715380 2888 2888 7448
00000000 00000000 0 0 131072 715380 2888 2888 7440
00000000 00000000 0 0 131072 715390 2888 2888 4105
00000000 00000000 0 0 131072 715390 2888 2888 4097
00000000 00000000 0 0 131072 715390 2888 2888 4586
00000000 00000000 0 0 131072 715390 2888 2888 4578
00000000 00000000 0 0 131072 715390 2888 2888 5067
00000000 00000000 0 0 131072 715390 2888 2888 5059
00000000 00000000 0 0 131072 715390 2888 2888 5548
00000000 00000000 0 0 131072 715390 2888 2888 5540
00000000 00000000 0 0 131072 715390 2888 2888 6029
00000000 00000000 0 0 131072 715390 2888 2888 6021
00000000 00000000 0 0 131072 715390 2888 2888 6510
00000000 00000000 0 0 131072 715390 2888 2888 6502
00000000 00000000 0 0 131072 715390 2888 2888 6991
00000000 00000000 0 0 131072 715390 2888 2888 6983
00000000 00000000 0 0 131072 715390 2888 2888 7464
00000000 00000000 0 0 131072 715390 2888 2888 7456
00000000 00000000 0 0 131072 613077 105934 15132 23
00000000 00000000 0 0 131072 606904 112107 15132 127
00000000 00000000 0 0 131072 613077 105934 15132 496
00000000 00000000 0 0 131072 606904 112107 15132 600
00000000 00000000 0 0 131072 613077 105934 15132 977
00000000 00000000 0 0 131072 606904 112107 15132 1081
00000000 00000000 0 0 131072 613077 105934 15132 1458
00000000 00000000 0 0 131072 606904 112107 15132 1562
00000000 00000000 0 0 131072 613077 105934 15132 1939
00000000 00000000 0 0 131072 606904 112107 15132 2043
00000000 00000000 0 0 131072 613077 105934 15132 2420
00000000 00000000 0 0 131072 606904 112107 15132 2524
00000000 00000000 0 0 131072 613077 105934 15132 2901
00000000 00000000 0 0 131072 606904 112107 15132 3005
00000000 00000000 0 0 131072 613077 105934 15132 3382
00000000 00000000 0 0 131072 606904 112107 15132 3486
00000000 00000000 0 0 131072 721153 2888 2888 4091
00000000 00000000 0 0 131072 721153 2888 2888 4083
00000000 00000000 0 0 131072 721153 2888 2888 4572
00000000 00000000 0 0 131072 721153 2888 2888 4564
00000000 00000000 0 0 131072 721153 2888 2888 5053
00000000 00000000 0 0 131072 721153 2888 2888 5045
00000000 00000000 0 0 131072 721153 2888 2888 5534
00000000 00000000 0 0 131072 721153 2888 2888 5526
00000000 00000000 0 0 131072 721153 2888 2888 6015
00000000 00000000 0 0 131072 721153 2888 2888 6007
00000000 00000000 0 0 131072 721153 2888 2888 6488
00000000 00000000 0 0 131072 721153 2888 2888 6480
00000000 00000000 0 0 131072 721153 2888 2888 6969
00000000 00000000 0 0 131072 721153 2888 2888 6961
00000000 00000000 0 0 131072 721153 2888 2888 7450
00000000 00000000 0 0 131072 721153 2888 2888 7442
00000000 00000000 0 0 131072 721163 2888 2888 4107
00000000 00000000 0 0 131072 721163 2888 2888 4099
00000000 00000000 0 0 131072 721163 2888 2888 4588
00000000 00000000 0 0 131072 721163 2888 2888 4580
00000000 00000000 0 0 131072 721163 2888 2888 5069
00000000 00000000 0 0 131072 721163 2888 2888 5061
00000000 00000000 0 0 131072 721163 2888 2888 5550
00000000 00000000 0 0 131072 721163 2888 2888 5542
00000000 00000000 0 0 131072 721163 2888 2888 6031
00000000 00000000 0 0 131072 721163 2888 2888 6023
00000000 00000000 0 0 131072 721163 2888 2888 6504
00000000 00000000 0 0 131072 721163 2888 2888 6496
00000000 00000000 0 0 131072 721163 2888 2888 6985
00000000 00000000 0 0 131072 721163 2888 2888 6977
00000000 00000000 0 0 131072 721163 2888 2888 7466
00000000 00000000 0 0 131072 721163 2888 2888 7458
00000000 00000000 0 0 131072 721278 2888 2888 4106
00000000 00000000 0 0 131072 721278 2888 2888 4098
00000000 00000000 0 0 131072 721278 2888 2888 4587
00000000 00000000 0 0 131072 721278 2888 2888 4579
00000000 00000000 0 0 131072 721278 2888 2888 5068
00000000 00000000 0 0 131072 721278 2888 2888 5060
00000000 00000000 0 0 131072 721278 2888 2888 5549
00000000 00000000 0 0 131072 721278 2888 2888 5541
00000000 00000000 0 0 131072 721278 2888 2888 6030
00000000 00000000 0 0 131072 721278 2888 2888 6022
00000000 00000000 0 0 131072 721278 2888 2888 6511
00000000 00000000 0 0 131072 721278 2888 2888 6503
00000000 00000000 0 0 131072 721278 2888 2888 6984
00000000 00000000 0 0 131072 721278 2888 2888 6976
00000000 00000000 0 0 131072 721278 2888 2888 7465
00000000 00000000 0 0 131072 721278 2888 2888 7457
00000000 00000000 0 0 131072 721318 2888 2888 4122
00000000 00000000 0 0 131072 721318 2888 2888 4114
00000000 00000000 0 0 131072 721318 2888 2888 4603
00000000 00000000 0 0 131072 721318 2888 2888 4595
00000000 00000000 0 0 131072 721318 2888 2888 5084
00000000 00000000 0 0 131072 721318 2888 2888 5076
00000000 00000000 0 0 131072 721318 2888 2888 5565
00000000 00000000 0 0 131072 721318 2888 2888 5557
00000000 00000000 0 0 131072 721318 2888 2888 6046
00000000 00000000 0 0 131072 721318 2888 2888 6038
00000000 00000000 0 0 131072 721318 2888 2888 6527
00000000 00000000 0 0 131072 721318 2888 2888 6519
00000000 00000000 0 0 131072 721318 2888 2888 7000
00000000 00000000 0 0 131072 721318 2888 2888 6992
00000000 00000000 0 0 131072 721318 2888 2888 7481
00000000 00000000 0 0 131072 721318 2888 2888 7473
00000000 00000000 0 0 131072 722021 2888 2888 40
00000000 00000000 0 0 131072 722021 2888 2888 521
00000000 00000000 0 0 131072 722021 2888 2888 1002
00000000 00000000 0 0 131072 722021 2888 2888 1483
00000000 00000000 0 0 131072 722021 2888 2888 1964
00000000 00000000 0 0 131072 722021 2888 2888 2445
00000000 00000000 0 0 131072 722021 2888 2888 2926
00000000 00000000 0 0 131072 722021 2888 2888 3407
00000000 00000000 0 0 131072 716190 9541 2888 4113
00000000 00000000 0 0 131072 716190 9541 2888 4121
00000000 00000000 0 0 131072 716190 9541 2888 4594
00000000 00000000 0 0 131072 716190 9541 2888 4602
00000000 00000000 0 0 131072 716190 9541 2888 5075
00000000 00000000 0 0 131072 716190 9541 2888 5083
00000000 00000000 0 0 131072 716190 9541 2888 5556
00000000 00000000 0 0 131072 716190 9541 2888 5564
00000000 00000000 0 0 131072 716190 9541 2888 6037
00000000 00000000 0 0 131072 716190 9541 2888 6045
00000000 00000000 0 0 131072 716190 9541 2888 6518
00000000 00000000 0 0 131072 716190 9541 2888 6526
00000000 00000000 0 0 131072 716190 9541 2888 6999
00000000 00000000 0 0 131072 716190 9541 2888 7007
00000000 00000000 0 0 131072 716190 9541 2888 7472
00000000 00000000 0 0 131072 716190 9541 2888 7480
00000000 00000000 0 0 131072 716200 9541 2888 4129
00000000 00000000 0 0 131072 716200 9541 2888 4137
00000000 00000000 0 0 131072 716200 9541 2888 4610
00000000 00000000 0 0 131072 716200 9541 2888 4618
00000000 00000000 0 0 131072 716200 9541 2888 5091
00000000 00000000 0 0 131072 716200 9541 2888 5099
00000000 00000000 0 0 131072 716200 9541 2888 5572
00000000 00000000 0 0 131072 716200 9541 2888 5580
00000000 00000000 0 0 131072 716200 9541 2888 6053
00000000 00000000 0 0 131072 716200 9541 2888 6061
00000000 00000000 0 0 131072 716200 9541 2888 6534
00000000 00000000 0 0 131072 716200 9541 2888 6542
00000000 00000000 0 0 131072 716200 9541 2888 7015
00000000 00000000 0 0 131072 716200 9541 2888 7023
00000000 00000000 0 0 131072 716200 9541 2888 7488
00000000 00000000 0 0 131072 716200 9541 2888 7496
00000000 00000000 0 0 131072 717328 9541 2888 4102
00000000 00000000 0 0 131072 717328 9541 2888 4110
00000000 00000000 0 0 131072 717328 9541 2888 4583
00000000 00000000 0 0 131072 717328 9541 2888 4591
00000000 00000000 0 0 131072 717328 9541 2888 5056
00000000 00000000 0 0 131072 717328 9541 2888 5064
00000000 00000000 0 0 131072 717328 9541 2888 5537
00000000 00000000 0 0 131072 717328 9541 2888 5545
00000000 00000000 0 0 131072 717328 9541 2888 6018
00000000 00000000 0 0 131072 717328 9541 2888 6026
00000000 00000000 0 0 131072 717328 9541 2888 6499
00000000 00000000 0 0 131072 717328 9541 2888 6507
00000000 00000000 0 0 131072 717328 9541 2888 6980
00000000 00000000 0 0 131072 717328 9541 2888 6988
00000000 00000000 0 0 131072 717328 9541 2888 7461
00000000 00000000 0 0 131072 717328 9541 2888 7469
00000000 00000000 0 0 131072 717398 9541 2888 4118
00000000 00000000 0 0 131072 717398 9541 2888 4126
00000000 00000000 0 0 131072 717398 9541 2888 4599
00000000 00000000 0 0 131072 717398 9541 2888 4607
00000000 00000000 0 0 131072 717398 9541 2888 5072
00000000 00000000 0 0 131072 717398 9541 2888 5080
00000000 00000000 0 0 131072 717398 9541 2888 5553
00000000 00000000 0 0 131072 717398 9541 2888 5561
00000000 00000000 0 0 131072 717398 9541 2888 6034
00000000 00000000 0 0 131072 717398 9541 2888 6042
00000000 00000000 0 0 131072 717398 9541 2888 6515
00000000 00000000 0 0 131072 717398 9541 2888 6523
00000000 00000000 0 0 131072 717398 9541 2888 6996
00000000 00000000 0 0 131072 717398 9541 2888 7004
00000000 00000000 0 0 131072 717398 9541 2888 7477
00000000 00000000 0 0 131072 717398 9541 2888 7485
00000000 00000000 0 0 131072 727919 5600 2888 57
00000000 00000000 0 0 131072 727919 5600 2888 538
00000000 00000000 0 0 131072 727919 5600 2888 1019
00000000 00000000 0 0 131072 727919 5600 2888 1500
00000000 00000000 0 0 131072 727919 5600 2888 1981
00000000 00000000 0 0 131072 727919 5600 2888 2462
00000000 00000000 0 0 131072 727919 5600 2888 2943
00000000 00000000 0 0 131072 727919 5600 2888 3416
00000000 00000000 0 0 131072 729879 6828 6828 4119
00000000 00000000 0 0 131072 729879 6828 6828 4127
00000000 00000000 0 0 131072 729879 6828 6828 4592
00000000 00000000 0 0 131072 729879 6828 6828 4600
00000000 00000000 0 0 131072 729879 6828 6828 5073
00000000 00000000 0 0 131072 729879 6828 6828 5081
00000000 00000000 0 0 131072 729879 6828 6828 5554
00000000 00000000 0 0 131072 729879 6828 6828 5562
00000000 00000000 0 0 131072 729879 6828 6828 6035
00000000 00000000 0 0 131072 729879 6828 6828 6043
00000000 00000000 0 0 131072 729879 6828 6828 6516
00000000 00000000 0 0 131072 729879 6828 6828 6524
00000000 00000000 0 0 131072 729879 6828 6828 6997
00000000 00000000 0 0 131072 729879 6828 6828 7005
00000000 00000000 0 0 131072 729879 6828 6828 7478
00000000 00000000 0 0 131072 729879 6828 6828 7486
00000000 00000000 0 0 131072 729949 6828 6828 4135
00000000 00000000 0 0 131072 729949 6828 6828 4143
00000000 00000000 0 0 131072 729949 6828 6828 4608
00000000 00000000 0 0 131072 729949 6828 6828 4616
00000000 00000000 0 0 131072 729949 6828 6828 5089
00000000 00000000 0 0 131072 729949 6828 6828 5097
00000000 00000000 0 0 131072 729949 6828 6828 5570
00000000 00000000 0 0 131072 729949 6828 6828 5578
00000000 00000000 0 0 131072 729949 6828 6828 6051
00000000 00000000 0 0 131072 729949 6828 6828 6059
00000000 00000000 0 0 131072 729949 6828 6828 6532
00000000 00000000 0 0 131072 729949 6828 6828 6540
00000000 00000000 0 0 131072 729949 6828 6828 7013
00000000 00000000 0 0 131072 729949 6828 6828 7021
00000000 00000000 0 0 131072 729949 6828 6828 7494
00000000 00000000 0 0 131072 729949 6828 6828 7502
00000000 00000000 0 0 131072 727051 10027 2888 4100
00000000 00000000 0 0 131072 727051 10027 2888 4108
00000000 00000000 0 0 131072 727051 10027 2888 4581
00000000 00000000 0 0 131072 727051 10027 2888 4589
00000000 00000000 0 0 131072 727051 10027 2888 5062
00000000 00000000 0 0 131072 727051 10027 2888 5070
00000000 00000000 0 0 131072 727051 10027 2888 5543
00000000 00000000 0 0 131072 727051 10027 2888 5551
00000000 00000000 0 0 131072 727051 10027 2888 6016
00000000 00000000 0 0 131072 727051 10027 2888 6024
00000000 00000000 0 0 131072 727051 10027 2888 6497
00000000 00000000 0 0 131072 727051 10027 2888 6505
00000000 00000000 0 0 131072 727051 10027 2888 6978
00000000 00000000 0 0 131072 727051 10027 2888 6986
00000000 00000000 0 0 131072 727051 10027 2888 7459
00000000 00000000 0 0 131072 727051 10027 2888 7467
00000000 00000000 0 0 131072 727061 10027 2888 4116
00000000 00000000 0 0 131072 727061 10027 2888 4124
00000000 00000000 0 0 131072 727061 10027 2888 4597
00000000 00000000 0 0 131072 727061 10027 2888 4605
00000000 00000000 0 0 131072 727061 10027 2888 5078
00000000 00000000 0 0 131072 727061 10027 2888 5086
00000000 00000000 0 0 131072 727061 10027 2888 5559
00000000 00000000 0 0 131072 727061 10027 2888 5567
00000000 00000000 0 0 131072 727061 10027 2888 6032
00000000 00000000 0 0 131072 727061 10027 2888 6040
00000000 00000000 0 0 131072 727061 10027 2888 6513
00000000 00000000 0 0 131072 727061 10027 2888 6521
00000000 00000000 0 0 131072 727061 10027 2888 6994
00000000 00000000 0 0 131072 727061 10027 2888 7002
00000000 00000000 0 0 131072 727061 10027 2888 7475
00000000 00000000 0 0 131072 727061 10027 2888 7483
00000000 00000000 0 0 131072 727176 10027 2888 4115
00000000 00000000 0 0 131072 727176 10027 2888 4123
00000000 00000000 0 0 131072 727176 10027 2888 4596
00000000 00000000 0 0 131072 727176 10027 2888 4604
00000000 00000000 0 0 131072 727176 10027 2888 5077
00000000 00000000 0 0 131072 727176 10027 2888 5085
00000000 00000000 0 0 131072 727176 10027 2888 5558
00000000 00000000 0 0 131072 727176 10027 2888 5566
00000000 00000000 0 0 131072 727176 10027 2888 6039
00000000 00000000 0 0 131072 727176 10027 2888 6047
00000000 00000000 0 0 131072 727176 10027 2888 6512
00000000 00000000 0 0 131072 727176 10027 2888 6520
00000000 00000000 0 0 131072 727176 10027 2888 6993
00000000 00000000 0 0 131072 727176 10027 2888 7001
00000000 00000000 0 0 131072 727176 10027 2888 7474
00000000 00000000 0 0 131072 727176 10027 2888 7482
00000000 00000000 0 0 131072 727216 10027 2888 4131
00000000 00000000 0 0 131072 727216 10027 2888 4139
00000000 00000000 0 0 131072 727216 10027 2888 4612
00000000 00000000 0 0 131072 727216 10027 2888 4620
00000000 00000000 0 0 131072 727216 10027 2888 5093
00000000 00000000 0 0 131072 727216 10027 2888 5101
00000000 00000000 0 0 131072 727216 10027 2888 5574
00000000 00000000 0 0 131072 727216 10027 2888 5582
00000000 00000000 0 0 131072 727216 10027 2888 6055
00000000 00000000 0 0 131072 727216 10027 2888 6063
00000000 00000000 0 0 131072 727216 10027 2888 6528
00000000 00000000 0 0 131072 727216 10027 2888 6536
00000000 00000000 0 0 131072 727216 10027 2888 7009
00000000 00000000 0 0 131072 727216 10027 2888 7017
00000000 00000000 0 0 131072 727216 10027 2888 7490
00000000 00000000 0 0 131072 727216 10027 2888 7498
00000000 00000000 0 0 131072 728741 10027 2888 4130
00000000 00000000 0 0 131072 728741 10027 2888 4138
00000000 00000000 0 0 131072 728741 10027 2888 4611
00000000 00000000 0 0 131072 728741 10027 2888 4619
00000000 00000000 0 0 131072 728741 10027 2888 5092
00000000 00000000 0 0 131072 728741 10027 2888 5100
00000000 00000000 0 0 131072 728741 10027 2888 5573
00000000 00000000 0 0 131072 728741 10027 2888 5581
00000000 00000000 0 0 131072 728741 10027 2888 6054
00000000 00000000 0 0 131072 728741 10027 2888 6062
00000000 00000000 0 0 131072 728741 10027 2888 6535
00000000 00000000 0 0 131072 728741 10027 2888 6543
00000000 00000000 0 0 131072 728741 10027 2888 7008
00000000 00000000 0 0 131072 728741 10027 2888 7016
00000000 00000000 0 0 131072 728741 10027 2888 7489
00000000 00000000 0 0 131072 728741 10027 2888 7497
00000000 00000000 0 0 131072 728751 10027 2888 4146
00000000 00000000 0 0 131072 728751 10027 2888 4154
00000000 00000000 0 0 131072 728751 10027 2888 4627
00000000 00000000 0 0 131072 728751 10027 2888 4635
00000000 00000000 0 0 131072 728751 10027 2888 5108
00000000 00000000 0 0 131072 728751 10027 2888 5116
00000000 00000000 0 0 131072 728751 10027 2888 5589
00000000 00000000 0 0 131072 728751 10027 2888 5597
00000000 00000000 0 0 131072 728751 10027 2888 6070
00000000 00000000 0 0 131072 728751 10027 2888 6078
00000000 00000000 0 0 131072 728751 10027 2888 6551
00000000 00000000 0 0 131072 728751 10027 2888 6559
00000000 00000000 0 0 131072 728751 10027 2888 7024
00000000 00000000 0 0 131072 728751 10027 2888 7032
00000000 00000000 0 0 131072 728751 10027 2888 7505
00000000 00000000 0 0 131072 728751 10027 2888 7513
00000000 00000000 0 0 131072 736529 5650 2888 74
00000000 00000000 0 0 131072 736529 5650 2888 555
00000000 00000000 0 0 131072 736529 5650 2888 1036
00000000 00000000 0 0 131072 736529 5650 2888 1517
00000000 00000000 0 0 131072 736529 5650 2888 1998
00000000 00000000 0 0 131072 736529 5650 2888 2479
00000000 00000000 0 0 131072 736529 5650 2888 2952
00000000 00000000 0 0 131072 736529 5650 2888 3433
00000000 00000000 0 0 131072 739717 2888 2888 4136
00000000 00000000 0 0 131072 739717 2888 2888 4128
00000000 00000000 0 0 131072 739717 2888 2888 4617
00000000 00000000 0 0 131072 739717 2888 2888 4609
00000000 00000000 0 0 131072 739717 2888 2888 5098
00000000 00000000 0 0 131072 739717 2888 2888 5090
00000000 00000000 0 0 131072 739717 2888 2888 5579
00000000 00000000 0 0 131072 739717 2888 2888 5571
00000000 00000000 0 0 131072 739717 2888 2888 6060
00000000 00000000 0 0 131072 739717 2888 2888 6052
00000000 00000000 0 0 131072 739717 2888 2888 6541
00000000 00000000 0 0 131072 739717 2888 2888 6533
00000000 00000000 0 0 131072 739717 2888 2888 7022
00000000 00000000 0 0 131072 739717 2888 2888 7014
00000000 00000000 0 0 131072 739717 2888 2888 7503
00000000 00000000 0 0 131072 739717 2888 2888 7495
00000000 00000000 0 0 131072 739787 2888 2888 4152
00000000 00000000 0 0 131072 739787 2888 2888 4144
00000000 00000000 0 0 131072 739787 2888 2888 4633
00000000 00000000 0 0 131072 739787 2888 2888 4625
00000000 00000000 0 0 131072 739787 2888 2888 5114
00000000 00000000 0 0 131072 739787 2888 2888 5106
00000000 00000000 0 0 131072 739787 2888 2888 5595
00000000 00000000 0 0 131072 739787 2888 2888 5587
00000000 00000000 0 0 131072 739787 2888 2888 6076
00000000 00000000 0 0 131072 739787 2888 2888 6068
00000000 00000000 0 0 131072 739787 2888 2888 6557
00000000 00000000 0 0 131072 739787 2888 2888 6549
00000000 00000000 0 0 131072 739787 2888 2888 7038
00000000 00000000 0 0 131072 739787 2888 2888 7030
00000000 00000000 0 0 131072 739787 2888 2888 7519
00000000 00000000 0 0 131072 739787 2888 2888 7511
00000000 00000000 0 0 131072 740088 2888 2888 4117
00000000 00000000 0 0 131072 740088 2888 2888 4125
00000000 00000000 0 0 131072 740088 2888 2888 4598
00000000 00000000 0 0 131072 740088 2888 2888 4606
00000000 00000000 0 0 131072 740088 2888 2888 5079
00000000 00000000 0 0 131072 740088 2888 2888 5087
00000000 00000000 0 0 131072 740088 2888 2888 5552
00000000 00000000 0 0 131072 740088 2888 2888 5560
00000000 00000000 0 0 131072 740088 2888 2888 6033
00000000 00000000 0 0 131072 740088 2888 2888 6041
00000000 00000000 0 0 131072 740088 2888 2888 6514
00000000 00000000 0 0 131072 740088 2888 2888 6522
00000000 00000000 0 0 131072 740088 2888 2888 6995
00000000 00000000 0 0 131072 740088 2888 2888 7003
00000000 00000000 0 0 131072 740088 2888 2888 7476
00000000 00000000 0 0 131072 740088 2888 2888 7484
00000000 00000000 0 0 131072 740098 2888 2888 4133
00000000 00000000 0 0 131072 740098 2888 2888 4141
00000000 00000000 0 0 131072 740098 2888 2888 4614
00000000 00000000 0 0 131072 740098 2888 2888 4622
00000000 00000000 0 0 131072 740098 2888 2888 5095
00000000 00000000 0 0 131072 740098 2888 2888 5103
00000000 00000000 0 0 131072 740098 2888 2888 5568
00000000 00000000 0 0 131072 740098 2888 2888 5576
00000000 00000000 0 0 131072 740098 2888 2888 6049
00000000 00000000 0 0 131072 740098 2888 2888 6057
00000000 00000000 0 0 131072 740098 2888 2888 6530
00000000 00000000 0 0 131072 740098 2888 2888 6538
00000000 00000000 0 0 131072 740098 2888 2888 7011
00000000 00000000 0 0 131072 740098 2888 2888 7019
00000000 00000000 0 0 131072 740098 2888 2888 7492
00000000 00000000 0 0 131072 740098 2888 2888 7500
00000000 00000000 0 0 131072 740213 2888 2888 4132
00000000 00000000 0 0 131072 740213 2888 2888 4140
00000000 00000000 0 0 131072 740213 2888 2888 4613
00000000 00000000 0 0 131072 740213 2888 2888 4621
00000000 00000000 0 0 131072 740213 2888 2888 5094
00000000 00000000 0 0 131072 740213 2888 2888 5102
00000000 00000000 0 0 131072 740213 2888 2888 5575
00000000 00000000 0 0 131072 740213 2888 2888 5583
00000000 00000000 0 0 131072 740213 2888 2888 6048
00000000 00000000 0 0 131072 740213 2888 2888 6056
00000000 00000000 0 0 131072 740213 2888 2888 6529
00000000 00000000 0 0 131072 740213 2888 2888 6537
00000000 00000000 0 0 131072 740213 2888 2888 7010
00000000 00000000 0 0 131072 740213 2888 2888 7018
00000000 00000000 0 0 131072 740213 2888 2888 7491
00000000 00000000 0 0 131072 740213 2888 2888 7499
00000000 00000000 0 0 131072 740253 2888 2888 4148
00000000 00000000 0 0 131072 740253 2888 2888 4156
00000000 00000000 0 0 131072 740253 2888 2888 4629
00000000 00000000 0 0 131072 740253 2888 2888 4637
00000000 00000000 0 0 131072 740253 2888 2888 5110
00000000 00000000 0 0 131072 740253 2888 2888 5118
00000000 00000000 0 0 131072 740253 2888 2888 5591
00000000 00000000 0 0 131072 740253 2888 2888 5599
00000000 00000000 0 0 131072 740253 2888 2888 6064
00000000 00000000 0 0 131072 740253 2888 2888 6072
00000000 00000000 0 0 131072 740253 2888 2888 6545
00000000 00000000 0 0 131072 740253 2888 2888 6553
00000000 00000000 0 0 131072 740253 2888 2888 7026
00000000 00000000 0 0 131072 740253 2888 2888 7034
00000000 00000000 0 0 131072 740253 2888 2888 7507
00000000 00000000 0 0 131072 740253 2888 2888 7515
00000000 00000000 0 0 131072 741778 2888 2888 4147
00000000 00000000 0 0 131072 741778 2888 2888 4155
00000000 00000000 0 0 131072 741778 2888 2888 4628
00000000 00000000 0 0 131072 741778 2888 2888 4636
00000000 00000000 0 0 131072 741778 2888 2888 5109
00000000 00000000 0 0 131072 741778 2888 2888 5117
00000000 00000000 0 0 131072 741778 2888 2888 5590
00000000 00000000 0 0 131072 741778 2888 2888 5598
00000000 00000000 0 0 131072 741778 2888 2888 6071
00000000 00000000 0 0 131072 741778 2888 2888 6079
00000000 00000000 0 0 131072 741778 2888 2888 6544
00000000 00000000 0 0 131072 741778 2888 2888 6552
00000000 00000000 0 0 131072 741778 2888 2888 7025
00000000 00000000 0 0 131072 741778 2888 2888 7033
00000000 00000000 0 0 131072 741778 2888 2888 7506
00000000 00000000 0 0 131072 741778 2888 2888 7514
00000000 00000000 0 0 131072 671582 73085 11252 497
00000000 00000000 0 0 131072 671582 73085 11252 978
00000000 00000000 0 0 131072 671582 73085 11252 1459
00000000 00000000 0 0 131072 671582 73085 11252 1940
00000000 00000000 0 0 131072 671582 73085 11252 2421
00000000 00000000 0 0 131072 671582 73085 11252 2902
00000000 00000000 0 0 131072 671582 73085 11252 3383
00000000 00000000 0 0 131072 741788 2888 2888 4163
00000000 00000000 0 0 131072 741788 2888 2888 4171
00000000 00000000 0 0 131072 741788 2888 2888 4644
00000000 00000000 0 0 131072 741788 2888 2888 4652
00000000 00000000 0 0 131072 741788 2888 2888 5125
00000000 00000000 0 0 131072 741788 2888 2888 5133
00000000 00000000 0 0 131072 741788 2888 2888 5606
00000000 00000000 0 0 131072 741788 2888 2888 5614
00000000 00000000 0 0 131072 741788 2888 2888 6087
00000000 00000000 0 0 131072 741788 2888 2888 6095
00000000 00000000 0 0 131072 741788 2888 2888 6560
00000000 00000000 0 0 131072 741788 2888 2888 6568
00000000 00000000 0 0 131072 741788 2888 2888 7041
00000000 00000000 0 0 131072 741788 2888 2888 7049
00000000 00000000 0 0 131072 741788 2888 2888 7522
00000000 00000000 0 0 131072 741788 2888 2888 7530
00000000 00000000 0 0 131072 672603 73085 11252 34
00000000 00000000 0 0 131072 672603 73085 11252 35
00000000 00000000 0 0 131072 672603 73085 11252 36
00000000 00000000 0 0 131072 672603 73085 11252 37
00000000 00000000 0 0 131072 672603 73085 11252 38
00000000 00000000 0 0 131072 672603 73085 11252 515
00000000 00000000 0 0 131072 672603 73085 11252 516
00000000 00000000 0 0 131072 672603 73085 11252 517
00000000 00000000 0 0 131072 672603 73085 11252 518
00000000 00000000 0 0 131072 672603 73085 11252 519
00000000 00000000 0 0 131072 672603 73085 11252 996
00000000 00000000 0 0 131072 672603 73085 11252 997
00000000 00000000 0 0 131072 672603 73085 11252 998
00000000 00000000 0 0 131072 672603 73085 11252 999
00000000 00000000 0 0 131072 672603 73085 11252 1477
00000000 00000000 0 0 131072 672603 73085 11252 1478
00000000 00000000 0 0 131072 672603 73085 11252 1479
00000000 00000000 0 0 131072 672603 73085 11252 1954
00000000 00000000 0 0 131072 672603 73085 11252 1958
00000000 00000000 0 0 131072 672603 73085 11252 1959
00000000 00000000 0 0 131072 672603 73085 11252 2434
00000000 00000000 0 0 131072 672603 73085 11252 2435
00000000 00000000 0 0 131072 672603 73085 11252 2439
00000000 00000000 0 0 131072 672603 73085 11252 2914
00000000 00000000 0 0 131072 672603 73085 11252 2915
00000000 00000000 0 0 131072 672603 73085 11252 2916
00000000 00000000 0 0 131072 672603 73085 11252 3394
00000000 00000000 0 0 131072 672603 73085 11252 3395
00000000 00000000 0 0 131072 672603 73085 11252 3396
00000000 00000000 0 0 131072 672603 73085 11252 3397
00000000 00000000 0 0 131072 674363 73085 11252 1473
00000000 00000000 0 0 131072 674363 73085 11252 1953
00000000 00000000 0 0 131072 674363 73085 11252 2433
00000000 00000000 0 0 131072 674363 73085 11252 2913
00000000 00000000 0 0 131072 674363 73085 11252 3393
00000000 00000000 0 0 131072 671582 75868 11252 16
00000000 00000000 0 0 131072 745189 2888 2888 91
00000000 00000000 0 0 131072 745189 2888 2888 572
00000000 00000000 0 0 131072 745189 2888 2888 1053
00000000 00000000 0 0 131072 745189 2888 2888 1534
00000000 00000000 0 0 131072 745189 2888 2888 2015
00000000 00000000 0 0 131072 745189 2888 2888 2488
00000000 00000000 0 0 131072 745189 2888 2888 2969
00000000 00000000 0 0 131072 745189 2888 2888 3450
00000000 00000000 0 0 131072 672603 75868 11252 992
00000000 00000000 0 0 131072 672603 75868 11252 1472
00000000 00000000 0 0 131072 672603 75868 11252 1952
00000000 00000000 0 0 131072 672603 75868 11252 2432
00000000 00000000 0 0 131072 672603 75868 11252 2912
00000000 00000000 0 0 131072 745615 2888 2888 4153
00000000 00000000 0 0 131072 745615 2888 2888 4145
00000000 00000000 0 0 131072 745615 2888 2888 4634
00000000 00000000 0 0 131072 745615 2888 2888 4626
00000000 00000000 0 0 131072 745615 2888 2888 5115
00000000 00000000 0 0 131072 745615 2888 2888 5107
00000000 00000000 0 0 131072 745615 2888 2888 5596
00000000 00000000 0 0 131072 745615 2888 2888 5588
00000000 00000000 0 0 131072 745615 2888 2888 6077
00000000 00000000 0 0 131072 745615 2888 2888 6069
00000000 00000000 0 0 131072 745615 2888 2888 6558
00000000 00000000 0 0 131072 745615 2888 2888 6550
00000000 00000000 0 0 131072 745615 2888 2888 7039
00000000 00000000 0 0 131072 745615 2888 2888 7031
00000000 00000000 0 0 131072 745615 2888 2888 7512
00000000 00000000 0 0 131072 745615 2888 2888 7504
00000000 00000000 0 0 131072 745685 2888 2888 4169
00000000 00000000 0 0 131072 745685 2888 2888 4161
00000000 00000000 0 0 131072 745685 2888 2888 4650
00000000 00000000 0 0 131072 745685 2888 2888 4642
00000000 00000000 0 0 131072 745685 2888 2888 5131
00000000 00000000 0 0 131072 745685 2888 2888 5123
00000000 00000000 0 0 131072 745685 2888 2888 5612
00000000 00000000 0 0 131072 745685 2888 2888 5604
00000000 00000000 0 0 131072 745685 2888 2888 6093
00000000 00000000 0 0 131072 745685 2888 2888 6085
00000000 00000000 0 0 131072 745685 2888 2888 6574
00000000 00000000 0 0 131072 745685 2888 2888 6566
00000000 00000000 0 0 131072 745685 2888 2888 7055
00000000 00000000 0 0 131072 745685 2888 2888 7047
00000000 00000000 0 0 131072 745685 2888 2888 7528
00000000 00000000 0 0 131072 745685 2888 2888 7520
00000000 00000000 0 0 131072 745986 2888 2888 4134
00000000 00000000 0 0 131072 745986 2888 2888 4142
00000000 00000000 0 0 131072 745986 2888 2888 4615
00000000 00000000 0 0 131072 745986 2888 2888 4623
00000000 00000000 0 0 131072 745986 2888 2888 5088
00000000 00000000 0 0 131072 745986 2888 2888 5096
00000000 00000000 0 0 131072 745986 2888 2888 5569
00000000 00000000 0 0 131072 745986 2888 2888 5577
00000000 00000000 0 0 131072 745986 2888 2888 6050
00000000 00000000 0 0 131072 745986 2888 2888 6058
00000000 00000000 0 0 131072 745986 2888 2888 6531
00000000 00000000 0 0 131072 745986 2888 2888 6539
00000000 00000000 0 0 131072 745986 2888 2888 7012
00000000 00000000 0 0 131072 745986 2888 2888 7020
00000000 00000000 0 0 131072 745986 2888 2888 7493
00000000 00000000 0 0 131072 745986 2888 2888 7501
00000000 00000000 0 0 131072 745996 2888 2888 4150
00000000 00000000 0 0 131072 745996 2888 2888 4158
00000000 00000000 0 0 131072 745996 2888 2888 4631
00000000 00000000 0 0 131072 745996 2888 2888 4639
00000000 00000000 0 0 131072 745996 2888 2888 5104
00000000 00000000 0 0 131072 745996 2888 2888 5112
00000000 00000000 0 0 131072 745996 2888 2888 5585
00000000 00000000 0 0 131072 745996 2888 2888 5593
00000000 00000000 0 0 131072 745996 2888 2888 6066
00000000 00000000 0 0 131072 745996 2888 2888 6074
00000000 00000000 0 0 131072 745996 2888 2888 6547
00000000 00000000 0 0 131072 745996 2888 2888 6555
00000000 00000000 0 0 131072 745996 2888 2888 7028
00000000 00000000 0 0 131072 745996 2888 2888 7036
00000000 00000000 0 0 131072 745996 2888 2888 7509
00000000 00000000 0 0 131072 745996 2888 2888 7517
00000000 00000000 0 0 131072 746111 2888 2888 4149
00000000 00000000 0 0 131072 746111 2888 2888 4157
00000000 00000000 0 0 131072 746111 2888 2888 4630
00000000 00000000 0 0 131072 746111 2888 2888 4638
00000000 00000000 0 0 131072 746111 2888 2888 5111
00000000 00000000 0 0 131072 746111 2888 2888 5119
00000000 00000000 0 0 131072 746111 2888 2888 5584
00000000 00000000 0 0 131072 746111 2888 2888 5592
00000000 00000000 0 0 131072 746111 2888 2888 6065
00000000 00000000 0 0 131072 746111 2888 2888 6073
00000000 00000000 0 0 131072 746111 2888 2888 6546
00000000 00000000 0 0 131072 746111 2888 2888 6554
00000000 00000000 0 0 131072 746111 2888 2888 7027
00000000 00000000 0 0 131072 746111 2888 2888 7035
00000000 00000000 0 0 131072 746111 2888 2888 7508
00000000 00000000 0 0 131072 746111 2888 2888 7516
00000000 00000000 0 0 131072 672603 79494 15132 1474
00000000 00000000 0 0 131072 674363 79494 15132 993
00000000 00000000 0 0 131072 751087 2888 2888 108
00000000 00000000 0 0 131072 751087 2888 2888 589
00000000 00000000 0 0 131072 751087 2888 2888 1070
00000000 00000000 0 0 131072 751087 2888 2888 1551
00000000 00000000 0 0 131072 751087 2888 2888 2024
00000000 00000000 0 0 131072 751087 2888 2888 2505
00000000 00000000 0 0 131072 751087 2888 2888 2986
00000000 00000000 0 0 131072 751087 2888 2888 3467
00000000 00000000 0 0 131072 751513 2888 2888 4170
00000000 00000000 0 0 131072 751513 2888 2888 4162
00000000 00000000 0 0 131072 751513 2888 2888 4651
00000000 00000000 0 0 131072 751513 2888 2888 4643
00000000 00000000 0 0 131072 751513 2888 2888 5132
00000000 00000000 0 0 131072 751513 2888 2888 5124
00000000 00000000 0 0 131072 751513 2888 2888 5613
00000000 00000000 0 0 131072 751513 2888 2888 5605
00000000 00000000 0 0 131072 751513 2888 2888 6094
00000000 00000000 0 0 131072 751513 2888 2888 6086
00000000 00000000 0 0 131072 751513 2888 2888 6575
00000000 00000000 0 0 131072 751513 2888 2888 6567
00000000 00000000 0 0 131072 751513 2888 2888 7048
00000000 00000000 0 0 131072 751513 2888 2888 7040
00000000 00000000 0 0 131072 751513 2888 2888 7529
00000000 00000000 0 0 131072 751513 2888 2888 7521
00000000 00000000 0 0 131072 751583 2888 2888 4186
00000000 00000000 0 0 131072 751583 2888 2888 4178
00000000 00000000 0 0 131072 751583 2888 2888 4667
00000000 00000000 0 0 131072 751583 2888 2888 4659
00000000 00000000 0 0 131072 751583 2888 2888 5148
00000000 00000000 0 0 131072 751583 2888 2888 5140
00000000 00000000 0 0 131072 751583 2888 2888 5629
00000000 00000000 0 0 131072 751583 2888 2888 5621
00000000 00000000 0 0 131072 751583 2888 2888 6110
00000000 00000000 0 0 131072 751583 2888 2888 6102
00000000 00000000 0 0 131072 751583 2888 2888 6591
00000000 00000000 0 0 131072 751583 2888 2888 6583
00000000 00000000 0 0 131072 751583 2888 2888 7064
00000000 00000000 0 0 131072 751583 2888 2888 7056
00000000 00000000 0 0 131072 751583 2888 2888 7545
00000000 00000000 0 0 131072 751583 2888 2888 7537
00000000 00000000 0 0 131072 752009 2888 2888 4166
00000000 00000000 0 0 131072 752009 2888 2888 4174
00000000 00000000 0 0 131072 752009 2888 2888 4647
00000000 00000000 0 0 131072 752009 2888 2888 4655
00000000 00000000 0 0 131072 752009 2888 2888 5120
00000000 00000000 0 0 131072 752009 2888 2888 5128
00000000 00000000 0 0 131072 752009 2888 2888 5601
00000000 00000000 0 0 131072 752009 2888 2888 5609
00000000 00000000 0 0 131072 752009 2888 2888 6082
00000000 00000000 0 0 131072 752009 2888 2888 6090
00000000 00000000 0 0 131072 752009 2888 2888 6563
00000000 00000000 0 0 131072 752009 2888 2888 6571
00000000 00000000 0 0 131072 752009 2888 2888 7044
00000000 00000000 0 0 131072 752009 2888 2888 7052
00000000 00000000 0 0 131072 752009 2888 2888 7525
00000000 00000000 0 0 131072 752009 2888 2888 7533
00000000 00000000 0 0 131072 746151 9085 2888 4165
00000000 00000000 0 0 131072 746151 9085 2888 4173
00000000 00000000 0 0 131072 746151 9085 2888 4646
00000000 00000000 0 0 131072 746151 9085 2888 4654
00000000 00000000 0 0 131072 746151 9085 2888 5127
00000000 00000000 0 0 131072 746151 9085 2888 5135
00000000 00000000 0 0 131072 746151 9085 2888 5600
00000000 00000000 0 0 131072 746151 9085 2888 5608
00000000 00000000 0 0 131072 746151 9085 2888 6081
00000000 00000000 0 0 131072 746151 9085 2888 6089
00000000 00000000 0 0 131072 746151 9085 2888 6562
00000000 00000000 0 0 131072 746151 9085 2888 6570
00000000 00000000 0 0 131072 746151 9085 2888 7043
00000000 00000000 0 0 131072 746151 9085 2888 7051
00000000 00000000 0 0 131072 746151 9085 2888 7524
00000000 00000000 0 0 131072 746151 9085 2888 7532
00000000 00000000 0 0 131072 747676 9085 2888 4164
00000000 00000000 0 0 131072 747676 9085 2888 4172
00000000 00000000 0 0 131072 747676 9085 2888 4645
00000000 00000000 0 0 131072 747676 9085 2888 4653
00000000 00000000 0 0 131072 747676 9085 2888 5126
00000000 00000000 0 0 131072 747676 9085 2888 5134
00000000 00000000 0 0 131072 747676 9085 2888 5607
00000000 00000000 0 0 131072 747676 9085 2888 5615
00000000 00000000 0 0 131072 747676 9085 2888 6080
00000000 00000000 0 0 131072 747676 9085 2888 6088
00000000 00000000 0 0 131072 747676 9085 2888 6561
00000000 00000000 0 0 131072 747676 9085 2888 6569
00000000 00000000 0 0 131072 747676 9085 2888 7042
00000000 00000000 0 0 131072 747676 9085 2888 7050
00000000 00000000 0 0 131072 747676 9085 2888 7523
00000000 00000000 0 0 131072 747676 9085 2888 7531
00000000 00000000 0 0 131072 747686 9085 2888 4180
00000000 00000000 0 0 131072 747686 9085 2888 4188
00000000 00000000 0 0 131072 747686 9085 2888 4661
00000000 00000000 0 0 131072 747686 9085 2888 4669
00000000 00000000 0 0 131072 747686 9085 2888 5142
00000000 00000000 0 0 131072 747686 9085 2888 5150
00000000 00000000 0 0 131072 747686 9085 2888 5623
00000000 00000000 0 0 131072 747686 9085 2888 5631
00000000 00000000 0 0 131072 747686 9085 2888 6096
00000000 00000000 0 0 131072 747686 9085 2888 6104
00000000 00000000 0 0 131072 747686 9085 2888 6577
00000000 00000000 0 0 131072 747686 9085 2888 6585
00000000 00000000 0 0 131072 747686 9085 2888 7058
00000000 00000000 0 0 131072 747686 9085 2888 7066
00000000 00000000 0 0 131072 747686 9085 2888 7539
00000000 00000000 0 0 131072 747686 9085 2888 7547
00000000 00000000 0 0 131072 672603 85107 15132 39
00000000 00000000 0 0 131072 672603 85107 15132 512
00000000 00000000 0 0 131072 672603 85107 15132 1955
00000000 00000000 0 0 131072 672603 85107 15132 2436
00000000 00000000 0 0 131072 672603 85107 15132 2917
00000000 00000000 0 0 131072 672603 85107 15132 3398
00000000 00000000 0 0 131072 755107 2888 2888 1499
00000000 00000000 0 0 131072 751884 6828 6828 4151
00000000 00000000 0 0 131072 751884 6828 6828 4159
00000000 00000000 0 0 131072 751884 6828 6828 4624
00000000 00000000 0 0 131072 751884 6828 6828 4632
00000000 00000000 0 0 131072 751884 6828 6828 5105
00000000 00000000 0 0 131072 751884 6828 6828 5113
00000000 00000000 0 0 131072 751884 6828 6828 5586
00000000 00000000 0 0 131072 751884 6828 6828 5594
00000000 00000000 0 0 131072 751884 6828 6828 6067
00000000 00000000 0 0 131072 751884 6828 6828 6075
00000000 00000000 0 0 131072 751884 6828 6828 6548
00000000 00000000 0 0 131072 751884 6828 6828 6556
00000000 00000000 0 0 131072 751884 6828 6828 7029
00000000 00000000 0 0 131072 751884 6828 6828 7037
00000000 00000000 0 0 131072 751884 6828 6828 7510
00000000 00000000 0 0 131072 751884 6828 6828 7518
00000000 00000000 0 0 131072 751894 6828 6828 4167
00000000 00000000 0 0 131072 751894 6828 6828 4175
00000000 00000000 0 0 131072 751894 6828 6828 4640
00000000 00000000 0 0 131072 751894 6828 6828 4648
00000000 00000000 0 0 131072 751894 6828 6828 5121
00000000 00000000 0 0 131072 751894 6828 6828 5129
00000000 00000000 0 0 131072 751894 6828 6828 5602
00000000 00000000 0 0 131072 751894 6828 6828 5610
00000000 00000000 0 0 131072 751894 6828 6828 6083
00000000 00000000 0 0 131072 751894 6828 6828 6091
00000000 00000000 0 0 131072 751894 6828 6828 6564
00000000 00000000 0 0 131072 751894 6828 6828 6572
00000000 00000000 0 0 131072 751894 6828 6828 7045
00000000 00000000 0 0 131072 751894 6828 6828 7053
00000000 00000000 0 0 131072 751894 6828 6828 7526
00000000 00000000 0 0 131072 751894 6828 6828 7534
00000000 00000000 0 0 131072 756985 5670 2888 125
00000000 00000000 0 0 131072 756985 5670 2888 606
00000000 00000000 0 0 131072 756985 5670 2888 1087
00000000 00000000 0 0 131072 756985 5670 2888 1560
00000000 00000000 0 0 131072 756985 5670 2888 2041
00000000 00000000 0 0 131072 756985 5670 2888 3003
00000000 00000000 0 0 131072 756985 5670 2888 3484
00000000 00000000 0 0 131072 759771 2888 2888 4181
00000000 00000000 0 0 131072 759771 2888 2888 4189
00000000 00000000 0 0 131072 759771 2888 2888 4662
00000000 00000000 0 0 131072 759771 2888 2888 4670
00000000 00000000 0 0 131072 759771 2888 2888 5143
00000000 00000000 0 0 131072 759771 2888 2888 5151
00000000 00000000 0 0 131072 759771 2888 2888 5616
00000000 00000000 0 0 131072 759771 2888 2888 5624
00000000 00000000 0 0 131072 759771 2888 2888 6097
00000000 00000000 0 0 131072 759771 2888 2888 6105
00000000 00000000 0 0 131072 759771 2888 2888 6578
00000000 00000000 0 0 131072 759771 2888 2888 6586
00000000 00000000 0 0 131072 759771 2888 2888 7059
00000000 00000000 0 0 131072 759771 2888 2888 7067
00000000 00000000 0 0 131072 759771 2888 2888 7540
00000000 00000000 0 0 131072 759771 2888 2888 7548
00000000 00000000 0 0 131072 759781 2888 2888 4197
00000000 00000000 0 0 131072 759781 2888 2888 4205
00000000 00000000 0 0 131072 759781 2888 2888 4678
00000000 00000000 0 0 131072 759781 2888 2888 4686
00000000 00000000 0 0 131072 759781 2888 2888 5159
00000000 00000000 0 0 131072 759781 2888 2888 5167
00000000 00000000 0 0 131072 759781 2888 2888 5632
00000000 00000000 0 0 131072 759781 2888 2888 5640
00000000 00000000 0 0 131072 759781 2888 2888 6113
00000000 00000000 0 0 131072 759781 2888 2888 6121
00000000 00000000 0 0 131072 759781 2888 2888 6594
00000000 00000000 0 0 131072 759781 2888 2888 6602
00000000 00000000 0 0 131072 759781 2888 2888 7075
00000000 00000000 0 0 131072 759781 2888 2888 7083
00000000 00000000 0 0 131072 759781 2888 2888 7556
00000000 00000000 0 0 131072 759781 2888 2888 7564
00000000 00000000 0 0 131072 756867 6323 2888 1018
00000000 00000000 0 0 131072 756985 6323 2888 2522
00000000 00000000 0 0 131072 760720 2888 2888 56
00000000 00000000 0 0 131072 760720 2888 2888 537
00000000 00000000 0 0 131072 760720 2888 2888 1980
00000000 00000000 0 0 131072 760720 2888 2888 2461
00000000 00000000 0 0 131072 760720 2888 2888 2942
00000000 00000000 0 0 131072 760720 2888 2888 3423
00000000 00000000 0 0 131072 761005 2888 2888 1516
00000000 00000000 0 0 131072 761722 2888 2888 4168
00000000 00000000 0 0 131072 761722 2888 2888 4160
00000000 00000000 0 0 131072 761722 2888 2888 4649
00000000 00000000 0 0 131072 761722 2888 2888 4641
00000000 00000000 0 0 131072 761722 2888 2888 5130
00000000 00000000 0 0 131072 761722 2888 2888 5122
00000000 00000000 0 0 131072 761722 2888 2888 5611
00000000 00000000 0 0 131072 761722 2888 2888 5603
00000000 00000000 0 0 131072 761722 2888 2888 6092
00000000 00000000 0 0 131072 761722 2888 2888 6084
00000000 00000000 0 0 131072 761722 2888 2888 6573
00000000 00000000 0 0 131072 761722 2888 2888 6565
00000000 00000000 0 0 131072 761722 2888 2888 7054
00000000 00000000 0 0 131072 761722 2888 2888 7046
00000000 00000000 0 0 131072 761722 2888 2888 7535
00000000 00000000 0 0 131072 761722 2888 2888 7527
00000000 00000000 0 0 131072 761732 2888 2888 4184
00000000 00000000 0 0 131072 761732 2888 2888 4176
00000000 00000000 0 0 131072 761732 2888 2888 4665
00000000 00000000 0 0 131072 761732 2888 2888 4657
00000000 00000000 0 0 131072 761732 2888 2888 5146
00000000 00000000 0 0 131072 761732 2888 2888 5138
00000000 00000000 0 0 131072 761732 2888 2888 5627
00000000 00000000 0 0 131072 761732 2888 2888 5619
00000000 00000000 0 0 131072 761732 2888 2888 6108
00000000 00000000 0 0 131072 761732 2888 2888 6100
00000000 00000000 0 0 131072 761732 2888 2888 6589
00000000 00000000 0 0 131072 761732 2888 2888 6581
00000000 00000000 0 0 131072 761732 2888 2888 7070
00000000 00000000 0 0 131072 761732 2888 2888 7062
00000000 00000000 0 0 131072 761732 2888 2888 7551
00000000 00000000 0 0 131072 761732 2888 2888 7543
00000000 00000000 0 0 131072 757411 7848 2888 4179
00000000 00000000 0 0 131072 757411 7848 2888 4187
00000000 00000000 0 0 131072 757411 7848 2888 4660
00000000 00000000 0 0 131072 757411 7848 2888 4668
00000000 00000000 0 0 131072 757411 7848 2888 5141
00000000 00000000 0 0 131072 757411 7848 2888 5149
00000000 00000000 0 0 131072 757411 7848 2888 5622
00000000 00000000 0 0 131072 757411 7848 2888 5630
00000000 00000000 0 0 131072 757411 7848 2888 6103
00000000 00000000 0 0 131072 757411 7848 2888 6111
00000000 00000000 0 0 131072 757411 7848 2888 6576
00000000 00000000 0 0 131072 757411 7848 2888 6584
00000000 00000000 0 0 131072 757411 7848 2888 7057
00000000 00000000 0 0 131072 757411 7848 2888 7065
00000000 00000000 0 0 131072 757411 7848 2888 7538
00000000 00000000 0 0 131072 757411 7848 2888 7546
00000000 00000000 0 0 131072 757481 7848 2888 4195
00000000 00000000 0 0 131072 757481 7848 2888 4203
00000000 00000000 0 0 131072 757481 7848 2888 4676
00000000 00000000 0 0 131072 757481 7848 2888 4684
00000000 00000000 0 0 131072 757481 7848 2888 5157
00000000 00000000 0 0 131072 757481 7848 2888 5165
00000000 00000000 0 0 131072 757481 7848 2888 5638
00000000 00000000 0 0 131072 757481 7848 2888 5646
00000000 00000000 0 0 131072 757481 7848 2888 6119
00000000 00000000 0 0 131072 757481 7848 2888 6127
00000000 00000000 0 0 131072 757481 7848 2888 6592
00000000 00000000 0 0 131072 757481 7848 2888 6600
00000000 00000000 0 0 131072 757481 7848 2888 7073
00000000 00000000 0 0 131072 757481 7848 2888 7081
00000000 00000000 0 0 131072 757481 7848 2888 7554
00000000 00000000 0 0 131072 757481 7848 2888 7562
00000000 00000000 0 0 131072 758246 7848 2888 4182
00000000 00000000 0 0 131072 758246 7848 2888 4190
00000000 00000000 0 0 131072 758246 7848 2888 4663
00000000 00000000 0 0 131072 758246 7848 2888 4671
00000000 00000000 0 0 131072 758246 7848 2888 5136
00000000 00000000 0 0 131072 758246 7848 2888 5144
00000000 00000000 0 0 131072 758246 7848 2888 5617
00000000 00000000 0 0 131072 758246 7848 2888 5625
00000000 00000000 0 0 131072 758246 7848 2888 6098
00000000 00000000 0 0 131072 758246 7848 2888 6106
00000000 00000000 0 0 131072 758246 7848 2888 6579
00000000 00000000 0 0 131072 758246 7848 2888 6587
00000000 00000000 0 0 131072 758246 7848 2888 7060
00000000 00000000 0 0 131072 758246 7848 2888 7068
00000000 00000000 0 0 131072 758246 7848 2888 7541
00000000 00000000 0 0 131072 758246 7848 2888 7549
00000000 00000000 0 0 131072 687058 79267 11252 513
00000000 00000000 0 0 131072 687058 80224 11252 994
00000000 00000000 0 0 131072 765665 2888 2888 142
00000000 00000000 0 0 131072 765665 2888 2888 623
00000000 00000000 0 0 131072 765665 2888 2888 1096
00000000 00000000 0 0 131072 765665 2888 2888 1577
00000000 00000000 0 0 131072 765665 2888 2888 2058
00000000 00000000 0 0 131072 765665 2888 2888 3020
00000000 00000000 0 0 131072 765665 2888 2888 3501
00000000 00000000 0 0 131072 765669 2888 2888 4198
00000000 00000000 0 0 131072 765669 2888 2888 4206
00000000 00000000 0 0 131072 765669 2888 2888 4679
00000000 00000000 0 0 131072 765669 2888 2888 4687
00000000 00000000 0 0 131072 765669 2888 2888 5152
00000000 00000000 0 0 131072 765669 2888 2888 5160
00000000 00000000 0 0 131072 765669 2888 2888 5633
00000000 00000000 0 0 131072 765669 2888 2888 5641
00000000 00000000 0 0 131072 765669 2888 2888 6114
00000000 00000000 0 0 131072 765669 2888 2888 6122
00000000 00000000 0 0 131072 765669 2888 2888 6595
00000000 00000000 0 0 131072 765669 2888 2888 6603
00000000 00000000 0 0 131072 765669 2888 2888 7076
00000000 00000000 0 0 131072 765669 2888 2888 7084
00000000 00000000 0 0 131072 765669 2888 2888 7557
00000000 00000000 0 0 131072 765669 2888 2888 7565
00000000 00000000 0 0 131072 765679 2888 2888 4214
00000000 00000000 0 0 131072 765679 2888 2888 4222
00000000 00000000 0 0 131072 765679 2888 2888 4695
00000000 00000000 0 0 131072 765679 2888 2888 4703
00000000 00000000 0 0 131072 765679 2888 2888 5168
00000000 00000000 0 0 131072 765679 2888 2888 5176
00000000 00000000 0 0 131072 765679 2888 2888 5649
00000000 00000000 0 0 131072 765679 2888 2888 5657
00000000 00000000 0 0 131072 765679 2888 2888 6130
00000000 00000000 0 0 131072 765679 2888 2888 6138
00000000 00000000 0 0 131072 765679 2888 2888 6611
00000000 00000000 0 0 131072 765679 2888 2888 6619
00000000 00000000 0 0 131072 765679 2888 2888 7092
00000000 00000000 0 0 131072 765679 2888 2888 7100
00000000 00000000 0 0 131072 765679 2888 2888 7573
00000000 00000000 0 0 131072 765679 2888 2888 7581
00000000 00000000 0 0 131072 687058 81953 11252 32
00000000 00000000 0 0 131072 687058 81953 11252 1475
00000000 00000000 0 0 131072 687058 81953 11252 1956
00000000 00000000 0 0 131072 687058 81953 11252 2437
00000000 00000000 0 0 131072 687058 81953 11252 2918
00000000 00000000 0 0 131072 687058 81953 11252 3399
00000000 00000000 0 0 131072 766618 5682 2888 73
00000000 00000000 0 0 131072 766618 5682 2888 2478
00000000 00000000 0 0 131072 766618 5682 2888 2959
00000000 00000000 0 0 131072 766618 5682 2888 3432
00000000 00000000 0 0 131072 766618 5741 2888 554
00000000 00000000 0 0 131072 766200 6331 2888 1035
00000000 00000000 0 0 131072 766318 6331 2888 2539
00000000 00000000 0 0 131072 766618 6331 2888 1997
00000000 00000000 0 0 131072 766903 6331 2888 1533
00000000 00000000 0 0 131072 769104 6828 6828 4199
00000000 00000000 0 0 131072 769104 6828 6828 4207
00000000 00000000 0 0 131072 769104 6828 6828 4672
00000000 00000000 0 0 131072 769104 6828 6828 4680
00000000 00000000 0 0 131072 769104 6828 6828 5153
00000000 00000000 0 0 131072 769104 6828 6828 5161
00000000 00000000 0 0 131072 769104 6828 6828 5634
00000000 00000000 0 0 131072 769104 6828 6828 5642
00000000 00000000 0 0 131072 769104 6828 6828 6115
00000000 00000000 0 0 131072 769104 6828 6828 6123
00000000 00000000 0 0 131072 769104 6828 6828 6596
00000000 00000000 0 0 131072 769104 6828 6828 6604
00000000 00000000 0 0 131072 769104 6828 6828 7077
00000000 00000000 0 0 131072 769104 6828 6828 7085
00000000 00000000 0 0 131072 769104 6828 6828 7558
00000000 00000000 0 0 131072 769104 6828 6828 7566
00000000 00000000 0 0 131072 767620 9463 2888 4177
00000000 00000000 0 0 131072 767620 9463 2888 4185
00000000 00000000 0 0 131072 767620 9463 2888 4658
00000000 00000000 0 0 131072 767620 9463 2888 4666
00000000 00000000 0 0 131072 767620 9463 2888 5139
00000000 00000000 0 0 131072 767620 9463 2888 5147
00000000 00000000 0 0 131072 767620 9463 2888 5620
00000000 00000000 0 0 131072 767620 9463 2888 5628
00000000 00000000 0 0 131072 767620 9463 2888 6101
00000000 00000000 0 0 131072 767620 9463 2888 6109
00000000 00000000 0 0 131072 767620 9463 2888 6582
00000000 00000000 0 0 131072 767620 9463 2888 6590
00000000 00000000 0 0 131072 767620 9463 2888 7063
00000000 00000000 0 0 131072 767620 9463 2888 7071
00000000 00000000 0 0 131072 767620 9463 2888 7536
00000000 00000000 0 0 131072 767620 9463 2888 7544
00000000 00000000 0 0 131072 767630 9463 2888 4193
00000000 00000000 0 0 131072 767630 9463 2888 4201
00000000 00000000 0 0 131072 767630 9463 2888 4674
00000000 00000000 0 0 131072 767630 9463 2888 4682
00000000 00000000 0 0 131072 767630 9463 2888 5155
00000000 00000000 0 0 131072 767630 9463 2888 5163
00000000 00000000 0 0 131072 767630 9463 2888 5636
00000000 00000000 0 0 131072 767630 9463 2888 5644
00000000 00000000 0 0 131072 767630 9463 2888 6117
00000000 00000000 0 0 131072 767630 9463 2888 6125
00000000 00000000 0 0 131072 767630 9463 2888 6598
00000000 00000000 0 0 131072 767630 9463 2888 6606
00000000 00000000 0 0 131072 767630 9463 2888 7079
00000000 00000000 0 0 131072 767630 9463 2888 7087
00000000 00000000 0 0 131072 767630 9463 2888 7552
00000000 00000000 0 0 131072 767630 9463 2888 7560
00000000 00000000 0 0 131072 768269 9463 2888 4196
00000000 00000000 0 0 131072 768269 9463 2888 4204
00000000 00000000 0 0 131072 768269 9463 2888 4677
00000000 00000000 0 0 131072 768269 9463 2888 4685
00000000 00000000 0 0 131072 768269 9463 2888 5158
00000000 00000000 0 0 131072 768269 9463 2888 5166
00000000 00000000 0 0 131072 768269 9463 2888 5639
00000000 00000000 0 0 131072 768269 9463 2888 5647
00000000 00000000 0 0 131072 768269 9463 2888 6112
00000000 00000000 0 0 131072 768269 9463 2888 6120
00000000 00000000 0 0 131072 768269 9463 2888 6593
00000000 00000000 0 0 131072 768269 9463 2888 6601
00000000 00000000 0 0 131072 768269 9463 2888 7074
00000000 00000000 0 0 131072 768269 9463 2888 7082
00000000 00000000 0 0 131072 768269 9463 2888 7555
00000000 00000000 0 0 131072 768269 9463 2888 7563
00000000 00000000 0 0 131072 768339 9463 2888 4212
00000000 00000000 0 0 131072 768339 9463 2888 4220
00000000 00000000 0 0 131072 768339 9463 2888 4693
00000000 00000000 0 0 131072 768339 9463 2888 4701
00000000 00000000 0 0 131072 768339 9463 2888 5174
00000000 00000000 0 0 131072 768339 9463 2888 5182
00000000 00000000 0 0 131072 768339 9463 2888 5655
00000000 00000000 0 0 131072 768339 9463 2888 5663
00000000 00000000 0 0 131072 768339 9463 2888 6128
00000000 00000000 0 0 131072 768339 9463 2888 6136
00000000 00000000 0 0 131072 768339 9463 2888 6609
00000000 00000000 0 0 131072 768339 9463 2888 6617
00000000 00000000 0 0 131072 768339 9463 2888 7090
00000000 00000000 0 0 131072 768339 9463 2888 7098
00000000 00000000 0 0 131072 768339 9463 2888 7571
00000000 00000000 0 0 131072 768339 9463 2888 7579
00000000 00000000 0 0 131072 775310 2888 2888 90
00000000 00000000 0 0 131072 775310 2888 2888 2495
00000000 00000000 0 0 131072 775310 2888 2888 2968
00000000 00000000 0 0 131072 775310 2888 2888 3449
00000000 00000000 0 0 131072 775369 2888 2888 571
00000000 00000000 0 0 131072 771567 6828 6828 4215
00000000 00000000 0 0 131072 771567 6828 6828 4223
00000000 00000000 0 0 131072 771567 6828 6828 4688
00000000 00000000 0 0 131072 771567 6828 6828 4696
00000000 00000000 0 0 131072 771567 6828 6828 5169
00000000 00000000 0 0 131072 771567 6828 6828 5177
00000000 00000000 0 0 131072 771567 6828 6828 5650
00000000 00000000 0 0 131072 771567 6828 6828 5658
00000000 00000000 0 0 131072 771567 6828 6828 6131
00000000 00000000 0 0 131072 771567 6828 6828 6139
00000000 00000000 0 0 131072 771567 6828 6828 6612
00000000 00000000 0 0 131072 771567 6828 6828 6620
00000000 00000000 0 0 131072 771567 6828 6828 7093
00000000 00000000 0 0 131072 771567 6828 6828 7101
00000000 00000000 0 0 131072 771567 6828 6828 7574
00000000 00000000 0 0 131072 771567 6828 6828 7582
00000000 00000000 0 0 131072 771577 6828 6828 4231
00000000 00000000 0 0 131072 771577 6828 6828 4239
00000000 00000000 0 0 131072 771577 6828 6828 4704
00000000 00000000 0 0 131072 771577 6828 6828 4712
00000000 00000000 0 0 131072 771577 6828 6828 5185
00000000 00000000 0 0 131072 771577 6828 6828 5193
00000000 00000000 0 0 131072 771577 6828 6828 5666
00000000 00000000 0 0 131072 771577 6828 6828 5674
00000000 00000000 0 0 131072 771577 6828 6828 6147
00000000 00000000 0 0 131072 771577 6828 6828 6155
00000000 00000000 0 0 131072 771577 6828 6828 6628
00000000 00000000 0 0 131072 771577 6828 6828 6636
00000000 00000000 0 0 131072 771577 6828 6828 7109
00000000 00000000 0 0 131072 771577 6828 6828 7117
00000000 00000000 0 0 131072 771577 6828 6828 7590
00000000 00000000 0 0 131072 771577 6828 6828 7598
00000000 00000000 0 0 131072 775541 2888 2888 1052
00000000 00000000 0 0 131072 775959 2888 2888 2014
00000000 00000000 0 0 131072 697072 83405 11252 1010
00000000 00000000 0 0 131072 697072 83693 11252 529
00000000 00000000 0 0 131072 697072 83979 11252 1491
00000000 00000000 0 0 131072 697072 83979 11252 1972
00000000 00000000 0 0 131072 697072 83979 11252 2453
00000000 00000000 0 0 131072 697072 83979 11252 2934
00000000 00000000 0 0 131072 697072 83979 11252 3415
00000000 00000000 0 0 131072 697072 84663 11252 48
00000000 00000000 0 0 131072 776244 5689 2888 1550
00000000 00000000 0 0 131072 757907 24338 6828 4183
00000000 00000000 0 0 131072 757907 24338 6828 4191
00000000 00000000 0 0 131072 757907 24338 6828 6099
00000000 00000000 0 0 131072 757907 24338 6828 6107
00000000 00000000 0 0 131072 757907 24338 6828 6580
00000000 00000000 0 0 131072 757907 24338 6828 6588
00000000 00000000 0 0 131072 757907 24338 6828 7061
00000000 00000000 0 0 131072 757907 24338 6828 7069
00000000 00000000 0 0 131072 757907 24338 6828 7542
00000000 00000000 0 0 131072 757907 24338 6828 7550
00000000 00000000 0 0 131072 757907 24417 6828 4656
00000000 00000000 0 0 131072 757907 24417 6828 4664
00000000 00000000 0 0 131072 757907 24724 6828 5137
00000000 00000000 0 0 131072 757907 24724 6828 5145
00000000 00000000 0 0 131072 757907 24724 6828 5618
00000000 00000000 0 0 131072 757907 24724 6828 5626
00000000 00000000 0 0 131072 780093 2888 2888 4194
00000000 00000000 0 0 131072 780093 2888 2888 4202
00000000 00000000 0 0 131072 780093 2888 2888 4675
00000000 00000000 0 0 131072 780093 2888 2888 4683
00000000 00000000 0 0 131072 780093 2888 2888 5156
00000000 00000000 0 0 131072 780093 2888 2888 5164
00000000 00000000 0 0 131072 780093 2888 2888 5637
00000000 00000000 0 0 131072 780093 2888 2888 5645
00000000 00000000 0 0 131072 780093 2888 2888 6118
00000000 00000000 0 0 131072 780093 2888 2888 6126
00000000 00000000 0 0 131072 780093 2888 2888 6599
00000000 00000000 0 0 131072 780093 2888 2888 6607
00000000 00000000 0 0 131072 780093 2888 2888 7072
00000000 00000000 0 0 131072 780093 2888 2888 7080
00000000 00000000 0 0 131072 780093 2888 2888 7553
00000000 00000000 0 0 131072 780093 2888 2888 7561
00000000 00000000 0 0 131072 780103 2888 2888 4210
00000000 00000000 0 0 131072 780103 2888 2888 4218
00000000 00000000 0 0 131072 780103 2888 2888 4691
00000000 00000000 0 0 131072 780103 2888 2888 4699
00000000 00000000 0 0 131072 780103 2888 2888 5172
00000000 00000000 0 0 131072 780103 2888 2888 5180
00000000 00000000 0 0 131072 780103 2888 2888 5653
00000000 00000000 0 0 131072 780103 2888 2888 5661
00000000 00000000 0 0 131072 780103 2888 2888 6134
00000000 00000000 0 0 131072 780103 2888 2888 6142
00000000 00000000 0 0 131072 780103 2888 2888 6615
00000000 00000000 0 0 131072 780103 2888 2888 6623
00000000 00000000 0 0 131072 780103 2888 2888 7088
00000000 00000000 0 0 131072 780103 2888 2888 7096
00000000 00000000 0 0 131072 780103 2888 2888 7569
00000000 00000000 0 0 131072 780103 2888 2888 7577
00000000 00000000 0 0 131072 780742 2888 2888 4213
00000000 00000000 0 0 131072 780742 2888 2888 4221
00000000 00000000 0 0 131072 780742 2888 2888 4694
00000000 00000000 0 0 131072 780742 2888 2888 4702
00000000 00000000 0 0 131072 780742 2888 2888 5175
00000000 00000000 0 0 131072 780742 2888 2888 5183
00000000 00000000 0 0 131072 780742 2888 2888 5648
00000000 00000000 0 0 131072 780742 2888 2888 5656
00000000 00000000 0 0 131072 780742 2888 2888 6129
00000000 00000000 0 0 131072 780742 2888 2888 6137
00000000 00000000 0 0 131072 780742 2888 2888 6610
00000000 00000000 0 0 131072 780742 2888 2888 6618
00000000 00000000 0 0 131072 780742 2888 2888 7091
00000000 00000000 0 0 131072 780742 2888 2888 7099
00000000 00000000 0 0 131072 780742 2888 2888 7572
00000000 00000000 0 0 131072 780742 2888 2888 7580
00000000 00000000 0 0 131072 780812 2888 2888 4229
00000000 00000000 0 0 131072 780812 2888 2888 4237
00000000 00000000 0 0 131072 780812 2888 2888 4710
00000000 00000000 0 0 131072 780812 2888 2888 4718
00000000 00000000 0 0 131072 780812 2888 2888 5191
00000000 00000000 0 0 131072 780812 2888 2888 5199
00000000 00000000 0 0 131072 780812 2888 2888 5664
00000000 00000000 0 0 131072 780812 2888 2888 5672
00000000 00000000 0 0 131072 780812 2888 2888 6145
00000000 00000000 0 0 131072 780812 2888 2888 6153
00000000 00000000 0 0 131072 780812 2888 2888 6626
00000000 00000000 0 0 131072 780812 2888 2888 6634
00000000 00000000 0 0 131072 780812 2888 2888 7107
00000000 00000000 0 0 131072 780812 2888 2888 7115
00000000 00000000 0 0 131072 780812 2888 2888 7588
00000000 00000000 0 0 131072 780812 2888 2888 7596
00000000 00000000 0 0 131072 781208 2888 2888 107
00000000 00000000 0 0 131072 781208 2888 2888 2504
00000000 00000000 0 0 131072 781208 2888 2888 2985
00000000 00000000 0 0 131072 781208 2888 2888 3466
00000000 00000000 0 0 131072 781267 2888 2888 588
00000000 00000000 0 0 131072 703280 80906 11252 1026
00000000 00000000 0 0 131072 781439 2888 2888 1069
00000000 00000000 0 0 131072 703280 81122 11252 545
00000000 00000000 0 0 131072 781857 2888 2888 2031
00000000 00000000 0 0 131072 703280 81554 11252 1507
00000000 00000000 0 0 131072 703280 81554 11252 1988
00000000 00000000 0 0 131072 703280 81554 11252 2469
00000000 00000000 0 0 131072 703280 81554 11252 2950
00000000 00000000 0 0 131072 703280 81554 11252 3431
00000000 00000000 0 0 131072 703280 83089 11252 64
00000000 00000000 0 0 131072 784943 2888 2888 1567
00000000 00000000 0 0 131072 707052 80906 11252 1042
00000000 00000000 0 0 131072 785255 2888 2888 4200
00000000 00000000 0 0 131072 785255 2888 2888 4192
00000000 00000000 0 0 131072 785255 2888 2888 6124
00000000 00000000 0 0 131072 785255 2888 2888 6116
00000000 00000000 0 0 131072 785255 2888 2888 6605
00000000 00000000 0 0 131072 785255 2888 2888 6597
00000000 00000000 0 0 131072 785255 2888 2888 7086
00000000 00000000 0 0 131072 785255 2888 2888 7078
00000000 00000000 0 0 131072 785255 2888 2888 7567
00000000 00000000 0 0 131072 785255 2888 2888 7559
00000000 00000000 0 0 131072 785265 2888 2888 4216
00000000 00000000 0 0 131072 785265 2888 2888 4208
00000000 00000000 0 0 131072 785265 2888 2888 6140
00000000 00000000 0 0 131072 785265 2888 2888 6132
00000000 00000000 0 0 131072 785265 2888 2888 6621
00000000 00000000 0 0 131072 785265 2888 2888 6613
00000000 00000000 0 0 131072 785265 2888 2888 7102
00000000 00000000 0 0 131072 785265 2888 2888 7094
00000000 00000000 0 0 131072 785265 2888 2888 7583
00000000 00000000 0 0 131072 785265 2888 2888 7575
00000000 00000000 0 0 131072 785275 2888 2888 4232
00000000 00000000 0 0 131072 785275 2888 2888 4224
00000000 00000000 0 0 131072 785275 2888 2888 6156
00000000 00000000 0 0 131072 785275 2888 2888 6148
00000000 00000000 0 0 131072 785275 2888 2888 6637
00000000 00000000 0 0 131072 785275 2888 2888 6629
00000000 00000000 0 0 131072 785275 2888 2888 7118
00000000 00000000 0 0 131072 785275 2888 2888 7110
00000000 00000000 0 0 131072 785275 2888 2888 7599
00000000 00000000 0 0 131072 785275 2888 2888 7591
00000000 00000000 0 0 131072 785285 2888 2888 4248
00000000 00000000 0 0 131072 785285 2888 2888 4240
00000000 00000000 0 0 131072 785285 2888 2888 6172
00000000 00000000 0 0 131072 785285 2888 2888 6164
00000000 00000000 0 0 131072 785285 2888 2888 6653
00000000 00000000 0 0 131072 785285 2888 2888 6645
00000000 00000000 0 0 131072 785285 2888 2888 7134
00000000 00000000 0 0 131072 785285 2888 2888 7126
00000000 00000000 0 0 131072 785285 2888 2888 7615
00000000 00000000 0 0 131072 785285 2888 2888 7607
00000000 00000000 0 0 131072 707052 81122 11252 561
00000000 00000000 0 0 131072 785334 2888 2888 4681
00000000 00000000 0 0 131072 785334 2888 2888 4673
00000000 00000000 0 0 131072 785344 2888 2888 4697
00000000 00000000 0 0 131072 785344 2888 2888 4689
00000000 00000000 0 0 131072 785354 2888 2888 4713
00000000 00000000 0 0 131072 785354 2888 2888 4705
00000000 00000000 0 0 131072 785364 2888 2888 4729
00000000 00000000 0 0 131072 785364 2888 2888 4721
00000000 00000000 0 0 131072 785641 2888 2888 5162
00000000 00000000 0 0 131072 785641 2888 2888 5154
00000000 00000000 0 0 131072 785641 2888 2888 5643
00000000 00000000 0 0 131072 785641 2888 2888 5635
00000000 00000000 0 0 131072 785651 2888 2888 5178
00000000 00000000 0 0 131072 785651 2888 2888 5170
00000000 00000000 0 0 131072 785651 2888 2888 5659
00000000 00000000 0 0 131072 785651 2888 2888 5651
00000000 00000000 0 0 131072 785661 2888 2888 5194
00000000 00000000 0 0 131072 785661 2888 2888 5186
00000000 00000000 0 0 131072 785661 2888 2888 5675
00000000 00000000 0 0 131072 785661 2888 2888 5667
00000000 00000000 0 0 131072 785671 2888 2888 5210
00000000 00000000 0 0 131072 785671 2888 2888 5202
00000000 00000000 0 0 131072 785671 2888 2888 5691
00000000 00000000 0 0 131072 785671 2888 2888 5683
00000000 00000000 0 0 131072 707052 81554 11252 1523
00000000 00000000 0 0 131072 707052 81554 11252 2004
00000000 00000000 0 0 131072 707052 81554 11252 2485
00000000 00000000 0 0 131072 707052 81554 11252 2966
00000000 00000000 0 0 131072 707052 81554 11252 3447
00000000 00000000 0 0 131072 785991 2888 2888 4211
00000000 00000000 0 0 131072 785991 2888 2888 4219
00000000 00000000 0 0 131072 785991 2888 2888 4692
00000000 00000000 0 0 131072 785991 2888 2888 4700
00000000 00000000 0 0 131072 785991 2888 2888 5173
00000000 00000000 0 0 131072 785991 2888 2888 5181
00000000 00000000 0 0 131072 785991 2888 2888 5654
00000000 00000000 0 0 131072 785991 2888 2888 5662
00000000 00000000 0 0 131072 785991 2888 2888 6135
00000000 00000000 0 0 131072 785991 2888 2888 6143
00000000 00000000 0 0 131072 785991 2888 2888 6608
00000000 00000000 0 0 131072 785991 2888 2888 6616
00000000 00000000 0 0 131072 785991 2888 2888 7089
00000000 00000000 0 0 131072 785991 2888 2888 7097
00000000 00000000 0 0 131072 785991 2888 2888 7570
00000000 00000000 0 0 131072 785991 2888 2888 7578
00000000 00000000 0 0 131072 786001 2888 2888 4227
00000000 00000000 0 0 131072 786001 2888 2888 4235
00000000 00000000 0 0 131072 786001 2888 2888 4708
00000000 00000000 0 0 131072 786001 2888 2888 4716
00000000 00000000 0 0 131072 786001 2888 2888 5189
00000000 00000000 0 0 131072 786001 2888 2888 5197
00000000 00000000 0 0 131072 786001 2888 2888 5670
00000000 00000000 0 0 131072 786001 2888 2888 5678
00000000 00000000 0 0 131072 786001 2888 2888 6151
00000000 00000000 0 0 131072 786001 2888 2888 6159
00000000 00000000 0 0 131072 786001 2888 2888 6624
00000000 00000000 0 0 131072 786001 2888 2888 6632
00000000 00000000 0 0 131072 786001 2888 2888 7105
00000000 00000000 0 0 131072 786001 2888 2888 7113
00000000 00000000 0 0 131072 786001 2888 2888 7586
00000000 00000000 0 0 131072 786001 2888 2888 7594
00000000 00000000 0 0 131072 787106 5580 2888 3002
00000000 00000000 0 0 131072 787106 5682 2888 124
00000000 00000000 0 0 131072 787106 5689 2888 2521
00000000 00000000 0 0 131072 787106 5742 2888 3483
00000000 00000000 0 0 131072 787165 5742 2888 605
00000000 00000000 0 0 131072 787337 5694 2888 1086
00000000 00000000 0 0 131072 707052 86291 11252 80
00000000 00000000 0 0 131072 787755 5689 2888 2040
00000000 00000000 0 0 131072 790841 2888 2888 1576
00000000 00000000 0 0 131072 713019 80875 11252 577
00000000 00000000 0 0 131072 791153 2888 2888 4217
00000000 00000000 0 0 131072 791153 2888 2888 4209
00000000 00000000 0 0 131072 791153 2888 2888 6141
00000000 00000000 0 0 131072 791153 2888 2888 6133
00000000 00000000 0 0 131072 791153 2888 2888 6622
00000000 00000000 0 0 131072 791153 2888 2888 6614
00000000 00000000 0 0 131072 791153 2888 2888 7103
00000000 00000000 0 0 131072 791153 2888 2888 7095
00000000 00000000 0 0 131072 791153 2888 2888 7576
00000000 00000000 0 0 131072 791153 2888 2888 7568
00000000 00000000 0 0 131072 791163 2888 2888 4233
00000000 00000000 0 0 131072 791163 2888 2888 4225
00000000 00000000 0 0 131072 791163 2888 2888 6157
00000000 00000000 0 0 131072 791163 2888 2888 6149
00000000 00000000 0 0 131072 791163 2888 2888 6638
00000000 00000000 0 0 131072 791163 2888 2888 6630
00000000 00000000 0 0 131072 791163 2888 2888 7119
00000000 00000000 0 0 131072 791163 2888 2888 7111
00000000 00000000 0 0 131072 791163 2888 2888 7592
00000000 00000000 0 0 131072 791163 2888 2888 7584
00000000 00000000 0 0 131072 791173 2888 2888 4249
00000000 00000000 0 0 131072 791173 2888 2888 4241
00000000 00000000 0 0 131072 791173 2888 2888 6173
00000000 00000000 0 0 131072 791173 2888 2888 6165
00000000 00000000 0 0 131072 791173 2888 2888 6654
00000000 00000000 0 0 131072 791173 2888 2888 6646
00000000 00000000 0 0 131072 791173 2888 2888 7135
00000000 00000000 0 0 131072 791173 2888 2888 7127
00000000 00000000 0 0 131072 791173 2888 2888 7608
00000000 00000000 0 0 131072 791173 2888 2888 7600
00000000 00000000 0 0 131072 791183 2888 2888 4265
00000000 00000000 0 0 131072 791183 2888 2888 4257
00000000 00000000 0 0 131072 791183 2888 2888 6189
00000000 00000000 0 0 131072 791183 2888 2888 6181
00000000 00000000 0 0 131072 791183 2888 2888 6670
00000000 00000000 0 0 131072 791183 2888 2888 6662
00000000 00000000 0 0 131072 791183 2888 2888 7151
00000000 00000000 0 0 131072 791183 2888 2888 7143
00000000 00000000 0 0 131072 791183 2888 2888 7624
00000000 00000000 0 0 131072 791183 2888 2888 7616
00000000 00000000 0 0 131072 791232 2888 2888 4698
00000000 00000000 0 0 131072 791232 2888 2888 4690
00000000 00000000 0 0 131072 791242 2888 2888 4714
00000000 00000000 0 0 131072 791242 2888 2888 4706
00000000 00000000 0 0 131072 791252 2888 2888 4730
00000000 00000000 0 0 131072 791252 2888 2888 4722
00000000 00000000 0 0 131072 791262 2888 2888 4746
00000000 00000000 0 0 131072 791262 2888 2888 4738
00000000 00000000 0 0 131072 791539 2888 2888 5179
00000000 00000000 0 0 131072 791539 2888 2888 5171
00000000 00000000 0 0 131072 791539 2888 2888 5660
00000000 00000000 0 0 131072 791539 2888 2888 5652
00000000 00000000 0 0 131072 791549 2888 2888 5195
00000000 00000000 0 0 131072 791549 2888 2888 5187
00000000 00000000 0 0 131072 791549 2888 2888 5676
00000000 00000000 0 0 131072 791549 2888 2888 5668
00000000 00000000 0 0 131072 791559 2888 2888 5211
00000000 00000000 0 0 131072 791559 2888 2888 5203
00000000 00000000 0 0 131072 791559 2888 2888 5692
00000000 00000000 0 0 131072 791559 2888 2888 5684
00000000 00000000 0 0 131072 791569 2888 2888 5227
00000000 00000000 0 0 131072 791569 2888 2888 5219
00000000 00000000 0 0 131072 791569 2888 2888 5708
00000000 00000000 0 0 131072 791569 2888 2888 5700
00000000 00000000 0 0 131072 791889 2888 2888 4228
00000000 00000000 0 0 131072 791889 2888 2888 4236
00000000 00000000 0 0 131072 791889 2888 2888 4709
00000000 00000000 0 0 131072 791889 2888 2888 4717
00000000 00000000 0 0 131072 791889 2888 2888 5190
00000000 00000000 0 0 131072 791889 2888 2888 5198
00000000 00000000 0 0 131072 791889 2888 2888 5671
00000000 00000000 0 0 131072 791889 2888 2888 5679
00000000 00000000 0 0 131072 791889 2888 2888 6144
00000000 00000000 0 0 131072 791889 2888 2888 6152
00000000 00000000 0 0 131072 791889 2888 2888 6625
00000000 00000000 0 0 131072 791889 2888 2888 6633
00000000 00000000 0 0 131072 791889 2888 2888 7106
00000000 00000000 0 0 131072 791889 2888 2888 7114
00000000 00000000 0 0 131072 791889 2888 2888 7587
00000000 00000000 0 0 131072 791889 2888 2888 7595
00000000 00000000 0 0 131072 791899 2888 2888 4244
00000000 00000000 0 0 131072 791899 2888 2888 4252
00000000 00000000 0 0 131072 791899 2888 2888 4725
00000000 00000000 0 0 131072 791899 2888 2888 4733
00000000 00000000 0 0 131072 791899 2888 2888 5206
00000000 00000000 0 0 131072 791899 2888 2888 5214
00000000 00000000 0 0 131072 791899 2888 2888 5687
00000000 00000000 0 0 131072 791899 2888 2888 5695
00000000 00000000 0 0 131072 791899 2888 2888 6160
00000000 00000000 0 0 131072 791899 2888 2888 6168
00000000 00000000 0 0 131072 791899 2888 2888 6641
00000000 00000000 0 0 131072 791899 2888 2888 6649
00000000 00000000 0 0 131072 791899 2888 2888 7122
00000000 00000000 0 0 131072 791899 2888 2888 7130
00000000 00000000 0 0 131072 791899 2888 2888 7603
00000000 00000000 0 0 131072 791899 2888 2888 7611
00000000 00000000 0 0 131072 713019 82145 11252 1058
00000000 00000000 0 0 131072 786640 8545 2888 4230
00000000 00000000 0 0 131072 786640 8545 2888 4238
00000000 00000000 0 0 131072 786640 8545 2888 4711
00000000 00000000 0 0 131072 786640 8545 2888 4719
00000000 00000000 0 0 131072 786640 8545 2888 5184
00000000 00000000 0 0 131072 786640 8545 2888 5192
00000000 00000000 0 0 131072 786640 8545 2888 5665
00000000 00000000 0 0 131072 786640 8545 2888 5673
00000000 00000000 0 0 131072 786640 8545 2888 6146
00000000 00000000 0 0 131072 786640 8545 2888 6154
00000000 00000000 0 0 131072 786640 8545 2888 6627
00000000 00000000 0 0 131072 786640 8545 2888 6635
00000000 00000000 0 0 131072 786640 8545 2888 7108
00000000 00000000 0 0 131072 786640 8545 2888 7116
00000000 00000000 0 0 131072 786640 8545 2888 7589
00000000 00000000 0 0 131072 786640 8545 2888 7597
00000000 00000000 0 0 131072 717726 77517 15132 143
00000000 00000000 0 0 131072 717726 77517 15132 2059
00000000 00000000 0 0 131072 717726 77517 15132 2540
00000000 00000000 0 0 131072 717726 77517 15132 3021
00000000 00000000 0 0 131072 717726 77517 15132 3502
00000000 00000000 0 0 131072 786710 8545 2888 4246
00000000 00000000 0 0 131072 786710 8545 2888 4254
00000000 00000000 0 0 131072 786710 8545 2888 4727
00000000 00000000 0 0 131072 786710 8545 2888 4735
00000000 00000000 0 0 131072 786710 8545 2888 5200
00000000 00000000 0 0 131072 786710 8545 2888 5208
00000000 00000000 0 0 131072 786710 8545 2888 5681
00000000 00000000 0 0 131072 786710 8545 2888 5689
00000000 00000000 0 0 131072 786710 8545 2888 6162
00000000 00000000 0 0 131072 786710 8545 2888 6170
00000000 00000000 0 0 131072 786710 8545 2888 6643
00000000 00000000 0 0 131072 786710 8545 2888 6651
00000000 00000000 0 0 131072 786710 8545 2888 7124
00000000 00000000 0 0 131072 786710 8545 2888 7132
00000000 00000000 0 0 131072 786710 8545 2888 7605
00000000 00000000 0 0 131072 786710 8545 2888 7613
00000000 00000000 0 0 131072 713019 82402 11252 1539
00000000 00000000 0 0 131072 713019 82402 11252 2020
00000000 00000000 0 0 131072 713019 82402 11252 2501
00000000 00000000 0 0 131072 713019 82402 11252 2982
00000000 00000000 0 0 131072 713019 82402 11252 3463
00000000 00000000 0 0 131072 713019 83467 11252 96
00000000 00000000 0 0 131072 717726 78817 15132 1097
00000000 00000000 0 0 131072 717726 78817 15132 1578
00000000 00000000 0 0 131072 717726 79130 15132 616
00000000 00000000 0 0 131072 795696 2888 2888 3019
00000000 00000000 0 0 131072 795798 2888 2888 141
00000000 00000000 0 0 131072 795805 2888 2888 2538
00000000 00000000 0 0 131072 795858 2888 2888 3500
00000000 00000000 0 0 131072 795917 2888 2888 622
00000000 00000000 0 0 131072 796041 2888 2888 1103
00000000 00000000 0 0 131072 718525 82786 11252 593
00000000 00000000 0 0 131072 722021 80737 11252 609
00000000 00000000 0 0 131072 796454 6338 2888 2057
00000000 00000000 0 0 131072 718525 84300 11252 1074
00000000 00000000 0 0 131072 796739 6338 2888 1593
00000000 00000000 0 0 131072 718525 84688 11252 1555
00000000 00000000 0 0 131072 718525 85859 11252 2036
00000000 00000000 0 0 131072 718525 85859 11252 2517
00000000 00000000 0 0 131072 718525 85859 11252 2998
00000000 00000000 0 0 131072 718525 85859 11252 3479
00000000 00000000 0 0 131072 801594 2888 2888 3036
00000000 00000000 0 0 131072 722021 82512 11252 1090
00000000 00000000 0 0 131072 722021 82523 11252 1571
00000000 00000000 0 0 131072 801696 2888 2888 158
00000000 00000000 0 0 131072 801703 2888 2888 2555
00000000 00000000 0 0 131072 801756 2888 2888 3517
00000000 00000000 0 0 131072 801815 2888 2888 639
00000000 00000000 0 0 131072 801939 2888 2888 1112
00000000 00000000 0 0 131072 722021 83710 11252 2052
00000000 00000000 0 0 131072 722021 83710 11252 2533
00000000 00000000 0 0 131072 722021 83710 11252 3014
00000000 00000000 0 0 131072 722021 83710 11252 3495
00000000 00000000 0 0 131072 718525 87643 11252 112
00000000 00000000 0 0 131072 797051 9827 2888 4226
00000000 00000000 0 0 131072 797051 9827 2888 4234
00000000 00000000 0 0 131072 797051 9827 2888 6150
00000000 00000000 0 0 131072 797051 9827 2888 6158
00000000 00000000 0 0 131072 797051 9827 2888 6631
00000000 00000000 0 0 131072 797051 9827 2888 6639
00000000 00000000 0 0 131072 797051 9827 2888 7104
00000000 00000000 0 0 131072 797051 9827 2888 7112
00000000 00000000 0 0 131072 797051 9827 2888 7585
00000000 00000000 0 0 131072 797051 9827 2888 7593
00000000 00000000 0 0 131072 797061 9827 2888 4242
00000000 00000000 0 0 131072 797061 9827 2888 4250
00000000 00000000 0 0 131072 797061 9827 2888 6166
00000000 00000000 0 0 131072 797061 9827 2888 6174
00000000 00000000 0 0 131072 797061 9827 2888 6647
00000000 00000000 0 0 131072 797061 9827 2888 6655
00000000 00000000 0 0 131072 797061 9827 2888 7120
00000000 00000000 0 0 131072 797061 9827 2888 7128
00000000 00000000 0 0 131072 797061 9827 2888 7601
00000000 00000000 0 0 131072 797061 9827 2888 7609
00000000 00000000 0 0 131072 797071 9827 2888 4258
00000000 00000000 0 0 131072 797071 9827 2888 4266
00000000 00000000 0 0 131072 797071 9827 2888 6182
00000000 00000000 0 0 131072 797071 9827 2888 6190
00000000 00000000 0 0 131072 797071 9827 2888 6663
00000000 00000000 0 0 131072 797071 9827 2888 6671
00000000 00000000 0 0 131072 797071 9827 2888 7136
00000000 00000000 0 0 131072 797071 9827 2888 7144
00000000 00000000 0 0 131072 797071 9827 2888 7617
00000000 00000000 0 0 131072 797071 9827 2888 7625
00000000 00000000 0 0 131072 797081 9827 2888 4274
00000000 00000000 0 0 131072 797081 9827 2888 4282
00000000 00000000 0 0 131072 797081 9827 2888 6198
00000000 00000000 0 0 131072 797081 9827 2888 6206
00000000 00000000 0 0 131072 797081 9827 2888 6679
00000000 00000000 0 0 131072 797081 9827 2888 6687
00000000 00000000 0 0 131072 797081 9827 2888 7152
00000000 00000000 0 0 131072 797081 9827 2888 7160
00000000 00000000 0 0 131072 797081 9827 2888 7633
00000000 00000000 0 0 131072 797081 9827 2888 7641
00000000 00000000 0 0 131072 797130 9827 2888 4707
00000000 00000000 0 0 131072 797130 9827 2888 4715
00000000 00000000 0 0 131072 797140 9827 2888 4723
00000000 00000000 0 0 131072 797140 9827 2888 4731
00000000 00000000 0 0 131072 797150 9827 2888 4739
00000000 00000000 0 0 131072 797150 9827 2888 4747
00000000 00000000 0 0 131072 797160 9827 2888 4755
00000000 00000000 0 0 131072 797160 9827 2888 4763
00000000 00000000 0 0 131072 797437 9827 2888 5188
00000000 00000000 0 0 131072 797437 9827 2888 5196
00000000 00000000 0 0 131072 797437 9827 2888 5669
00000000 00000000 0 0 131072 797437 9827 2888 5677
00000000 00000000 0 0 131072 797447 9827 2888 5204
00000000 00000000 0 0 131072 797447 9827 2888 5212
00000000 00000000 0 0 131072 797447 9827 2888 5685
00000000 00000000 0 0 131072 797447 9827 2888 5693
00000000 00000000 0 0 131072 797457 9827 2888 5220
00000000 00000000 0 0 131072 797457 9827 2888 5228
00000000 00000000 0 0 131072 797457 9827 2888 5701
00000000 00000000 0 0 131072 797457 9827 2888 5709
00000000 00000000 0 0 131072 797467 9827 2888 5236
00000000 00000000 0 0 131072 797467 9827 2888 5244
00000000 00000000 0 0 131072 797467 9827 2888 5717
00000000 00000000 0 0 131072 797467 9827 2888 5725
00000000 00000000 0 0 131072 797787 9827 2888 4245
00000000 00000000 0 0 131072 797787 9827 2888 4253
00000000 00000000 0 0 131072 797787 9827 2888 4726
00000000 00000000 0 0 131072 797787 9827 2888 4734
00000000 00000000 0 0 131072 797787 9827 2888 5207
00000000 00000000 0 0 131072 797787 9827 2888 5215
00000000 00000000 0 0 131072 797787 9827 2888 5680
00000000 00000000 0 0 131072 797787 9827 2888 5688
00000000 00000000 0 0 131072 797787 9827 2888 6161
00000000 00000000 0 0 131072 797787 9827 2888 6169
00000000 00000000 0 0 131072 797787 9827 2888 6642
00000000 00000000 0 0 131072 797787 9827 2888 6650
00000000 00000000 0 0 131072 797787 9827 2888 7123
00000000 00000000 0 0 131072 797787 9827 2888 7131
00000000 00000000 0 0 131072 797787 9827 2888 7604
00000000 00000000 0 0 131072 797787 9827 2888 7612
00000000 00000000 0 0 131072 797797 9827 2888 4261
00000000 00000000 0 0 131072 797797 9827 2888 4269
00000000 00000000 0 0 131072 797797 9827 2888 4742
00000000 00000000 0 0 131072 797797 9827 2888 4750
00000000 00000000 0 0 131072 797797 9827 2888 5223
00000000 00000000 0 0 131072 797797 9827 2888 5231
00000000 00000000 0 0 131072 797797 9827 2888 5696
00000000 00000000 0 0 131072 797797 9827 2888 5704
00000000 00000000 0 0 131072 797797 9827 2888 6177
00000000 00000000 0 0 131072 797797 9827 2888 6185
00000000 00000000 0 0 131072 797797 9827 2888 6658
00000000 00000000 0 0 131072 797797 9827 2888 6666
00000000 00000000 0 0 131072 797797 9827 2888 7139
00000000 00000000 0 0 131072 797797 9827 2888 7147
00000000 00000000 0 0 131072 797797 9827 2888 7620
00000000 00000000 0 0 131072 797797 9827 2888 7628
00000000 00000000 0 0 131072 722021 85843 11252 128
00000000 00000000 0 0 131072 805802 2888 2888 2074
00000000 00000000 0 0 131072 809888 2888 2888 4243
00000000 00000000 0 0 131072 809888 2888 2888 4251
00000000 00000000 0 0 131072 809888 2888 2888 6167
00000000 00000000 0 0 131072 809888 2888 2888 6175
00000000 00000000 0 0 131072 809888 2888 2888 6640
00000000 00000000 0 0 131072 809888 2888 2888 6648
00000000 00000000 0 0 131072 809888 2888 2888 7121
00000000 00000000 0 0 131072 809888 2888 2888 7129
00000000 00000000 0 0 131072 809888 2888 2888 7602
00000000 00000000 0 0 131072 809888 2888 2888 7610
00000000 00000000 0 0 131072 809898 2888 2888 4259
00000000 00000000 0 0 131072 809898 2888 2888 4267
00000000 00000000 0 0 131072 809898 2888 2888 6183
00000000 00000000 0 0 131072 809898 2888 2888 6191
00000000 00000000 0 0 131072 809898 2888 2888 6656
00000000 00000000 0 0 131072 809898 2888 2888 6664
00000000 00000000 0 0 131072 809898 2888 2888 7137
00000000 00000000 0 0 131072 809898 2888 2888 7145
00000000 00000000 0 0 131072 809898 2888 2888 7618
00000000 00000000 0 0 131072 809898 2888 2888 7626
00000000 00000000 0 0 131072 809908 2888 2888 4275
00000000 00000000 0 0 131072 809908 2888 2888 4283
00000000 00000000 0 0 131072 809908 2888 2888 6199
00000000 00000000 0 0 131072 809908 2888 2888 6207
00000000 00000000 0 0 131072 809908 2888 2888 6672
00000000 00000000 0 0 131072 809908 2888 2888 6680
00000000 00000000 0 0 131072 809908 2888 2888 7153
00000000 00000000 0 0 131072 809908 2888 2888 7161
00000000 00000000 0 0 131072 809908 2888 2888 7634
00000000 00000000 0 0 131072 809908 2888 2888 7642
00000000 00000000 0 0 131072 809918 2888 2888 4291
00000000 00000000 0 0 131072 809918 2888 2888 4299
00000000 00000000 0 0 131072 809918 2888 2888 6215
00000000 00000000 0 0 131072 809918 2888 2888 6223
00000000 00000000 0 0 131072 809918 2888 2888 6688
00000000 00000000 0 0 131072 809918 2888 2888 6696
00000000 00000000 0 0 131072 809918 2888 2888 7169
00000000 00000000 0 0 131072 809918 2888 2888 7177
00000000 00000000 0 0 131072 809918 2888 2888 7650
00000000 00000000 0 0 131072 809918 2888 2888 7658
00000000 00000000 0 0 131072 809967 2888 2888 4724
00000000 00000000 0 0 131072 809967 2888 2888 4732
00000000 00000000 0 0 131072 809977 2888 2888 4740
00000000 00000000 0 0 131072 809977 2888 2888 4748
00000000 00000000 0 0 131072 809987 2888 2888 4756
00000000 00000000 0 0 131072 809987 2888 2888 4764
00000000 00000000 0 0 131072 809997 2888 2888 4772
00000000 00000000 0 0 131072 809997 2888 2888 4780
00000000 00000000 0 0 131072 810274 2888 2888 5205
00000000 00000000 0 0 131072 810274 2888 2888 5213
00000000 00000000 0 0 131072 810274 2888 2888 5686
00000000 00000000 0 0 131072 810274 2888 2888 5694
00000000 00000000 0 0 131072 810284 2888 2888 5221
00000000 00000000 0 0 131072 810284 2888 2888 5229
00000000 00000000 0 0 131072 810284 2888 2888 5702
00000000 00000000 0 0 131072 810284 2888 2888 5710
00000000 00000000 0 0 131072 810294 2888 2888 5237
00000000 00000000 0 0 131072 810294 2888 2888 5245
00000000 00000000 0 0 131072 810294 2888 2888 5718
00000000 00000000 0 0 131072 810294 2888 2888 5726
00000000 00000000 0 0 131072 810304 2888 2888 5253
00000000 00000000 0 0 131072 810304 2888 2888 5261
00000000 00000000 0 0 131072 810304 2888 2888 5734
00000000 00000000 0 0 131072 810304 2888 2888 5742
00000000 00000000 0 0 131072 810624 2888 2888 4262
00000000 00000000 0 0 131072 810624 2888 2888 4270
00000000 00000000 0 0 131072 810624 2888 2888 4743
00000000 00000000 0 0 131072 810624 2888 2888 4751
00000000 00000000 0 0 131072 810624 2888 2888 5216
00000000 00000000 0 0 131072 810624 2888 2888 5224
00000000 00000000 0 0 131072 810624 2888 2888 5697
00000000 00000000 0 0 131072 810624 2888 2888 5705
00000000 00000000 0 0 131072 810624 2888 2888 6178
00000000 00000000 0 0 131072 810624 2888 2888 6186
00000000 00000000 0 0 131072 810624 2888 2888 6659
00000000 00000000 0 0 131072 810624 2888 2888 6667
00000000 00000000 0 0 131072 810624 2888 2888 7140
00000000 00000000 0 0 131072 810624 2888 2888 7148
00000000 00000000 0 0 131072 810624 2888 2888 7621
00000000 00000000 0 0 131072 810624 2888 2888 7629
00000000 00000000 0 0 131072 810634 2888 2888 4278
00000000 00000000 0 0 131072 810634 2888 2888 4286
00000000 00000000 0 0 131072 810634 2888 2888 4759
00000000 00000000 0 0 131072 810634 2888 2888 4767
00000000 00000000 0 0 131072 810634 2888 2888 5232
00000000 00000000 0 0 131072 810634 2888 2888 5240
00000000 00000000 0 0 131072 810634 2888 2888 5713
00000000 00000000 0 0 131072 810634 2888 2888 5721
00000000 00000000 0 0 131072 810634 2888 2888 6194
00000000 00000000 0 0 131072 810634 2888 2888 6202
00000000 00000000 0 0 131072 810634 2888 2888 6675
00000000 00000000 0 0 131072 810634 2888 2888 6683
00000000 00000000 0 0 131072 810634 2888 2888 7156
00000000 00000000 0 0 131072 810634 2888 2888 7164
00000000 00000000 0 0 131072 810634 2888 2888 7637
00000000 00000000 0 0 131072 810634 2888 2888 7645
00000000 00000000 0 0 131072 815786 2888 2888 4260
00000000 00000000 0 0 131072 815786 2888 2888 4268
00000000 00000000 0 0 131072 815786 2888 2888 6176
00000000 00000000 0 0 131072 815786 2888 2888 6184
00000000 00000000 0 0 131072 815786 2888 2888 6657
00000000 00000000 0 0 131072 815786 2888 2888 6665
00000000 00000000 0 0 131072 815786 2888 2888 7138
00000000 00000000 0 0 131072 815786 2888 2888 7146
00000000 00000000 0 0 131072 815786 2888 2888 7619
00000000 00000000 0 0 131072 815786 2888 2888 7627
00000000 00000000 0 0 131072 815796 2888 2888 4276
00000000 00000000 0 0 131072 815796 2888 2888 4284
00000000 00000000 0 0 131072 815796 2888 2888 6192
00000000 00000000 0 0 131072 815796 2888 2888 6200
00000000 00000000 0 0 131072 815796 2888 2888 6673
00000000 00000000 0 0 131072 815796 2888 2888 6681
00000000 00000000 0 0 131072 815796 2888 2888 7154
00000000 00000000 0 0 131072 815796 2888 2888 7162
00000000 00000000 0 0 131072 815796 2888 2888 7635
00000000 00000000 0 0 131072 815796 2888 2888 7643
00000000 00000000 0 0 131072 815806 2888 2888 4292
00000000 00000000 0 0 131072 815806 2888 2888 4300
00000000 00000000 0 0 131072 815806 2888 2888 6208
00000000 00000000 0 0 131072 815806 2888 2888 6216
00000000 00000000 0 0 131072 815806 2888 2888 6689
00000000 00000000 0 0 131072 815806 2888 2888 6697
00000000 00000000 0 0 131072 815806 2888 2888 7170
00000000 00000000 0 0 131072 815806 2888 2888 7178
00000000 00000000 0 0 131072 815806 2888 2888 7651
00000000 00000000 0 0 131072 815806 2888 2888 7659
00000000 00000000 0 0 131072 815816 2888 2888 4308
00000000 00000000 0 0 131072 815816 2888 2888 4316
00000000 00000000 0 0 131072 815816 2888 2888 6224
00000000 00000000 0 0 131072 815816 2888 2888 6232
00000000 00000000 0 0 131072 815816 2888 2888 6705
00000000 00000000 0 0 131072 815816 2888 2888 6713
00000000 00000000 0 0 131072 815816 2888 2888 7186
00000000 00000000 0 0 131072 815816 2888 2888 7194
00000000 00000000 0 0 131072 815816 2888 2888 7667
00000000 00000000 0 0 131072 815816 2888 2888 7675
00000000 00000000 0 0 131072 815865 2888 2888 4741
00000000 00000000 0 0 131072 815865 2888 2888 4749
00000000 00000000 0 0 131072 815875 2888 2888 4757
00000000 00000000 0 0 131072 815875 2888 2888 4765
00000000 00000000 0 0 131072 815885 2888 2888 4773
00000000 00000000 0 0 131072 815885 2888 2888 4781
00000000 00000000 0 0 131072 815895 2888 2888 4789
00000000 00000000 0 0 131072 815895 2888 2888 4797
00000000 00000000 0 0 131072 821684 2888 2888 4277
00000000 00000000 0 0 131072 821684 2888 2888 4285
00000000 00000000 0 0 131072 821684 2888 2888 6193
00000000 00000000 0 0 131072 821684 2888 2888 6201
00000000 00000000 0 0 131072 821684 2888 2888 6674
00000000 00000000 0 0 131072 821684 2888 2888 6682
00000000 00000000 0 0 131072 821684 2888 2888 7155
00000000 00000000 0 0 131072 821684 2888 2888 7163
00000000 00000000 0 0 131072 821684 2888 2888 7636
00000000 00000000 0 0 131072 821684 2888 2888 7644
00000000 00000000 0 0 131072 821694 2888 2888 4293
00000000 00000000 0 0 131072 821694 2888 2888 4301
00000000 00000000 0 0 131072 821694 2888 2888 6209
00000000 00000000 0 0 131072 821694 2888 2888 6217
00000000 00000000 0 0 131072 821694 2888 2888 6690
00000000 00000000 0 0 131072 821694 2888 2888 6698
00000000 00000000 0 0 131072 821694 2888 2888 7171
00000000 00000000 0 0 131072 821694 2888 2888 7179
00000000 00000000 0 0 131072 821694 2888 2888 7652
00000000 00000000 0 0 131072 821694 2888 2888 7660
00000000 00000000 0 0 131072 821704 2888 2888 4309
00000000 00000000 0 0 131072 821704 2888 2888 4317
00000000 00000000 0 0 131072 821704 2888 2888 6225
00000000 00000000 0 0 131072 821704 2888 2888 6233
00000000 00000000 0 0 131072 821704 2888 2888 6706
00000000 00000000 0 0 131072 821704 2888 2888 6714
00000000 00000000 0 0 131072 821704 2888 2888 7187
00000000 00000000 0 0 131072 821704 2888 2888 7195
00000000 00000000 0 0 131072 821704 2888 2888 7668
00000000 00000000 0 0 131072 821704 2888 2888 7676
00000000 00000000 0 0 131072 821763 2888 2888 4758
00000000 00000000 0 0 131072 821763 2888 2888 4766
00000000 00000000 0 0 131072 821773 2888 2888 4774
00000000 00000000 0 0 131072 821773 2888 2888 4782
00000000 00000000 0 0 131072 821783 2888 2888 4790
00000000 00000000 0 0 131072 821783 2888 2888 4798
00000000 00000000 0 0 131072 816172 9313 2888 5222
00000000 00000000 0 0 131072 816172 9313 2888 5230
00000000 00000000 0 0 131072 816172 9313 2888 5703
00000000 00000000 0 0 131072 816172 9313 2888 5711
00000000 00000000 0 0 131072 816182 9313 2888 5238
00000000 00000000 0 0 131072 816182 9313 2888 5246
00000000 00000000 0 0 131072 816182 9313 2888 5719
00000000 00000000 0 0 131072 816182 9313 2888 5727
00000000 00000000 0 0 131072 816192 9313 2888 5254
00000000 00000000 0 0 131072 816192 9313 2888 5262
00000000 00000000 0 0 131072 816192 9313 2888 5735
00000000 00000000 0 0 131072 816192 9313 2888 5743
00000000 00000000 0 0 131072 816202 9313 2888 5270
00000000 00000000 0 0 131072 816202 9313 2888 5278
00000000 00000000 0 0 131072 816202 9313 2888 5751
00000000 00000000 0 0 131072 816202 9313 2888 5759
00000000 00000000 0 0 131072 798195 29202 6828 6163
00000000 00000000 0 0 131072 798195 29202 6828 6171
00000000 00000000 0 0 131072 798265 29202 6828 6179
00000000 00000000 0 0 131072 798265 29202 6828 6187
00000000 00000000 0 0 131072 747677 80543 11252 1476
00000000 00000000 0 0 131072 747677 80543 11252 1957
00000000 00000000 0 0 131072 747677 80543 11252 2438
00000000 00000000 0 0 131072 747677 80543 11252 2919
00000000 00000000 0 0 131072 798195 30447 6828 4720
00000000 00000000 0 0 131072 798195 30447 6828 4728
00000000 00000000 0 0 131072 798195 30468 6828 4247
00000000 00000000 0 0 131072 798195 30468 6828 4255
00000000 00000000 0 0 131072 798195 30468 6828 6644
00000000 00000000 0 0 131072 798195 30468 6828 6652
00000000 00000000 0 0 131072 798195 30468 6828 7125
00000000 00000000 0 0 131072 798195 30468 6828 7133
00000000 00000000 0 0 131072 798195 30468 6828 7606
00000000 00000000 0 0 131072 798195 30468 6828 7614
00000000 00000000 0 0 131072 798195 30487 6828 5201
00000000 00000000 0 0 131072 798195 30487 6828 5209
00000000 00000000 0 0 131072 798195 30487 6828 5682
00000000 00000000 0 0 131072 798195 30487 6828 5690
00000000 00000000 0 0 131072 798265 30447 6828 4736
00000000 00000000 0 0 131072 798265 30447 6828 4744
00000000 00000000 0 0 131072 798265 30468 6828 4263
00000000 00000000 0 0 131072 798265 30468 6828 4271
00000000 00000000 0 0 131072 798265 30468 6828 6660
00000000 00000000 0 0 131072 798265 30468 6828 6668
00000000 00000000 0 0 131072 798265 30468 6828 7141
00000000 00000000 0 0 131072 798265 30468 6828 7149
00000000 00000000 0 0 131072 798265 30468 6828 7622
00000000 00000000 0 0 131072 798265 30468 6828 7630
00000000 00000000 0 0 131072 798265 30487 6828 5217
00000000 00000000 0 0 131072 798265 30487 6828 5225
00000000 00000000 0 0 131072 798265 30487 6828 5698
00000000 00000000 0 0 131072 798265 30487 6828 5706
00000000 00000000 0 0 131072 747677 81102 11252 995
00000000 00000000 0 0 131072 748698 80313 11252 51
00000000 00000000 0 0 131072 748698 80313 11252 2451
00000000 00000000 0 0 131072 748698 80313 11252 2931
00000000 00000000 0 0 131072 748698 80313 11252 3411
00000000 00000000 0 0 131072 748698 80361 11252 52
00000000 00000000 0 0 131072 748698 80361 11252 53
00000000 00000000 0 0 131072 748698 80361 11252 54
00000000 00000000 0 0 131072 748698 80361 11252 532
00000000 00000000 0 0 131072 748698 80361 11252 533
00000000 00000000 0 0 131072 748698 80361 11252 534
00000000 00000000 0 0 131072 748698 80361 11252 535
00000000 00000000 0 0 131072 748698 80361 11252 1013
00000000 00000000 0 0 131072 748698 80361 11252 1014
00000000 00000000 0 0 131072 748698 80361 11252 1015
00000000 00000000 0 0 131072 748698 80361 11252 1494
00000000 00000000 0 0 131072 748698 80361 11252 1495
00000000 00000000 0 0 131072 748698 80361 11252 1975
00000000 00000000 0 0 131072 748698 80361 11252 2932
00000000 00000000 0 0 131072 748698 80361 11252 3412
00000000 00000000 0 0 131072 748698 80361 11252 3413
00000000 00000000 0 0 131072 747677 81966 11252 3392
00000000 00000000 0 0 131072 748698 81966 11252 1008
00000000 00000000 0 0 131072 748698 81966 11252 1488
00000000 00000000 0 0 131072 748698 81966 11252 1968
00000000 00000000 0 0 131072 748698 81966 11252 2448
00000000 00000000 0 0 131072 750458 81521 11252 1970
00000000 00000000 0 0 131072 750458 81521 11252 2450
00000000 00000000 0 0 131072 750458 81521 11252 2930
00000000 00000000 0 0 131072 750458 81521 11252 3410
00000000 00000000 0 0 131072 747677 84396 11252 514
00000000 00000000 0 0 131072 750460 82410 11252 33
00000000 00000000 0 0 131072 830407 2888 2888 6188
00000000 00000000 0 0 131072 830407 2888 2888 6180
00000000 00000000 0 0 131072 830477 2888 2888 6204
00000000 00000000 0 0 131072 830477 2888 2888 6196
00000000 00000000 0 0 131072 751481 82410 11252 1489
00000000 00000000 0 0 131072 751481 82410 11252 1969
00000000 00000000 0 0 131072 751481 82410 11252 2449
00000000 00000000 0 0 131072 751481 82410 11252 2929
00000000 00000000 0 0 131072 831652 2888 2888 4745
00000000 00000000 0 0 131072 831652 2888 2888 4737
00000000 00000000 0 0 131072 831673 2888 2888 4264
00000000 00000000 0 0 131072 831673 2888 2888 4256
00000000 00000000 0 0 131072 831673 2888 2888 6669
00000000 00000000 0 0 131072 831673 2888 2888 6661
00000000 00000000 0 0 131072 831673 2888 2888 7150
00000000 00000000 0 0 131072 831673 2888 2888 7142
00000000 00000000 0 0 131072 831673 2888 2888 7631
00000000 00000000 0 0 131072 831673 2888 2888 7623
00000000 00000000 0 0 131072 831692 2888 2888 5226
00000000 00000000 0 0 131072 831692 2888 2888 5218
00000000 00000000 0 0 131072 831692 2888 2888 5707
00000000 00000000 0 0 131072 831692 2888 2888 5699
00000000 00000000 0 0 131072 831722 2888 2888 4761
00000000 00000000 0 0 131072 831722 2888 2888 4753
00000000 00000000 0 0 131072 831743 2888 2888 4280
00000000 00000000 0 0 131072 831743 2888 2888 4272
00000000 00000000 0 0 131072 831743 2888 2888 6685
00000000 00000000 0 0 131072 831743 2888 2888 6677
00000000 00000000 0 0 131072 831743 2888 2888 7166
00000000 00000000 0 0 131072 831743 2888 2888 7158
00000000 00000000 0 0 131072 831743 2888 2888 7647
00000000 00000000 0 0 131072 831743 2888 2888 7639
00000000 00000000 0 0 131072 831762 2888 2888 5242
00000000 00000000 0 0 131072 831762 2888 2888 5234
00000000 00000000 0 0 131072 831762 2888 2888 5723
00000000 00000000 0 0 131072 831762 2888 2888 5715
00000000 00000000 0 0 131072 827582 7243 2888 6210
00000000 00000000 0 0 131072 827582 7243 2888 6218
00000000 00000000 0 0 131072 827582 7243 2888 6691
00000000 00000000 0 0 131072 827582 7243 2888 6699
00000000 00000000 0 0 131072 827582 7243 2888 7172
00000000 00000000 0 0 131072 827582 7243 2888 7180
00000000 00000000 0 0 131072 827582 7243 2888 7653
00000000 00000000 0 0 131072 827582 7243 2888 7661
00000000 00000000 0 0 131072 827592 7243 2888 6226
00000000 00000000 0 0 131072 827592 7243 2888 6234
00000000 00000000 0 0 131072 827592 7243 2888 6707
00000000 00000000 0 0 131072 827592 7243 2888 6715
00000000 00000000 0 0 131072 827592 7243 2888 7188
00000000 00000000 0 0 131072 827592 7243 2888 7196
00000000 00000000 0 0 131072 827592 7243 2888 7669
00000000 00000000 0 0 131072 827592 7243 2888 7677
00000000 00000000 0 0 131072 827582 8251 2888 4294
00000000 00000000 0 0 131072 827582 8251 2888 4302
00000000 00000000 0 0 131072 827592 8251 2888 4310
00000000 00000000 0 0 131072 827592 8251 2888 4318
00000000 00000000 0 0 131072 828495 8169 2888 5712
00000000 00000000 0 0 131072 828495 8169 2888 5720
00000000 00000000 0 0 131072 828505 8169 2888 5728
00000000 00000000 0 0 131072 828505 8169 2888 5736
00000000 00000000 0 0 131072 828515 8169 2888 5744
00000000 00000000 0 0 131072 828515 8169 2888 5752
00000000 00000000 0 0 131072 827661 9797 2888 4775
00000000 00000000 0 0 131072 827661 9797 2888 4783
00000000 00000000 0 0 131072 827671 9797 2888 4791
00000000 00000000 0 0 131072 827671 9797 2888 4799
00000000 00000000 0 0 131072 828495 9797 2888 5239
00000000 00000000 0 0 131072 828495 9797 2888 5247
00000000 00000000 0 0 131072 828505 9797 2888 5255
00000000 00000000 0 0 131072 828505 9797 2888 5263
00000000 00000000 0 0 131072 828515 9797 2888 5271
00000000 00000000 0 0 131072 828515 9797 2888 5279
00000000 00000000 0 0 131072 836305 6107 2888 6197
00000000 00000000 0 0 131072 836305 6107 2888 6205
00000000 00000000 0 0 131072 836375 6107 2888 6213
00000000 00000000 0 0 131072 836375 6107 2888 6221
00000000 00000000 0 0 131072 839674 2888 2888 5729
00000000 00000000 0 0 131072 839674 2888 2888 5737
00000000 00000000 0 0 131072 839684 2888 2888 5745
00000000 00000000 0 0 131072 839684 2888 2888 5753
00000000 00000000 0 0 131072 837571 5957 2888 6678
00000000 00000000 0 0 131072 837571 5957 2888 6686
00000000 00000000 0 0 131072 837641 5957 2888 6694
00000000 00000000 0 0 131072 837641 5957 2888 6702
00000000 00000000 0 0 131072 837550 6107 2888 4754
00000000 00000000 0 0 131072 837550 6107 2888 4762
00000000 00000000 0 0 131072 816522 27173 6828 4752
00000000 00000000 0 0 131072 816522 27173 6828 4760
00000000 00000000 0 0 131072 837590 6107 2888 5235
00000000 00000000 0 0 131072 837590 6107 2888 5243
00000000 00000000 0 0 131072 837590 6107 2888 5716
00000000 00000000 0 0 131072 837590 6107 2888 5724
00000000 00000000 0 0 131072 816532 27173 6828 4768
00000000 00000000 0 0 131072 816532 27173 6828 4776
00000000 00000000 0 0 131072 837620 6107 2888 4770
00000000 00000000 0 0 131072 837620 6107 2888 4778
00000000 00000000 0 0 131072 816522 27207 6828 5233
00000000 00000000 0 0 131072 816522 27207 6828 5241
00000000 00000000 0 0 131072 816522 27207 6828 5714
00000000 00000000 0 0 131072 816522 27207 6828 5722
00000000 00000000 0 0 131072 816532 27207 6828 5249
00000000 00000000 0 0 131072 816532 27207 6828 5257
00000000 00000000 0 0 131072 816532 27207 6828 5730
00000000 00000000 0 0 131072 816532 27207 6828 5738
00000000 00000000 0 0 131072 837660 6107 2888 5251
00000000 00000000 0 0 131072 837660 6107 2888 5259
00000000 00000000 0 0 131072 837660 6107 2888 5732
00000000 00000000 0 0 131072 837660 6107 2888 5740
00000000 00000000 0 0 131072 841302 2888 2888 5248
00000000 00000000 0 0 131072 841302 2888 2888 5256
00000000 00000000 0 0 131072 841312 2888 2888 5264
00000000 00000000 0 0 131072 841312 2888 2888 5272
00000000 00000000 0 0 131072 837571 7243 2888 4273
00000000 00000000 0 0 131072 837571 7243 2888 4281
00000000 00000000 0 0 131072 750458 94368 15132 1490
00000000 00000000 0 0 131072 837641 7243 2888 4289
00000000 00000000 0 0 131072 837641 7243 2888 4297
00000000 00000000 0 0 131072 837571 7441 2888 7632
00000000 00000000 0 0 131072 837571 7441 2888 7640
00000000 00000000 0 0 131072 837641 7441 2888 7648
00000000 00000000 0 0 131072 837641 7441 2888 7656
00000000 00000000 0 0 131072 748698 96714 15132 528
00000000 00000000 0 0 131072 816522 29000 6828 6195
00000000 00000000 0 0 131072 816522 29000 6828 6203
00000000 00000000 0 0 131072 816532 29000 6828 6211
00000000 00000000 0 0 131072 816532 29000 6828 6219
00000000 00000000 0 0 131072 816522 29084 6828 4279
00000000 00000000 0 0 131072 816522 29084 6828 4287
00000000 00000000 0 0 131072 816522 29084 6828 6676
00000000 00000000 0 0 131072 816522 29084 6828 6684
00000000 00000000 0 0 131072 816522 29084 6828 7157
00000000 00000000 0 0 131072 816522 29084 6828 7165
00000000 00000000 0 0 131072 816522 29084 6828 7638
00000000 00000000 0 0 131072 816522 29084 6828 7646
00000000 00000000 0 0 131072 816532 29084 6828 4295
00000000 00000000 0 0 131072 816532 29084 6828 4303
00000000 00000000 0 0 131072 816532 29084 6828 6692
00000000 00000000 0 0 131072 816532 29084 6828 6700
00000000 00000000 0 0 131072 816532 29084 6828 7173
00000000 00000000 0 0 131072 816532 29084 6828 7181
00000000 00000000 0 0 131072 816532 29084 6828 7654
00000000 00000000 0 0 131072 816532 29084 6828 7662
00000000 00000000 0 0 131072 751481 94368 15132 1009
00000000 00000000 0 0 131072 837571 8814 2888 7159
00000000 00000000 0 0 131072 837571 8814 2888 7167
00000000 00000000 0 0 131072 837641 8814 2888 7175
00000000 00000000 0 0 131072 837641 8814 2888 7183
00000000 00000000 0 0 131072 840468 6828 6828 4784
00000000 00000000 0 0 131072 840468 6828 6828 4792
00000000 00000000 0 0 131072 748698 99359 15132 1971
00000000 00000000 0 0 131072 845422 2888 2888 6214
00000000 00000000 0 0 131072 845422 2888 2888 6222
00000000 00000000 0 0 131072 748698 99626 15132 55
00000000 00000000 0 0 131072 748698 99626 15132 2452
00000000 00000000 0 0 131072 748698 99626 15132 2933
00000000 00000000 0 0 131072 748698 99626 15132 3414
00000000 00000000 0 0 131072 845492 2888 2888 6230
00000000 00000000 0 0 131072 845492 2888 2888 6238
00000000 00000000 0 0 131072 849395 2888 2888 7168
00000000 00000000 0 0 131072 849395 2888 2888 7176
00000000 00000000 0 0 131072 849465 2888 2888 7184
00000000 00000000 0 0 131072 849465 2888 2888 7192
00000000 00000000 0 0 131072 769335 83898 11252 530
00000000 00000000 0 0 131072 847836 5582 2888 1515
00000000 00000000 0 0 131072 851067 2888 2888 1996
00000000 00000000 0 0 131072 770292 83798 11252 1011
00000000 00000000 0 0 131072 848422 5744 2888 553
00000000 00000000 0 0 131072 851320 2888 2888 6231
00000000 00000000 0 0 131072 851320 2888 2888 6239
00000000 00000000 0 0 131072 851334 2888 2888 72
00000000 00000000 0 0 131072 851334 2888 2888 2477
00000000 00000000 0 0 131072 851334 2888 2888 2958
00000000 00000000 0 0 131072 851334 2888 2888 3439
00000000 00000000 0 0 131072 848859 5651 2888 1034
00000000 00000000 0 0 131072 848616 6046 2888 4288
00000000 00000000 0 0 131072 848616 6046 2888 4296
00000000 00000000 0 0 131072 848626 6046 2888 4304
00000000 00000000 0 0 131072 848626 6046 2888 4312
00000000 00000000 0 0 131072 848616 6507 2888 7174
00000000 00000000 0 0 131072 848616 6507 2888 7182
00000000 00000000 0 0 131072 848626 6507 2888 7190
00000000 00000000 0 0 131072 848626 6507 2888 7198
00000000 00000000 0 0 131072 772021 83181 11252 49
00000000 00000000 0 0 131072 846538 9225 2888 6695
00000000 00000000 0 0 131072 846538 9225 2888 6703
00000000 00000000 0 0 131072 846608 9225 2888 6711
00000000 00000000 0 0 131072 846608 9225 2888 6719
00000000 00000000 0 0 131072 772021 83902 11252 3408
00000000 00000000 0 0 131072 846705 9242 2888 4769
00000000 00000000 0 0 131072 846705 9242 2888 4777
00000000 00000000 0 0 131072 846715 9242 2888 4785
00000000 00000000 0 0 131072 846715 9242 2888 4793
00000000 00000000 0 0 131072 772021 84134 11252 1492
00000000 00000000 0 0 131072 772021 84134 11252 1973
00000000 00000000 0 0 131072 772021 84134 11252 2454
00000000 00000000 0 0 131072 772021 84134 11252 2935
00000000 00000000 0 0 131072 846667 9575 2888 4771
00000000 00000000 0 0 131072 846667 9575 2888 4779
00000000 00000000 0 0 131072 846707 9575 2888 5252
00000000 00000000 0 0 131072 846707 9575 2888 5260
00000000 00000000 0 0 131072 846707 9575 2888 5733
00000000 00000000 0 0 131072 846707 9575 2888 5741
00000000 00000000 0 0 131072 846737 9575 2888 4787
00000000 00000000 0 0 131072 846737 9575 2888 4795
00000000 00000000 0 0 131072 846739 9575 2888 5250
00000000 00000000 0 0 131072 846739 9575 2888 5258
00000000 00000000 0 0 131072 846739 9575 2888 5731
00000000 00000000 0 0 131072 846739 9575 2888 5739
00000000 00000000 0 0 131072 846749 9575 2888 5266
00000000 00000000 0 0 131072 846749 9575 2888 5274
00000000 00000000 0 0 131072 846749 9575 2888 5747
00000000 00000000 0 0 131072 846749 9575 2888 5755
00000000 00000000 0 0 131072 846777 9575 2888 5268
00000000 00000000 0 0 131072 846777 9575 2888 5276
00000000 00000000 0 0 131072 846777 9575 2888 5749
00000000 00000000 0 0 131072 846777 9575 2888 5757
00000000 00000000 0 0 131072 848022 9242 2888 7649
00000000 00000000 0 0 131072 848022 9242 2888 7657
00000000 00000000 0 0 131072 848092 9242 2888 7665
00000000 00000000 0 0 131072 848092 9242 2888 7673
00000000 00000000 0 0 131072 847824 9575 2888 4290
00000000 00000000 0 0 131072 847824 9575 2888 4298
00000000 00000000 0 0 131072 847894 9575 2888 4306
00000000 00000000 0 0 131072 847894 9575 2888 4314
00000000 00000000 0 0 131072 848616 9225 2888 7655
00000000 00000000 0 0 131072 848616 9225 2888 7663
00000000 00000000 0 0 131072 848626 9225 2888 7671
00000000 00000000 0 0 131072 848626 9225 2888 7679
00000000 00000000 0 0 131072 848532 9575 2888 6212
00000000 00000000 0 0 131072 848532 9575 2888 6220
00000000 00000000 0 0 131072 848542 9575 2888 6228
00000000 00000000 0 0 131072 848542 9575 2888 6236
00000000 00000000 0 0 131072 855293 2888 2888 7185
00000000 00000000 0 0 131072 855293 2888 2888 7193
00000000 00000000 0 0 131072 848616 9575 2888 6693
00000000 00000000 0 0 131072 848616 9575 2888 6701
00000000 00000000 0 0 131072 848626 9575 2888 6709
00000000 00000000 0 0 131072 848626 9575 2888 6717
00000000 00000000 0 0 131072 771563 89732 15132 632
00000000 00000000 0 0 131072 837835 23879 6828 6708
00000000 00000000 0 0 131072 837835 23879 6828 6716
00000000 00000000 0 0 131072 837835 23879 6828 7189
00000000 00000000 0 0 131072 837835 23879 6828 7197
00000000 00000000 0 0 131072 837835 23879 6828 7670
00000000 00000000 0 0 131072 837835 23879 6828 7678
00000000 00000000 0 0 131072 837835 24007 6828 6227
00000000 00000000 0 0 131072 837835 24007 6828 6235
00000000 00000000 0 0 131072 856428 5689 2888 1532
00000000 00000000 0 0 131072 859252 2888 2888 4788
00000000 00000000 0 0 131072 859252 2888 2888 4796
00000000 00000000 0 0 131072 859292 2888 2888 5269
00000000 00000000 0 0 131072 859292 2888 2888 5277
00000000 00000000 0 0 131072 859292 2888 2888 5750
00000000 00000000 0 0 131072 859292 2888 2888 5758
00000000 00000000 0 0 131072 859324 2888 2888 5267
00000000 00000000 0 0 131072 859324 2888 2888 5275
00000000 00000000 0 0 131072 859324 2888 2888 5748
00000000 00000000 0 0 131072 859324 2888 2888 5756
00000000 00000000 0 0 131072 856965 5582 2888 2013
00000000 00000000 0 0 131072 838843 23879 6828 4311
00000000 00000000 0 0 131072 838843 23879 6828 4319
00000000 00000000 0 0 131072 857232 5586 2888 89
00000000 00000000 0 0 131072 857176 5676 2888 570
00000000 00000000 0 0 131072 857232 5689 2888 2975
00000000 00000000 0 0 131072 857232 5694 2888 3448
00000000 00000000 0 0 131072 857232 5697 2888 2494
00000000 00000000 0 0 131072 860274 2888 2888 7666
00000000 00000000 0 0 131072 860274 2888 2888 7674
00000000 00000000 0 0 131072 857520 5653 2888 1051
00000000 00000000 0 0 131072 860409 2888 2888 4307
00000000 00000000 0 0 131072 860409 2888 2888 4315
00000000 00000000 0 0 131072 860851 2888 2888 7664
00000000 00000000 0 0 131072 860851 2888 2888 7672
00000000 00000000 0 0 131072 771563 92288 15132 1113
00000000 00000000 0 0 131072 771563 92288 15132 1594
00000000 00000000 0 0 131072 784061 79833 11252 3424
00000000 00000000 0 0 131072 861117 2888 2888 6229
00000000 00000000 0 0 131072 861117 2888 2888 6237
00000000 00000000 0 0 131072 861201 2888 2888 6710
00000000 00000000 0 0 131072 861201 2888 2888 6718
00000000 00000000 0 0 131072 784061 80254 11252 1989
00000000 00000000 0 0 131072 784061 80254 11252 2470
00000000 00000000 0 0 131072 784061 80254 11252 2951
00000000 00000000 0 0 131072 857672 6810 2888 4305
00000000 00000000 0 0 131072 857672 6810 2888 4313
00000000 00000000 0 0 131072 858773 5728 2888 6704
00000000 00000000 0 0 131072 858773 5728 2888 6712
00000000 00000000 0 0 131072 783487 81167 11252 1027
00000000 00000000 0 0 131072 858133 6575 2888 7191
00000000 00000000 0 0 131072 858133 6575 2888 7199
00000000 00000000 0 0 131072 783775 80987 11252 546
00000000 00000000 0 0 131072 771563 93323 15132 2075
00000000 00000000 0 0 131072 784061 81700 11252 1508
00000000 00000000 0 0 131072 771563 94544 15132 159
00000000 00000000 0 0 131072 771563 94544 15132 3037
00000000 00000000 0 0 131072 771563 94544 15132 3518
00000000 00000000 0 0 131072 784745 81528 11252 65
00000000 00000000 0 0 131072 858957 7338 2888 4786
00000000 00000000 0 0 131072 858957 7338 2888 4794
00000000 00000000 0 0 131072 787844 79833 11252 3440
00000000 00000000 0 0 131072 791616 76313 11252 3456
00000000 00000000 0 0 131072 865127 2888 2888 1549
00000000 00000000 0 0 131072 787844 80254 11252 2005
00000000 00000000 0 0 131072 787844 80254 11252 2486
00000000 00000000 0 0 131072 787844 80254 11252 2967
00000000 00000000 0 0 131072 787196 81167 11252 1043
00000000 00000000 0 0 131072 787412 80987 11252 562
00000000 00000000 0 0 131072 865557 2888 2888 2030
00000000 00000000 0 0 131072 789379 79254 11252 81
00000000 00000000 0 0 131072 865828 2888 2888 106
00000000 00000000 0 0 131072 865862 2888 2888 587
00000000 00000000 0 0 131072 865931 2888 2888 2984
00000000 00000000 0 0 131072 865936 2888 2888 3465
00000000 00000000 0 0 131072 865939 2888 2888 2511
00000000 00000000 0 0 131072 791616 77281 11252 2021
00000000 00000000 0 0 131072 791616 77281 11252 2502
00000000 00000000 0 0 131072 791616 77281 11252 2983
00000000 00000000 0 0 131072 775659 93352 15132 2556
00000000 00000000 0 0 131072 845572 23439 6828 5746
00000000 00000000 0 0 131072 845572 23439 6828 5754
00000000 00000000 0 0 131072 847200 23407 6828 5265
00000000 00000000 0 0 131072 847200 23407 6828 5273
00000000 00000000 0 0 131072 866183 5694 2888 1068
00000000 00000000 0 0 131072 791184 81254 11252 578
00000000 00000000 0 0 131072 787844 84614 11252 1524
00000000 00000000 0 0 131072 790968 82638 11252 1059
00000000 00000000 0 0 131072 791616 82114 11252 1540
00000000 00000000 0 0 131072 871025 2888 2888 1566
00000000 00000000 0 0 131072 871455 2888 2888 2047
00000000 00000000 0 0 131072 871726 2888 2888 123
00000000 00000000 0 0 131072 871760 2888 2888 604
00000000 00000000 0 0 131072 871829 2888 2888 3001
00000000 00000000 0 0 131072 871834 2888 2888 3482
00000000 00000000 0 0 131072 871837 2888 2888 2520
00000000 00000000 0 0 131072 799553 77742 11252 1106
00000000 00000000 0 0 131072 874887 2888 2888 1085
00000000 00000000 0 0 131072 796904 81254 11252 594
00000000 00000000 0 0 131072 798253 80094 11252 144
00000000 00000000 0 0 131072 798431 80094 11252 3472
00000000 00000000 0 0 131072 799553 79121 11252 1587
00000000 00000000 0 0 131072 796353 82578 11252 97
00000000 00000000 0 0 131072 798253 84261 11252 2549
00000000 00000000 0 0 131072 798253 84261 11252 3030
00000000 00000000 0 0 131072 798253 84261 11252 3511
00000000 00000000 0 0 131072 876923 5694 2888 1583
00000000 00000000 0 0 131072 799496 83122 11252 113
00000000 00000000 0 0 131072 798431 84261 11252 2037
00000000 00000000 0 0 131072 798431 84261 11252 2518
00000000 00000000 0 0 131072 798431 84261 11252 2999
00000000 00000000 0 0 131072 799866 83122 11252 625
00000000 00000000 0 0 131072 877353 5697 2888 2056
00000000 00000000 0 0 131072 877658 5653 2888 621
00000000 00000000 0 0 131072 877624 5697 2888 140
00000000 00000000 0 0 131072 877735 5657 2888 2537
00000000 00000000 0 0 131072 877732 5678 2888 3499
00000000 00000000 0 0 131072 877727 5688 2888 3018
00000000 00000000 0 0 131072 798174 85476 11252 1075
00000000 00000000 0 0 131072 880785 2888 2888 1102
00000000 00000000 0 0 131072 798253 85769 11252 2068
00000000 00000000 0 0 131072 798431 85769 11252 1556
00000000 00000000 0 0 131072 804321 80816 11252 610
00000000 00000000 0 0 131072 805768 80816 11252 626
00000000 00000000 0 0 131072 807713 79682 15132 648
00000000 00000000 0 0 131072 807394 80571 11252 2053
00000000 00000000 0 0 131072 807394 80571 11252 2534
00000000 00000000 0 0 131072 807394 80571 11252 3015
00000000 00000000 0 0 131072 805835 82306 11252 1091
00000000 00000000 0 0 131072 806223 82113 11252 1572
00000000 00000000 0 0 131072 807394 81027 11252 3488
00000000 00000000 0 0 131072 885627 2888 2888 1592
00000000 00000000 0 0 131072 806087 82681 15132 1610
00000000 00000000 0 0 131072 886060 2888 2888 2073
00000000 00000000 0 0 131072 807837 81174 15132 1129
00000000 00000000 0 0 131072 807492 81519 15132 3053
00000000 00000000 0 0 131072 807594 81469 15132 175
00000000 00000000 0 0 131072 807654 81469 15132 3534
00000000 00000000 0 0 131072 807601 81927 15132 2572
00000000 00000000 0 0 131072 811700 78016 15132 2091
00000000 00000000 0 0 131072 886331 5678 2888 157
00000000 00000000 0 0 131072 886321 5699 2888 638
00000000 00000000 0 0 131072 886402 5694 2888 2554
00000000 00000000 0 0 131072 886425 5689 2888 3035
00000000 00000000 0 0 131072 886420 5699 2888 3516
00000000 00000000 0 0 131072 886683 5697 2888 1119
00000000 00000000 0 0 131072 807554 84873 11252 1588
00000000 00000000 0 0 131072 807543 85624 11252 1107
00000000 00000000 0 0 131072 809178 84194 11252 129
00000000 00000000 0 0 131072 808741 84816 11252 3504
00000000 00000000 0 0 131072 808741 85196 11252 2069
00000000 00000000 0 0 131072 808741 85196 11252 2550
00000000 00000000 0 0 131072 808741 85196 11252 3031
00000000 00000000 0 0 131072 891525 2888 2888 1609
00000000 00000000 0 0 131072 891958 2888 2888 2090
00000000 00000000 0 0 131072 810874 84194 11252 145
00000000 00000000 0 0 131072 895019 2888 2888 174
00000000 00000000 0 0 131072 895030 2888 2888 655
00000000 00000000 0 0 131072 895106 2888 2888 2571
00000000 00000000 0 0 131072 895124 2888 2888 3052
00000000 00000000 0 0 131072 895129 2888 2888 3533
00000000 00000000 0 0 131072 895390 2888 2888 1128
00000000 00000000 0 0 131072 832069 67873 15132 544
00000000 00000000 0 0 131072 832069 69999 15132 71
00000000 00000000 0 0 131072 832069 69999 15132 2949
00000000 00000000 0 0 131072 832069 69999 15132 3430
00000000 00000000 0 0 131072 832021 70268 15132 2468
00000000 00000000 0 0 131072 833674 71113 15132 1025
00000000 00000000 0 0 131072 902952 2888 2888 569
00000000 00000000 0 0 131072 834989 71996 15132 1987
00000000 00000000 0 0 131072 905078 2888 2888 88
00000000 00000000 0 0 131072 905078 2888 2888 2974
00000000 00000000 0 0 131072 905078 2888 2888 3455
00000000 00000000 0 0 131072 905299 2888 2888 2493
00000000 00000000 0 0 131072 836901 72454 15132 1506
00000000 00000000 0 0 131072 909995 2888 2888 2012
00000000 00000000 0 0 131072 910976 2888 2888 105
00000000 00000000 0 0 131072 910976 2888 2888 2991
00000000 00000000 0 0 131072 910976 2888 2888 3464
00000000 00000000 0 0 131072 911197 2888 2888 2510
00000000 00000000 0 0 131072 907797 6344 2888 1050
00000000 00000000 0 0 131072 831230 83834 11252 1493
00000000 00000000 0 0 131072 831230 83834 11252 1974
00000000 00000000 0 0 131072 831230 83834 11252 2455
00000000 00000000 0 0 131072 908850 6344 2888 586
00000000 00000000 0 0 131072 912365 2888 2888 1531
00000000 00000000 0 0 131072 832653 83094 11252 3409
00000000 00000000 0 0 131072 831789 84026 11252 1012
00000000 00000000 0 0 131072 832069 83834 11252 69
00000000 00000000 0 0 131072 832069 83834 11252 70
00000000 00000000 0 0 131072 832069 83834 11252 549
00000000 00000000 0 0 131072 832069 83834 11252 550
00000000 00000000 0 0 131072 832069 83834 11252 551
00000000 00000000 0 0 131072 832069 83834 11252 1030
00000000 00000000 0 0 131072 832069 83834 11252 1031
00000000 00000000 0 0 131072 832069 83834 11252 1511
00000000 00000000 0 0 131072 832069 83834 11252 3429
00000000 00000000 0 0 131072 832021 84026 11252 68
00000000 00000000 0 0 131072 832021 84026 11252 2948
00000000 00000000 0 0 131072 832021 84026 11252 3428
00000000 00000000 0 0 131072 833674 83094 11252 1505
00000000 00000000 0 0 131072 833674 83094 11252 1985
00000000 00000000 0 0 131072 833674 83094 11252 2465
00000000 00000000 0 0 131072 834989 82494 11252 2467
00000000 00000000 0 0 131072 834989 82494 11252 2947
00000000 00000000 0 0 131072 834989 82494 11252 3427
00000000 00000000 0 0 131072 835083 82494 11252 531
00000000 00000000 0 0 131072 835880 82144 11252 50
00000000 00000000 0 0 131072 831230 87410 11252 2928
00000000 00000000 0 0 131072 915893 2888 2888 2029
00000000 00000000 0 0 131072 836901 82590 11252 1986
00000000 00000000 0 0 131072 836901 82590 11252 2466
00000000 00000000 0 0 131072 836901 82590 11252 2946
00000000 00000000 0 0 131072 916874 5680 2888 3481
00000000 00000000 0 0 131072 916874 5699 2888 3000
00000000 00000000 0 0 131072 916874 5749 2888 122
00000000 00000000 0 0 131072 917095 5699 2888 2527
00000000 00000000 0 0 131072 917151 6341 2888 1067
00000000 00000000 0 0 131072 832069 91465 11252 1024
00000000 00000000 0 0 131072 832069 91465 11252 1504
00000000 00000000 0 0 131072 832069 91465 11252 1984
00000000 00000000 0 0 131072 918263 5701 2888 1548
00000000 00000000 0 0 131072 918204 6341 2888 603
00000000 00000000 0 0 131072 921791 2888 2888 2046
00000000 00000000 0 0 131072 925564 2888 2888 3498
00000000 00000000 0 0 131072 925583 2888 2888 3017
00000000 00000000 0 0 131072 925633 2888 2888 139
00000000 00000000 0 0 131072 925804 2888 2888 2536
00000000 00000000 0 0 131072 926974 5689 2888 1565
00000000 00000000 0 0 131072 926502 6345 2888 1084
00000000 00000000 0 0 131072 927689 5701 2888 2063
00000000 00000000 0 0 131072 927555 6345 2888 620
00000000 00000000 0 0 131072 931462 2888 2888 3515
00000000 00000000 0 0 131072 931481 2888 2888 3034
00000000 00000000 0 0 131072 931531 2888 2888 156
00000000 00000000 0 0 131072 931702 2888 2888 2553
00000000 00000000 0 0 131072 935673 2888 2888 1582
00000000 00000000 0 0 131072 935857 2888 2888 1101
00000000 00000000 0 0 131072 856243 85832 11252 547
00000000 00000000 0 0 131072 936400 5701 2888 2072
00000000 00000000 0 0 131072 858212 83957 11252 66
00000000 00000000 0 0 131072 859165 83100 11252 1990
00000000 00000000 0 0 131072 859165 83100 11252 2471
00000000 00000000 0 0 131072 937360 5748 2888 3532
00000000 00000000 0 0 131072 937379 5749 2888 3051
00000000 00000000 0 0 131072 937600 5590 2888 2570
00000000 00000000 0 0 131072 859165 84051 11252 1509
00000000 00000000 0 0 131072 936910 6341 2888 637
00000000 00000000 0 0 131072 937429 6341 2888 173
00000000 00000000 0 0 131072 857100 86696 11252 1028
00000000 00000000 0 0 131072 941571 2888 2888 1599
00000000 00000000 0 0 131072 941755 2888 2888 1118
00000000 00000000 0 0 131072 858933 86205 11252 3425
00000000 00000000 0 0 131072 859165 88752 11252 2944
00000000 00000000 0 0 131072 864305 83635 11252 641
00000000 00000000 0 0 131072 945111 2888 2888 2089
00000000 00000000 0 0 131072 946118 2888 2888 3549
00000000 00000000 0 0 131072 866904 83171 11252 3441
00000000 00000000 0 0 131072 866861 83559 11252 1122
00000000 00000000 0 0 131072 866861 83851 11252 1603
00000000 00000000 0 0 131072 869283 81821 11252 82
00000000 00000000 0 0 131072 867772 83851 11252 563
00000000 00000000 0 0 131072 870687 80965 11252 3457
00000000 00000000 0 0 131072 946138 5591 2888 3068
00000000 00000000 0 0 131072 946200 5589 2888 2587
00000000 00000000 0 0 131072 870939 80965 11252 3473
00000000 00000000 0 0 131072 869117 83061 11252 3046
00000000 00000000 0 0 131072 869117 83061 11252 3527
00000000 00000000 0 0 131072 867664 84720 11252 1044
00000000 00000000 0 0 131072 867325 85209 11252 2006
00000000 00000000 0 0 131072 867325 85209 11252 2487
00000000 00000000 0 0 131072 946261 6343 2888 654
00000000 00000000 0 0 131072 867896 84720 11252 2084
00000000 00000000 0 0 131072 946780 6343 2888 190
00000000 00000000 0 0 131072 871373 81797 11252 1060
00000000 00000000 0 0 131072 947469 5703 2888 1608
00000000 00000000 0 0 131072 871409 81897 11252 579
00000000 00000000 0 0 131072 947653 5703 2888 1135
00000000 00000000 0 0 131072 871643 81821 11252 98
00000000 00000000 0 0 131072 868771 85058 11252 1525
00000000 00000000 0 0 131072 951009 2888 2888 2106
00000000 00000000 0 0 131072 871108 83061 11252 2022
00000000 00000000 0 0 131072 871108 83061 11252 2503
00000000 00000000 0 0 131072 872021 82884 11252 2565
00000000 00000000 0 0 131072 871907 83061 11252 2038
00000000 00000000 0 0 131072 871907 83061 11252 2519
00000000 00000000 0 0 131072 875448 81897 11252 595
00000000 00000000 0 0 131072 869117 88761 11252 160
00000000 00000000 0 0 131072 867325 90637 11252 2960
00000000 00000000 0 0 131072 875468 82884 11252 1541
00000000 00000000 0 0 131072 876616 81797 11252 1076
00000000 00000000 0 0 131072 955614 2888 2888 671
00000000 00000000 0 0 131072 881357 80463 11252 161
00000000 00000000 0 0 131072 956182 5691 2888 1625
00000000 00000000 0 0 131072 881535 80463 11252 3489
00000000 00000000 0 0 131072 956366 5704 2888 1144
00000000 00000000 0 0 131072 876740 87953 11252 1557
00000000 00000000 0 0 131072 880305 84698 11252 1123
00000000 00000000 0 0 131072 897423 67843 15132 1626
00000000 00000000 0 0 131072 871108 94545 11252 2976
00000000 00000000 0 0 131072 881168 84698 11252 611
00000000 00000000 0 0 131072 871907 94545 11252 2992
00000000 00000000 0 0 131072 881684 85409 11252 1604
00000000 00000000 0 0 131072 890405 77014 11252 657
00000000 00000000 0 0 131072 881941 85644 11252 114
00000000 00000000 0 0 131072 900928 67286 15132 664
00000000 00000000 0 0 131072 891431 77014 11252 3505
00000000 00000000 0 0 131072 901288 67420 15132 1145
00000000 00000000 0 0 131072 897856 71155 15132 2107
00000000 00000000 0 0 131072 885524 84920 11252 2566
00000000 00000000 0 0 131072 885702 84920 11252 2054
00000000 00000000 0 0 131072 900917 70397 15132 191
00000000 00000000 0 0 131072 901004 70334 15132 2588
00000000 00000000 0 0 131072 901022 70328 15132 3069
00000000 00000000 0 0 131072 901027 70397 15132 3550
00000000 00000000 0 0 131072 885524 86899 11252 3047
00000000 00000000 0 0 131072 885702 86899 11252 2535
00000000 00000000 0 0 131072 889594 83623 11252 643
00000000 00000000 0 0 131072 887032 86195 11252 2085
00000000 00000000 0 0 131072 887210 86195 11252 1573
00000000 00000000 0 0 131072 890975 82620 11252 2070
00000000 00000000 0 0 131072 888147 86454 11252 627
00000000 00000000 0 0 131072 892021 82620 11252 3062
00000000 00000000 0 0 131072 886660 88544 11252 1092
00000000 00000000 0 0 131072 891346 83883 11252 1589
00000000 00000000 0 0 131072 885628 89670 11252 130
00000000 00000000 0 0 131072 891778 83623 11252 1619
00000000 00000000 0 0 131072 890975 84627 11252 2551
00000000 00000000 0 0 131072 885998 89670 11252 642
00000000 00000000 0 0 131072 892538 83883 11252 2581
00000000 00000000 0 0 131072 892133 84627 11252 3543
00000000 00000000 0 0 131072 891151 86228 11252 1108
00000000 00000000 0 0 131072 896567 81853 11252 3521
00000000 00000000 0 0 131072 890975 87504 11252 3024
00000000 00000000 0 0 131072 885524 93049 11252 3520
00000000 00000000 0 0 131072 885702 93049 11252 3008
00000000 00000000 0 0 131072 892726 86228 11252 2100
00000000 00000000 0 0 131072 892021 89763 11252 1138
00000000 00000000 0 0 131072 895437 87555 11252 1605
00000000 00000000 0 0 131072 892073 93144 11252 176
00000000 00000000 0 0 131072 896947 88967 11252 2086
00000000 00000000 0 0 131072 896382 89763 11252 146
00000000 00000000 0 0 131072 919057 67473 15132 2965
00000000 00000000 0 0 131072 896947 89794 11252 2567
00000000 00000000 0 0 131072 918913 67857 15132 560
00000000 00000000 0 0 131072 918913 68034 15132 87
00000000 00000000 0 0 131072 918913 68034 15132 3446
00000000 00000000 0 0 131072 919778 67476 15132 1522
00000000 00000000 0 0 131072 896177 91290 11252 1124
00000000 00000000 0 0 131072 898078 89763 11252 162
00000000 00000000 0 0 131072 920493 67479 15132 2484
00000000 00000000 0 0 131072 922501 68174 15132 2003
00000000 00000000 0 0 131072 989540 2888 2888 2990
00000000 00000000 0 0 131072 989780 2888 2888 585
00000000 00000000 0 0 131072 989957 2888 2888 104
00000000 00000000 0 0 131072 989957 2888 2888 3471
00000000 00000000 0 0 131072 990264 2888 2888 1547
00000000 00000000 0 0 131072 896947 96812 11252 3040
00000000 00000000 0 0 131072 990982 2888 2888 2509
00000000 00000000 0 0 131072 926544 67991 15132 1041
00000000 00000000 0 0 131072 993685 2888 2888 2028
00000000 00000000 0 0 131072 995438 2888 2888 3007
00000000 00000000 0 0 131072 995678 2888 2888 602
00000000 00000000 0 0 131072 995855 2888 2888 121
00000000 00000000 0 0 131072 995855 2888 2888 3480
00000000 00000000 0 0 131072 996162 5661 2888 1564
00000000 00000000 0 0 131072 999583 2888 2888 2045
00000000 00000000 0 0 131072 996880 5747 2888 2526
00000000 00000000 0 0 131072 918074 85067 11252 1510
00000000 00000000 0 0 131072 997545 5661 2888 1066
00000000 00000000 0 0 131072 919057 84768 11252 85
00000000 00000000 0 0 131072 919057 84768 11252 3445
00000000 00000000 0 0 131072 918913 85067 11252 86
00000000 00000000 0 0 131072 918913 85067 11252 566
00000000 00000000 0 0 131072 1001336 2888 2888 3016
00000000 00000000 0 0 131072 1001576 2888 2888 619
00000000 00000000 0 0 131072 1001753 2888 2888 138
00000000 00000000 0 0 131072 1001753 2888 2888 3497
00000000 00000000 0 0 131072 918074 86686 11252 1991
00000000 00000000 0 0 131072 919778 85058 11252 2002
00000000 00000000 0 0 131072 919778 85058 11252 2482
00000000 00000000 0 0 131072 918913 86686 11252 567
00000000 00000000 0 0 131072 918913 86686 11252 1047
00000000 00000000 0 0 131072 918825 86843 11252 1029
00000000 00000000 0 0 131072 921034 85104 11252 67
00000000 00000000 0 0 131072 920493 86359 11252 2964
00000000 00000000 0 0 131072 920493 86359 11252 3444
00000000 00000000 0 0 131072 918757 88181 11252 3426
00000000 00000000 0 0 131072 920587 86359 11252 548
00000000 00000000 0 0 131072 921650 85589 11252 2945
00000000 00000000 0 0 131072 922501 85104 11252 2483
00000000 00000000 0 0 131072 922501 85104 11252 2963
00000000 00000000 0 0 131072 1004833 2888 2888 1581
00000000 00000000 0 0 131072 1005481 2888 2888 2062
00000000 00000000 0 0 131072 1005637 2888 2888 2543
00000000 00000000 0 0 131072 926544 84625 11252 1521
00000000 00000000 0 0 131072 926544 84625 11252 2001
00000000 00000000 0 0 131072 1006216 6296 2888 1083
00000000 00000000 0 0 131072 1007234 5697 2888 3033
00000000 00000000 0 0 131072 1007474 5684 2888 636
00000000 00000000 0 0 131072 1007651 5684 2888 3514
00000000 00000000 0 0 131072 918074 95430 11252 2464
00000000 00000000 0 0 131072 1010731 2888 2888 1598
00000000 00000000 0 0 131072 1007651 6296 2888 155
00000000 00000000 0 0 131072 1011379 2888 2888 2079
00000000 00000000 0 0 131072 918913 95430 11252 1040
00000000 00000000 0 0 131072 918913 95430 11252 1520
00000000 00000000 0 0 131072 1011535 2888 2888 2552
00000000 00000000 0 0 131072 1015522 2888 2888 1100
00000000 00000000 0 0 131072 1015941 2888 2888 3050
00000000 00000000 0 0 131072 952016 68815 15132 3566
00000000 00000000 0 0 131072 1016168 5749 2888 653
00000000 00000000 0 0 131072 1016345 5754 2888 3531
00000000 00000000 0 0 131072 1016629 5704 2888 1615
00000000 00000000 0 0 131072 1016957 5695 2888 172
00000000 00000000 0 0 131072 1017277 5706 2888 2088
00000000 00000000 0 0 131072 1017433 5701 2888 2569
00000000 00000000 0 0 131072 954739 69352 15132 3085
00000000 00000000 0 0 131072 954799 69351 15132 2604
00000000 00000000 0 0 131072 1021420 2888 2888 1117
00000000 00000000 0 0 131072 1021839 2888 2888 3067
00000000 00000000 0 0 131072 956133 68815 15132 207
00000000 00000000 0 0 131072 956907 68767 15132 2123
00000000 00000000 0 0 131072 1024927 2888 2888 670
00000000 00000000 0 0 131072 945179 82782 11252 83
00000000 00000000 0 0 131072 1025109 2888 2888 3548
00000000 00000000 0 0 131072 1025343 2888 2888 1624
00000000 00000000 0 0 131072 1025662 2888 2888 189
00000000 00000000 0 0 131072 1025993 2888 2888 2105
00000000 00000000 0 0 131072 961512 67441 15132 680
00000000 00000000 0 0 131072 946226 85238 11252 1526
00000000 00000000 0 0 131072 1026144 5694 2888 2586
00000000 00000000 0 0 131072 945085 87396 11252 564
00000000 00000000 0 0 131072 945275 87587 11252 2007
00000000 00000000 0 0 131072 1027318 5590 2888 1134
00000000 00000000 0 0 131072 950927 82027 11252 2961
00000000 00000000 0 0 131072 946806 86570 11252 1045
00000000 00000000 0 0 131072 1027737 5700 2888 3084
00000000 00000000 0 0 131072 953430 80046 11252 1139
00000000 00000000 0 0 131072 964883 68753 15132 1642
00000000 00000000 0 0 131072 1030825 2888 2888 687
00000000 00000000 0 0 131072 965080 68727 15132 1161
00000000 00000000 0 0 131072 1031007 2888 2888 3565
00000000 00000000 0 0 131072 1031241 2888 2888 1641
00000000 00000000 0 0 131072 954114 80046 11252 99
00000000 00000000 0 0 131072 1031560 2888 2888 206
00000000 00000000 0 0 131072 1031891 2888 2888 2122
00000000 00000000 0 0 131072 950950 85205 11252 658
00000000 00000000 0 0 131072 956474 80046 11252 115
00000000 00000000 0 0 131072 948148 88395 11252 3442
00000000 00000000 0 0 131072 1034848 2888 2888 2603
00000000 00000000 0 0 131072 953722 84511 11252 1620
00000000 00000000 0 0 131072 953085 85205 11252 3458
00000000 00000000 0 0 131072 955394 83106 11252 1061
00000000 00000000 0 0 131072 945275 93365 11252 2480
00000000 00000000 0 0 131072 955626 83106 11252 2101
00000000 00000000 0 0 131072 1035918 2888 2888 1151
00000000 00000000 0 0 131072 956180 85281 11252 1077
00000000 00000000 0 0 131072 960888 81269 11252 177
00000000 00000000 0 0 131072 960972 81269 11252 2977
00000000 00000000 0 0 131072 956839 85716 11252 1542
00000000 00000000 0 0 131072 955188 87580 11252 3063
00000000 00000000 0 0 131072 954662 88311 11252 3474
00000000 00000000 0 0 131072 954633 88484 11252 580
00000000 00000000 0 0 131072 955544 87580 11252 2023
00000000 00000000 0 0 131072 954914 88311 11252 3490
00000000 00000000 0 0 131072 957915 85716 11252 2582
00000000 00000000 0 0 131072 961423 83274 11252 1093
00000000 00000000 0 0 131072 1041816 2888 2888 1160
00000000 00000000 0 0 131072 957179 87580 11252 2039
00000000 00000000 0 0 131072 956316 88484 11252 596
00000000 00000000 0 0 131072 961362 84075 11252 1558
00000000 00000000 0 0 131072 957978 87580 11252 2055
00000000 00000000 0 0 131072 960355 86052 11252 612
00000000 00000000 0 0 131072 964830 83249 11252 178
00000000 00000000 0 0 131072 965008 83249 11252 3506
00000000 00000000 0 0 131072 970595 78333 11252 131
00000000 00000000 0 0 131072 968663 83787 11252 2993
00000000 00000000 0 0 131072 969462 84177 11252 3009
00000000 00000000 0 0 131072 970103 83813 11252 1621
00000000 00000000 0 0 131072 968276 86426 11252 1635
00000000 00000000 0 0 131072 970429 84710 11252 674
00000000 00000000 0 0 131072 971224 84177 11252 673
00000000 00000000 0 0 131072 971455 84710 11252 3522
00000000 00000000 0 0 131072 955188 101014 11252 3536
00000000 00000000 0 0 131072 971718 84710 11252 1154
00000000 00000000 0 0 131072 955544 101014 11252 2496
00000000 00000000 0 0 131072 967703 89578 11252 1574
00000000 00000000 0 0 131072 972021 85806 11252 2116
00000000 00000000 0 0 131072 968013 89979 11252 1140
00000000 00000000 0 0 131072 974348 83813 11252 2597
00000000 00000000 0 0 131072 957179 101014 11252 2512
00000000 00000000 0 0 131072 968876 89979 11252 628
00000000 00000000 0 0 131072 957978 101014 11252 2528
00000000 00000000 0 0 131072 973454 88030 11252 2583
00000000 00000000 0 0 131072 973632 88030 11252 2071
00000000 00000000 0 0 131072 974434 88030 11252 3559
00000000 00000000 0 0 131072 981583 81384 11252 3537
00000000 00000000 0 0 131072 981761 81384 11252 3025
00000000 00000000 0 0 131072 981771 81384 11252 3041
00000000 00000000 0 0 131072 974360 89308 11252 3078
00000000 00000000 0 0 131072 976605 88030 11252 2087
00000000 00000000 0 0 131072 978214 86837 11252 1109
00000000 00000000 0 0 131072 977611 87751 11252 644
00000000 00000000 0 0 131072 977621 87751 11252 660
00000000 00000000 0 0 131072 976237 89308 11252 2102
00000000 00000000 0 0 131072 980389 85182 11252 1125
00000000 00000000 0 0 131072 977651 88030 11252 3079
00000000 00000000 0 0 131072 981430 84255 11252 3538
00000000 00000000 0 0 131072 976415 89308 11252 1590
00000000 00000000 0 0 131072 979431 86542 11252 2598
00000000 00000000 0 0 131072 978411 87751 11252 1636
00000000 00000000 0 0 131072 981964 85182 11252 2117
00000000 00000000 0 0 131072 978239 89308 11252 1606
00000000 00000000 0 0 131072 978308 90467 11252 147
00000000 00000000 0 0 131072 979770 89012 11252 3552
00000000 00000000 0 0 131072 978678 92917 11252 659
00000000 00000000 0 0 131072 974324 100034 11252 192
00000000 00000000 0 0 131072 1006835 68036 15132 3462
00000000 00000000 0 0 131072 1006990 68036 15132 103
00000000 00000000 0 0 131072 988227 86815 11252 193
00000000 00000000 0 0 131072 975433 100034 11252 3056
00000000 00000000 0 0 131072 975611 100034 11252 2544
00000000 00000000 0 0 131072 986002 89949 11252 1622
00000000 00000000 0 0 131072 1007846 68145 15132 2019
00000000 00000000 0 0 131072 1008609 67942 15132 576
00000000 00000000 0 0 131072 1009862 67381 15132 2981
00000000 00000000 0 0 131072 988924 88338 11252 2103
00000000 00000000 0 0 131072 984794 92636 11252 1155
00000000 00000000 0 0 131072 1010615 67453 15132 2500
00000000 00000000 0 0 131072 996769 81674 11252 3057
00000000 00000000 0 0 131072 990477 88166 11252 1141
00000000 00000000 0 0 131072 978612 100034 11252 2560
00000000 00000000 0 0 131072 989155 93014 11252 163
00000000 00000000 0 0 131072 1014179 68090 15132 1538
00000000 00000000 0 0 131072 1079561 2888 2888 601
00000000 00000000 0 0 131072 1080253 2888 2888 3006
00000000 00000000 0 0 131072 1077881 5706 2888 3487
00000000 00000000 0 0 131072 1078036 5707 2888 120
00000000 00000000 0 0 131072 990851 93014 11252 179
00000000 00000000 0 0 131072 1081078 2888 2888 2525
00000000 00000000 0 0 131072 1079001 5704 2888 2044
00000000 00000000 0 0 131072 1017353 68173 15132 1057
00000000 00000000 0 0 131072 989751 95870 11252 2576
00000000 00000000 0 0 131072 1085279 2888 2888 1563
00000000 00000000 0 0 131072 1085459 2888 2888 618
00000000 00000000 0 0 131072 1086151 5707 2888 3023
00000000 00000000 0 0 131072 1086597 5708 2888 3496
00000000 00000000 0 0 131072 1086753 5704 2888 137
00000000 00000000 0 0 131072 1086976 5660 2888 2542
00000000 00000000 0 0 131072 1087715 5589 2888 2061
00000000 00000000 0 0 131072 1006151 87677 11252 1527
00000000 00000000 0 0 131072 1010249 83685 11252 2962
00000000 00000000 0 0 131072 1091177 2888 2888 1580
00000000 00000000 0 0 131072 1088536 5700 2888 1082
00000000 00000000 0 0 131072 1091357 2888 2888 635
00000000 00000000 0 0 131072 1006990 87677 11252 583
00000000 00000000 0 0 131072 1006835 88198 11252 102
00000000 00000000 0 0 131072 1009148 87564 11252 84
00000000 00000000 0 0 131072 1008678 88198 11252 1046
00000000 00000000 0 0 131072 1009862 87811 11252 3461
00000000 00000000 0 0 131072 1094868 2888 2888 3032
00000000 00000000 0 0 131072 1009956 87811 11252 565
00000000 00000000 0 0 131072 1007846 90003 11252 2499
00000000 00000000 0 0 131072 1014179 83685 11252 2018
00000000 00000000 0 0 131072 1010615 87564 11252 2980
00000000 00000000 0 0 131072 1095315 2888 2888 3513
00000000 00000000 0 0 131072 1095467 2888 2888 154
00000000 00000000 0 0 131072 1009948 88535 11252 3443
00000000 00000000 0 0 131072 1095646 2888 2888 2559
00000000 00000000 0 0 131072 1016514 85226 11252 2481
00000000 00000000 0 0 131072 1096314 5683 2888 2078
00000000 00000000 0 0 131072 1017353 85226 11252 1537
00000000 00000000 0 0 131072 1097075 5660 2888 1597
00000000 00000000 0 0 131072 1097246 5585 2888 1099
00000000 00000000 0 0 131072 1097255 5706 2888 652
00000000 00000000 0 0 131072 1100766 2888 2888 3049
00000000 00000000 0 0 131072 1101213 2888 2888 3530
00000000 00000000 0 0 131072 1101365 2888 2888 171
00000000 00000000 0 0 131072 1036447 67814 15132 3101
00000000 00000000 0 0 131072 1101544 2888 2888 2568
00000000 00000000 0 0 131072 1036905 67787 15132 3582
00000000 00000000 0 0 131072 1037139 67999 15132 1658
00000000 00000000 0 0 131072 1036723 68480 15132 696
00000000 00000000 0 0 131072 1007770 97437 11252 2000
00000000 00000000 0 0 131072 1037789 67773 15132 2139
00000000 00000000 0 0 131072 1008609 97437 11252 1056
00000000 00000000 0 0 131072 1037458 69027 15132 223
00000000 00000000 0 0 131072 1040746 67141 15132 2620
00000000 00000000 0 0 131072 1105007 2888 2888 2095
00000000 00000000 0 0 131072 1105745 2888 2888 1614
00000000 00000000 0 0 131072 1105841 2888 2888 1116
00000000 00000000 0 0 131072 1105971 2888 2888 669
00000000 00000000 0 0 131072 1023841 87872 11252 3575
00000000 00000000 0 0 131072 1106664 5704 2888 3066
00000000 00000000 0 0 131072 1107111 5659 2888 3547
00000000 00000000 0 0 131072 1027160 85689 11252 2613
00000000 00000000 0 0 131072 1107263 5708 2888 188
00000000 00000000 0 0 131072 1107442 5706 2888 2585
00000000 00000000 0 0 131072 1110905 2888 2888 2104
00000000 00000000 0 0 131072 1111643 2888 2888 1631
00000000 00000000 0 0 131072 1111739 2888 2888 1133
00000000 00000000 0 0 131072 1111869 2888 2888 686
00000000 00000000 0 0 131072 1047714 67799 15132 1177
00000000 00000000 0 0 131072 1030971 84692 11252 100
00000000 00000000 0 0 131072 1028684 87461 11252 2132
00000000 00000000 0 0 131072 1031963 84272 11252 689
00000000 00000000 0 0 131072 1027101 89284 11252 3094
00000000 00000000 0 0 131072 1035964 80491 11252 2978
00000000 00000000 0 0 131072 1036817 80491 11252 1170
00000000 00000000 0 0 131072 1115378 2888 2888 3083
00000000 00000000 0 0 131072 1115780 2888 2888 3564
00000000 00000000 0 0 131072 1115981 2888 2888 205
00000000 00000000 0 0 131072 1116158 5707 2888 2602
00000000 00000000 0 0 131072 1034474 87442 11252 1543
00000000 00000000 0 0 131072 1116803 5707 2888 2121
00000000 00000000 0 0 131072 1039530 83086 11252 132
00000000 00000000 0 0 131072 1117541 5709 2888 1640
00000000 00000000 0 0 131072 1117637 5694 2888 1150
00000000 00000000 0 0 131072 1117767 5708 2888 703
00000000 00000000 0 0 131072 1035491 88075 11252 581
00000000 00000000 0 0 131072 1036486 87382 11252 1156
00000000 00000000 0 0 131072 1121276 2888 2888 3100
00000000 00000000 0 0 131072 1037170 87382 11252 116
00000000 00000000 0 0 131072 1121678 2888 2888 3581
00000000 00000000 0 0 131072 1121879 2888 2888 222
00000000 00000000 0 0 131072 1041650 83299 11252 2497
00000000 00000000 0 0 131072 1036386 90113 11252 1062
00000000 00000000 0 0 131072 1045167 81643 11252 194
00000000 00000000 0 0 131072 1027958 98870 11252 208
00000000 00000000 0 0 131072 1045251 81643 11252 2994
00000000 00000000 0 0 131072 1041243 85916 11252 1637
00000000 00000000 0 0 131072 1124875 2888 2888 2619
00000000 00000000 0 0 131072 1125520 2888 2888 2138
00000000 00000000 0 0 131072 1039165 89459 11252 675
00000000 00000000 0 0 131072 1036646 91986 11252 1651
00000000 00000000 0 0 131072 1041510 87134 11252 1078
00000000 00000000 0 0 131072 1041742 87134 11252 2118
00000000 00000000 0 0 131072 1045565 85647 11252 1559
00000000 00000000 0 0 131072 1126260 5709 2888 1657
00000000 00000000 0 0 131072 1126341 5709 2888 1167
00000000 00000000 0 0 131072 1046641 85647 11252 2599
00000000 00000000 0 0 131072 1039553 92904 11252 3459
00000000 00000000 0 0 131072 1051938 80533 11252 148
00000000 00000000 0 0 131072 1044471 89138 11252 1094
00000000 00000000 0 0 131072 1048447 85647 11252 1575
00000000 00000000 0 0 131072 1041300 92904 11252 3475
00000000 00000000 0 0 131072 1051089 83496 11252 195
00000000 00000000 0 0 131072 1051267 83496 11252 3523
00000000 00000000 0 0 131072 1035872 99021 11252 2016
00000000 00000000 0 0 131072 1047707 89138 11252 1110
00000000 00000000 0 0 131072 1055460 82233 11252 3010
00000000 00000000 0 0 131072 1046127 91668 11252 597
00000000 00000000 0 0 131072 1135060 2888 2888 1176
00000000 00000000 0 0 131072 1057712 80533 11252 1652
00000000 00000000 0 0 131072 1059212 79624 11252 3553
00000000 00000000 0 0 131072 1049417 89425 11252 629
00000000 00000000 0 0 131072 1056649 82233 11252 3026
00000000 00000000 0 0 131072 1045983 92904 11252 3491
00000000 00000000 0 0 131072 1058411 82814 11252 690
00000000 00000000 0 0 131072 1056926 84716 11252 1638
00000000 00000000 0 0 131072 1059568 82813 11252 2513
00000000 00000000 0 0 131072 1061171 81990 11252 2614
00000000 00000000 0 0 131072 1047810 95528 11252 613
00000000 00000000 0 0 131072 1061203 82813 11252 2529
00000000 00000000 0 0 131072 1046235 98172 11252 3507
00000000 00000000 0 0 131072 1059175 85461 11252 3539
00000000 00000000 0 0 131072 1062002 82813 11252 2545
00000000 00000000 0 0 131072 1059438 85461 11252 1171
00000000 00000000 0 0 131072 1045778 99685 11252 3072
00000000 00000000 0 0 131072 1046134 99685 11252 2032
00000000 00000000 0 0 131072 1065977 80803 11252 3554
00000000 00000000 0 0 131072 1058149 88711 11252 691
00000000 00000000 0 0 131072 1066155 80803 11252 3042
00000000 00000000 0 0 131072 1066165 80803 11252 3058
00000000 00000000 0 0 131072 1047769 99685 11252 2048
00000000 00000000 0 0 131072 1060291 87792 11252 1591
00000000 00000000 0 0 131072 1048568 99685 11252 2064
00000000 00000000 0 0 131072 1060837 91372 11252 2133
00000000 00000000 0 0 131072 1061002 91372 11252 1157
00000000 00000000 0 0 131072 1061865 91372 11252 645
00000000 00000000 0 0 131072 1068061 85545 11252 1126
00000000 00000000 0 0 131072 1068581 85545 11252 1142
00000000 00000000 0 0 131072 1069172 85371 11252 1653
00000000 00000000 0 0 131072 1070156 84589 11252 2134
00000000 00000000 0 0 131072 1071792 83231 11252 3569
00000000 00000000 0 0 131072 1068695 88862 11252 3555
00000000 00000000 0 0 131072 1070557 87563 11252 1623
00000000 00000000 0 0 131072 1064494 96652 11252 2592
00000000 00000000 0 0 131072 1064672 96652 11252 2080
00000000 00000000 0 0 131072 1068372 93308 11252 661
00000000 00000000 0 0 131072 1068382 93308 11252 677
00000000 00000000 0 0 131072 1065474 96652 11252 3568
00000000 00000000 0 0 131072 1077368 84964 11252 209
00000000 00000000 0 0 131072 1066678 96016 11252 3095
00000000 00000000 0 0 131072 1078477 84964 11252 3073
00000000 00000000 0 0 131072 1078655 84964 11252 2561
00000000 00000000 0 0 131072 1067645 96652 11252 2096
00000000 00000000 0 0 131072 1080272 84068 11252 2112
00000000 00000000 0 0 131072 1068555 96016 11252 2119
00000000 00000000 0 0 131072 1068733 96016 11252 1607
00000000 00000000 0 0 131072 1078052 86724 11252 210
00000000 00000000 0 0 131072 1081656 83316 11252 2577
00000000 00000000 0 0 131072 1068983 96016 11252 2615
00000000 00000000 0 0 131072 1097677 67591 15132 592
00000000 00000000 0 0 131072 1068691 96652 11252 3088
00000000 00000000 0 0 131072 1098043 68206 15132 119
00000000 00000000 0 0 131072 1081453 84891 11252 3074
00000000 00000000 0 0 131072 1071785 95188 11252 164
00000000 00000000 0 0 131072 1100683 67716 15132 3478
00000000 00000000 0 0 131072 1100859 67789 15132 2516
00000000 00000000 0 0 131072 1100874 67789 15132 2035
00000000 00000000 0 0 131072 1101189 67724 15132 2997
00000000 00000000 0 0 131072 1074605 96136 11252 676
00000000 00000000 0 0 131072 1078961 93172 11252 1639
00000000 00000000 0 0 131072 1081653 90482 11252 1158
00000000 00000000 0 0 131072 1169259 2888 2888 136
00000000 00000000 0 0 131072 1080440 92833 11252 1172
00000000 00000000 0 0 131072 1105589 68365 15132 1554
00000000 00000000 0 0 131072 1168278 5710 2888 617
00000000 00000000 0 0 131072 1171409 2888 2888 3503
00000000 00000000 0 0 131072 1171658 2888 2888 2541
00000000 00000000 0 0 131072 1171673 2888 2888 2060
00000000 00000000 0 0 131072 1171923 2888 2888 3022
00000000 00000000 0 0 131072 1109056 67815 15132 1073
00000000 00000000 0 0 131072 1085179 92833 11252 180
00000000 00000000 0 0 131072 1175157 2888 2888 153
00000000 00000000 0 0 131072 1088631 93102 11252 2593
00000000 00000000 0 0 131072 1086875 94990 11252 196
00000000 00000000 0 0 131072 1176964 5683 2888 1579
00000000 00000000 0 0 131072 1176998 5708 2888 634
00000000 00000000 0 0 131072 1179881 2888 2888 1098
00000000 00000000 0 0 131072 1096944 85864 11252 2979
00000000 00000000 0 0 131072 1177307 5710 2888 3512
00000000 00000000 0 0 131072 1177571 5683 2888 2077
00000000 00000000 0 0 131072 1177556 5700 2888 2558
00000000 00000000 0 0 131072 1177821 5710 2888 3039
00000000 00000000 0 0 131072 1181055 2888 2888 170
00000000 00000000 0 0 131072 1099722 86430 11252 101
00000000 00000000 0 0 131072 1100777 87315 11252 582
00000000 00000000 0 0 131072 1185657 2888 2888 1596
00000000 00000000 0 0 131072 1185716 2888 2888 651
00000000 00000000 0 0 131072 1185779 2888 2888 1115
00000000 00000000 0 0 131072 1186027 2888 2888 3529
00000000 00000000 0 0 131072 1104750 86152 11252 2498
00000000 00000000 0 0 131072 1099886 91102 11252 1063
00000000 00000000 0 0 131072 1096838 94991 11252 1536
00000000 00000000 0 0 131072 1186264 5703 2888 2094
00000000 00000000 0 0 131072 1186266 5710 2888 2575
00000000 00000000 0 0 131072 1186541 5710 2888 3048
00000000 00000000 0 0 131072 1186953 5695 2888 187
00000000 00000000 0 0 131072 1101493 91820 11252 3460
00000000 00000000 0 0 131072 1126485 67009 15132 712
00000000 00000000 0 0 131072 1108148 85446 11252 1667
00000000 00000000 0 0 131072 1107271 87039 11252 3110
00000000 00000000 0 0 131072 1191555 2888 2888 1613
00000000 00000000 0 0 131072 1191614 2888 2888 668
00000000 00000000 0 0 131072 1191677 2888 2888 1132
00000000 00000000 0 0 131072 1191925 2888 2888 3546
00000000 00000000 0 0 131072 1127174 67883 15132 3117
00000000 00000000 0 0 131072 1127576 67889 15132 3598
00000000 00000000 0 0 131072 1127777 67847 15132 239
00000000 00000000 0 0 131072 1108213 89052 11252 705
00000000 00000000 0 0 131072 1108217 89052 11252 2017
00000000 00000000 0 0 131072 1194977 2888 2888 2111
00000000 00000000 0 0 131072 1194986 2888 2888 2584
00000000 00000000 0 0 131072 1130773 67255 15132 2636
00000000 00000000 0 0 131072 1195261 2888 2888 3065
00000000 00000000 0 0 131072 1115859 82605 11252 2630
00000000 00000000 0 0 131072 1195658 2888 2888 204
00000000 00000000 0 0 131072 1131418 67244 15132 2155
00000000 00000000 0 0 131072 1107702 91102 11252 3591
00000000 00000000 0 0 131072 1110897 89819 11252 2629
00000000 00000000 0 0 131072 1119245 82345 11252 706
00000000 00000000 0 0 131072 1119465 82636 11252 2995
00000000 00000000 0 0 131072 1134979 67877 15132 1674
00000000 00000000 0 0 131072 1120318 82636 11252 1187
00000000 00000000 0 0 131072 1108572 94455 11252 2148
00000000 00000000 0 0 131072 1118523 84521 11252 1186
00000000 00000000 0 0 131072 1197453 5706 2888 1630
00000000 00000000 0 0 131072 1109495 93817 11252 224
00000000 00000000 0 0 131072 1197823 5701 2888 3563
00000000 00000000 0 0 131072 1200875 2888 2888 2120
00000000 00000000 0 0 131072 1200884 2888 2888 2601
00000000 00000000 0 0 131072 1197512 6341 2888 685
00000000 00000000 0 0 131072 1197575 6341 2888 1149
00000000 00000000 0 0 131072 1201159 2888 2888 3082
00000000 00000000 0 0 131072 1201556 2888 2888 221
00000000 00000000 0 0 131072 1119155 85993 11252 2149
00000000 00000000 0 0 131072 1140958 67270 15132 1193
00000000 00000000 0 0 131072 1118673 89819 11252 117
00000000 00000000 0 0 131072 1114723 93817 11252 3584
00000000 00000000 0 0 131072 1206169 5711 2888 1647
00000000 00000000 0 0 131072 1206534 5710 2888 3580
00000000 00000000 0 0 131072 1206773 5711 2888 2137
00000000 00000000 0 0 131072 1206782 5710 2888 2618
00000000 00000000 0 0 131072 1207057 5705 2888 3099
00000000 00000000 0 0 131072 1127959 85036 11252 2514
00000000 00000000 0 0 131072 1119395 94340 11252 3111
00000000 00000000 0 0 131072 1126576 87201 11252 598
00000000 00000000 0 0 131072 1129820 84080 11252 211
00000000 00000000 0 0 131072 1129904 84080 11252 3011
00000000 00000000 0 0 131072 1206863 8653 2888 702
00000000 00000000 0 0 131072 1206926 8653 2888 1166
00000000 00000000 0 0 131072 1207454 8653 2888 238
00000000 00000000 0 0 131072 1130169 86136 11252 1654
00000000 00000000 0 0 131072 1126878 89604 11252 1173
00000000 00000000 0 0 131072 1127562 89604 11252 133
00000000 00000000 0 0 131072 1127572 89604 11252 149
00000000 00000000 0 0 131072 1214890 2888 2888 1656
00000000 00000000 0 0 131072 1215254 2888 2888 3597
00000000 00000000 0 0 131072 1215494 2888 2888 2154
00000000 00000000 0 0 131072 1215502 2888 2888 2635
00000000 00000000 0 0 131072 1215772 2888 2888 3116
00000000 00000000 0 0 131072 1129838 89070 11252 225
00000000 00000000 0 0 131072 1135481 84496 11252 165
00000000 00000000 0 0 131072 1124926 96317 11252 1552
00000000 00000000 0 0 131072 1129509 93389 11252 1079
00000000 00000000 0 0 131072 1220788 2888 2888 1673
00000000 00000000 0 0 131072 1141255 82708 11252 1669
00000000 00000000 0 0 131072 1218526 6358 2888 719
00000000 00000000 0 0 131072 1218589 6358 2888 1183
00000000 00000000 0 0 131072 1131654 93389 11252 1095
00000000 00000000 0 0 131072 1131886 93389 11252 2135
00000000 00000000 0 0 131072 1141846 84004 11252 3570
00000000 00000000 0 0 131072 1140703 85367 11252 3027
00000000 00000000 0 0 131072 1141892 85367 11252 3043
00000000 00000000 0 0 131072 1139855 87604 11252 1127
00000000 00000000 0 0 131072 1140805 86725 11252 614
00000000 00000000 0 0 131072 1134222 94540 11252 1568
00000000 00000000 0 0 131072 1137903 91023 11252 2033
00000000 00000000 0 0 131072 1144235 85901 11252 707
00000000 00000000 0 0 131072 1145391 85232 11252 2530
00000000 00000000 0 0 131072 1147026 85232 11252 2546
00000000 00000000 0 0 131072 1147825 85232 11252 2562
00000000 00000000 0 0 131072 1131634 101633 11252 692
00000000 00000000 0 0 131072 1131642 101633 11252 1668
00000000 00000000 0 0 131072 1136619 96782 11252 1111
00000000 00000000 0 0 131072 1227957 5711 2888 1192
00000000 00000000 0 0 131072 1149790 83968 11252 3571
00000000 00000000 0 0 131072 1149968 83968 11252 3059
00000000 00000000 0 0 131072 1149978 83968 11252 3075
00000000 00000000 0 0 131072 1135298 98769 11252 2608
00000000 00000000 0 0 131072 1141897 92769 11252 3508
00000000 00000000 0 0 131072 1144652 90945 11252 1655
00000000 00000000 0 0 131072 1137104 98769 11252 1584
00000000 00000000 0 0 131072 1149870 87012 11252 708
00000000 00000000 0 0 131072 1135467 101633 11252 3476
00000000 00000000 0 0 131072 1146171 90945 11252 2631
00000000 00000000 0 0 131072 1146348 91661 11252 630
00000000 00000000 0 0 131072 1146358 91661 11252 646
00000000 00000000 0 0 131072 1148473 90040 11252 3089
00000000 00000000 0 0 131072 1137214 101633 11252 3492
00000000 00000000 0 0 131072 1148829 90040 11252 2049
00000000 00000000 0 0 131072 1150464 88516 11252 2065
00000000 00000000 0 0 131072 1151263 92916 11252 2081
00000000 00000000 0 0 131072 1158033 87073 11252 3586
00000000 00000000 0 0 131072 1156616 89182 11252 1143
00000000 00000000 0 0 131072 1137595 108403 11252 212
00000000 00000000 0 0 131072 1157136 89182 11252 1159
00000000 00000000 0 0 131072 1157755 89182 11252 2151
00000000 00000000 0 0 131072 1147417 99902 11252 3524
00000000 00000000 0 0 131072 1147427 99902 11252 3540
00000000 00000000 0 0 131072 1147646 99902 11252 3556
00000000 00000000 0 0 131072 1147909 99902 11252 1188
00000000 00000000 0 0 131072 1155219 93367 11252 2150
00000000 00000000 0 0 131072 1155384 93367 11252 1174
00000000 00000000 0 0 131072 1169983 79016 11252 181
00000000 00000000 0 0 131072 1156247 93346 11252 662
00000000 00000000 0 0 131072 1157553 93346 11252 1670
00000000 00000000 0 0 131072 1151093 102052 11252 1600
00000000 00000000 0 0 131072 1165342 88107 11252 226
00000000 00000000 0 0 131072 1166451 88107 11252 3090
00000000 00000000 0 0 131072 1166629 88107 11252 2578
00000000 00000000 0 0 131072 1164690 90414 11252 678
00000000 00000000 0 0 131072 1169354 85758 11252 3091
00000000 00000000 0 0 131072 1164700 90414 11252 694
00000000 00000000 0 0 131072 1167786 87554 11252 227
00000000 00000000 0 0 131072 1164156 91574 11252 2609
00000000 00000000 0 0 131072 1164334 91574 11252 2097
00000000 00000000 0 0 131072 1167982 88107 11252 2594
00000000 00000000 0 0 131072 1165136 91574 11252 3585
00000000 00000000 0 0 131072 1160567 98059 11252 3572
00000000 00000000 0 0 131072 1167307 91574 11252 2113
00000000 00000000 0 0 131072 1167350 91574 11252 2129
00000000 00000000 0 0 131072 1168353 93930 11252 3105
00000000 00000000 0 0 131072 1175145 91496 11252 1175
00000000 00000000 0 0 131072 1165704 101302 11252 3104
00000000 00000000 0 0 131072 1173751 93277 11252 693
00000000 00000000 0 0 131072 1175143 93187 11252 1648
00000000 00000000 0 0 131072 1167581 101302 11252 2128
00000000 00000000 0 0 131072 1176283 95828 11252 1189
00000000 00000000 0 0 131072 1167759 104378 11252 1616
00000000 00000000 0 0 131072 1167769 104378 11252 1632
00000000 00000000 0 0 131072 1181022 91138 11252 197
00000000 00000000 0 0 131072 1168009 104378 11252 2624
00000000 00000000 0 0 131072 1184875 91138 11252 213
00000000 00000000 0 0 131072 1184743 91613 11252 2610
00000000 00000000 0 0 131072 1194839 82345 11252 1553
00000000 00000000 0 0 131072 1189162 88077 11252 118
00000000 00000000 0 0 131072 1196504 82345 11252 721
00000000 00000000 0 0 131072 1193912 87444 11252 2515
00000000 00000000 0 0 131072 1185818 97615 11252 2996
00000000 00000000 0 0 131072 1191102 93692 11252 599
00000000 00000000 0 0 131072 1219117 66685 15132 255
00000000 00000000 0 0 131072 1206322 79680 11252 241
00000000 00000000 0 0 131072 1196323 89791 11252 3477
00000000 00000000 0 0 131072 1198067 88077 11252 3126
00000000 00000000 0 0 131072 1193998 92783 11252 1072
00000000 00000000 0 0 131072 1200275 87156 11252 722
00000000 00000000 0 0 131072 1200279 87156 11252 2034
00000000 00000000 0 0 131072 1221152 66682 15132 3614
00000000 00000000 0 0 131072 1201038 86928 11252 2645
00000000 00000000 0 0 131072 1221392 66669 15132 2171
00000000 00000000 0 0 131072 1221400 66669 15132 2652
00000000 00000000 0 0 131072 1221670 66679 15132 3133
00000000 00000000 0 0 131072 1204600 83954 11252 723
00000000 00000000 0 0 131072 1211550 77040 11252 3601
00000000 00000000 0 0 131072 1203726 85091 11252 2646
00000000 00000000 0 0 131072 1201814 87185 11252 3600
00000000 00000000 0 0 131072 1201474 89008 11252 2647
00000000 00000000 0 0 131072 1197320 94249 11252 3127
00000000 00000000 0 0 131072 1205866 85861 11252 1683
00000000 00000000 0 0 131072 1206054 85861 11252 1203
00000000 00000000 0 0 131072 1198475 94249 11252 3607
00000000 00000000 0 0 131072 1206037 88010 11252 2165
00000000 00000000 0 0 131072 1196604 98399 11252 1684
00000000 00000000 0 0 131072 1198634 96521 11252 240
00000000 00000000 0 0 131072 1226686 69305 15132 1690
00000000 00000000 0 0 131072 1227894 69364 15132 728
00000000 00000000 0 0 131072 1201672 96526 11252 2164
00000000 00000000 0 0 131072 1216005 82227 11252 2531
00000000 00000000 0 0 131072 1211238 91218 11252 1202
00000000 00000000 0 0 131072 1208158 95693 11252 2166
00000000 00000000 0 0 131072 1211502 93427 11252 134
00000000 00000000 0 0 131072 1236678 69296 15132 1209
00000000 00000000 0 0 131072 1205111 101670 11252 3012
00000000 00000000 0 0 131072 1205964 101670 11252 1204
00000000 00000000 0 0 131072 1216787 91377 11252 615
00000000 00000000 0 0 131072 1219315 88854 11252 1671
00000000 00000000 0 0 131072 1228860 85228 11252 3587
00000000 00000000 0 0 131072 1224253 89945 11252 1569
00000000 00000000 0 0 131072 1219492 94742 11252 1190
00000000 00000000 0 0 131072 1216745 97898 11252 3120
00000000 00000000 0 0 131072 1220176 94742 11252 150
00000000 00000000 0 0 131072 1220186 94742 11252 166
00000000 00000000 0 0 131072 1221918 93362 11252 242
00000000 00000000 0 0 131072 1233633 82641 11252 2547
00000000 00000000 0 0 131072 1216910 100271 11252 228
00000000 00000000 0 0 131072 1216994 100271 11252 3028
00000000 00000000 0 0 131072 1222987 94742 11252 182
00000000 00000000 0 0 131072 1235268 82641 11252 2563
00000000 00000000 0 0 131072 1231772 86824 11252 1585
00000000 00000000 0 0 131072 1236067 82641 11252 2579
00000000 00000000 0 0 131072 1226973 94742 11252 1686
00000000 00000000 0 0 131072 1225908 95870 11252 1088
00000000 00000000 0 0 131072 1230540 91665 11252 631
00000000 00000000 0 0 131072 1229080 94424 11252 3044
00000000 00000000 0 0 131072 1237077 86824 11252 2625
00000000 00000000 0 0 131072 1228053 95870 11252 1104
00000000 00000000 0 0 131072 1228285 95870 11252 2144
00000000 00000000 0 0 131072 1231936 92627 11252 2050
00000000 00000000 0 0 131072 1230269 94424 11252 3060
00000000 00000000 0 0 131072 1238883 86824 11252 1601
00000000 00000000 0 0 131072 1233146 94424 11252 724
00000000 00000000 0 0 131072 1236411 91219 11252 1120
00000000 00000000 0 0 131072 1236421 91219 11252 1136
00000000 00000000 0 0 131072 1240126 87692 11252 2640
00000000 00000000 0 0 131072 1239892 88378 11252 725
00000000 00000000 0 0 131072 1236277 92050 11252 709
00000000 00000000 0 0 131072 1236285 92050 11252 1685
00000000 00000000 0 0 131072 1240110 88378 11252 3493
00000000 00000000 0 0 131072 1248116 83375 11252 3603
00000000 00000000 0 0 131072 1252009 79617 11252 198
00000000 00000000 0 0 131072 1238607 95457 11252 1664
00000000 00000000 0 0 131072 1236768 97567 11252 3588
00000000 00000000 0 0 131072 1236946 97567 11252 3076
00000000 00000000 0 0 131072 1236956 97567 11252 3092
00000000 00000000 0 0 131072 1241523 93677 11252 3106
00000000 00000000 0 0 131072 1241019 94224 11252 647
00000000 00000000 0 0 131072 1241029 94224 11252 663
00000000 00000000 0 0 131072 1250329 85050 11252 3541
00000000 00000000 0 0 131072 1250339 85050 11252 3557
00000000 00000000 0 0 131072 1241879 93677 11252 2066
00000000 00000000 0 0 131072 1250558 85050 11252 3573
00000000 00000000 0 0 131072 1241990 93677 11252 2082
00000000 00000000 0 0 131072 1250821 85050 11252 1205
00000000 00000000 0 0 131072 1241857 94373 11252 3509
00000000 00000000 0 0 131072 1241867 94373 11252 3525
00000000 00000000 0 0 131072 1259099 77479 11252 2611
00000000 00000000 0 0 131072 1256459 80355 11252 243
00000000 00000000 0 0 131072 1249328 88081 11252 1168
00000000 00000000 0 0 131072 1257568 80355 11252 3107
00000000 00000000 0 0 131072 1249947 88081 11252 2160
00000000 00000000 0 0 131072 1257746 80355 11252 2595
00000000 00000000 0 0 131072 1248808 91055 11252 1152
00000000 00000000 0 0 131072 1258122 84363 11252 3108
00000000 00000000 0 0 131072 1258350 84363 11252 244
00000000 00000000 0 0 131072 1247189 96170 11252 2098
00000000 00000000 0 0 131072 1251596 92205 11252 2167
00000000 00000000 0 0 131072 1251761 92205 11252 1191
00000000 00000000 0 0 131072 1256155 88588 11252 1617
00000000 00000000 0 0 131072 1252603 92205 11252 679
00000000 00000000 0 0 131072 1253909 92205 11252 1687
00000000 00000000 0 0 131072 1259720 86747 11252 3602
00000000 00000000 0 0 131072 1261636 84862 11252 3589
00000000 00000000 0 0 131072 1249008 98576 11252 229
00000000 00000000 0 0 131072 1261891 86747 11252 2130
00000000 00000000 0 0 131072 1261934 86747 11252 2146
00000000 00000000 0 0 131072 1258740 90226 11252 2626
00000000 00000000 0 0 131072 1258918 90968 11252 2114
00000000 00000000 0 0 131072 1258114 93355 11252 695
00000000 00000000 0 0 131072 1258124 93355 11252 711
00000000 00000000 0 0 131072 1279366 72667 11252 2627
00000000 00000000 0 0 131072 1265293 87581 11252 3122
00000000 00000000 0 0 131072 1269651 84348 11252 1184
00000000 00000000 0 0 131072 1270038 85274 11252 710
00000000 00000000 0 0 131072 1281859 77491 11252 738
00000000 00000000 0 0 131072 1270016 89493 11252 3121
00000000 00000000 0 0 131072 1275121 85576 11252 1206
00000000 00000000 0 0 131072 1275170 85576 11252 214
00000000 00000000 0 0 131072 1280194 80817 15132 1570
00000000 00000000 0 0 131072 1271893 89493 11252 2145
00000000 00000000 0 0 131072 1279023 82705 11252 230
00000000 00000000 0 0 131072 1289012 74372 11252 258
00000000 00000000 0 0 131072 1280249 83182 15132 135
00000000 00000000 0 0 131072 1275147 89493 11252 1633
00000000 00000000 0 0 131072 1275157 89493 11252 1649
00000000 00000000 0 0 131072 1275167 89493 11252 1665
00000000 00000000 0 0 131072 1275397 89493 11252 2641
00000000 00000000 0 0 131072 1290441 74770 11252 739
00000000 00000000 0 0 131072 1289154 76539 11252 3143
00000000 00000000 0 0 131072 1291600 74372 11252 3618
00000000 00000000 0 0 131072 1364021 2888 2888 1595
00000000 00000000 0 0 131072 1290844 76539 11252 3623
00000000 00000000 0 0 131072 1291827 76539 11252 2663
00000000 00000000 0 0 131072 1291079 77875 11252 2661
00000000 00000000 0 0 131072 1293492 76947 11252 2656
00000000 00000000 0 0 131072 1291071 79873 11252 2180
00000000 00000000 0 0 131072 1284366 86964 15132 2532
00000000 00000000 0 0 131072 1291564 79873 11252 740
00000000 00000000 0 0 131072 1294579 76947 11252 3136
00000000 00000000 0 0 131072 1290976 80645 11252 2662
00000000 00000000 0 0 131072 1288812 82825 11252 256
00000000 00000000 0 0 131072 1291359 80645 11252 3142
00000000 00000000 0 0 131072 1366441 5712 2888 152
00000000 00000000 0 0 131072 1295734 76947 11252 3616
00000000 00000000 0 0 131072 1369919 2888 2888 1612
00000000 00000000 0 0 131072 1286443 86476 15132 3013
00000000 00000000 0 0 131072 1292009 80977 11252 3617
00000000 00000000 0 0 131072 1287804 85296 15132 608
00000000 00000000 0 0 131072 1294737 79873 11252 1700
00000000 00000000 0 0 131072 1294925 79873 11252 1220
00000000 00000000 0 0 131072 1301208 74122 11252 2181
00000000 00000000 0 0 131072 1298013 77408 11252 1701
00000000 00000000 0 0 131072 1289124 86719 15132 3494
00000000 00000000 0 0 131072 1289791 86820 15132 1089
00000000 00000000 0 0 131072 1374340 2888 2888 2557
00000000 00000000 0 0 131072 1297057 80645 11252 2182
00000000 00000000 0 0 131072 1290475 87500 15132 2051
00000000 00000000 0 0 131072 1375163 2888 2888 169
00000000 00000000 0 0 131072 1300268 78177 11252 737
00000000 00000000 0 0 131072 1375817 2888 2888 1629
00000000 00000000 0 0 131072 1375929 2888 2888 3038
00000000 00000000 0 0 131072 1376110 2888 2888 633
00000000 00000000 0 0 131072 1299001 80010 11252 1699
00000000 00000000 0 0 131072 1379621 2888 2888 1114
00000000 00000000 0 0 131072 1306861 76232 11252 2183
00000000 00000000 0 0 131072 1380238 2888 2888 2574
00000000 00000000 0 0 131072 1305466 78005 11252 1219
00000000 00000000 0 0 131072 1298165 85543 11252 257
00000000 00000000 0 0 131072 1380985 2888 2888 2076
00000000 00000000 0 0 131072 1381061 2888 2888 186
00000000 00000000 0 0 131072 1381715 2888 2888 1646
00000000 00000000 0 0 131072 1378853 5756 2888 3519
00000000 00000000 0 0 131072 1381827 2888 2888 3055
00000000 00000000 0 0 131072 1382008 2888 2888 650
00000000 00000000 0 0 131072 1311179 74422 11252 1680
00000000 00000000 0 0 131072 1308984 78557 11252 1218
00000000 00000000 0 0 131072 1317098 70867 11252 3604
00000000 00000000 0 0 131072 1385519 2888 2888 1131
00000000 00000000 0 0 131072 1310644 78190 11252 1221
00000000 00000000 0 0 131072 1301242 89793 15132 2548
00000000 00000000 0 0 131072 1386136 6113 2888 2591
00000000 00000000 0 0 131072 1386883 5754 2888 2093
00000000 00000000 0 0 131072 1318290 74838 11252 259
00000000 00000000 0 0 131072 1386959 6356 2888 203
00000000 00000000 0 0 131072 1387613 6113 2888 1663
00000000 00000000 0 0 131072 1387619 6359 2888 3528
00000000 00000000 0 0 131072 1317244 76800 11252 1207
00000000 00000000 0 0 131072 1387725 6359 2888 3064
00000000 00000000 0 0 131072 1387906 6356 2888 667
00000000 00000000 0 0 131072 1391417 2888 2888 1148
00000000 00000000 0 0 131072 1320191 76489 11252 245
00000000 00000000 0 0 131072 1394045 2888 2888 2573
00000000 00000000 0 0 131072 1395259 2888 2888 2600
00000000 00000000 0 0 131072 1395647 2888 2888 2110
00000000 00000000 0 0 131072 1324725 73901 11252 1703
00000000 00000000 0 0 131072 1326911 73435 11252 2642
00000000 00000000 0 0 131072 1317653 83147 11252 3137
00000000 00000000 0 0 131072 1307939 93890 15132 151
00000000 00000000 0 0 131072 1396736 5757 2888 1672
00000000 00000000 0 0 131072 1396325 6358 2888 220
00000000 00000000 0 0 131072 1399943 2888 2888 2590
00000000 00000000 0 0 131072 1397315 5591 2888 1165
00000000 00000000 0 0 131072 1311174 91978 15132 624
00000000 00000000 0 0 131072 1396988 6358 2888 3545
00000000 00000000 0 0 131072 1397094 6358 2888 3081
00000000 00000000 0 0 131072 1397272 6358 2888 684
00000000 00000000 0 0 131072 1401157 2888 2888 2617
00000000 00000000 0 0 131072 1309821 94242 15132 3029
00000000 00000000 0 0 131072 1330580 73770 11252 741
00000000 00000000 0 0 131072 1401545 2888 2888 2127
00000000 00000000 0 0 131072 1331345 74421 11252 1702
00000000 00000000 0 0 131072 1331367 74421 11252 726
00000000 00000000 0 0 131072 1331377 74421 11252 742
00000000 00000000 0 0 131072 1317928 89518 15132 167
00000000 00000000 0 0 131072 1317938 89518 15132 183
00000000 00000000 0 0 131072 1404839 2888 2888 168
00000000 00000000 0 0 131072 1334501 73444 11252 3620
00000000 00000000 0 0 131072 1405503 2888 2888 1689
00000000 00000000 0 0 131072 1319284 89236 15132 2564
00000000 00000000 0 0 131072 1405693 2888 2888 237
00000000 00000000 0 0 131072 1405841 2888 2888 2607
00000000 00000000 0 0 131072 1405916 2888 2888 1182
00000000 00000000 0 0 131072 1339824 69187 11252 260
00000000 00000000 0 0 131072 1327165 81846 11252 2161
00000000 00000000 0 0 131072 1320919 88148 15132 2580
00000000 00000000 0 0 131072 1340933 68923 11252 3124
00000000 00000000 0 0 131072 1321718 88148 15132 2596
00000000 00000000 0 0 131072 1330828 79219 11252 2657
00000000 00000000 0 0 131072 1320739 89388 15132 199
00000000 00000000 0 0 131072 1337375 72786 11252 3605
00000000 00000000 0 0 131072 1317208 93663 15132 1586
00000000 00000000 0 0 131072 1320275 90874 15132 3045
00000000 00000000 0 0 131072 1321606 89718 15132 1602
00000000 00000000 0 0 131072 1406162 5757 2888 649
00000000 00000000 0 0 131072 1406640 5663 2888 701
00000000 00000000 0 0 131072 1338210 74553 11252 3123
00000000 00000000 0 0 131072 1407073 5761 2888 3054
00000000 00000000 0 0 131072 1407443 5596 2888 2136
00000000 00000000 0 0 131072 1410456 2888 2888 184
00000000 00000000 0 0 131072 1410466 2888 2888 200
00000000 00000000 0 0 131072 1410737 2888 2888 185
00000000 00000000 0 0 131072 1411530 2888 2888 2589
00000000 00000000 0 0 131072 1411591 2888 2888 254
00000000 00000000 0 0 131072 1411739 2888 2888 2616
00000000 00000000 0 0 131072 1411814 2888 2888 1199
00000000 00000000 0 0 131072 1412077 2888 2888 2605
00000000 00000000 0 0 131072 1406356 8655 2888 3562
00000000 00000000 0 0 131072 1406462 8655 2888 3098
00000000 00000000 0 0 131072 1407055 8655 2888 2634
00000000 00000000 0 0 131072 1412876 2888 2888 2621
00000000 00000000 0 0 131072 1413137 2888 2888 216
00000000 00000000 0 0 131072 1337104 79219 11252 1681
00000000 00000000 0 0 131072 1341038 75430 11252 2177
00000000 00000000 0 0 131072 1324788 91756 15132 1105
00000000 00000000 0 0 131072 1413881 2888 2888 1611
00000000 00000000 0 0 131072 1414159 2888 2888 3070
00000000 00000000 0 0 131072 1414334 2888 2888 1627
00000000 00000000 0 0 131072 1326514 90874 15132 3061
00000000 00000000 0 0 131072 1345723 72029 11252 261
00000000 00000000 0 0 131072 1414959 2888 2888 666
00000000 00000000 0 0 131072 1346811 71261 11252 2176
00000000 00000000 0 0 131072 1415313 2888 2888 718
00000000 00000000 0 0 131072 1338881 79347 11252 1222
00000000 00000000 0 0 131072 1347006 71261 11252 1200
00000000 00000000 0 0 131072 1328717 89718 15132 1618
00000000 00000000 0 0 131072 1327703 90874 15132 3077
00000000 00000000 0 0 131072 1326933 91756 15132 1121
00000000 00000000 0 0 131072 1415844 2888 2888 3071
00000000 00000000 0 0 131072 1416049 2888 2888 2153
00000000 00000000 0 0 131072 1325215 93818 15132 640
00000000 00000000 0 0 131072 1349124 70662 11252 1696
00000000 00000000 0 0 131072 1330640 89717 15132 1137
00000000 00000000 0 0 131072 1330650 89717 15132 1153
00000000 00000000 0 0 131072 1349477 71074 11252 3619
00000000 00000000 0 0 131072 1341111 80484 15132 2612
00000000 00000000 0 0 131072 1341121 80484 15132 2628
00000000 00000000 0 0 131072 1419035 2888 2888 233
00000000 00000000 0 0 131072 1334666 87302 15132 215
00000000 00000000 0 0 131072 1416665 5761 2888 202
00000000 00000000 0 0 131072 1419584 2888 2888 1130
00000000 00000000 0 0 131072 1419779 2888 2888 1628
00000000 00000000 0 0 131072 1327573 95223 15132 2067
00000000 00000000 0 0 131072 1420087 2888 2888 3087
00000000 00000000 0 0 131072 1352006 71074 11252 2643
00000000 00000000 0 0 131072 1420232 2888 2888 1644
00000000 00000000 0 0 131072 1350594 72578 11252 246
00000000 00000000 0 0 131072 1420398 2888 2888 3086
00000000 00000000 0 0 131072 1417712 5668 2888 1208
00000000 00000000 0 0 131072 1420857 2888 2888 683
00000000 00000000 0 0 131072 1421241 2888 2888 735
00000000 00000000 0 0 131072 1421445 2888 2888 1643
00000000 00000000 0 0 131072 1421587 2888 2888 3102
00000000 00000000 0 0 131072 1421729 2888 2888 1146
00000000 00000000 0 0 131072 1421742 2888 2888 3080
00000000 00000000 0 0 131072 1416354 8373 2888 201
00000000 00000000 0 0 131072 1416364 8373 2888 217
00000000 00000000 0 0 131072 1421977 2888 2888 2170
00000000 00000000 0 0 131072 1422043 2888 2888 665
00000000 00000000 0 0 131072 1337553 88051 15132 3093
00000000 00000000 0 0 131072 1337593 88051 15132 3109
00000000 00000000 0 0 131072 1417428 8261 2888 2606
00000000 00000000 0 0 131072 1417637 8373 2888 2633
00000000 00000000 0 0 131072 1417975 8261 2888 2622
00000000 00000000 0 0 131072 1423397 2888 2888 1162
00000000 00000000 0 0 131072 1423437 2888 2888 1178
00000000 00000000 0 0 131072 1418021 8745 2888 3579
00000000 00000000 0 0 131072 1418127 8745 2888 3115
00000000 00000000 0 0 131072 1355884 71074 11252 3139
00000000 00000000 0 0 131072 1418774 8261 2888 2638
00000000 00000000 0 0 131072 1418720 8745 2888 2651
00000000 00000000 0 0 131072 1424605 2888 2888 2637
00000000 00000000 0 0 131072 1424615 2888 2888 2653
00000000 00000000 0 0 131072 1338253 89433 15132 656
00000000 00000000 0 0 131072 1338263 89433 15132 672
00000000 00000000 0 0 131072 1331528 96176 15132 3510
00000000 00000000 0 0 131072 1424978 2888 2888 232
00000000 00000000 0 0 131072 1425436 2888 2888 219
00000000 00000000 0 0 131072 1425482 2888 2888 1147
00000000 00000000 0 0 131072 1425677 2888 2888 1645
00000000 00000000 0 0 131072 1425806 2888 2888 2092
00000000 00000000 0 0 131072 1425985 2888 2888 3096
00000000 00000000 0 0 131072 1362360 66611 11252 755
00000000 00000000 0 0 131072 1358352 73050 11252 727
00000000 00000000 0 0 131072 1366394 65345 11252 275
00000000 00000000 0 0 131072 1426130 5685 2888 1661
00000000 00000000 0 0 131072 1429050 2888 2888 2650
00000000 00000000 0 0 131072 1429276 2888 2888 2639
00000000 00000000 0 0 131072 1429325 2888 2888 1179
00000000 00000000 0 0 131072 1429365 2888 2888 1195
00000000 00000000 0 0 131072 1362519 70122 11252 3138
00000000 00000000 0 0 131072 1429776 2888 2888 3596
00000000 00000000 0 0 131072 1429882 2888 2888 3132
00000000 00000000 0 0 131072 1430075 2888 2888 2655
00000000 00000000 0 0 131072 1426755 6614 2888 700
00000000 00000000 0 0 131072 1430503 2888 2888 2654
00000000 00000000 0 0 131072 1430513 2888 2888 2670
00000000 00000000 0 0 131072 1427670 5762 2888 3097
00000000 00000000 0 0 131072 1430726 2888 2888 681
00000000 00000000 0 0 131072 1430744 2888 2888 3535
00000000 00000000 0 0 131072 1430766 2888 2888 697
00000000 00000000 0 0 131072 1430906 2888 2888 249
00000000 00000000 0 0 131072 1427627 6317 2888 1163
00000000 00000000 0 0 131072 1427343 6614 2888 1660
00000000 00000000 0 0 131072 1431364 2888 2888 236
00000000 00000000 0 0 131072 1431410 2888 2888 1164
00000000 00000000 0 0 131072 1368982 65345 11252 3635
00000000 00000000 0 0 131072 1431605 2888 2888 1662
00000000 00000000 0 0 131072 1364426 70122 11252 2162
00000000 00000000 0 0 131072 1431704 2888 2888 2109
00000000 00000000 0 0 131072 1431913 2888 2888 3113
00000000 00000000 0 0 131072 1426326 8692 2888 3103
00000000 00000000 0 0 131072 1428614 6589 2888 3118
00000000 00000000 0 0 131072 1428654 6589 2888 3134
00000000 00000000 0 0 131072 1370393 64991 11252 3632
00000000 00000000 0 0 131072 1427515 8692 2888 3119
00000000 00000000 0 0 131072 1368221 68069 11252 756
00000000 00000000 0 0 131072 1371376 64991 11252 2672
00000000 00000000 0 0 131072 1363707 72951 11252 1223
00000000 00000000 0 0 131072 1368703 67998 11252 3152
00000000 00000000 0 0 131072 1427767 9438 2888 218
00000000 00000000 0 0 131072 1427807 9438 2888 234
00000000 00000000 0 0 131072 1427847 9438 2888 250
00000000 00000000 0 0 131072 1342873 94471 15132 1169
00000000 00000000 0 0 131072 1342883 94471 15132 1185
00000000 00000000 0 0 131072 1427971 9438 2888 682
00000000 00000000 0 0 131072 1428729 8692 2888 2623
00000000 00000000 0 0 131072 1434855 2888 2888 1678
00000000 00000000 0 0 131072 1434948 2888 2888 2667
00000000 00000000 0 0 131072 1367900 70122 11252 2658
00000000 00000000 0 0 131072 1435674 2888 2888 3613
00000000 00000000 0 0 131072 1371964 67579 11252 2678
00000000 00000000 0 0 131072 1373954 67463 11252 2197
00000000 00000000 0 0 131072 1374447 67463 11252 757
00000000 00000000 0 0 131072 1439247 2888 2888 3128
00000000 00000000 0 0 131072 1436672 6336 2888 3544
00000000 00000000 0 0 131072 1440215 2888 2888 235
00000000 00000000 0 0 131072 1440255 2888 2888 251
00000000 00000000 0 0 131072 1440295 2888 2888 267
00000000 00000000 0 0 131072 1440354 2888 2888 1194
00000000 00000000 0 0 131072 1440364 2888 2888 1210
00000000 00000000 0 0 131072 1440449 2888 2888 699
00000000 00000000 0 0 131072 1440461 2888 2888 2632
00000000 00000000 0 0 131072 1437632 5733 2888 2126
00000000 00000000 0 0 131072 1440501 2888 2888 2648
00000000 00000000 0 0 131072 1440511 2888 2888 2664
00000000 00000000 0 0 131072 1440783 2888 2888 1695
00000000 00000000 0 0 131072 1345525 98646 15132 3125
00000000 00000000 0 0 131072 1438058 6336 2888 3112
00000000 00000000 0 0 131072 1374631 70251 11252 2679
00000000 00000000 0 0 131072 1377620 67463 11252 1717
00000000 00000000 0 0 131072 1375014 70251 11252 3159
00000000 00000000 0 0 131072 1377808 67463 11252 1237
00000000 00000000 0 0 131072 1436984 8571 2888 1180
00000000 00000000 0 0 131072 1437024 8571 2888 1196
00000000 00000000 0 0 131072 1437064 8571 2888 1212
00000000 00000000 0 0 131072 1378340 67579 11252 2198
00000000 00000000 0 0 131072 1378431 67579 11252 1718
00000000 00000000 0 0 131072 1436409 9647 2888 717
00000000 00000000 0 0 131072 1436401 9867 2888 2671
00000000 00000000 0 0 131072 1436411 9867 2888 2687
00000000 00000000 0 0 131072 1436472 9867 2888 3114
00000000 00000000 0 0 131072 1436654 9867 2888 698
00000000 00000000 0 0 131072 1436694 9867 2888 714
00000000 00000000 0 0 131072 1436997 9647 2888 1677
00000000 00000000 0 0 131072 1436804 9867 2888 266
00000000 00000000 0 0 131072 1338566 108289 15132 2083
00000000 00000000 0 0 131072 1437292 9647 2888 253
00000000 00000000 0 0 131072 1338677 108289 15132 2099
00000000 00000000 0 0 131072 1437338 9647 2888 1181
00000000 00000000 0 0 131072 1339240 108056 15132 3526
00000000 00000000 0 0 131072 1339250 108056 15132 3542
00000000 00000000 0 0 131072 1339260 108056 15132 3558
00000000 00000000 0 0 131072 1339270 108056 15132 3574
00000000 00000000 0 0 131072 1339280 108056 15132 3590
00000000 00000000 0 0 131072 1437503 9867 2888 1679
00000000 00000000 0 0 131072 1437811 9867 2888 3130
00000000 00000000 0 0 131072 1373449 74443 11252 2673
00000000 00000000 0 0 131072 1390551 57358 11252 1235
00000000 00000000 0 0 131072 1386103 61812 11252 2192
00000000 00000000 0 0 131072 1438213 9867 2888 3135
00000000 00000000 0 0 131072 1438253 9867 2888 3151
00000000 00000000 0 0 131072 1375996 72312 11252 3634
00000000 00000000 0 0 131072 1349508 99166 15132 3606
00000000 00000000 0 0 131072 1446048 2888 2888 3561
00000000 00000000 0 0 131072 1374536 74443 11252 3153
00000000 00000000 0 0 131072 1381455 68099 11252 754
00000000 00000000 0 0 131072 1347753 102848 15132 1634
00000000 00000000 0 0 131072 1374647 76990 11252 273
00000000 00000000 0 0 131072 1449096 2888 2888 734
00000000 00000000 0 0 131072 1449278 2888 2888 2680
00000000 00000000 0 0 131072 1449288 2888 2888 2696
00000000 00000000 0 0 131072 1449349 2888 2888 3131
00000000 00000000 0 0 131072 1446282 5991 2888 1211
00000000 00000000 0 0 131072 1446292 5991 2888 1227
00000000 00000000 0 0 131072 1449531 2888 2888 715
00000000 00000000 0 0 131072 1449571 2888 2888 731
00000000 00000000 0 0 131072 1449681 2888 2888 283
00000000 00000000 0 0 131072 1449684 2888 2888 1694
00000000 00000000 0 0 131072 1375691 76990 11252 3633
00000000 00000000 0 0 131072 1447181 5523 2888 3150
00000000 00000000 0 0 131072 1449865 2888 2888 2108
00000000 00000000 0 0 131072 1449949 2888 2888 270
00000000 00000000 0 0 131072 1449976 2888 2888 2124
00000000 00000000 0 0 131072 1355043 97825 15132 2644
00000000 00000000 0 0 131072 1449995 2888 2888 1198
00000000 00000000 0 0 131072 1450336 2888 2888 3551
00000000 00000000 0 0 131072 1450376 2888 2888 3567
00000000 00000000 0 0 131072 1450380 2888 2888 1688
00000000 00000000 0 0 131072 1450390 2888 2888 1704
00000000 00000000 0 0 131072 1450416 2888 2888 3583
00000000 00000000 0 0 131072 1450456 2888 2888 3599
00000000 00000000 0 0 131072 1450496 2888 2888 3615
00000000 00000000 0 0 131072 1450688 2888 2888 3147
00000000 00000000 0 0 131072 1382021 71812 11252 1716
00000000 00000000 0 0 131072 1380712 73255 11252 2199
00000000 00000000 0 0 131072 1451090 2888 2888 3144
00000000 00000000 0 0 131072 1451130 2888 2888 3160
00000000 00000000 0 0 131072 1446405 7859 2888 2143
00000000 00000000 0 0 131072 1451684 2888 2888 3631
00000000 00000000 0 0 131072 1386718 68099 11252 274
00000000 00000000 0 0 131072 1451946 2888 2888 3578
00000000 00000000 0 0 131072 1357009 98429 15132 1201
00000000 00000000 0 0 131072 1446143 9592 2888 252
00000000 00000000 0 0 131072 1347848 107887 15132 688
00000000 00000000 0 0 131072 1446153 9592 2888 268
00000000 00000000 0 0 131072 1446193 9592 2888 284
00000000 00000000 0 0 131072 1446347 9592 2888 716
00000000 00000000 0 0 131072 1346369 109709 15132 2115
00000000 00000000 0 0 131072 1446389 9769 2888 2649
00000000 00000000 0 0 131072 1446399 9769 2888 2665
00000000 00000000 0 0 131072 1446409 9769 2888 2681
00000000 00000000 0 0 131072 1390975 65356 11252 3621
00000000 00000000 0 0 131072 1453641 2888 2888 1659
00000000 00000000 0 0 131072 1448595 8522 2888 1197
00000000 00000000 0 0 131072 1448635 8522 2888 1213
00000000 00000000 0 0 131072 1448645 8522 2888 1229
00000000 00000000 0 0 131072 1447404 9769 2888 3129
00000000 00000000 0 0 131072 1447414 9769 2888 3145
00000000 00000000 0 0 131072 1354479 102912 15132 704
00000000 00000000 0 0 131072 1354489 102912 15132 720
00000000 00000000 0 0 131072 1454994 2888 2888 751
00000000 00000000 0 0 131072 1403356 54528 11252 2659
00000000 00000000 0 0 131072 1363756 94142 15132 231
00000000 00000000 0 0 131072 1455206 2888 2888 2697
00000000 00000000 0 0 131072 1455246 2888 2888 2713
00000000 00000000 0 0 131072 1455247 2888 2888 3148
00000000 00000000 0 0 131072 1455283 2888 2888 1228
00000000 00000000 0 0 131072 1455293 2888 2888 1244
00000000 00000000 0 0 131072 1386481 71812 11252 1236
00000000 00000000 0 0 131072 1455429 2888 2888 732
00000000 00000000 0 0 131072 1455469 2888 2888 748
00000000 00000000 0 0 131072 1455582 2888 2888 1711
00000000 00000000 0 0 131072 1455609 2888 2888 300
00000000 00000000 0 0 131072 1455714 2888 2888 3167
00000000 00000000 0 0 131072 1455763 2888 2888 2125
00000000 00000000 0 0 131072 1455874 2888 2888 2141
00000000 00000000 0 0 131072 1455878 2888 2888 2669
00000000 00000000 0 0 131072 1455893 2888 2888 1215
00000000 00000000 0 0 131072 1364738 94142 15132 247
00000000 00000000 0 0 131072 1352926 106017 15132 2131
00000000 00000000 0 0 131072 1352966 106017 15132 2147
00000000 00000000 0 0 131072 1353006 106005 15132 2163
00000000 00000000 0 0 131072 1459118 2888 2888 2140
00000000 00000000 0 0 131072 1459168 2888 2888 2666
00000000 00000000 0 0 131072 1459178 2888 2888 2682
00000000 00000000 0 0 131072 1459188 2888 2888 2698
00000000 00000000 0 0 131072 1459569 2888 2888 1676
00000000 00000000 0 0 131072 1460127 2888 2888 1214
00000000 00000000 0 0 131072 1460167 2888 2888 1230
00000000 00000000 0 0 131072 1460183 2888 2888 3146
00000000 00000000 0 0 131072 1460207 2888 2888 1246
00000000 00000000 0 0 131072 1460223 2888 2888 3162
00000000 00000000 0 0 131072 1460401 2888 2888 729
00000000 00000000 0 0 131072 1460411 2888 2888 745
00000000 00000000 0 0 131072 1457874 5715 2888 3595
00000000 00000000 0 0 131072 1460938 2888 2888 248
00000000 00000000 0 0 131072 1461134 2888 2888 2714
00000000 00000000 0 0 131072 1388611 75428 11252 1697
00000000 00000000 0 0 131072 1461174 2888 2888 2730
00000000 00000000 0 0 131072 1461181 2888 2888 1245
00000000 00000000 0 0 131072 1461191 2888 2888 1261
00000000 00000000 0 0 131072 1461327 2888 2888 749
00000000 00000000 0 0 131072 1461397 2888 2888 765
00000000 00000000 0 0 131072 1461510 2888 2888 1720
00000000 00000000 0 0 131072 1461537 2888 2888 317
00000000 00000000 0 0 131072 1456616 7888 2888 3164
00000000 00000000 0 0 131072 1461642 2888 2888 3176
00000000 00000000 0 0 131072 1461691 2888 2888 2142
00000000 00000000 0 0 131072 1461791 2888 2888 1224
00000000 00000000 0 0 131072 1461802 2888 2888 2158
00000000 00000000 0 0 131072 1461806 2888 2888 2686
00000000 00000000 0 0 131072 1461890 2888 2888 264
00000000 00000000 0 0 131072 1461983 2888 2888 2156
00000000 00000000 0 0 131072 1462023 2888 2888 2172
00000000 00000000 0 0 131072 1462033 2888 2888 2188
00000000 00000000 0 0 131072 1458448 7221 2888 1226
00000000 00000000 0 0 131072 1456278 9847 2888 1705
00000000 00000000 0 0 131072 1456288 9847 2888 1721
00000000 00000000 0 0 131072 1456234 9940 2888 3560
00000000 00000000 0 0 131072 1456274 9940 2888 3576
00000000 00000000 0 0 131072 1456314 9940 2888 3592
00000000 00000000 0 0 131072 1456354 9940 2888 3608
00000000 00000000 0 0 131072 1456394 9940 2888 3624
00000000 00000000 0 0 131072 1391844 74796 11252 1238
00000000 00000000 0 0 131072 1456988 9847 2888 3161
00000000 00000000 0 0 131072 1457028 9847 2888 3177
00000000 00000000 0 0 131072 1457304 9940 2888 2152
00000000 00000000 0 0 131072 1367680 99640 15132 1650
00000000 00000000 0 0 131072 1367720 99640 15132 1666
00000000 00000000 0 0 131072 1367760 99640 15132 1682
00000000 00000000 0 0 131072 1457612 9940 2888 3640
00000000 00000000 0 0 131072 1465046 2888 2888 2157
00000000 00000000 0 0 131072 1465096 2888 2888 2683
00000000 00000000 0 0 131072 1465136 2888 2888 2699
00000000 00000000 0 0 131072 1465176 2888 2888 2715
00000000 00000000 0 0 131072 1458745 9445 2888 269
00000000 00000000 0 0 131072 1458755 9445 2888 285
00000000 00000000 0 0 131072 1458795 9445 2888 301
00000000 00000000 0 0 131072 1465497 2888 2888 1693
00000000 00000000 0 0 131072 1458949 9445 2888 733
00000000 00000000 0 0 131072 1458745 9847 2888 713
00000000 00000000 0 0 131072 1396138 72741 11252 276
00000000 00000000 0 0 131072 1466025 2888 2888 1231
00000000 00000000 0 0 131072 1466095 2888 2888 1247
00000000 00000000 0 0 131072 1466111 2888 2888 3163
00000000 00000000 0 0 131072 1397054 71957 11252 1216
00000000 00000000 0 0 131072 1401666 67345 11252 1712
00000000 00000000 0 0 131072 1399690 69612 11252 262
00000000 00000000 0 0 131072 1410985 60706 11252 3637
00000000 00000000 0 0 131072 1466599 5436 2888 3612
00000000 00000000 0 0 131072 1469184 2888 2888 3577
00000000 00000000 0 0 131072 1469224 2888 2888 3593
00000000 00000000 0 0 131072 1469264 2888 2888 3609
00000000 00000000 0 0 131072 1469304 2888 2888 3625
00000000 00000000 0 0 131072 1469374 2888 2888 3641
00000000 00000000 0 0 131072 1412051 60706 11252 277
00000000 00000000 0 0 131072 1469875 2888 2888 3178
00000000 00000000 0 0 131072 1469915 2888 2888 3194
00000000 00000000 0 0 131072 1470284 2888 2888 2169
00000000 00000000 0 0 131072 1470360 2888 2888 1675
00000000 00000000 0 0 131072 1470400 2888 2888 1691
00000000 00000000 0 0 131072 1470410 2888 2888 1707
00000000 00000000 0 0 131072 1467109 6234 2888 1262
00000000 00000000 0 0 131072 1467149 6234 2888 1278
00000000 00000000 0 0 131072 1470592 2888 2888 3657
00000000 00000000 0 0 131072 1470974 2888 2888 2174
00000000 00000000 0 0 131072 1471230 2888 2888 286
00000000 00000000 0 0 131072 1471270 2888 2888 302
00000000 00000000 0 0 131072 1471310 2888 2888 318
00000000 00000000 0 0 131072 1471350 2888 2888 334
00000000 00000000 0 0 131072 1471395 2888 2888 1710
00000000 00000000 0 0 131072 1471404 2888 2888 750
00000000 00000000 0 0 131072 1471444 2888 2888 766
00000000 00000000 0 0 131072 1471484 2888 2888 782
00000000 00000000 0 0 131072 1471632 2888 2888 730
00000000 00000000 0 0 131072 1471642 2888 2888 746
00000000 00000000 0 0 131072 1471652 2888 2888 762
00000000 00000000 0 0 131072 1471953 2888 2888 1240
00000000 00000000 0 0 131072 1472009 2888 2888 3180
00000000 00000000 0 0 131072 1472023 2888 2888 1256
00000000 00000000 0 0 131072 1466135 9266 2888 1263
00000000 00000000 0 0 131072 1466151 9489 2888 3179
00000000 00000000 0 0 131072 1466836 9304 2888 265
00000000 00000000 0 0 131072 1467911 8477 2888 2173
00000000 00000000 0 0 131072 1467921 8477 2888 2189
00000000 00000000 0 0 131072 1467931 8477 2888 2205
00000000 00000000 0 0 131072 1467062 9489 2888 2731
00000000 00000000 0 0 131072 1467102 9489 2888 2747
00000000 00000000 0 0 131072 1467408 9304 2888 1737
00000000 00000000 0 0 131072 1467540 9304 2888 3193
00000000 00000000 0 0 131072 1467619 9266 2888 2159
00000000 00000000 0 0 131072 1467730 9266 2888 2175
00000000 00000000 0 0 131072 1467734 9266 2888 2703
00000000 00000000 0 0 131072 1407390 69612 11252 758
00000000 00000000 0 0 131072 1467788 9304 2888 281
00000000 00000000 0 0 131072 1408776 68655 11252 1719
00000000 00000000 0 0 131072 1408798 68655 11252 743
00000000 00000000 0 0 131072 1408838 68655 11252 759
00000000 00000000 0 0 131072 1475045 2888 2888 3629
00000000 00000000 0 0 131072 1475082 2888 2888 3594
00000000 00000000 0 0 131072 1475122 2888 2888 3610
00000000 00000000 0 0 131072 1475162 2888 2888 3626
00000000 00000000 0 0 131072 1475232 2888 2888 3642
00000000 00000000 0 0 131072 1475302 2888 2888 3658
00000000 00000000 0 0 131072 1468709 9489 2888 1243
00000000 00000000 0 0 131072 1475773 2888 2888 3195
00000000 00000000 0 0 131072 1475813 2888 2888 3211
00000000 00000000 0 0 131072 1403810 75201 11252 3154
00000000 00000000 0 0 131072 1479150 2888 2888 282
00000000 00000000 0 0 131072 1476182 5925 2888 2186
00000000 00000000 0 0 131072 1479398 2888 2888 2190
00000000 00000000 0 0 131072 1479408 2888 2888 2206
00000000 00000000 0 0 131072 1479418 2888 2888 2222
00000000 00000000 0 0 131072 1412021 70387 11252 2178
00000000 00000000 0 0 131072 1476490 5925 2888 3674
00000000 00000000 0 0 131072 1479854 2888 2888 3210
00000000 00000000 0 0 131072 1479925 2888 2888 2168
00000000 00000000 0 0 131072 1480006 2888 2888 2184
00000000 00000000 0 0 131072 1480010 2888 2888 2712
00000000 00000000 0 0 131072 1480102 2888 2888 298
00000000 00000000 0 0 131072 1413087 70387 11252 2674
00000000 00000000 0 0 131072 1481010 2888 2888 3611
00000000 00000000 0 0 131072 1481020 2888 2888 3627
00000000 00000000 0 0 131072 1481060 2888 2888 3643
00000000 00000000 0 0 131072 1481130 2888 2888 3659
00000000 00000000 0 0 131072 1481200 2888 2888 3675
00000000 00000000 0 0 131072 1481238 2888 2888 1260
00000000 00000000 0 0 131072 1481701 2888 2888 3212
00000000 00000000 0 0 131072 1481741 2888 2888 3228
00000000 00000000 0 0 131072 1478441 6681 2888 1272
00000000 00000000 0 0 131072 1476258 9488 2888 1692
00000000 00000000 0 0 131072 1476298 9488 2888 1708
00000000 00000000 0 0 131072 1476338 9488 2888 1724
00000000 00000000 0 0 131072 1477530 8368 2888 747
00000000 00000000 0 0 131072 1477570 8368 2888 763
00000000 00000000 0 0 131072 1477610 8368 2888 779
00000000 00000000 0 0 131072 1476383 10044 2888 1279
00000000 00000000 0 0 131072 1476423 10044 2888 1295
00000000 00000000 0 0 131072 1415773 70706 11252 3140
00000000 00000000 0 0 131072 1476872 10044 2888 2191
00000000 00000000 0 0 131072 1477293 10044 2888 1727
00000000 00000000 0 0 131072 1477302 10044 2888 767
00000000 00000000 0 0 131072 1419478 67874 11252 2194
00000000 00000000 0 0 131072 1477342 10044 2888 783
00000000 00000000 0 0 131072 1477382 10044 2888 799
00000000 00000000 0 0 131072 1421112 66741 11252 2193
00000000 00000000 0 0 131072 1485048 2888 2888 299
00000000 00000000 0 0 131072 1478680 9488 2888 3196
00000000 00000000 0 0 131072 1485296 2888 2888 2207
00000000 00000000 0 0 131072 1485306 2888 2888 2223
00000000 00000000 0 0 131072 1485316 2888 2888 2239
00000000 00000000 0 0 131072 1485425 2888 2888 3691
00000000 00000000 0 0 131072 1421268 67081 11252 1239
00000000 00000000 0 0 131072 1485752 2888 2888 3227
00000000 00000000 0 0 131072 1485823 2888 2888 2185
00000000 00000000 0 0 131072 1485904 2888 2888 2201
00000000 00000000 0 0 131072 1485908 2888 2888 2729
00000000 00000000 0 0 131072 1486000 2888 2888 315
00000000 00000000 0 0 131072 1422796 66586 11252 1713
00000000 00000000 0 0 131072 1420762 68674 11252 278
00000000 00000000 0 0 131072 1489437 2888 2888 1288
00000000 00000000 0 0 131072 1489477 2888 2888 1304
00000000 00000000 0 0 131072 1489926 2888 2888 2200
00000000 00000000 0 0 131072 1423591 69568 11252 3636
00000000 00000000 0 0 131072 1490347 2888 2888 1736
00000000 00000000 0 0 131072 1429968 63448 11252 3156
00000000 00000000 0 0 131072 1490946 2888 2888 316
00000000 00000000 0 0 131072 1439300 54665 11252 773
00000000 00000000 0 0 131072 1491194 2888 2888 2216
00000000 00000000 0 0 131072 1491204 2888 2888 2232
00000000 00000000 0 0 131072 1491214 2888 2888 2248
00000000 00000000 0 0 131072 1491323 2888 2888 3708
00000000 00000000 0 0 131072 1491650 2888 2888 3244
00000000 00000000 0 0 131072 1491721 2888 2888 2202
00000000 00000000 0 0 131072 1491802 2888 2888 2218
00000000 00000000 0 0 131072 1491806 2888 2888 2746
00000000 00000000 0 0 131072 1491898 2888 2888 332
00000000 00000000 0 0 131072 1431981 63448 11252 772
00000000 00000000 0 0 131072 1487166 9334 2888 1277
00000000 00000000 0 0 131072 1435681 61141 11252 3155
00000000 00000000 0 0 131072 1486908 10059 2888 3628
00000000 00000000 0 0 131072 1486918 10059 2888 3644
00000000 00000000 0 0 131072 1486958 10059 2888 3660
00000000 00000000 0 0 131072 1487028 10059 2888 3676
00000000 00000000 0 0 131072 1487098 10059 2888 3692
00000000 00000000 0 0 131072 1488756 9334 2888 1709
00000000 00000000 0 0 131072 1488796 9334 2888 1725
00000000 00000000 0 0 131072 1488836 9334 2888 1741
00000000 00000000 0 0 131072 1434749 63448 11252 292
00000000 00000000 0 0 131072 1439668 58604 11252 1232
00000000 00000000 0 0 131072 1495824 2888 2888 2217
00000000 00000000 0 0 131072 1488908 10059 2888 764
00000000 00000000 0 0 131072 1488948 10059 2888 780
00000000 00000000 0 0 131072 1488988 10023 2888 796
00000000 00000000 0 0 131072 1437337 61674 11252 3652
00000000 00000000 0 0 131072 1439377 61802 11252 2689
00000000 00000000 0 0 131072 1439711 61802 11252 3169
00000000 00000000 0 0 131072 1499510 2888 2888 1294
00000000 00000000 0 0 131072 1499977 2888 2888 3645
00000000 00000000 0 0 131072 1499987 2888 2888 3661
00000000 00000000 0 0 131072 1500027 2888 2888 3677
00000000 00000000 0 0 131072 1500097 2888 2888 3693
00000000 00000000 0 0 131072 1500167 2888 2888 3709
00000000 00000000 0 0 131072 1500177 2888 2888 3725
00000000 00000000 0 0 131072 1438394 64821 11252 3649
00000000 00000000 0 0 131072 1442553 61041 11252 2695
00000000 00000000 0 0 131072 1501100 2888 2888 1726
00000000 00000000 0 0 131072 1501140 2888 2888 1742
00000000 00000000 0 0 131072 1501180 2888 2888 1758
00000000 00000000 0 0 131072 1497704 6642 2888 2763
00000000 00000000 0 0 131072 1501722 2888 2888 2234
00000000 00000000 0 0 131072 1501977 2888 2888 781
00000000 00000000 0 0 131072 1502017 2888 2888 797
00000000 00000000 0 0 131072 1502027 2888 2888 813
00000000 00000000 0 0 131072 1496844 8316 2888 333
00000000 00000000 0 0 131072 1496245 9197 2888 1753
00000000 00000000 0 0 131072 1441032 64826 11252 2675
00000000 00000000 0 0 131072 1497796 8316 2888 349
00000000 00000000 0 0 131072 1497092 9197 2888 2233
00000000 00000000 0 0 131072 1497102 9197 2888 2249
00000000 00000000 0 0 131072 1497112 9197 2888 2265
00000000 00000000 0 0 131072 1450919 56018 11252 1252
00000000 00000000 0 0 131072 1447892 59951 11252 2688
00000000 00000000 0 0 131072 1444427 63498 11252 2214
00000000 00000000 0 0 131072 1448275 59951 11252 3168
00000000 00000000 0 0 131072 1505408 2888 2888 1311
00000000 00000000 0 0 131072 1444920 63498 11252 774
00000000 00000000 0 0 131072 1449020 59944 11252 1735
00000000 00000000 0 0 131072 1413171 95794 15132 3622
00000000 00000000 0 0 131072 1450925 58086 11252 2209
00000000 00000000 0 0 131072 1448929 60082 11252 2215
00000000 00000000 0 0 131072 1448093 61720 11252 1734
00000000 00000000 0 0 131072 1448281 61720 11252 1254
00000000 00000000 0 0 131072 1412866 98096 15132 3141
00000000 00000000 0 0 131072 1451318 60076 11252 3651
00000000 00000000 0 0 131072 1509122 2888 2888 366
00000000 00000000 0 0 131072 1509299 2888 2888 2250
00000000 00000000 0 0 131072 1509309 2888 2888 2266
00000000 00000000 0 0 131072 1509319 2888 2888 2282
00000000 00000000 0 0 131072 1452564 60076 11252 771
00000000 00000000 0 0 131072 1511306 2888 2888 1320
00000000 00000000 0 0 131072 1511975 2888 2888 3647
00000000 00000000 0 0 131072 1506998 8215 2888 1743
00000000 00000000 0 0 131072 1507038 8215 2888 1759
00000000 00000000 0 0 131072 1507078 8215 2888 1775
00000000 00000000 0 0 131072 1513972 2888 2888 3166
00000000 00000000 0 0 131072 1507875 9684 2888 798
00000000 00000000 0 0 131072 1507915 9684 2888 814
00000000 00000000 0 0 131072 1507925 9684 2888 830
00000000 00000000 0 0 131072 1508170 9684 2888 350
00000000 00000000 0 0 131072 1457827 60076 11252 291
00000000 00000000 0 0 131072 1411401 107181 15132 1706
00000000 00000000 0 0 131072 1417489 104710 15132 271
00000000 00000000 0 0 131072 1519870 2888 2888 3183
00000000 00000000 0 0 131072 1421277 101698 15132 1217
00000000 00000000 0 0 131072 1450902 72457 11252 2690
00000000 00000000 0 0 131072 1520569 2888 2888 815
00000000 00000000 0 0 131072 1520609 2888 2888 831
00000000 00000000 0 0 131072 1520619 2888 2888 847
00000000 00000000 0 0 131072 1456843 67198 11252 1733
00000000 00000000 0 0 131072 1451989 72457 11252 3170
00000000 00000000 0 0 131072 1427139 98220 15132 744
00000000 00000000 0 0 131072 1426090 100108 15132 2660
00000000 00000000 0 0 131072 1456977 70116 11252 2208
00000000 00000000 0 0 131072 1454647 72457 11252 290
00000000 00000000 0 0 131072 1517873 9256 2888 3656
00000000 00000000 0 0 131072 1518223 9256 2888 1752
00000000 00000000 0 0 131072 1518263 9256 2888 1768
00000000 00000000 0 0 131072 1518303 9256 2888 1784
00000000 00000000 0 0 131072 1475767 52128 11252 294
00000000 00000000 0 0 131072 1455691 72457 11252 3650
00000000 00000000 0 0 131072 1419333 109040 15132 1698
00000000 00000000 0 0 131072 1461303 67147 11252 1253
00000000 00000000 0 0 131072 1525768 2888 2888 3192
00000000 00000000 0 0 131072 1525985 2888 2888 1242
00000000 00000000 0 0 131072 1426390 102491 15132 1225
00000000 00000000 0 0 131072 1529208 2888 2888 2685
00000000 00000000 0 0 131072 1472021 60104 11252 1729
00000000 00000000 0 0 131072 1530139 2888 2888 3673
00000000 00000000 0 0 131072 1427875 105414 15132 2187
00000000 00000000 0 0 131072 1530489 2888 2888 1769
00000000 00000000 0 0 131072 1530529 2888 2888 1785
00000000 00000000 0 0 131072 1530569 2888 2888 1801
00000000 00000000 0 0 131072 1531383 2888 2888 1723
00000000 00000000 0 0 131072 1531666 2888 2888 3209
00000000 00000000 0 0 131072 1426182 108486 15132 263
00000000 00000000 0 0 131072 1531883 2888 2888 1259
00000000 00000000 0 0 131072 1469650 65393 11252 1255
00000000 00000000 0 0 131072 1435780 100254 15132 3149
00000000 00000000 0 0 131072 1471889 65056 11252 293
00000000 00000000 0 0 131072 1437558 99657 15132 2179
00000000 00000000 0 0 131072 1430475 106784 15132 2668
00000000 00000000 0 0 131072 1535106 2888 2888 2702
00000000 00000000 0 0 131072 1434412 104508 15132 736
00000000 00000000 0 0 131072 1536037 2888 2888 3690
00000000 00000000 0 0 131072 1480012 62501 11252 775
00000000 00000000 0 0 131072 1540225 2888 2888 2204
00000000 00000000 0 0 131072 1537564 5704 2888 3226
00000000 00000000 0 0 131072 1537281 6015 2888 1740
00000000 00000000 0 0 131072 1537678 5878 2888 280
00000000 00000000 0 0 131072 1537781 6015 2888 1276
00000000 00000000 0 0 131072 1541004 2888 2888 2719
00000000 00000000 0 0 131072 1496975 47066 11252 790
00000000 00000000 0 0 131072 1441572 103091 15132 3630
00000000 00000000 0 0 131072 1541930 2888 2888 761
00000000 00000000 0 0 131072 1541935 2888 2888 3707
00000000 00000000 0 0 131072 1482021 65779 11252 3171
00000000 00000000 0 0 131072 1480441 68197 11252 1728
00000000 00000000 0 0 131072 1486484 62943 11252 2691
00000000 00000000 0 0 131072 1546278 5471 2888 3243
00000000 00000000 0 0 131072 1440876 111229 15132 2684
00000000 00000000 0 0 131072 1546902 5515 2888 2728
00000000 00000000 0 0 131072 1499832 52770 11252 3172
00000000 00000000 0 0 131072 1547828 5542 2888 778
00000000 00000000 0 0 131072 1547833 5699 2888 3724
00000000 00000000 0 0 131072 1546123 7887 2888 2221
00000000 00000000 0 0 131072 1546306 7887 2888 1757
00000000 00000000 0 0 131072 1546566 7753 2888 297
00000000 00000000 0 0 131072 1546806 7887 2888 1293
00000000 00000000 0 0 131072 1491359 64870 11252 1248
00000000 00000000 0 0 131072 1554759 2888 2888 3260
00000000 00000000 0 0 131072 1555427 2888 2888 2745
00000000 00000000 0 0 131072 1490863 67881 11252 2210
00000000 00000000 0 0 131072 1556380 5559 2888 795
00000000 00000000 0 0 131072 1496169 65820 11252 3653
00000000 00000000 0 0 131072 1556542 6250 2888 3741
00000000 00000000 0 0 131072 1557329 5622 2888 314
00000000 00000000 0 0 131072 1510853 52865 11252 2705
00000000 00000000 0 0 131072 1511236 52865 11252 3185
00000000 00000000 0 0 131072 1561325 2888 2888 2762
00000000 00000000 0 0 131072 1498439 65820 11252 789
00000000 00000000 0 0 131072 1501207 63958 11252 309
00000000 00000000 0 0 131072 1557020 8437 2888 2238
00000000 00000000 0 0 131072 1557203 8437 2888 1774
00000000 00000000 0 0 131072 1506604 59317 11252 2704
00000000 00000000 0 0 131072 1502021 63958 11252 3669
00000000 00000000 0 0 131072 1504189 61829 11252 2706
00000000 00000000 0 0 131072 1557703 8437 2888 1310
00000000 00000000 0 0 131072 1504523 61829 11252 3186
00000000 00000000 0 0 131072 1564949 2888 2888 812
00000000 00000000 0 0 131072 1506225 61829 11252 3666
00000000 00000000 0 0 131072 1459341 108992 15132 3638
00000000 00000000 0 0 131072 1565961 2888 2888 331
00000000 00000000 0 0 131072 1511974 57037 11252 1744
00000000 00000000 0 0 131072 1512021 56990 11252 2224
00000000 00000000 0 0 131072 1514404 54607 11252 3668
00000000 00000000 0 0 131072 1515650 53965 11252 788
00000000 00000000 0 0 131072 1509947 60458 11252 1269
00000000 00000000 0 0 131072 1510935 60524 11252 2231
00000000 00000000 0 0 131072 1511428 60524 11252 791
00000000 00000000 0 0 131072 1569150 2888 2888 1327
00000000 00000000 0 0 131072 1455847 116815 15132 287
00000000 00000000 0 0 131072 1567223 5620 2888 2779
00000000 00000000 0 0 131072 1512823 60524 11252 1751
00000000 00000000 0 0 131072 1513011 60524 11252 1271
00000000 00000000 0 0 131072 1570847 2888 2888 829
00000000 00000000 0 0 131072 1512021 61779 11252 2226
00000000 00000000 0 0 131072 1571343 2888 2888 3663
00000000 00000000 0 0 131072 1571859 2888 2888 348
00000000 00000000 0 0 131072 1460922 113876 15132 760
00000000 00000000 0 0 131072 1568467 6811 2888 2255
00000000 00000000 0 0 131072 1568650 6811 2888 1791
00000000 00000000 0 0 131072 1575048 2888 2888 1336
00000000 00000000 0 0 131072 1460894 117199 15132 2676
00000000 00000000 0 0 131072 1520913 57634 11252 308
00000000 00000000 0 0 131072 1461145 119902 15132 3165
00000000 00000000 0 0 131072 1577757 5486 2888 365
00000000 00000000 0 0 131072 1576745 6950 2888 846
00000000 00000000 0 0 131072 1581103 2888 2888 2701
00000000 00000000 0 0 131072 1467049 117671 15132 1714
00000000 00000000 0 0 131072 1577241 8477 2888 3672
00000000 00000000 0 0 131072 1469165 116882 15132 1722
00000000 00000000 0 0 131072 1536299 49784 11252 2196
00000000 00000000 0 0 131072 1469205 116882 15132 1738
00000000 00000000 0 0 131072 1578288 8477 2888 2264
00000000 00000000 0 0 131072 1521592 65306 11252 1715
00000000 00000000 0 0 131072 1578471 8477 2888 1800
00000000 00000000 0 0 131072 1467689 119494 15132 1241
00000000 00000000 0 0 131072 1467544 119902 15132 3181
00000000 00000000 0 0 131072 1527051 61035 11252 1750
00000000 00000000 0 0 131072 1531891 56932 11252 1234
00000000 00000000 0 0 131072 1525209 63802 11252 272
00000000 00000000 0 0 131072 1550810 38446 11252 3188
00000000 00000000 0 0 131072 1470994 118565 15132 2700
00000000 00000000 0 0 131072 1471034 118565 15132 2716
00000000 00000000 0 0 131072 1471074 118565 15132 2732
00000000 00000000 0 0 131072 1528369 63093 11252 753
00000000 00000000 0 0 131072 1547051 44561 11252 807
00000000 00000000 0 0 131072 1586253 5950 2888 382
00000000 00000000 0 0 131072 1586705 5519 2888 863
00000000 00000000 0 0 131072 1547673 44561 11252 3639
00000000 00000000 0 0 131072 1530114 62309 11252 307
00000000 00000000 0 0 131072 1589775 2888 2888 2281
00000000 00000000 0 0 131072 1526369 66345 11252 2707
00000000 00000000 0 0 131072 1589958 2888 2888 1817
00000000 00000000 0 0 131072 1472021 120869 15132 1233
00000000 00000000 0 0 131072 1587001 5950 2888 2718
00000000 00000000 0 0 131072 1587730 5652 2888 1739
00000000 00000000 0 0 131072 1531158 62309 11252 3667
00000000 00000000 0 0 131072 1527456 66345 11252 3187
00000000 00000000 0 0 131072 1479591 114511 15132 2748
00000000 00000000 0 0 131072 1479631 114511 15132 2764
00000000 00000000 0 0 131072 1588728 5427 2888 3689
00000000 00000000 0 0 131072 1530103 64447 11252 2225
00000000 00000000 0 0 131072 1472312 122707 15132 279
00000000 00000000 0 0 131072 1474701 120484 15132 3654
00000000 00000000 0 0 131072 1477128 118846 15132 303
00000000 00000000 0 0 131072 1477168 118846 15132 319
00000000 00000000 0 0 131072 1477208 118846 15132 335
00000000 00000000 0 0 131072 1477248 118846 15132 351
00000000 00000000 0 0 131072 1479722 116378 15132 1754
00000000 00000000 0 0 131072 1531460 66811 11252 1270
00000000 00000000 0 0 131072 1477937 120385 15132 3197
00000000 00000000 0 0 131072 1595673 2888 2888 2298
00000000 00000000 0 0 131072 1595900 2888 2888 1258
00000000 00000000 0 0 131072 1595961 2888 2888 2735
00000000 00000000 0 0 131072 1477881 122674 15132 1257
00000000 00000000 0 0 131072 1477951 122674 15132 1273
00000000 00000000 0 0 131072 1596392 5544 2888 1756
00000000 00000000 0 0 131072 1480943 121795 15132 3646
00000000 00000000 0 0 131072 1597165 5660 2888 3706
00000000 00000000 0 0 131072 1598195 5470 2888 3679
00000000 00000000 0 0 131072 1598029 5794 2888 296
00000000 00000000 0 0 131072 1601798 2888 2888 1275
00000000 00000000 0 0 131072 1601859 2888 2888 2744
00000000 00000000 0 0 131072 1480463 124619 15132 752
00000000 00000000 0 0 131072 1480503 124619 15132 768
00000000 00000000 0 0 131072 1539044 66295 11252 3158
00000000 00000000 0 0 131072 1539955 66295 11252 310
00000000 00000000 0 0 131072 1491178 115795 15132 3213
00000000 00000000 0 0 131072 1491188 115795 15132 3229
00000000 00000000 0 0 131072 1491198 115795 15132 3245
00000000 00000000 0 0 131072 1492392 114877 15132 1730
00000000 00000000 0 0 2097152 1423720 184051 44097 8167
00000000 00000000 0 0 2097152 1423720 184051 44097 8175
00000000 00000000 0 0 2097152 1423720 184051 44097 8647
00000000 00000000 0 0 2097152 1423720 184051 44097 8655
00000000 00000000 0 0 2097152 1423720 184051 44097 9127
00000000 00000000 0 0 2097152 1423720 184051 44097 9135
00000000 00000000 0 0 2097152 1423720 184051 44097 9607
00000000 00000000 0 0 2097152 1423720 184051 44097 9615
00000000 00000000 0 0 2097152 1423720 184051 44097 10087
00000000 00000000 0 0 2097152 1423720 184051 44097 10095
00000000 00000000 0 0 2097152 1423720 184051 44097 10567
00000000 00000000 0 0 2097152 1423720 184051 44097 10575
00000000 00000000 0 0 2097152 1423720 184051 44097 11047
00000000 00000000 0 0 2097152 1423720 184051 44097 11055
00000000 00000000 0 0 2097152 1422309 185512 44097 7684
00000000 00000000 0 0 2097152 1422309 185512 44097 7692
00000000 00000000 0 0 2097152 1422309 185512 44097 8164
00000000 00000000 0 0 2097152 1422309 185512 44097 8172
00000000 00000000 0 0 2097152 1422309 185512 44097 8644
00000000 00000000 0 0 2097152 1422309 185512 44097 8652
00000000 00000000 0 0 2097152 1422309 185512 44097 9124
00000000 00000000 0 0 2097152 1422309 185512 44097 9132
00000000 00000000 0 0 2097152 1422309 185512 44097 9604
00000000 00000000 0 0 2097152 1422309 185512 44097 9612
00000000 00000000 0 0 2097152 1422309 185512 44097 10564
00000000 00000000 0 0 2097152 1422309 185512 44097 10572
00000000 00000000 0 0 2097152 1422309 185512 44097 11044
00000000 00000000 0 0 2097152 1422309 185512 44097 11052
00000000 00000000 0 0 131072 1604946 2888 2888 1773
00000000 00000000 0 0 131072 1492446 115789 15132 295
00000000 00000000 0 0 131072 1538053 70237 11252 1264
00000000 00000000 0 0 131072 1488132 120184 15132 1289
00000000 00000000 0 0 131072 1485418 122915 15132 2195
00000000 00000000 0 0 2097152 1423017 185512 44097 7685
00000000 00000000 0 0 2097152 1423017 185512 44097 7693
00000000 00000000 0 0 2097152 1423017 185512 44097 8165
00000000 00000000 0 0 2097152 1423017 185512 44097 8173
00000000 00000000 0 0 2097152 1423017 185512 44097 8645
00000000 00000000 0 0 2097152 1423017 185512 44097 8653
00000000 00000000 0 0 2097152 1423017 185512 44097 9125
00000000 00000000 0 0 2097152 1423017 185512 44097 9133
00000000 00000000 0 0 2097152 1423017 185512 44097 9605
00000000 00000000 0 0 2097152 1423017 185512 44097 9613
00000000 00000000 0 0 2097152 1423017 185512 44097 10085
00000000 00000000 0 0 2097152 1423017 185512 44097 10093
00000000 00000000 0 0 2097152 1423017 185512 44097 11045
00000000 00000000 0 0 2097152 1423017 185512 44097 11053
00000000 00000000 0 0 131072 1485117 123414 15132 2203
00000000 00000000 0 0 131072 1605835 2888 2888 3723
00000000 00000000 0 0 2097152 1423101 185771 44097 7686
00000000 00000000 0 0 2097152 1423101 185771 44097 7694
00000000 00000000 0 0 2097152 1423101 185771 44097 8166
00000000 00000000 0 0 2097152 1423101 185771 44097 8174
00000000 00000000 0 0 2097152 1423101 185771 44097 8646
00000000 00000000 0 0 2097152 1423101 185771 44097 8654
00000000 00000000 0 0 2097152 1423101 185771 44097 9126
00000000 00000000 0 0 2097152 1423101 185771 44097 9134
00000000 00000000 0 0 2097152 1423101 185771 44097 9606
00000000 00000000 0 0 2097152 1423101 185771 44097 9614
00000000 00000000 0 0 2097152 1423101 185771 44097 10086
00000000 00000000 0 0 2097152 1423101 185771 44097 10094
00000000 00000000 0 0 2097152 1423101 185771 44097 10566
00000000 00000000 0 0 2097152 1423101 185771 44097 10574
00000000 00000000 0 0 2097152 1423720 185880 44097 7680
00000000 00000000 0 0 2097152 1423720 185880 44097 7688
00000000 00000000 0 0 2097152 1423720 185880 44097 8640
00000000 00000000 0 0 2097152 1423720 185880 44097 8648
00000000 00000000 0 0 2097152 1423720 185880 44097 9120
00000000 00000000 0 0 2097152 1423720 185880 44097 9128
00000000 00000000 0 0 2097152 1423720 185880 44097 9600
00000000 00000000 0 0 2097152 1423720 185880 44097 9608
00000000 00000000 0 0 2097152 1423720 185880 44097 10080
00000000 00000000 0 0 2097152 1423720 185880 44097 10088
00000000 00000000 0 0 2097152 1423720 185880 44097 10560
00000000 00000000 0 0 2097152 1423720 185880 44097 10568
00000000 00000000 0 0 2097152 1423720 185880 44097 11040
00000000 00000000 0 0 2097152 1423720 185880 44097 11048
00000000 00000000 0 0 131072 1489489 120913 15132 3157
00000000 00000000 0 0 131072 1495335 116034 15132 1305
00000000 00000000 0 0 131072 1495375 116034 15132 1321
00000000 00000000 0 0 131072 1606675 5548 2888 3688
00000000 00000000 0 0 131072 1610279 2888 2888 1755
00000000 00000000 0 0 131072 1607696 5623 2888 1292
00000000 00000000 0 0 131072 1490356 122988 15132 776
00000000 00000000 0 0 131072 1490396 122988 15132 792
00000000 00000000 0 0 131072 1490436 122988 15132 808
00000000 00000000 0 0 131072 1490362 123095 15132 2211
00000000 00000000 0 0 2097152 1429619 183912 44097 7682
00000000 00000000 0 0 2097152 1429619 183912 44097 7690
00000000 00000000 0 0 2097152 1429619 183912 44097 8162
00000000 00000000 0 0 2097152 1429619 183912 44097 8170
00000000 00000000 0 0 2097152 1429619 183912 44097 8642
00000000 00000000 0 0 2097152 1429619 183912 44097 8650
00000000 00000000 0 0 2097152 1429619 183912 44097 9602
00000000 00000000 0 0 2097152 1429619 183912 44097 9610
00000000 00000000 0 0 2097152 1429619 183912 44097 10082
00000000 00000000 0 0 2097152 1429619 183912 44097 10090
00000000 00000000 0 0 2097152 1429619 183912 44097 10562
00000000 00000000 0 0 2097152 1429619 183912 44097 10570
00000000 00000000 0 0 2097152 1429619 183912 44097 11042
00000000 00000000 0 0 2097152 1429619 183912 44097 11050
00000000 00000000 0 0 2097152 1429619 184073 44097 7681
00000000 00000000 0 0 2097152 1429619 184073 44097 7689
00000000 00000000 0 0 2097152 1429619 184073 44097 8161
00000000 00000000 0 0 2097152 1429619 184073 44097 8169
00000000 00000000 0 0 2097152 1429619 184073 44097 9121
00000000 00000000 0 0 2097152 1429619 184073 44097 9129
00000000 00000000 0 0 2097152 1429619 184073 44097 9601
00000000 00000000 0 0 2097152 1429619 184073 44097 9609
00000000 00000000 0 0 2097152 1429619 184073 44097 10081
00000000 00000000 0 0 2097152 1429619 184073 44097 10089
00000000 00000000 0 0 2097152 1429619 184073 44097 10561
00000000 00000000 0 0 2097152 1429619 184073 44097 10569
00000000 00000000 0 0 2097152 1429619 184073 44097 11041
00000000 00000000 0 0 2097152 1429619 184073 44097 11049
00000000 00000000 0 0 131072 1610844 2888 2888 1790
00000000 00000000 0 0 131072 1497548 116352 15132 3261
00000000 00000000 0 0 2097152 1428023 186065 44097 7683
00000000 00000000 0 0 2097152 1428023 186065 44097 7691
00000000 00000000 0 0 2097152 1428023 186065 44097 8163
00000000 00000000 0 0 2097152 1428023 186065 44097 8171
00000000 00000000 0 0 2097152 1428023 186065 44097 8643
00000000 00000000 0 0 2097152 1428023 186065 44097 8651
00000000 00000000 0 0 2097152 1428023 186065 44097 9123
00000000 00000000 0 0 2097152 1428023 186065 44097 9131
00000000 00000000 0 0 2097152 1428023 186065 44097 10083
00000000 00000000 0 0 2097152 1428023 186065 44097 10091
00000000 00000000 0 0 2097152 1428023 186065 44097 10563
00000000 00000000 0 0 2097152 1428023 186065 44097 10571
00000000 00000000 0 0 2097152 1428023 186065 44097 11043
00000000 00000000 0 0 2097152 1428023 186065 44097 11051
00000000 00000000 0 0 131072 1611245 2888 2888 312
00000000 00000000 0 0 131072 1611343 2888 2888 2220
00000000 00000000 0 0 131072 1611733 2888 2888 3740
00000000 00000000 0 0 131072 1501282 113398 15132 1249
00000000 00000000 0 0 131072 1551648 63667 11252 1745
00000000 00000000 0 0 131072 1613412 2888 2888 3182
00000000 00000000 0 0 131072 1507356 108956 15132 2780
00000000 00000000 0 0 131072 1606833 9489 2888 313
00000000 00000000 0 0 131072 1607757 9489 2888 2761
00000000 00000000 0 0 131072 1540269 77047 11252 2677
00000000 00000000 0 0 131072 1496426 120913 15132 3173
00000000 00000000 0 0 131072 1608092 9489 2888 777
00000000 00000000 0 0 131072 1608132 9489 2888 793
00000000 00000000 0 0 131072 1615233 2888 2888 3705
00000000 00000000 0 0 131072 1619310 2888 2888 3199
00000000 00000000 0 0 131072 1619332 2888 2888 330
00000000 00000000 0 0 131072 1616742 5574 2888 1807
00000000 00000000 0 0 131072 1616177 6301 2888 1772
00000000 00000000 0 0 131072 1616467 6301 2888 2236
00000000 00000000 0 0 131072 1617143 5889 2888 329
00000000 00000000 0 0 131072 1620256 2888 2888 2778
00000000 00000000 0 0 131072 1620349 2888 2888 3198
00000000 00000000 0 0 131072 1617690 5677 2888 1274
00000000 00000000 0 0 131072 1620591 2888 2888 794
00000000 00000000 0 0 131072 1620631 2888 2888 810
00000000 00000000 0 0 131072 1621131 2888 2888 3722
00000000 00000000 0 0 131072 1616329 8473 2888 1309
00000000 00000000 0 0 131072 1617241 8473 2888 2237
00000000 00000000 0 0 131072 1617631 8473 2888 3757
00000000 00000000 0 0 131072 1625208 2888 2888 3208
00000000 00000000 0 0 131072 1625230 2888 2888 347
00000000 00000000 0 0 131072 1625326 2888 2888 1816
00000000 00000000 0 0 131072 1625488 2888 2888 1789
00000000 00000000 0 0 131072 1625778 2888 2888 2253
00000000 00000000 0 0 131072 1555115 73585 11252 2693
00000000 00000000 0 0 131072 1626042 2888 2888 346
00000000 00000000 0 0 131072 1566728 62283 11252 2722
00000000 00000000 0 0 131072 1567111 61900 11252 3202
00000000 00000000 0 0 131072 1508868 122318 15132 2692
00000000 00000000 0 0 131072 1626247 5623 2888 3215
00000000 00000000 0 0 131072 1497619 135579 15132 2219
00000000 00000000 0 0 131072 1497700 135579 15132 2235
00000000 00000000 0 0 131072 1631106 2888 2888 3225
00000000 00000000 0 0 131072 1631128 2888 2888 364
00000000 00000000 0 0 131072 1569028 65050 11252 2723
00000000 00000000 0 0 131072 1631224 2888 2888 1833
00000000 00000000 0 0 131072 1631386 2888 2888 1806
00000000 00000000 0 0 131072 1627812 6465 2888 1326
00000000 00000000 0 0 131072 1569362 65050 11252 3203
00000000 00000000 0 0 131072 1631676 2888 2888 2270
00000000 00000000 0 0 131072 1631940 2888 2888 363
00000000 00000000 0 0 131072 1508452 126607 15132 1770
00000000 00000000 0 0 131072 1628724 6465 2888 2254
00000000 00000000 0 0 131072 1505875 129774 15132 3662
00000000 00000000 0 0 131072 1505885 129774 15132 3678
00000000 00000000 0 0 131072 1505925 129774 15132 3694
00000000 00000000 0 0 131072 1505995 129774 15132 3710
00000000 00000000 0 0 131072 1506065 129774 15132 3726
00000000 00000000 0 0 131072 1506075 129774 15132 3742
00000000 00000000 0 0 131072 1626154 9863 2888 2795
00000000 00000000 0 0 131072 1571064 65050 11252 3683
00000000 00000000 0 0 131072 1626377 9863 2888 1291
00000000 00000000 0 0 131072 1626489 9863 2888 811
00000000 00000000 0 0 131072 1626529 9863 2888 827
00000000 00000000 0 0 131072 1627029 9863 2888 3739
00000000 00000000 0 0 131072 1634196 2888 2888 2717
00000000 00000000 0 0 131072 1634880 2888 2888 3224
00000000 00000000 0 0 131072 1572021 66990 11252 1761
00000000 00000000 0 0 131072 1572021 66990 11252 2241
00000000 00000000 0 0 131072 1517204 121829 15132 1337
00000000 00000000 0 0 131072 1568931 70374 11252 2721
00000000 00000000 0 0 131072 1507620 133567 15132 2251
00000000 00000000 0 0 131072 1520864 121202 15132 367
00000000 00000000 0 0 131072 1520874 121202 15132 383
00000000 00000000 0 0 131072 1639250 2888 2888 1308
00000000 00000000 0 0 131072 1639362 2888 2888 828
00000000 00000000 0 0 131072 1639402 2888 2888 844
00000000 00000000 0 0 131072 1567269 75089 11252 806
00000000 00000000 0 0 2097152 1423017 219364 48037 10565
00000000 00000000 0 0 2097152 1423017 219364 48037 10573
00000000 00000000 0 0 131072 1637004 5685 2888 3242
00000000 00000000 0 0 131072 1639902 2888 2888 3756
00000000 00000000 0 0 131072 1637026 5809 2888 381
00000000 00000000 0 0 131072 1640094 2888 2888 2734
00000000 00000000 0 0 131072 1568175 75089 11252 326
00000000 00000000 0 0 131072 1637838 5750 2888 380
00000000 00000000 0 0 131072 1640778 2888 2888 3241
00000000 00000000 0 0 131072 1515197 128501 15132 2267
00000000 00000000 0 0 131072 1515207 128501 15132 2283
00000000 00000000 0 0 131072 1515217 128501 15132 2299
00000000 00000000 0 0 131072 1572021 72246 11252 3685
00000000 00000000 0 0 131072 1577808 66943 11252 769
00000000 00000000 0 0 131072 1572625 72246 11252 805
00000000 00000000 0 0 131072 1574469 71617 11252 2240
00000000 00000000 0 0 131072 1637284 9619 2888 1823
00000000 00000000 0 0 131072 1637287 9619 2888 1343
00000000 00000000 0 0 131072 1575672 71617 11252 288
00000000 00000000 0 0 131072 1638199 9619 2888 2271
00000000 00000000 0 0 131072 1638209 9619 2888 2287
00000000 00000000 0 0 131072 1576357 71617 11252 1760
00000000 00000000 0 0 131072 1645148 2888 2888 1325
00000000 00000000 0 0 131072 1645260 2888 2888 845
00000000 00000000 0 0 131072 1576545 71617 11252 1280
00000000 00000000 0 0 131072 1645300 2888 2888 861
00000000 00000000 0 0 131072 1589908 58487 11252 1732
00000000 00000000 0 0 131072 1645699 2888 2888 3259
00000000 00000000 0 0 131072 1645800 2888 2888 3773
00000000 00000000 0 0 131072 1591096 57595 11252 1767
00000000 00000000 0 0 131072 1645845 2888 2888 398
00000000 00000000 0 0 131072 1645992 2888 2888 2751
00000000 00000000 0 0 131072 1573415 78222 11252 1286
00000000 00000000 0 0 131072 1646598 5545 2888 397
00000000 00000000 0 0 131072 1646676 5690 2888 3258
00000000 00000000 0 0 131072 1649913 2888 2888 1832
00000000 00000000 0 0 131072 1649916 2888 2888 1352
00000000 00000000 0 0 2097152 1422309 230787 48037 10084
00000000 00000000 0 0 2097152 1422309 230787 48037 10092
00000000 00000000 0 0 131072 1530905 122687 15132 311
00000000 00000000 0 0 131072 1650828 2888 2888 2280
00000000 00000000 0 0 131072 1650838 2888 2888 2296
00000000 00000000 0 0 131072 1651046 2888 2888 1342
00000000 00000000 0 0 131072 1651158 2888 2888 862
00000000 00000000 0 0 131072 1651198 2888 2888 878
00000000 00000000 0 0 131072 1651597 2888 2888 3276
00000000 00000000 0 0 131072 1651890 2888 2888 2760
00000000 00000000 0 0 131072 1589057 65767 11252 1731
00000000 00000000 0 0 131072 1589097 65767 11252 1747
00000000 00000000 0 0 131072 1526467 128741 15132 824
00000000 00000000 0 0 131072 1526507 128741 15132 840
00000000 00000000 0 0 131072 1526517 128741 15132 856
00000000 00000000 0 0 2097152 1429619 225925 48037 8641
00000000 00000000 0 0 2097152 1429619 225925 48037 8649
00000000 00000000 0 0 131072 1592021 64084 11252 289
00000000 00000000 0 0 131072 1591833 65767 11252 1251
00000000 00000000 0 0 131072 1655153 2888 2888 414
00000000 00000000 0 0 131072 1655376 2888 2888 3275
00000000 00000000 0 0 131072 1581557 77007 11252 325
00000000 00000000 0 0 131072 1655811 2888 2888 1849
00000000 00000000 0 0 2097152 1423101 235722 48037 11046
00000000 00000000 0 0 2097152 1423101 235722 48037 11054
00000000 00000000 0 0 2097152 1423720 237166 48037 8160
00000000 00000000 0 0 2097152 1423720 237166 48037 8168
00000000 00000000 0 0 131072 1589093 72298 11252 2213
00000000 00000000 0 0 131072 1584057 77620 11252 3174
00000000 00000000 0 0 131072 1656602 5621 2888 328
00000000 00000000 0 0 131072 1599110 63697 11252 1763
00000000 00000000 0 0 2097152 1423720 239823 48037 7687
00000000 00000000 0 0 2097152 1423720 239823 48037 7695
00000000 00000000 0 0 131072 1661274 2888 2888 3292
00000000 00000000 0 0 131072 1592569 72298 11252 2709
00000000 00000000 0 0 131072 1656726 8148 2888 2297
00000000 00000000 0 0 131072 1656736 8148 2888 2313
00000000 00000000 0 0 131072 1592609 72298 11252 2725
00000000 00000000 0 0 131072 1592649 72298 11252 2741
00000000 00000000 0 0 131072 1656944 8465 2888 1359
00000000 00000000 0 0 131072 1599024 66417 11252 320
00000000 00000000 0 0 131072 1599064 66417 11252 336
00000000 00000000 0 0 131072 1599104 66417 11252 352
00000000 00000000 0 0 131072 1657056 8465 2888 879
00000000 00000000 0 0 131072 1536387 129160 15132 1786
00000000 00000000 0 0 131072 1657096 8465 2888 895
00000000 00000000 0 0 131072 1536427 129160 15132 1802
00000000 00000000 0 0 131072 1536467 129160 15132 1818
00000000 00000000 0 0 131072 1657788 8148 2888 2777
00000000 00000000 0 0 131072 1535135 130828 15132 1746
00000000 00000000 0 0 131072 1555612 110659 15132 3189
00000000 00000000 0 0 131072 1595433 71252 11252 324
00000000 00000000 0 0 2097152 1428023 239092 48037 9603
00000000 00000000 0 0 2097152 1428023 239092 48037 9611
00000000 00000000 0 0 131072 1552437 114962 15132 2708
00000000 00000000 0 0 131072 1590456 77224 11252 3190
00000000 00000000 0 0 131072 1596477 71252 11252 3684
00000000 00000000 0 0 131072 1595244 72734 11252 3648
00000000 00000000 0 0 131072 1596811 71252 11252 3204
00000000 00000000 0 0 131072 1665233 2888 2888 345
00000000 00000000 0 0 131072 1601281 67603 11252 1287
00000000 00000000 0 0 131072 1598984 70027 11252 304
00000000 00000000 0 0 131072 1597112 71899 11252 2757
00000000 00000000 0 0 131072 1597152 71859 11252 2773
00000000 00000000 0 0 131072 1590193 80574 11252 1250
00000000 00000000 0 0 131072 1669281 2888 2888 3214
00000000 00000000 0 0 131072 1560657 112397 15132 3277
00000000 00000000 0 0 131072 1545523 127688 15132 784
00000000 00000000 0 0 131072 1670409 2888 2888 2733
00000000 00000000 0 0 131072 1559239 114665 15132 1265
00000000 00000000 0 0 131072 1671131 2888 2888 362
00000000 00000000 0 0 131072 1668419 5662 2888 1368
00000000 00000000 0 0 131072 1668973 5778 2888 1771
00000000 00000000 0 0 131072 1594472 80574 11252 770
00000000 00000000 0 0 131072 1605748 69346 11252 3655
00000000 00000000 0 0 131072 1667884 8638 2888 2314
00000000 00000000 0 0 131072 1667894 8638 2888 2330
00000000 00000000 0 0 131072 1668946 8638 2888 2794
00000000 00000000 0 0 131072 1561754 115849 15132 2227
00000000 00000000 0 0 131072 1608349 69346 11252 3175
00000000 00000000 0 0 131072 1675179 2888 2888 3231
00000000 00000000 0 0 131072 1597560 80574 11252 2242
00000000 00000000 0 0 2097152 1429619 249105 48037 9122
00000000 00000000 0 0 2097152 1429619 249105 48037 9130
00000000 00000000 0 0 131072 1603565 77575 11252 1266
00000000 00000000 0 0 131072 1603635 77575 11252 1282
00000000 00000000 0 0 131072 1676221 5799 2888 809
00000000 00000000 0 0 131072 1676307 5752 2888 2750
00000000 00000000 0 0 131072 1677029 5533 2888 379
00000000 00000000 0 0 131072 1676914 5761 2888 1290
00000000 00000000 0 0 131072 1575853 107383 15132 2796
00000000 00000000 0 0 131072 1576810 106439 15132 2243
00000000 00000000 0 0 131072 1677761 5581 2888 1788
00000000 00000000 0 0 131072 1680594 2888 2888 2811
00000000 00000000 0 0 131072 1680613 2888 2888 2252
00000000 00000000 0 0 131072 1681077 2888 2888 3240
00000000 00000000 0 0 131072 1619322 66370 11252 2789
00000000 00000000 0 0 131072 1564999 120876 15132 3670
00000000 00000000 0 0 131072 1611326 75004 11252 1298
00000000 00000000 0 0 131072 1565802 120998 15132 3758
00000000 00000000 0 0 131072 1685030 2888 2888 826
00000000 00000000 0 0 131072 1685069 2888 2888 2767
00000000 00000000 0 0 131072 1685572 2888 2888 396
00000000 00000000 0 0 131072 1685685 2888 2888 1307
00000000 00000000 0 0 131072 1614379 74632 11252 1314
00000000 00000000 0 0 131072 1614419 74592 11252 1330
00000000 00000000 0 0 131072 1568989 120022 15132 3686
00000000 00000000 0 0 131072 1686259 5651 2888 2268
00000000 00000000 0 0 131072 1580946 111339 15132 1353
00000000 00000000 0 0 131072 1686975 5541 2888 3257
00000000 00000000 0 0 131072 1686352 6230 2888 1805
00000000 00000000 0 0 131072 1686511 6230 2888 2269
00000000 00000000 0 0 131072 1592266 100629 15132 3205
00000000 00000000 0 0 131072 1601332 92291 11252 3206
00000000 00000000 0 0 131072 1690928 2888 2888 843
00000000 00000000 0 0 131072 1690967 2888 2888 2776
00000000 00000000 0 0 131072 1691470 2888 2888 413
00000000 00000000 0 0 131072 1574962 119509 15132 800
00000000 00000000 0 0 131072 1691583 2888 2888 1324
00000000 00000000 0 0 131072 1692021 2888 2888 3711
00000000 00000000 0 0 131072 1611541 83955 11252 2212
00000000 00000000 0 0 131072 1688885 6705 2888 3695
00000000 00000000 0 0 131072 1694920 2888 2888 2285
00000000 00000000 0 0 131072 1695526 2888 2888 3274
00000000 00000000 0 0 131072 1695592 2888 2888 1822
00000000 00000000 0 0 131072 1695751 2888 2888 2286
00000000 00000000 0 0 131072 1609983 88743 11252 3222
00000000 00000000 0 0 131072 1609993 88743 11252 3238
00000000 00000000 0 0 131072 1610003 88743 11252 3254
00000000 00000000 0 0 131072 1695905 2888 2888 3230
00000000 00000000 0 0 131072 1616354 82657 11252 785
00000000 00000000 0 0 131072 1616394 82617 11252 801
00000000 00000000 0 0 131072 1616434 82577 11252 817
00000000 00000000 0 0 131072 1595724 104683 15132 2724
00000000 00000000 0 0 131072 1696826 5677 2888 860
00000000 00000000 0 0 131072 1697368 5526 2888 430
00000000 00000000 0 0 131072 1696865 6226 2888 2793
00000000 00000000 0 0 131072 1697481 5749 2888 1341
00000000 00000000 0 0 131072 1700818 2888 2888 2302
00000000 00000000 0 0 131072 1697481 6226 2888 825
00000000 00000000 0 0 131072 1701424 2888 2888 3291
00000000 00000000 0 0 131072 1701490 2888 2888 1839
00000000 00000000 0 0 131072 1701649 2888 2888 2303
00000000 00000000 0 0 131072 1701803 2888 2888 3247
00000000 00000000 0 0 131072 1698600 6317 2888 3704
00000000 00000000 0 0 131072 1698610 6317 2888 3720
00000000 00000000 0 0 131072 1620326 84853 11252 2694
00000000 00000000 0 0 131072 1595213 110401 15132 399
00000000 00000000 0 0 131072 1703417 2888 2888 2749
00000000 00000000 0 0 131072 1616910 89815 11252 3270
00000000 00000000 0 0 131072 1594622 113134 15132 816
00000000 00000000 0 0 131072 1632021 76216 11252 2739
00000000 00000000 0 0 131072 1632021 76216 11252 3219
00000000 00000000 0 0 131072 1601571 106738 15132 2315
00000000 00000000 0 0 131072 1705513 2888 2888 877
00000000 00000000 0 0 131072 1706101 2888 2888 2810
00000000 00000000 0 0 131072 1595234 113777 15132 872
00000000 00000000 0 0 131072 1595856 115658 15132 1834
00000000 00000000 0 0 131072 1651405 60374 11252 1749
00000000 00000000 0 0 131072 1706240 5613 2888 1358
00000000 00000000 0 0 131072 1611300 100610 15132 1281
00000000 00000000 0 0 131072 1706716 5469 2888 2319
00000000 00000000 0 0 131072 1709315 2888 2888 2766
00000000 00000000 0 0 131072 1706717 5555 2888 842
00000000 00000000 0 0 131072 1707322 5688 2888 3308
00000000 00000000 0 0 131072 1710766 2888 2888 841
00000000 00000000 0 0 131072 1639124 74839 11252 3700
00000000 00000000 0 0 131072 1645076 68950 11252 368
00000000 00000000 0 0 131072 1645086 68950 11252 384
00000000 00000000 0 0 131072 1711411 2888 2888 894
00000000 00000000 0 0 131072 1707927 6597 2888 3721
00000000 00000000 0 0 131072 1707937 6597 2888 3737
00000000 00000000 0 0 131072 1631710 82866 11252 2710
00000000 00000000 0 0 131072 1711999 2888 2888 2827
00000000 00000000 0 0 131072 1638069 76995 11252 1779
00000000 00000000 0 0 131072 1609260 106539 15132 327
00000000 00000000 0 0 131072 1707388 8723 2888 1848
00000000 00000000 0 0 131072 1707547 8723 2888 2312
00000000 00000000 0 0 131072 1707701 8723 2888 3256
00000000 00000000 0 0 131072 1642021 75109 11252 2258
00000000 00000000 0 0 131072 1642043 75109 11252 1346
00000000 00000000 0 0 131072 1642315 75109 11252 2738
00000000 00000000 0 0 131072 1714863 2888 2888 1375
00000000 00000000 0 0 131072 1714920 2888 2888 1306
00000000 00000000 0 0 131072 1715195 2888 2888 2328
00000000 00000000 0 0 131072 1715213 2888 2888 2783
00000000 00000000 0 0 131072 1715282 2888 2888 859
00000000 00000000 0 0 131072 1636208 82166 11252 2228
00000000 00000000 0 0 131072 1636289 82166 11252 2244
00000000 00000000 0 0 131072 1651701 67310 11252 1776
00000000 00000000 0 0 131072 1719121 2888 2888 1865
00000000 00000000 0 0 131072 1719280 2888 2888 2329
00000000 00000000 0 0 131072 1719434 2888 2888 3273
00000000 00000000 0 0 131072 1717309 5554 2888 911
00000000 00000000 0 0 131072 1720761 2888 2888 1384
00000000 00000000 0 0 131072 1720818 2888 2888 1323
00000000 00000000 0 0 131072 1647761 76095 11252 786
00000000 00000000 0 0 131072 1721093 2888 2888 2345
00000000 00000000 0 0 131072 1721111 2888 2888 2792
00000000 00000000 0 0 131072 1721180 2888 2888 876
00000000 00000000 0 0 131072 1718809 6356 2888 344
00000000 00000000 0 0 131072 1716664 8548 2888 858
00000000 00000000 0 0 131072 1637422 87968 11252 3220
00000000 00000000 0 0 131072 1644197 81206 11252 2260
00000000 00000000 0 0 131072 1629114 96793 15132 3774
00000000 00000000 0 0 131072 1717534 8548 2888 3738
00000000 00000000 0 0 131072 1717544 8548 2888 3754
00000000 00000000 0 0 131072 1669695 56481 11252 341
00000000 00000000 0 0 131072 1670739 56481 11252 3701
00000000 00000000 0 0 131072 1618325 109316 15132 1762
00000000 00000000 0 0 131072 1646708 81206 11252 2276
00000000 00000000 0 0 131072 1646718 81206 11252 2292
00000000 00000000 0 0 131072 1646728 81206 11252 2308
00000000 00000000 0 0 131072 1725178 2888 2888 2346
00000000 00000000 0 0 131072 1659115 69011 11252 306
00000000 00000000 0 0 131072 1645368 82830 11252 823
00000000 00000000 0 0 131072 1725332 2888 2888 3290
00000000 00000000 0 0 131072 1638659 90039 11252 3671
00000000 00000000 0 0 131072 1638669 90039 11252 3687
00000000 00000000 0 0 131072 1638709 90039 11252 3703
00000000 00000000 0 0 131072 1638779 90039 11252 3719
00000000 00000000 0 0 131072 1638849 90039 11252 3735
00000000 00000000 0 0 131072 1638859 90039 11252 3751
00000000 00000000 0 0 131072 1671894 57117 11252 1296
00000000 00000000 0 0 131072 1647881 82571 11252 822
00000000 00000000 0 0 131072 1729092 2888 2888 3755
00000000 00000000 0 0 131072 1729102 2888 2888 3771
00000000 00000000 0 0 131072 1726716 5694 2888 1340
00000000 00000000 0 0 131072 1727078 5573 2888 893
00000000 00000000 0 0 131072 1726991 5782 2888 2362
00000000 00000000 0 0 131072 1660610 72470 11252 1268
00000000 00000000 0 0 131072 1657834 75372 11252 1748
00000000 00000000 0 0 131072 1657874 75372 11252 1764
00000000 00000000 0 0 131072 1730651 2888 2888 1787
00000000 00000000 0 0 131072 1727009 6615 2888 2809
00000000 00000000 0 0 131072 1728222 5610 2888 875
00000000 00000000 0 0 131072 1731230 2888 2888 3307
00000000 00000000 0 0 131072 1728175 6615 2888 361
00000000 00000000 0 0 131072 1678104 57006 11252 3664
00000000 00000000 0 0 131072 1680705 54534 11252 3184
00000000 00000000 0 0 131072 1647277 89053 15132 3702
00000000 00000000 0 0 131072 1649096 88222 11252 2257
00000000 00000000 0 0 131072 1637088 100656 15132 2740
00000000 00000000 0 0 131072 1734990 2888 2888 3772
00000000 00000000 0 0 131072 1735000 2888 2888 3788
00000000 00000000 0 0 131072 1665817 72470 11252 1780
00000000 00000000 0 0 131072 1735420 2888 2888 1357
00000000 00000000 0 0 131072 1639027 99296 15132 2812
00000000 00000000 0 0 131072 1650299 88222 11252 305
00000000 00000000 0 0 131072 1735661 2888 2888 910
00000000 00000000 0 0 131072 1654647 85299 11252 1303
00000000 00000000 0 0 131072 1642021 98434 15132 1778
00000000 00000000 0 0 131072 1651698 90019 15132 3790
00000000 00000000 0 0 131072 1650984 91059 11252 1777
00000000 00000000 0 0 131072 1637122 105102 15132 1850
00000000 00000000 0 0 131072 1739340 2888 2888 3727
00000000 00000000 0 0 131072 1736634 6031 2888 2826
00000000 00000000 0 0 131072 1661574 81469 11252 342
00000000 00000000 0 0 131072 1646274 96827 15132 343
00000000 00000000 0 0 131072 1740754 2888 2888 2765
00000000 00000000 0 0 131072 1740888 2888 2888 3789
00000000 00000000 0 0 131072 1740898 2888 2888 3805
00000000 00000000 0 0 131072 1737800 6031 2888 378
00000000 00000000 0 0 131072 1741318 2888 2888 1374
00000000 00000000 0 0 131072 1741559 2888 2888 927
00000000 00000000 0 0 131072 1672021 72804 11252 2774
00000000 00000000 0 0 131072 1672031 72804 11252 2790
00000000 00000000 0 0 131072 1736549 8643 2888 1804
00000000 00000000 0 0 131072 1736842 8643 2888 892
00000000 00000000 0 0 131072 1737128 8643 2888 3324
00000000 00000000 0 0 131072 1664401 81469 11252 2230
00000000 00000000 0 0 131072 1743465 2888 2888 1803
00000000 00000000 0 0 131072 1745238 2888 2888 3736
00000000 00000000 0 0 131072 1745675 2888 2888 2843
00000000 00000000 0 0 131072 1664687 84056 11252 3191
00000000 00000000 0 0 131072 1676064 72804 11252 3286
00000000 00000000 0 0 131072 1746111 2888 2888 360
00000000 00000000 0 0 131072 1667877 82201 11252 2726
00000000 00000000 0 0 131072 1667917 82201 11252 2742
00000000 00000000 0 0 131072 1667957 82201 11252 2758
00000000 00000000 0 0 131072 1658218 92550 11252 833
00000000 00000000 0 0 131072 1658258 92550 11252 849
00000000 00000000 0 0 131072 1658268 92550 11252 865
00000000 00000000 0 0 131072 1651172 100170 15132 1297
00000000 00000000 0 0 131072 1749363 2888 2888 1820
00000000 00000000 0 0 131072 1746652 5655 2888 2782
00000000 00000000 0 0 131072 1746841 5655 2888 395
00000000 00000000 0 0 131072 1651743 100787 15132 415
00000000 00000000 0 0 131072 1668557 84267 11252 1795
00000000 00000000 0 0 131072 1747216 5617 2888 1391
00000000 00000000 0 0 131072 1668597 84267 11252 1811
00000000 00000000 0 0 131072 1668637 84267 11252 1827
00000000 00000000 0 0 131072 1751136 2888 2888 3753
00000000 00000000 0 0 131072 1748202 6270 2888 1821
00000000 00000000 0 0 131072 1748495 6270 2888 909
00000000 00000000 0 0 131072 1752009 2888 2888 377
00000000 00000000 0 0 131072 1673777 82805 11252 1267
00000000 00000000 0 0 131072 1655814 100926 15132 1369
00000000 00000000 0 0 131072 1754352 2888 2888 1322
00000000 00000000 0 0 131072 1670988 86358 11252 3665
00000000 00000000 0 0 131072 1670690 87094 11252 3207
00000000 00000000 0 0 131072 1755261 2888 2888 1837
00000000 00000000 0 0 131072 1755317 2888 2888 2799
00000000 00000000 0 0 131072 1672021 86358 11252 321
00000000 00000000 0 0 131072 1672031 86358 11252 337
00000000 00000000 0 0 131072 1755506 2888 2888 412
00000000 00000000 0 0 131072 1672041 86358 11252 353
00000000 00000000 0 0 131072 1672051 86358 11252 369
00000000 00000000 0 0 131072 1661709 96908 15132 1866
00000000 00000000 0 0 131072 1755843 2888 2888 1400
00000000 00000000 0 0 131072 1657495 101390 15132 3293
00000000 00000000 0 0 131072 1688702 70309 11252 2806
00000000 00000000 0 0 131072 1661051 98762 15132 431
00000000 00000000 0 0 131072 1678056 84497 11252 787
00000000 00000000 0 0 131072 1760250 2888 2888 1339
00000000 00000000 0 0 131072 1757034 6547 2888 3770
00000000 00000000 0 0 131072 1757482 6313 2888 1838
00000000 00000000 0 0 131072 1761159 2888 2888 1854
00000000 00000000 0 0 131072 1757775 6313 2888 926
00000000 00000000 0 0 131072 1761215 2888 2888 2808
00000000 00000000 0 0 131072 1761404 2888 2888 429
00000000 00000000 0 0 131072 1757907 6547 2888 394
00000000 00000000 0 0 131072 1686246 79279 11252 2805
00000000 00000000 0 0 131072 1667172 100263 15132 3309
00000000 00000000 0 0 131072 1695295 72702 11252 1362
00000000 00000000 0 0 131072 1684150 84297 11252 1283
00000000 00000000 0 0 131072 1684220 84297 11252 1299
00000000 00000000 0 0 131072 1711247 57560 11252 3236
00000000 00000000 0 0 131072 1711319 57560 11252 2324
00000000 00000000 0 0 131072 1671073 97938 15132 3221
00000000 00000000 0 0 131072 1668531 100859 15132 888
00000000 00000000 0 0 131072 1668571 100859 15132 904
00000000 00000000 0 0 131072 1689340 81969 11252 1315
00000000 00000000 0 0 131072 1766148 5763 2888 1356
00000000 00000000 0 0 131072 1767113 5758 2888 2825
00000000 00000000 0 0 131072 1766591 6304 2888 3787
00000000 00000000 0 0 131072 1767302 5745 2888 446
00000000 00000000 0 0 131072 1767464 6304 2888 411
00000000 00000000 0 0 131072 1692021 81969 11252 1331
00000000 00000000 0 0 131072 1692031 81969 11252 1347
00000000 00000000 0 0 131072 1772021 2888 2888 3246
00000000 00000000 0 0 131072 1679532 95459 15132 2331
00000000 00000000 0 0 131072 1679542 95459 15132 2347
00000000 00000000 0 0 131072 1766805 8581 2888 1855
00000000 00000000 0 0 131072 1767057 8581 2888 1871
00000000 00000000 0 0 131072 1767098 8581 2888 943
00000000 00000000 0 0 131072 1681144 94788 15132 2259
00000000 00000000 0 0 131072 1677091 100143 15132 1385
00000000 00000000 0 0 131072 1702021 75544 11252 802
00000000 00000000 0 0 131072 1702031 75544 11252 818
00000000 00000000 0 0 131072 1702041 75544 11252 834
00000000 00000000 0 0 131072 1774921 2888 2888 1373
00000000 00000000 0 0 131072 1775881 2888 2888 2842
00000000 00000000 0 0 131072 1775905 2888 2888 3804
00000000 00000000 0 0 131072 1698506 80387 11252 2229
00000000 00000000 0 0 131072 1686492 95825 15132 2828
00000000 00000000 0 0 131072 1776778 6049 2888 428
00000000 00000000 0 0 131072 1777919 5775 2888 3263
00000000 00000000 0 0 131072 1780819 2888 2888 1390
00000000 00000000 0 0 131072 1708624 75420 11252 400
00000000 00000000 0 0 131072 1714789 69514 11252 1766
00000000 00000000 0 0 131072 1778396 5982 2888 1864
00000000 00000000 0 0 131072 1778648 5982 2888 1880
00000000 00000000 0 0 131072 1781779 2888 2888 2859
00000000 00000000 0 0 131072 1781803 2888 2888 3821
00000000 00000000 0 0 131072 1778942 6049 2888 2284
00000000 00000000 0 0 131072 1689810 96898 11252 3767
00000000 00000000 0 0 131072 1712021 74856 11252 881
00000000 00000000 0 0 131072 1718074 69589 11252 1796
00000000 00000000 0 0 131072 1785837 2888 2888 445
00000000 00000000 0 0 131072 1786717 5550 2888 1407
00000000 00000000 0 0 131072 1786704 5713 2888 3272
00000000 00000000 0 0 2097152 1610781 181959 44097 8656
00000000 00000000 0 0 2097152 1610781 181959 44097 8664
00000000 00000000 0 0 2097152 1610781 181959 44097 9136
00000000 00000000 0 0 2097152 1610781 181959 44097 9144
00000000 00000000 0 0 2097152 1610781 181959 44097 9616
00000000 00000000 0 0 2097152 1610781 181959 44097 9624
00000000 00000000 0 0 2097152 1610781 181959 44097 10096
00000000 00000000 0 0 2097152 1610781 181959 44097 10104
00000000 00000000 0 0 2097152 1610781 181959 44097 10576
00000000 00000000 0 0 2097152 1610781 181959 44097 10584
00000000 00000000 0 0 2097152 1610781 181959 44097 11056
00000000 00000000 0 0 2097152 1610781 181959 44097 11064
00000000 00000000 0 0 131072 1787388 6012 2888 1881
00000000 00000000 0 0 131072 1729186 64284 11252 358
00000000 00000000 0 0 2097152 1610831 182646 44097 7701
00000000 00000000 0 0 2097152 1610831 182646 44097 7709
00000000 00000000 0 0 2097152 1610831 182646 44097 8181
00000000 00000000 0 0 2097152 1610831 182646 44097 8189
00000000 00000000 0 0 2097152 1610831 182646 44097 8661
00000000 00000000 0 0 2097152 1610831 182646 44097 8669
00000000 00000000 0 0 2097152 1610831 182646 44097 9141
00000000 00000000 0 0 2097152 1610831 182646 44097 9149
00000000 00000000 0 0 2097152 1610831 182646 44097 9621
00000000 00000000 0 0 2097152 1610831 182646 44097 9629
00000000 00000000 0 0 2097152 1610831 182646 44097 11061
00000000 00000000 0 0 2097152 1610831 182646 44097 11069
00000000 00000000 0 0 131072 1787640 6012 2888 1897
00000000 00000000 0 0 131072 1788001 5751 2888 2301
00000000 00000000 0 0 2097152 1611882 181907 44097 8183
00000000 00000000 0 0 2097152 1611882 181907 44097 8191
00000000 00000000 0 0 2097152 1611882 181907 44097 8663
00000000 00000000 0 0 2097152 1611882 181907 44097 8671
00000000 00000000 0 0 2097152 1611882 181907 44097 9143
00000000 00000000 0 0 2097152 1611882 181907 44097 9151
00000000 00000000 0 0 2097152 1611882 181907 44097 9623
00000000 00000000 0 0 2097152 1611882 181907 44097 9631
00000000 00000000 0 0 2097152 1611882 181907 44097 10103
00000000 00000000 0 0 2097152 1611882 181907 44097 10111
00000000 00000000 0 0 2097152 1611882 181907 44097 10583
00000000 00000000 0 0 2097152 1611882 181907 44097 10591
00000000 00000000 0 0 2097152 1611539 182466 44097 7702
00000000 00000000 0 0 2097152 1611539 182466 44097 7710
00000000 00000000 0 0 2097152 1611539 182466 44097 8182
00000000 00000000 0 0 2097152 1611539 182466 44097 8190
00000000 00000000 0 0 2097152 1611539 182466 44097 8662
00000000 00000000 0 0 2097152 1611539 182466 44097 8670
00000000 00000000 0 0 2097152 1611539 182466 44097 9142
00000000 00000000 0 0 2097152 1611539 182466 44097 9150
00000000 00000000 0 0 2097152 1611539 182466 44097 9622
00000000 00000000 0 0 2097152 1611539 182466 44097 9630
00000000 00000000 0 0 2097152 1611539 182466 44097 10102
00000000 00000000 0 0 2097152 1611539 182466 44097 10110
00000000 00000000 0 0 2097152 1612610 181900 44097 7697
00000000 00000000 0 0 2097152 1612610 181900 44097 7705
00000000 00000000 0 0 2097152 1612610 181900 44097 9137
00000000 00000000 0 0 2097152 1612610 181900 44097 9145
00000000 00000000 0 0 2097152 1612610 181900 44097 9617
00000000 00000000 0 0 2097152 1612610 181900 44097 9625
00000000 00000000 0 0 2097152 1612610 181900 44097 10097
00000000 00000000 0 0 2097152 1612610 181900 44097 10105
00000000 00000000 0 0 2097152 1612610 181900 44097 10577
00000000 00000000 0 0 2097152 1612610 181900 44097 10585
00000000 00000000 0 0 2097152 1612610 181900 44097 11057
00000000 00000000 0 0 2097152 1612610 181900 44097 11065
00000000 00000000 0 0 131072 1791735 2888 2888 462
00000000 00000000 0 0 131072 1717036 78778 11252 385
00000000 00000000 0 0 131072 1717046 78778 11252 401
00000000 00000000 0 0 131072 1722021 73860 11252 1793
00000000 00000000 0 0 131072 1696633 99453 11252 3223
00000000 00000000 0 0 131072 1701736 95214 11252 3239
00000000 00000000 0 0 131072 1701746 95214 11252 3255
00000000 00000000 0 0 131072 1701756 95214 11252 3271
00000000 00000000 0 0 131072 1709735 87644 11252 3287
00000000 00000000 0 0 131072 1714524 83479 11252 1843
00000000 00000000 0 0 131072 1795277 2888 2888 1416
00000000 00000000 0 0 131072 1795427 2888 2888 3289
00000000 00000000 0 0 131072 1705904 92657 15132 447
00000000 00000000 0 0 2097152 1616702 182090 44097 7698
00000000 00000000 0 0 2097152 1616702 182090 44097 7706
00000000 00000000 0 0 2097152 1616702 182090 44097 8178
00000000 00000000 0 0 2097152 1616702 182090 44097 8186
00000000 00000000 0 0 2097152 1616702 182090 44097 9618
00000000 00000000 0 0 2097152 1616702 182090 44097 9626
00000000 00000000 0 0 2097152 1616702 182090 44097 10098
00000000 00000000 0 0 2097152 1616702 182090 44097 10106
00000000 00000000 0 0 2097152 1616702 182090 44097 10578
00000000 00000000 0 0 2097152 1616702 182090 44097 10586
00000000 00000000 0 0 2097152 1616702 182090 44097 11058
00000000 00000000 0 0 2097152 1616702 182090 44097 11066
00000000 00000000 0 0 2097152 1616541 182334 44097 7699
00000000 00000000 0 0 2097152 1616541 182334 44097 7707
00000000 00000000 0 0 2097152 1616541 182334 44097 8179
00000000 00000000 0 0 2097152 1616541 182334 44097 8187
00000000 00000000 0 0 2097152 1616541 182334 44097 8659
00000000 00000000 0 0 2097152 1616541 182334 44097 8667
00000000 00000000 0 0 2097152 1616541 182334 44097 10099
00000000 00000000 0 0 2097152 1616541 182334 44097 10107
00000000 00000000 0 0 2097152 1616541 182334 44097 10579
00000000 00000000 0 0 2097152 1616541 182334 44097 10587
00000000 00000000 0 0 2097152 1616541 182334 44097 11059
00000000 00000000 0 0 2097152 1616541 182334 44097 11067
00000000 00000000 0 0 2097152 1617098 182894 44097 7700
00000000 00000000 0 0 2097152 1617098 182894 44097 7708
00000000 00000000 0 0 2097152 1617098 182894 44097 8180
00000000 00000000 0 0 2097152 1617098 182894 44097 8188
00000000 00000000 0 0 2097152 1617098 182894 44097 8660
00000000 00000000 0 0 2097152 1617098 182894 44097 8668
00000000 00000000 0 0 2097152 1617098 182894 44097 9140
00000000 00000000 0 0 2097152 1617098 182894 44097 9148
00000000 00000000 0 0 2097152 1617098 182894 44097 10580
00000000 00000000 0 0 2097152 1617098 182894 44097 10588
00000000 00000000 0 0 2097152 1617098 182894 44097 11060
00000000 00000000 0 0 2097152 1617098 182894 44097 11068
00000000 00000000 0 0 2097152 1610831 190790 48037 10581
00000000 00000000 0 0 2097152 1610831 190790 48037 10589
00000000 00000000 0 0 131072 1796762 5581 2888 2318
00000000 00000000 0 0 131072 1720162 82197 11252 1363
00000000 00000000 0 0 131072 1720434 82197 11252 2755
00000000 00000000 0 0 131072 1711247 91609 15132 2756
00000000 00000000 0 0 131072 1801325 2888 2888 3306
00000000 00000000 0 0 131072 1716973 87545 11252 3717
00000000 00000000 0 0 131072 1738120 67983 11252 3681
00000000 00000000 0 0 131072 1708189 97986 11252 2711
00000000 00000000 0 0 131072 1738249 67983 11252 3201
00000000 00000000 0 0 131072 1721384 85890 11252 2245
00000000 00000000 0 0 131072 1721465 85890 11252 2261
00000000 00000000 0 0 131072 1717586 90069 11252 2727
00000000 00000000 0 0 131072 1805353 2888 2888 2335
00000000 00000000 0 0 131072 1731708 76572 11252 3680
00000000 00000000 0 0 131072 1731718 76572 11252 3696
00000000 00000000 0 0 131072 1731758 76572 11252 3712
00000000 00000000 0 0 131072 1731828 76572 11252 3728
00000000 00000000 0 0 131072 1731898 76572 11252 3744
00000000 00000000 0 0 131072 1731908 76572 11252 3760
00000000 00000000 0 0 131072 1731136 77357 11252 323
00000000 00000000 0 0 131072 1805866 2888 2888 2781
00000000 00000000 0 0 131072 1726866 82145 11252 803
00000000 00000000 0 0 131072 1807223 5741 2888 3323
00000000 00000000 0 0 131072 1761895 51794 11252 3302
00000000 00000000 0 0 131072 1730924 83105 11252 2293
00000000 00000000 0 0 131072 1730934 83105 11252 2309
00000000 00000000 0 0 131072 1730944 83105 11252 2325
00000000 00000000 0 0 131072 1811251 2888 2888 2344
00000000 00000000 0 0 131072 1811764 2888 2888 2798
00000000 00000000 0 0 131072 1741297 74459 11252 1797
00000000 00000000 0 0 131072 1741333 74459 11252 2821
00000000 00000000 0 0 131072 1728413 87686 11252 2277
00000000 00000000 0 0 131072 1728917 88724 11252 3783
00000000 00000000 0 0 131072 1745234 73437 11252 1859
00000000 00000000 0 0 131072 1815974 2888 2888 3340
00000000 00000000 0 0 131072 1736090 82921 11252 1285
00000000 00000000 0 0 131072 1736216 82848 11252 1765
00000000 00000000 0 0 131072 1736256 82848 11252 1781
00000000 00000000 0 0 131072 1716020 105191 15132 3325
00000000 00000000 0 0 131072 1733462 89337 11252 839
00000000 00000000 0 0 131072 1817149 5726 2888 2361
00000000 00000000 0 0 131072 1817662 5619 2888 2815
00000000 00000000 0 0 131072 1725019 99359 15132 1882
00000000 00000000 0 0 131072 1720140 104431 15132 2275
00000000 00000000 0 0 131072 1717897 108341 15132 2844
00000000 00000000 0 0 131072 1825885 2888 2888 2378
00000000 00000000 0 0 131072 1761627 67180 11252 1875
00000000 00000000 0 0 131072 1826291 5554 2888 2824
00000000 00000000 0 0 131072 1742956 88937 11252 1312
00000000 00000000 0 0 131072 1744727 87997 11252 3799
00000000 00000000 0 0 131072 1728400 104831 15132 3237
00000000 00000000 0 0 131072 1827581 5737 2888 2300
00000000 00000000 0 0 2097152 1612610 220855 48037 8657
00000000 00000000 0 0 2097152 1612610 220855 48037 8665
00000000 00000000 0 0 131072 1740328 93547 11252 2274
00000000 00000000 0 0 131072 1741531 93547 11252 322
00000000 00000000 0 0 131072 1731076 104160 15132 2363
00000000 00000000 0 0 131072 1751878 83667 11252 3303
00000000 00000000 0 0 131072 1730230 105641 15132 3718
00000000 00000000 0 0 131072 1762021 74077 11252 2823
00000000 00000000 0 0 2097152 1611882 224588 48037 7703
00000000 00000000 0 0 2097152 1611882 224588 48037 7711
00000000 00000000 0 0 131072 1726659 109961 15132 1401
00000000 00000000 0 0 2097152 1617098 219622 48037 10100
00000000 00000000 0 0 2097152 1617098 219622 48037 10108
00000000 00000000 0 0 131072 1753088 83667 11252 2743
00000000 00000000 0 0 131072 1753128 83667 11252 2759
00000000 00000000 0 0 131072 1753168 83667 11252 2775
00000000 00000000 0 0 131072 1753178 83667 11252 2791
00000000 00000000 0 0 131072 1753188 83667 11252 2807
00000000 00000000 0 0 131072 1748880 87997 11252 2247
00000000 00000000 0 0 131072 1771889 65136 11252 2341
00000000 00000000 0 0 131072 1732021 105250 15132 1313
00000000 00000000 0 0 131072 1834855 2888 2888 2841
00000000 00000000 0 0 131072 1771007 67304 11252 1379
00000000 00000000 0 0 2097152 1616541 222155 48037 9619
00000000 00000000 0 0 2097152 1616541 222155 48037 9627
00000000 00000000 0 0 2097152 1611539 227472 48037 11062
00000000 00000000 0 0 2097152 1611539 227472 48037 11070
00000000 00000000 0 0 131072 1772400 67899 11252 897
00000000 00000000 0 0 131072 1772440 67899 11252 913
00000000 00000000 0 0 131072 1836241 5652 2888 3262
00000000 00000000 0 0 131072 1836328 5579 2888 2317
00000000 00000000 0 0 131072 1785327 57375 11252 2837
00000000 00000000 0 0 131072 1735783 107157 15132 2379
00000000 00000000 0 0 131072 1840281 2888 2888 1338
00000000 00000000 0 0 131072 1768535 74977 11252 2822
00000000 00000000 0 0 131072 1840753 2888 2888 2858
00000000 00000000 0 0 131072 1751753 92132 11252 3200
00000000 00000000 0 0 131072 1780575 63430 11252 819
00000000 00000000 0 0 131072 1780585 63430 11252 835
00000000 00000000 0 0 131072 1790673 53350 11252 1813
00000000 00000000 0 0 131072 1780595 63430 11252 851
00000000 00000000 0 0 131072 1745053 99186 15132 1794
00000000 00000000 0 0 131072 1838881 5660 2888 3743
00000000 00000000 0 0 131072 1753778 90820 11252 850
00000000 00000000 0 0 131072 1753818 90820 11252 866
00000000 00000000 0 0 131072 1753828 90820 11252 882
00000000 00000000 0 0 131072 1759750 85245 11252 1378
00000000 00000000 0 0 131072 1760356 85245 11252 3682
00000000 00000000 0 0 131072 1725873 119838 15132 920
00000000 00000000 0 0 2097152 1616702 229191 48037 9138
00000000 00000000 0 0 2097152 1616702 229191 48037 9146
00000000 00000000 0 0 131072 1761389 85245 11252 338
00000000 00000000 0 0 131072 1761399 85245 11252 354
00000000 00000000 0 0 131072 1761409 85245 11252 370
00000000 00000000 0 0 131072 1761419 85245 11252 386
00000000 00000000 0 0 131072 1755834 91078 11252 1812
00000000 00000000 0 0 131072 1746053 100865 15132 359
00000000 00000000 0 0 131072 1755874 91078 11252 1828
00000000 00000000 0 0 131072 1755914 91078 11252 1844
00000000 00000000 0 0 131072 1755540 92132 11252 416
00000000 00000000 0 0 131072 1844903 2888 2888 3279
00000000 00000000 0 0 131072 1844917 2888 2888 2334
00000000 00000000 0 0 131072 1759592 88994 11252 1284
00000000 00000000 0 0 131072 1748781 100149 15132 3341
00000000 00000000 0 0 131072 1731208 118121 15132 832
00000000 00000000 0 0 131072 1787313 63249 11252 1783
00000000 00000000 0 0 131072 1770445 81243 11252 3318
00000000 00000000 0 0 131072 1751573 100523 15132 2860
00000000 00000000 0 0 131072 1849928 2888 2888 376
00000000 00000000 0 0 131072 1746786 106243 15132 3806
00000000 00000000 0 0 131072 1746796 106243 15132 3822
00000000 00000000 0 0 131072 1847551 5634 2888 3752
00000000 00000000 0 0 131072 1850801 2888 2888 3288
00000000 00000000 0 0 131072 1850815 2888 2888 2351
00000000 00000000 0 0 131072 1846179 8335 2888 1355
00000000 00000000 0 0 131072 1846651 8335 2888 2875
00000000 00000000 0 0 131072 1852339 2888 2888 857
00000000 00000000 0 0 131072 1847249 8335 2888 1819
00000000 00000000 0 0 2097152 1610781 244898 48037 8176
00000000 00000000 0 0 2097152 1610781 244898 48037 8184
00000000 00000000 0 0 2097152 1645391 211652 44097 10582
00000000 00000000 0 0 2097152 1645391 211652 44097 10590
00000000 00000000 0 0 131072 1787054 70552 11252 417
00000000 00000000 0 0 131072 1760794 97788 11252 3216
00000000 00000000 0 0 131072 1855826 2888 2888 393
00000000 00000000 0 0 131072 1747457 112345 15132 936
00000000 00000000 0 0 131072 1761741 98498 15132 1417
00000000 00000000 0 0 131072 1771817 89967 15132 3253
00000000 00000000 0 0 2097152 1656106 205810 44097 10101
00000000 00000000 0 0 2097152 1656106 205810 44097 10109
00000000 00000000 0 0 131072 1856195 6048 2888 3769
00000000 00000000 0 0 131072 1856713 5668 2888 2360
00000000 00000000 0 0 131072 1856699 6048 2888 3305
00000000 00000000 0 0 131072 1857524 6063 2888 1372
00000000 00000000 0 0 131072 1780244 83451 11252 1394
00000000 00000000 0 0 131072 1858237 5776 2888 874
00000000 00000000 0 0 131072 1861724 2888 2888 410
00000000 00000000 0 0 131072 1858594 6063 2888 1836
00000000 00000000 0 0 131072 1762823 102553 11252 432
00000000 00000000 0 0 131072 1765563 99829 11252 804
00000000 00000000 0 0 131072 1781903 84491 11252 2246
00000000 00000000 0 0 131072 1864794 2888 2888 3278
00000000 00000000 0 0 131072 1865253 2888 2888 3786
00000000 00000000 0 0 131072 1865391 2888 2888 2377
00000000 00000000 0 0 131072 1865757 2888 2888 3322
00000000 00000000 0 0 2097152 1658554 210457 44097 8658
00000000 00000000 0 0 2097152 1658554 210457 44097 8666
00000000 00000000 0 0 131072 1771457 99931 11252 1300
00000000 00000000 0 0 131072 1771527 99931 11252 1316
00000000 00000000 0 0 131072 1789887 82297 11252 898
00000000 00000000 0 0 131072 1866597 6281 2888 1389
00000000 00000000 0 0 131072 1870692 2888 2888 3295
00000000 00000000 0 0 131072 1867023 6583 2888 891
00000000 00000000 0 0 131072 1867667 6281 2888 1853
00000000 00000000 0 0 131072 1871151 2888 2888 3803
00000000 00000000 0 0 131072 1871289 2888 2888 2394
00000000 00000000 0 0 131072 1867622 6583 2888 427
00000000 00000000 0 0 131072 1774319 99931 11252 1332
00000000 00000000 0 0 131072 1871655 2888 2888 3339
00000000 00000000 0 0 131072 1776057 98832 15132 463
00000000 00000000 0 0 2097152 1663896 212479 44097 8177
00000000 00000000 0 0 2097152 1663896 212479 44097 8185
00000000 00000000 0 0 131072 1777000 99931 11252 1348
00000000 00000000 0 0 131072 1777010 99931 11252 1364
00000000 00000000 0 0 2097152 1666553 211347 44097 7696
00000000 00000000 0 0 2097152 1666553 211347 44097 7704
00000000 00000000 0 0 131072 1778001 99931 11252 2340
00000000 00000000 0 0 131072 1778011 99931 11252 2356
00000000 00000000 0 0 131072 1875888 2888 2888 1406
00000000 00000000 0 0 131072 1787677 91334 15132 2876
00000000 00000000 0 0 131072 1778689 100697 15132 952
00000000 00000000 0 0 131072 1816699 64672 11252 3319
00000000 00000000 0 0 2097152 1670125 211519 44097 9620
00000000 00000000 0 0 2097152 1670125 211519 44097 9628
00000000 00000000 0 0 131072 1798824 82965 11252 402
00000000 00000000 0 0 131072 1798834 82965 11252 418
00000000 00000000 0 0 131072 1876590 5682 2888 3304
00000000 00000000 0 0 131072 1876958 5677 2888 1870
00000000 00000000 0 0 131072 1787701 95011 15132 3838
00000000 00000000 0 0 131072 1881786 2888 2888 1423
00000000 00000000 0 0 2097152 1661833 223073 44097 11063
00000000 00000000 0 0 2097152 1661833 223073 44097 11071
00000000 00000000 0 0 131072 1876616 9669 2888 908
00000000 00000000 0 0 131072 1809113 77309 11252 3698
00000000 00000000 0 0 131072 1809242 77309 11252 3218
00000000 00000000 0 0 131072 1877049 9669 2888 3820
00000000 00000000 0 0 131072 1877215 9669 2888 444
00000000 00000000 0 0 131072 1877553 9669 2888 3356
00000000 00000000 0 0 131072 1801175 86730 15132 1433
00000000 00000000 0 0 131072 1885282 2888 2888 3321
00000000 00000000 0 0 131072 1796480 91730 15132 375
00000000 00000000 0 0 131072 1885645 2888 2888 1887
00000000 00000000 0 0 131072 1797633 91378 15132 479
00000000 00000000 0 0 131072 1805641 83370 15132 2772
00000000 00000000 0 0 131072 1811290 77721 11252 3697
00000000 00000000 0 0 131072 1811300 77711 11252 3713
00000000 00000000 0 0 131072 1811340 77671 11252 3729
00000000 00000000 0 0 131072 1811410 77666 11252 3745
00000000 00000000 0 0 131072 1811480 77666 11252 3761
00000000 00000000 0 0 131072 1811490 77666 11252 3777
00000000 00000000 0 0 131072 1801013 90106 11252 1860
00000000 00000000 0 0 131072 1796410 94891 15132 1898
00000000 00000000 0 0 131072 1796662 94891 15132 1914
00000000 00000000 0 0 131072 1889295 2888 2888 925
00000000 00000000 0 0 131072 1807528 85026 15132 3734
00000000 00000000 0 0 131072 1889728 2888 2888 3837
00000000 00000000 0 0 131072 1889894 2888 2888 461
00000000 00000000 0 0 131072 1887684 5690 2888 1432
00000000 00000000 0 0 131072 1798891 95131 15132 1810
00000000 00000000 0 0 131072 1891180 2888 2888 3338
00000000 00000000 0 0 131072 1891220 2888 2888 392
00000000 00000000 0 0 131072 1891543 2888 2888 1896
00000000 00000000 0 0 131072 1892021 2888 2888 2797
00000000 00000000 0 0 131072 1805369 90106 11252 1380
00000000 00000000 0 0 2097152 1681734 213963 44097 9139
00000000 00000000 0 0 2097152 1681734 213963 44097 9147
00000000 00000000 0 0 131072 1829248 66677 11252 2853
00000000 00000000 0 0 131072 1821872 74769 15132 3357
00000000 00000000 0 0 131072 1811503 85872 11252 340
00000000 00000000 0 0 131072 1812021 85872 11252 820
00000000 00000000 0 0 131072 1895193 2888 2888 942
00000000 00000000 0 0 131072 1789718 108616 11252 3776
00000000 00000000 0 0 131072 1895564 2888 2888 3759
00000000 00000000 0 0 131072 1895792 2888 2888 478
00000000 00000000 0 0 131072 1897032 6491 2888 1835
00000000 00000000 0 0 131072 1897078 6491 2888 3355
00000000 00000000 0 0 131072 1897919 5689 2888 2814
00000000 00000000 0 0 131072 1897118 6568 2888 409
00000000 00000000 0 0 131072 1846522 57347 11252 2839
00000000 00000000 0 0 131072 1901091 2888 2888 959
00000000 00000000 0 0 131072 1897441 6568 2888 1913
00000000 00000000 0 0 131072 1901462 2888 2888 3768
00000000 00000000 0 0 131072 1810284 94968 11252 2262
00000000 00000000 0 0 131072 1810365 94968 11252 2278
00000000 00000000 0 0 131072 1821681 84139 11252 1876
00000000 00000000 0 0 131072 1825809 80567 15132 848
00000000 00000000 0 0 131072 1799096 107789 11252 3232
00000000 00000000 0 0 131072 1819109 87843 11252 2294
00000000 00000000 0 0 131072 1819119 87843 11252 2310
00000000 00000000 0 0 131072 1819129 87843 11252 2326
00000000 00000000 0 0 131072 1819139 87843 11252 2342
00000000 00000000 0 0 131072 1799960 107789 11252 3248
00000000 00000000 0 0 131072 1799970 107789 11252 3264
00000000 00000000 0 0 131072 1799980 107789 11252 3280
00000000 00000000 0 0 131072 1800389 107789 11252 3296
00000000 00000000 0 0 131072 1831783 79595 15132 2395
00000000 00000000 0 0 131072 1831817 80014 11252 1892
00000000 00000000 0 0 131072 1906696 5537 2888 426
00000000 00000000 0 0 131072 1909386 2888 2888 873
00000000 00000000 0 0 131072 1906618 5676 2888 2831
00000000 00000000 0 0 131072 1834903 77445 15132 1329
00000000 00000000 0 0 131072 1809185 103413 11252 2720
00000000 00000000 0 0 131072 1801571 111031 11252 448
00000000 00000000 0 0 131072 1822021 90946 11252 1302
00000000 00000000 0 0 131072 1822074 90946 11252 1782
00000000 00000000 0 0 131072 1822114 90946 11252 1798
00000000 00000000 0 0 131072 1822124 90946 11252 1814
00000000 00000000 0 0 131072 1907360 5779 2888 3785
00000000 00000000 0 0 131072 1906533 6670 2888 1852
00000000 00000000 0 0 131072 1841321 72376 11252 1396
00000000 00000000 0 0 131072 1810665 103413 11252 2736
00000000 00000000 0 0 131072 1824221 90946 11252 3334
00000000 00000000 0 0 131072 1827388 88623 11252 1891
00000000 00000000 0 0 131072 1836885 79683 15132 2291
00000000 00000000 0 0 131072 1818802 98290 11252 2838
00000000 00000000 0 0 131072 1839630 78114 11252 1410
00000000 00000000 0 0 131072 1854698 63371 11252 3335
00000000 00000000 0 0 131072 1915243 2888 2888 443
00000000 00000000 0 0 131072 1915284 2888 2888 890
00000000 00000000 0 0 131072 1915304 2888 2888 2840
00000000 00000000 0 0 131072 1915358 2888 2888 1354
00000000 00000000 0 0 131072 1838246 80014 11252 2372
00000000 00000000 0 0 131072 1840035 78248 11252 2358
00000000 00000000 0 0 131072 1845950 72376 11252 2388
00000000 00000000 0 0 131072 1846895 71549 11252 3217
00000000 00000000 0 0 131072 1847015 71996 11252 836
00000000 00000000 0 0 131072 1847025 71986 11252 852
00000000 00000000 0 0 131072 1847035 71976 11252 868
00000000 00000000 0 0 131072 1843309 76368 11252 914
00000000 00000000 0 0 131072 1843349 76368 11252 930
00000000 00000000 0 0 131072 1916149 5624 2888 3802
00000000 00000000 0 0 131072 1916213 5753 2888 1869
00000000 00000000 0 0 131072 1919578 2888 2888 2316
00000000 00000000 0 0 131072 1820651 101826 11252 3792
00000000 00000000 0 0 131072 1845712 77217 11252 2854
00000000 00000000 0 0 131072 1921141 2888 2888 460
00000000 00000000 0 0 131072 1921182 2888 2888 907
00000000 00000000 0 0 131072 1921202 2888 2888 2857
00000000 00000000 0 0 131072 1921256 2888 2888 1371
00000000 00000000 0 0 131072 1847033 77217 11252 1830
00000000 00000000 0 0 131072 1851940 72446 11252 3350
00000000 00000000 0 0 131072 1924783 2888 2888 3819
00000000 00000000 0 0 131072 1924976 2888 2888 1886
00000000 00000000 0 0 131072 1838088 90275 11252 339
00000000 00000000 0 0 131072 1925476 2888 2888 2333
00000000 00000000 0 0 131072 1927039 5582 2888 477
00000000 00000000 0 0 131072 1927100 5665 2888 2874
00000000 00000000 0 0 131072 1927080 5948 2888 924
00000000 00000000 0 0 131072 1927154 5948 2888 1388
00000000 00000000 0 0 131072 1930681 2888 2888 3836
00000000 00000000 0 0 131072 1930874 2888 2888 1903
00000000 00000000 0 0 131072 1931374 2888 2888 2350
00000000 00000000 0 0 131072 1839765 95449 11252 2752
00000000 00000000 0 0 131072 1839805 95449 11252 2768
00000000 00000000 0 0 131072 1839845 95449 11252 2784
00000000 00000000 0 0 131072 1839855 95449 11252 2800
00000000 00000000 0 0 131072 1839865 95449 11252 2816
00000000 00000000 0 0 131072 1839875 95449 11252 2832
00000000 00000000 0 0 131072 1839887 95449 11252 2256
00000000 00000000 0 0 131072 1848721 86916 11252 929
00000000 00000000 0 0 131072 1849644 86096 11252 355
00000000 00000000 0 0 131072 1849654 86096 11252 371
00000000 00000000 0 0 131072 1849664 86096 11252 387
00000000 00000000 0 0 131072 1849674 86096 11252 403
00000000 00000000 0 0 131072 1835734 101415 11252 3808
00000000 00000000 0 0 131072 1860616 76778 11252 434
00000000 00000000 0 0 131072 1850682 87500 11252 433
00000000 00000000 0 0 131072 1856039 82518 11252 3815
00000000 00000000 0 0 131072 1856049 82518 11252 3831
00000000 00000000 0 0 131072 1847608 91150 11252 867
00000000 00000000 0 0 131072 1847648 91150 11252 883
00000000 00000000 0 0 131072 1847658 91150 11252 899
00000000 00000000 0 0 131072 1936038 2888 2888 941
00000000 00000000 0 0 131072 1936112 2888 2888 1405
00000000 00000000 0 0 131072 1853572 85439 11252 1792
00000000 00000000 0 0 131072 1838555 100456 11252 3312
00000000 00000000 0 0 131072 1863249 77938 11252 1426
00000000 00000000 0 0 131072 1936772 5694 2888 1912
00000000 00000000 0 0 131072 1937272 5685 2888 2367
00000000 00000000 0 0 131072 1848005 95693 11252 1395
00000000 00000000 0 0 131072 1898935 45276 11252 2870
00000000 00000000 0 0 131072 1848611 95693 11252 3699
00000000 00000000 0 0 131072 1941936 2888 2888 958
00000000 00000000 0 0 131072 1942010 2888 2888 1422
00000000 00000000 0 0 131072 1945967 2888 2888 2376
00000000 00000000 0 0 2097152 1803002 148273 48037 10597
00000000 00000000 0 0 2097152 1803002 148273 48037 10605
00000000 00000000 0 0 131072 1849922 102456 11252 1829
00000000 00000000 0 0 131072 1849962 102456 11252 1845
00000000 00000000 0 0 131072 1850002 102456 11252 1861
00000000 00000000 0 0 131072 1869404 83951 11252 2263
00000000 00000000 0 0 131072 1947908 5690 2888 1439
00000000 00000000 0 0 131072 1851596 102456 11252 1301
00000000 00000000 0 0 2097152 1795750 158893 48037 8673
00000000 00000000 0 0 2097152 1795750 158893 48037 8681
00000000 00000000 0 0 131072 1951865 2888 2888 2393
00000000 00000000 0 0 2097152 1801885 153661 48037 10116
00000000 00000000 0 0 2097152 1801885 153661 48037 10124
00000000 00000000 0 0 2097152 1797015 158845 48037 7719
00000000 00000000 0 0 2097152 1797015 158845 48037 7727
00000000 00000000 0 0 2097152 1796487 159419 48037 11078
00000000 00000000 0 0 2097152 1796487 159419 48037 11086
00000000 00000000 0 0 131072 1855106 102456 11252 2869
00000000 00000000 0 0 131072 1866705 90859 11252 1411
00000000 00000000 0 0 2097152 1801802 156519 48037 9635
00000000 00000000 0 0 2097152 1801802 156519 48037 9643
00000000 00000000 0 0 131072 1861592 96948 11252 3233
00000000 00000000 0 0 131072 1877899 80827 11252 464
00000000 00000000 0 0 2097152 1796799 163167 48037 8192
00000000 00000000 0 0 2097152 1796799 163167 48037 8200
00000000 00000000 0 0 2097152 1797520 163639 48037 9154
00000000 00000000 0 0 2097152 1797520 163639 48037 9162
00000000 00000000 0 0 131072 1884381 76847 11252 3328
00000000 00000000 0 0 131072 1862812 99129 11252 945
00000000 00000000 0 0 131072 1892021 72743 11252 3714
00000000 00000000 0 0 131072 1892031 72743 11252 3730
00000000 00000000 0 0 131072 1892041 72743 11252 3746
00000000 00000000 0 0 131072 1892086 72743 11252 3762
00000000 00000000 0 0 131072 1875194 89679 11252 915
00000000 00000000 0 0 131072 1892156 72743 11252 3778
00000000 00000000 0 0 131072 1892166 72743 11252 3794
00000000 00000000 0 0 131072 1868386 99129 11252 449
00000000 00000000 0 0 131072 1868402 100455 11252 821
00000000 00000000 0 0 131072 1906879 63690 11252 2848
00000000 00000000 0 0 131072 1879941 95749 11252 1365
00000000 00000000 0 0 131072 1879951 95749 11252 1381
00000000 00000000 0 0 131072 1874398 102192 11252 1317
00000000 00000000 0 0 131072 1874468 102192 11252 1333
00000000 00000000 0 0 131072 1880942 95749 11252 2357
00000000 00000000 0 0 131072 1880952 95749 11252 2373
00000000 00000000 0 0 131072 1921079 56134 11252 3344
00000000 00000000 0 0 131072 1884799 93267 11252 419
00000000 00000000 0 0 131072 1884809 93267 11252 435
00000000 00000000 0 0 131072 1889432 88659 11252 3715
00000000 00000000 0 0 131072 1889561 88659 11252 3235
00000000 00000000 0 0 131072 1877260 105002 11252 1349
00000000 00000000 0 0 131072 1941567 40982 11252 3824
00000000 00000000 0 0 131072 1894129 93106 11252 1877
00000000 00000000 0 0 131072 1921454 66283 11252 3234
00000000 00000000 0 0 131072 1894311 94456 11252 1907
00000000 00000000 0 0 131072 1920102 70537 11252 2855
00000000 00000000 0 0 131072 1900385 90422 11252 357
00000000 00000000 0 0 131072 1900903 90422 11252 837
00000000 00000000 0 0 131072 1898485 93106 11252 1397
00000000 00000000 0 0 131072 1921293 70537 11252 2375
00000000 00000000 0 0 131072 1919021 73617 11252 1908
00000000 00000000 0 0 131072 1909962 84272 11252 2311
00000000 00000000 0 0 131072 1909972 84272 11252 2327
00000000 00000000 0 0 131072 1909982 84272 11252 2343
00000000 00000000 0 0 131072 1909992 84272 11252 2359
00000000 00000000 0 0 131072 1956365 39038 11252 2272
00000000 00000000 0 0 131072 1925939 70537 11252 2871
00000000 00000000 0 0 2097152 1795750 201097 44097 9153
00000000 00000000 0 0 2097152 1795750 201097 44097 9161
00000000 00000000 0 0 2097152 1795750 201097 44097 9633
00000000 00000000 0 0 2097152 1795750 201097 44097 9641
00000000 00000000 0 0 2097152 1795750 201097 44097 10113
00000000 00000000 0 0 2097152 1795750 201097 44097 10121
00000000 00000000 0 0 2097152 1795750 201097 44097 10593
00000000 00000000 0 0 2097152 1795750 201097 44097 10601
00000000 00000000 0 0 2097152 1795750 201097 44097 11073
00000000 00000000 0 0 2097152 1795750 201097 44097 11081
00000000 00000000 0 0 2097152 1796799 200688 44097 8672
00000000 00000000 0 0 2097152 1796799 200688 44097 8680
00000000 00000000 0 0 2097152 1796799 200688 44097 9152
00000000 00000000 0 0 2097152 1796799 200688 44097 9160
00000000 00000000 0 0 2097152 1796799 200688 44097 9632
00000000 00000000 0 0 2097152 1796799 200688 44097 9640
00000000 00000000 0 0 2097152 1796799 200688 44097 10112
00000000 00000000 0 0 2097152 1796799 200688 44097 10120
00000000 00000000 0 0 2097152 1796799 200688 44097 10592
00000000 00000000 0 0 2097152 1796799 200688 44097 10600
00000000 00000000 0 0 131072 1927260 70537 11252 1847
00000000 00000000 0 0 2097152 1797520 201107 44097 7714
00000000 00000000 0 0 2097152 1797520 201107 44097 7722
00000000 00000000 0 0 2097152 1797520 201107 44097 9634
00000000 00000000 0 0 2097152 1797520 201107 44097 9642
00000000 00000000 0 0 2097152 1797520 201107 44097 10114
00000000 00000000 0 0 2097152 1797520 201107 44097 10122
00000000 00000000 0 0 2097152 1797520 201107 44097 10594
00000000 00000000 0 0 2097152 1797520 201107 44097 10602
00000000 00000000 0 0 2097152 1797520 201107 44097 11074
00000000 00000000 0 0 2097152 1797520 201107 44097 11082
00000000 00000000 0 0 2097152 1796487 202164 44097 7718
00000000 00000000 0 0 2097152 1796487 202164 44097 7726
00000000 00000000 0 0 2097152 1796487 202164 44097 8198
00000000 00000000 0 0 2097152 1796487 202164 44097 8206
00000000 00000000 0 0 2097152 1796487 202164 44097 8678
00000000 00000000 0 0 2097152 1796487 202164 44097 8686
00000000 00000000 0 0 2097152 1796487 202164 44097 9158
00000000 00000000 0 0 2097152 1796487 202164 44097 9166
00000000 00000000 0 0 2097152 1796487 202164 44097 9638
00000000 00000000 0 0 2097152 1796487 202164 44097 9646
00000000 00000000 0 0 131072 1908262 90574 11252 2279
00000000 00000000 0 0 131072 1908343 90574 11252 2295
00000000 00000000 0 0 131072 1938647 60364 11252 946
00000000 00000000 0 0 2097152 1797015 201996 44097 8199
00000000 00000000 0 0 2097152 1797015 201996 44097 8207
00000000 00000000 0 0 2097152 1797015 201996 44097 8679
00000000 00000000 0 0 2097152 1797015 201996 44097 8687
00000000 00000000 0 0 2097152 1797015 201996 44097 9159
00000000 00000000 0 0 2097152 1797015 201996 44097 9167
00000000 00000000 0 0 2097152 1797015 201996 44097 9639
00000000 00000000 0 0 2097152 1797015 201996 44097 9647
00000000 00000000 0 0 2097152 1797015 201996 44097 10119
00000000 00000000 0 0 2097152 1797015 201996 44097 10127
00000000 00000000 0 0 2097152 1804631 194380 44097 10598
00000000 00000000 0 0 2097152 1804631 194380 44097 10606
00000000 00000000 0 0 131072 1941192 57868 11252 450
00000000 00000000 0 0 131072 1914841 84324 11252 1909
00000000 00000000 0 0 131072 1908830 90624 11252 1893
00000000 00000000 0 0 131072 1921270 79107 11252 2389
00000000 00000000 0 0 131072 1916707 84324 11252 1413
00000000 00000000 0 0 131072 1922021 79107 11252 853
00000000 00000000 0 0 131072 1922031 79107 11252 869
00000000 00000000 0 0 131072 1922041 79107 11252 885
00000000 00000000 0 0 2097152 1803002 198261 44097 7717
00000000 00000000 0 0 2097152 1803002 198261 44097 7725
00000000 00000000 0 0 2097152 1803002 198261 44097 8197
00000000 00000000 0 0 2097152 1803002 198261 44097 8205
00000000 00000000 0 0 2097152 1803002 198261 44097 8677
00000000 00000000 0 0 2097152 1803002 198261 44097 8685
00000000 00000000 0 0 2097152 1803002 198261 44097 9157
00000000 00000000 0 0 2097152 1803002 198261 44097 9165
00000000 00000000 0 0 2097152 1803002 198261 44097 11077
00000000 00000000 0 0 2097152 1803002 198261 44097 11085
00000000 00000000 0 0 2097152 1801802 200994 44097 7715
00000000 00000000 0 0 2097152 1801802 200994 44097 7723
00000000 00000000 0 0 2097152 1801802 200994 44097 8195
00000000 00000000 0 0 2097152 1801802 200994 44097 8203
00000000 00000000 0 0 2097152 1801802 200994 44097 10115
00000000 00000000 0 0 2097152 1801802 200994 44097 10123
00000000 00000000 0 0 2097152 1801802 200994 44097 10595
00000000 00000000 0 0 2097152 1801802 200994 44097 10603
00000000 00000000 0 0 2097152 1801802 200994 44097 11075
00000000 00000000 0 0 2097152 1801802 200994 44097 11083
00000000 00000000 0 0 2097152 1801885 201063 44097 7716
00000000 00000000 0 0 2097152 1801885 201063 44097 7724
00000000 00000000 0 0 2097152 1801885 201063 44097 8196
00000000 00000000 0 0 2097152 1801885 201063 44097 8204
00000000 00000000 0 0 2097152 1801885 201063 44097 8676
00000000 00000000 0 0 2097152 1801885 201063 44097 8684
00000000 00000000 0 0 2097152 1801885 201063 44097 10596
00000000 00000000 0 0 2097152 1801885 201063 44097 10604
00000000 00000000 0 0 2097152 1801885 201063 44097 11076
00000000 00000000 0 0 2097152 1801885 201063 44097 11084
00000000 00000000 0 0 131072 1915977 87747 11252 1319
00000000 00000000 0 0 131072 1916030 87747 11252 1799
00000000 00000000 0 0 131072 1916070 87747 11252 1815
00000000 00000000 0 0 131072 1916080 87747 11252 1831
00000000 00000000 0 0 131072 1920754 84766 11252 1427
00000000 00000000 0 0 131072 1918177 87747 11252 3351
00000000 00000000 0 0 131072 1922687 84766 11252 931
00000000 00000000 0 0 131072 1922727 84766 11252 947
00000000 00000000 0 0 131072 1901344 110277 11252 3793
00000000 00000000 0 0 131072 1961550 53475 11252 3250
00000000 00000000 0 0 131072 1909895 107012 11252 3249
00000000 00000000 0 0 131072 1910759 107012 11252 3265
00000000 00000000 0 0 131072 1910769 107012 11252 3281
00000000 00000000 0 0 131072 1910779 107012 11252 3297
00000000 00000000 0 0 131072 1940404 77674 11252 451
00000000 00000000 0 0 131072 1911188 107012 11252 3313
00000000 00000000 0 0 131072 1970525 48486 11252 466
00000000 00000000 0 0 131072 1931373 91652 11252 356
00000000 00000000 0 0 131072 1941768 83206 11252 884
00000000 00000000 0 0 131072 1941808 83206 11252 900
00000000 00000000 0 0 131072 1941818 83206 11252 916
00000000 00000000 0 0 131072 1940159 86354 11252 3825
00000000 00000000 0 0 131072 1942021 86354 11252 1809
00000000 00000000 0 0 131072 1942021 86354 11252 3329
00000000 00000000 0 0 131072 1925487 103322 11252 3809
00000000 00000000 0 0 131072 1946708 83206 11252 1412
00000000 00000000 0 0 131072 1938750 91652 11252 372
00000000 00000000 0 0 131072 1938760 91652 11252 388
00000000 00000000 0 0 131072 1938770 91652 11252 404
00000000 00000000 0 0 131072 1938780 91652 11252 420
00000000 00000000 0 0 131072 1947314 83206 11252 3716
00000000 00000000 0 0 131072 1915608 114935 11252 2737
00000000 00000000 0 0 131072 1915612 114935 11252 465
00000000 00000000 0 0 131072 1917088 114935 11252 2753
00000000 00000000 0 0 131072 1955388 79629 11252 1846
00000000 00000000 0 0 131072 1955428 79629 11252 1862
00000000 00000000 0 0 131072 1955468 79629 11252 1878
00000000 00000000 0 0 131072 1957062 79629 11252 1318
00000000 00000000 0 0 131072 1938224 99750 11252 2769
00000000 00000000 0 0 131072 1938264 99750 11252 2785
00000000 00000000 0 0 131072 1938304 99750 11252 2801
00000000 00000000 0 0 131072 1938314 99750 11252 2817
00000000 00000000 0 0 131072 1938324 99750 11252 2833
00000000 00000000 0 0 131072 1938334 99750 11252 2849
00000000 00000000 0 0 131072 1938346 99750 11252 2273
00000000 00000000 0 0 131072 1960574 83021 11252 1428
00000000 00000000 0 0 131072 1967774 77607 11252 3731
00000000 00000000 0 0 131072 1967784 77607 11252 3747
00000000 00000000 0 0 131072 1967794 77607 11252 3763
00000000 00000000 0 0 131072 1967839 77607 11252 3779
00000000 00000000 0 0 131072 1967909 77607 11252 3795
00000000 00000000 0 0 131072 1967919 77607 11252 3811
00000000 00000000 0 0 131072 1964238 83365 11252 3345
00000000 00000000 0 0 131072 1973579 75432 11252 2865
00000000 00000000 0 0 2097152 1836475 212536 44097 8674
00000000 00000000 0 0 2097152 1836475 212536 44097 8682
00000000 00000000 0 0 2097152 1839480 210252 44097 7712
00000000 00000000 0 0 2097152 1839480 210252 44097 7720
00000000 00000000 0 0 131072 1990747 65468 11252 3251
00000000 00000000 0 0 131072 1967883 88856 11252 932
00000000 00000000 0 0 131072 1998413 60598 11252 2289
00000000 00000000 0 0 2097152 1839730 219281 44097 10117
00000000 00000000 0 0 2097152 1839730 219281 44097 10125
00000000 00000000 0 0 131072 2002070 57195 11252 467
00000000 00000000 0 0 131072 1993649 66589 11252 2864
00000000 00000000 0 0 2097152 1841706 219286 44097 9636
00000000 00000000 0 0 2097152 1841706 219286 44097 9644
00000000 00000000 0 0 2097152 1864926 197561 44097 10118
00000000 00000000 0 0 2097152 1864926 197561 44097 10126
00000000 00000000 0 0 131072 1981076 89173 11252 436
00000000 00000000 0 0 131072 1981086 89173 11252 452
00000000 00000000 0 0 131072 1981101 89173 11252 3732
00000000 00000000 0 0 131072 1981230 89173 11252 3252
00000000 00000000 0 0 131072 1971867 100298 11252 838
00000000 00000000 0 0 131072 2018035 54279 11252 3267
00000000 00000000 0 0 131072 1990245 82882 11252 1894
00000000 00000000 0 0 2097152 1842021 232365 44097 11079
00000000 00000000 0 0 2097152 1842021 232365 44097 11087
00000000 00000000 0 0 131072 1979600 94918 11252 1334
00000000 00000000 0 0 131072 1979670 94918 11252 1350
00000000 00000000 0 0 131072 1979701 94918 11252 2374
00000000 00000000 0 0 131072 1979711 94918 11252 2390
00000000 00000000 0 0 131072 1993817 82882 11252 374
00000000 00000000 0 0 131072 2001846 75059 11252 2288
00000000 00000000 0 0 131072 2001927 75059 11252 2304
00000000 00000000 0 0 131072 2001937 75059 11252 2320
00000000 00000000 0 0 131072 2001947 75059 11252 2336
00000000 00000000 0 0 131072 2001957 75059 11252 2352
00000000 00000000 0 0 131072 2001967 75059 11252 2368
00000000 00000000 0 0 131072 2001977 75059 11252 2384
00000000 00000000 0 0 131072 1994335 82882 11252 854
00000000 00000000 0 0 131072 1994601 82882 11252 1414
00000000 00000000 0 0 131072 2002464 75114 11252 1910
00000000 00000000 0 0 2097152 1858689 220008 44097 8193
00000000 00000000 0 0 2097152 1858689 220008 44097 8201
00000000 00000000 0 0 131072 2006734 72277 11252 1328
00000000 00000000 0 0 131072 2006787 72224 11252 1808
00000000 00000000 0 0 131072 2006827 72184 11252 1824
00000000 00000000 0 0 131072 2006837 72174 11252 1840
00000000 00000000 0 0 131072 2006847 72164 11252 1856
00000000 00000000 0 0 2097152 1879385 199626 44097 8194
00000000 00000000 0 0 2097152 1879385 199626 44097 8202
00000000 00000000 0 0 2097152 1848903 230108 44097 9155
00000000 00000000 0 0 2097152 1848903 230108 44097 9163
00000000 00000000 0 0 131072 2004041 77947 11252 1430
00000000 00000000 0 0 131072 2004138 77947 11252 870
00000000 00000000 0 0 131072 2004148 77947 11252 886
00000000 00000000 0 0 131072 2004158 77947 11252 902
00000000 00000000 0 0 131072 1985272 99267 11252 1366
00000000 00000000 0 0 131072 1985282 99267 11252 1382
00000000 00000000 0 0 131072 1985292 99267 11252 1398
00000000 00000000 0 0 131072 2010463 80805 11252 948
00000000 00000000 0 0 2097152 1880910 210744 44097 7713
00000000 00000000 0 0 2097152 1880910 210744 44097 7721
00000000 00000000 0 0 2097152 1860053 235034 44097 10599
00000000 00000000 0 0 2097152 1860053 235034 44097 10607
00000000 00000000 0 0 131072 2021088 77660 11252 468
00000000 00000000 0 0 131072 2031385 68722 15132 1826
00000000 00000000 0 0 2097152 1884654 216963 44097 9637
00000000 00000000 0 0 2097152 1884654 216963 44097 9645
00000000 00000000 0 0 131072 2014631 87147 11252 3810
00000000 00000000 0 0 2097152 1872021 232655 44097 8675
00000000 00000000 0 0 2097152 1872021 232655 44097 8683
00000000 00000000 0 0 131072 2103117 2888 2888 1851
00000000 00000000 0 0 131072 2026035 81309 11252 373
00000000 00000000 0 0 131072 2027984 81309 11252 901
00000000 00000000 0 0 131072 2028024 81309 11252 917
00000000 00000000 0 0 131072 2028034 81309 11252 933
00000000 00000000 0 0 2097152 1887916 221826 44097 11072
00000000 00000000 0 0 2097152 1887916 221826 44097 11080
00000000 00000000 0 0 131072 2109015 2888 2888 1868
00000000 00000000 0 0 131072 2038027 75154 11252 1863
00000000 00000000 0 0 131072 2038067 75154 11252 1879
00000000 00000000 0 0 131072 2032924 80306 11252 1429
00000000 00000000 0 0 131072 2038107 75154 11252 1895
00000000 00000000 0 0 131072 2019917 93595 11252 3266
00000000 00000000 0 0 131072 2033412 80306 11252 389
00000000 00000000 0 0 131072 2033422 80306 11252 405
00000000 00000000 0 0 131072 2033432 80306 11252 421
00000000 00000000 0 0 131072 2033442 80306 11252 437
00000000 00000000 0 0 131072 2033530 80306 11252 3733
00000000 00000000 0 0 131072 2020781 93595 11252 3282
00000000 00000000 0 0 131072 2020791 93595 11252 3298
00000000 00000000 0 0 131072 2020801 93595 11252 3314
00000000 00000000 0 0 131072 2021210 93595 11252 3330
00000000 00000000 0 0 131072 2031385 85815 11252 3346
00000000 00000000 0 0 131072 2031819 85815 11252 3826
00000000 00000000 0 0 131072 2114913 2888 2888 1885
00000000 00000000 0 0 131072 2040984 77649 11252 2786
00000000 00000000 0 0 131072 2041024 77649 11252 2802
00000000 00000000 0 0 131072 2041064 77649 11252 2818
00000000 00000000 0 0 131072 2041074 77649 11252 2834
00000000 00000000 0 0 131072 2041084 77649 11252 2850
00000000 00000000 0 0 131072 2041094 77649 11252 2866
00000000 00000000 0 0 131072 2041106 77649 11252 2290
00000000 00000000 0 0 131072 2048391 73024 11252 3748
00000000 00000000 0 0 131072 2048401 73024 11252 3764
00000000 00000000 0 0 131072 2048411 73024 11252 3780
00000000 00000000 0 0 131072 2039701 81769 11252 1335
00000000 00000000 0 0 131072 2048456 73024 11252 3796
00000000 00000000 0 0 131072 2048526 73024 11252 3812
00000000 00000000 0 0 131072 2048536 73024 11252 3828
00000000 00000000 0 0 131072 2033553 88795 11252 2754
00000000 00000000 0 0 131072 2120811 2888 2888 1902
00000000 00000000 0 0 131072 2035033 88795 11252 2770
00000000 00000000 0 0 131072 2059225 65056 11252 3268
00000000 00000000 0 0 2097152 1898707 230198 44097 9156
00000000 00000000 0 0 2097152 1898707 230198 44097 9164
00000000 00000000 0 0 131072 2062021 66990 11252 2306
00000000 00000000 0 0 2097152 2002021 129640 48037 8208
00000000 00000000 0 0 2097152 2002021 129640 48037 8216
00000000 00000000 0 0 2097152 2000497 131443 48037 8689
00000000 00000000 0 0 2097152 2000497 131443 48037 8697
00000000 00000000 0 0 131072 2126709 5693 2888 1919
00000000 00000000 0 0 2097152 2001661 131372 48037 7735
00000000 00000000 0 0 2097152 2001661 131372 48037 7743
00000000 00000000 0 0 2097152 2001637 132715 48037 9651
00000000 00000000 0 0 2097152 2001637 132715 48037 9659
00000000 00000000 0 0 2097152 1999857 134733 48037 9170
00000000 00000000 0 0 2097152 1999857 134733 48037 9178
00000000 00000000 0 0 2097152 2004273 130650 48037 11094
00000000 00000000 0 0 2097152 2004273 130650 48037 11102
00000000 00000000 0 0 131072 2075324 60240 11252 3284
00000000 00000000 0 0 2097152 2005806 129890 48037 10132
00000000 00000000 0 0 2097152 2005806 129890 48037 10140
00000000 00000000 0 0 2097152 2005958 135385 48037 10613
00000000 00000000 0 0 2097152 2005958 135385 48037 10621
00000000 00000000 0 0 131072 2059749 86214 11252 949
00000000 00000000 0 0 131072 2079709 67289 15132 391
00000000 00000000 0 0 131072 2079915 67113 11252 2305
00000000 00000000 0 0 131072 2079996 67113 11252 2321
00000000 00000000 0 0 131072 2080006 67113 11252 2337
00000000 00000000 0 0 131072 2080016 67113 11252 2353
00000000 00000000 0 0 131072 2080026 67113 11252 2369
00000000 00000000 0 0 131072 2080036 67113 11252 2385
00000000 00000000 0 0 131072 2082021 66990 11252 1825
00000000 00000000 0 0 131072 2082031 66980 11252 1841
00000000 00000000 0 0 131072 2082041 66970 11252 1857
00000000 00000000 0 0 131072 2082051 66960 11252 1873
00000000 00000000 0 0 131072 2073413 76544 15132 3269
00000000 00000000 0 0 131072 2082021 68626 15132 1345
00000000 00000000 0 0 131072 2150008 2888 2888 408
00000000 00000000 0 0 131072 2073259 80509 11252 453
00000000 00000000 0 0 131072 2073269 80509 11252 469
00000000 00000000 0 0 131072 2073284 80509 11252 3749
00000000 00000000 0 0 131072 2152967 2888 2888 3294
00000000 00000000 0 0 131072 2153657 2888 2888 1370
00000000 00000000 0 0 131072 2080227 76435 11252 871
00000000 00000000 0 0 131072 2155906 2888 2888 425
00000000 00000000 0 0 131072 2085095 76435 11252 887
00000000 00000000 0 0 131072 2085105 76435 11252 903
00000000 00000000 0 0 131072 2085115 76435 11252 919
00000000 00000000 0 0 131072 2159555 2888 2888 1387
00000000 00000000 0 0 131072 2075175 87951 11252 855
00000000 00000000 0 0 131072 2087549 76435 11252 1383
00000000 00000000 0 0 131072 2087559 76435 11252 1399
00000000 00000000 0 0 131072 2087569 76435 11252 1415
00000000 00000000 0 0 131072 2087579 76435 11252 1431
00000000 00000000 0 0 131072 2076137 87951 11252 1911
00000000 00000000 0 0 131072 2158865 5696 2888 3311
00000000 00000000 0 0 131072 2161804 2888 2888 442
00000000 00000000 0 0 131072 2077528 87951 11252 1351
00000000 00000000 0 0 131072 2077598 87951 11252 1367
00000000 00000000 0 0 131072 2077629 87951 11252 2391
00000000 00000000 0 0 131072 2116191 50778 11252 1872
00000000 00000000 0 0 131072 2116231 50778 11252 1888
00000000 00000000 0 0 131072 2116271 50778 11252 1904
00000000 00000000 0 0 2097152 1954285 213727 44097 10614
00000000 00000000 0 0 2097152 1954285 213727 44097 10622
00000000 00000000 0 0 131072 2165453 2888 2888 1404
00000000 00000000 0 0 131072 2167571 5698 2888 3320
00000000 00000000 0 0 131072 2167702 5747 2888 459
00000000 00000000 0 0 131072 2171351 2888 2888 1421
00000000 00000000 0 0 131072 2104788 71320 11252 3827
00000000 00000000 0 0 131072 2110354 66725 11252 390
00000000 00000000 0 0 2097152 1957653 220602 44097 8690
00000000 00000000 0 0 2097152 1957653 220602 44097 8698
00000000 00000000 0 0 2097152 1958556 220475 44097 10133
00000000 00000000 0 0 2097152 1958556 220475 44097 10141
00000000 00000000 0 0 131072 2112303 67339 11252 918
00000000 00000000 0 0 131072 2112343 67339 11252 934
00000000 00000000 0 0 131072 2112353 67339 11252 950
00000000 00000000 0 0 2097152 1958870 222718 44097 7728
00000000 00000000 0 0 2097152 1958870 222718 44097 7736
00000000 00000000 0 0 131072 2176279 5540 2888 3337
00000000 00000000 0 0 131072 2176459 5711 2888 476
00000000 00000000 0 0 2097152 1961331 220849 44097 9652
00000000 00000000 0 0 2097152 1961331 220849 44097 9660
00000000 00000000 0 0 131072 2177249 5695 2888 1438
00000000 00000000 0 0 131072 2124425 58625 11252 3765
00000000 00000000 0 0 131072 2124435 58625 11252 3781
00000000 00000000 0 0 131072 2124445 58625 11252 3797
00000000 00000000 0 0 131072 2124490 58625 11252 3813
00000000 00000000 0 0 131072 2124560 58625 11252 3829
00000000 00000000 0 0 131072 2116728 67339 11252 406
00000000 00000000 0 0 131072 2116738 67339 11252 422
00000000 00000000 0 0 131072 2116748 67339 11252 438
00000000 00000000 0 0 131072 2116758 67339 11252 454
00000000 00000000 0 0 2097152 1964169 220168 44097 9171
00000000 00000000 0 0 2097152 1964169 220168 44097 9179
00000000 00000000 0 0 2097152 1962976 222847 44097 8209
00000000 00000000 0 0 2097152 1962976 222847 44097 8217
00000000 00000000 0 0 131072 2116846 70368 15132 3750
00000000 00000000 0 0 131072 2184829 2888 2888 3354
00000000 00000000 0 0 131072 2121765 70154 15132 2307
00000000 00000000 0 0 131072 2124480 68427 11252 1344
00000000 00000000 0 0 131072 2190224 2888 2888 3775
00000000 00000000 0 0 2097152 1958916 237062 44097 11095
00000000 00000000 0 0 2097152 1958916 237062 44097 11103
00000000 00000000 0 0 131072 2125358 71585 11252 2771
00000000 00000000 0 0 131072 2116522 80565 11252 3283
00000000 00000000 0 0 131072 2194929 2888 2888 2332
00000000 00000000 0 0 131072 2117386 80565 11252 3299
00000000 00000000 0 0 131072 2117396 80565 11252 3315
00000000 00000000 0 0 131072 2117406 80565 11252 3331
00000000 00000000 0 0 131072 2117815 80565 11252 3347
00000000 00000000 0 0 131072 2126838 71585 11252 2787
00000000 00000000 0 0 131072 2126848 71585 11252 2803
00000000 00000000 0 0 131072 2126858 71585 11252 2819
00000000 00000000 0 0 131072 2126868 71585 11252 2835
00000000 00000000 0 0 131072 2126878 71585 11252 2851
00000000 00000000 0 0 131072 2126888 71585 11252 2867
00000000 00000000 0 0 131072 2196122 2888 2888 3784
00000000 00000000 0 0 131072 2127291 71901 15132 3285
00000000 00000000 0 0 131072 2132021 68874 15132 2323
00000000 00000000 0 0 131072 2150038 52342 11252 2322
00000000 00000000 0 0 131072 2150119 52342 11252 2338
00000000 00000000 0 0 131072 2150129 52342 11252 2354
00000000 00000000 0 0 131072 2150139 52342 11252 2370
00000000 00000000 0 0 131072 2150149 52342 11252 2386
00000000 00000000 0 0 131072 2169979 33588 11252 1889
00000000 00000000 0 0 131072 2170019 33588 11252 1905
00000000 00000000 0 0 131072 2200827 2888 2888 2349
00000000 00000000 0 0 131072 2202020 2888 2888 3801
00000000 00000000 0 0 131072 2202202 2888 2888 3310
00000000 00000000 0 0 131072 2156778 49635 11252 470
00000000 00000000 0 0 131072 2138574 68010 15132 3301
00000000 00000000 0 0 131072 2203905 2888 2888 2348
00000000 00000000 0 0 2097152 2004273 207902 44097 7734
00000000 00000000 0 0 2097152 2004273 207902 44097 7742
00000000 00000000 0 0 2097152 2004273 207902 44097 8214
00000000 00000000 0 0 2097152 2004273 207902 44097 8222
00000000 00000000 0 0 2097152 2004273 207902 44097 8694
00000000 00000000 0 0 2097152 2004273 207902 44097 8702
00000000 00000000 0 0 2097152 2004273 207902 44097 9174
00000000 00000000 0 0 2097152 2004273 207902 44097 9182
00000000 00000000 0 0 131072 2206725 5699 2888 2366
00000000 00000000 0 0 131072 2209594 2888 2888 3326
00000000 00000000 0 0 131072 2209803 2888 2888 2365
00000000 00000000 0 0 131072 2207918 5681 2888 3818
00000000 00000000 0 0 131072 2208100 5698 2888 3327
00000000 00000000 0 0 2097152 1999857 215134 44097 9650
00000000 00000000 0 0 2097152 1999857 215134 44097 9658
00000000 00000000 0 0 2097152 1999857 215134 44097 10130
00000000 00000000 0 0 2097152 1999857 215134 44097 10138
00000000 00000000 0 0 2097152 1999857 215134 44097 10610
00000000 00000000 0 0 2097152 1999857 215134 44097 10618
00000000 00000000 0 0 2097152 1999857 215134 44097 11090
00000000 00000000 0 0 2097152 1999857 215134 44097 11098
00000000 00000000 0 0 131072 2215434 2888 2888 2383
00000000 00000000 0 0 131072 2215492 2888 2888 3343
00000000 00000000 0 0 131072 2215701 2888 2888 2382
00000000 00000000 0 0 2097152 2002021 216639 44097 8688
00000000 00000000 0 0 2097152 2002021 216639 44097 8696
00000000 00000000 0 0 2097152 2002021 216639 44097 9168
00000000 00000000 0 0 2097152 2002021 216639 44097 9176
00000000 00000000 0 0 2097152 2002021 216639 44097 9648
00000000 00000000 0 0 2097152 2002021 216639 44097 9656
00000000 00000000 0 0 2097152 2002021 216639 44097 10128
00000000 00000000 0 0 2097152 2002021 216639 44097 10136
00000000 00000000 0 0 2097152 2005958 213053 44097 7733
00000000 00000000 0 0 2097152 2005958 213053 44097 7741
00000000 00000000 0 0 2097152 2005958 213053 44097 8213
00000000 00000000 0 0 2097152 2005958 213053 44097 8221
00000000 00000000 0 0 2097152 2005958 213053 44097 8693
00000000 00000000 0 0 2097152 2005958 213053 44097 8701
00000000 00000000 0 0 2097152 2000497 218514 44097 9169
00000000 00000000 0 0 2097152 2000497 218514 44097 9177
00000000 00000000 0 0 2097152 2000497 218514 44097 9649
00000000 00000000 0 0 2097152 2000497 218514 44097 9657
00000000 00000000 0 0 2097152 2000497 218514 44097 10129
00000000 00000000 0 0 2097152 2000497 218514 44097 10137
00000000 00000000 0 0 2097152 2000497 218514 44097 10609
00000000 00000000 0 0 2097152 2000497 218514 44097 10617
00000000 00000000 0 0 2097152 2005958 213053 44097 11093
00000000 00000000 0 0 2097152 2005958 213053 44097 11101
00000000 00000000 0 0 2097152 2005806 214460 44097 7732
00000000 00000000 0 0 2097152 2005806 214460 44097 7740
00000000 00000000 0 0 2097152 2005806 214460 44097 8212
00000000 00000000 0 0 2097152 2005806 214460 44097 8220
00000000 00000000 0 0 2097152 2005806 214460 44097 10612
00000000 00000000 0 0 2097152 2005806 214460 44097 10620
00000000 00000000 0 0 2097152 2005806 214460 44097 11092
00000000 00000000 0 0 2097152 2005806 214460 44097 11100
00000000 00000000 0 0 131072 2216609 5522 2888 3835
00000000 00000000 0 0 131072 2182652 39807 11252 935
00000000 00000000 0 0 131072 2182692 39807 11252 951
00000000 00000000 0 0 131072 2216808 5702 2888 3336
00000000 00000000 0 0 131072 2221332 2888 2888 2392
00000000 00000000 0 0 131072 2221390 2888 2888 3352
00000000 00000000 0 0 131072 2221599 2888 2888 2399
00000000 00000000 0 0 131072 2168489 58539 11252 1360
00000000 00000000 0 0 131072 2168559 58539 11252 1376
00000000 00000000 0 0 131072 2168569 58539 11252 1392
00000000 00000000 0 0 131072 2168579 58539 11252 1408
00000000 00000000 0 0 131072 2168589 58539 11252 1424
00000000 00000000 0 0 131072 2225520 2888 2888 3353
00000000 00000000 0 0 131072 2152021 76405 15132 1842
00000000 00000000 0 0 131072 2152031 76405 15132 1858
00000000 00000000 0 0 131072 2152041 76405 15132 1874
00000000 00000000 0 0 131072 2152051 76405 15132 1890
00000000 00000000 0 0 131072 2231436 2888 2888 1867
00000000 00000000 0 0 131072 2231446 2888 2888 1883
00000000 00000000 0 0 131072 2231456 2888 2888 1899
00000000 00000000 0 0 131072 2231466 2888 2888 1915
00000000 00000000 0 0 131072 2237334 8275 2888 1884
00000000 00000000 0 0 131072 2237344 8275 2888 1900
00000000 00000000 0 0 131072 2237354 8275 2888 1916
00000000 00000000 0 0 131072 2156803 90490 15132 3766
00000000 00000000 0 0 131072 2200097 47875 11252 3300
00000000 00000000 0 0 131072 2166136 82694 15132 864
00000000 00000000 0 0 131072 2200961 47875 11252 3316
00000000 00000000 0 0 131072 2166146 82694 15132 880
00000000 00000000 0 0 131072 2200971 47875 11252 3332
00000000 00000000 0 0 131072 2166156 82694 15132 896
00000000 00000000 0 0 131072 2200981 47875 11252 3348
00000000 00000000 0 0 131072 2166166 82694 15132 912
00000000 00000000 0 0 131072 2166176 82694 15132 928
00000000 00000000 0 0 131072 2250303 2888 2888 3791
00000000 00000000 0 0 2097152 2077396 176225 44097 11088
00000000 00000000 0 0 2097152 2077396 176225 44097 11096
00000000 00000000 0 0 2097152 2001637 252299 44097 7731
00000000 00000000 0 0 2097152 2001637 252299 44097 7739
00000000 00000000 0 0 2097152 2001637 252299 44097 10131
00000000 00000000 0 0 2097152 2001637 252299 44097 10139
00000000 00000000 0 0 2097152 2001637 252299 44097 10611
00000000 00000000 0 0 2097152 2001637 252299 44097 10619
00000000 00000000 0 0 2097152 2001637 252299 44097 11091
00000000 00000000 0 0 2097152 2001637 252299 44097 11099
00000000 00000000 0 0 131072 2251840 2888 2888 889
00000000 00000000 0 0 131072 2251850 2888 2888 905
00000000 00000000 0 0 131072 2251860 2888 2888 921
00000000 00000000 0 0 131072 2251870 2888 2888 937
00000000 00000000 0 0 131072 2251880 2888 2888 953
00000000 00000000 0 0 131072 2248619 6287 2888 1901
00000000 00000000 0 0 131072 2248629 6287 2888 1917
00000000 00000000 0 0 2097152 2001661 253489 44097 8215
00000000 00000000 0 0 2097152 2001661 253489 44097 8223
00000000 00000000 0 0 2097152 2001661 253489 44097 8695
00000000 00000000 0 0 2097152 2001661 253489 44097 8703
00000000 00000000 0 0 2097152 2001661 253489 44097 9175
00000000 00000000 0 0 2097152 2001661 253489 44097 9183
00000000 00000000 0 0 2097152 2001661 253489 44097 9655
00000000 00000000 0 0 2097152 2001661 253489 44097 9663
00000000 00000000 0 0 2097152 2002021 253489 44097 10615
00000000 00000000 0 0 2097152 2002021 253489 44097 10623
00000000 00000000 0 0 131072 2256201 5704 2888 3800
00000000 00000000 0 0 131072 2257916 5702 2888 1918
00000000 00000000 0 0 2097152 2082021 183727 44097 9172
00000000 00000000 0 0 2097152 2082021 183727 44097 9180
00000000 00000000 0 0 131072 2257738 9644 2888 906
00000000 00000000 0 0 131072 2257748 9644 2888 922
00000000 00000000 0 0 131072 2257758 9644 2888 938
00000000 00000000 0 0 131072 2257768 9644 2888 954
00000000 00000000 0 0 131072 2264915 2888 2888 3817
00000000 00000000 0 0 2097152 2062021 209203 44097 10134
00000000 00000000 0 0 2097152 2062021 209203 44097 10142
00000000 00000000 0 0 131072 2270392 2888 2888 923
00000000 00000000 0 0 131072 2270402 2888 2888 939
00000000 00000000 0 0 131072 2270412 2888 2888 955
00000000 00000000 0 0 131072 2270813 2888 2888 3834
00000000 00000000 0 0 131072 2180089 93678 15132 407
00000000 00000000 0 0 131072 2206577 68551 15132 1906
00000000 00000000 0 0 131072 2186060 91922 15132 3782
00000000 00000000 0 0 131072 2186070 91922 15132 3798
00000000 00000000 0 0 131072 2186080 91922 15132 3814
00000000 00000000 0 0 131072 2186125 91922 15132 3830
00000000 00000000 0 0 131072 2187077 93678 15132 423
00000000 00000000 0 0 131072 2187087 93678 15132 439
00000000 00000000 0 0 131072 2187097 93678 15132 455
00000000 00000000 0 0 131072 2187107 93678 15132 471
00000000 00000000 0 0 131072 2276777 5705 2888 424
00000000 00000000 0 0 131072 2195917 86864 15132 1361
00000000 00000000 0 0 131072 2276290 6584 2888 940
00000000 00000000 0 0 131072 2276300 6584 2888 956
00000000 00000000 0 0 131072 2280992 2888 2888 3807
00000000 00000000 0 0 131072 2281002 2888 2888 3823
00000000 00000000 0 0 131072 2281012 2888 2888 3839
00000000 00000000 0 0 131072 2283765 2888 2888 440
00000000 00000000 0 0 131072 2283775 2888 2888 456
00000000 00000000 0 0 131072 2283785 2888 2888 472
00000000 00000000 0 0 131072 2285492 2888 2888 441
00000000 00000000 0 0 131072 2285791 2888 2888 1386
00000000 00000000 0 0 131072 2285884 2888 2888 957
00000000 00000000 0 0 2097152 2052742 236269 44097 7729
00000000 00000000 0 0 2097152 2052742 236269 44097 7737
00000000 00000000 0 0 2097152 2081707 207304 44097 8210
00000000 00000000 0 0 2097152 2081707 207304 44097 8218
00000000 00000000 0 0 2097152 2052021 236990 44097 8691
00000000 00000000 0 0 2097152 2052021 236990 44097 8699
00000000 00000000 0 0 131072 2289663 2888 2888 457
00000000 00000000 0 0 131072 2289673 2888 2888 473
00000000 00000000 0 0 131072 2286890 6349 2888 3816
00000000 00000000 0 0 131072 2286900 6349 2888 3832
00000000 00000000 0 0 131072 2205390 88513 15132 2339
00000000 00000000 0 0 131072 2205471 88513 15132 2355
00000000 00000000 0 0 131072 2205481 88513 15132 2371
00000000 00000000 0 0 131072 2205491 88513 15132 2387
00000000 00000000 0 0 131072 2291390 2888 2888 458
00000000 00000000 0 0 131072 2291689 2888 2888 1403
00000000 00000000 0 0 2097152 2064002 233201 44097 9653
00000000 00000000 0 0 2097152 2064002 233201 44097 9661
00000000 00000000 0 0 131072 2225469 71852 15132 944
00000000 00000000 0 0 131072 2199953 97620 15132 2788
00000000 00000000 0 0 2097152 2094664 203044 44097 7730
00000000 00000000 0 0 2097152 2094664 203044 44097 7738
00000000 00000000 0 0 131072 2295561 2888 2888 474
00000000 00000000 0 0 131072 2201433 97682 15132 2804
00000000 00000000 0 0 131072 2201443 97682 15132 2820
00000000 00000000 0 0 131072 2201453 97682 15132 2836
00000000 00000000 0 0 131072 2201463 97682 15132 2852
00000000 00000000 0 0 131072 2201473 97682 15132 2868
00000000 00000000 0 0 2097152 2065497 234678 44097 10135
00000000 00000000 0 0 2097152 2065497 234678 44097 10143
00000000 00000000 0 0 2097152 2098097 203068 44097 10608
00000000 00000000 0 0 2097152 2098097 203068 44097 10616
00000000 00000000 0 0 131072 2296249 5627 2888 3833
00000000 00000000 0 0 131072 2297288 5615 2888 475
00000000 00000000 0 0 131072 2300583 2888 2888 2813
00000000 00000000 0 0 131072 2302125 2888 2888 2829
00000000 00000000 0 0 131072 2302135 2888 2888 2845
00000000 00000000 0 0 131072 2302145 2888 2888 2861
00000000 00000000 0 0 131072 2302155 2888 2888 2877
00000000 00000000 0 0 2097152 2104627 200814 44097 9654
00000000 00000000 0 0 2097152 2104627 200814 44097 9662
00000000 00000000 0 0 131072 2296913 9454 2888 2364
00000000 00000000 0 0 131072 2296994 9454 2888 2380
00000000 00000000 0 0 131072 2297004 9454 2888 2396
00000000 00000000 0 0 131072 2297587 9454 2888 1420
00000000 00000000 0 0 131072 2309377 2888 2888 2381
00000000 00000000 0 0 131072 2309458 2888 2888 2397
00000000 00000000 0 0 131072 2310051 2888 2888 1437
00000000 00000000 0 0 2097152 2107686 205901 44097 8692
00000000 00000000 0 0 2097152 2107686 205901 44097 8700
00000000 00000000 0 0 131072 2306481 9652 2888 2830
00000000 00000000 0 0 131072 2308023 9652 2888 2846
00000000 00000000 0 0 131072 2308033 9652 2888 2862
00000000 00000000 0 0 131072 2308043 9652 2888 2878
00000000 00000000 0 0 131072 2315275 2888 2888 2398
00000000 00000000 0 0 131072 2230038 88410 15132 1377
00000000 00000000 0 0 131072 2230108 88410 15132 1393
00000000 00000000 0 0 131072 2230118 88410 15132 1409
00000000 00000000 0 0 131072 2230128 88410 15132 1425
00000000 00000000 0 0 131072 2319143 2888 2888 2847
00000000 00000000 0 0 131072 2320685 2888 2888 2863
00000000 00000000 0 0 131072 2320695 2888 2888 2879
00000000 00000000 0 0 131072 2321458 2888 2888 1402
00000000 00000000 0 0 131072 2321528 2888 2888 1418
00000000 00000000 0 0 131072 2321538 2888 2888 1434
00000000 00000000 0 0 2097152 2082021 244605 44097 8211
00000000 00000000 0 0 2097152 2082021 244605 44097 8219
00000000 00000000 0 0 131072 2325041 2888 2888 2856
00000000 00000000 0 0 131072 2250982 79149 15132 3317
00000000 00000000 0 0 131072 2251846 79149 15132 3333
00000000 00000000 0 0 131072 2251856 79149 15132 3349
00000000 00000000 0 0 131072 2326583 5751 2888 2872
00000000 00000000 0 0 131072 2327356 6294 2888 1419
00000000 00000000 0 0 131072 2327426 6294 2888 1435
00000000 00000000 0 0 131072 2330939 2888 2888 2873
00000000 00000000 0 0 2097152 2137362 197234 44097 9668
00000000 00000000 0 0 2097152 2137362 197234 44097 9676
00000000 00000000 0 0 131072 2333141 2888 2888 3342
00000000 00000000 0 0 131072 2334005 2888 2888 3358
00000000 00000000 0 0 2097152 2134950 204061 44097 8706
00000000 00000000 0 0 2097152 2134950 204061 44097 8714
00000000 00000000 0 0 2097152 2136043 203134 44097 7744
00000000 00000000 0 0 2097152 2136043 203134 44097 7752
00000000 00000000 0 0 131072 2339039 2888 2888 3359
00000000 00000000 0 0 2097152 2112752 230391 44097 11089
00000000 00000000 0 0 2097152 2112752 230391 44097 11097
00000000 00000000 0 0 131072 2336660 6860 2888 1436
00000000 00000000 0 0 2097152 2144353 200435 44097 10630
00000000 00000000 0 0 2097152 2144353 200435 44097 10638
00000000 00000000 0 0 2097152 2222021 131380 48037 9186
00000000 00000000 0 0 2097152 2222021 131380 48037 9194
00000000 00000000 0 0 2097152 2215185 150210 48037 7751
00000000 00000000 0 0 2097152 2215185 150210 48037 7759
00000000 00000000 0 0 2097152 2218001 148222 48037 9667
00000000 00000000 0 0 2097152 2218001 148222 48037 9675
00000000 00000000 0 0 2097152 2222021 145738 48037 11110
00000000 00000000 0 0 2097152 2222021 145738 48037 11118
00000000 00000000 0 0 2097152 2134671 235040 44097 8225
00000000 00000000 0 0 2097152 2134671 235040 44097 8233
00000000 00000000 0 0 2097152 2131915 238437 44097 9173
00000000 00000000 0 0 2097152 2131915 238437 44097 9181
00000000 00000000 0 0 2097152 2182041 189806 44097 10150
00000000 00000000 0 0 2097152 2182041 189806 44097 10158
00000000 00000000 0 0 2097152 2223276 151008 48037 10629
00000000 00000000 0 0 2097152 2223276 151008 48037 10637
00000000 00000000 0 0 2097152 2137933 237404 44097 11119
00000000 00000000 0 0 2097152 2137933 237405 44097 11111
00000000 00000000 0 0 2097152 2138706 238437 44097 10149
00000000 00000000 0 0 2097152 2138706 238437 44097 10157
00000000 00000000 0 0 2097152 2221670 158178 48037 8705
00000000 00000000 0 0 2097152 2221670 158178 48037 8713
00000000 00000000 0 0 2097152 2187347 194071 44097 9188
00000000 00000000 0 0 2097152 2187347 194071 44097 9196
00000000 00000000 0 0 2097152 2137600 251411 44097 9187
00000000 00000000 0 0 2097152 2137600 251411 44097 9195
00000000 00000000 0 0 2097152 2258160 132742 48037 8224
00000000 00000000 0 0 2097152 2258160 132742 48037 8232
00000000 00000000 0 0 2097152 2184598 217320 44097 7745
00000000 00000000 0 0 2097152 2184598 217320 44097 7753
00000000 00000000 0 0 2097152 2256946 149547 48037 10148
00000000 00000000 0 0 2097152 2256946 149547 48037 10156
00000000 00000000 0 0 2097152 2185190 230525 44097 9669
00000000 00000000 0 0 2097152 2185190 230525 44097 9677
00000000 00000000 0 0 2097152 2198988 216955 44097 11104
00000000 00000000 0 0 2097152 2198988 216955 44097 11112
00000000 00000000 0 0 2097152 2171022 245889 44097 10631
00000000 00000000 0 0 2097152 2171022 245889 44097 10639
00000000 00000000 0 0 2097152 2181265 237366 44097 8707
00000000 00000000 0 0 2097152 2181265 237366 44097 8715
00000000 00000000 0 0 2097152 2188833 235577 44097 8226
00000000 00000000 0 0 2097152 2188833 235577 44097 8234
00000000 00000000 0 0 2097152 2222021 205431 44097 7750
00000000 00000000 0 0 2097152 2222021 205431 44097 7758
00000000 00000000 0 0 2097152 2222021 205431 44097 8230
00000000 00000000 0 0 2097152 2222021 205431 44097 8238
00000000 00000000 0 0 2097152 2222021 205431 44097 8710
00000000 00000000 0 0 2097152 2222021 205431 44097 8718
00000000 00000000 0 0 2097152 2222021 223165 44097 9666
00000000 00000000 0 0 2097152 2222021 223165 44097 9674
00000000 00000000 0 0 2097152 2222021 223165 44097 10146
00000000 00000000 0 0 2097152 2222021 223165 44097 10154
00000000 00000000 0 0 2097152 2222021 223165 44097 10626
00000000 00000000 0 0 2097152 2222021 223165 44097 10634
00000000 00000000 0 0 2097152 2221670 224110 44097 9185
00000000 00000000 0 0 2097152 2221670 224110 44097 9193
00000000 00000000 0 0 2097152 2221670 224110 44097 9665
00000000 00000000 0 0 2097152 2221670 224110 44097 9673
00000000 00000000 0 0 2097152 2221670 224110 44097 10145
00000000 00000000 0 0 2097152 2221670 224110 44097 10153
00000000 00000000 0 0 2097152 2215185 231502 44097 8231
00000000 00000000 0 0 2097152 2215185 231502 44097 8239
00000000 00000000 0 0 2097152 2215185 231502 44097 8711
00000000 00000000 0 0 2097152 2215185 231502 44097 8719
00000000 00000000 0 0 2097152 2215185 231502 44097 9191
00000000 00000000 0 0 2097152 2215185 231502 44097 9199
00000000 00000000 0 0 2097152 2223276 225735 44097 7749
00000000 00000000 0 0 2097152 2223276 225735 44097 7757
00000000 00000000 0 0 2097152 2223276 225735 44097 8229
00000000 00000000 0 0 2097152 2223276 225735 44097 8237
00000000 00000000 0 0 2097152 2223276 225735 44097 11109
00000000 00000000 0 0 2097152 2223276 225735 44097 11117
00000000 00000000 0 0 2097152 2256631 206748 44097 11105
00000000 00000000 0 0 2097152 2256631 206748 44097 11113
00000000 00000000 0 0 2097152 2256946 211849 44097 7748
00000000 00000000 0 0 2097152 2256946 211849 44097 7756
00000000 00000000 0 0 2097152 2256946 211849 44097 10628
00000000 00000000 0 0 2097152 2256946 211849 44097 10636
00000000 00000000 0 0 2097152 2256946 211849 44097 11108
00000000 00000000 0 0 2097152 2256946 211849 44097 11116
00000000 00000000 0 0 2097152 2218001 256823 44097 10147
00000000 00000000 0 0 2097152 2218001 256823 44097 10155
00000000 00000000 0 0 2097152 2218001 256823 44097 10627
00000000 00000000 0 0 2097152 2218001 256823 44097 10635
00000000 00000000 0 0 2097152 2218001 256823 44097 11107
00000000 00000000 0 0 2097152 2218001 256823 44097 11115
00000000 00000000 0 0 2097152 2268758 211080 44097 9189
00000000 00000000 0 0 2097152 2268758 211080 44097 9197
00000000 00000000 0 0 2097152 2304175 184836 44097 10625
00000000 00000000 0 0 2097152 2304175 184836 44097 10633
00000000 00000000 0 0 2097152 2274234 217504 44097 10151
00000000 00000000 0 0 2097152 2274234 217504 44097 10159
00000000 00000000 0 0 2097152 2258160 242898 44097 8704
00000000 00000000 0 0 2097152 2258160 242898 44097 8712
00000000 00000000 0 0 2097152 2258160 242898 44097 9184
00000000 00000000 0 0 2097152 2258160 242898 44097 9192
00000000 00000000 0 0 2097152 2258160 242898 44097 9664
00000000 00000000 0 0 2097152 2258160 242898 44097 9672
00000000 00000000 0 0 2097152 2258520 242898 44097 10624
00000000 00000000 0 0 2097152 2258520 242898 44097 10632
00000000 00000000 0 0 2097152 2300213 211989 44097 9670
00000000 00000000 0 0 2097152 2300213 211989 44097 9678
00000000 00000000 0 0 2097152 2342187 171424 44097 7761
00000000 00000000 0 0 2097152 2342187 171424 44097 7769
00000000 00000000 0 0 2097152 2292021 223150 44097 8708
00000000 00000000 0 0 2097152 2292021 223150 44097 8716
00000000 00000000 0 0 2097152 2292021 226990 44097 8227
00000000 00000000 0 0 2097152 2292021 226990 44097 8235
00000000 00000000 0 0 2097152 2300718 223445 44097 7747
00000000 00000000 0 0 2097152 2300718 223445 44097 7755
00000000 00000000 0 0 2097152 2308451 220422 44097 9671
00000000 00000000 0 0 2097152 2308451 220422 44097 9679
00000000 00000000 0 0 2097152 2316597 218640 44097 8709
00000000 00000000 0 0 2097152 2316597 218640 44097 8717
00000000 00000000 0 0 2097152 2329636 205932 44097 8228
00000000 00000000 0 0 2097152 2329636 205932 44097 8236
00000000 00000000 0 0 2097152 2292021 250331 44097 7746
00000000 00000000 0 0 2097152 2292021 250331 44097 7754
00000000 00000000 0 0 2097152 2303185 240526 44097 10144
00000000 00000000 0 0 2097152 2303185 240526 44097 10152
00000000 00000000 0 0 2097152 2342021 205247 44097 8723
00000000 00000000 0 0 2097152 2342021 205247 44097 8731
00000000 00000000 0 0 2097152 2356411 199585 44097 9203
00000000 00000000 0 0 2097152 2356411 199585 44097 9211
00000000 00000000 0 0 2097152 2347798 210017 44097 10647
00000000 00000000 0 0 2097152 2347798 210017 44097 10655
00000000 00000000 0 0 2097152 2337606 221405 44097 9685
00000000 00000000 0 0 2097152 2337606 221405 44097 9693
00000000 00000000 0 0 2097152 2430462 129915 48037 7767
00000000 00000000 0 0 2097152 2430462 129915 48037 7775
00000000 00000000 0 0 2097152 2370769 191658 44097 11127
00000000 00000000 0 0 2097152 2370769 191658 44097 11135
00000000 00000000 0 0 2097152 2374857 191658 44097 10167
00000000 00000000 0 0 2097152 2374857 191658 44097 10175
00000000 00000000 0 0 2097152 2393912 180144 44097 8241
00000000 00000000 0 0 2097152 2393912 180144 44097 8249
00000000 00000000 0 0 2097152 2448196 129341 48037 9683
00000000 00000000 0 0 2097152 2448196 129341 48037 9691
00000000 00000000 0 0 2097152 2448790 129695 48037 9202
00000000 00000000 0 0 2097152 2448790 129695 48037 9210
00000000 00000000 0 0 2097152 2449697 129147 48037 8240
00000000 00000000 0 0 2097152 2449697 129147 48037 8248
00000000 00000000 0 0 2097152 2452021 129982 48037 11126
00000000 00000000 0 0 2097152 2452021 129982 48037 11134
00000000 00000000 0 0 2097152 2430462 155716 44097 8247
00000000 00000000 0 0 2097152 2430462 155716 44097 8255
00000000 00000000 0 0 2097152 2430462 155716 44097 8727
00000000 00000000 0 0 2097152 2430462 155716 44097 8735
00000000 00000000 0 0 2097152 2384428 202368 44097 9205
00000000 00000000 0 0 2097152 2384428 202368 44097 9213
00000000 00000000 0 0 2097152 2418953 170486 44097 11121
00000000 00000000 0 0 2097152 2418953 170486 44097 11129
00000000 00000000 0 0 2097152 2373362 222121 44097 9190
00000000 00000000 0 0 2097152 2373362 222121 44097 9198
00000000 00000000 0 0 2097152 2409503 189508 44097 10165
00000000 00000000 0 0 2097152 2409503 189508 44097 10173
00000000 00000000 0 0 2097152 2471805 129421 48037 10645
00000000 00000000 0 0 2097152 2471805 129421 48037 10653
00000000 00000000 0 0 2097152 2477834 130009 48037 10164
00000000 00000000 0 0 2097152 2477834 130009 48037 10172
00000000 00000000 0 0 2097152 2427420 186873 44097 8243
00000000 00000000 0 0 2097152 2427420 186873 44097 8251
00000000 00000000 0 0 2097152 2346153 268457 44097 11106
00000000 00000000 0 0 2097152 2346153 268457 44097 11114
00000000 00000000 0 0 2097152 2369233 247521 44097 9684
00000000 00000000 0 0 2097152 2369233 247521 44097 9692
00000000 00000000 0 0 2097152 2377294 247145 44097 10646
00000000 00000000 0 0 2097152 2377294 247145 44097 10654
00000000 00000000 0 0 2097152 2448196 177133 44097 10163
00000000 00000000 0 0 2097152 2448196 177133 44097 10171
00000000 00000000 0 0 2097152 2448196 177133 44097 10643
00000000 00000000 0 0 2097152 2448196 177133 44097 10651
00000000 00000000 0 0 2097152 2380153 246333 44097 10166
00000000 00000000 0 0 2097152 2380153 246333 44097 10174
00000000 00000000 0 0 2097152 2504068 129694 48037 8721
00000000 00000000 0 0 2097152 2504068 129694 48037 8729
00000000 00000000 0 0 2097152 2372721 262874 44097 8242
00000000 00000000 0 0 2097152 2372721 262874 44097 8250
00000000 00000000 0 0 2097152 2368405 277317 44097 7760
00000000 00000000 0 0 2097152 2368405 277317 44097 7768
00000000 00000000 0 0 2097152 2382858 266631 44097 8722
00000000 00000000 0 0 2097152 2382858 266631 44097 8730
00000000 00000000 0 0 2097152 2378347 272230 44097 11128
00000000 00000000 0 0 2097152 2378348 272230 44097 11120
00000000 00000000 0 0 2097152 2392021 265892 44097 9204
00000000 00000000 0 0 2097152 2392021 265892 44097 9212
00000000 00000000 0 0 2097152 2471805 192856 44097 7765
00000000 00000000 0 0 2097152 2471805 192856 44097 7773
00000000 00000000 0 0 2097152 2471805 192856 44097 11125
00000000 00000000 0 0 2097152 2471805 192856 44097 11133
00000000 00000000 0 0 2097152 2515212 150523 44097 9687
00000000 00000000 0 0 2097152 2515212 150523 44097 9695
00000000 00000000 0 0 2097152 2404928 262662 44097 7762
00000000 00000000 0 0 2097152 2404928 262662 44097 7770
00000000 00000000 0 0 2097152 2418725 260277 44097 9686
00000000 00000000 0 0 2097152 2418725 260277 44097 9694
00000000 00000000 0 0 2097152 2421641 263279 44097 8724
00000000 00000000 0 0 2097152 2421641 263279 44097 8732
00000000 00000000 0 0 2097152 2504068 190245 44097 9201
00000000 00000000 0 0 2097152 2504068 190245 44097 9209
00000000 00000000 0 0 2097152 2504068 190245 44097 9681
00000000 00000000 0 0 2097152 2504068 190245 44097 9689
00000000 00000000 0 0 2097152 2504428 190245 44097 10641
00000000 00000000 0 0 2097152 2504428 190245 44097 10649
00000000 00000000 0 0 2097152 2448790 247756 44097 9682
00000000 00000000 0 0 2097152 2448790 247756 44097 9690
00000000 00000000 0 0 2097152 2448790 247756 44097 10162
00000000 00000000 0 0 2097152 2448790 247756 44097 10170
00000000 00000000 0 0 2097152 2419921 279698 44097 10640
00000000 00000000 0 0 2097152 2419921 279698 44097 10648
00000000 00000000 0 0 2097152 2452021 256990 44097 7766
00000000 00000000 0 0 2097152 2452021 256990 44097 7774
00000000 00000000 0 0 2097152 2452021 256990 44097 8246
00000000 00000000 0 0 2097152 2452021 256990 44097 8254
00000000 00000000 0 0 2097152 2518181 198302 44097 8725
00000000 00000000 0 0 2097152 2518181 198302 44097 8733
00000000 00000000 0 0 2097152 2589188 129975 48037 8256
00000000 00000000 0 0 2097152 2589188 129975 48037 8264
00000000 00000000 0 0 2097152 2449697 273351 44097 8720
00000000 00000000 0 0 2097152 2449697 273351 44097 8728
00000000 00000000 0 0 2097152 2449697 273351 44097 9200
00000000 00000000 0 0 2097152 2449697 273351 44097 9208
00000000 00000000 0 0 2097152 2466389 260076 44097 11122
00000000 00000000 0 0 2097152 2466389 260076 44097 11130
00000000 00000000 0 0 2097152 2538578 190433 44097 8245
00000000 00000000 0 0 2097152 2538578 190433 44097 8253
00000000 00000000 0 0 2097152 2545362 184847 44097 7763
00000000 00000000 0 0 2097152 2545362 184847 44097 7771
00000000 00000000 0 0 2097152 2477834 252615 44097 10644
00000000 00000000 0 0 2097152 2477834 252615 44097 10652
00000000 00000000 0 0 2097152 2477834 252615 44097 11124
00000000 00000000 0 0 2097152 2477834 252615 44097 11132
00000000 00000000 0 0 2097152 2482848 255775 44097 9206
00000000 00000000 0 0 2097152 2482848 255775 44097 9214
00000000 00000000 0 0 2097152 2492021 246990 44097 10642
00000000 00000000 0 0 2097152 2492021 246990 44097 10650
00000000 00000000 0 0 2097152 2516621 235864 44097 7778
00000000 00000000 0 0 2097152 2516621 235864 44097 7786
00000000 00000000 0 0 2097152 2546721 207211 44097 10161
00000000 00000000 0 0 2097152 2546721 207211 44097 10169
00000000 00000000 0 0 2097152 2628339 130460 48037 10180
00000000 00000000 0 0 2097152 2628339 130460 48037 10188
00000000 00000000 0 0 2097152 2585013 176172 44097 11143
00000000 00000000 0 0 2097152 2585013 176173 44097 11151
00000000 00000000 0 0 2097152 2494748 268624 44097 10160
00000000 00000000 0 0 2097152 2494748 268624 44097 10168
00000000 00000000 0 0 2097152 2522021 251469 44097 8244
00000000 00000000 0 0 2097152 2522021 251469 44097 8252
00000000 00000000 0 0 2097152 2527173 251469 44097 7764
00000000 00000000 0 0 2097152 2527173 251469 44097 7772
00000000 00000000 0 0 2097152 2598493 183751 44097 9207
00000000 00000000 0 0 2097152 2598493 183751 44097 9215
00000000 00000000 0 0 2097152 2538247 248414 44097 8726
00000000 00000000 0 0 2097152 2538247 248414 44097 8734
00000000 00000000 0 0 2097152 2550278 237864 44097 8740
00000000 00000000 0 0 2097152 2550278 237864 44097 8748
00000000 00000000 0 0 2097152 2581854 207157 44097 8257
00000000 00000000 0 0 2097152 2581854 207157 44097 8265
00000000 00000000 0 0 2097152 2559006 230005 44097 9220
00000000 00000000 0 0 2097152 2559006 230005 44097 9228
00000000 00000000 0 0 2097152 2580547 215717 44097 9700
00000000 00000000 0 0 2097152 2580547 215717 44097 9708
00000000 00000000 0 0 2097152 2667671 130456 48037 11142
00000000 00000000 0 0 2097152 2667671 130456 48037 11150
00000000 00000000 0 0 2097152 2562021 236465 44097 9702
00000000 00000000 0 0 2097152 2562021 236465 44097 9710
00000000 00000000 0 0 2097152 2577066 222165 44097 8258
00000000 00000000 0 0 2097152 2577066 222165 44097 8266
00000000 00000000 0 0 2097152 2531883 269849 44097 9680
00000000 00000000 0 0 2097152 2531883 269849 44097 9688
00000000 00000000 0 0 2097152 2581495 221583 44097 9219
00000000 00000000 0 0 2097152 2581495 221583 44097 9227
00000000 00000000 0 0 2097152 2592449 214998 44097 11138
00000000 00000000 0 0 2097152 2592449 214998 44097 11146
00000000 00000000 0 0 2097152 2627449 180367 44097 10663
00000000 00000000 0 0 2097152 2627449 180367 44097 10671
00000000 00000000 0 0 2097152 2629496 178520 44097 10183
00000000 00000000 0 0 2097152 2629496 178520 44097 10191
00000000 00000000 0 0 2097152 2589806 219205 44097 9222
00000000 00000000 0 0 2097152 2589806 219205 44097 9230
00000000 00000000 0 0 2097152 2569525 243127 44097 10176
00000000 00000000 0 0 2097152 2569525 243127 44097 10184
00000000 00000000 0 0 2097152 2602021 212483 44097 10182
00000000 00000000 0 0 2097152 2602021 212483 44097 10190
00000000 00000000 0 0 2097152 2560825 255435 44097 10656
00000000 00000000 0 0 2097152 2560825 255435 44097 10664
00000000 00000000 0 0 2097152 2604236 212483 44097 10662
00000000 00000000 0 0 2097152 2604236 212483 44097 10670
00000000 00000000 0 0 2097152 2563387 255435 44097 7776
00000000 00000000 0 0 2097152 2563387 255435 44097 7784
00000000 00000000 0 0 2097152 2617303 201708 44097 8260
00000000 00000000 0 0 2097152 2617303 201708 44097 8268
00000000 00000000 0 0 2097152 2628339 190672 44097 10660
00000000 00000000 0 0 2097152 2628339 190672 44097 10668
00000000 00000000 0 0 2097152 2697323 130489 48037 9218
00000000 00000000 0 0 2097152 2697323 130489 48037 9226
00000000 00000000 0 0 2097152 2565437 263574 44097 11136
00000000 00000000 0 0 2097152 2565437 263574 44097 11144
00000000 00000000 0 0 2097152 2699556 130430 48037 9699
00000000 00000000 0 0 2097152 2699556 130430 48037 9707
00000000 00000000 0 0 2097152 2636772 193348 44097 8738
00000000 00000000 0 0 2097152 2636772 193348 44097 8746
00000000 00000000 0 0 2097152 2589188 245704 44097 8736
00000000 00000000 0 0 2097152 2589188 245704 44097 8744
00000000 00000000 0 0 2097152 2667671 170869 44097 7782
00000000 00000000 0 0 2097152 2667671 170869 44097 7790
00000000 00000000 0 0 2097152 2712021 130445 48037 7783
00000000 00000000 0 0 2097152 2712021 130445 48037 7791
00000000 00000000 0 0 2097152 2719493 133539 44097 8742
00000000 00000000 0 0 2097152 2719493 133539 44097 8750
00000000 00000000 0 0 2097152 2732021 125905 44097 8262
00000000 00000000 0 0 2097152 2732021 125905 44097 8270
00000000 00000000 0 0 2097152 2697323 165526 44097 9698
00000000 00000000 0 0 2097152 2697323 165526 44097 9706
00000000 00000000 0 0 2097152 2697683 165526 44097 10658
00000000 00000000 0 0 2097152 2697683 165526 44097 10666
00000000 00000000 0 0 2097152 2733219 136183 44097 7780
00000000 00000000 0 0 2097152 2733219 136183 44097 7788
00000000 00000000 0 0 2097152 2610853 259492 44097 10181
00000000 00000000 0 0 2097152 2610853 259492 44097 10189
00000000 00000000 0 0 2097152 2726058 146372 48037 8737
00000000 00000000 0 0 2097152 2726058 146372 48037 8745
00000000 00000000 0 0 2097152 2619764 258423 44097 9701
00000000 00000000 0 0 2097152 2619764 258423 44097 9709
00000000 00000000 0 0 2097152 2733459 147053 48037 10661
00000000 00000000 0 0 2097152 2733459 147053 48037 10669
00000000 00000000 0 0 2097152 2668745 220266 44097 9696
00000000 00000000 0 0 2097152 2668745 220266 44097 9704
00000000 00000000 0 0 2097152 2756942 145971 44097 10178
00000000 00000000 0 0 2097152 2756942 145971 44097 10186
00000000 00000000 0 0 2097152 2648732 256120 44097 7777
00000000 00000000 0 0 2097152 2648732 256120 44097 7785
00000000 00000000 0 0 2097152 2653587 253794 44097 11145
00000000 00000000 0 0 2097152 2653588 253794 44097 11137
00000000 00000000 0 0 2097152 2806088 104054 44097 9236
00000000 00000000 0 0 2097152 2806088 104054 44097 9244
00000000 00000000 0 0 2097152 2832996 86015 44097 9716
00000000 00000000 0 0 2097152 2832996 86015 44097 9724
00000000 00000000 0 0 2097152 2682012 253158 44097 9703
00000000 00000000 0 0 2097152 2682012 253158 44097 9711
00000000 00000000 0 0 2097152 2617620 318265 44097 11123
00000000 00000000 0 0 2097152 2617620 318265 44097 11131
00000000 00000000 0 0 2097152 2638605 300584 44097 8259
00000000 00000000 0 0 2097152 2638605 300584 44097 8267
00000000 00000000 0 0 2097152 2660923 281200 44097 9221
00000000 00000000 0 0 2097152 2660923 281200 44097 9229
00000000 00000000 0 0 2097152 2792021 151240 44097 8274
00000000 00000000 0 0 2097152 2792021 151240 44097 8282
00000000 00000000 0 0 2097152 2764195 198902 44097 11152
00000000 00000000 0 0 2097152 2764196 198902 44097 11160
00000000 00000000 0 0 2097152 2702629 260987 44097 10657
00000000 00000000 0 0 2097152 2702629 260987 44097 10665
00000000 00000000 0 0 2097152 2712021 251899 44097 8263
00000000 00000000 0 0 2097152 2712021 251899 44097 8271
00000000 00000000 0 0 2097152 2652499 312127 44097 8739
00000000 00000000 0 0 2097152 2652499 312127 44097 8747
00000000 00000000 0 0 2097152 2785254 193641 44097 9216
00000000 00000000 0 0 2097152 2785254 193641 44097 9224
00000000 00000000 0 0 2097152 2722173 257293 44097 8273
00000000 00000000 0 0 2097152 2722173 257293 44097 8281
00000000 00000000 0 0 2097152 2670600 309034 44097 7779
00000000 00000000 0 0 2097152 2670600 309034 44097 7787
00000000 00000000 0 0 2097152 2822021 158923 48037 10677
00000000 00000000 0 0 2097152 2822021 158923 48037 10685
00000000 00000000 0 0 2097152 2726058 257293 44097 9217
00000000 00000000 0 0 2097152 2726058 257293 44097 9225
00000000 00000000 0 0 2097152 2687930 298151 44097 8741
00000000 00000000 0 0 2097152 2687930 298151 44097 8749
00000000 00000000 0 0 2097152 2811026 177985 44097 10192
00000000 00000000 0 0 2097152 2811026 177985 44097 10200
00000000 00000000 0 0 2097152 2810826 178185 44097 10672
00000000 00000000 0 0 2097152 2810826 178185 44097 10680
00000000 00000000 0 0 2097152 2741633 252822 44097 9223
00000000 00000000 0 0 2097152 2741633 252822 44097 9231
00000000 00000000 0 0 2097152 2841550 154632 48037 7799
00000000 00000000 0 0 2097152 2841550 154632 48037 7807
00000000 00000000 0 0 2097152 2837902 161109 48037 8753
00000000 00000000 0 0 2097152 2837902 161109 48037 8761
00000000 00000000 0 0 2097152 2845476 158281 44097 7792
00000000 00000000 0 0 2097152 2845476 158281 44097 7800
00000000 00000000 0 0 2097152 2699556 308988 44097 10179
00000000 00000000 0 0 2097152 2699556 308988 44097 10187
00000000 00000000 0 0 2097152 2865859 157625 48037 9715
00000000 00000000 0 0 2097152 2865859 157625 48037 9723
00000000 00000000 0 0 2097152 2873355 153930 44097 10198
00000000 00000000 0 0 2097152 2873355 153930 44097 10206
00000000 00000000 0 0 2097152 2729475 299295 44097 11139
00000000 00000000 0 0 2097152 2729475 299295 44097 11147
00000000 00000000 0 0 2097152 2789671 242257 44097 8743
00000000 00000000 0 0 2097152 2789671 242257 44097 8751
00000000 00000000 0 0 2097152 2742021 290612 44097 10659
00000000 00000000 0 0 2097152 2742021 290612 44097 10667
00000000 00000000 0 0 2097152 2812021 222915 44097 9239
00000000 00000000 0 0 2097152 2812021 222915 44097 9247
00000000 00000000 0 0 2097152 2801137 234649 44097 11159
00000000 00000000 0 0 2097152 2801137 234649 44097 11167
00000000 00000000 0 0 2097152 2881197 154845 44097 9718
00000000 00000000 0 0 2097152 2881197 154845 44097 9726
00000000 00000000 0 0 2097152 2801496 234649 44097 9719
00000000 00000000 0 0 2097152 2801496 234649 44097 9727
00000000 00000000 0 0 2097152 2819729 216675 44097 10679
00000000 00000000 0 0 2097152 2819729 216675 44097 10687
00000000 00000000 0 0 2097152 2883522 154845 44097 10678
00000000 00000000 0 0 2097152 2883522 154845 44097 10686
00000000 00000000 0 0 2097152 2755495 283259 44097 7795
00000000 00000000 0 0 2097152 2755495 283259 44097 7803
00000000 00000000 0 0 2097152 2733459 305634 44097 11141
00000000 00000000 0 0 2097152 2733459 305634 44097 11149
00000000 00000000 0 0 2097152 2875440 164697 44097 8754
00000000 00000000 0 0 2097152 2875440 164697 44097 8762
00000000 00000000 0 0 2097152 2817514 222915 44097 10199
00000000 00000000 0 0 2097152 2817514 222915 44097 10207
00000000 00000000 0 0 2097152 2799274 257593 44097 9717
00000000 00000000 0 0 2097152 2799274 257593 44097 9725
00000000 00000000 0 0 2097152 2761809 295532 44097 10197
00000000 00000000 0 0 2097152 2761809 295532 44097 10205
00000000 00000000 0 0 2097152 2791152 268356 44097 8757
00000000 00000000 0 0 2097152 2791152 268356 44097 8765
00000000 00000000 0 0 2097152 2781652 278584 44097 7781
00000000 00000000 0 0 2097152 2781652 278584 44097 7789
00000000 00000000 0 0 2097152 2792021 268356 44097 9237
00000000 00000000 0 0 2097152 2792021 268356 44097 9245
00000000 00000000 0 0 2097152 2776500 287735 44097 8261
00000000 00000000 0 0 2097152 2776500 287735 44097 8269
00000000 00000000 0 0 2097152 2766382 301998 44097 10177
00000000 00000000 0 0 2097152 2766382 301998 44097 10185
00000000 00000000 0 0 2097152 2822021 246990 44097 8277
00000000 00000000 0 0 2097152 2822021 246990 44097 8285
00000000 00000000 0 0 2097152 2860936 208394 44097 8279
00000000 00000000 0 0 2097152 2860936 208394 44097 8287
00000000 00000000 0 0 2097152 2856042 214816 44097 8759
00000000 00000000 0 0 2097152 2856042 214816 44097 8767
00000000 00000000 0 0 2097152 2907862 167150 44097 7794
00000000 00000000 0 0 2097152 2907862 167150 44097 7802
00000000 00000000 0 0 2097152 2872412 206599 44097 7797
00000000 00000000 0 0 2097152 2872412 206599 44097 7805
00000000 00000000 0 0 2097152 2892839 188330 44097 11530
00000000 00000000 0 0 2097152 2892839 188330 44097 12010
00000000 00000000 0 0 2097152 2892839 188330 44097 12490
00000000 00000000 0 0 2097152 2892839 188330 44097 13450
00000000 00000000 0 0 2097152 2892839 188330 44097 13930
00000000 00000000 0 0 2097152 2892839 188330 44097 14410
00000000 00000000 0 0 2097152 2892839 188330 44097 14890
00000000 00000000 0 0 2097152 2892839 189289 44097 11529
00000000 00000000 0 0 2097152 2892839 189289 44097 12009
00000000 00000000 0 0 2097152 2892839 189289 44097 12969
00000000 00000000 0 0 2097152 2892839 189289 44097 13449
00000000 00000000 0 0 2097152 2892839 189289 44097 13929
00000000 00000000 0 0 2097152 2892839 189289 44097 14409
00000000 00000000 0 0 2097152 2892839 189289 44097 14889
00000000 00000000 0 0 2097152 2892732 189541 44097 11531
00000000 00000000 0 0 2097152 2892732 189541 44097 12011
00000000 00000000 0 0 2097152 2892732 189541 44097 12491
00000000 00000000 0 0 2097152 2892732 189541 44097 12971
00000000 00000000 0 0 2097152 2892732 189541 44097 13931
00000000 00000000 0 0 2097152 2892732 189541 44097 14411
00000000 00000000 0 0 2097152 2892732 189541 44097 14891
00000000 00000000 0 0 2097152 2895905 188412 44097 11534
00000000 00000000 0 0 2097152 2895905 188412 44097 12014
00000000 00000000 0 0 2097152 2895905 188412 44097 12494
00000000 00000000 0 0 2097152 2895905 188412 44097 12974
00000000 00000000 0 0 2097152 2895905 188412 44097 13454
00000000 00000000 0 0 2097152 2895905 188412 44097 13934
00000000 00000000 0 0 2097152 2895905 188412 44097 14414
00000000 00000000 0 0 2097152 2802241 284594 44097 8275
00000000 00000000 0 0 2097152 2802241 284594 44097 8283
00000000 00000000 0 0 2097152 2810457 278138 44097 11155
00000000 00000000 0 0 2097152 2810457 278138 44097 11163
00000000 00000000 0 0 2097152 2902532 186094 44097 11532
00000000 00000000 0 0 2097152 2902532 186094 44097 12012
00000000 00000000 0 0 2097152 2902532 186094 44097 12492
00000000 00000000 0 0 2097152 2902532 186094 44097 12972
00000000 00000000 0 0 2097152 2902532 186094 44097 13452
00000000 00000000 0 0 2097152 2902532 186094 44097 14412
00000000 00000000 0 0 2097152 2902532 186094 44097 14892
00000000 00000000 0 0 2097152 2913152 175859 44097 9253
00000000 00000000 0 0 2097152 2913152 175859 44097 9261
00000000 00000000 0 0 2097152 2922021 166990 44097 9733
00000000 00000000 0 0 2097152 2922021 166990 44097 9741
00000000 00000000 0 0 2097152 2900939 188074 44097 11528
00000000 00000000 0 0 2097152 2900939 188074 44097 12488
00000000 00000000 0 0 2097152 2900939 188074 44097 12968
00000000 00000000 0 0 2097152 2900939 188074 44097 13448
00000000 00000000 0 0 2097152 2900939 188074 44097 13928
00000000 00000000 0 0 2097152 2900939 188074 44097 14408
00000000 00000000 0 0 2097152 2900939 188074 44097 14888
00000000 00000000 0 0 2097152 2910391 180953 44097 11162
00000000 00000000 0 0 2097152 2910392 180953 44097 11154
00000000 00000000 0 0 2097152 2902532 188930 44097 11533
00000000 00000000 0 0 2097152 2902532 188930 44097 12013
00000000 00000000 0 0 2097152 2902532 188930 44097 12493
00000000 00000000 0 0 2097152 2902532 188930 44097 12973
00000000 00000000 0 0 2097152 2902532 188930 44097 13453
00000000 00000000 0 0 2097152 2902532 188930 44097 13933
00000000 00000000 0 0 2097152 2902532 188930 44097 14893
00000000 00000000 0 0 2097152 2830822 260839 44097 9235
00000000 00000000 0 0 2097152 2830822 260839 44097 9243
00000000 00000000 0 0 2097152 2833130 260839 44097 8755
00000000 00000000 0 0 2097152 2833130 260839 44097 8763
00000000 00000000 0 0 2097152 2819270 280178 44097 10673
00000000 00000000 0 0 2097152 2819270 280178 44097 10681
00000000 00000000 0 0 2097152 2804742 296148 44097 9697
00000000 00000000 0 0 2097152 2804742 296148 44097 9705
00000000 00000000 0 0 2097152 2832021 269700 44097 11153
00000000 00000000 0 0 2097152 2832021 269700 44097 11161
00000000 00000000 0 0 2097152 2821832 280178 44097 7793
00000000 00000000 0 0 2097152 2821832 280178 44097 7801
00000000 00000000 0 0 2097152 2815662 289047 44097 10193
00000000 00000000 0 0 2097152 2815662 289047 44097 10201
00000000 00000000 0 0 2097152 2866219 242792 44097 10675
00000000 00000000 0 0 2097152 2866219 242792 44097 10683
00000000 00000000 0 0 2097152 2905923 221945 44097 10195
00000000 00000000 0 0 2097152 2905923 221945 44097 10203
00000000 00000000 0 0 2097152 2892021 246575 44097 9713
00000000 00000000 0 0 2097152 2892021 246575 44097 9721
00000000 00000000 0 0 2097152 2938180 213840 44097 9712
00000000 00000000 0 0 2097152 2938180 213840 44097 9720
00000000 00000000 0 0 2097152 2900939 252983 44097 12015
00000000 00000000 0 0 2097152 2900939 252983 44097 12495
00000000 00000000 0 0 2097152 2900939 252983 44097 12975
00000000 00000000 0 0 2097152 2900939 252983 44097 13455
00000000 00000000 0 0 2097152 2900939 252983 44097 13935
00000000 00000000 0 0 2097152 2900939 252983 44097 14415
00000000 00000000 0 0 2097152 2900939 252983 44097 14895
00000000 00000000 0 0 2097152 2946271 207978 44097 8291
00000000 00000000 0 0 2097152 2946271 207978 44097 8299
00000000 00000000 0 0 2097152 3039052 118874 44097 9743
00000000 00000000 0 0 2097152 3039052 118875 44097 9735
00000000 00000000 0 0 2097152 3041377 118874 44097 10703
00000000 00000000 0 0 2097152 3041377 118875 44097 10695
00000000 00000000 0 0 2097152 3030295 130380 44097 10215
00000000 00000000 0 0 2097152 3030295 130380 44097 10223
00000000 00000000 0 0 2097152 2966930 195031 48037 8272
00000000 00000000 0 0 2097152 2966930 195031 48037 8280
00000000 00000000 0 0 2097152 2986361 180481 48037 9234
00000000 00000000 0 0 2097152 2986361 180481 48037 9242
00000000 00000000 0 0 2097152 2966626 224119 44097 10674
00000000 00000000 0 0 2097152 2966626 224119 44097 10682
00000000 00000000 0 0 2097152 2945133 254671 44097 9238
00000000 00000000 0 0 2097152 2945133 254671 44097 9246
00000000 00000000 0 0 2097152 2966107 234464 44097 11169
00000000 00000000 0 0 2097152 2966108 234464 44097 11177
00000000 00000000 0 0 2097152 2982476 222477 44097 8290
00000000 00000000 0 0 2097152 2982476 222477 44097 8298
00000000 00000000 0 0 2097152 2981905 226574 44097 9233
00000000 00000000 0 0 2097152 2981905 226574 44097 9241
00000000 00000000 0 0 2097152 2992021 223265 44097 10209
00000000 00000000 0 0 2097152 2992021 223265 44097 10217
00000000 00000000 0 0 2097152 2992021 223265 44097 10689
00000000 00000000 0 0 2097152 2992021 223265 44097 10697
00000000 00000000 0 0 2097152 3043147 172634 44097 8771
00000000 00000000 0 0 2097152 3043147 172634 44097 8779
00000000 00000000 0 0 2097152 3006767 212244 44097 7809
00000000 00000000 0 0 2097152 3006767 212244 44097 7817
00000000 00000000 0 0 2097152 3042103 188691 48037 11158
00000000 00000000 0 0 2097152 3042103 188691 48037 11166
00000000 00000000 0 0 2097152 3011554 220458 48037 10196
00000000 00000000 0 0 2097152 3011554 220458 48037 10204
00000000 00000000 0 0 2097152 2983954 264181 44097 10694
00000000 00000000 0 0 2097152 2983954 264181 44097 10702
00000000 00000000 0 0 2097152 2942199 308017 44097 8276
00000000 00000000 0 0 2097152 2942199 308017 44097 8284
00000000 00000000 0 0 2097152 3078022 174978 44097 7811
00000000 00000000 0 0 2097152 3078022 174978 44097 7819
00000000 00000000 0 0 2097152 3084179 169281 44097 11547
00000000 00000000 0 0 2097152 3084179 169281 44097 12027
00000000 00000000 0 0 2097152 3084179 169281 44097 12507
00000000 00000000 0 0 2097152 3084179 169281 44097 13947
00000000 00000000 0 0 2097152 3084179 169281 44097 14427
00000000 00000000 0 0 2097152 3084179 169281 44097 14907
00000000 00000000 0 0 2097152 3085283 168966 44097 11548
00000000 00000000 0 0 2097152 3085283 168966 44097 12028
00000000 00000000 0 0 2097152 3085283 168966 44097 12508
00000000 00000000 0 0 2097152 3085283 168966 44097 12988
00000000 00000000 0 0 2097152 3085283 168966 44097 14428
00000000 00000000 0 0 2097152 3085283 168966 44097 14908
00000000 00000000 0 0 2097152 3085138 169210 44097 11546
00000000 00000000 0 0 2097152 3085138 169210 44097 12026
00000000 00000000 0 0 2097152 3085138 169210 44097 13466
00000000 00000000 0 0 2097152 3085138 169210 44097 13946
00000000 00000000 0 0 2097152 3085138 169210 44097 14426
00000000 00000000 0 0 2097152 3085138 169210 44097 14906
00000000 00000000 0 0 2097152 2938895 320672 44097 11140
00000000 00000000 0 0 2097152 2938895 320672 44097 11148
00000000 00000000 0 0 2097152 3091636 168730 44097 11549
00000000 00000000 0 0 2097152 3091636 168730 44097 12029
00000000 00000000 0 0 2097152 3091636 168730 44097 12509
00000000 00000000 0 0 2097152 3091636 168730 44097 12989
00000000 00000000 0 0 2097152 3091636 168730 44097 13469
00000000 00000000 0 0 2097152 3091636 168730 44097 14909
00000000 00000000 0 0 2097152 3092023 168581 44097 11545
00000000 00000000 0 0 2097152 3092023 168581 44097 12985
00000000 00000000 0 0 2097152 3092023 168581 44097 13465
00000000 00000000 0 0 2097152 3092023 168581 44097 13945
00000000 00000000 0 0 2097152 3092023 168581 44097 14425
00000000 00000000 0 0 2097152 3092023 168581 44097 14905
00000000 00000000 0 0 2097152 2989091 271652 44097 8758
00000000 00000000 0 0 2097152 2989091 271652 44097 8766
00000000 00000000 0 0 2097152 3094354 168143 44097 11179
00000000 00000000 0 0 2097152 3094355 168143 44097 11171
00000000 00000000 0 0 2097152 2967636 295037 44097 8756
00000000 00000000 0 0 2097152 2967636 295037 44097 8764
00000000 00000000 0 0 2097152 3094472 168606 44097 11550
00000000 00000000 0 0 2097152 3094472 168606 44097 12030
00000000 00000000 0 0 2097152 3094472 168606 44097 12510
00000000 00000000 0 0 2097152 3094472 168606 44097 12990
00000000 00000000 0 0 2097152 3094472 168606 44097 13470
00000000 00000000 0 0 2097152 3094472 168606 44097 13950
00000000 00000000 0 0 2097152 3002021 262617 44097 8770
00000000 00000000 0 0 2097152 3002021 262617 44097 8778
00000000 00000000 0 0 2097152 3072340 200937 48037 8288
00000000 00000000 0 0 2097152 3072340 200937 48037 8296
00000000 00000000 0 0 2097152 3155030 119378 44097 9729
00000000 00000000 0 0 2097152 3155030 119378 44097 9737
00000000 00000000 0 0 2097152 3164971 111709 44097 8289
00000000 00000000 0 0 2097152 3164971 111709 44097 8297
00000000 00000000 0 0 2097152 2999192 288504 44097 7808
00000000 00000000 0 0 2097152 2999192 288504 44097 7816
00000000 00000000 0 0 2097152 2997465 297356 44097 9232
00000000 00000000 0 0 2097152 2997465 297356 44097 9240
00000000 00000000 0 0 2097152 3039155 258097 44097 9728
00000000 00000000 0 0 2097152 3039155 258097 44097 9736
00000000 00000000 0 0 2097152 3039414 258097 44097 10688
00000000 00000000 0 0 2097152 3039414 258097 44097 10696
00000000 00000000 0 0 2097152 3043439 258097 44097 10208
00000000 00000000 0 0 2097152 3043439 258097 44097 10216
00000000 00000000 0 0 2097152 2982644 325062 44097 7796
00000000 00000000 0 0 2097152 2982644 325062 44097 7804
00000000 00000000 0 0 2097152 3034938 273572 44097 8752
00000000 00000000 0 0 2097152 3034938 273572 44097 8760
00000000 00000000 0 0 2097152 3073868 235143 44097 8768
00000000 00000000 0 0 2097152 3073868 235143 44097 8776
00000000 00000000 0 0 2097152 3037946 271065 44097 9248
00000000 00000000 0 0 2097152 3037946 271065 44097 9256
00000000 00000000 0 0 2097152 3038796 270215 44097 11168
00000000 00000000 0 0 2097152 3038796 270215 44097 11176
00000000 00000000 0 0 2097152 3202814 112020 44097 9255
00000000 00000000 0 0 2097152 3202814 112020 44097 9263
00000000 00000000 0 0 2097152 3092021 223501 44097 9270
00000000 00000000 0 0 2097152 3092021 223501 44097 9278
00000000 00000000 0 0 2097152 3092021 223501 44097 9750
00000000 00000000 0 0 2097152 3092021 223501 44097 9758
00000000 00000000 0 0 2097152 3082021 233912 44097 7814
00000000 00000000 0 0 2097152 3082021 233912 44097 7822
00000000 00000000 0 0 2097152 3072021 247599 44097 8294
00000000 00000000 0 0 2097152 3072021 247599 44097 8302
00000000 00000000 0 0 2097152 3156932 169468 44097 12504
00000000 00000000 0 0 2097152 3156932 169468 44097 12984
00000000 00000000 0 0 2097152 3156932 169468 44097 13464
00000000 00000000 0 0 2097152 3156932 169468 44097 13944
00000000 00000000 0 0 2097152 3156932 169468 44097 14424
00000000 00000000 0 0 2097152 3156932 169468 44097 14904
00000000 00000000 0 0 2097152 3059877 267630 44097 9734
00000000 00000000 0 0 2097152 3059877 267630 44097 9742
00000000 00000000 0 0 2097152 3060351 267630 44097 10214
00000000 00000000 0 0 2097152 3060351 267630 44097 10222
00000000 00000000 0 0 2097152 3169852 160206 44097 9251
00000000 00000000 0 0 2097152 3169852 160206 44097 9259
00000000 00000000 0 0 2097152 3062518 267630 44097 8774
00000000 00000000 0 0 2097152 3062518 267630 44097 8782
00000000 00000000 0 0 2097152 3063246 267630 44097 7798
00000000 00000000 0 0 2097152 3063246 267630 44097 7806
00000000 00000000 0 0 2097152 3063387 267630 44097 9254
00000000 00000000 0 0 2097152 3063387 267630 44097 9262
00000000 00000000 0 0 2097152 3067245 267630 44097 8278
00000000 00000000 0 0 2097152 3067245 267630 44097 8286
00000000 00000000 0 0 2097152 3087327 250109 44097 12031
00000000 00000000 0 0 2097152 3087327 250109 44097 12511
00000000 00000000 0 0 2097152 3087327 250109 44097 12991
00000000 00000000 0 0 2097152 3087327 250109 44097 13471
00000000 00000000 0 0 2097152 3087327 250109 44097 13951
00000000 00000000 0 0 2097152 3087327 250109 44097 14431
00000000 00000000 0 0 2097152 3193755 145256 44097 10691
00000000 00000000 0 0 2097152 3193755 145256 44097 10699
00000000 00000000 0 0 2097152 3207963 141005 44097 8307
00000000 00000000 0 0 2097152 3207963 141005 44097 8315
00000000 00000000 0 0 2097152 3160937 188074 44097 9744
00000000 00000000 0 0 2097152 3160936 188075 44097 9752
00000000 00000000 0 0 2097152 3163685 185326 44097 10224
00000000 00000000 0 0 2097152 3163685 185326 44097 10232
00000000 00000000 0 0 2097152 3163262 185749 44097 10704
00000000 00000000 0 0 2097152 3163261 185750 44097 10712
00000000 00000000 0 0 2097152 3130878 224658 48037 10212
00000000 00000000 0 0 2097152 3130878 224658 48037 10220
00000000 00000000 0 0 2097152 3267648 94460 44097 8787
00000000 00000000 0 0 2097152 3267648 94460 44097 8795
00000000 00000000 0 0 2097152 3026494 362250 44097 9732
00000000 00000000 0 0 2097152 3026494 362250 44097 9740
00000000 00000000 0 0 2097152 3031780 357115 44097 11156
00000000 00000000 0 0 2097152 3031780 357115 44097 11164
00000000 00000000 0 0 2097152 3041764 347559 44097 7812
00000000 00000000 0 0 2097152 3041764 347559 44097 7820
00000000 00000000 0 0 2097152 3071390 320339 44097 10194
00000000 00000000 0 0 2097152 3071390 320339 44097 10202
00000000 00000000 0 0 2097152 3035643 357115 44097 10676
00000000 00000000 0 0 2097152 3035643 357115 44097 10684
00000000 00000000 0 0 2097152 3235022 160716 44097 10213
00000000 00000000 0 0 2097152 3235022 160716 44097 10221
00000000 00000000 0 0 2097152 3257259 140762 44097 11565
00000000 00000000 0 0 2097152 3257259 140762 44097 12045
00000000 00000000 0 0 2097152 3257259 140762 44097 12525
00000000 00000000 0 0 2097152 3257259 140762 44097 13005
00000000 00000000 0 0 2097152 3257259 140762 44097 14925
00000000 00000000 0 0 2097152 3102458 301397 44097 10690
00000000 00000000 0 0 2097152 3102458 301397 44097 10698
00000000 00000000 0 0 2097152 3103900 301397 44097 9714
00000000 00000000 0 0 2097152 3103900 301397 44097 9722
00000000 00000000 0 0 2097152 3104731 301397 44097 11170
00000000 00000000 0 0 2097152 3104731 301397 44097 11178
00000000 00000000 0 0 2097152 3105020 301397 44097 7810
00000000 00000000 0 0 2097152 3105020 301397 44097 7818
00000000 00000000 0 0 2097152 3256470 149958 44097 11564
00000000 00000000 0 0 2097152 3256470 149958 44097 12044
00000000 00000000 0 0 2097152 3256470 149958 44097 12524
00000000 00000000 0 0 2097152 3256470 149958 44097 14444
00000000 00000000 0 0 2097152 3256470 149958 44097 14924
00000000 00000000 0 0 2097152 3317844 88798 44097 9264
00000000 00000000 0 0 2097152 3317844 88798 44097 9272
00000000 00000000 0 0 2097152 3257358 150003 44097 11563
00000000 00000000 0 0 2097152 3257358 150003 44097 12043
00000000 00000000 0 0 2097152 3257358 150003 44097 13963
00000000 00000000 0 0 2097152 3257358 150003 44097 14443
00000000 00000000 0 0 2097152 3257358 150003 44097 14923
00000000 00000000 0 0 2097152 3107719 305723 44097 10210
00000000 00000000 0 0 2097152 3107719 305723 44097 10218
00000000 00000000 0 0 2097152 3141606 271973 44097 9730
00000000 00000000 0 0 2097152 3141606 271973 44097 9738
00000000 00000000 0 0 2097152 3263614 155391 44097 11562
00000000 00000000 0 0 2097152 3263614 155391 44097 13482
00000000 00000000 0 0 2097152 3263614 155391 44097 13962
00000000 00000000 0 0 2097152 3263614 155391 44097 14442
00000000 00000000 0 0 2097152 3263614 155391 44097 14922
00000000 00000000 0 0 2097152 3211489 211635 48037 9250
00000000 00000000 0 0 2097152 3211489 211635 48037 9258
00000000 00000000 0 0 2097152 3112021 315438 44097 10692
00000000 00000000 0 0 2097152 3112021 315438 44097 10700
00000000 00000000 0 0 2097152 3089845 341517 44097 8292
00000000 00000000 0 0 2097152 3089845 341517 44097 8300
00000000 00000000 0 0 2097152 3091605 341517 44097 11172
00000000 00000000 0 0 2097152 3091605 341517 44097 11180
00000000 00000000 0 0 2097152 3094671 341517 44097 9252
00000000 00000000 0 0 2097152 3094671 341517 44097 9260
00000000 00000000 0 0 2097152 3096979 341517 44097 8772
00000000 00000000 0 0 2097152 3096979 341517 44097 8780
00000000 00000000 0 0 2097152 3266088 180185 44097 12047
00000000 00000000 0 0 2097152 3266088 180185 44097 12527
00000000 00000000 0 0 2097152 3266088 180185 44097 13007
00000000 00000000 0 0 2097152 3266088 180185 44097 13487
00000000 00000000 0 0 2097152 3266088 180185 44097 13967
00000000 00000000 0 0 2097152 3233804 213261 44097 11175
00000000 00000000 0 0 2097152 3233804 213261 44097 11183
00000000 00000000 0 0 2097152 3253226 195484 44097 8293
00000000 00000000 0 0 2097152 3253226 195484 44097 8301
00000000 00000000 0 0 2097152 3222021 226990 44097 7826
00000000 00000000 0 0 2097152 3222021 226990 44097 7834
00000000 00000000 0 0 2097152 3203581 245430 44097 11186
00000000 00000000 0 0 2097152 3203582 245429 44097 11194
00000000 00000000 0 0 2097152 3218296 231740 44097 10226
00000000 00000000 0 0 2097152 3218296 231740 44097 10234
00000000 00000000 0 0 2097152 3218296 231740 44097 10706
00000000 00000000 0 0 2097152 3218296 231740 44097 10714
00000000 00000000 0 0 2097152 3157259 296470 44097 8308
00000000 00000000 0 0 2097152 3157259 296470 44097 8316
00000000 00000000 0 0 2097152 3398748 71059 44097 10230
00000000 00000000 0 0 2097152 3398748 71059 44097 10238
00000000 00000000 0 0 2097152 3263376 206456 44097 11566
00000000 00000000 0 0 2097152 3263376 206456 44097 12046
00000000 00000000 0 0 2097152 3263376 206456 44097 12526
00000000 00000000 0 0 2097152 3263376 206456 44097 13006
00000000 00000000 0 0 2097152 3263376 206456 44097 13486
00000000 00000000 0 0 2097152 3251145 220767 44097 10711
00000000 00000000 0 0 2097152 3251145 220767 44097 10719
00000000 00000000 0 0 2097152 3279690 199321 44097 8306
00000000 00000000 0 0 2097152 3279690 199321 44097 8314
00000000 00000000 0 0 2097152 3277418 201593 44097 9746
00000000 00000000 0 0 2097152 3277418 201593 44097 9754
00000000 00000000 0 0 2097152 3329410 153454 44097 13001
00000000 00000000 0 0 2097152 3329410 153454 44097 13481
00000000 00000000 0 0 2097152 3329410 153454 44097 13961
00000000 00000000 0 0 2097152 3329410 153454 44097 14441
00000000 00000000 0 0 2097152 3329410 153454 44097 14921
00000000 00000000 0 0 2097152 3218791 274173 44097 8788
00000000 00000000 0 0 2097152 3218791 274173 44097 8796
00000000 00000000 0 0 2097152 3256010 247126 44097 7828
00000000 00000000 0 0 2097152 3256010 247126 44097 7836
00000000 00000000 0 0 2097152 3263753 245300 44097 8775
00000000 00000000 0 0 2097152 3263753 245300 44097 8783
00000000 00000000 0 0 2097152 3265507 244160 44097 11196
00000000 00000000 0 0 2097152 3265508 244160 44097 11188
00000000 00000000 0 0 2097152 3451720 71549 44097 8310
00000000 00000000 0 0 2097152 3451720 71549 44097 8318
00000000 00000000 0 0 2097152 3333068 195943 44097 9268
00000000 00000000 0 0 2097152 3333068 195943 44097 9276
00000000 00000000 0 0 2097152 3342021 189882 44097 10708
00000000 00000000 0 0 2097152 3342021 189882 44097 10716
00000000 00000000 0 0 2097152 3351978 183244 44097 8324
00000000 00000000 0 0 2097152 3351978 183244 44097 8332
00000000 00000000 0 0 2097152 3409438 130404 44097 11581
00000000 00000000 0 0 2097152 3409438 130404 44097 12061
00000000 00000000 0 0 2097152 3409438 130404 44097 12541
00000000 00000000 0 0 2097152 3409438 130404 44097 14941
00000000 00000000 0 0 2097152 3365118 174836 44097 8804
00000000 00000000 0 0 2097152 3365118 174836 44097 8812
00000000 00000000 0 0 2097152 3410371 130428 44097 11580
00000000 00000000 0 0 2097152 3410371 130428 44097 12060
00000000 00000000 0 0 2097152 3410371 130428 44097 14460
00000000 00000000 0 0 2097152 3410371 130428 44097 14940
00000000 00000000 0 0 2097152 3340446 205975 44097 12520
00000000 00000000 0 0 2097152 3340446 205975 44097 13000
00000000 00000000 0 0 2097152 3340446 205975 44097 13480
00000000 00000000 0 0 2097152 3340446 205975 44097 13960
00000000 00000000 0 0 2097152 3340446 205975 44097 14440
00000000 00000000 0 0 2097152 3422015 131433 44097 11579
00000000 00000000 0 0 2097152 3422015 131433 44097 13979
00000000 00000000 0 0 2097152 3422015 131433 44097 14459
00000000 00000000 0 0 2097152 3422015 131433 44097 14939
00000000 00000000 0 0 2097152 3450075 103707 44097 11184
00000000 00000000 0 0 2097152 3450075 103707 44097 11192
00000000 00000000 0 0 2097152 3300262 255276 44097 9745
00000000 00000000 0 0 2097152 3300262 255276 44097 9753
00000000 00000000 0 0 2097152 3300521 255276 44097 10705
00000000 00000000 0 0 2097152 3300521 255276 44097 10713
00000000 00000000 0 0 2097152 3312021 243811 44097 9265
00000000 00000000 0 0 2097152 3312021 243811 44097 9273
00000000 00000000 0 0 2097152 3312021 243811 44097 11185
00000000 00000000 0 0 2097152 3312021 243811 44097 11193
00000000 00000000 0 0 2097152 3304546 261214 44097 10225
00000000 00000000 0 0 2097152 3304546 261214 44097 10233
00000000 00000000 0 0 2097152 3290706 280978 44097 7825
00000000 00000000 0 0 2097152 3290706 280978 44097 7833
00000000 00000000 0 0 2097152 3474922 97204 44097 10720
00000000 00000000 0 0 2097152 3474922 97204 44097 10728
00000000 00000000 0 0 2097152 3297831 280978 44097 9249
00000000 00000000 0 0 2097152 3297831 280978 44097 9257
00000000 00000000 0 0 2097152 3311520 269638 48037 8769
00000000 00000000 0 0 2097152 3311520 269638 48037 8777
00000000 00000000 0 0 2097152 3312021 269638 48037 8785
00000000 00000000 0 0 2097152 3312021 269638 48037 8793
00000000 00000000 0 0 2097152 3352021 231740 44097 9761
00000000 00000000 0 0 2097152 3352021 231740 44097 9769
00000000 00000000 0 0 2097152 3352021 231740 44097 10241
00000000 00000000 0 0 2097152 3352021 231740 44097 10249
00000000 00000000 0 0 2097152 3352021 231740 44097 10721
00000000 00000000 0 0 2097152 3352021 231740 44097 10729
00000000 00000000 0 0 2097152 3330517 258597 44097 9751
00000000 00000000 0 0 2097152 3330517 258597 44097 9759
00000000 00000000 0 0 2097152 3330527 258597 44097 9767
00000000 00000000 0 0 2097152 3330527 258597 44097 9775
00000000 00000000 0 0 2097152 3330991 258597 44097 10231
00000000 00000000 0 0 2097152 3330991 258597 44097 10239
00000000 00000000 0 0 2097152 3333158 258597 44097 8791
00000000 00000000 0 0 2097152 3333158 258597 44097 8799
00000000 00000000 0 0 2097152 3334027 258597 44097 9271
00000000 00000000 0 0 2097152 3334027 258597 44097 9279
00000000 00000000 0 0 2097152 3334037 258597 44097 9287
00000000 00000000 0 0 2097152 3334037 258597 44097 9295
00000000 00000000 0 0 2097152 3276287 318087 44097 8305
00000000 00000000 0 0 2097152 3276287 318087 44097 8313
00000000 00000000 0 0 2097152 3401031 195377 44097 11582
00000000 00000000 0 0 2097152 3401031 195377 44097 12062
00000000 00000000 0 0 2097152 3401031 195377 44097 12542
00000000 00000000 0 0 2097152 3401031 195377 44097 13022
00000000 00000000 0 0 2097152 3337885 258597 44097 8295
00000000 00000000 0 0 2097152 3337885 258597 44097 8303
00000000 00000000 0 0 2097152 3337895 258597 44097 8311
00000000 00000000 0 0 2097152 3337895 258597 44097 8319
00000000 00000000 0 0 2097152 3409652 189359 44097 9281
00000000 00000000 0 0 2097152 3409652 189359 44097 9289
00000000 00000000 0 0 2097152 3472842 134409 44097 12063
00000000 00000000 0 0 2097152 3472842 134409 44097 12543
00000000 00000000 0 0 2097152 3472842 134409 44097 13023
00000000 00000000 0 0 2097152 3472842 134409 44097 13503
00000000 00000000 0 0 2097152 3333886 274222 48037 7815
00000000 00000000 0 0 2097152 3333886 274222 48037 7823
00000000 00000000 0 0 2097152 3333896 274222 48037 7831
00000000 00000000 0 0 2097152 3333896 274222 48037 7839
00000000 00000000 0 0 2097152 3449283 161089 44097 12536
00000000 00000000 0 0 2097152 3449283 161089 44097 13016
00000000 00000000 0 0 2097152 3449283 161089 44097 13496
00000000 00000000 0 0 2097152 3449283 161089 44097 13976
00000000 00000000 0 0 2097152 3485874 131981 44097 13498
00000000 00000000 0 0 2097152 3485874 131981 44097 13978
00000000 00000000 0 0 2097152 3485874 131981 44097 14458
00000000 00000000 0 0 2097152 3485874 131981 44097 14938
00000000 00000000 0 0 2097152 3472817 146194 44097 10247
00000000 00000000 0 0 2097152 3472817 146194 44097 10255
00000000 00000000 0 0 2097152 3262577 365789 44097 11157
00000000 00000000 0 0 2097152 3262577 365789 44097 11165
00000000 00000000 0 0 2097152 3265683 368526 44097 8773
00000000 00000000 0 0 2097152 3265683 368526 44097 8781
00000000 00000000 0 0 2097152 3526279 118278 44097 8327
00000000 00000000 0 0 2097152 3526279 118278 44097 8335
00000000 00000000 0 0 2097152 3409138 237629 44097 11187
00000000 00000000 0 0 2097152 3409138 237629 44097 11195
00000000 00000000 0 0 2097152 3409427 237629 44097 7827
00000000 00000000 0 0 2097152 3409427 237629 44097 7835
00000000 00000000 0 0 2097152 3543809 106978 44097 11597
00000000 00000000 0 0 2097152 3543809 106978 44097 12077
00000000 00000000 0 0 2097152 3543809 106978 44097 14957
00000000 00000000 0 0 2097152 3416452 237871 44097 10227
00000000 00000000 0 0 2097152 3416452 237871 44097 10235
00000000 00000000 0 0 2097152 3426134 232507 44097 9267
00000000 00000000 0 0 2097152 3426134 232507 44097 9275
00000000 00000000 0 0 2097152 3556458 106331 44097 11596
00000000 00000000 0 0 2097152 3556458 106331 44097 14476
00000000 00000000 0 0 2097152 3556458 106331 44097 14956
00000000 00000000 0 0 2097152 3556792 109574 44097 11201
00000000 00000000 0 0 2097152 3556792 109574 44097 11209
00000000 00000000 0 0 2097152 3512063 156519 44097 8784
00000000 00000000 0 0 2097152 3512063 156519 44097 8792
00000000 00000000 0 0 2097152 3452021 216990 44097 7843
00000000 00000000 0 0 2097152 3452021 216990 44097 7851
00000000 00000000 0 0 2097152 3453046 215965 44097 10243
00000000 00000000 0 0 2097152 3453046 215965 44097 10251
00000000 00000000 0 0 2097152 3453046 215965 44097 10723
00000000 00000000 0 0 2097152 3453046 215965 44097 10731
00000000 00000000 0 0 2097152 3575136 93875 44097 10737
00000000 00000000 0 0 2097152 3575136 93875 44097 10745
00000000 00000000 0 0 2097152 3452021 216990 44097 11203
00000000 00000000 0 0 2097152 3452021 216990 44097 11211
00000000 00000000 0 0 2097152 3482021 198575 44097 8323
00000000 00000000 0 0 2097152 3482021 198575 44097 8331
00000000 00000000 0 0 2097152 3394739 286397 44097 10211
00000000 00000000 0 0 2097152 3394739 286397 44097 10219
00000000 00000000 0 0 2097152 3310716 375852 44097 7813
00000000 00000000 0 0 2097152 3310716 375852 44097 7821
00000000 00000000 0 0 2097152 3406865 282146 44097 10707
00000000 00000000 0 0 2097152 3406865 282146 44097 10715
00000000 00000000 0 0 2097152 3542852 155227 44097 11598
00000000 00000000 0 0 2097152 3542852 155227 44097 12078
00000000 00000000 0 0 2097152 3542852 155227 44097 12558
00000000 00000000 0 0 2097152 3599418 107451 44097 12079
00000000 00000000 0 0 2097152 3599418 107451 44097 12559
00000000 00000000 0 0 2097152 3599418 107451 44097 13039
00000000 00000000 0 0 2097152 3610261 107094 44097 12552
00000000 00000000 0 0 2097152 3610261 107094 44097 13032
00000000 00000000 0 0 2097152 3610261 107094 44097 13512
00000000 00000000 0 0 2097152 3637219 81792 44097 8790
00000000 00000000 0 0 2097152 3637219 81792 44097 8798
00000000 00000000 0 0 2097152 3620865 106510 44097 13995
00000000 00000000 0 0 2097152 3620865 106510 44097 14475
00000000 00000000 0 0 2097152 3620865 106510 44097 14955
00000000 00000000 0 0 2097152 3549431 177975 44097 13017
00000000 00000000 0 0 2097152 3549431 177975 44097 13497
00000000 00000000 0 0 2097152 3549431 177975 44097 13977
00000000 00000000 0 0 2097152 3549431 177975 44097 14457
00000000 00000000 0 0 2097152 3395768 342873 48037 10693
00000000 00000000 0 0 2097152 3395768 342873 48037 10701
00000000 00000000 0 0 2097152 3358546 384203 44097 10229
00000000 00000000 0 0 2097152 3358546 384203 44097 10237
00000000 00000000 0 0 2097152 3408307 336816 48037 9731
00000000 00000000 0 0 2097152 3408307 336816 48037 9739
00000000 00000000 0 0 2097152 3416589 329941 48037 9747
00000000 00000000 0 0 2097152 3416589 329941 48037 9755
00000000 00000000 0 0 2097152 3665799 84062 44097 11613
00000000 00000000 0 0 2097152 3665799 84062 44097 14973
00000000 00000000 0 0 2097152 3653797 104586 44097 11614
00000000 00000000 0 0 2097152 3653797 104586 44097 12094
00000000 00000000 0 0 2097152 3430469 332593 48037 10709
00000000 00000000 0 0 2097152 3430469 332593 48037 10717
00000000 00000000 0 0 2097152 3391754 381403 44097 9749
00000000 00000000 0 0 2097152 3391754 381403 44097 9757
00000000 00000000 0 0 2097152 3391905 381403 44097 11173
00000000 00000000 0 0 2097152 3391905 381403 44097 11181
00000000 00000000 0 0 2097152 3392333 381403 44097 7829
00000000 00000000 0 0 2097152 3392333 381403 44097 7837
00000000 00000000 0 0 2097152 3482021 296286 48037 9763
00000000 00000000 0 0 2097152 3482021 296286 48037 9771
00000000 00000000 0 0 2097152 3542964 238411 44097 8821
00000000 00000000 0 0 2097152 3542964 238411 44097 8829
00000000 00000000 0 0 2097152 3512677 270149 44097 11213
00000000 00000000 0 0 2097152 3512678 270149 44097 11205
00000000 00000000 0 0 2097152 3456739 327479 44097 8325
00000000 00000000 0 0 2097152 3456739 327479 44097 8333
00000000 00000000 0 0 2097152 3532021 253296 44097 9285
00000000 00000000 0 0 2097152 3532021 253296 44097 9293
00000000 00000000 0 0 2097152 3506146 282314 44097 7845
00000000 00000000 0 0 2097152 3506146 282314 44097 7853
00000000 00000000 0 0 2097152 3613382 178035 44097 13033
00000000 00000000 0 0 2097152 3613382 178035 44097 13513
00000000 00000000 0 0 2097152 3613382 178035 44097 13993
00000000 00000000 0 0 2097152 3538232 253296 44097 8341
00000000 00000000 0 0 2097152 3538232 253296 44097 8349
00000000 00000000 0 0 2097152 3722021 69738 44097 8807
00000000 00000000 0 0 2097152 3722021 69738 44097 8815
00000000 00000000 0 0 2097152 3439198 353123 44097 9269
00000000 00000000 0 0 2097152 3439198 353123 44097 9277
00000000 00000000 0 0 2097152 3495974 297720 44097 8805
00000000 00000000 0 0 2097152 3495974 297720 44097 8813
00000000 00000000 0 0 2097152 3709879 83963 44097 12568
00000000 00000000 0 0 2097152 3709879 83963 44097 13048
00000000 00000000 0 0 2097152 3441506 353123 44097 8789
00000000 00000000 0 0 2097152 3441506 353123 44097 8797
00000000 00000000 0 0 2097152 3434372 364639 44097 8309
00000000 00000000 0 0 2097152 3434372 364639 44097 8317
00000000 00000000 0 0 2097152 3436132 362879 44097 11189
00000000 00000000 0 0 2097152 3436132 362879 44097 11197
00000000 00000000 0 0 2097152 3701089 100480 44097 12095
00000000 00000000 0 0 2097152 3701089 100480 44097 12575
00000000 00000000 0 0 2097152 3730385 84112 44097 14492
00000000 00000000 0 0 2097152 3730385 84112 44097 14972
00000000 00000000 0 0 2097152 3752871 69957 44097 11630
00000000 00000000 0 0 2097152 3592124 235906 44097 9760
00000000 00000000 0 0 2097152 3592124 235906 44097 9768
00000000 00000000 0 0 2097152 3592134 235906 44097 9776
00000000 00000000 0 0 2097152 3592134 235906 44097 9784
00000000 00000000 0 0 2097152 3592598 235906 44097 10240
00000000 00000000 0 0 2097152 3592598 235906 44097 10248
00000000 00000000 0 0 2097152 3594765 235906 44097 8800
00000000 00000000 0 0 2097152 3594765 235906 44097 8808
00000000 00000000 0 0 2097152 3597384 233914 44097 8322
00000000 00000000 0 0 2097152 3597384 233914 44097 8330
00000000 00000000 0 0 2097152 3595634 235906 44097 9280
00000000 00000000 0 0 2097152 3595634 235906 44097 9288
00000000 00000000 0 0 2097152 3595644 235906 44097 9296
00000000 00000000 0 0 2097152 3595644 235906 44097 9304
00000000 00000000 0 0 2097152 3611118 222072 44097 7824
00000000 00000000 0 0 2097152 3611118 222072 44097 7832
00000000 00000000 0 0 2097152 3611128 222072 44097 7840
00000000 00000000 0 0 2097152 3611128 222072 44097 7848
00000000 00000000 0 0 2097152 3584168 251568 44097 8786
00000000 00000000 0 0 2097152 3584168 251568 44097 8794
00000000 00000000 0 0 2097152 3584669 251568 44097 8802
00000000 00000000 0 0 2097152 3584669 251568 44097 8810
00000000 00000000 0 0 2097152 3586771 251568 44097 9778
00000000 00000000 0 0 2097152 3586771 251568 44097 9786
00000000 00000000 0 0 2097152 3586771 251568 44097 10258
00000000 00000000 0 0 2097152 3586771 251568 44097 10266
00000000 00000000 0 0 2097152 3586771 251568 44097 10738
00000000 00000000 0 0 2097152 3586771 251568 44097 10746
00000000 00000000 0 0 2097152 3622021 216332 44097 10256
00000000 00000000 0 0 2097152 3622021 216332 44097 10264
00000000 00000000 0 0 2097152 3534913 307026 48037 10725
00000000 00000000 0 0 2097152 3534913 307026 48037 10733
00000000 00000000 0 0 2097152 3720365 123970 44097 13049
00000000 00000000 0 0 2097152 3720365 123970 44097 13529
00000000 00000000 0 0 2097152 3761393 86376 44097 12111
00000000 00000000 0 0 2097152 3574694 273405 44097 7842
00000000 00000000 0 0 2097152 3574694 273405 44097 7850
00000000 00000000 0 0 2097152 3568770 280241 44097 10242
00000000 00000000 0 0 2097152 3568770 280241 44097 10250
00000000 00000000 0 0 2097152 3669376 189635 44097 11218
00000000 00000000 0 0 2097152 3669376 189635 44097 11226
00000000 00000000 0 0 2097152 3672021 187811 44097 10754
00000000 00000000 0 0 2097152 3672021 187811 44097 10762
00000000 00000000 0 0 2097152 3804579 70680 44097 12584
00000000 00000000 0 0 2097152 3796852 83743 44097 13065
00000000 00000000 0 0 2097152 3730416 154272 44097 13514
00000000 00000000 0 0 2097152 3730416 154272 44097 13994
00000000 00000000 0 0 2097152 3730416 154272 44097 14474
00000000 00000000 0 0 2097152 3817507 70918 44097 14989
00000000 00000000 0 0 2097152 3558548 330463 44097 9762
00000000 00000000 0 0 2097152 3558548 330463 44097 9770
00000000 00000000 0 0 2097152 3558807 330204 44097 10722
00000000 00000000 0 0 2097152 3558807 330204 44097 10730
00000000 00000000 0 0 2097152 3558842 330169 44097 11202
00000000 00000000 0 0 2097152 3558842 330169 44097 11210
00000000 00000000 0 0 2097152 3794769 96087 44097 8816
00000000 00000000 0 0 2097152 3794769 96087 44097 8824
00000000 00000000 0 0 2097152 3661651 239336 44097 9284
00000000 00000000 0 0 2097152 3661651 239336 44097 9292
00000000 00000000 0 0 2097152 3672021 232724 44097 7860
00000000 00000000 0 0 2097152 3672021 232724 44097 7868
00000000 00000000 0 0 2097152 3672021 232724 44097 11220
00000000 00000000 0 0 2097152 3672021 232724 44097 11228
00000000 00000000 0 0 2097152 3683606 226858 44097 8340
00000000 00000000 0 0 2097152 3683606 226858 44097 8348
00000000 00000000 0 0 2097152 3692021 222069 44097 10724
00000000 00000000 0 0 2097152 3692021 222069 44097 10732
00000000 00000000 0 0 2097152 3692031 222069 44097 10740
00000000 00000000 0 0 2097152 3692031 222069 44097 10748
00000000 00000000 0 0 2097152 3689578 243906 44097 7830
00000000 00000000 0 0 2097152 3689578 243906 44097 7838
00000000 00000000 0 0 2097152 3581819 353631 48037 9266
00000000 00000000 0 0 2097152 3581819 353631 48037 9274
00000000 00000000 0 0 2097152 3581829 353631 48037 9282
00000000 00000000 0 0 2097152 3581829 353631 48037 9290
00000000 00000000 0 0 2097152 3794427 141165 44097 13530
00000000 00000000 0 0 2097152 3794427 141165 44097 14010
00000000 00000000 0 0 2097152 3748133 190878 44097 9748
00000000 00000000 0 0 2097152 3748133 190878 44097 9756
00000000 00000000 0 0 2097152 3749540 189471 44097 9764
00000000 00000000 0 0 2097152 3749540 189471 44097 9772
00000000 00000000 0 0 2097152 3602021 342728 48037 9298
00000000 00000000 0 0 2097152 3602021 342728 48037 9306
00000000 00000000 0 0 2097152 3650066 298945 44097 7844
00000000 00000000 0 0 2097152 3650066 298945 44097 7852
00000000 00000000 0 0 2097152 3781317 167694 44097 9780
00000000 00000000 0 0 2097152 3781317 167694 44097 9788
00000000 00000000 0 0 2097152 3649777 299234 44097 11204
00000000 00000000 0 0 2097152 3649777 299234 44097 11212
00000000 00000000 0 0 2097152 3847345 101666 44097 13546
00000000 00000000 0 0 2097152 3599492 367252 48037 8304
00000000 00000000 0 0 2097152 3599492 367252 48037 8312
00000000 00000000 0 0 2097152 3599502 367252 48037 8320
00000000 00000000 0 0 2097152 3599502 367252 48037 8328
00000000 00000000 0 0 2097152 3887698 102970 44097 14011
00000000 00000000 0 0 2097152 3887698 102970 44097 14491
00000000 00000000 0 0 2097152 3647567 345124 48037 8336
00000000 00000000 0 0 2097152 3647567 345124 48037 8344
00000000 00000000 0 0 2097152 3631376 380296 48037 11174
00000000 00000000 0 0 2097152 3631376 380296 48037 11182
00000000 00000000 0 0 2097152 3938602 86105 44097 14027
00000000 00000000 0 0 2097152 3671592 356590 48037 8801
00000000 00000000 0 0 2097152 3671592 356590 48037 8809
00000000 00000000 0 0 2097152 3684146 349520 48037 10228
00000000 00000000 0 0 2097152 3684146 349520 48037 10236
00000000 00000000 0 0 2097152 3684156 349520 48037 10244
00000000 00000000 0 0 2097152 3684156 349520 48037 10252
00000000 00000000 0 0 2097152 3684166 349520 48037 10260
00000000 00000000 0 0 2097152 3684166 349520 48037 10268
00000000 00000000 0 0 2097152 2839797 1219875 179968 11527
00000000 00000000 0 0 2097152 3802021 265471 44097 8326
00000000 00000000 0 0 2097152 3802021 265471 44097 8334
00000000 00000000 0 0 2097152 3802031 265471 44097 8342
00000000 00000000 0 0 2097152 3802031 265471 44097 8350
00000000 00000000 0 0 2097152 3802041 265471 44097 8358
00000000 00000000 0 0 2097152 3802041 265471 44097 8366
00000000 00000000 0 0 2097152 3993678 75333 44097 14508
00000000 00000000 0 0 2097152 3844949 230174 44097 10742
00000000 00000000 0 0 2097152 3844949 230174 44097 10750
00000000 00000000 0 0 2097152 3831040 251049 44097 9777
00000000 00000000 0 0 2097152 3831040 251049 44097 9785
00000000 00000000 0 0 2097152 3831050 251049 44097 9793
00000000 00000000 0 0 2097152 3831050 251049 44097 9801
00000000 00000000 0 0 2097152 3831514 251049 44097 10257
00000000 00000000 0 0 2097152 3831514 251049 44097 10265
00000000 00000000 0 0 2097152 3841363 242205 44097 10273
00000000 00000000 0 0 2097152 3841363 242205 44097 10281
00000000 00000000 0 0 2097152 4014682 70079 44097 11191
00000000 00000000 0 0 2097152 4014682 70079 44097 11199
00000000 00000000 0 0 2097152 3834550 251049 44097 9297
00000000 00000000 0 0 2097152 3834550 251049 44097 9305
00000000 00000000 0 0 2097152 3834560 251049 44097 9313
00000000 00000000 0 0 2097152 3834560 251049 44097 9321
00000000 00000000 0 0 2097152 3836200 251049 44097 7841
00000000 00000000 0 0 2097152 3836200 251049 44097 7849
00000000 00000000 0 0 2097152 3836210 251049 44097 7857
00000000 00000000 0 0 2097152 3836210 251049 44097 7865
00000000 00000000 0 0 2097152 3791470 297541 44097 7862
00000000 00000000 0 0 2097152 3791470 297541 44097 7870
00000000 00000000 0 0 2097152 3797639 291372 44097 8806
00000000 00000000 0 0 2097152 3797639 291372 44097 8814
00000000 00000000 0 0 2097152 3797649 291362 44097 8822
00000000 00000000 0 0 2097152 3797649 291362 44097 8830
00000000 00000000 0 0 2097152 3797659 291352 44097 8838
00000000 00000000 0 0 2097152 3797659 291352 44097 8846
00000000 00000000 0 0 2097152 3795331 293680 44097 9286
00000000 00000000 0 0 2097152 3795331 293680 44097 9294
00000000 00000000 0 0 2097152 3795341 293670 44097 9302
00000000 00000000 0 0 2097152 3795341 293670 44097 9310
00000000 00000000 0 0 2097152 3766072 335730 44097 10726
00000000 00000000 0 0 2097152 3766072 335730 44097 10734
00000000 00000000 0 0 2097152 3776167 329881 44097 9766
00000000 00000000 0 0 2097152 3776167 329881 44097 9774
00000000 00000000 0 0 2097152 3776746 329881 44097 7846
00000000 00000000 0 0 2097152 3776746 329881 44097 7854
00000000 00000000 0 0 2097152 3741651 366931 44097 10710
00000000 00000000 0 0 2097152 3741651 366931 44097 10718
00000000 00000000 0 0 2097152 3745759 366931 44097 10246
00000000 00000000 0 0 2097152 3745759 366931 44097 10254
00000000 00000000 0 0 2097152 3969754 157566 44097 8321
00000000 00000000 0 0 2097152 3969754 157566 44097 8329
00000000 00000000 0 0 2097152 3969764 157566 44097 8337
00000000 00000000 0 0 2097152 3969764 157566 44097 8345
00000000 00000000 0 0 2097152 4062682 69959 44097 11544
00000000 00000000 0 0 2097152 3995701 141987 44097 8353
00000000 00000000 0 0 2097152 3995701 141987 44097 8361
00000000 00000000 0 0 2097152 3776318 368863 48037 11190
00000000 00000000 0 0 2097152 3776318 368863 48037 11198
00000000 00000000 0 0 2097152 3802021 348053 48037 11206
00000000 00000000 0 0 2097152 3802021 348053 48037 11214
00000000 00000000 0 0 2097152 3802031 348053 48037 11222
00000000 00000000 0 0 2097152 3802031 348053 48037 11230
00000000 00000000 0 0 2097152 3839247 314152 44097 8819
00000000 00000000 0 0 2097152 3839247 314152 44097 8827
00000000 00000000 0 0 2097152 3851109 304917 44097 7859
00000000 00000000 0 0 2097152 3851109 304917 44097 7867
00000000 00000000 0 0 2097152 3852021 304917 44097 10259
00000000 00000000 0 0 2097152 3852021 304917 44097 10267
00000000 00000000 0 0 2097152 3852031 304917 44097 10275
00000000 00000000 0 0 2097152 3852031 304917 44097 10283
00000000 00000000 0 0 2097152 4087771 69935 44097 11200
00000000 00000000 0 0 2097152 4087771 69935 44097 11208
00000000 00000000 0 0 2097152 3892021 269495 44097 10739
00000000 00000000 0 0 2097152 3892021 269495 44097 10747
00000000 00000000 0 0 2097152 3892021 269495 44097 11219
00000000 00000000 0 0 2097152 3892021 269495 44097 11227
00000000 00000000 0 0 2097152 3892031 269495 44097 10755
00000000 00000000 0 0 2097152 3892031 269495 44097 10763
00000000 00000000 0 0 2097152 3892031 269495 44097 11235
00000000 00000000 0 0 2097152 3892031 269495 44097 11243
00000000 00000000 0 0 2097152 3892041 269495 44097 10771
00000000 00000000 0 0 2097152 3892041 269495 44097 10779
00000000 00000000 0 0 2097152 2837059 1329030 176088 11526
00000000 00000000 0 0 2097152 2837059 1329030 176088 12006
00000000 00000000 0 0 2097152 2837059 1329030 176088 12486
00000000 00000000 0 0 2097152 2837059 1329030 176088 12966
00000000 00000000 0 0 2097152 2837059 1329030 176088 13446
00000000 00000000 0 0 2097152 2837059 1329030 176088 13926
00000000 00000000 0 0 2097152 2837059 1329030 176088 14406
00000000 00000000 0 0 2097152 3833681 332419 48037 8817
00000000 00000000 0 0 2097152 3833681 332419 48037 8825
00000000 00000000 0 0 2097152 2839797 1328588 176088 12007
00000000 00000000 0 0 2097152 2839797 1328588 176088 12487
00000000 00000000 0 0 2097152 2839797 1328588 176088 12967
00000000 00000000 0 0 2097152 2839797 1328588 176088 13447
00000000 00000000 0 0 2097152 2839797 1328588 176088 13927
00000000 00000000 0 0 2097152 2839797 1328588 176088 14407
00000000 00000000 0 0 2097152 2839797 1328588 176088 14887
00000000 00000000 0 0 2097152 3947759 221142 44097 9315
00000000 00000000 0 0 2097152 3947759 221142 44097 9323
00000000 00000000 0 0 2097152 2834140 1335004 176088 11522
00000000 00000000 0 0 2097152 2834140 1335004 176088 12002
00000000 00000000 0 0 2097152 2834140 1335004 176088 12482
00000000 00000000 0 0 2097152 2834140 1335004 176088 13442
00000000 00000000 0 0 2097152 2834140 1335004 176088 13922
00000000 00000000 0 0 2097152 2834140 1335004 176088 14402
00000000 00000000 0 0 2097152 2834140 1335004 176088 14882
00000000 00000000 0 0 2097152 3938460 231093 44097 9283
00000000 00000000 0 0 2097152 3938460 231093 44097 9291
00000000 00000000 0 0 2097152 3938470 231093 44097 9299
00000000 00000000 0 0 2097152 3938470 231093 44097 9307
00000000 00000000 0 0 2097152 3903997 269965 44097 9301
00000000 00000000 0 0 2097152 3903997 269965 44097 9309
00000000 00000000 0 0 2097152 2858167 1327188 176088 11524
00000000 00000000 0 0 2097152 2858167 1327188 176088 12004
00000000 00000000 0 0 2097152 2858167 1327188 176088 12484
00000000 00000000 0 0 2097152 2858167 1327188 176088 12964
00000000 00000000 0 0 2097152 2858167 1327188 176088 13444
00000000 00000000 0 0 2097152 2858167 1327188 176088 14404
00000000 00000000 0 0 2097152 2858167 1327188 176088 14884
00000000 00000000 0 0 2097152 3834308 353713 44097 8339
00000000 00000000 0 0 2097152 3834308 353713 44097 8347
00000000 00000000 0 0 2097152 3893866 294628 48037 8833
00000000 00000000 0 0 2097152 3893866 294628 48037 8841
00000000 00000000 0 0 2097152 3838746 350265 44097 8803
00000000 00000000 0 0 2097152 3838746 350265 44097 8811
00000000 00000000 0 0 2097152 2877550 1315988 176088 11521
00000000 00000000 0 0 2097152 2877550 1315988 176088 12001
00000000 00000000 0 0 2097152 2877550 1315988 176088 12961
00000000 00000000 0 0 2097152 2877550 1315988 176088 13441
00000000 00000000 0 0 2097152 2877550 1315988 176088 13921
00000000 00000000 0 0 2097152 2877550 1315988 176088 14401
00000000 00000000 0 0 2097152 2877550 1315988 176088 14881
00000000 00000000 0 0 2097152 3952021 251762 44097 7861
00000000 00000000 0 0 2097152 3952021 251762 44097 7869
00000000 00000000 0 0 2097152 3952021 251762 44097 9797
00000000 00000000 0 0 2097152 3952021 251762 44097 9805
00000000 00000000 0 0 2097152 3952021 251762 44097 11221
00000000 00000000 0 0 2097152 3952021 251762 44097 11229
00000000 00000000 0 0 2097152 3952031 251762 44097 7877
00000000 00000000 0 0 2097152 3952031 251762 44097 7885
00000000 00000000 0 0 2097152 3952031 251762 44097 11237
00000000 00000000 0 0 2097152 3952031 251762 44097 11245
00000000 00000000 0 0 2097152 4135651 68699 44097 11561
00000000 00000000 0 0 2097152 3942021 263059 44097 9765
00000000 00000000 0 0 2097152 3942021 263059 44097 9773
00000000 00000000 0 0 2097152 3942031 263059 44097 9781
00000000 00000000 0 0 2097152 3942031 263059 44097 9789
00000000 00000000 0 0 2097152 3913474 292494 44097 8357
00000000 00000000 0 0 2097152 3913474 292494 44097 8365
00000000 00000000 0 0 2097152 3892021 316876 48037 9779
00000000 00000000 0 0 2097152 3892021 316876 48037 9787
00000000 00000000 0 0 2097152 3892031 316876 48037 9795
00000000 00000000 0 0 2097152 3892031 316876 48037 9803
00000000 00000000 0 0 2097152 4036676 182335 44097 10245
00000000 00000000 0 0 2097152 4036676 182335 44097 10253
00000000 00000000 0 0 2097152 4036686 182325 44097 10261
00000000 00000000 0 0 2097152 4036686 182325 44097 10269
00000000 00000000 0 0 2097152 4036696 182315 44097 10277
00000000 00000000 0 0 2097152 4036696 182315 44097 10285
00000000 00000000 0 0 2097152 3917100 306188 48037 10741
00000000 00000000 0 0 2097152 3917100 306188 48037 10749
00000000 00000000 0 0 2097152 3917110 306188 48037 10757
00000000 00000000 0 0 2097152 3917110 306188 48037 10765
00000000 00000000 0 0 2097152 4160716 70588 44097 11217
00000000 00000000 0 0 2097152 4160716 70588 44097 11225
00000000 00000000 0 0 2097152 4031192 206072 44097 8818
00000000 00000000 0 0 2097152 4031192 206072 44097 8826
00000000 00000000 0 0 2097152 3936494 335710 48037 7847
00000000 00000000 0 0 2097152 3936494 335710 48037 7855
00000000 00000000 0 0 2097152 4207360 70560 44097 11578
00000000 00000000 0 0 2097152 4240274 89585 44097 8835
00000000 00000000 0 0 2097152 4240274 89585 44097 8843
00000000 00000000 0 0 2097152 4176972 172085 44097 9318
00000000 00000000 0 0 2097152 4176972 172085 44097 9326
00000000 00000000 0 0 2097152 4090259 261849 44097 7858
00000000 00000000 0 0 2097152 4090259 261849 44097 7866
00000000 00000000 0 0 2097152 4090269 261849 44097 7874
00000000 00000000 0 0 2097152 4090269 261849 44097 7882
00000000 00000000 0 0 2097152 4085099 271364 44097 9794
00000000 00000000 0 0 2097152 4085099 271364 44097 9802
00000000 00000000 0 0 2097152 4085109 271364 44097 9810
00000000 00000000 0 0 2097152 4085109 271364 44097 9818
00000000 00000000 0 0 2097152 4085573 271364 44097 10274
00000000 00000000 0 0 2097152 4085573 271364 44097 10282
00000000 00000000 0 0 2097152 4086578 271364 44097 10290
00000000 00000000 0 0 2097152 4086578 271364 44097 10298
00000000 00000000 0 0 2097152 4275214 83797 44097 7856
00000000 00000000 0 0 2097152 4275214 83797 44097 7864
00000000 00000000 0 0 2097152 4280930 78081 44097 11595
00000000 00000000 0 0 2097152 4130330 249611 44097 8338
00000000 00000000 0 0 2097152 4130330 249611 44097 8346
00000000 00000000 0 0 2097152 4130340 249611 44097 8354
00000000 00000000 0 0 2097152 4130340 249611 44097 8362
00000000 00000000 0 0 2097152 4140698 245169 44097 8370
00000000 00000000 0 0 2097152 4140698 245169 44097 8378
00000000 00000000 0 0 2097152 4169110 219901 44097 8834
00000000 00000000 0 0 2097152 4169110 219901 44097 8842
00000000 00000000 0 0 2097152 4191504 197507 44097 8850
00000000 00000000 0 0 2097152 4191504 197507 44097 8858
00000000 00000000 0 0 2097152 4088609 310552 48037 9314
00000000 00000000 0 0 2097152 4088609 310552 48037 9322
00000000 00000000 0 0 2097152 4088619 310552 48037 9330
00000000 00000000 0 0 2097152 4088619 310552 48037 9338
00000000 00000000 0 0 2097152 4153084 255056 44097 11223
00000000 00000000 0 0 2097152 4153084 255056 44097 11231
00000000 00000000 0 0 2097152 4153094 255056 44097 11239
00000000 00000000 0 0 2097152 4153094 255056 44097 11247
00000000 00000000 0 0 2097152 2892839 1516063 179968 12489
00000000 00000000 0 0 2097152 4148191 260820 44097 11207
00000000 00000000 0 0 2097152 4148191 260820 44097 11215
00000000 00000000 0 0 2097152 4234314 174697 44097 11234
00000000 00000000 0 0 2097152 4234314 174697 44097 11242
00000000 00000000 0 0 2097152 4109058 307685 44097 9783
00000000 00000000 0 0 2097152 4109058 307685 44097 9791
00000000 00000000 0 0 2097152 4109637 308788 48037 7863
00000000 00000000 0 0 2097152 4109637 308788 48037 7871
00000000 00000000 0 0 2097152 4109647 308788 48037 7879
00000000 00000000 0 0 2097152 4109647 308788 48037 7887
00000000 00000000 0 0 2097152 4111592 307685 44097 10727
00000000 00000000 0 0 2097152 4111592 307685 44097 10735
00000000 00000000 0 0 2097152 4111602 307685 44097 10743
00000000 00000000 0 0 2097152 4111602 307685 44097 10751
00000000 00000000 0 0 2097152 4111612 307685 44097 10759
00000000 00000000 0 0 2097152 4111612 307685 44097 10767
00000000 00000000 0 0 2097152 4115700 307685 44097 10263
00000000 00000000 0 0 2097152 4115700 307685 44097 10271
00000000 00000000 0 0 2097152 4362021 70199 44097 11612
00000000 00000000 0 0 2097152 4362021 70227 44097 7873
00000000 00000000 0 0 2097152 4362021 70227 44097 7881
00000000 00000000 0 0 2097152 4092021 345368 44097 8823
00000000 00000000 0 0 2097152 4092021 345368 44097 8831
00000000 00000000 0 0 2097152 4092021 345368 44097 9303
00000000 00000000 0 0 2097152 4092021 345368 44097 9311
00000000 00000000 0 0 2097152 4092031 345368 44097 8839
00000000 00000000 0 0 2097152 4092031 345368 44097 8847
00000000 00000000 0 0 2097152 4092031 345368 44097 9319
00000000 00000000 0 0 2097152 4092031 345368 44097 9327
00000000 00000000 0 0 2097152 4092041 345368 44097 8855
00000000 00000000 0 0 2097152 4092041 345368 44097 8863
00000000 00000000 0 0 2097152 4070502 368251 44097 8343
00000000 00000000 0 0 2097152 4070502 368251 44097 8351
00000000 00000000 0 0 2097152 4070512 368251 44097 8359
00000000 00000000 0 0 2097152 4070512 368251 44097 8367
00000000 00000000 0 0 2097152 4070522 368251 44097 8375
00000000 00000000 0 0 2097152 4070522 368251 44097 8383
00000000 00000000 0 0 2097152 4159948 287968 48037 10276
00000000 00000000 0 0 2097152 4159948 287968 48037 10284
00000000 00000000 0 0 2097152 4159958 287968 48037 10292
00000000 00000000 0 0 2097152 4159958 287968 48037 10300
00000000 00000000 0 0 2097152 4222021 228050 44097 10262
00000000 00000000 0 0 2097152 4222021 228050 44097 10270
00000000 00000000 0 0 2097152 4222031 228050 44097 10278
00000000 00000000 0 0 2097152 4222031 228050 44097 10286
00000000 00000000 0 0 2097152 4222041 228050 44097 10294
00000000 00000000 0 0 2097152 4222041 228050 44097 10302
00000000 00000000 0 0 2097152 4226298 228050 44097 10758
00000000 00000000 0 0 2097152 4226298 228050 44097 10766
00000000 00000000 0 0 2097152 4226308 228050 44097 10774
00000000 00000000 0 0 2097152 4226308 228050 44097 10782
00000000 00000000 0 0 2097152 4191031 267133 44097 8356
00000000 00000000 0 0 2097152 4191031 267133 44097 8364
00000000 00000000 0 0 2097152 4206793 252218 44097 7878
00000000 00000000 0 0 2097152 4206793 252218 44097 7886
00000000 00000000 0 0 2097152 4206803 252208 44097 7894
00000000 00000000 0 0 2097152 4206803 252208 44097 7902
00000000 00000000 0 0 2097152 4208090 250921 44097 9782
00000000 00000000 0 0 2097152 4208090 250921 44097 9790
00000000 00000000 0 0 2097152 4208100 250911 44097 9798
00000000 00000000 0 0 2097152 4208100 250911 44097 9806
00000000 00000000 0 0 2097152 4208110 250901 44097 9814
00000000 00000000 0 0 2097152 4208110 250901 44097 9822
00000000 00000000 0 0 2097152 4192021 267259 44097 8820
00000000 00000000 0 0 2097152 4192021 267259 44097 8828
00000000 00000000 0 0 2097152 4192031 267259 44097 8836
00000000 00000000 0 0 2097152 4192031 267259 44097 8844
00000000 00000000 0 0 2097152 4208978 250539 44097 8374
00000000 00000000 0 0 2097152 4208978 250539 44097 8382
00000000 00000000 0 0 2097152 4211907 247720 44097 9796
00000000 00000000 0 0 2097152 4211907 247720 44097 9804
00000000 00000000 0 0 2097152 4211917 247720 44097 9812
00000000 00000000 0 0 2097152 4211917 247720 44097 9820
00000000 00000000 0 0 2097152 4206793 254534 48037 11238
00000000 00000000 0 0 2097152 4206793 254534 48037 11246
00000000 00000000 0 0 2097152 4206803 254534 48037 11254
00000000 00000000 0 0 2097152 4206803 254534 48037 11262
00000000 00000000 0 0 2097152 2877550 1612948 179968 12481
00000000 00000000 0 0 2097152 4172563 319800 44097 9300
00000000 00000000 0 0 2097152 4172563 319800 44097 9308
00000000 00000000 0 0 2097152 4172573 319800 44097 9316
00000000 00000000 0 0 2097152 4172573 319800 44097 9324
00000000 00000000 0 0 2097152 4172583 319800 44097 9332
00000000 00000000 0 0 2097152 4172583 319800 44097 9340
00000000 00000000 0 0 2097152 4435258 69552 44097 7890
00000000 00000000 0 0 2097152 4435258 69552 44097 7898
00000000 00000000 0 0 2097152 4435230 70194 44097 11629
00000000 00000000 0 0 2097152 4159036 355099 44097 7876
00000000 00000000 0 0 2097152 4159036 355099 44097 7884
00000000 00000000 0 0 2097152 4164526 354485 44097 10756
00000000 00000000 0 0 2097152 4164526 354485 44097 10764
00000000 00000000 0 0 2097152 4164536 354475 44097 10772
00000000 00000000 0 0 2097152 4164536 354475 44097 10780
00000000 00000000 0 0 2097152 4164546 354465 44097 10788
00000000 00000000 0 0 2097152 4164546 354465 44097 10796
00000000 00000000 0 0 2097152 4164526 354485 44097 11236
00000000 00000000 0 0 2097152 4164526 354485 44097 11244
00000000 00000000 0 0 2097152 4164536 354475 44097 11252
00000000 00000000 0 0 2097152 4164536 354475 44097 11260
00000000 00000000 0 0 2097152 4332869 187392 44097 8852
00000000 00000000 0 0 2097152 4332869 187392 44097 8860
00000000 00000000 0 0 2097152 4493508 73064 44097 12506
00000000 00000000 0 0 2097152 4508434 71432 44097 11646
00000000 00000000 0 0 2097152 4352067 245098 44097 9335
00000000 00000000 0 0 2097152 4352067 245098 44097 9343
00000000 00000000 0 0 2097152 4359947 279810 44097 10291
00000000 00000000 0 0 2097152 4359947 279810 44097 10299
00000000 00000000 0 0 2097152 4360952 279810 44097 10307
00000000 00000000 0 0 2097152 4360952 279810 44097 10315
00000000 00000000 0 0 2097152 4402171 242587 44097 9331
00000000 00000000 0 0 2097152 4402171 242587 44097 9339
00000000 00000000 0 0 2097152 4402181 242587 44097 9347
00000000 00000000 0 0 2097152 4402181 242587 44097 9355
00000000 00000000 0 0 2097152 4392021 253392 44097 8851
00000000 00000000 0 0 2097152 4392021 253392 44097 8859
00000000 00000000 0 0 2097152 4392031 253392 44097 8867
00000000 00000000 0 0 2097152 4392031 253392 44097 8875
00000000 00000000 0 0 2097152 4412021 234718 44097 11251
00000000 00000000 0 0 2097152 4412021 234718 44097 11259
00000000 00000000 0 0 2097152 4382951 264922 44097 8355
00000000 00000000 0 0 2097152 4382951 264922 44097 8363
00000000 00000000 0 0 2097152 4382961 264922 44097 8371
00000000 00000000 0 0 2097152 4382961 264922 44097 8379
00000000 00000000 0 0 2097152 4388877 264922 44097 8387
00000000 00000000 0 0 2097152 4388877 264922 44097 8395
00000000 00000000 0 0 2097152 4359473 295443 48037 9811
00000000 00000000 0 0 2097152 4359473 295443 48037 9819
00000000 00000000 0 0 2097152 4359483 295443 48037 9827
00000000 00000000 0 0 2097152 4359483 295443 48037 9835
00000000 00000000 0 0 2097152 4569582 89429 44097 12523
00000000 00000000 0 0 2097152 4507820 161955 44097 7907
00000000 00000000 0 0 2097152 4507820 161955 44097 7915
00000000 00000000 0 0 2097152 4355118 338693 44097 7875
00000000 00000000 0 0 2097152 4355118 338693 44097 7883
00000000 00000000 0 0 2097152 4355128 338693 44097 7891
00000000 00000000 0 0 2097152 4355128 338693 44097 7899
00000000 00000000 0 0 2097152 4462021 238590 44097 9799
00000000 00000000 0 0 2097152 4462021 238590 44097 9807
00000000 00000000 0 0 2097152 4462031 238590 44097 9815
00000000 00000000 0 0 2097152 4462031 238590 44097 9823
00000000 00000000 0 0 2097152 4462041 238590 44097 9831
00000000 00000000 0 0 2097152 4462041 238590 44097 9839
00000000 00000000 0 0 2097152 4462527 238590 44097 8391
00000000 00000000 0 0 2097152 4462527 238590 44097 8399
00000000 00000000 0 0 2097152 4464337 238590 44097 11255
00000000 00000000 0 0 2097152 4464337 238590 44097 11263
00000000 00000000 0 0 2097152 4464347 238590 44097 11271
00000000 00000000 0 0 2097152 4464347 238590 44097 11279
00000000 00000000 0 0 2097152 4440399 263986 44097 8832
00000000 00000000 0 0 2097152 4440399 263986 44097 8840
00000000 00000000 0 0 2097152 4440399 263986 44097 9312
00000000 00000000 0 0 2097152 4440399 263986 44097 9320
00000000 00000000 0 0 2097152 4440409 263986 44097 8848
00000000 00000000 0 0 2097152 4440409 263986 44097 8856
00000000 00000000 0 0 2097152 4440409 263986 44097 9328
00000000 00000000 0 0 2097152 4440409 263986 44097 9336
00000000 00000000 0 0 2097152 4440419 263986 44097 8864
00000000 00000000 0 0 2097152 4440419 263986 44097 8872
00000000 00000000 0 0 2097152 4453081 256104 44097 10279
00000000 00000000 0 0 2097152 4453081 256104 44097 10287
00000000 00000000 0 0 2097152 4453091 256104 44097 10295
00000000 00000000 0 0 2097152 4453091 256104 44097 10303
00000000 00000000 0 0 2097152 4453101 256104 44097 10311
00000000 00000000 0 0 2097152 4453101 256104 44097 10319
00000000 00000000 0 0 2097152 4457358 256104 44097 10775
00000000 00000000 0 0 2097152 4457358 256104 44097 10783
00000000 00000000 0 0 2097152 4457368 256104 44097 10791
00000000 00000000 0 0 2097152 4457368 256104 44097 10799
00000000 00000000 0 0 2097152 4662021 71221 44097 12540
00000000 00000000 0 0 2097152 4462021 284098 48037 7895
00000000 00000000 0 0 2097152 4462021 284098 48037 7903
00000000 00000000 0 0 2097152 4462031 284098 48037 7911
00000000 00000000 0 0 2097152 4462031 284098 48037 7919
00000000 00000000 0 0 2097152 4522021 232861 44097 11253
00000000 00000000 0 0 2097152 4522021 232861 44097 11261
00000000 00000000 0 0 2097152 4522031 232861 44097 11269
00000000 00000000 0 0 2097152 4522031 232861 44097 11277
00000000 00000000 0 0 2097152 4523271 232861 44097 8869
00000000 00000000 0 0 2097152 4523271 232861 44097 8877
00000000 00000000 0 0 2097152 4517145 247190 44097 7893
00000000 00000000 0 0 2097152 4517145 247190 44097 7901
00000000 00000000 0 0 2097152 4461174 305170 44097 8373
00000000 00000000 0 0 2097152 4461174 305170 44097 8381
00000000 00000000 0 0 2097152 4462290 305170 44097 8837
00000000 00000000 0 0 2097152 4462290 305170 44097 8845
00000000 00000000 0 0 2097152 4462300 305170 44097 8853
00000000 00000000 0 0 2097152 4462300 305170 44097 8861
00000000 00000000 0 0 2097152 4462637 305170 44097 9813
00000000 00000000 0 0 2097152 4462637 305170 44097 9821
00000000 00000000 0 0 2097152 4462647 305170 44097 9829
00000000 00000000 0 0 2097152 4462647 305170 44097 9837
00000000 00000000 0 0 2097152 4495373 273638 44097 9317
00000000 00000000 0 0 2097152 4495373 273638 44097 9325
00000000 00000000 0 0 2097152 4495383 273628 44097 9333
00000000 00000000 0 0 2097152 4495383 273628 44097 9341
00000000 00000000 0 0 2097152 4495393 273618 44097 9349
00000000 00000000 0 0 2097152 4495393 273618 44097 9357
00000000 00000000 0 0 2097152 4441763 344340 48037 8352
00000000 00000000 0 0 2097152 4441763 344340 48037 8360
00000000 00000000 0 0 2097152 4441773 344340 48037 8368
00000000 00000000 0 0 2097152 4441773 344340 48037 8376
00000000 00000000 0 0 2097152 4441783 344340 48037 8384
00000000 00000000 0 0 2097152 4441783 344340 48037 8392
00000000 00000000 0 0 2097152 4707395 82939 44097 9329
00000000 00000000 0 0 2097152 4707395 82939 44097 9337
00000000 00000000 0 0 2097152 4707405 82939 44097 9345
00000000 00000000 0 0 2097152 4707405 82939 44097 9353
00000000 00000000 0 0 2097152 4412021 383559 44097 11216
00000000 00000000 0 0 2097152 4412021 383559 44097 11224
00000000 00000000 0 0 2097152 4412031 383559 44097 11232
00000000 00000000 0 0 2097152 4412031 383559 44097 11240
00000000 00000000 0 0 2097152 4412041 383559 44097 11248
00000000 00000000 0 0 2097152 4412041 383559 44097 11256
00000000 00000000 0 0 2097152 4419753 377206 44097 9792
00000000 00000000 0 0 2097152 4419753 377206 44097 9800
00000000 00000000 0 0 2097152 4421435 377206 44097 7872
00000000 00000000 0 0 2097152 4421435 377206 44097 7880
00000000 00000000 0 0 2097152 4421445 377206 44097 7888
00000000 00000000 0 0 2097152 4421445 377206 44097 7896
00000000 00000000 0 0 2097152 4450926 348641 44097 10293
00000000 00000000 0 0 2097152 4450926 348641 44097 10301
00000000 00000000 0 0 2097152 4450936 348641 44097 10309
00000000 00000000 0 0 2097152 4450936 348641 44097 10317
00000000 00000000 0 0 2097152 4422287 381774 44097 10736
00000000 00000000 0 0 2097152 4422287 381774 44097 10744
00000000 00000000 0 0 2097152 4422297 381774 44097 10752
00000000 00000000 0 0 2097152 4422297 381774 44097 10760
00000000 00000000 0 0 2097152 4422307 381774 44097 10768
00000000 00000000 0 0 2097152 4422307 381774 44097 10776
00000000 00000000 0 0 2097152 4736252 69786 44097 12557
00000000 00000000 0 0 2097152 4426395 381774 44097 10272
00000000 00000000 0 0 2097152 4426395 381774 44097 10280
00000000 00000000 0 0 2097152 4522021 320739 48037 10773
00000000 00000000 0 0 2097152 4522021 320739 48037 10781
00000000 00000000 0 0 2097152 4522031 320739 48037 10789
00000000 00000000 0 0 2097152 4522031 320739 48037 10797
00000000 00000000 0 0 2097152 4522041 320739 48037 10805
00000000 00000000 0 0 2097152 4522041 320739 48037 10813
00000000 00000000 0 0 2097152 4809048 89690 44097 12574
00000000 00000000 0 0 2097152 4642767 263089 48037 10308
00000000 00000000 0 0 2097152 4642767 263089 48037 10316
00000000 00000000 0 0 2097152 2895905 2010347 179968 14894
00000000 00000000 0 0 2097152 4643772 263089 48037 10324
00000000 00000000 0 0 2097152 4643772 263089 48037 10332
00000000 00000000 0 0 2097152 4600175 331990 44097 9344
00000000 00000000 0 0 2097152 4600175 331990 44097 9352
00000000 00000000 0 0 2097152 4649749 285199 44097 11268
00000000 00000000 0 0 2097152 4649749 285199 44097 11276
00000000 00000000 0 0 2097152 4650883 285199 44097 8372
00000000 00000000 0 0 2097152 4650883 285199 44097 8380
00000000 00000000 0 0 2097152 4650893 285199 44097 8388
00000000 00000000 0 0 2097152 4650893 285199 44097 8396
00000000 00000000 0 0 2097152 4696821 243077 44097 7892
00000000 00000000 0 0 2097152 4696821 243077 44097 7900
00000000 00000000 0 0 2097152 4696831 243077 44097 7908
00000000 00000000 0 0 2097152 4696831 243077 44097 7916
00000000 00000000 0 0 2097152 4696841 243077 44097 7924
00000000 00000000 0 0 2097152 4696841 243077 44097 7932
00000000 00000000 0 0 2097152 4656809 285199 44097 8404
00000000 00000000 0 0 2097152 4656809 285199 44097 8412
00000000 00000000 0 0 2097152 4657926 285199 44097 9828
00000000 00000000 0 0 2097152 4657926 285199 44097 9836
00000000 00000000 0 0 2097152 4657936 285199 44097 9844
00000000 00000000 0 0 2097152 4657936 285199 44097 9852
00000000 00000000 0 0 2097152 4704127 252446 48037 8400
00000000 00000000 0 0 2097152 4704127 252446 48037 8408
00000000 00000000 0 0 2097152 4647768 319299 44097 9348
00000000 00000000 0 0 2097152 4647768 319299 44097 9356
00000000 00000000 0 0 2097152 4647778 319299 44097 9364
00000000 00000000 0 0 2097152 4647778 319299 44097 9372
00000000 00000000 0 0 2097152 4648423 319299 44097 8868
00000000 00000000 0 0 2097152 4648423 319299 44097 8876
00000000 00000000 0 0 2097152 4648433 319299 44097 8884
00000000 00000000 0 0 2097152 4648433 319299 44097 8892
00000000 00000000 0 0 2097152 4901748 69236 44097 12591
00000000 00000000 0 0 2097152 4749129 236311 44097 7904
00000000 00000000 0 0 2097152 4749129 236311 44097 7912
00000000 00000000 0 0 2097152 4749139 236311 44097 7920
00000000 00000000 0 0 2097152 4749139 236311 44097 7928
00000000 00000000 0 0 2097152 4707395 294494 48037 8849
00000000 00000000 0 0 2097152 4707395 294494 48037 8857
00000000 00000000 0 0 2097152 4707405 294494 48037 8865
00000000 00000000 0 0 2097152 4707405 294494 48037 8873
00000000 00000000 0 0 2097152 4707415 294494 48037 8881
00000000 00000000 0 0 2097152 4707415 294494 48037 8889
00000000 00000000 0 0 2097152 4757892 246263 48037 11270
00000000 00000000 0 0 2097152 4757892 246263 48037 11278
00000000 00000000 0 0 2097152 4757902 246263 48037 11286
00000000 00000000 0 0 2097152 4757902 246263 48037 11294
00000000 00000000 0 0 2097152 4712195 294792 44097 10288
00000000 00000000 0 0 2097152 4712195 294792 44097 10296
00000000 00000000 0 0 2097152 4712205 294792 44097 10304
00000000 00000000 0 0 2097152 4712205 294792 44097 10312
00000000 00000000 0 0 2097152 4712215 294792 44097 10320
00000000 00000000 0 0 2097152 4712215 294792 44097 10328
00000000 00000000 0 0 2097152 4716472 294792 44097 10784
00000000 00000000 0 0 2097152 4716472 294792 44097 10792
00000000 00000000 0 0 2097152 4716482 294792 44097 10800
00000000 00000000 0 0 2097152 4716482 294792 44097 10808
00000000 00000000 0 0 2097152 4703621 315390 44097 9808
00000000 00000000 0 0 2097152 4703621 315390 44097 9816
00000000 00000000 0 0 2097152 4703631 315380 44097 9824
00000000 00000000 0 0 2097152 4703631 315380 44097 9832
00000000 00000000 0 0 2097152 4703641 315370 44097 9840
00000000 00000000 0 0 2097152 4703641 315370 44097 9848
00000000 00000000 0 0 2097152 4705937 313538 44097 11264
00000000 00000000 0 0 2097152 4705937 313538 44097 11272
00000000 00000000 0 0 2097152 4705947 313538 44097 11280
00000000 00000000 0 0 2097152 4705947 313538 44097 11288
00000000 00000000 0 0 2097152 2900939 2129839 179968 11535
00000000 00000000 0 0 2097152 4973994 70483 44097 12600
00000000 00000000 0 0 2097152 2902532 2143977 179968 13932
00000000 00000000 0 0 2097152 2837059 2219374 179968 14886
00000000 00000000 0 0 2097152 2892732 2164234 179968 13451
00000000 00000000 0 0 2097152 4793344 273135 48037 9346
00000000 00000000 0 0 2097152 4793344 273135 48037 9354
00000000 00000000 0 0 2097152 4793354 273135 48037 9362
00000000 00000000 0 0 2097152 4793354 273135 48037 9370
00000000 00000000 0 0 2097152 4802577 268427 44097 10310
00000000 00000000 0 0 2097152 4802577 268427 44097 10318
00000000 00000000 0 0 2097152 4802587 268427 44097 10326
00000000 00000000 0 0 2097152 4802587 268427 44097 10334
00000000 00000000 0 0 2097152 2834140 2244075 179968 12962
00000000 00000000 0 0 2097152 4845770 237004 44097 10790
00000000 00000000 0 0 2097152 4845770 237004 44097 10798
00000000 00000000 0 0 2097152 4845780 237004 44097 10806
00000000 00000000 0 0 2097152 4845780 237004 44097 10814
00000000 00000000 0 0 2097152 4845790 237004 44097 10822
00000000 00000000 0 0 2097152 4845790 237004 44097 10830
00000000 00000000 0 0 2097152 4769354 317460 44097 8390
00000000 00000000 0 0 2097152 4769354 317460 44097 8398
00000000 00000000 0 0 2097152 4770470 317460 44097 8854
00000000 00000000 0 0 2097152 4770470 317460 44097 8862
00000000 00000000 0 0 2097152 4770480 317460 44097 8870
00000000 00000000 0 0 2097152 4770480 317460 44097 8878
00000000 00000000 0 0 2097152 4770490 317460 44097 8886
00000000 00000000 0 0 2097152 4770490 317460 44097 8894
00000000 00000000 0 0 2097152 4770817 317460 44097 9830
00000000 00000000 0 0 2097152 4770817 317460 44097 9838
00000000 00000000 0 0 2097152 4770827 317460 44097 9846
00000000 00000000 0 0 2097152 4770827 317460 44097 9854
00000000 00000000 0 0 2097152 2853016 2235995 179968 13443
00000000 00000000 0 0 2097152 2858167 2230844 179968 13924
00000000 00000000 0 0 2097152 4772021 326647 44097 9334
00000000 00000000 0 0 2097152 4772021 326647 44097 9342
00000000 00000000 0 0 2097152 4772031 326647 44097 9350
00000000 00000000 0 0 2097152 4772031 326647 44097 9358
00000000 00000000 0 0 2097152 4772041 326647 44097 9366
00000000 00000000 0 0 2097152 4772041 326647 44097 9374
00000000 00000000 0 0 2097152 5004899 103196 44097 8866
00000000 00000000 0 0 2097152 5004899 103196 44097 8874
00000000 00000000 0 0 2097152 5004909 103196 44097 8882
00000000 00000000 0 0 2097152 5004909 103196 44097 8890
00000000 00000000 0 0 2097152 5004919 103196 44097 8898
00000000 00000000 0 0 2097152 5004919 103196 44097 8906
00000000 00000000 0 0 2097152 2856333 2255705 179968 12000
00000000 00000000 0 0 2097152 2902532 2214816 179968 14413
00000000 00000000 0 0 2097152 2890017 2231889 179968 14405
00000000 00000000 0 0 2097152 2900939 2223195 179968 12008
00000000 00000000 0 0 2097152 4767345 358778 44097 7910
00000000 00000000 0 0 2097152 4767345 358778 44097 7918
00000000 00000000 0 0 2097152 5059443 70127 44097 14911
00000000 00000000 0 0 2097152 2892839 2244286 179968 12970
00000000 00000000 0 0 2097152 5081225 70529 44097 12987
00000000 00000000 0 0 2097152 2856333 2303493 176088 11520
00000000 00000000 0 0 2097152 2856333 2303493 176088 12480
00000000 00000000 0 0 2097152 2856333 2303493 176088 12960
00000000 00000000 0 0 2097152 2856333 2303493 176088 13440
00000000 00000000 0 0 2097152 2856333 2303493 176088 13920
00000000 00000000 0 0 2097152 2856333 2303493 176088 14400
00000000 00000000 0 0 2097152 2856333 2303493 176088 14880
00000000 00000000 0 0 2097152 5092021 71722 44097 13949
00000000 00000000 0 0 2097152 5092021 71822 44097 13468
00000000 00000000 0 0 2097152 2853016 2313196 176088 11523
00000000 00000000 0 0 2097152 2853016 2313196 176088 12003
00000000 00000000 0 0 2097152 2853016 2313196 176088 12483
00000000 00000000 0 0 2097152 2853016 2313196 176088 12963
00000000 00000000 0 0 2097152 2853016 2313196 176088 13923
00000000 00000000 0 0 2097152 2853016 2313196 176088 14403
00000000 00000000 0 0 2097152 2853016 2313196 176088 14883
00000000 00000000 0 0 2097152 5115048 70148 44097 12025
00000000 00000000 0 0 2097152 4789113 398337 44097 8369
00000000 00000000 0 0 2097152 4789113 398337 44097 8377
00000000 00000000 0 0 2097152 4789123 398337 44097 8385
00000000 00000000 0 0 2097152 4789123 398337 44097 8393
00000000 00000000 0 0 2097152 4789133 398337 44097 8401
00000000 00000000 0 0 2097152 4789133 398337 44097 8409
00000000 00000000 0 0 2097152 4798590 398337 44097 11233
00000000 00000000 0 0 2097152 4798590 398337 44097 11241
00000000 00000000 0 0 2097152 4798600 398337 44097 11249
00000000 00000000 0 0 2097152 4798600 398337 44097 11257
00000000 00000000 0 0 2097152 4798610 398337 44097 11265
00000000 00000000 0 0 2097152 4798610 398337 44097 11273
00000000 00000000 0 0 2097152 4799969 398812 44097 9809
00000000 00000000 0 0 2097152 4799969 398812 44097 9817
00000000 00000000 0 0 2097152 4801651 399348 44097 7889
00000000 00000000 0 0 2097152 4801651 399348 44097 7897
00000000 00000000 0 0 2097152 4801661 399348 44097 7905
00000000 00000000 0 0 2097152 4801661 399348 44097 7913
00000000 00000000 0 0 2097152 5132580 70685 44097 14920
00000000 00000000 0 0 2097152 5124916 80513 44097 14430
00000000 00000000 0 0 2097152 4807071 399348 44097 10753
00000000 00000000 0 0 2097152 4807071 399348 44097 10761
00000000 00000000 0 0 2097152 4807081 399348 44097 10769
00000000 00000000 0 0 2097152 4807081 399348 44097 10777
00000000 00000000 0 0 2097152 4807091 399348 44097 10785
00000000 00000000 0 0 2097152 4807091 399348 44097 10793
00000000 00000000 0 0 2097152 4970077 236419 44097 9365
00000000 00000000 0 0 2097152 4970077 236419 44097 9373
00000000 00000000 0 0 2097152 4970087 236419 44097 9381
00000000 00000000 0 0 2097152 4970087 236419 44097 9389
00000000 00000000 0 0 2097152 3092023 2115102 179968 12505
00000000 00000000 0 0 2097152 4970762 236419 44097 8885
00000000 00000000 0 0 2097152 4970762 236419 44097 8893
00000000 00000000 0 0 2097152 4970772 236419 44097 8901
00000000 00000000 0 0 2097152 4970772 236419 44097 8909
00000000 00000000 0 0 2097152 5069489 138865 44097 9363
00000000 00000000 0 0 2097152 5069489 138865 44097 9371
00000000 00000000 0 0 2097152 5069499 138865 44097 9379
00000000 00000000 0 0 2097152 5069499 138865 44097 9387
00000000 00000000 0 0 2097152 4811179 397488 44097 10289
00000000 00000000 0 0 2097152 4811179 397488 44097 10297
00000000 00000000 0 0 2097152 2890017 2323874 176088 11525
00000000 00000000 0 0 2097152 2890017 2323874 176088 12005
00000000 00000000 0 0 2097152 2890017 2323874 176088 12485
00000000 00000000 0 0 2097152 2890017 2323874 176088 12965
00000000 00000000 0 0 2097152 2890017 2323874 176088 13445
00000000 00000000 0 0 2097152 2890017 2323874 176088 13925
00000000 00000000 0 0 2097152 2890017 2323874 176088 14885
00000000 00000000 0 0 2097152 5154764 70184 44097 13004
00000000 00000000 0 0 2097152 4939122 293824 44097 8389
00000000 00000000 0 0 2097152 4939122 293824 44097 8397
00000000 00000000 0 0 2097152 4939162 293824 44097 8405
00000000 00000000 0 0 2097152 4939162 293824 44097 8413
00000000 00000000 0 0 2097152 4942938 293824 44097 7909
00000000 00000000 0 0 2097152 4942938 293824 44097 7917
00000000 00000000 0 0 2097152 4942978 293824 44097 7925
00000000 00000000 0 0 2097152 4942978 293824 44097 7933
00000000 00000000 0 0 2097152 4942988 293824 44097 7941
00000000 00000000 0 0 2097152 4942988 293824 44097 7949
00000000 00000000 0 0 2097152 4945018 293824 44097 8421
00000000 00000000 0 0 2097152 4945018 293824 44097 8429
00000000 00000000 0 0 2097152 5166753 72288 44097 13966
00000000 00000000 0 0 2097152 4946165 293824 44097 9845
00000000 00000000 0 0 2097152 4946165 293824 44097 9853
00000000 00000000 0 0 2097152 4946175 293824 44097 9861
00000000 00000000 0 0 2097152 4946175 293824 44097 9869
00000000 00000000 0 0 2097152 5111135 131717 44097 8883
00000000 00000000 0 0 2097152 5111135 131717 44097 8891
00000000 00000000 0 0 2097152 5111145 131717 44097 8899
00000000 00000000 0 0 2097152 5111145 131717 44097 8907
00000000 00000000 0 0 2097152 5111155 131717 44097 8915
00000000 00000000 0 0 2097152 5111155 131717 44097 8923
00000000 00000000 0 0 2097152 5166853 85157 44097 13485
00000000 00000000 0 0 2097152 4908866 349351 44097 10325
00000000 00000000 0 0 2097152 4908866 349351 44097 10333
00000000 00000000 0 0 2097152 5188206 70641 44097 12042
00000000 00000000 0 0 2097152 4937988 321023 44097 11285
00000000 00000000 0 0 2097152 4937988 321023 44097 11293
00000000 00000000 0 0 2097152 3085283 2177978 179968 13948
00000000 00000000 0 0 2097152 4909871 363203 44097 10341
00000000 00000000 0 0 2097152 4909871 363203 44097 10349
00000000 00000000 0 0 2097152 5206275 70404 44097 14937
00000000 00000000 0 0 2097152 5208439 80572 44097 14447
00000000 00000000 0 0 2097152 5227958 71083 44097 13021
00000000 00000000 0 0 2097152 4935175 382825 44097 9361
00000000 00000000 0 0 2097152 4935175 382825 44097 9369
00000000 00000000 0 0 2097152 5255020 71679 44097 13502
00000000 00000000 0 0 2097152 5242051 85994 44097 13983
00000000 00000000 0 0 2097152 5007165 323538 44097 11287
00000000 00000000 0 0 2097152 5007165 323538 44097 11295
00000000 00000000 0 0 2097152 5007175 323538 44097 11303
00000000 00000000 0 0 2097152 5007175 323538 44097 11311
00000000 00000000 0 0 2097152 3084179 2251276 179968 13467
00000000 00000000 0 0 2097152 5261857 73627 44097 12059
00000000 00000000 0 0 2097152 4959583 379877 44097 8417
00000000 00000000 0 0 2097152 4959583 379877 44097 8425
00000000 00000000 0 0 2097152 3256470 2086645 179968 13964
00000000 00000000 0 0 2097152 5101708 243613 44097 9351
00000000 00000000 0 0 2097152 5101708 243613 44097 9359
00000000 00000000 0 0 2097152 5101748 243613 44097 9367
00000000 00000000 0 0 2097152 5101748 243613 44097 9375
00000000 00000000 0 0 2097152 5101758 243613 44097 9383
00000000 00000000 0 0 2097152 5101758 243613 44097 9391
00000000 00000000 0 0 2097152 5279689 70540 44097 14954
00000000 00000000 0 0 2097152 5211364 143807 44097 9380
00000000 00000000 0 0 2097152 5211364 143807 44097 9388
00000000 00000000 0 0 2097152 5211404 143807 44097 9396
00000000 00000000 0 0 2097152 5211404 143807 44097 9404
00000000 00000000 0 0 2097152 5129133 232453 48037 7927
00000000 00000000 0 0 2097152 5129133 232453 48037 7935
00000000 00000000 0 0 2097152 5022021 342198 44097 9825
00000000 00000000 0 0 2097152 5022021 342198 44097 9833
00000000 00000000 0 0 2097152 5022031 342198 44097 9841
00000000 00000000 0 0 2097152 5022031 342198 44097 9849
00000000 00000000 0 0 2097152 5022041 342198 44097 9857
00000000 00000000 0 0 2097152 5022041 342198 44097 9865
00000000 00000000 0 0 2097152 5022515 342198 44097 11281
00000000 00000000 0 0 2097152 5022515 342198 44097 11289
00000000 00000000 0 0 2097152 5022525 342198 44097 11297
00000000 00000000 0 0 2097152 5022525 342198 44097 11305
00000000 00000000 0 0 2097152 4988480 379988 44097 7921
00000000 00000000 0 0 2097152 4988480 379988 44097 7929
00000000 00000000 0 0 2097152 4988490 379988 44097 7937
00000000 00000000 0 0 2097152 4988490 379988 44097 7945
00000000 00000000 0 0 2097152 5302051 71163 44097 13038
00000000 00000000 0 0 2097152 5292021 81541 44097 14456
00000000 00000000 0 0 2097152 5089854 283796 44097 8407
00000000 00000000 0 0 2097152 5089854 283796 44097 8415
00000000 00000000 0 0 2097152 5090970 283796 44097 8871
00000000 00000000 0 0 2097152 5090970 283796 44097 8879
00000000 00000000 0 0 2097152 5091010 283796 44097 8887
00000000 00000000 0 0 2097152 5091010 283796 44097 8895
00000000 00000000 0 0 2097152 5091020 283796 44097 8903
00000000 00000000 0 0 2097152 5091020 283796 44097 8911
00000000 00000000 0 0 2097152 5091287 283796 44097 9847
00000000 00000000 0 0 2097152 5091287 283796 44097 9855
00000000 00000000 0 0 2097152 5091297 283796 44097 9863
00000000 00000000 0 0 2097152 5091297 283796 44097 9871
00000000 00000000 0 0 2097152 5009997 369014 44097 10305
00000000 00000000 0 0 2097152 5009997 369014 44097 10313
00000000 00000000 0 0 2097152 5010007 369004 44097 10321
00000000 00000000 0 0 2097152 5010007 369004 44097 10329
00000000 00000000 0 0 2097152 5010017 368994 44097 10337
00000000 00000000 0 0 2097152 5010017 368994 44097 10345
00000000 00000000 0 0 2097152 5014304 364707 44097 10801
00000000 00000000 0 0 2097152 5014304 364707 44097 10809
00000000 00000000 0 0 2097152 5014314 364697 44097 10817
00000000 00000000 0 0 2097152 5014314 364697 44097 10825
00000000 00000000 0 0 2097152 5245862 135730 44097 8900
00000000 00000000 0 0 2097152 5245862 135730 44097 8908
00000000 00000000 0 0 2097152 5245872 135730 44097 8916
00000000 00000000 0 0 2097152 5245872 135730 44097 8924
00000000 00000000 0 0 2097152 5245882 135730 44097 8932
00000000 00000000 0 0 2097152 5245882 135730 44097 8940
00000000 00000000 0 0 2097152 4169099 1231464 176088 12023
00000000 00000000 0 0 2097152 4169099 1231464 176088 12503
00000000 00000000 0 0 2097152 4169099 1231464 176088 12983
00000000 00000000 0 0 2097152 4169099 1231464 176088 13463
00000000 00000000 0 0 2097152 4169099 1231464 176088 13943
00000000 00000000 0 0 2097152 4169099 1231464 176088 14423
00000000 00000000 0 0 2097152 5085784 317428 44097 10807
00000000 00000000 0 0 2097152 5085784 317428 44097 10815
00000000 00000000 0 0 2097152 5085794 317428 44097 10823
00000000 00000000 0 0 2097152 5085794 317428 44097 10831
00000000 00000000 0 0 2097152 5085834 317428 44097 10839
00000000 00000000 0 0 2097152 5085834 317428 44097 10847
00000000 00000000 0 0 2097152 5331055 72896 44097 13992
00000000 00000000 0 0 2097152 5074044 334967 44097 10327
00000000 00000000 0 0 2097152 5074044 334967 44097 10335
00000000 00000000 0 0 2097152 5074054 334957 44097 10343
00000000 00000000 0 0 2097152 5074054 334957 44097 10351
00000000 00000000 0 0 2097152 5338494 70517 44097 12076
00000000 00000000 0 0 2097152 5329709 80272 44097 13519
00000000 00000000 0 0 2097152 3087327 2333516 179968 11551
00000000 00000000 0 0 2097152 5353239 70470 44097 14971
00000000 00000000 0 0 2097152 3094472 2331846 179968 14910
00000000 00000000 0 0 2097152 3091636 2338072 179968 14429
00000000 00000000 0 0 2097152 5376224 71857 44097 13055
00000000 00000000 0 0 2097152 3085138 2368064 179968 12986
00000000 00000000 0 0 2097152 5376572 85714 44097 14473
00000000 00000000 0 0 2097152 5261227 223884 44097 10342
00000000 00000000 0 0 2097152 5261227 223884 44097 10350
00000000 00000000 0 0 2097152 5262021 223695 48037 11302
00000000 00000000 0 0 2097152 5262021 223695 48037 11310
00000000 00000000 0 0 2097152 5412021 73879 44097 12093
00000000 00000000 0 0 2097152 5412991 73701 44097 13528
00000000 00000000 0 0 2097152 5239772 251820 44097 7926
00000000 00000000 0 0 2097152 5239772 251820 44097 7934
00000000 00000000 0 0 2097152 5239812 251820 44097 7942
00000000 00000000 0 0 2097152 5239812 251820 44097 7950
00000000 00000000 0 0 2097152 5239852 251820 44097 7958
00000000 00000000 0 0 2097152 5239852 251820 44097 7966
00000000 00000000 0 0 2097152 5276084 217290 44097 10358
00000000 00000000 0 0 2097152 5276084 217290 44097 10366
00000000 00000000 0 0 2097152 5406961 86633 44097 14009
00000000 00000000 0 0 2097152 5241882 251820 44097 8438
00000000 00000000 0 0 2097152 5241882 251820 44097 8446
00000000 00000000 0 0 2097152 5242999 251820 44097 9862
00000000 00000000 0 0 2097152 5242999 251820 44097 9870
00000000 00000000 0 0 2097152 5243009 251820 44097 9878
00000000 00000000 0 0 2097152 5243009 251820 44097 9886
00000000 00000000 0 0 2097152 5358181 139713 44097 9397
00000000 00000000 0 0 2097152 5358181 139713 44097 9405
00000000 00000000 0 0 2097152 5358221 139713 44097 9413
00000000 00000000 0 0 2097152 5358221 139713 44097 9421
00000000 00000000 0 0 2097152 5426719 72292 44097 14988
00000000 00000000 0 0 2097152 3329410 2179601 179968 12521
00000000 00000000 0 0 2097152 3257358 2256632 179968 13483
00000000 00000000 0 0 2097152 5235986 278067 44097 8406
00000000 00000000 0 0 2097152 5235986 278067 44097 8414
00000000 00000000 0 0 2097152 5235996 278067 44097 8422
00000000 00000000 0 0 2097152 5235996 278067 44097 8430
00000000 00000000 0 0 2097152 3410371 2104329 179968 13980
00000000 00000000 0 0 2097152 5384602 136616 44097 8917
00000000 00000000 0 0 2097152 5384602 136616 44097 8925
00000000 00000000 0 0 2097152 5384612 136616 44097 8933
00000000 00000000 0 0 2097152 5384612 136616 44097 8941
00000000 00000000 0 0 2097152 5384622 136616 44097 8949
00000000 00000000 0 0 2097152 5384622 136616 44097 8957
00000000 00000000 0 0 2097152 5451091 71233 44097 13064
00000000 00000000 0 0 2097152 4196548 1332374 176088 11538
00000000 00000000 0 0 2097152 4196548 1332374 176088 12018
00000000 00000000 0 0 2097152 4196548 1332374 176088 13458
00000000 00000000 0 0 2097152 4196548 1332374 176088 13938
00000000 00000000 0 0 2097152 4196548 1332374 176088 14418
00000000 00000000 0 0 2097152 4196548 1332374 176088 14898
00000000 00000000 0 0 2097152 5321010 217981 48037 9378
00000000 00000000 0 0 2097152 5321010 217981 48037 9386
00000000 00000000 0 0 2097152 3156932 2386903 179968 12024
00000000 00000000 0 0 2097152 5465296 84267 44097 14490
00000000 00000000 0 0 2097152 5488910 70460 44097 12110
00000000 00000000 0 0 2097152 5209506 351190 44097 9382
00000000 00000000 0 0 2097152 5209506 351190 44097 9390
00000000 00000000 0 0 2097152 5209516 351190 44097 9398
00000000 00000000 0 0 2097152 5209516 351190 44097 9406
00000000 00000000 0 0 2097152 3263376 2297760 179968 14926
00000000 00000000 0 0 2097152 5210191 351190 44097 8902
00000000 00000000 0 0 2097152 5210191 351190 44097 8910
00000000 00000000 0 0 2097152 5210231 351190 44097 8918
00000000 00000000 0 0 2097152 5210231 351190 44097 8926
00000000 00000000 0 0 2097152 5489702 82270 44097 13545
00000000 00000000 0 0 2097152 5502021 71017 44097 15005
00000000 00000000 0 0 2097152 5190490 384083 44097 8386
00000000 00000000 0 0 2097152 5190490 384083 44097 8394
00000000 00000000 0 0 2097152 5190530 384083 44097 8402
00000000 00000000 0 0 2097152 5190530 384083 44097 8410
00000000 00000000 0 0 2097152 5190540 384083 44097 8418
00000000 00000000 0 0 2097152 5190540 384083 44097 8426
00000000 00000000 0 0 2097152 3257259 2326469 179968 14445
00000000 00000000 0 0 2097152 5496604 90131 44097 14026
00000000 00000000 0 0 2097152 4411912 1177099 176088 12498
00000000 00000000 0 0 2097152 3263614 2325397 179968 13002
00000000 00000000 0 0 2097152 3556458 2032553 179968 13996
00000000 00000000 0 0 2097152 3993678 1600756 179968 14028
00000000 00000000 0 0 2097152 5199937 398209 44097 11250
00000000 00000000 0 0 2097152 5199937 398209 44097 11258
00000000 00000000 0 0 2097152 5199947 398209 44097 11266
00000000 00000000 0 0 2097152 5199947 398209 44097 11274
00000000 00000000 0 0 2097152 5199957 398209 44097 11282
00000000 00000000 0 0 2097152 5199957 398209 44097 11290
00000000 00000000 0 0 2097152 5525334 73658 44097 13081
00000000 00000000 0 0 2097152 5201791 398209 44097 9826
00000000 00000000 0 0 2097152 5201791 398209 44097 9834
00000000 00000000 0 0 2097152 5204009 398209 44097 7906
00000000 00000000 0 0 2097152 5204009 398209 44097 7914
00000000 00000000 0 0 2097152 5204019 398209 44097 7922
00000000 00000000 0 0 2097152 5204019 398209 44097 7930
00000000 00000000 0 0 2097152 4027717 1574529 179968 14044
00000000 00000000 0 0 2097152 5209429 395395 44097 10770
00000000 00000000 0 0 2097152 5209429 395395 44097 10778
00000000 00000000 0 0 2097152 5209439 395395 44097 10786
00000000 00000000 0 0 2097152 5209439 395395 44097 10794
00000000 00000000 0 0 2097152 5209449 395395 44097 10802
00000000 00000000 0 0 2097152 5209449 395395 44097 10810
00000000 00000000 0 0 2097152 5211677 395395 44097 10306
00000000 00000000 0 0 2097152 5211677 395395 44097 10314
00000000 00000000 0 0 2097152 5376660 233074 48037 8416
00000000 00000000 0 0 2097152 5376660 233074 48037 8424
00000000 00000000 0 0 2097152 3549431 2069580 179968 12537
00000000 00000000 0 0 2097152 3730385 1888626 179968 14012
00000000 00000000 0 0 2097152 4188365 1430646 179968 14421
00000000 00000000 0 0 2097152 5562380 70642 44097 12127
00000000 00000000 0 0 2097152 5552573 80458 44097 14507
00000000 00000000 0 0 2097152 3613382 2019860 179968 12553
00000000 00000000 0 0 2097152 3878269 1760742 179968 12601
00000000 00000000 0 0 2097152 3409438 2229573 179968 14461
00000000 00000000 0 0 2097152 5412021 232255 44097 10336
00000000 00000000 0 0 2097152 5412021 232255 44097 10344
00000000 00000000 0 0 2097152 5412031 232255 44097 10352
00000000 00000000 0 0 2097152 5412031 232255 44097 10360
00000000 00000000 0 0 2097152 3720365 1924065 179968 12569
00000000 00000000 0 0 2097152 5574982 70099 44097 13562
00000000 00000000 0 0 2097152 3817507 1836219 179968 14509
00000000 00000000 0 0 2097152 3401031 2258506 179968 14942
00000000 00000000 0 0 2097152 5406222 253602 44097 10816
00000000 00000000 0 0 2097152 5406222 253602 44097 10824
00000000 00000000 0 0 2097152 5406262 253602 44097 10832
00000000 00000000 0 0 2097152 5406262 253602 44097 10840
00000000 00000000 0 0 2097152 5406302 253602 44097 10848
00000000 00000000 0 0 2097152 5406302 253602 44097 10856
00000000 00000000 0 0 2097152 5589745 75248 44097 14043
00000000 00000000 0 0 2097152 3796852 1872159 179968 12585
00000000 00000000 0 0 2097152 3543809 2125202 179968 14477
00000000 00000000 0 0 2097152 3665799 2003212 179968 14493
00000000 00000000 0 0 2097152 3891435 1782994 179968 15006
00000000 00000000 0 0 2097152 5500904 173949 44097 9414
00000000 00000000 0 0 2097152 5500904 173949 44097 9422
00000000 00000000 0 0 2097152 5500944 173949 44097 9430
00000000 00000000 0 0 2097152 5500944 173949 44097 9438
00000000 00000000 0 0 2097152 4072021 1608792 179968 14525
00000000 00000000 0 0 2097152 5524228 157289 44097 8934
00000000 00000000 0 0 2097152 5524228 157289 44097 8942
00000000 00000000 0 0 2097152 5524238 157289 44097 8950
00000000 00000000 0 0 2097152 5524238 157289 44097 8958
00000000 00000000 0 0 2097152 5524248 157289 44097 8966
00000000 00000000 0 0 2097152 5524248 157289 44097 8974
00000000 00000000 0 0 2097152 5622021 70726 44097 14446
00000000 00000000 0 0 2097152 3340446 2353959 179968 12040
00000000 00000000 0 0 2097152 4196548 1500752 179968 12978
00000000 00000000 0 0 2097152 5377776 325516 44097 8880
00000000 00000000 0 0 2097152 5377776 325516 44097 8888
00000000 00000000 0 0 2097152 5377816 325516 44097 8896
00000000 00000000 0 0 2097152 5377816 325516 44097 8904
00000000 00000000 0 0 2097152 5377856 325516 44097 8912
00000000 00000000 0 0 2097152 5377856 325516 44097 8920
00000000 00000000 0 0 2097152 5378093 325516 44097 9856
00000000 00000000 0 0 2097152 5378093 325516 44097 9864
00000000 00000000 0 0 2097152 5378103 325516 44097 9872
00000000 00000000 0 0 2097152 5378103 325516 44097 9880
00000000 00000000 0 0 2097152 5364596 339412 44097 7936
00000000 00000000 0 0 2097152 5364596 339412 44097 7944
00000000 00000000 0 0 2097152 5636041 70878 44097 14524
00000000 00000000 0 0 2097152 5333713 374516 44097 11296
00000000 00000000 0 0 2097152 5333713 374516 44097 11304
00000000 00000000 0 0 2097152 5333753 374516 44097 11312
00000000 00000000 0 0 2097152 5333753 374516 44097 11320
00000000 00000000 0 0 2097152 3542852 2166159 179968 14958
00000000 00000000 0 0 2097152 3653797 2065214 179968 14974
00000000 00000000 0 0 2097152 5348361 373194 44097 9360
00000000 00000000 0 0 2097152 5348361 373194 44097 9368
00000000 00000000 0 0 2097152 5348371 373194 44097 9376
00000000 00000000 0 0 2097152 5348371 373194 44097 9384
00000000 00000000 0 0 2097152 5348381 373194 44097 9392
00000000 00000000 0 0 2097152 5348381 373194 44097 9400
00000000 00000000 0 0 2097152 5342500 381467 44097 8434
00000000 00000000 0 0 2097152 5342500 381467 44097 8442
00000000 00000000 0 0 2097152 5382021 342030 44097 10322
00000000 00000000 0 0 2097152 5382021 342030 44097 10330
00000000 00000000 0 0 2097152 5382021 342030 44097 10818
00000000 00000000 0 0 2097152 5382021 342030 44097 10826
00000000 00000000 0 0 2097152 5382031 342030 44097 10338
00000000 00000000 0 0 2097152 5382031 342030 44097 10346
00000000 00000000 0 0 2097152 5382031 342030 44097 10834
00000000 00000000 0 0 2097152 5382031 342030 44097 10842
00000000 00000000 0 0 2097152 5382041 342030 44097 10354
00000000 00000000 0 0 2097152 5382041 342030 44097 10362
00000000 00000000 0 0 2097152 3485874 2238578 179968 13018
00000000 00000000 0 0 2097152 5371478 369311 44097 7938
00000000 00000000 0 0 2097152 5371478 369311 44097 7946
00000000 00000000 0 0 2097152 5371488 369311 44097 7954
00000000 00000000 0 0 2097152 5371488 369311 44097 7962
00000000 00000000 0 0 2097152 3422015 2323906 179968 13499
00000000 00000000 0 0 2097152 5367259 380796 44097 9842
00000000 00000000 0 0 2097152 5367259 380796 44097 9850
00000000 00000000 0 0 2097152 5367269 380796 44097 9858
00000000 00000000 0 0 2097152 5367269 380796 44097 9866
00000000 00000000 0 0 2097152 5367279 380796 44097 9874
00000000 00000000 0 0 2097152 5367279 380796 44097 9882
00000000 00000000 0 0 2097152 5367723 380796 44097 11298
00000000 00000000 0 0 2097152 5367723 380796 44097 11306
00000000 00000000 0 0 2097152 5367763 380796 44097 11314
00000000 00000000 0 0 2097152 5367763 380796 44097 11322
00000000 00000000 0 0 2097152 3847345 1901666 179968 13066
00000000 00000000 0 0 2097152 3883605 1865406 179968 13082
00000000 00000000 0 0 2097152 3752871 1996140 179968 14990
00000000 00000000 0 0 2097152 5695757 70403 44097 14463
00000000 00000000 0 0 2097152 5700310 70968 44097 13003
00000000 00000000 0 0 2097152 3794427 1978024 179968 13050
00000000 00000000 0 0 2097152 3730416 2048595 179968 13034
00000000 00000000 0 0 2097152 3266088 2522031 179968 11567
00000000 00000000 0 0 2097152 3449283 2348864 179968 12056
00000000 00000000 0 0 2097152 5494602 304058 48037 7943
00000000 00000000 0 0 2097152 5494602 304058 48037 7951
00000000 00000000 0 0 2097152 5494672 304058 48037 7959
00000000 00000000 0 0 2097152 5494672 304058 48037 7967
00000000 00000000 0 0 2097152 5494712 304058 48037 7975
00000000 00000000 0 0 2097152 5494712 304058 48037 7983
00000000 00000000 0 0 2097152 4171395 1657380 179968 12016
00000000 00000000 0 0 2097152 5769170 69982 44097 14472
00000000 00000000 0 0 2097152 5774288 70161 44097 13020
00000000 00000000 0 0 2097152 5488121 372893 44097 10359
00000000 00000000 0 0 2097152 5488121 372893 44097 10367
00000000 00000000 0 0 2097152 5488726 372893 44097 11319
00000000 00000000 0 0 2097152 5488726 372893 44097 11327
00000000 00000000 0 0 2097152 5517063 346771 44097 8423
00000000 00000000 0 0 2097152 5517063 346771 44097 8431
00000000 00000000 0 0 2097152 5517073 346771 44097 8439
00000000 00000000 0 0 2097152 5517073 346771 44097 8447
00000000 00000000 0 0 2097152 5517083 346771 44097 8455
00000000 00000000 0 0 2097152 5517083 346771 44097 8463
00000000 00000000 0 0 2097152 5496414 371455 44097 10375
00000000 00000000 0 0 2097152 5496414 371455 44097 10383
00000000 00000000 0 0 2097152 5497859 371455 44097 9879
00000000 00000000 0 0 2097152 5497859 371455 44097 9887
00000000 00000000 0 0 2097152 5497899 371455 44097 9895
00000000 00000000 0 0 2097152 5497899 371455 44097 9903
00000000 00000000 0 0 2097152 5563706 311157 44097 9399
00000000 00000000 0 0 2097152 5563706 311157 44097 9407
00000000 00000000 0 0 2097152 5563716 311157 44097 9415
00000000 00000000 0 0 2097152 5563716 311157 44097 9423
00000000 00000000 0 0 2097152 5564391 311157 44097 8919
00000000 00000000 0 0 2097152 5564391 311157 44097 8927
00000000 00000000 0 0 2097152 5564431 311157 44097 8935
00000000 00000000 0 0 2097152 5564431 311157 44097 8943
00000000 00000000 0 0 2097152 5542001 333990 44097 9395
00000000 00000000 0 0 2097152 5542001 333990 44097 9403
00000000 00000000 0 0 2097152 4169099 1723132 179968 11543
00000000 00000000 0 0 2097152 5684527 221366 44097 8951
00000000 00000000 0 0 2097152 5684527 221366 44097 8959
00000000 00000000 0 0 2097152 5684537 221366 44097 8967
00000000 00000000 0 0 2097152 5684537 221366 44097 8975
00000000 00000000 0 0 2097152 5684547 221366 44097 8983
00000000 00000000 0 0 2097152 5684547 221366 44097 8991
00000000 00000000 0 0 2097152 3472842 2436798 179968 11583
00000000 00000000 0 0 2097152 5612744 299305 44097 8433
00000000 00000000 0 0 2097152 5612744 299305 44097 8441
00000000 00000000 0 0 2097152 5847459 70568 44097 13037
00000000 00000000 0 0 2097152 5677863 242108 44097 9431
00000000 00000000 0 0 2097152 5677863 242108 44097 9439
00000000 00000000 0 0 2097152 5677903 242108 44097 9447
00000000 00000000 0 0 2097152 5677903 242108 44097 9455
00000000 00000000 0 0 2097152 5831785 89573 44097 12041
00000000 00000000 0 0 2097152 5842162 86573 44097 14489
00000000 00000000 0 0 2097152 5603010 336180 48037 9843
00000000 00000000 0 0 2097152 5603010 336180 48037 9851
00000000 00000000 0 0 2097152 5706302 233002 48037 8897
00000000 00000000 0 0 2097152 5706302 233002 48037 8905
00000000 00000000 0 0 2097152 5706372 233002 48037 8913
00000000 00000000 0 0 2097152 5706372 233002 48037 8921
00000000 00000000 0 0 2097152 5706412 233002 48037 8929
00000000 00000000 0 0 2097152 5706412 233002 48037 8937
00000000 00000000 0 0 2097152 3599418 2342667 179968 11599
00000000 00000000 0 0 2097152 5879001 69286 44097 9412
00000000 00000000 0 0 2097152 5879001 69286 44097 9420
00000000 00000000 0 0 2097152 3701089 2257922 179968 11615
00000000 00000000 0 0 2097152 5724565 237939 44097 9377
00000000 00000000 0 0 2097152 5724565 237939 44097 9385
00000000 00000000 0 0 2097152 5724575 237939 44097 9393
00000000 00000000 0 0 2097152 5724575 237939 44097 9401
00000000 00000000 0 0 2097152 5724585 237939 44097 9409
00000000 00000000 0 0 2097152 5724585 237939 44097 9417
00000000 00000000 0 0 2097152 5711269 252880 44097 11313
00000000 00000000 0 0 2097152 5711269 252880 44097 11321
00000000 00000000 0 0 2097152 5711309 252880 44097 11329
00000000 00000000 0 0 2097152 5711309 252880 44097 11337
00000000 00000000 0 0 2097152 5895241 70416 44097 11560
00000000 00000000 0 0 2097152 5577583 390129 44097 8403
00000000 00000000 0 0 2097152 5577583 390129 44097 8411
00000000 00000000 0 0 2097152 5577623 390129 44097 8419
00000000 00000000 0 0 2097152 5577623 390129 44097 8427
00000000 00000000 0 0 2097152 5577663 390129 44097 8435
00000000 00000000 0 0 2097152 5577663 390129 44097 8443
00000000 00000000 0 0 2097152 5662834 305771 44097 10833
00000000 00000000 0 0 2097152 5662834 305771 44097 10841
00000000 00000000 0 0 2097152 5662874 305771 44097 10849
00000000 00000000 0 0 2097152 5662874 305771 44097 10857
00000000 00000000 0 0 2097152 5662914 305771 44097 10865
00000000 00000000 0 0 2097152 5662914 305771 44097 10873
00000000 00000000 0 0 2097152 5647286 330737 44097 10353
00000000 00000000 0 0 2097152 5647286 330737 44097 10361
00000000 00000000 0 0 2097152 5647296 330737 44097 10369
00000000 00000000 0 0 2097152 5647296 330737 44097 10377
00000000 00000000 0 0 2097152 5707048 271963 44097 7953
00000000 00000000 0 0 2097152 5707048 271963 44097 7961
00000000 00000000 0 0 2097152 5706649 272362 44097 9873
00000000 00000000 0 0 2097152 5706649 272362 44097 9881
00000000 00000000 0 0 2097152 5706689 272322 44097 9889
00000000 00000000 0 0 2097152 5706689 272322 44097 9897
00000000 00000000 0 0 2097152 3761393 2217618 179968 11631
00000000 00000000 0 0 2097152 3825838 2153173 179968 11647
00000000 00000000 0 0 2097152 5921037 70790 44097 13054
00000000 00000000 0 0 2097152 5601186 394293 44097 11267
00000000 00000000 0 0 2097152 5601186 394293 44097 11275
00000000 00000000 0 0 2097152 5601226 394293 44097 11283
00000000 00000000 0 0 2097152 5601226 394293 44097 11291
00000000 00000000 0 0 2097152 5601236 394293 44097 11299
00000000 00000000 0 0 2097152 5601236 394293 44097 11307
00000000 00000000 0 0 2097152 5610082 389067 44097 10323
00000000 00000000 0 0 2097152 5610082 389067 44097 10331
00000000 00000000 0 0 2097152 5605228 393947 44097 7923
00000000 00000000 0 0 2097152 5605228 393947 44097 7931
00000000 00000000 0 0 2097152 5605238 393947 44097 7939
00000000 00000000 0 0 2097152 5605238 393947 44097 7947
00000000 00000000 0 0 2097152 5607864 393947 44097 10787
00000000 00000000 0 0 2097152 5607864 393947 44097 10795
00000000 00000000 0 0 2097152 5607904 393947 44097 10803
00000000 00000000 0 0 2097152 5607904 393947 44097 10811
00000000 00000000 0 0 2097152 5607914 393947 44097 10819
00000000 00000000 0 0 2097152 5607914 393947 44097 10827
00000000 00000000 0 0 2097152 5924368 88299 44097 12058
00000000 00000000 0 0 2097152 5931745 84207 44097 14506
00000000 00000000 0 0 2097152 5751529 267482 44097 11315
00000000 00000000 0 0 2097152 5751529 267482 44097 11323
00000000 00000000 0 0 2097152 5751569 267442 44097 11331
00000000 00000000 0 0 2097152 5751569 267442 44097 11339
00000000 00000000 0 0 2097152 5951297 69819 44097 9429
00000000 00000000 0 0 2097152 5951297 69819 44097 9437
00000000 00000000 0 0 2097152 5968667 71275 44097 11577
00000000 00000000 0 0 2097152 5743829 302840 44097 7955
00000000 00000000 0 0 2097152 5743829 302840 44097 7963
00000000 00000000 0 0 2097152 5743869 302840 44097 7971
00000000 00000000 0 0 2097152 5743869 302840 44097 7979
00000000 00000000 0 0 2097152 4582876 1466135 179968 11663
00000000 00000000 0 0 2097152 5994837 70448 44097 13071
00000000 00000000 0 0 2097152 3610261 2457119 179968 12072
00000000 00000000 0 0 2097152 3620865 2446960 179968 13515
00000000 00000000 0 0 2097152 5751065 320759 48037 9859
00000000 00000000 0 0 2097152 5751065 320759 48037 9867
00000000 00000000 0 0 2097152 5751075 320759 48037 9875
00000000 00000000 0 0 2097152 5751075 320759 48037 9883
00000000 00000000 0 0 2097152 5751085 320759 48037 9891
00000000 00000000 0 0 2097152 5751085 320759 48037 9899
00000000 00000000 0 0 2097152 4909262 1166751 176088 14903
00000000 00000000 0 0 2097152 5726977 360101 44097 8451
00000000 00000000 0 0 2097152 5726977 360101 44097 8459
00000000 00000000 0 0 2097152 5727061 360101 44097 10339
00000000 00000000 0 0 2097152 5727061 360101 44097 10347
00000000 00000000 0 0 2097152 5727091 360101 44097 10835
00000000 00000000 0 0 2097152 5727091 360101 44097 10843
00000000 00000000 0 0 2097152 5727101 360101 44097 10355
00000000 00000000 0 0 2097152 5727101 360101 44097 10363
00000000 00000000 0 0 2097152 5727131 360101 44097 10851
00000000 00000000 0 0 2097152 5727131 360101 44097 10859
00000000 00000000 0 0 2097152 5727141 360101 44097 10371
00000000 00000000 0 0 2097152 5727141 360101 44097 10379
00000000 00000000 0 0 2097152 4172154 1916857 179968 13459
00000000 00000000 0 0 2097152 5169222 919789 179968 13940
00000000 00000000 0 0 2097152 6024126 68589 44097 9446
00000000 00000000 0 0 2097152 6024126 68589 44097 9454
00000000 00000000 0 0 2097152 6015677 82184 44097 12075
00000000 00000000 0 0 2097152 6018962 82184 44097 14523
00000000 00000000 0 0 2097152 6042952 71058 44097 11594
00000000 00000000 0 0 2097152 3938602 2176571 179968 13547
00000000 00000000 0 0 2097152 3709879 2414627 179968 12088
00000000 00000000 0 0 2097152 3952021 2177953 179968 13563
00000000 00000000 0 0 2097152 6068295 71021 44097 13080
00000000 00000000 0 0 2097152 5922981 231457 44097 9440
00000000 00000000 0 0 2097152 5922981 231457 44097 9448
00000000 00000000 0 0 2097152 5923021 231457 44097 9456
00000000 00000000 0 0 2097152 5923021 231457 44097 9464
00000000 00000000 0 0 2097152 5866844 293091 48037 8432
00000000 00000000 0 0 2097152 5866844 293091 48037 8440
00000000 00000000 0 0 2097152 5866854 293091 48037 8448
00000000 00000000 0 0 2097152 5866854 293091 48037 8456
00000000 00000000 0 0 2097152 5866864 293091 48037 8464
00000000 00000000 0 0 2097152 5866864 293091 48037 8472
00000000 00000000 0 0 2097152 5216901 947964 179968 14902
00000000 00000000 0 0 2097152 5908903 257032 44097 8960
00000000 00000000 0 0 2097152 5908903 257032 44097 8968
00000000 00000000 0 0 2097152 5908913 257032 44097 8976
00000000 00000000 0 0 2097152 5908913 257032 44097 8984
00000000 00000000 0 0 2097152 5908923 257032 44097 8992
00000000 00000000 0 0 2097152 5908923 257032 44097 9000
00000000 00000000 0 0 2097152 5801670 365228 44097 7952
00000000 00000000 0 0 2097152 5801670 365228 44097 7960
00000000 00000000 0 0 2097152 5801740 365228 44097 7968
00000000 00000000 0 0 2097152 5801740 365228 44097 7976
00000000 00000000 0 0 2097152 5801780 365228 44097 7984
00000000 00000000 0 0 2097152 5801780 365228 44097 7992
00000000 00000000 0 0 2097152 6092021 78386 44097 13965
00000000 00000000 0 0 2097152 6095725 78796 44097 9463
00000000 00000000 0 0 2097152 6095725 78796 44097 9471
00000000 00000000 0 0 2097152 5965514 209843 48037 9394
00000000 00000000 0 0 2097152 5965514 209843 48037 9402
00000000 00000000 0 0 2097152 5965524 209843 48037 9410
00000000 00000000 0 0 2097152 5965524 209843 48037 9418
00000000 00000000 0 0 2097152 5965534 209843 48037 9426
00000000 00000000 0 0 2097152 5965534 209843 48037 9434
00000000 00000000 0 0 2097152 3804579 2374432 179968 12104
00000000 00000000 0 0 2097152 3850779 2328232 179968 12120
00000000 00000000 0 0 2097152 5047487 1131524 179968 12617
00000000 00000000 0 0 2097152 3887698 2291313 179968 13531
00000000 00000000 0 0 2097152 6117020 70344 44097 11611
00000000 00000000 0 0 2097152 6092021 107426 44097 13484
00000000 00000000 0 0 2097152 6100871 106337 44097 12092
00000000 00000000 0 0 2097152 6104156 106337 44097 14540
00000000 00000000 0 0 2097152 6142326 71263 44097 13097
00000000 00000000 0 0 2097152 5915059 302275 44097 8450
00000000 00000000 0 0 2097152 5915059 302275 44097 8458
00000000 00000000 0 0 2097152 5870879 348953 44097 10384
00000000 00000000 0 0 2097152 5870879 348953 44097 10392
00000000 00000000 0 0 2097152 5872324 348953 44097 9888
00000000 00000000 0 0 2097152 5872324 348953 44097 9896
00000000 00000000 0 0 2097152 5872364 348953 44097 9904
00000000 00000000 0 0 2097152 5872364 348953 44097 9912
00000000 00000000 0 0 2097152 5981033 240988 44097 10370
00000000 00000000 0 0 2097152 5981033 240988 44097 10378
00000000 00000000 0 0 2097152 5981043 240988 44097 10386
00000000 00000000 0 0 2097152 5981043 240988 44097 10394
00000000 00000000 0 0 2097152 5864024 358162 44097 10368
00000000 00000000 0 0 2097152 5864024 358162 44097 10376
00000000 00000000 0 0 2097152 5162836 1059676 179968 12497
00000000 00000000 0 0 2097152 5864629 358162 44097 11328
00000000 00000000 0 0 2097152 5864629 358162 44097 11336
00000000 00000000 0 0 2097152 5982021 240988 44097 7970
00000000 00000000 0 0 2097152 5982021 240988 44097 7978
00000000 00000000 0 0 2097152 5982021 240988 44097 9890
00000000 00000000 0 0 2097152 5982021 240988 44097 9898
00000000 00000000 0 0 2097152 5982031 240988 44097 9906
00000000 00000000 0 0 2097152 5982031 240988 44097 9914
00000000 00000000 0 0 2097152 5877873 348953 44097 9408
00000000 00000000 0 0 2097152 5877873 348953 44097 9416
00000000 00000000 0 0 2097152 5877883 348953 44097 9424
00000000 00000000 0 0 2097152 5877883 348953 44097 9432
00000000 00000000 0 0 2097152 5878558 348953 44097 8928
00000000 00000000 0 0 2097152 5878558 348953 44097 8936
00000000 00000000 0 0 2097152 5878598 348953 44097 8944
00000000 00000000 0 0 2097152 5878598 348953 44097 8952
00000000 00000000 0 0 2097152 5971615 262802 44097 10850
00000000 00000000 0 0 2097152 5971615 262802 44097 10858
00000000 00000000 0 0 2097152 5971655 262802 44097 10866
00000000 00000000 0 0 2097152 5971655 262802 44097 10874
00000000 00000000 0 0 2097152 5971695 262802 44097 10882
00000000 00000000 0 0 2097152 5971695 262802 44097 10890
00000000 00000000 0 0 2097152 6167875 70604 44097 14927
00000000 00000000 0 0 2097152 5967159 271852 44097 11330
00000000 00000000 0 0 2097152 5967159 271852 44097 11338
00000000 00000000 0 0 2097152 5967199 271812 44097 11346
00000000 00000000 0 0 2097152 5967199 271812 44097 11354
00000000 00000000 0 0 2097152 6002159 241178 48037 10340
00000000 00000000 0 0 2097152 6002159 241178 48037 10348
00000000 00000000 0 0 2097152 6173417 70768 44097 13982
00000000 00000000 0 0 2097152 6190374 80227 44097 11628
00000000 00000000 0 0 2097152 5942314 336697 44097 8914
00000000 00000000 0 0 2097152 5942314 336697 44097 8922
00000000 00000000 0 0 2097152 5942384 336627 44097 8930
00000000 00000000 0 0 2097152 5942384 336627 44097 8938
00000000 00000000 0 0 2097152 5942424 336587 44097 8946
00000000 00000000 0 0 2097152 5942424 336587 44097 8954
00000000 00000000 0 0 2097152 6177531 101480 44097 9472
00000000 00000000 0 0 2097152 6177531 101480 44097 9480
00000000 00000000 0 0 2097152 6225522 70971 44097 12522
00000000 00000000 0 0 2097152 5942200 358103 44097 9860
00000000 00000000 0 0 2097152 5942200 358103 44097 9868
00000000 00000000 0 0 2097152 6202457 106554 44097 13501
00000000 00000000 0 0 2097152 6241489 70463 44097 14936
00000000 00000000 0 0 2097152 6210218 105428 44097 12109
00000000 00000000 0 0 2097152 6247195 70473 44097 13999
00000000 00000000 0 0 2097152 6246347 85759 44097 10357
00000000 00000000 0 0 2097152 6246347 85759 44097 10365
00000000 00000000 0 0 2097152 6090172 243875 48037 10356
00000000 00000000 0 0 2097152 6090172 243875 48037 10364
00000000 00000000 0 0 2097152 6090212 243875 48037 10372
00000000 00000000 0 0 2097152 6090212 243875 48037 10380
00000000 00000000 0 0 2097152 6090252 243875 48037 10388
00000000 00000000 0 0 2097152 6090252 243875 48037 10396
00000000 00000000 0 0 2097152 5970722 392888 44097 8420
00000000 00000000 0 0 2097152 5970722 392888 44097 8428
00000000 00000000 0 0 2097152 5970762 392888 44097 8436
00000000 00000000 0 0 2097152 5970762 392888 44097 8444
00000000 00000000 0 0 2097152 5970802 392888 44097 8452
00000000 00000000 0 0 2097152 5970802 392888 44097 8460
00000000 00000000 0 0 2097152 6090088 276421 44097 8468
00000000 00000000 0 0 2097152 6090088 276421 44097 8476
00000000 00000000 0 0 2097152 6090202 276421 44097 10852
00000000 00000000 0 0 2097152 6090202 276421 44097 10860
00000000 00000000 0 0 2097152 6090242 276421 44097 10868
00000000 00000000 0 0 2097152 6090242 276421 44097 10876
00000000 00000000 0 0 2097152 6273611 95400 44097 11645
00000000 00000000 0 0 2097152 6299503 69985 44097 12539
00000000 00000000 0 0 2097152 6314962 71028 44097 14953
00000000 00000000 0 0 2097152 6320678 70919 44097 14008
00000000 00000000 0 0 2097152 5998489 397593 44097 11284
00000000 00000000 0 0 2097152 5998489 397593 44097 11292
00000000 00000000 0 0 2097152 5998529 397593 44097 11300
00000000 00000000 0 0 2097152 5998529 397593 44097 11308
00000000 00000000 0 0 2097152 5998569 397593 44097 11316
00000000 00000000 0 0 2097152 5998569 397593 44097 11324
00000000 00000000 0 0 2097152 6002185 395213 44097 7940
00000000 00000000 0 0 2097152 6002185 395213 44097 7948
00000000 00000000 0 0 2097152 6002225 395213 44097 7956
00000000 00000000 0 0 2097152 6002225 395213 44097 7964
00000000 00000000 0 0 2097152 6004851 395213 44097 10804
00000000 00000000 0 0 2097152 6004851 395213 44097 10812
00000000 00000000 0 0 2097152 6004861 395213 44097 10820
00000000 00000000 0 0 2097152 6004861 395213 44097 10828
00000000 00000000 0 0 2097152 6004871 395213 44097 10836
00000000 00000000 0 0 2097152 6004871 395213 44097 10844
00000000 00000000 0 0 2097152 6335116 70615 44097 10374
00000000 00000000 0 0 2097152 6335116 70615 44097 10382
00000000 00000000 0 0 2097152 6022021 384965 44097 11332
00000000 00000000 0 0 2097152 6022021 384965 44097 11340
00000000 00000000 0 0 2097152 6022031 384965 44097 11348
00000000 00000000 0 0 2097152 6022031 384965 44097 11356
00000000 00000000 0 0 2097152 6074834 334877 44097 9876
00000000 00000000 0 0 2097152 6074834 334877 44097 9884
00000000 00000000 0 0 2097152 6074844 334877 44097 9892
00000000 00000000 0 0 2097152 6074844 334877 44097 9900
00000000 00000000 0 0 2097152 6074854 334877 44097 9908
00000000 00000000 0 0 2097152 6074854 334877 44097 9916
00000000 00000000 0 0 2097152 6312021 102013 44097 13518
00000000 00000000 0 0 2097152 6049679 366326 44097 7972
00000000 00000000 0 0 2097152 6049679 366326 44097 7980
00000000 00000000 0 0 2097152 6049719 366326 44097 7988
00000000 00000000 0 0 2097152 6049719 366326 44097 7996
00000000 00000000 0 0 2097152 6226019 192852 48037 9907
00000000 00000000 0 0 2097152 6226019 192852 48037 9915
00000000 00000000 0 0 2097152 6226029 192852 48037 9923
00000000 00000000 0 0 2097152 6226029 192852 48037 9931
00000000 00000000 0 0 2097152 6318656 100355 44097 12126
00000000 00000000 0 0 2097152 6372498 69764 44097 12556
00000000 00000000 0 0 2097152 6372021 84313 44097 11662
00000000 00000000 0 0 2097152 6389000 70298 44097 14970
00000000 00000000 0 0 2097152 6394607 70528 44097 14025
00000000 00000000 0 0 2097152 5429328 1037653 176088 14919
00000000 00000000 0 0 2097152 6408741 70634 44097 10391
00000000 00000000 0 0 2097152 6408741 70634 44097 10399
00000000 00000000 0 0 2097152 5576048 904601 179968 15022
00000000 00000000 0 0 2097152 6230521 258579 48037 8945
00000000 00000000 0 0 2097152 6230521 258579 48037 8953
00000000 00000000 0 0 2097152 6230561 258578 48037 8969
00000000 00000000 0 0 2097152 6230561 258579 48037 8961
00000000 00000000 0 0 2097152 6230571 258579 48037 8977
00000000 00000000 0 0 2097152 6230571 258579 48037 8985
00000000 00000000 0 0 2097152 6230581 258579 48037 8993
00000000 00000000 0 0 2097152 6230581 258579 48037 9001
00000000 00000000 0 0 2097152 6230591 258578 48037 9009
00000000 00000000 0 0 2097152 6230591 258579 48037 9017
00000000 00000000 0 0 2097152 6229836 265773 44097 9425
00000000 00000000 0 0 2097152 6229836 265773 44097 9433
00000000 00000000 0 0 2097152 6229846 265773 44097 9441
00000000 00000000 0 0 2097152 6229846 265773 44097 9449
00000000 00000000 0 0 2097152 6229856 265773 44097 9457
00000000 00000000 0 0 2097152 6229856 265773 44097 9465
00000000 00000000 0 0 2097152 6229866 265773 44097 9473
00000000 00000000 0 0 2097152 6229866 265773 44097 9481
00000000 00000000 0 0 2097152 6282021 221405 44097 9489
00000000 00000000 0 0 2097152 6282021 221405 44097 9497
00000000 00000000 0 0 2097152 6417044 89306 44097 13535
00000000 00000000 0 0 2097152 6422021 84785 44097 12143
00000000 00000000 0 0 2097152 6242021 265387 44097 11347
00000000 00000000 0 0 2097152 6242021 265387 44097 11355
00000000 00000000 0 0 2097152 6242031 265387 44097 11363
00000000 00000000 0 0 2097152 6242031 265387 44097 11371
00000000 00000000 0 0 2097152 6282021 228949 44097 8931
00000000 00000000 0 0 2097152 6282021 228949 44097 8939
00000000 00000000 0 0 2097152 6282031 228949 44097 8947
00000000 00000000 0 0 2097152 6282031 228949 44097 8955
00000000 00000000 0 0 2097152 6282041 228949 44097 8963
00000000 00000000 0 0 2097152 6282041 228949 44097 8971
00000000 00000000 0 0 2097152 6421881 90096 44097 9924
00000000 00000000 0 0 2097152 6421881 90096 44097 9932
00000000 00000000 0 0 2097152 6421891 90096 44097 9940
00000000 00000000 0 0 2097152 6421891 90096 44097 9948
00000000 00000000 0 0 2097152 6445272 69293 44097 12573
00000000 00000000 0 0 2097152 5403573 1114652 179968 12032
00000000 00000000 0 0 2097152 6169908 349983 44097 7969
00000000 00000000 0 0 2097152 6169908 349983 44097 7977
00000000 00000000 0 0 2097152 6169978 349983 44097 7985
00000000 00000000 0 0 2097152 6169978 349983 44097 7993
00000000 00000000 0 0 2097152 6170018 349983 44097 8001
00000000 00000000 0 0 2097152 6170018 349983 44097 8009
00000000 00000000 0 0 2097152 6224287 300781 44097 9905
00000000 00000000 0 0 2097152 6224287 300781 44097 9913
00000000 00000000 0 0 2097152 6224327 300781 44097 9921
00000000 00000000 0 0 2097152 6224327 300781 44097 9929
00000000 00000000 0 0 2097152 6225196 300781 44097 10385
00000000 00000000 0 0 2097152 6225196 300781 44097 10393
00000000 00000000 0 0 2097152 6225206 300781 44097 10401
00000000 00000000 0 0 2097152 6225206 300781 44097 10409
00000000 00000000 0 0 2097152 6225801 300781 44097 11345
00000000 00000000 0 0 2097152 6225801 300781 44097 11353
00000000 00000000 0 0 2097152 6237427 292768 44097 10867
00000000 00000000 0 0 2097152 6237427 292768 44097 10875
00000000 00000000 0 0 2097152 6237467 292768 44097 10883
00000000 00000000 0 0 2097152 6237467 292768 44097 10891
00000000 00000000 0 0 2097152 6237507 292768 44097 10899
00000000 00000000 0 0 2097152 6237507 292768 44097 10907
00000000 00000000 0 0 2097152 6162945 369357 44097 8449
00000000 00000000 0 0 2097152 6162945 369357 44097 8457
00000000 00000000 0 0 2097152 6162955 369357 44097 8465
00000000 00000000 0 0 2097152 6162955 369357 44097 8473
00000000 00000000 0 0 2097152 6162965 369357 44097 8481
00000000 00000000 0 0 2097152 6162965 369357 44097 8489
00000000 00000000 0 0 2097152 6462308 70377 44097 14987
00000000 00000000 0 0 2097152 6178367 354971 44097 9411
00000000 00000000 0 0 2097152 6178367 354971 44097 9419
00000000 00000000 0 0 2097152 6178377 354971 44097 9427
00000000 00000000 0 0 2097152 6178377 354971 44097 9435
00000000 00000000 0 0 2097152 6178387 354971 44097 9443
00000000 00000000 0 0 2097152 6178387 354971 44097 9451
00000000 00000000 0 0 2097152 6468145 70524 44097 14042
00000000 00000000 0 0 2097152 6220344 324525 44097 8467
00000000 00000000 0 0 2097152 6220344 324525 44097 8475
00000000 00000000 0 0 2097152 6226019 322992 44097 7987
00000000 00000000 0 0 2097152 6226019 322992 44097 7995
00000000 00000000 0 0 2097152 6225031 323980 44097 10387
00000000 00000000 0 0 2097152 6225031 323980 44097 10395
00000000 00000000 0 0 2097152 6225041 323970 44097 10403
00000000 00000000 0 0 2097152 6225041 323970 44097 10411
00000000 00000000 0 0 2097152 6482385 69216 44097 10400
00000000 00000000 0 0 2097152 6482385 69216 44097 10408
00000000 00000000 0 0 2097152 5210135 1367562 176088 12514
00000000 00000000 0 0 2097152 6509360 71989 44097 13544
00000000 00000000 0 0 2097152 6517575 70531 44097 12590
00000000 00000000 0 0 2097152 6535695 70461 44097 15004
00000000 00000000 0 0 2097152 6521235 84971 44097 12057
00000000 00000000 0 0 2097152 6541679 72340 44097 14059
00000000 00000000 0 0 2097152 4188365 2435796 176088 11541
00000000 00000000 0 0 2097152 4188365 2435796 176088 12021
00000000 00000000 0 0 2097152 4188365 2435796 176088 12501
00000000 00000000 0 0 2097152 4188365 2435796 176088 12981
00000000 00000000 0 0 2097152 4188365 2435796 176088 13461
00000000 00000000 0 0 2097152 4188365 2435796 176088 14901
00000000 00000000 0 0 2097152 6554611 76976 44097 10417
00000000 00000000 0 0 2097152 6554611 76976 44097 10425
00000000 00000000 0 0 2097152 4172154 2466857 176088 11539
00000000 00000000 0 0 2097152 4172154 2466857 176088 12019
00000000 00000000 0 0 2097152 4171395 2467616 176088 12496
00000000 00000000 0 0 2097152 4172154 2466857 176088 12499
00000000 00000000 0 0 2097152 4171395 2467616 176088 12976
00000000 00000000 0 0 2097152 4171395 2467616 176088 13456
00000000 00000000 0 0 2097152 4171395 2467616 176088 13936
00000000 00000000 0 0 2097152 4172154 2466857 176088 13939
00000000 00000000 0 0 2097152 4171395 2467616 176088 14416
00000000 00000000 0 0 2097152 4172154 2466857 176088 14419
00000000 00000000 0 0 2097152 4171395 2467616 176088 14896
00000000 00000000 0 0 2097152 4172154 2466857 176088 14899
00000000 00000000 0 0 2097152 6584359 71164 44097 13561
00000000 00000000 0 0 2097152 6591116 71011 44097 12607
00000000 00000000 0 0 2097152 6303313 374274 44097 9877
00000000 00000000 0 0 2097152 6303313 374274 44097 9885
00000000 00000000 0 0 2097152 6609166 70304 44097 15021
00000000 00000000 0 0 2097152 5668003 1012026 179968 14060
00000000 00000000 0 0 2097152 5602002 1092565 179968 13098
00000000 00000000 0 0 2097152 6609216 86634 44097 12074
00000000 00000000 0 0 2097152 5636032 1065413 179968 12136
00000000 00000000 0 0 2097152 5709929 992009 179968 14541
00000000 00000000 0 0 2097152 5531932 1177079 179968 13475
00000000 00000000 0 0 2097152 6403074 316736 48037 10821
00000000 00000000 0 0 2097152 6403074 316736 48037 10829
00000000 00000000 0 0 2097152 6403084 316736 48037 10837
00000000 00000000 0 0 2097152 6403084 316736 48037 10845
00000000 00000000 0 0 2097152 6403094 316736 48037 10853
00000000 00000000 0 0 2097152 6403094 316736 48037 10861
00000000 00000000 0 0 2097152 6403104 316736 48037 10869
00000000 00000000 0 0 2097152 6403104 316736 48037 10877
00000000 00000000 0 0 2097152 6403114 316736 48037 10885
00000000 00000000 0 0 2097152 6403114 316736 48037 10893
00000000 00000000 0 0 2097152 6337057 393948 44097 10373
00000000 00000000 0 0 2097152 6337057 393948 44097 10381
00000000 00000000 0 0 2097152 6337097 393948 44097 10389
00000000 00000000 0 0 2097152 6337097 393948 44097 10397
00000000 00000000 0 0 2097152 6337137 393948 44097 10405
00000000 00000000 0 0 2097152 6337137 393948 44097 10413
00000000 00000000 0 0 2097152 6658533 72573 44097 13578
00000000 00000000 0 0 2097152 6665137 71468 44097 12616
00000000 00000000 0 0 2097152 6419015 335010 44097 7989
00000000 00000000 0 0 2097152 6419015 335010 44097 7997
00000000 00000000 0 0 2097152 6419055 335010 44097 8005
00000000 00000000 0 0 2097152 6419055 335010 44097 8013
00000000 00000000 0 0 2097152 6552021 205904 48037 10404
00000000 00000000 0 0 2097152 6552021 205904 48037 10412
00000000 00000000 0 0 2097152 6552031 205904 48037 10420
00000000 00000000 0 0 2097152 6552031 205904 48037 10428
00000000 00000000 0 0 2097152 6366620 395243 44097 8437
00000000 00000000 0 0 2097152 6366620 395243 44097 8445
00000000 00000000 0 0 2097152 6366660 395243 44097 8453
00000000 00000000 0 0 2097152 6366660 395243 44097 8461
00000000 00000000 0 0 2097152 6366700 395243 44097 8469
00000000 00000000 0 0 2097152 6366700 395243 44097 8477
00000000 00000000 0 0 2097152 6514987 247463 44097 9941
00000000 00000000 0 0 2097152 6514987 247463 44097 9949
00000000 00000000 0 0 2097152 6514997 247463 44097 9957
00000000 00000000 0 0 2097152 6514997 247463 44097 9965
00000000 00000000 0 0 2097152 6369519 392992 44097 8485
00000000 00000000 0 0 2097152 6369519 392992 44097 8493
00000000 00000000 0 0 2097152 6698860 70345 44097 12091
00000000 00000000 0 0 2097152 6552021 225213 44097 8004
00000000 00000000 0 0 2097152 6552021 225213 44097 8012
00000000 00000000 0 0 2097152 6547879 231132 44097 8484
00000000 00000000 0 0 2097152 6547879 231132 44097 8492
00000000 00000000 0 0 2097152 6399092 382452 44097 11301
00000000 00000000 0 0 2097152 6399092 382452 44097 11309
00000000 00000000 0 0 2097152 6399162 382452 44097 11317
00000000 00000000 0 0 2097152 6399162 382452 44097 11325
00000000 00000000 0 0 2097152 6399202 382452 44097 11333
00000000 00000000 0 0 2097152 6399202 382452 44097 11341
00000000 00000000 0 0 2097152 6409996 371771 44097 11349
00000000 00000000 0 0 2097152 6409996 371771 44097 11357
00000000 00000000 0 0 2097152 6410006 371771 44097 11365
00000000 00000000 0 0 2097152 6410006 371771 44097 11373
00000000 00000000 0 0 2097152 6400438 382452 44097 7957
00000000 00000000 0 0 2097152 6400438 382452 44097 7965
00000000 00000000 0 0 2097152 6400478 382452 44097 7973
00000000 00000000 0 0 2097152 6400478 382452 44097 7981
00000000 00000000 0 0 2097152 6533205 249784 44097 10884
00000000 00000000 0 0 2097152 6533205 249784 44097 10892
00000000 00000000 0 0 2097152 6533245 249784 44097 10900
00000000 00000000 0 0 2097152 6533245 249784 44097 10908
00000000 00000000 0 0 2097152 6533285 249784 44097 10916
00000000 00000000 0 0 2097152 6533285 249784 44097 10924
00000000 00000000 0 0 2097152 6412721 371771 44097 9893
00000000 00000000 0 0 2097152 6412721 371771 44097 9901
00000000 00000000 0 0 2097152 6412731 371771 44097 9909
00000000 00000000 0 0 2097152 6412731 371771 44097 9917
00000000 00000000 0 0 2097152 6412741 371771 44097 9925
00000000 00000000 0 0 2097152 6412741 371771 44097 9933
00000000 00000000 0 0 2097152 6536348 249784 44097 9428
00000000 00000000 0 0 2097152 6536348 249784 44097 9436
00000000 00000000 0 0 2097152 6536358 249784 44097 9444
00000000 00000000 0 0 2097152 6536358 249784 44097 9452
00000000 00000000 0 0 2097152 6536368 249784 44097 9460
00000000 00000000 0 0 2097152 6536368 249784 44097 9468
00000000 00000000 0 0 2097152 6712021 84977 44097 13500
00000000 00000000 0 0 2097152 6506436 291822 48037 9506
00000000 00000000 0 0 2097152 6506436 291822 48037 9514
00000000 00000000 0 0 2097152 6529592 272571 44097 11362
00000000 00000000 0 0 2097152 6529592 272571 44097 11370
00000000 00000000 0 0 2097152 6498619 306284 48037 9442
00000000 00000000 0 0 2097152 6498619 306284 48037 9450
00000000 00000000 0 0 2097152 6498629 306284 48037 9458
00000000 00000000 0 0 2097152 6498629 306284 48037 9466
00000000 00000000 0 0 2097152 6498639 306284 48037 9474
00000000 00000000 0 0 2097152 6498639 306284 48037 9482
00000000 00000000 0 0 2097152 6498649 306284 48037 9490
00000000 00000000 0 0 2097152 6498649 306284 48037 9498
00000000 00000000 0 0 2097152 6535312 272571 44097 8466
00000000 00000000 0 0 2097152 6535312 272571 44097 8474
00000000 00000000 0 0 2097152 6535322 272571 44097 8482
00000000 00000000 0 0 2097152 6535322 272571 44097 8490
00000000 00000000 0 0 2097152 6535332 272571 44097 8498
00000000 00000000 0 0 2097152 6535332 272571 44097 8506
00000000 00000000 0 0 2097152 6513980 305031 44097 8948
00000000 00000000 0 0 2097152 6513980 305031 44097 8956
00000000 00000000 0 0 2097152 6513990 305021 44097 8964
00000000 00000000 0 0 2097152 6513990 305021 44097 8972
00000000 00000000 0 0 2097152 6514000 305011 44097 8980
00000000 00000000 0 0 2097152 6514000 305011 44097 8988
00000000 00000000 0 0 2097152 6510418 308593 44097 11364
00000000 00000000 0 0 2097152 6510418 308593 44097 11372
00000000 00000000 0 0 2097152 6510428 308583 44097 11380
00000000 00000000 0 0 2097152 6510428 308583 44097 11388
00000000 00000000 0 0 2097152 5512021 1326755 176088 12530
00000000 00000000 0 0 2097152 6522901 318592 44097 7986
00000000 00000000 0 0 2097152 6522901 318592 44097 7994
00000000 00000000 0 0 2097152 6522971 318592 44097 8002
00000000 00000000 0 0 2097152 6522971 318592 44097 8010
00000000 00000000 0 0 2097152 6523011 318592 44097 8018
00000000 00000000 0 0 2097152 6523011 318592 44097 8026
00000000 00000000 0 0 2097152 6772215 71049 44097 12108
00000000 00000000 0 0 2097152 6528078 318592 44097 9922
00000000 00000000 0 0 2097152 6528078 318592 44097 9930
00000000 00000000 0 0 2097152 6528118 318592 44097 9938
00000000 00000000 0 0 2097152 6528118 318592 44097 9946
00000000 00000000 0 0 2097152 6528987 318592 44097 10402
00000000 00000000 0 0 2097152 6528987 318592 44097 10410
00000000 00000000 0 0 2097152 6528997 318592 44097 10418
00000000 00000000 0 0 2097152 6528997 318592 44097 10426
00000000 00000000 0 0 2097152 6634597 216588 44097 10434
00000000 00000000 0 0 2097152 6634597 216588 44097 10442
00000000 00000000 0 0 2097152 6492110 377045 44097 8962
00000000 00000000 0 0 2097152 6492110 377045 44097 8970
00000000 00000000 0 0 2097152 6492149 377045 44097 8978
00000000 00000000 0 0 2097152 6492150 377045 44097 8986
00000000 00000000 0 0 2097152 6492160 377045 44097 8994
00000000 00000000 0 0 2097152 6492160 377045 44097 9002
00000000 00000000 0 0 2097152 6492170 377045 44097 9010
00000000 00000000 0 0 2097152 6492170 377045 44097 9018
00000000 00000000 0 0 2097152 6492180 377045 44097 9026
00000000 00000000 0 0 2097152 6492180 377045 44097 9034
00000000 00000000 0 0 2097152 6800008 81426 44097 13517
00000000 00000000 0 0 2097152 5564146 1343653 176088 14935
00000000 00000000 0 0 2097152 6846274 74052 44097 12125
00000000 00000000 0 0 2097152 5648091 1296296 179968 13579
00000000 00000000 0 0 2097152 5636252 1336505 176088 12562
00000000 00000000 0 0 2097152 6884444 89138 44097 13534
00000000 00000000 0 0 2097152 5647440 1331551 176088 12578
00000000 00000000 0 0 2097152 5622021 1364291 176088 12546
00000000 00000000 0 0 2097152 6680597 309263 44097 9894
00000000 00000000 0 0 2097152 6680597 309263 44097 9902
00000000 00000000 0 0 2097152 5672021 1320052 176088 12594
00000000 00000000 0 0 2097152 5672031 1320052 176088 12610
00000000 00000000 0 0 2097152 6785999 206172 48037 10901
00000000 00000000 0 0 2097152 6785999 206172 48037 10909
00000000 00000000 0 0 2097152 6786039 206172 48037 10917
00000000 00000000 0 0 2097152 6786039 206172 48037 10925
00000000 00000000 0 0 2097152 6786079 206172 48037 10933
00000000 00000000 0 0 2097152 6786079 206172 48037 10941
00000000 00000000 0 0 2097152 6760935 257759 44097 10421
00000000 00000000 0 0 2097152 6760935 257759 44097 10429
00000000 00000000 0 0 2097152 6760945 257759 44097 10437
00000000 00000000 0 0 2097152 6760945 257759 44097 10445
00000000 00000000 0 0 2097152 6789142 239407 44097 9445
00000000 00000000 0 0 2097152 6789142 239407 44097 9453
00000000 00000000 0 0 2097152 6789152 239407 44097 9461
00000000 00000000 0 0 2097152 6789152 239407 44097 9469
00000000 00000000 0 0 2097152 6789162 239407 44097 9477
00000000 00000000 0 0 2097152 6789162 239407 44097 9485
00000000 00000000 0 0 2097152 6923336 105675 44097 12142
00000000 00000000 0 0 2097152 6976592 70835 44097 13551
00000000 00000000 0 0 2097152 6849680 198578 48037 9939
00000000 00000000 0 0 2097152 6849680 198578 48037 9947
00000000 00000000 0 0 2097152 6849720 198578 48037 9955
00000000 00000000 0 0 2097152 6849720 198578 48037 9963
00000000 00000000 0 0 2097152 6822021 234949 44097 8965
00000000 00000000 0 0 2097152 6822021 234949 44097 8973
00000000 00000000 0 0 2097152 6822021 234949 44097 11381
00000000 00000000 0 0 2097152 6822021 234949 44097 11389
00000000 00000000 0 0 2097152 6822031 234949 44097 8981
00000000 00000000 0 0 2097152 6822031 234949 44097 8989
00000000 00000000 0 0 2097152 6822031 234949 44097 11397
00000000 00000000 0 0 2097152 6822031 234949 44097 11405
00000000 00000000 0 0 2097152 6822041 234949 44097 8997
00000000 00000000 0 0 2097152 6822041 234949 44097 9005
00000000 00000000 0 0 2097152 5662547 1394478 176088 14951
00000000 00000000 0 0 2097152 6992870 69987 44097 9911
00000000 00000000 0 0 2097152 6992870 69987 44097 9919
00000000 00000000 0 0 2097152 6780244 297909 44097 8021
00000000 00000000 0 0 2097152 6780244 297909 44097 8029
00000000 00000000 0 0 2097152 5722021 1356969 176088 14983
00000000 00000000 0 0 2097152 6782021 297909 44097 8501
00000000 00000000 0 0 2097152 6782021 297909 44097 8509
00000000 00000000 0 0 2097152 5712021 1370228 176088 14967
00000000 00000000 0 0 2097152 5752021 1336990 176088 14999
00000000 00000000 0 0 2097152 5752031 1336980 176088 15015
00000000 00000000 0 0 2097152 6182021 912980 176088 12626
00000000 00000000 0 0 2097152 7032021 71278 44097 12159
00000000 00000000 0 0 2097152 7050437 70647 44097 13560
00000000 00000000 0 0 2097152 6784554 337049 48037 11318
00000000 00000000 0 0 2097152 6784554 337049 48037 11326
00000000 00000000 0 0 2097152 6784624 337049 48037 11334
00000000 00000000 0 0 2097152 6784624 337049 48037 11342
00000000 00000000 0 0 2097152 6784664 337049 48037 11350
00000000 00000000 0 0 2097152 6784664 337049 48037 11358
00000000 00000000 0 0 2097152 6784777 337049 48037 11366
00000000 00000000 0 0 2097152 6784777 337049 48037 11374
00000000 00000000 0 0 2097152 6784787 337049 48037 11382
00000000 00000000 0 0 2097152 6784787 337049 48037 11390
00000000 00000000 0 0 2097152 6722820 400136 44097 10838
00000000 00000000 0 0 2097152 6722820 400136 44097 10846
00000000 00000000 0 0 2097152 6722830 400136 44097 10854
00000000 00000000 0 0 2097152 6722830 400136 44097 10862
00000000 00000000 0 0 2097152 6722840 400136 44097 10870
00000000 00000000 0 0 2097152 6722840 400136 44097 10878
00000000 00000000 0 0 2097152 6722850 400136 44097 10886
00000000 00000000 0 0 2097152 6722850 400136 44097 10894
00000000 00000000 0 0 2097152 6722860 400136 44097 10902
00000000 00000000 0 0 2097152 6722860 400136 44097 10910
00000000 00000000 0 0 2097152 6734015 400311 44097 10390
00000000 00000000 0 0 2097152 6734015 400311 44097 10398
00000000 00000000 0 0 2097152 6734055 400311 44097 10406
00000000 00000000 0 0 2097152 6734055 400311 44097 10414
00000000 00000000 0 0 2097152 6734095 400311 44097 10422
00000000 00000000 0 0 2097152 6734095 400311 44097 10430
00000000 00000000 0 0 2097152 7065867 70915 44097 9920
00000000 00000000 0 0 2097152 7065867 70915 44097 9928
00000000 00000000 0 0 2097152 7051268 86168 44097 9956
00000000 00000000 0 0 2097152 7051268 86168 44097 9964
00000000 00000000 0 0 2097152 7051308 86168 44097 9972
00000000 00000000 0 0 2097152 7051308 86168 44097 9980
00000000 00000000 0 0 2097152 6872165 288365 44097 8979
00000000 00000000 0 0 2097152 6872165 288365 44097 8987
00000000 00000000 0 0 2097152 6872204 288365 44097 8995
00000000 00000000 0 0 2097152 6872205 288365 44097 9003
00000000 00000000 0 0 2097152 6872215 288365 44097 9011
00000000 00000000 0 0 2097152 6872215 288365 44097 9019
00000000 00000000 0 0 2097152 6872225 288365 44097 9027
00000000 00000000 0 0 2097152 6872225 288365 44097 9035
00000000 00000000 0 0 2097152 6872235 288365 44097 9043
00000000 00000000 0 0 2097152 6872235 288365 44097 9051
00000000 00000000 0 0 2097152 6764873 402680 44097 8454
00000000 00000000 0 0 2097152 6764873 402680 44097 8462
00000000 00000000 0 0 2097152 6764913 402680 44097 8470
00000000 00000000 0 0 2097152 6764913 402680 44097 8478
00000000 00000000 0 0 2097152 6764953 402680 44097 8486
00000000 00000000 0 0 2097152 6764953 402680 44097 8494
00000000 00000000 0 0 2097152 6765521 402680 44097 8502
00000000 00000000 0 0 2097152 6765521 402680 44097 8510
00000000 00000000 0 0 2097152 6785900 401996 44097 7974
00000000 00000000 0 0 2097152 6785900 401996 44097 7982
00000000 00000000 0 0 2097152 6785940 401996 44097 7990
00000000 00000000 0 0 2097152 6785940 401996 44097 7998
00000000 00000000 0 0 2097152 6785950 401996 44097 8006
00000000 00000000 0 0 2097152 6785950 401996 44097 8014
00000000 00000000 0 0 2097152 6785960 401996 44097 8022
00000000 00000000 0 0 2097152 6785960 401996 44097 8030
00000000 00000000 0 0 2097152 6787502 401996 44097 9910
00000000 00000000 0 0 2097152 6787502 401996 44097 9918
00000000 00000000 0 0 2097152 6787512 401996 44097 9926
00000000 00000000 0 0 2097152 6787512 401996 44097 9934
00000000 00000000 0 0 2097152 6787522 401996 44097 9942
00000000 00000000 0 0 2097152 6787522 401996 44097 9950
00000000 00000000 0 0 2097152 6787532 401996 44097 9958
00000000 00000000 0 0 2097152 6787532 401996 44097 9966
00000000 00000000 0 0 2097152 6787542 401996 44097 9974
00000000 00000000 0 0 2097152 6787542 401996 44097 9982
00000000 00000000 0 0 2097152 6805173 389336 44097 11379
00000000 00000000 0 0 2097152 6805173 389336 44097 11387
00000000 00000000 0 0 2097152 7124094 70537 44097 13577
00000000 00000000 0 0 2097152 6807913 389336 44097 9459
00000000 00000000 0 0 2097152 6807913 389336 44097 9467
00000000 00000000 0 0 2097152 6807923 389336 44097 9475
00000000 00000000 0 0 2097152 6807923 389336 44097 9483
00000000 00000000 0 0 2097152 6807933 389336 44097 9491
00000000 00000000 0 0 2097152 6807933 389336 44097 9499
00000000 00000000 0 0 2097152 6807943 389336 44097 9507
00000000 00000000 0 0 2097152 6807943 389336 44097 9515
00000000 00000000 0 0 2097152 6807953 389336 44097 9523
00000000 00000000 0 0 2097152 6807953 389336 44097 9531
00000000 00000000 0 0 2097152 6810893 387061 44097 8483
00000000 00000000 0 0 2097152 6810893 387061 44097 8491
00000000 00000000 0 0 2097152 6810903 387061 44097 8499
00000000 00000000 0 0 2097152 6810903 387061 44097 8507
00000000 00000000 0 0 2097152 6810913 387061 44097 8515
00000000 00000000 0 0 2097152 6810913 387061 44097 8523
00000000 00000000 0 0 2097152 6850589 353853 44097 10419
00000000 00000000 0 0 2097152 6850589 353853 44097 10427
00000000 00000000 0 0 2097152 6850599 353853 44097 10435
00000000 00000000 0 0 2097152 6850599 353853 44097 10443
00000000 00000000 0 0 2097152 6854195 353853 44097 10451
00000000 00000000 0 0 2097152 6854195 353853 44097 10459
00000000 00000000 0 0 2097152 6844503 364508 44097 8003
00000000 00000000 0 0 2097152 6844503 364508 44097 8011
00000000 00000000 0 0 2097152 6844573 364438 44097 8019
00000000 00000000 0 0 2097152 6844573 364438 44097 8027
00000000 00000000 0 0 2097152 6844613 364398 44097 8035
00000000 00000000 0 0 2097152 6844613 364398 44097 8043
00000000 00000000 0 0 2097152 7139792 70009 44097 9937
00000000 00000000 0 0 2097152 7139792 70009 44097 9945
00000000 00000000 0 0 2097152 6216599 997911 179968 13114
00000000 00000000 0 0 2097152 7140446 86797 44097 9973
00000000 00000000 0 0 2097152 7140446 86797 44097 9981
00000000 00000000 0 0 2097152 7140486 86797 44097 9989
00000000 00000000 0 0 2097152 7140486 86797 44097 9997
00000000 00000000 0 0 2097152 6483659 776369 176088 15031
00000000 00000000 0 0 2097152 5059976 2200621 176088 13460
00000000 00000000 0 0 2097152 7197641 70789 44097 13594
00000000 00000000 0 0 2097152 6213503 1060151 179968 14557
00000000 00000000 0 0 2097152 7059980 220678 48037 11398
00000000 00000000 0 0 2097152 7059980 220678 48037 11406
00000000 00000000 0 0 2097152 7059990 220678 48037 11414
00000000 00000000 0 0 2097152 7059990 220678 48037 11422
00000000 00000000 0 0 2097152 7212811 76200 44097 9954
00000000 00000000 0 0 2097152 7212811 76200 44097 9962
00000000 00000000 0 0 2097152 6509816 804430 179968 12152
00000000 00000000 0 0 2097152 5120358 2208183 176088 14422
00000000 00000000 0 0 2097152 5049519 2280111 176088 13941
00000000 00000000 0 0 2097152 5622021 1732848 176088 14021
00000000 00000000 0 0 2097152 5622031 1732848 176088 14037
00000000 00000000 0 0 2097152 5622041 1732848 176088 14053
00000000 00000000 0 0 2097152 5127144 2233314 176088 12017
00000000 00000000 0 0 2097152 6995181 390422 44097 10918
00000000 00000000 0 0 2097152 6995181 390422 44097 10926
00000000 00000000 0 0 2097152 6995221 390422 44097 10934
00000000 00000000 0 0 2097152 6995221 390422 44097 10942
00000000 00000000 0 0 2097152 6995261 390422 44097 10950
00000000 00000000 0 0 2097152 6995261 390422 44097 10958
00000000 00000000 0 0 2097152 6459344 936222 179968 11679
00000000 00000000 0 0 2097152 7081163 318141 44097 8038
00000000 00000000 0 0 2097152 7081163 318141 44097 8046
00000000 00000000 0 0 2097152 7082940 318141 44097 8518
00000000 00000000 0 0 2097152 7082940 318141 44097 8526
00000000 00000000 0 0 2097152 7021704 383011 44097 10438
00000000 00000000 0 0 2097152 7021704 383011 44097 10446
00000000 00000000 0 0 2097152 7021714 383011 44097 10454
00000000 00000000 0 0 2097152 7021714 383011 44097 10462
00000000 00000000 0 0 2097152 7031559 377452 44097 9462
00000000 00000000 0 0 2097152 7031559 377452 44097 9470
00000000 00000000 0 0 2097152 7031569 377442 44097 9478
00000000 00000000 0 0 2097152 7031569 377442 44097 9486
00000000 00000000 0 0 2097152 7031579 377432 44097 9494
00000000 00000000 0 0 2097152 7031579 377432 44097 9502
00000000 00000000 0 0 2097152 7059980 355653 44097 8982
00000000 00000000 0 0 2097152 7059980 355653 44097 8990
00000000 00000000 0 0 2097152 7059990 355653 44097 8998
00000000 00000000 0 0 2097152 7059990 355653 44097 9006
00000000 00000000 0 0 2097152 7060000 355653 44097 9014
00000000 00000000 0 0 2097152 7060000 355653 44097 9022
00000000 00000000 0 0 2097152 7230253 197975 44097 9990
00000000 00000000 0 0 2097152 7230253 197975 44097 9998
00000000 00000000 0 0 2097152 7230293 197975 44097 10006
00000000 00000000 0 0 2097152 7230293 197975 44097 10014
00000000 00000000 0 0 2097152 5266271 2162236 176088 13957
00000000 00000000 0 0 2097152 5592021 1846990 176088 14005
00000000 00000000 0 0 2097152 7207452 249019 48037 10436
00000000 00000000 0 0 2097152 7207452 249019 48037 10444
00000000 00000000 0 0 2097152 7207462 249019 48037 10452
00000000 00000000 0 0 2097152 7207462 249019 48037 10460
00000000 00000000 0 0 2097152 7211058 246375 48037 10468
00000000 00000000 0 0 2097152 7211058 246375 48037 10476
00000000 00000000 0 0 2097152 7292021 167433 48037 9971
00000000 00000000 0 0 2097152 7292021 167433 48037 9979
00000000 00000000 0 0 2097152 7190906 273269 48037 7991
00000000 00000000 0 0 2097152 7190906 273269 48037 7999
00000000 00000000 0 0 2097152 7190946 273269 48037 8007
00000000 00000000 0 0 2097152 7190946 273269 48037 8015
00000000 00000000 0 0 2097152 7190956 273269 48037 8023
00000000 00000000 0 0 2097152 7190956 273269 48037 8031
00000000 00000000 0 0 2097152 7190966 273269 48037 8039
00000000 00000000 0 0 2097152 7190966 273269 48037 8047
00000000 00000000 0 0 2097152 5346125 2125441 176088 13973
00000000 00000000 0 0 2097152 7212021 261547 44097 8020
00000000 00000000 0 0 2097152 7212021 261547 44097 8028
00000000 00000000 0 0 2097152 7212031 261547 44097 8036
00000000 00000000 0 0 2097152 7212031 261547 44097 8044
00000000 00000000 0 0 2097152 7212041 261547 44097 8052
00000000 00000000 0 0 2097152 7212041 261547 44097 8060
00000000 00000000 0 0 2097152 5517710 1961301 176088 13989
00000000 00000000 0 0 2097152 6642021 858455 179968 12513
00000000 00000000 0 0 2097152 5033788 2468731 176088 11536
00000000 00000000 0 0 2097152 7200259 313738 44097 9476
00000000 00000000 0 0 2097152 7200259 313738 44097 9484
00000000 00000000 0 0 2097152 7200269 313738 44097 9492
00000000 00000000 0 0 2097152 7200269 313738 44097 9500
00000000 00000000 0 0 2097152 7200279 313738 44097 9508
00000000 00000000 0 0 2097152 7200279 313738 44097 9516
00000000 00000000 0 0 2097152 7200289 313738 44097 9524
00000000 00000000 0 0 2097152 7200289 313738 44097 9532
00000000 00000000 0 0 2097152 7200299 313738 44097 9540
00000000 00000000 0 0 2097152 7200299 313738 44097 9548
00000000 00000000 0 0 2097152 7200964 313738 44097 8500
00000000 00000000 0 0 2097152 7200964 313738 44097 8508
00000000 00000000 0 0 2097152 7200974 313738 44097 8516
00000000 00000000 0 0 2097152 7200974 313738 44097 8524
00000000 00000000 0 0 2097152 7200984 313738 44097 8532
00000000 00000000 0 0 2097152 7200984 313738 44097 8540
00000000 00000000 0 0 2097152 7197519 326262 44097 11396
00000000 00000000 0 0 2097152 7197519 326262 44097 11404
00000000 00000000 0 0 2097152 7124613 403382 44097 11335
00000000 00000000 0 0 2097152 7124613 403382 44097 11343
00000000 00000000 0 0 2097152 7124683 403382 44097 11351
00000000 00000000 0 0 2097152 7124683 403382 44097 11359
00000000 00000000 0 0 2097152 7124723 403382 44097 11367
00000000 00000000 0 0 2097152 7124723 403382 44097 11375
00000000 00000000 0 0 2097152 7124836 403382 44097 11383
00000000 00000000 0 0 2097152 7124836 403382 44097 11391
00000000 00000000 0 0 2097152 7124846 403382 44097 11399
00000000 00000000 0 0 2097152 7124846 403382 44097 11407
00000000 00000000 0 0 2097152 7125966 403573 44097 10855
00000000 00000000 0 0 2097152 7125966 403573 44097 10863
00000000 00000000 0 0 2097152 7125976 403573 44097 10871
00000000 00000000 0 0 2097152 7125976 403573 44097 10879
00000000 00000000 0 0 2097152 7125986 403573 44097 10887
00000000 00000000 0 0 2097152 7125986 403573 44097 10895
00000000 00000000 0 0 2097152 7125996 403573 44097 10903
00000000 00000000 0 0 2097152 7125996 403573 44097 10911
00000000 00000000 0 0 2097152 7126006 403573 44097 10919
00000000 00000000 0 0 2097152 7126006 403573 44097 10927
00000000 00000000 0 0 2097152 7163540 371905 44097 8996
00000000 00000000 0 0 2097152 7163540 371905 44097 9004
00000000 00000000 0 0 2097152 7163579 371905 44097 9012
00000000 00000000 0 0 2097152 7163580 371905 44097 9020
00000000 00000000 0 0 2097152 7163590 371905 44097 9028
00000000 00000000 0 0 2097152 7163590 371905 44097 9036
00000000 00000000 0 0 2097152 7163600 371905 44097 9044
00000000 00000000 0 0 2097152 7163600 371905 44097 9052
00000000 00000000 0 0 2097152 7163610 371905 44097 9060
00000000 00000000 0 0 2097152 7163610 371905 44097 9068
00000000 00000000 0 0 2097152 7137336 403248 44097 10407
00000000 00000000 0 0 2097152 7137336 403248 44097 10415
00000000 00000000 0 0 2097152 7137376 403248 44097 10423
00000000 00000000 0 0 2097152 7137376 403248 44097 10431
00000000 00000000 0 0 2097152 7137416 403248 44097 10439
00000000 00000000 0 0 2097152 7137416 403248 44097 10447
00000000 00000000 0 0 2097152 7402314 156783 48037 8055
00000000 00000000 0 0 2097152 7402314 156783 48037 8063
00000000 00000000 0 0 2097152 6739615 825417 179968 12633
00000000 00000000 0 0 2097152 7462464 109935 44097 9988
00000000 00000000 0 0 2097152 7462464 109935 44097 9996
00000000 00000000 0 0 2097152 7503486 70886 44097 12538
00000000 00000000 0 0 2097152 7170563 404249 44097 8471
00000000 00000000 0 0 2097152 7170563 404249 44097 8479
00000000 00000000 0 0 2097152 7170603 404249 44097 8487
00000000 00000000 0 0 2097152 7170603 404249 44097 8495
00000000 00000000 0 0 2097152 7170643 404249 44097 8503
00000000 00000000 0 0 2097152 7170643 404249 44097 8511
00000000 00000000 0 0 2097152 7171211 404249 44097 8519
00000000 00000000 0 0 2097152 7171211 404249 44097 8527
00000000 00000000 0 0 2097152 7192508 404120 44097 9927
00000000 00000000 0 0 2097152 7192508 404120 44097 9935
00000000 00000000 0 0 2097152 7192518 404120 44097 9943
00000000 00000000 0 0 2097152 7192518 404120 44097 9951
00000000 00000000 0 0 2097152 7192528 404120 44097 9959
00000000 00000000 0 0 2097152 7192528 404120 44097 9967
00000000 00000000 0 0 2097152 7192538 404120 44097 9975
00000000 00000000 0 0 2097152 7192538 404120 44097 9983
00000000 00000000 0 0 2097152 7192548 404120 44097 9991
00000000 00000000 0 0 2097152 7192548 404120 44097 9999
00000000 00000000 0 0 2097152 6683039 914913 176088 14069
00000000 00000000 0 0 2097152 5162836 2440189 176088 11537
00000000 00000000 0 0 2097152 5162836 2440189 176088 12977
00000000 00000000 0 0 2097152 5162836 2440189 176088 13457
00000000 00000000 0 0 2097152 5162836 2440189 176088 13937
00000000 00000000 0 0 2097152 5162836 2440189 176088 14417
00000000 00000000 0 0 2097152 5162836 2440189 176088 14897
00000000 00000000 0 0 2097152 6617029 989953 179968 14076
00000000 00000000 0 0 2097152 5140135 2478876 176088 12979
00000000 00000000 0 0 2097152 5169222 2450453 176088 11540
00000000 00000000 0 0 2097152 5169222 2450453 176088 12020
00000000 00000000 0 0 2097152 5169222 2450453 176088 12500
00000000 00000000 0 0 2097152 5169222 2450453 176088 12980
00000000 00000000 0 0 2097152 5169222 2450453 176088 14420
00000000 00000000 0 0 2097152 5169222 2450453 176088 14900
00000000 00000000 0 0 2097152 6642021 994508 179968 13956
00000000 00000000 0 0 2097152 7577382 71629 44097 12555
00000000 00000000 0 0 2097152 6734116 920604 179968 13595
00000000 00000000 0 0 2097152 5216901 2449996 176088 11542
00000000 00000000 0 0 2097152 5216901 2449996 176088 12022
00000000 00000000 0 0 2097152 5216901 2449996 176088 12502
00000000 00000000 0 0 2097152 5216901 2449996 176088 12982
00000000 00000000 0 0 2097152 5216901 2449996 176088 13462
00000000 00000000 0 0 2097152 5216901 2449996 176088 13942
00000000 00000000 0 0 2097152 7283668 395111 44097 11415
00000000 00000000 0 0 2097152 7283668 395111 44097 11423
00000000 00000000 0 0 2097152 7283678 395111 44097 11431
00000000 00000000 0 0 2097152 7283678 395111 44097 11439
00000000 00000000 0 0 2097152 7639539 70742 44097 13981
00000000 00000000 0 0 2097152 7652021 72680 44097 12572
00000000 00000000 0 0 2097152 6627171 1125904 179968 14918
00000000 00000000 0 0 2097152 7388613 386381 44097 10935
00000000 00000000 0 0 2097152 7388613 386381 44097 10943
00000000 00000000 0 0 2097152 7388653 386381 44097 10951
00000000 00000000 0 0 2097152 7388653 386381 44097 10959
00000000 00000000 0 0 2097152 7388693 386381 44097 10967
00000000 00000000 0 0 2097152 7388693 386381 44097 10975
00000000 00000000 0 0 2097152 7404091 383092 44097 8535
00000000 00000000 0 0 2097152 7404091 383092 44097 8543
00000000 00000000 0 0 2097152 7431238 357338 44097 10007
00000000 00000000 0 0 2097152 7431238 357338 44097 10015
00000000 00000000 0 0 2097152 7431278 357338 44097 10023
00000000 00000000 0 0 2097152 7431278 357338 44097 10031
00000000 00000000 0 0 2097152 7412021 378218 44097 9479
00000000 00000000 0 0 2097152 7412021 378218 44097 9487
00000000 00000000 0 0 2097152 7412031 378218 44097 9495
00000000 00000000 0 0 2097152 7412031 378218 44097 9503
00000000 00000000 0 0 2097152 7412041 378218 44097 9511
00000000 00000000 0 0 2097152 7412041 378218 44097 9519
00000000 00000000 0 0 2097152 7407725 383092 44097 10455
00000000 00000000 0 0 2097152 7407725 383092 44097 10463
00000000 00000000 0 0 2097152 7407735 383092 44097 10471
00000000 00000000 0 0 2097152 7407735 383092 44097 10479
00000000 00000000 0 0 2097152 7418643 378218 44097 8999
00000000 00000000 0 0 2097152 7418643 378218 44097 9007
00000000 00000000 0 0 2097152 7418653 378218 44097 9015
00000000 00000000 0 0 2097152 7418653 378218 44097 9023
00000000 00000000 0 0 2097152 7418663 378218 44097 9031
00000000 00000000 0 0 2097152 7418663 378218 44097 9039
00000000 00000000 0 0 2097152 7727711 71300 44097 12589
00000000 00000000 0 0 2097152 7713291 85720 44097 13998
00000000 00000000 0 0 2097152 5338465 2472400 176088 13476
00000000 00000000 0 0 2097152 7575409 243602 44097 10005
00000000 00000000 0 0 2097152 7575409 243602 44097 10013
00000000 00000000 0 0 2097152 7756085 82170 44097 14943
00000000 00000000 0 0 2097152 7459481 380869 44097 10453
00000000 00000000 0 0 2097152 7459481 380869 44097 10461
00000000 00000000 0 0 2097152 7459491 380869 44097 10469
00000000 00000000 0 0 2097152 7459491 380869 44097 10477
00000000 00000000 0 0 2097152 7460443 380869 44097 10485
00000000 00000000 0 0 2097152 7460443 380869 44097 10493
00000000 00000000 0 0 2097152 6682480 1164223 179968 15038
00000000 00000000 0 0 2097152 7538455 309117 44097 9013
00000000 00000000 0 0 2097152 7538455 309117 44097 9021
00000000 00000000 0 0 2097152 7538494 309117 44097 9029
00000000 00000000 0 0 2097152 7538495 309117 44097 9037
00000000 00000000 0 0 2097152 7538505 309117 44097 9045
00000000 00000000 0 0 2097152 7538505 309117 44097 9053
00000000 00000000 0 0 2097152 7538515 309117 44097 9061
00000000 00000000 0 0 2097152 7538515 309117 44097 9069
00000000 00000000 0 0 2097152 7538525 309117 44097 9077
00000000 00000000 0 0 2097152 7538525 309117 44097 9085
00000000 00000000 0 0 2097152 7467185 381491 44097 8000
00000000 00000000 0 0 2097152 7467185 381491 44097 8008
00000000 00000000 0 0 2097152 7467225 381491 44097 8016
00000000 00000000 0 0 2097152 7467225 381491 44097 8024
00000000 00000000 0 0 2097152 7467235 381491 44097 8032
00000000 00000000 0 0 2097152 7467235 381491 44097 8040
00000000 00000000 0 0 2097152 7467245 381491 44097 8048
00000000 00000000 0 0 2097152 7467245 381491 44097 8056
00000000 00000000 0 0 2097152 7476578 387840 44097 8037
00000000 00000000 0 0 2097152 7476578 387840 44097 8045
00000000 00000000 0 0 2097152 7476588 387840 44097 8053
00000000 00000000 0 0 2097152 7476588 387840 44097 8061
00000000 00000000 0 0 2097152 7476598 387840 44097 8069
00000000 00000000 0 0 2097152 7476598 387840 44097 8077
00000000 00000000 0 0 2097152 7802021 70519 44097 12606
00000000 00000000 0 0 2097152 7802021 72153 44097 14015
00000000 00000000 0 0 2097152 5403573 2473951 176088 12512
00000000 00000000 0 0 2097152 5403573 2473951 176088 12992
00000000 00000000 0 0 2097152 5403573 2473951 176088 13472
00000000 00000000 0 0 2097152 5403573 2473951 176088 13952
00000000 00000000 0 0 2097152 5403573 2473951 176088 14432
00000000 00000000 0 0 2097152 7577822 300368 48037 8480
00000000 00000000 0 0 2097152 7577822 300368 48037 8488
00000000 00000000 0 0 2097152 7577862 300368 48037 8496
00000000 00000000 0 0 2097152 7577862 300368 48037 8504
00000000 00000000 0 0 2097152 7577902 300368 48037 8512
00000000 00000000 0 0 2097152 7577902 300368 48037 8520
00000000 00000000 0 0 2097152 7578470 300368 48037 8528
00000000 00000000 0 0 2097152 7578470 300368 48037 8536
00000000 00000000 0 0 2097152 7526791 353659 44097 11413
00000000 00000000 0 0 2097152 7526791 353659 44097 11421
00000000 00000000 0 0 2097152 5423853 2465705 176088 11552
00000000 00000000 0 0 2097152 7517007 372582 44097 9493
00000000 00000000 0 0 2097152 7517007 372582 44097 9501
00000000 00000000 0 0 2097152 7517017 372582 44097 9509
00000000 00000000 0 0 2097152 7517017 372582 44097 9517
00000000 00000000 0 0 2097152 7517027 372582 44097 9525
00000000 00000000 0 0 2097152 7517027 372582 44097 9533
00000000 00000000 0 0 2097152 7517037 372582 44097 9541
00000000 00000000 0 0 2097152 7517037 372582 44097 9549
00000000 00000000 0 0 2097152 7517047 372582 44097 9557
00000000 00000000 0 0 2097152 7517047 372582 44097 9565
00000000 00000000 0 0 2097152 7517712 372582 44097 8517
00000000 00000000 0 0 2097152 7517712 372582 44097 8525
00000000 00000000 0 0 2097152 7517722 372582 44097 8533
00000000 00000000 0 0 2097152 7517722 372582 44097 8541
00000000 00000000 0 0 2097152 7517732 372582 44097 8549
00000000 00000000 0 0 2097152 7517732 372582 44097 8557
00000000 00000000 0 0 2097152 5432718 2483774 176088 14438
00000000 00000000 0 0 2097152 7841265 82248 44097 14952
00000000 00000000 0 0 2097152 7531005 408024 44097 11344
00000000 00000000 0 0 2097152 7531005 408024 44097 11352
00000000 00000000 0 0 2097152 7531075 408024 44097 11360
00000000 00000000 0 0 2097152 7531075 408024 44097 11368
00000000 00000000 0 0 2097152 7531115 408024 44097 11376
00000000 00000000 0 0 2097152 7531115 408024 44097 11384
00000000 00000000 0 0 2097152 7531228 408024 44097 11392
00000000 00000000 0 0 2097152 7531228 408024 44097 11400
00000000 00000000 0 0 2097152 7531238 408024 44097 11408
00000000 00000000 0 0 2097152 7531238 408024 44097 11416
00000000 00000000 0 0 2097152 7532549 408024 44097 10864
00000000 00000000 0 0 2097152 7532549 408024 44097 10872
00000000 00000000 0 0 2097152 7532559 408024 44097 10880
00000000 00000000 0 0 2097152 7532559 408024 44097 10888
00000000 00000000 0 0 2097152 7532569 408024 44097 10896
00000000 00000000 0 0 2097152 7532569 408024 44097 10904
00000000 00000000 0 0 2097152 7532579 408024 44097 10912
00000000 00000000 0 0 2097152 7532579 408024 44097 10920
00000000 00000000 0 0 2097152 7532589 408024 44097 10928
00000000 00000000 0 0 2097152 7532589 408024 44097 10936
00000000 00000000 0 0 2097152 7875550 70910 44097 12623
00000000 00000000 0 0 2097152 7543594 408013 44097 10416
00000000 00000000 0 0 2097152 7543594 408013 44097 10424
00000000 00000000 0 0 2097152 7543634 408013 44097 10432
00000000 00000000 0 0 2097152 7543634 408013 44097 10440
00000000 00000000 0 0 2097152 7543674 408013 44097 10448
00000000 00000000 0 0 2097152 7543674 408013 44097 10456
00000000 00000000 0 0 2097152 7877184 76046 44097 14024
00000000 00000000 0 0 2097152 5456212 2501468 176088 12995
00000000 00000000 0 0 2097152 7562107 406721 44097 8064
00000000 00000000 0 0 2097152 7562107 406721 44097 8072
00000000 00000000 0 0 2097152 7790193 183419 48037 8544
00000000 00000000 0 0 2097152 7790193 183419 48037 8552
00000000 00000000 0 0 2097152 5517000 2465473 176088 13492
00000000 00000000 0 0 2097152 7599638 403350 44097 9936
00000000 00000000 0 0 2097152 7599638 403350 44097 9944
00000000 00000000 0 0 2097152 7599648 403350 44097 9952
00000000 00000000 0 0 2097152 7599648 403350 44097 9960
00000000 00000000 0 0 2097152 7599658 403350 44097 9968
00000000 00000000 0 0 2097152 7599658 403350 44097 9976
00000000 00000000 0 0 2097152 7599668 403350 44097 9984
00000000 00000000 0 0 2097152 7599668 403350 44097 9992
00000000 00000000 0 0 2097152 7599678 403350 44097 10000
00000000 00000000 0 0 2097152 7599678 403350 44097 10008
00000000 00000000 0 0 2097152 7883460 129226 48037 11430
00000000 00000000 0 0 2097152 7883460 129226 48037 11438
00000000 00000000 0 0 2097152 7926523 86887 44097 14969
00000000 00000000 0 0 2097152 5531932 2487079 176088 11555
00000000 00000000 0 0 2097152 5531932 2487079 176088 12035
00000000 00000000 0 0 2097152 5531932 2487079 176088 13955
00000000 00000000 0 0 2097152 5531932 2487079 176088 14435
00000000 00000000 0 0 2097152 5531932 2487079 176088 14915
00000000 00000000 0 0 2097152 7949470 70526 44097 12632
00000000 00000000 0 0 2097152 5546845 2482287 176088 12033
00000000 00000000 0 0 2097152 7956240 76087 44097 14041
00000000 00000000 0 0 2097152 7106309 963811 179968 12168
00000000 00000000 0 0 2097152 5586738 2484946 176088 14454
00000000 00000000 0 0 2097152 7681789 392614 44097 11424
00000000 00000000 0 0 2097152 7681789 392614 44097 11432
00000000 00000000 0 0 2097152 7681799 392614 44097 11440
00000000 00000000 0 0 2097152 7681799 392614 44097 11448
00000000 00000000 0 0 2097152 5592021 2482407 176088 12515
00000000 00000000 0 0 2097152 5592021 2482407 176088 13011
00000000 00000000 0 0 2097152 8015696 93065 44097 11447
00000000 00000000 0 0 2097152 8015696 93065 44097 11455
00000000 00000000 0 0 2097152 8016420 93997 44097 14986
00000000 00000000 0 0 2097152 8035337 83674 44097 14058
00000000 00000000 0 0 2097152 7271440 859803 179968 13611
00000000 00000000 0 0 2097152 5642021 2512935 176088 14470
00000000 00000000 0 0 2097152 7778004 391616 44097 10944
00000000 00000000 0 0 2097152 7778004 391616 44097 10952
00000000 00000000 0 0 2097152 7778044 391616 44097 10960
00000000 00000000 0 0 2097152 7778044 391616 44097 10968
00000000 00000000 0 0 2097152 7778084 391616 44097 10976
00000000 00000000 0 0 2097152 7778084 391616 44097 10984
00000000 00000000 0 0 2097152 7799871 374934 44097 9008
00000000 00000000 0 0 2097152 7799871 374934 44097 9016
00000000 00000000 0 0 2097152 7799881 374934 44097 9024
00000000 00000000 0 0 2097152 7799881 374934 44097 9032
00000000 00000000 0 0 2097152 7799891 374934 44097 9040
00000000 00000000 0 0 2097152 7799891 374934 44097 9048
00000000 00000000 0 0 2097152 7791586 386406 44097 10016
00000000 00000000 0 0 2097152 7791586 386406 44097 10024
00000000 00000000 0 0 2097152 7791626 386406 44097 10032
00000000 00000000 0 0 2097152 7791626 386406 44097 10040
00000000 00000000 0 0 2097152 7793249 386406 44097 9488
00000000 00000000 0 0 2097152 7793249 386406 44097 9496
00000000 00000000 0 0 2097152 7793259 386406 44097 9504
00000000 00000000 0 0 2097152 7793259 386406 44097 9512
00000000 00000000 0 0 2097152 7793269 386406 44097 9520
00000000 00000000 0 0 2097152 7793269 386406 44097 9528
00000000 00000000 0 0 2097152 7793827 386406 44097 10464
00000000 00000000 0 0 2097152 7793827 386406 44097 10472
00000000 00000000 0 0 2097152 7793837 386406 44097 10480
00000000 00000000 0 0 2097152 7793837 386406 44097 10488
00000000 00000000 0 0 2097152 5672021 2510635 176088 14486
00000000 00000000 0 0 2097152 5672031 2510635 176088 14502
00000000 00000000 0 0 2097152 5672041 2510635 176088 14518
00000000 00000000 0 0 2097152 5683823 2505188 176088 14534
00000000 00000000 0 0 2097152 5697415 2493729 176088 12049
00000000 00000000 0 0 2097152 7822021 374371 44097 10022
00000000 00000000 0 0 2097152 7822021 374371 44097 10030
00000000 00000000 0 0 2097152 8113427 88254 44097 15003
00000000 00000000 0 0 2097152 8122021 84889 44097 14075
00000000 00000000 0 0 2097152 5727462 2481559 176088 13027
00000000 00000000 0 0 2097152 7892599 321710 44097 9510
00000000 00000000 0 0 2097152 7892599 321710 44097 9518
00000000 00000000 0 0 2097152 7892609 321710 44097 9526
00000000 00000000 0 0 2097152 7892609 321710 44097 9534
00000000 00000000 0 0 2097152 7892619 321710 44097 9542
00000000 00000000 0 0 2097152 7892619 321710 44097 9550
00000000 00000000 0 0 2097152 7892629 321710 44097 9558
00000000 00000000 0 0 2097152 7892629 321710 44097 9566
00000000 00000000 0 0 2097152 7892639 321710 44097 9574
00000000 00000000 0 0 2097152 7892639 321710 44097 9582
00000000 00000000 0 0 2097152 7893304 321710 44097 8534
00000000 00000000 0 0 2097152 7893304 321710 44097 8542
00000000 00000000 0 0 2097152 7893314 321710 44097 8550
00000000 00000000 0 0 2097152 7893314 321710 44097 8558
00000000 00000000 0 0 2097152 7893324 321710 44097 8566
00000000 00000000 0 0 2097152 7893324 321710 44097 8574
00000000 00000000 0 0 2097152 7843360 387307 44097 10470
00000000 00000000 0 0 2097152 7843360 387307 44097 10478
00000000 00000000 0 0 2097152 7843370 387307 44097 10486
00000000 00000000 0 0 2097152 7843370 387307 44097 10494
00000000 00000000 0 0 2097152 7844322 387307 44097 10502
00000000 00000000 0 0 2097152 7844322 387307 44097 10510
00000000 00000000 0 0 2097152 8111771 119899 44097 11456
00000000 00000000 0 0 2097152 8111771 119899 44097 11464
00000000 00000000 0 0 2097152 7850582 385114 44097 9030
00000000 00000000 0 0 2097152 7850582 385114 44097 9038
00000000 00000000 0 0 2097152 7850621 385114 44097 9046
00000000 00000000 0 0 2097152 7850622 385114 44097 9054
00000000 00000000 0 0 2097152 7850632 385114 44097 9062
00000000 00000000 0 0 2097152 7850632 385114 44097 9070
00000000 00000000 0 0 2097152 7850642 385114 44097 9078
00000000 00000000 0 0 2097152 7850642 385114 44097 9086
00000000 00000000 0 0 2097152 7850652 385114 44097 9094
00000000 00000000 0 0 2097152 7850652 385114 44097 9102
00000000 00000000 0 0 2097152 5748931 2489212 176088 13508
00000000 00000000 0 0 2097152 7851686 390911 44097 8017
00000000 00000000 0 0 2097152 7851686 390911 44097 8025
00000000 00000000 0 0 2097152 7851726 390911 44097 8033
00000000 00000000 0 0 2097152 7851726 390911 44097 8041
00000000 00000000 0 0 2097152 7851736 390911 44097 8049
00000000 00000000 0 0 2097152 7851736 390911 44097 8057
00000000 00000000 0 0 2097152 7851746 390911 44097 8065
00000000 00000000 0 0 2097152 7851746 390911 44097 8073
00000000 00000000 0 0 2097152 7867428 376766 44097 8054
00000000 00000000 0 0 2097152 7867428 376766 44097 8062
00000000 00000000 0 0 2097152 7867438 376766 44097 8070
00000000 00000000 0 0 2097152 7867438 376766 44097 8078
00000000 00000000 0 0 2097152 7867448 376766 44097 8086
00000000 00000000 0 0 2097152 7867448 376766 44097 8094
00000000 00000000 0 0 2097152 5782021 2472455 176088 13043
00000000 00000000 0 0 2097152 5782031 2472455 176088 13059
00000000 00000000 0 0 2097152 5782041 2472455 176088 13075
00000000 00000000 0 0 2097152 5782051 2472455 176088 13091
00000000 00000000 0 0 2097152 5791129 2470432 176088 11568
00000000 00000000 0 0 2097152 8204691 70632 44097 15020
00000000 00000000 0 0 2097152 7881200 403471 44097 8497
00000000 00000000 0 0 2097152 7881200 403471 44097 8505
00000000 00000000 0 0 2097152 7881240 403471 44097 8513
00000000 00000000 0 0 2097152 7881240 403471 44097 8521
00000000 00000000 0 0 2097152 7881280 403471 44097 8529
00000000 00000000 0 0 2097152 7881280 403471 44097 8537
00000000 00000000 0 0 2097152 7363468 921770 176088 12034
00000000 00000000 0 0 2097152 5801157 2484094 176088 12065
00000000 00000000 0 0 2097152 7881848 403471 44097 8545
00000000 00000000 0 0 2097152 7881848 403471 44097 8553
00000000 00000000 0 0 2097152 7942039 404709 44097 11361
00000000 00000000 0 0 2097152 7942039 404709 44097 11369
00000000 00000000 0 0 2097152 7942109 404709 44097 11377
00000000 00000000 0 0 2097152 7942109 404709 44097 11385
00000000 00000000 0 0 2097152 7942149 404709 44097 11393
00000000 00000000 0 0 2097152 7942149 404709 44097 11401
00000000 00000000 0 0 2097152 7942262 404709 44097 11409
00000000 00000000 0 0 2097152 7942262 404709 44097 11417
00000000 00000000 0 0 2097152 7942272 404709 44097 11425
00000000 00000000 0 0 2097152 7942272 404709 44097 11433
00000000 00000000 0 0 2097152 7943583 404709 44097 10881
00000000 00000000 0 0 2097152 7943583 404709 44097 10889
00000000 00000000 0 0 2097152 7943593 404709 44097 10897
00000000 00000000 0 0 2097152 7943593 404709 44097 10905
00000000 00000000 0 0 2097152 7943603 404709 44097 10913
00000000 00000000 0 0 2097152 7943603 404709 44097 10921
00000000 00000000 0 0 2097152 7943613 404709 44097 10929
00000000 00000000 0 0 2097152 7943613 404709 44097 10937
00000000 00000000 0 0 2097152 7943623 404709 44097 10945
00000000 00000000 0 0 2097152 7943623 404709 44097 10953
00000000 00000000 0 0 2097152 7954617 402844 44097 10433
00000000 00000000 0 0 2097152 7954617 402844 44097 10441
00000000 00000000 0 0 2097152 7954657 402844 44097 10449
00000000 00000000 0 0 2097152 7954657 402844 44097 10457
00000000 00000000 0 0 2097152 7954697 402844 44097 10465
00000000 00000000 0 0 2097152 7954697 402844 44097 10473
00000000 00000000 0 0 2097152 8278333 80678 44097 15037
00000000 00000000 0 0 2097152 7971838 407930 44097 8081
00000000 00000000 0 0 2097152 7971838 407930 44097 8089
00000000 00000000 0 0 2097152 7976622 407930 44097 8561
00000000 00000000 0 0 2097152 7976622 407930 44097 8569
00000000 00000000 0 0 2097152 5912650 2485465 176088 11584
00000000 00000000 0 0 2097152 8005998 407585 44097 9953
00000000 00000000 0 0 2097152 8005998 407585 44097 9961
00000000 00000000 0 0 2097152 8006008 407585 44097 9969
00000000 00000000 0 0 2097152 8006008 407585 44097 9977
00000000 00000000 0 0 2097152 8006018 407585 44097 9985
00000000 00000000 0 0 2097152 8006018 407585 44097 9993
00000000 00000000 0 0 2097152 8006028 407585 44097 10001
00000000 00000000 0 0 2097152 8006028 407585 44097 10009
00000000 00000000 0 0 2097152 8006038 407585 44097 10017
00000000 00000000 0 0 2097152 8006038 407585 44097 10025
00000000 00000000 0 0 2097152 8177815 247915 48037 9025
00000000 00000000 0 0 2097152 8177815 247915 48037 9033
00000000 00000000 0 0 2097152 8177825 247915 48037 9041
00000000 00000000 0 0 2097152 8177825 247915 48037 9049
00000000 00000000 0 0 2097152 8177835 247915 48037 9057
00000000 00000000 0 0 2097152 8177835 247915 48037 9065
00000000 00000000 0 0 2097152 5945095 2483916 176088 11600
00000000 00000000 0 0 2097152 5962021 2476251 176088 11616
00000000 00000000 0 0 2097152 7606035 836190 179968 12994
00000000 00000000 0 0 2097152 7622685 832773 179968 14437
00000000 00000000 0 0 2097152 5982021 2476239 176088 11632
00000000 00000000 0 0 2097152 5982031 2476239 176088 11648
00000000 00000000 0 0 2097152 8247204 217222 48037 8071
00000000 00000000 0 0 2097152 8247204 217222 48037 8079
00000000 00000000 0 0 2097152 8247214 217222 48037 8087
00000000 00000000 0 0 2097152 8247214 217222 48037 8095
00000000 00000000 0 0 2097152 8247224 217222 48037 8103
00000000 00000000 0 0 2097152 8247224 217222 48037 8111
00000000 00000000 0 0 2097152 8077413 391021 44097 11441
00000000 00000000 0 0 2097152 8077413 391021 44097 11449
00000000 00000000 0 0 2097152 8077423 391021 44097 11457
00000000 00000000 0 0 2097152 8077423 391021 44097 11465
00000000 00000000 0 0 2097152 6052021 2426990 176088 11664
00000000 00000000 0 0 2097152 6079023 2418374 176088 14912
00000000 00000000 0 0 2097152 8234680 264789 44097 11481
00000000 00000000 0 0 2097152 8234680 264790 44097 11473
00000000 00000000 0 0 2097152 8445235 72114 44097 13019
00000000 00000000 0 0 2097152 8233677 287071 44097 10487
00000000 00000000 0 0 2097152 8233677 287071 44097 10495
00000000 00000000 0 0 2097152 8233687 287071 44097 10503
00000000 00000000 0 0 2097152 8233687 287071 44097 10511
00000000 00000000 0 0 2097152 8234639 287071 44097 10519
00000000 00000000 0 0 2097152 8234639 287071 44097 10527
00000000 00000000 0 0 2097152 8238706 287071 44097 9047
00000000 00000000 0 0 2097152 8238706 287071 44097 9055
00000000 00000000 0 0 2097152 8238745 287071 44097 9063
00000000 00000000 0 0 2097152 8238746 287071 44097 9071
00000000 00000000 0 0 2097152 8238756 287071 44097 9079
00000000 00000000 0 0 2097152 8238756 287071 44097 9087
00000000 00000000 0 0 2097152 8238766 287071 44097 9095
00000000 00000000 0 0 2097152 8238766 287071 44097 9103
00000000 00000000 0 0 2097152 8238776 287071 44097 9111
00000000 00000000 0 0 2097152 8238776 287071 44097 9119
00000000 00000000 0 0 2097152 8458468 70543 44097 14462
00000000 00000000 0 0 2097152 8172630 372900 44097 10961
00000000 00000000 0 0 2097152 8172630 372900 44097 10969
00000000 00000000 0 0 2097152 8172670 372900 44097 10977
00000000 00000000 0 0 2097152 8172670 372900 44097 10985
00000000 00000000 0 0 2097152 8172710 372900 44097 10993
00000000 00000000 0 0 2097152 8172710 372900 44097 11001
00000000 00000000 0 0 2097152 8181002 369734 44097 10033
00000000 00000000 0 0 2097152 8181002 369734 44097 10041
00000000 00000000 0 0 2097152 8181042 369734 44097 10049
00000000 00000000 0 0 2097152 8181042 369734 44097 10057
00000000 00000000 0 0 2097152 8182665 369734 44097 9505
00000000 00000000 0 0 2097152 8182665 369734 44097 9513
00000000 00000000 0 0 2097152 8182675 369734 44097 9521
00000000 00000000 0 0 2097152 8182675 369734 44097 9529
00000000 00000000 0 0 2097152 8182685 369734 44097 9537
00000000 00000000 0 0 2097152 8182685 369734 44097 9545
00000000 00000000 0 0 2097152 8183243 369734 44097 10481
00000000 00000000 0 0 2097152 8183243 369734 44097 10489
00000000 00000000 0 0 2097152 8183253 369734 44097 10497
00000000 00000000 0 0 2097152 8183253 369734 44097 10505
00000000 00000000 0 0 2097152 8217319 339196 44097 9527
00000000 00000000 0 0 2097152 8217319 339196 44097 9535
00000000 00000000 0 0 2097152 8217329 339196 44097 9543
00000000 00000000 0 0 2097152 8217329 339196 44097 9551
00000000 00000000 0 0 2097152 8217339 339196 44097 9559
00000000 00000000 0 0 2097152 8217339 339196 44097 9567
00000000 00000000 0 0 2097152 8217349 339196 44097 9575
00000000 00000000 0 0 2097152 8217349 339196 44097 9583
00000000 00000000 0 0 2097152 8217359 339196 44097 9591
00000000 00000000 0 0 2097152 8217359 339196 44097 9599
00000000 00000000 0 0 2097152 8218024 339196 44097 8551
00000000 00000000 0 0 2097152 8218024 339196 44097 8559
00000000 00000000 0 0 2097152 8218034 339196 44097 8567
00000000 00000000 0 0 2097152 8218034 339196 44097 8575
00000000 00000000 0 0 2097152 8218044 339196 44097 8583
00000000 00000000 0 0 2097152 8218044 339196 44097 8591
00000000 00000000 0 0 2097152 6070390 2494480 176088 12081
00000000 00000000 0 0 2097152 6070835 2494321 176088 13524
00000000 00000000 0 0 2097152 8199402 369609 44097 10039
00000000 00000000 0 0 2097152 8199402 369609 44097 10047
00000000 00000000 0 0 2097152 7669907 909104 179968 11559
00000000 00000000 0 0 2097152 8520359 70560 44097 13036
00000000 00000000 0 0 2097152 8532021 70948 44097 14479
00000000 00000000 0 0 2097152 6127516 2487688 176088 12097
00000000 00000000 0 0 2097152 8245607 386226 44097 8034
00000000 00000000 0 0 2097152 8245607 386226 44097 8042
00000000 00000000 0 0 2097152 8245647 386226 44097 8050
00000000 00000000 0 0 2097152 8245647 386226 44097 8058
00000000 00000000 0 0 2097152 8245657 386226 44097 8066
00000000 00000000 0 0 2097152 8245657 386226 44097 8074
00000000 00000000 0 0 2097152 8245667 386226 44097 8082
00000000 00000000 0 0 2097152 8245667 386226 44097 8090
00000000 00000000 0 0 2097152 6182021 2485613 176088 13540
00000000 00000000 0 0 2097152 6182031 2485613 176088 13556
00000000 00000000 0 0 2097152 6182041 2485613 176088 13572
00000000 00000000 0 0 2097152 6182021 2487264 176088 12113
00000000 00000000 0 0 2097152 6182031 2487264 176088 12129
00000000 00000000 0 0 2097152 8582021 89404 44097 11576
00000000 00000000 0 0 2097152 8593929 85082 44097 13053
00000000 00000000 0 0 2097152 8605979 76069 44097 14488
00000000 00000000 0 0 2097152 8287681 409726 44097 8514
00000000 00000000 0 0 2097152 8287681 409726 44097 8522
00000000 00000000 0 0 2097152 8287721 409726 44097 8530
00000000 00000000 0 0 2097152 8287721 409726 44097 8538
00000000 00000000 0 0 2097152 8287761 409726 44097 8546
00000000 00000000 0 0 2097152 8287761 409726 44097 8554
00000000 00000000 0 0 2097152 8288329 409726 44097 8562
00000000 00000000 0 0 2097152 8288329 409726 44097 8570
00000000 00000000 0 0 2097152 8555409 195434 48037 9522
00000000 00000000 0 0 2097152 8555409 195434 48037 9530
00000000 00000000 0 0 2097152 8555419 195434 48037 9538
00000000 00000000 0 0 2097152 8555419 195434 48037 9546
00000000 00000000 0 0 2097152 8555429 195434 48037 9554
00000000 00000000 0 0 2097152 8555429 195434 48037 9562
00000000 00000000 0 0 2097152 8560230 196086 48037 8560
00000000 00000000 0 0 2097152 8560230 196086 48037 8568
00000000 00000000 0 0 2097152 8560240 196086 48037 8576
00000000 00000000 0 0 2097152 8560240 196086 48037 8584
00000000 00000000 0 0 2097152 8560250 196086 48037 8592
00000000 00000000 0 0 2097152 8560250 196086 48037 8600
00000000 00000000 0 0 2097152 8682021 76707 44097 13070
00000000 00000000 0 0 2097152 8674435 89337 44097 11593
00000000 00000000 0 0 2097152 8349758 415236 44097 11378
00000000 00000000 0 0 2097152 8349758 415236 44097 11386
00000000 00000000 0 0 2097152 8349828 415236 44097 11394
00000000 00000000 0 0 2097152 8349828 415236 44097 11402
00000000 00000000 0 0 2097152 8349868 415236 44097 11410
00000000 00000000 0 0 2097152 8349868 415236 44097 11418
00000000 00000000 0 0 2097152 8349981 415236 44097 11426
00000000 00000000 0 0 2097152 8349981 415236 44097 11434
00000000 00000000 0 0 2097152 8349991 415236 44097 11442
00000000 00000000 0 0 2097152 8349991 415236 44097 11450
00000000 00000000 0 0 2097152 8351302 415236 44097 10898
00000000 00000000 0 0 2097152 8351302 415236 44097 10906
00000000 00000000 0 0 2097152 8351312 415236 44097 10914
00000000 00000000 0 0 2097152 8351312 415236 44097 10922
00000000 00000000 0 0 2097152 8351322 415236 44097 10930
00000000 00000000 0 0 2097152 8351322 415236 44097 10938
00000000 00000000 0 0 2097152 8351332 415236 44097 10946
00000000 00000000 0 0 2097152 8351332 415236 44097 10954
00000000 00000000 0 0 2097152 8351342 415236 44097 10962
00000000 00000000 0 0 2097152 8351342 415236 44097 10970
00000000 00000000 0 0 2097152 8685058 85782 44097 14505
00000000 00000000 0 0 2097152 8360471 412486 44097 10450
00000000 00000000 0 0 2097152 8360471 412486 44097 10458
00000000 00000000 0 0 2097152 8360511 412486 44097 10466
00000000 00000000 0 0 2097152 8360511 412486 44097 10474
00000000 00000000 0 0 2097152 8360551 412486 44097 10482
00000000 00000000 0 0 2097152 8360551 412486 44097 10490
00000000 00000000 0 0 2097152 8467436 324114 44097 8080
00000000 00000000 0 0 2097152 8467436 324114 44097 8088
00000000 00000000 0 0 2097152 8467446 324114 44097 8096
00000000 00000000 0 0 2097152 8467446 324114 44097 8104
00000000 00000000 0 0 2097152 8467456 324114 44097 8112
00000000 00000000 0 0 2097152 8467456 324114 44097 8120
00000000 00000000 0 0 2097152 8382778 410941 44097 8098
00000000 00000000 0 0 2097152 8382778 410941 44097 8106
00000000 00000000 0 0 2097152 8387562 410941 44097 8578
00000000 00000000 0 0 2097152 8387562 410941 44097 8586
00000000 00000000 0 0 2097152 6469991 2336818 176088 14928
00000000 00000000 0 0 2097152 8572021 235441 44097 10048
00000000 00000000 0 0 2097152 8572021 235441 44097 10056
00000000 00000000 0 0 2097152 8559525 249486 44097 9536
00000000 00000000 0 0 2097152 8559525 249486 44097 9544
00000000 00000000 0 0 2097152 8559535 249476 44097 9552
00000000 00000000 0 0 2097152 8559535 249476 44097 9560
00000000 00000000 0 0 2097152 8559545 249466 44097 9568
00000000 00000000 0 0 2097152 8559545 249466 44097 9576
00000000 00000000 0 0 2097152 8559555 249456 44097 9584
00000000 00000000 0 0 2097152 8559555 249456 44097 9592
00000000 00000000 0 0 2097152 8416593 408386 44097 9970
00000000 00000000 0 0 2097152 8416593 408386 44097 9978
00000000 00000000 0 0 2097152 8416603 408386 44097 9986
00000000 00000000 0 0 2097152 8416603 408386 44097 9994
00000000 00000000 0 0 2097152 8416613 408386 44097 10002
00000000 00000000 0 0 2097152 8416613 408386 44097 10010
00000000 00000000 0 0 2097152 8416623 408386 44097 10018
00000000 00000000 0 0 2097152 8416623 408386 44097 10026
00000000 00000000 0 0 2097152 8416633 408386 44097 10034
00000000 00000000 0 0 2097152 8416633 408386 44097 10042
00000000 00000000 0 0 2097152 8528787 300224 44097 9056
00000000 00000000 0 0 2097152 8528787 300224 44097 9064
00000000 00000000 0 0 2097152 8528826 300185 44097 9072
00000000 00000000 0 0 2097152 8528827 300184 44097 9080
00000000 00000000 0 0 2097152 8528837 300174 44097 9088
00000000 00000000 0 0 2097152 8528837 300174 44097 9096
00000000 00000000 0 0 2097152 8528847 300164 44097 9104
00000000 00000000 0 0 2097152 8528847 300164 44097 9112
00000000 00000000 0 0 2097152 8523758 305253 44097 10496
00000000 00000000 0 0 2097152 8523758 305253 44097 10504
00000000 00000000 0 0 2097152 8523768 305243 44097 10512
00000000 00000000 0 0 2097152 8523768 305243 44097 10520
00000000 00000000 0 0 2097152 8524720 304291 44097 10528
00000000 00000000 0 0 2097152 8524720 304291 44097 10536
00000000 00000000 0 0 2097152 8761738 70710 44097 13087
00000000 00000000 0 0 2097152 8428740 404728 44097 9042
00000000 00000000 0 0 2097152 8428740 404728 44097 9050
00000000 00000000 0 0 2097152 8428750 404728 44097 9058
00000000 00000000 0 0 2097152 8428750 404728 44097 9066
00000000 00000000 0 0 2097152 8428760 404728 44097 9074
00000000 00000000 0 0 2097152 8428760 404728 44097 9082
00000000 00000000 0 0 2097152 8022021 824224 179968 13972
00000000 00000000 0 0 2097152 8766782 89584 44097 11610
00000000 00000000 0 0 2097152 8773850 85161 44097 14522
00000000 00000000 0 0 2097152 8471444 395683 44097 11458
00000000 00000000 0 0 2097152 8471444 395683 44097 11466
00000000 00000000 0 0 2097152 8471454 395683 44097 11474
00000000 00000000 0 0 2097152 8471454 395683 44097 11482
00000000 00000000 0 0 2097152 8502479 390832 44097 11498
00000000 00000000 0 0 2097152 8502480 390832 44097 11490
00000000 00000000 0 0 2097152 8835458 76250 44097 13096
00000000 00000000 0 0 2097152 8553746 365265 44097 10050
00000000 00000000 0 0 2097152 8553746 365265 44097 10058
00000000 00000000 0 0 2097152 8553786 365225 44097 10066
00000000 00000000 0 0 2097152 8553786 365225 44097 10074
00000000 00000000 0 0 2097152 7880534 1038477 179968 12529
00000000 00000000 0 0 2097152 8849255 69916 44097 13997
00000000 00000000 0 0 2097152 8548540 370680 44097 10978
00000000 00000000 0 0 2097152 8548540 370680 44097 10986
00000000 00000000 0 0 2097152 8548580 370680 44097 10994
00000000 00000000 0 0 2097152 8548580 370680 44097 11002
00000000 00000000 0 0 2097152 8548620 370680 44097 11010
00000000 00000000 0 0 2097152 8548620 370680 44097 11018
00000000 00000000 0 0 2097152 8555987 364762 44097 10498
00000000 00000000 0 0 2097152 8555987 364762 44097 10506
00000000 00000000 0 0 2097152 8555997 364762 44097 10514
00000000 00000000 0 0 2097152 8555997 364762 44097 10522
00000000 00000000 0 0 2097152 8859376 83705 44097 11627
00000000 00000000 0 0 2097152 8862021 83705 44097 14539
00000000 00000000 0 0 2097152 6580707 2377562 176088 12531
00000000 00000000 0 0 2097152 7398576 1573481 176088 11680
00000000 00000000 0 0 2097152 8914718 72213 44097 13113
00000000 00000000 0 0 2097152 8922021 76232 44097 12554
00000000 00000000 0 0 2097152 8922181 77085 44097 14014
00000000 00000000 0 0 2097152 8634843 384646 44097 8051
00000000 00000000 0 0 2097152 8634843 384646 44097 8059
00000000 00000000 0 0 2097152 8634883 384646 44097 8067
00000000 00000000 0 0 2097152 8634883 384646 44097 8075
00000000 00000000 0 0 2097152 8634893 384646 44097 8083
00000000 00000000 0 0 2097152 8634893 384646 44097 8091
00000000 00000000 0 0 2097152 8634903 384646 44097 8099
00000000 00000000 0 0 2097152 8634903 384646 44097 8107
00000000 00000000 0 0 2097152 8209920 824743 179968 14092
00000000 00000000 0 0 2097152 8946091 92920 44097 11644
00000000 00000000 0 0 2097152 8948736 90275 44097 14556
00000000 00000000 0 0 2097152 6910809 2128942 176088 14944
00000000 00000000 0 0 2097152 8023006 1034092 179968 12649
00000000 00000000 0 0 2097152 8832021 226637 44097 10513
00000000 00000000 0 0 2097152 8832021 226637 44097 10521
00000000 00000000 0 0 2097152 8832031 226637 44097 10529
00000000 00000000 0 0 2097152 8832031 226637 44097 10537
00000000 00000000 0 0 2097152 8832041 226637 44097 10545
00000000 00000000 0 0 2097152 8832041 226637 44097 10553
00000000 00000000 0 0 2097152 8810472 253086 44097 10065
00000000 00000000 0 0 2097152 8810472 253086 44097 10073
00000000 00000000 0 0 2097152 8832021 232453 48037 9073
00000000 00000000 0 0 2097152 8832021 232453 48037 9081
00000000 00000000 0 0 2097152 8832031 232453 48037 9089
00000000 00000000 0 0 2097152 8832031 232453 48037 9097
00000000 00000000 0 0 2097152 8832041 232453 48037 9105
00000000 00000000 0 0 2097152 8832041 232453 48037 9113
00000000 00000000 0 0 2097152 8812021 253086 44097 9553
00000000 00000000 0 0 2097152 8812021 253086 44097 9561
00000000 00000000 0 0 2097152 8812031 253086 44097 9569
00000000 00000000 0 0 2097152 8812031 253086 44097 9577
00000000 00000000 0 0 2097152 8812041 253086 44097 9585
00000000 00000000 0 0 2097152 8812041 253086 44097 9593
00000000 00000000 0 0 2097152 6697577 2371283 176088 13107
00000000 00000000 0 0 2097152 9001263 72840 44097 12571
00000000 00000000 0 0 2097152 9002276 73043 44097 14031
00000000 00000000 0 0 2097152 7263038 1819649 176088 15040
00000000 00000000 0 0 2097152 8794560 296776 44097 8097
00000000 00000000 0 0 2097152 8794560 296776 44097 8105
00000000 00000000 0 0 2097152 8794570 296776 44097 8113
00000000 00000000 0 0 2097152 8794570 296776 44097 8121
00000000 00000000 0 0 2097152 8794580 296776 44097 8129
00000000 00000000 0 0 2097152 8794580 296776 44097 8137
00000000 00000000 0 0 2097152 8759326 341794 44097 8577
00000000 00000000 0 0 2097152 8759326 341794 44097 8585
00000000 00000000 0 0 2097152 8759336 341794 44097 8593
00000000 00000000 0 0 2097152 8759336 341794 44097 8601
00000000 00000000 0 0 2097152 8759346 341794 44097 8609
00000000 00000000 0 0 2097152 8759346 341794 44097 8617
00000000 00000000 0 0 2097152 8700417 406415 44097 8531
00000000 00000000 0 0 2097152 8700417 406415 44097 8539
00000000 00000000 0 0 2097152 8700457 406415 44097 8547
00000000 00000000 0 0 2097152 8700457 406415 44097 8555
00000000 00000000 0 0 2097152 8700497 406415 44097 8563
00000000 00000000 0 0 2097152 8700497 406415 44097 8571
00000000 00000000 0 0 2097152 6627171 2479908 176088 11558
00000000 00000000 0 0 2097152 6627171 2479908 176088 12038
00000000 00000000 0 0 2097152 6627171 2479908 176088 12518
00000000 00000000 0 0 2097152 6627171 2479908 176088 12998
00000000 00000000 0 0 2097152 6627171 2479908 176088 13478
00000000 00000000 0 0 2097152 8701065 406415 44097 8579
00000000 00000000 0 0 2097152 8701065 406415 44097 8587
00000000 00000000 0 0 2097152 7060035 2048976 176088 14960
00000000 00000000 0 0 2097152 7085259 2023752 176088 14976
00000000 00000000 0 0 2097152 7085269 2023742 176088 14992
00000000 00000000 0 0 2097152 7092021 2016990 176088 15008
00000000 00000000 0 0 2097152 7092031 2016980 176088 15024
00000000 00000000 0 0 2097152 9042021 70557 44097 11661
00000000 00000000 0 0 2097152 8827989 294522 48037 9987
00000000 00000000 0 0 2097152 8827989 294522 48037 9995
00000000 00000000 0 0 2097152 8827999 294522 48037 10003
00000000 00000000 0 0 2097152 8827999 294522 48037 10011
00000000 00000000 0 0 2097152 8828009 294522 48037 10019
00000000 00000000 0 0 2097152 8828009 294522 48037 10027
00000000 00000000 0 0 2097152 8828019 294522 48037 10035
00000000 00000000 0 0 2097152 8828019 294522 48037 10043
00000000 00000000 0 0 2097152 8828029 294522 48037 10051
00000000 00000000 0 0 2097152 8828029 294522 48037 10059
00000000 00000000 0 0 2097152 6642021 2492545 176088 12993
00000000 00000000 0 0 2097152 6642021 2492545 176088 13473
00000000 00000000 0 0 2097152 6642021 2492545 176088 13953
00000000 00000000 0 0 2097152 6642021 2492545 176088 14433
00000000 00000000 0 0 2097152 6642021 2492545 176088 14913
00000000 00000000 0 0 2097152 6642021 2493999 176088 11556
00000000 00000000 0 0 2097152 6642021 2493999 176088 12036
00000000 00000000 0 0 2097152 6642021 2493999 176088 12516
00000000 00000000 0 0 2097152 6642021 2493999 176088 14436
00000000 00000000 0 0 2097152 6642021 2493999 176088 14916
00000000 00000000 0 0 2097152 9077113 71010 44097 12588
00000000 00000000 0 0 2097152 9078329 70567 44097 14040
00000000 00000000 0 0 2097152 6704948 2446656 176088 14550
00000000 00000000 0 0 2097152 8922021 230055 48037 10067
00000000 00000000 0 0 2097152 8922021 230055 48037 10075
00000000 00000000 0 0 2097152 6841786 2317225 176088 12547
00000000 00000000 0 0 2097152 8753853 408234 44097 9539
00000000 00000000 0 0 2097152 8753853 408234 44097 9547
00000000 00000000 0 0 2097152 8753863 408234 44097 9555
00000000 00000000 0 0 2097152 8753863 408234 44097 9563
00000000 00000000 0 0 2097152 8753873 408234 44097 9571
00000000 00000000 0 0 2097152 8753873 408234 44097 9579
00000000 00000000 0 0 2097152 8768004 406666 44097 11395
00000000 00000000 0 0 2097152 8768004 406666 44097 11403
00000000 00000000 0 0 2097152 8768074 406666 44097 11411
00000000 00000000 0 0 2097152 8768074 406666 44097 11419
00000000 00000000 0 0 2097152 8768114 406666 44097 11427
00000000 00000000 0 0 2097152 8768114 406666 44097 11435
00000000 00000000 0 0 2097152 8768227 406666 44097 11443
00000000 00000000 0 0 2097152 8768227 406666 44097 11451
00000000 00000000 0 0 2097152 8768237 406666 44097 11459
00000000 00000000 0 0 2097152 8768237 406666 44097 11467
00000000 00000000 0 0 2097152 8769548 408146 44097 10915
00000000 00000000 0 0 2097152 8769548 408146 44097 10923
00000000 00000000 0 0 2097152 8769558 408146 44097 10931
00000000 00000000 0 0 2097152 8769558 408146 44097 10939
00000000 00000000 0 0 2097152 8769568 408146 44097 10947
00000000 00000000 0 0 2097152 8769568 408146 44097 10955
00000000 00000000 0 0 2097152 8769578 408146 44097 10963
00000000 00000000 0 0 2097152 8769578 408146 44097 10971
00000000 00000000 0 0 2097152 8769588 408146 44097 10979
00000000 00000000 0 0 2097152 8769588 408146 44097 10987
00000000 00000000 0 0 2097152 8775967 406366 44097 10467
00000000 00000000 0 0 2097152 8775967 406366 44097 10475
00000000 00000000 0 0 2097152 8776007 406366 44097 10483
00000000 00000000 0 0 2097152 8776007 406366 44097 10491
00000000 00000000 0 0 2097152 8776047 406366 44097 10499
00000000 00000000 0 0 2097152 8776047 406366 44097 10507
00000000 00000000 0 0 2097152 9115588 70784 44097 11678
00000000 00000000 0 0 2097152 6704455 2489680 176088 12145
00000000 00000000 0 0 2097152 8796729 402282 44097 8115
00000000 00000000 0 0 2097152 8796729 402282 44097 8123
00000000 00000000 0 0 2097152 8801513 400202 44097 8595
00000000 00000000 0 0 2097152 8801513 400202 44097 8603
00000000 00000000 0 0 2097152 8362021 852044 179968 15054
00000000 00000000 0 0 2097152 9151133 71158 44097 12605
00000000 00000000 0 0 2097152 9151906 71079 44097 14057
00000000 00000000 0 0 2097152 8836478 398474 44097 9059
00000000 00000000 0 0 2097152 8836478 398474 44097 9067
00000000 00000000 0 0 2097152 8836488 398474 44097 9075
00000000 00000000 0 0 2097152 8836488 398474 44097 9083
00000000 00000000 0 0 2097152 8836498 398474 44097 9091
00000000 00000000 0 0 2097152 8836498 398474 44097 9099
00000000 00000000 0 0 2097152 6989322 2263119 176088 12563
00000000 00000000 0 0 2097152 6989332 2263119 176088 12579
00000000 00000000 0 0 2097152 6989342 2263119 176088 12595
00000000 00000000 0 0 2097152 8870137 387363 44097 11475
00000000 00000000 0 0 2097152 8870137 387363 44097 11483
00000000 00000000 0 0 2097152 8870147 387363 44097 11491
00000000 00000000 0 0 2097152 8870147 387363 44097 11499
00000000 00000000 0 0 2097152 6995083 2263119 176088 12611
00000000 00000000 0 0 2097152 6995093 2263119 176088 12627
00000000 00000000 0 0 2097152 9068117 190104 48037 9570
00000000 00000000 0 0 2097152 9068117 190104 48037 9578
00000000 00000000 0 0 2097152 9068127 190104 48037 9586
00000000 00000000 0 0 2097152 9068127 190104 48037 9594
00000000 00000000 0 0 2097152 8896322 372689 44097 11507
00000000 00000000 0 0 2097152 8896321 372690 44097 11515
00000000 00000000 0 0 2097152 7098011 2171000 176088 12643
00000000 00000000 0 0 2097152 7217520 2061491 176088 13123
00000000 00000000 0 0 2097152 8922230 361017 44097 10995
00000000 00000000 0 0 2097152 8922230 361017 44097 11003
00000000 00000000 0 0 2097152 8922270 361017 44097 11011
00000000 00000000 0 0 2097152 8922270 361017 44097 11019
00000000 00000000 0 0 2097152 8922310 361017 44097 11027
00000000 00000000 0 0 2097152 8922310 361017 44097 11035
00000000 00000000 0 0 2097152 8923759 361017 44097 10515
00000000 00000000 0 0 2097152 8923759 361017 44097 10523
00000000 00000000 0 0 2097152 8923769 361017 44097 10531
00000000 00000000 0 0 2097152 8923769 361017 44097 10539
00000000 00000000 0 0 2097152 9225301 70860 44097 12622
00000000 00000000 0 0 2097152 9225995 70817 44097 14074
00000000 00000000 0 0 2097152 8288248 1020763 176088 12051
00000000 00000000 0 0 2097152 9104130 211945 44097 8594
00000000 00000000 0 0 2097152 9104130 211945 44097 8602
00000000 00000000 0 0 2097152 9104140 211945 44097 8610
00000000 00000000 0 0 2097152 9104140 211945 44097 8618
00000000 00000000 0 0 2097152 9104150 211945 44097 8626
00000000 00000000 0 0 2097152 9104150 211945 44097 8634
00000000 00000000 0 0 2097152 9061668 255996 44097 10530
00000000 00000000 0 0 2097152 9061668 255996 44097 10538
00000000 00000000 0 0 2097152 9061678 255996 44097 10546
00000000 00000000 0 0 2097152 9061678 255996 44097 10554
00000000 00000000 0 0 2097152 9094346 224550 44097 8114
00000000 00000000 0 0 2097152 9094346 224550 44097 8122
00000000 00000000 0 0 2097152 9094356 224550 44097 8130
00000000 00000000 0 0 2097152 9094356 224550 44097 8138
00000000 00000000 0 0 2097152 9094366 224550 44097 8146
00000000 00000000 0 0 2097152 9094366 224550 44097 8154
00000000 00000000 0 0 2097152 9067484 255996 44097 9090
00000000 00000000 0 0 2097152 9067484 255996 44097 9098
00000000 00000000 0 0 2097152 9067494 255996 44097 9106
00000000 00000000 0 0 2097152 9067494 255996 44097 9114
00000000 00000000 0 0 2097152 9261231 89792 44097 9587
00000000 00000000 0 0 2097152 9261231 89792 44097 9595
00000000 00000000 0 0 2097152 9299171 91013 44097 12639
00000000 00000000 0 0 2097152 9299822 90906 44097 14091
00000000 00000000 0 0 2097152 9022499 385736 44097 8068
00000000 00000000 0 0 2097152 9022499 385736 44097 8076
00000000 00000000 0 0 2097152 9022539 385736 44097 8084
00000000 00000000 0 0 2097152 9022539 385736 44097 8092
00000000 00000000 0 0 2097152 9022549 385736 44097 8100
00000000 00000000 0 0 2097152 9022549 385736 44097 8108
00000000 00000000 0 0 2097152 9022559 385736 44097 8116
00000000 00000000 0 0 2097152 9022559 385736 44097 8124
00000000 00000000 0 0 2097152 9185343 268201 48037 10484
00000000 00000000 0 0 2097152 9185343 268201 48037 10492
00000000 00000000 0 0 2097152 9185383 268201 48037 10500
00000000 00000000 0 0 2097152 9185383 268201 48037 10508
00000000 00000000 0 0 2097152 9185423 268201 48037 10516
00000000 00000000 0 0 2097152 9185423 268201 48037 10524
00000000 00000000 0 0 2097152 9393194 71373 44097 12648
00000000 00000000 0 0 2097152 6947397 2528622 176088 13588
00000000 00000000 0 0 2097152 7263607 2240575 176088 13477
00000000 00000000 0 0 2097152 9319085 186055 44097 8611
00000000 00000000 0 0 2097152 9319085 186055 44097 8619
00000000 00000000 0 0 2097152 9319095 186055 44097 8627
00000000 00000000 0 0 2097152 9319095 186055 44097 8635
00000000 00000000 0 0 2097152 9320674 186055 44097 10547
00000000 00000000 0 0 2097152 9320674 186055 44097 10555
00000000 00000000 0 0 2097152 9321906 186055 44097 8131
00000000 00000000 0 0 2097152 9321906 186055 44097 8139
00000000 00000000 0 0 2097152 9321916 186055 44097 8147
00000000 00000000 0 0 2097152 9321916 186055 44097 8155
00000000 00000000 0 0 2097152 9326490 182521 44097 9107
00000000 00000000 0 0 2097152 9326490 182521 44097 9115
00000000 00000000 0 0 2097152 9109842 408060 44097 8548
00000000 00000000 0 0 2097152 9109842 408060 44097 8556
00000000 00000000 0 0 2097152 9109882 408060 44097 8564
00000000 00000000 0 0 2097152 9109882 408060 44097 8572
00000000 00000000 0 0 2097152 9109922 408060 44097 8580
00000000 00000000 0 0 2097152 9109922 408060 44097 8588
00000000 00000000 0 0 2097152 9110490 408060 44097 8596
00000000 00000000 0 0 2097152 9110490 408060 44097 8604
00000000 00000000 0 0 2097152 9287786 231894 48037 10532
00000000 00000000 0 0 2097152 9287786 231894 48037 10540
00000000 00000000 0 0 2097152 9287796 231894 48037 10548
00000000 00000000 0 0 2097152 9287796 231894 48037 10556
00000000 00000000 0 0 2097152 7331551 2189783 176088 14439
00000000 00000000 0 0 2097152 9125521 407726 44097 10004
00000000 00000000 0 0 2097152 9125521 407726 44097 10012
00000000 00000000 0 0 2097152 9125531 407726 44097 10020
00000000 00000000 0 0 2097152 9125531 407726 44097 10028
00000000 00000000 0 0 2097152 9125541 407726 44097 10036
00000000 00000000 0 0 2097152 9125541 407726 44097 10044
00000000 00000000 0 0 2097152 9125551 407726 44097 10052
00000000 00000000 0 0 2097152 9125551 407726 44097 10060
00000000 00000000 0 0 2097152 9125561 407726 44097 10068
00000000 00000000 0 0 2097152 9125561 407726 44097 10076
00000000 00000000 0 0 2097152 9165097 407327 44097 9556
00000000 00000000 0 0 2097152 9165097 407327 44097 9564
00000000 00000000 0 0 2097152 9165107 407327 44097 9572
00000000 00000000 0 0 2097152 9165107 407327 44097 9580
00000000 00000000 0 0 2097152 9165117 407327 44097 9588
00000000 00000000 0 0 2097152 9165117 407327 44097 9596
00000000 00000000 0 0 2097152 9177680 410139 44097 11412
00000000 00000000 0 0 2097152 9177680 410139 44097 11420
00000000 00000000 0 0 2097152 9177750 410139 44097 11428
00000000 00000000 0 0 2097152 9177750 410139 44097 11436
00000000 00000000 0 0 2097152 9177790 410139 44097 11444
00000000 00000000 0 0 2097152 9177790 410139 44097 11452
00000000 00000000 0 0 2097152 9177903 410139 44097 11460
00000000 00000000 0 0 2097152 9177903 410139 44097 11468
00000000 00000000 0 0 2097152 9177913 410139 44097 11476
00000000 00000000 0 0 2097152 9177913 410139 44097 11484
00000000 00000000 0 0 2097152 9180704 409377 44097 10932
00000000 00000000 0 0 2097152 9180704 409377 44097 10940
00000000 00000000 0 0 2097152 9180714 409377 44097 10948
00000000 00000000 0 0 2097152 9180714 409377 44097 10956
00000000 00000000 0 0 2097152 9180724 409377 44097 10964
00000000 00000000 0 0 2097152 9180724 409377 44097 10972
00000000 00000000 0 0 2097152 9180734 409377 44097 10980
00000000 00000000 0 0 2097152 9180734 409377 44097 10988
00000000 00000000 0 0 2097152 9180744 409377 44097 10996
00000000 00000000 0 0 2097152 9180744 409377 44097 11004
00000000 00000000 0 0 2097152 9202021 406100 44097 8140
00000000 00000000 0 0 2097152 9202021 406101 44097 8132
00000000 00000000 0 0 2097152 9204725 406100 44097 8620
00000000 00000000 0 0 2097152 9204725 406101 44097 8612
00000000 00000000 0 0 2097152 9237962 394252 44097 9076
00000000 00000000 0 0 2097152 9237962 394252 44097 9084
00000000 00000000 0 0 2097152 9237972 394252 44097 9092
00000000 00000000 0 0 2097152 9237972 394252 44097 9100
00000000 00000000 0 0 2097152 9237982 394252 44097 9108
00000000 00000000 0 0 2097152 9237982 394252 44097 9116
00000000 00000000 0 0 2097152 9260510 386950 44097 11492
00000000 00000000 0 0 2097152 9260510 386950 44097 11500
00000000 00000000 0 0 2097152 9260520 386950 44097 11508
00000000 00000000 0 0 2097152 9260520 386950 44097 11516
00000000 00000000 0 0 2097152 9286257 372754 44097 11012
00000000 00000000 0 0 2097152 9286257 372754 44097 11020
00000000 00000000 0 0 2097152 9286297 372714 44097 11028
00000000 00000000 0 0 2097152 9286297 372714 44097 11036
00000000 00000000 0 0 2097152 7276664 2387986 176088 14566
00000000 00000000 0 0 2097152 9510971 187254 44097 8148
00000000 00000000 0 0 2097152 9510971 187254 44097 8156
00000000 00000000 0 0 2097152 9508150 201183 44097 8628
00000000 00000000 0 0 2097152 9508150 201183 44097 8636
00000000 00000000 0 0 2097152 7332640 2379055 176088 13958
00000000 00000000 0 0 2097152 9411245 365210 44097 8085
00000000 00000000 0 0 2097152 9411245 365210 44097 8093
00000000 00000000 0 0 2097152 9411285 365210 44097 8101
00000000 00000000 0 0 2097152 9411285 365210 44097 8109
00000000 00000000 0 0 2097152 9411295 365210 44097 8117
00000000 00000000 0 0 2097152 9411295 365210 44097 8125
00000000 00000000 0 0 2097152 9411305 365210 44097 8133
00000000 00000000 0 0 2097152 9411305 365210 44097 8141
00000000 00000000 0 0 2097152 7431517 2378174 176088 13974
00000000 00000000 0 0 2097152 9456554 360455 44097 10501
00000000 00000000 0 0 2097152 9456554 360455 44097 10509
00000000 00000000 0 0 2097152 9456594 360455 44097 10517
00000000 00000000 0 0 2097152 9456594 360455 44097 10525
00000000 00000000 0 0 2097152 9456634 360455 44097 10533
00000000 00000000 0 0 2097152 9456634 360455 44097 10541
00000000 00000000 0 0 2097152 7474576 2377369 176088 13990
00000000 00000000 0 0 2097152 7482021 2378713 176088 14006
00000000 00000000 0 0 2097152 7482031 2378713 176088 14022
00000000 00000000 0 0 2097152 7482041 2378713 176088 14038
00000000 00000000 0 0 2097152 7482051 2378713 176088 14054
00000000 00000000 0 0 2097152 7482061 2378713 176088 14070
00000000 00000000 0 0 2097152 7317256 2544824 176088 12161
00000000 00000000 0 0 2097152 7600962 2268049 176088 14086
00000000 00000000 0 0 2097152 9520912 396614 44097 8565
00000000 00000000 0 0 2097152 9520912 396614 44097 8573
00000000 00000000 0 0 2097152 9520952 396614 44097 8581
00000000 00000000 0 0 2097152 9520952 396614 44097 8589
00000000 00000000 0 0 2097152 9520992 396614 44097 8597
00000000 00000000 0 0 2097152 9520992 396614 44097 8605
00000000 00000000 0 0 2097152 9521560 396614 44097 8613
00000000 00000000 0 0 2097152 9521560 396614 44097 8621
00000000 00000000 0 0 2097152 9522690 396614 44097 10549
00000000 00000000 0 0 2097152 9522690 396614 44097 10557
00000000 00000000 0 0 2097152 9593091 333093 48037 10949
00000000 00000000 0 0 2097152 9593091 333093 48037 10957
00000000 00000000 0 0 2097152 9593101 333093 48037 10965
00000000 00000000 0 0 2097152 9593101 333093 48037 10973
00000000 00000000 0 0 2097152 9593111 333093 48037 10981
00000000 00000000 0 0 2097152 9593111 333093 48037 10989
00000000 00000000 0 0 2097152 9593121 333093 48037 10997
00000000 00000000 0 0 2097152 9593121 333093 48037 11005
00000000 00000000 0 0 2097152 9593131 333093 48037 11013
00000000 00000000 0 0 2097152 9593131 333093 48037 11021
00000000 00000000 0 0 2097152 9536257 393524 44097 10021
00000000 00000000 0 0 2097152 9536257 393524 44097 10029
00000000 00000000 0 0 2097152 9536267 393524 44097 10037
00000000 00000000 0 0 2097152 9536267 393524 44097 10045
00000000 00000000 0 0 2097152 9536277 393524 44097 10053
00000000 00000000 0 0 2097152 9536277 393524 44097 10061
00000000 00000000 0 0 2097152 9536287 393524 44097 10069
00000000 00000000 0 0 2097152 9536287 393524 44097 10077
00000000 00000000 0 0 2097152 9110089 819976 179968 11575
00000000 00000000 0 0 2097152 9662021 276990 48037 11029
00000000 00000000 0 0 2097152 9662021 276990 48037 11037
00000000 00000000 0 0 2097152 9650470 289428 44097 11509
00000000 00000000 0 0 2097152 9650470 289428 44097 11517
00000000 00000000 0 0 2097152 9524344 420259 176088 14448
00000000 00000000 0 0 2097152 7568042 2380969 176088 12642
00000000 00000000 0 0 2097152 9575434 383412 44097 9573
00000000 00000000 0 0 2097152 9575434 383412 44097 9581
00000000 00000000 0 0 2097152 9575444 383412 44097 9589
00000000 00000000 0 0 2097152 9575444 383412 44097 9597
00000000 00000000 0 0 2097152 9635224 325786 44097 9093
00000000 00000000 0 0 2097152 9635224 325786 44097 9101
00000000 00000000 0 0 2097152 9635234 325786 44097 9109
00000000 00000000 0 0 2097152 9635234 325786 44097 9117
00000000 00000000 0 0 2097152 8989941 973977 179968 13130
00000000 00000000 0 0 2097152 9590829 373801 44097 11429
00000000 00000000 0 0 2097152 9590829 373801 44097 11437
00000000 00000000 0 0 2097152 9590899 373801 44097 11445
00000000 00000000 0 0 2097152 9590899 373801 44097 11453
00000000 00000000 0 0 2097152 9590939 373801 44097 11461
00000000 00000000 0 0 2097152 9590939 373801 44097 11469
00000000 00000000 0 0 2097152 9591052 373801 44097 11477
00000000 00000000 0 0 2097152 9591052 373801 44097 11485
00000000 00000000 0 0 2097152 9591062 373801 44097 11493
00000000 00000000 0 0 2097152 9591062 373801 44097 11501
00000000 00000000 0 0 2097152 9611131 354779 44097 8157
00000000 00000000 0 0 2097152 9611132 354779 44097 8149
00000000 00000000 0 0 2097152 9613835 354779 44097 8637
00000000 00000000 0 0 2097152 9613836 354779 44097 8629
00000000 00000000 0 0 2097152 9189382 809985 179968 11695
00000000 00000000 0 0 2097152 7609992 2389835 176088 14085
00000000 00000000 0 0 2097152 9933075 75936 44097 11592
00000000 00000000 0 0 2097152 9042021 990184 179968 14573
00000000 00000000 0 0 2097152 7505529 2526917 176088 11553
00000000 00000000 0 0 2097152 9137576 912053 179968 13010
00000000 00000000 0 0 2097152 7606035 2465373 176088 11554
00000000 00000000 0 0 2097152 7606035 2465373 176088 13474
00000000 00000000 0 0 2097152 7606035 2465373 176088 13954
00000000 00000000 0 0 2097152 7606035 2465373 176088 14434
00000000 00000000 0 0 2097152 7606035 2465373 176088 14914
00000000 00000000 0 0 2097152 7622685 2468391 176088 11557
00000000 00000000 0 0 2097152 7622685 2468391 176088 12037
00000000 00000000 0 0 2097152 7622685 2468391 176088 12517
00000000 00000000 0 0 2097152 7622685 2468391 176088 12997
00000000 00000000 0 0 2097152 7622685 2468391 176088 14917
00000000 00000000 0 0 2097152 10012021 86990 44097 11609
00000000 00000000 0 0 2097152 9139030 983909 179968 14453
00000000 00000000 0 0 2097152 10052639 71543 44097 13035
00000000 00000000 0 0 2097152 7669907 2461060 176088 12039
00000000 00000000 0 0 2097152 7669907 2461060 176088 12519
00000000 00000000 0 0 2097152 7669907 2461060 176088 12999
00000000 00000000 0 0 2097152 7669907 2461060 176088 13479
00000000 00000000 0 0 2097152 7669907 2461060 176088 13959
00000000 00000000 0 0 2097152 7622021 2516834 176088 12996
00000000 00000000 0 0 2097152 9779465 367769 44097 8102
00000000 00000000 0 0 2097152 9779465 367769 44097 8110
00000000 00000000 0 0 2097152 9779505 367769 44097 8118
00000000 00000000 0 0 2097152 9779505 367769 44097 8126
00000000 00000000 0 0 2097152 9779515 367769 44097 8134
00000000 00000000 0 0 2097152 9779515 367769 44097 8142
00000000 00000000 0 0 2097152 9779525 367769 44097 8150
00000000 00000000 0 0 2097152 9779525 367769 44097 8158
00000000 00000000 0 0 2097152 7657730 2506956 176088 13604
00000000 00000000 0 0 2097152 10102021 70606 44097 11626
00000000 00000000 0 0 2097152 10125949 70933 44097 14478
00000000 00000000 0 0 2097152 10127192 70708 44097 13052
00000000 00000000 0 0 2097152 9820019 379449 44097 10518
00000000 00000000 0 0 2097152 9820019 379449 44097 10526
00000000 00000000 0 0 2097152 9820059 379449 44097 10534
00000000 00000000 0 0 2097152 9820059 379449 44097 10542
00000000 00000000 0 0 2097152 9820099 379449 44097 10550
00000000 00000000 0 0 2097152 9820099 379449 44097 10558
00000000 00000000 0 0 2097152 9961856 246484 44097 9590
00000000 00000000 0 0 2097152 9961856 246484 44097 9598
00000000 00000000 0 0 2097152 9964020 246484 44097 9110
00000000 00000000 0 0 2097152 9964020 246484 44097 9118
00000000 00000000 0 0 2097152 9967640 274310 48037 11446
00000000 00000000 0 0 2097152 9967640 274310 48037 11454
00000000 00000000 0 0 2097152 9967710 274310 48037 11462
00000000 00000000 0 0 2097152 9967710 274310 48037 11470
00000000 00000000 0 0 2097152 9967750 274310 48037 11478
00000000 00000000 0 0 2097152 9967750 274310 48037 11486
00000000 00000000 0 0 2097152 9967863 274310 48037 11494
00000000 00000000 0 0 2097152 9967863 274310 48037 11502
00000000 00000000 0 0 2097152 9967873 274310 48037 11510
00000000 00000000 0 0 2097152 9967873 274310 48037 11518
00000000 00000000 0 0 2097152 10175637 73374 44097 11643
00000000 00000000 0 0 2097152 10199892 72521 44097 14495
00000000 00000000 0 0 2097152 10200910 72493 44097 13069
00000000 00000000 0 0 2097152 9929194 348774 44097 10966
00000000 00000000 0 0 2097152 9929194 348774 44097 10974
00000000 00000000 0 0 2097152 9929204 348774 44097 10982
00000000 00000000 0 0 2097152 9929204 348774 44097 10990
00000000 00000000 0 0 2097152 9929214 348774 44097 10998
00000000 00000000 0 0 2097152 9929214 348774 44097 11006
00000000 00000000 0 0 2097152 9929224 348774 44097 11014
00000000 00000000 0 0 2097152 9929224 348774 44097 11022
00000000 00000000 0 0 2097152 9929234 348774 44097 11030
00000000 00000000 0 0 2097152 9929234 348774 44097 11038
00000000 00000000 0 0 2097152 9932791 348774 44097 10038
00000000 00000000 0 0 2097152 9932791 348774 44097 10046
00000000 00000000 0 0 2097152 9932801 348774 44097 10054
00000000 00000000 0 0 2097152 9932801 348774 44097 10062
00000000 00000000 0 0 2097152 9932811 348774 44097 10070
00000000 00000000 0 0 2097152 9932811 348774 44097 10078
00000000 00000000 0 0 2097152 7813875 2469612 176088 13493
00000000 00000000 0 0 2097152 9920536 366348 44097 8582
00000000 00000000 0 0 2097152 9920536 366348 44097 8590
00000000 00000000 0 0 2097152 9920576 366348 44097 8598
00000000 00000000 0 0 2097152 9920576 366348 44097 8606
00000000 00000000 0 0 2097152 9920616 366348 44097 8614
00000000 00000000 0 0 2097152 9920616 366348 44097 8622
00000000 00000000 0 0 2097152 9921184 366348 44097 8630
00000000 00000000 0 0 2097152 9921184 366348 44097 8638
00000000 00000000 0 0 2097152 9393738 913892 179968 14108
00000000 00000000 0 0 2097152 9467577 845922 179968 12665
00000000 00000000 0 0 2097152 10252021 71269 44097 11660
00000000 00000000 0 0 2097152 7849713 2491736 176088 15047
00000000 00000000 0 0 2097152 10150244 192622 48037 8119
00000000 00000000 0 0 2097152 10150244 192622 48037 8127
00000000 00000000 0 0 2097152 10150284 192622 48037 8135
00000000 00000000 0 0 2097152 10150284 192622 48037 8143
00000000 00000000 0 0 2097152 10150294 192622 48037 8151
00000000 00000000 0 0 2097152 10150294 192622 48037 8159
00000000 00000000 0 0 2097152 10275423 70579 44097 14504
00000000 00000000 0 0 2097152 10276413 70644 44097 13086
00000000 00000000 0 0 2097152 7880534 2508373 176088 13009
00000000 00000000 0 0 2097152 7880534 2508373 176088 13489
00000000 00000000 0 0 2097152 7880534 2508373 176088 13969
00000000 00000000 0 0 2097152 7880534 2508373 176088 14449
00000000 00000000 0 0 2097152 10326300 72711 44097 11677
00000000 00000000 0 0 2097152 7892568 2522219 176088 11569
00000000 00000000 0 0 2097152 10349012 75776 44097 14521
00000000 00000000 0 0 2097152 10350067 75859 44097 13103
00000000 00000000 0 0 2097152 7919502 2517656 176088 14455
00000000 00000000 0 0 2097152 10345876 91467 44097 8128
00000000 00000000 0 0 2097152 10345876 91467 44097 8136
00000000 00000000 0 0 2097152 10345916 91467 44097 8144
00000000 00000000 0 0 2097152 10345916 91467 44097 8152
00000000 00000000 0 0 2097152 7985483 2473972 176088 13509
00000000 00000000 0 0 2097152 9507192 954697 176088 13494
00000000 00000000 0 0 2097152 7960690 2511400 176088 13012
00000000 00000000 0 0 2097152 10402021 71260 44097 11694
00000000 00000000 0 0 2097152 10427798 76820 44097 14538
00000000 00000000 0 0 2097152 10428936 76898 44097 13112
00000000 00000000 0 0 2097152 8032142 2486964 176088 12050
00000000 00000000 0 0 2097152 10289894 237989 44097 8599
00000000 00000000 0 0 2097152 10289894 237989 44097 8607
00000000 00000000 0 0 2097152 10289934 237989 44097 8615
00000000 00000000 0 0 2097152 10289934 237989 44097 8623
00000000 00000000 0 0 2097152 10289974 237989 44097 8631
00000000 00000000 0 0 2097152 10289974 237989 44097 8639
00000000 00000000 0 0 2097152 10202478 326454 44097 10535
00000000 00000000 0 0 2097152 10202478 326454 44097 10543
00000000 00000000 0 0 2097152 10202518 326454 44097 10551
00000000 00000000 0 0 2097152 10202518 326454 44097 10559
00000000 00000000 0 0 2097152 10440353 88658 44097 8145
00000000 00000000 0 0 2097152 10440353 88658 44097 8153
00000000 00000000 0 0 2097152 8022021 2519433 176088 11572
00000000 00000000 0 0 2097152 8022021 2519433 176088 12052
00000000 00000000 0 0 2097152 8022021 2519433 176088 14452
00000000 00000000 0 0 2097152 8022021 2519433 176088 14932
00000000 00000000 0 0 2097152 10280978 268823 44097 10983
00000000 00000000 0 0 2097152 10280978 268823 44097 10991
00000000 00000000 0 0 2097152 10280988 268823 44097 10999
00000000 00000000 0 0 2097152 10280988 268823 44097 11007
00000000 00000000 0 0 2097152 10280998 268823 44097 11015
00000000 00000000 0 0 2097152 10280998 268823 44097 11023
00000000 00000000 0 0 2097152 10281008 268823 44097 11031
00000000 00000000 0 0 2097152 10281008 268823 44097 11039
00000000 00000000 0 0 2097152 10284575 268823 44097 10055
00000000 00000000 0 0 2097152 10284575 268823 44097 10063
00000000 00000000 0 0 2097152 10284585 268823 44097 10071
00000000 00000000 0 0 2097152 10284585 268823 44097 10079
00000000 00000000 0 0 2097152 10244960 329410 44097 11463
00000000 00000000 0 0 2097152 10244960 329410 44097 11471
00000000 00000000 0 0 2097152 10245030 329410 44097 11479
00000000 00000000 0 0 2097152 10245030 329410 44097 11487
00000000 00000000 0 0 2097152 10245070 329410 44097 11495
00000000 00000000 0 0 2097152 10245070 329410 44097 11503
00000000 00000000 0 0 2097152 10245183 329410 44097 11511
00000000 00000000 0 0 2097152 10245183 329410 44097 11519
00000000 00000000 0 0 2097152 8074694 2502373 176088 14471
00000000 00000000 0 0 2097152 10507628 70857 44097 14555
00000000 00000000 0 0 2097152 10508844 70167 44097 13129
00000000 00000000 0 0 2097152 8073130 2514834 176088 12177
00000000 00000000 0 0 2097152 8077438 2516147 176088 12532
00000000 00000000 0 0 2097152 8077438 2516147 176088 13028
00000000 00000000 0 0 2097152 8134253 2496200 176088 13620
00000000 00000000 0 0 2097152 8157966 2494533 176088 14487
00000000 00000000 0 0 2097152 10581495 78239 44097 14572
00000000 00000000 0 0 2097152 8185666 2489121 176088 14503
00000000 00000000 0 0 2097152 8185676 2489121 176088 14519
00000000 00000000 0 0 2097152 8185686 2489121 176088 14535
00000000 00000000 0 0 2097152 8194154 2485193 176088 12066
00000000 00000000 0 0 2097152 8192021 2488489 176088 14551
00000000 00000000 0 0 2097152 8212031 2491846 176088 13044
00000000 00000000 0 0 2097152 10530893 182436 48037 8608
00000000 00000000 0 0 2097152 10530893 182436 48037 8616
00000000 00000000 0 0 2097152 10530933 182436 48037 8624
00000000 00000000 0 0 2097152 10530933 182436 48037 8632
00000000 00000000 0 0 2097152 10531942 185175 44097 10544
00000000 00000000 0 0 2097152 10531942 185175 44097 10552
00000000 00000000 0 0 2097152 8241153 2485930 176088 13525
00000000 00000000 0 0 2097152 8257486 2492077 176088 13060
00000000 00000000 0 0 2097152 8257496 2492077 176088 13076
00000000 00000000 0 0 2097152 8257506 2492077 176088 13092
00000000 00000000 0 0 2097152 8257516 2492077 176088 13108
00000000 00000000 0 0 2097152 10552811 204274 44097 10992
00000000 00000000 0 0 2097152 10552811 204274 44097 11000
00000000 00000000 0 0 2097152 10552821 204274 44097 11008
00000000 00000000 0 0 2097152 10552821 204274 44097 11016
00000000 00000000 0 0 2097152 10552831 204274 44097 11024
00000000 00000000 0 0 2097152 10552831 204274 44097 11032
00000000 00000000 0 0 2097152 10556408 204274 44097 10064
00000000 00000000 0 0 2097152 10556408 204274 44097 10072
00000000 00000000 0 0 2097152 8264571 2498220 176088 11585
00000000 00000000 0 0 2097152 10577380 190769 44097 11472
00000000 00000000 0 0 2097152 10577380 190769 44097 11480
00000000 00000000 0 0 2097152 10577450 190769 44097 11488
00000000 00000000 0 0 2097152 10577450 190769 44097 11496
00000000 00000000 0 0 2097152 10577490 190769 44097 11504
00000000 00000000 0 0 2097152 10577490 190769 44097 11512
00000000 00000000 0 0 2097152 8288261 2492006 176088 12082
00000000 00000000 0 0 2097152 10716339 127292 44097 8625
00000000 00000000 0 0 2097152 10716339 127292 44097 8633
00000000 00000000 0 0 2097152 8401125 2495296 176088 11601
00000000 00000000 0 0 2097152 10074418 831857 179968 13491
00000000 00000000 0 0 2097152 8432021 2492680 176088 11617
00000000 00000000 0 0 2097152 10760095 173482 44097 11009
00000000 00000000 0 0 2097152 10760095 173482 44097 11017
00000000 00000000 0 0 2097152 10760105 173482 44097 11025
00000000 00000000 0 0 2097152 10760105 173482 44097 11033
00000000 00000000 0 0 2097152 8441282 2492693 176088 11633
00000000 00000000 0 0 2097152 10771159 163290 44097 11489
00000000 00000000 0 0 2097152 10771159 163290 44097 11497
00000000 00000000 0 0 2097152 10771229 163290 44097 11505
00000000 00000000 0 0 2097152 10771229 163290 44097 11513
00000000 00000000 0 0 2097152 8461270 2492868 176088 11649
00000000 00000000 0 0 2097152 8461280 2492868 176088 11665
00000000 00000000 0 0 2097152 10909285 71152 44097 13516
00000000 00000000 0 0 2097152 8482021 2500231 176088 11681
00000000 00000000 0 0 2097152 8500407 2502322 176088 14929
00000000 00000000 0 0 2097152 10133977 889524 179968 12048
00000000 00000000 0 0 2097152 10936587 95963 44097 11026
00000000 00000000 0 0 2097152 10936587 95963 44097 11034
00000000 00000000 0 0 2097152 10937459 95963 44097 11506
00000000 00000000 0 0 2097152 10937459 95963 44097 11514
00000000 00000000 0 0 2097152 10094086 959272 179968 14934
00000000 00000000 0 0 2097152 8567880 2504137 176088 12098
00000000 00000000 0 0 2097152 10983447 91573 44097 13533
00000000 00000000 0 0 2097152 8568166 2506912 176088 13541
00000000 00000000 0 0 2097152 11026511 90997 44097 12073
00000000 00000000 0 0 2097152 8618214 2504540 176088 12114
00000000 00000000 0 0 2097152 11056368 72643 44097 14959
00000000 00000000 0 0 2097152 11078030 75087 44097 13550
00000000 00000000 0 0 2097152 8672295 2536510 176088 12130
00000000 00000000 0 0 2097152 8672305 2536510 176088 12146
00000000 00000000 0 0 2097152 8670644 2539117 176088 13557
00000000 00000000 0 0 2097152 8670654 2539117 176088 13573
00000000 00000000 0 0 2097152 8670664 2539117 176088 13589
00000000 00000000 0 0 2097152 11120518 91957 44097 12090
00000000 00000000 0 0 2097152 11132021 89558 44097 14968
00000000 00000000 0 0 2097152 10391917 831794 179968 13026
00000000 00000000 0 0 2097152 11156127 72884 44097 13567
00000000 00000000 0 0 2097152 8809819 2459008 176088 14945
00000000 00000000 0 0 2097152 11224589 89707 44097 14985
00000000 00000000 0 0 2097152 11215485 101723 44097 12107
00000000 00000000 0 0 2097152 11232021 90115 44097 13576
00000000 00000000 0 0 2097152 10476291 848239 179968 11711
00000000 00000000 0 0 2097152 11226721 108455 44097 13051
00000000 00000000 0 0 2097152 10544464 814213 179968 14469
00000000 00000000 0 0 2097152 10582021 809246 179968 13146
00000000 00000000 0 0 2097152 11317306 74190 44097 15002
00000000 00000000 0 0 2097152 8961279 2436685 176088 12548
00000000 00000000 0 0 2097152 8975067 2428508 176088 11697
00000000 00000000 0 0 2097152 11325146 78478 44097 13593
00000000 00000000 0 0 2097152 11320218 100955 44097 12124
00000000 00000000 0 0 2097152 11338186 110341 44097 13068
00000000 00000000 0 0 2097152 11361687 91350 44097 14494
00000000 00000000 0 0 2097152 9042761 2416250 176088 14961
00000000 00000000 0 0 2097152 11394506 69811 44097 15019
00000000 00000000 0 0 2097152 10662744 814671 179968 14589
00000000 00000000 0 0 2097152 11406634 71423 44097 13610
00000000 00000000 0 0 2097152 9112021 2391431 176088 14977
00000000 00000000 0 0 2097152 9112031 2391431 176088 14993
00000000 00000000 0 0 2097152 9112041 2391431 176088 15009
00000000 00000000 0 0 2097152 9112051 2391431 176088 15025
00000000 00000000 0 0 2097152 9112061 2391431 176088 15041
00000000 00000000 0 0 2097152 9112071 2391431 176088 15057
00000000 00000000 0 0 2097152 9071870 2432001 176088 13124
00000000 00000000 0 0 2097152 11424183 98180 44097 12141
00000000 00000000 0 0 2097152 11451537 77474 44097 13085
00000000 00000000 0 0 2097152 11456047 72964 44097 14511
00000000 00000000 0 0 2097152 11467327 69772 44097 15036
00000000 00000000 0 0 2097152 9037673 2520057 176088 14101
00000000 00000000 0 0 2097152 9162021 2410397 176088 12564
00000000 00000000 0 0 2097152 9060108 2518623 176088 12658
00000000 00000000 0 0 2097152 11525373 90973 44097 12158
00000000 00000000 0 0 2097152 11532021 89938 44097 14520
00000000 00000000 0 0 2097152 9110089 2514081 176088 12055
00000000 00000000 0 0 2097152 9110089 2514081 176088 12535
00000000 00000000 0 0 2097152 9110089 2514081 176088 13015
00000000 00000000 0 0 2097152 9110089 2514081 176088 13495
00000000 00000000 0 0 2097152 11540109 88570 44097 15053
00000000 00000000 0 0 2097152 9255451 2383560 176088 12580
00000000 00000000 0 0 2097152 9255461 2383550 176088 12596
00000000 00000000 0 0 2097152 9255471 2383540 176088 12612
00000000 00000000 0 0 2097152 9261212 2377799 176088 12628
00000000 00000000 0 0 2097152 9261222 2377789 176088 12644
00000000 00000000 0 0 2097152 9272021 2366990 176088 12660
00000000 00000000 0 0 2097152 11532021 106990 44097 13102
00000000 00000000 0 0 2097152 9282021 2356990 176088 13140
00000000 00000000 0 0 2097152 9947613 1691398 176088 14465
00000000 00000000 0 0 2097152 9137576 2508495 176088 13490
00000000 00000000 0 0 2097152 9137576 2508495 176088 13970
00000000 00000000 0 0 2097152 9137576 2508495 176088 14450
00000000 00000000 0 0 2097152 9137576 2508495 176088 14930
00000000 00000000 0 0 2097152 9154614 2492868 176088 14567
00000000 00000000 0 0 2097152 9139030 2511002 176088 11573
00000000 00000000 0 0 2097152 9139030 2511002 176088 12053
00000000 00000000 0 0 2097152 9139030 2511002 176088 12533
00000000 00000000 0 0 2097152 9139030 2511002 176088 14933
00000000 00000000 0 0 2097152 9312021 2340596 176088 12068
00000000 00000000 0 0 2097152 9217075 2475662 176088 15063
00000000 00000000 0 0 2097152 11624969 72285 44097 14537
00000000 00000000 0 0 2097152 11619356 85729 44097 12175
00000000 00000000 0 0 2097152 9197145 2520153 176088 12162
00000000 00000000 0 0 2097152 11642021 86564 44097 13119
00000000 00000000 0 0 2097152 11700264 89546 44097 14554
00000000 00000000 0 0 2097152 11731595 89538 44097 13128
00000000 00000000 0 0 2097152 11792820 92199 44097 14571
00000000 00000000 0 0 2097152 11824143 91477 44097 13145
00000000 00000000 0 0 2097152 11888029 76074 44097 14588
00000000 00000000 0 0 2097152 9479029 2539095 176088 13605
00000000 00000000 0 0 2097152 9667660 2479440 176088 14583
00000000 00000000 0 0 2097152 9952021 2206701 176088 12659
00000000 00000000 0 0 2097152 10002377 2157371 176088 11696
00000000 00000000 0 0 2097152 9714705 2476422 176088 13975
00000000 00000000 0 0 2097152 9966928 2263634 176088 13139
00000000 00000000 0 0 2097152 11481067 798417 179968 13627
00000000 00000000 0 0 2097152 9812701 2475864 176088 13991
00000000 00000000 0 0 2097152 9854955 2438067 176088 14007
00000000 00000000 0 0 2097152 9863744 2446759 176088 14023
00000000 00000000 0 0 2097152 9863754 2446759 176088 14039
00000000 00000000 0 0 2097152 9863764 2446759 176088 14055
00000000 00000000 0 0 2097152 9863774 2446759 176088 14071
00000000 00000000 0 0 2097152 9863784 2446759 176088 14087
00000000 00000000 0 0 2097152 9872021 2443390 176088 14103
00000000 00000000 0 0 2097152 10002837 2350213 176088 14102
00000000 00000000 0 0 2097152 10464899 1894112 176088 13511
00000000 00000000 0 0 2097152 9865090 2540436 176088 12178
00000000 00000000 0 0 2097152 11627180 802297 179968 12064
00000000 00000000 0 0 2097152 11631689 805451 179968 15070
00000000 00000000 0 0 2097152 11653042 792526 179968 14950
00000000 00000000 0 0 2097152 11649081 797079 179968 13507
00000000 00000000 0 0 2097152 10035215 2438074 176088 14582
00000000 00000000 0 0 2097152 10074418 2415872 176088 11571
00000000 00000000 0 0 2097152 10074418 2415872 176088 13971
00000000 00000000 0 0 2097152 10074418 2415872 176088 14451
00000000 00000000 0 0 2097152 10074418 2415872 176088 14931
00000000 00000000 0 0 2097152 11708095 785535 179968 12184
00000000 00000000 0 0 2097152 12432487 70091 44097 12089
00000000 00000000 0 0 2097152 12448578 70731 44097 14975
00000000 00000000 0 0 2097152 12449170 71730 44097 13532
00000000 00000000 0 0 2097152 10094086 2449415 176088 11574
00000000 00000000 0 0 2097152 10094086 2449415 176088 12054
00000000 00000000 0 0 2097152 10094086 2449415 176088 12534
00000000 00000000 0 0 2097152 10094086 2449415 176088 13014
00000000 00000000 0 0 2097152 10133977 2425665 176088 12528
00000000 00000000 0 0 2097152 10133977 2425665 176088 13008
00000000 00000000 0 0 2097152 10133977 2425665 176088 13488
00000000 00000000 0 0 2097152 10133977 2425665 176088 13968
00000000 00000000 0 0 2097152 10035456 2526356 176088 11570
00000000 00000000 0 0 2097152 12505588 72104 44097 12106
00000000 00000000 0 0 2097152 12522319 70069 44097 14984
00000000 00000000 0 0 2097152 12523910 69899 44097 13549
00000000 00000000 0 0 2097152 10141865 2521531 176088 13013
00000000 00000000 0 0 2097152 12580702 90705 44097 12123
00000000 00000000 0 0 2097152 12595398 89596 44097 15001
00000000 00000000 0 0 2097152 12596819 88974 44097 13566
00000000 00000000 0 0 2097152 10167696 2522394 176088 13621
00000000 00000000 0 0 2097152 11918630 814104 179968 13162
00000000 00000000 0 0 2097152 12674417 71244 44097 12140
00000000 00000000 0 0 2097152 10286497 2461580 176088 13510
00000000 00000000 0 0 2097152 12688004 72423 44097 15018
00000000 00000000 0 0 2097152 12688803 72451 44097 13583
00000000 00000000 0 0 2097152 12162758 606192 176088 11713
00000000 00000000 0 0 2097152 11967113 826990 179968 14605
00000000 00000000 0 0 2097152 12748671 89579 44097 12157
00000000 00000000 0 0 2097152 10310640 2535182 176088 14117
00000000 00000000 0 0 2097152 10344459 2502798 176088 15056
00000000 00000000 0 0 2097152 12763437 89992 44097 15035
00000000 00000000 0 0 2097152 12764264 89649 44097 13592
00000000 00000000 0 0 2097152 10316509 2537957 176088 12674
00000000 00000000 0 0 2097152 10462465 2456339 176088 13526
00000000 00000000 0 0 2097152 12841260 78757 44097 12174
00000000 00000000 0 0 2097152 10391917 2534358 176088 13506
00000000 00000000 0 0 2097152 10391917 2534358 176088 13986
00000000 00000000 0 0 2097152 10391917 2534358 176088 14466
00000000 00000000 0 0 2097152 10440168 2500037 176088 14464
00000000 00000000 0 0 2097152 10417797 2523964 176088 11586
00000000 00000000 0 0 2097152 12856439 89776 44097 15052
00000000 00000000 0 0 2097152 12856923 89560 44097 13609
00000000 00000000 0 0 2097152 10475100 2522192 176088 13029
00000000 00000000 0 0 2097152 12923027 74627 44097 12191
00000000 00000000 0 0 2097152 10522116 2490958 176088 12067
00000000 00000000 0 0 2097152 12161732 870643 176088 12676
00000000 00000000 0 0 2097152 12949225 89578 44097 15069
00000000 00000000 0 0 2097152 12949493 89536 44097 13626
00000000 00000000 0 0 2097152 10544464 2519862 176088 11589
00000000 00000000 0 0 2097152 10544464 2519862 176088 12069
00000000 00000000 0 0 2097152 10544464 2519862 176088 14949
00000000 00000000 0 0 2097152 10580077 2499919 176088 14480
00000000 00000000 0 0 2097152 10590974 2518397 176088 12194
00000000 00000000 0 0 2097152 10596595 2521352 176088 12549
00000000 00000000 0 0 2097152 10596595 2521352 176088 13045
00000000 00000000 0 0 2097152 10655509 2501813 176088 14496
00000000 00000000 0 0 2097152 10633463 2531840 176088 13637
00000000 00000000 0 0 2097152 10677797 2514009 176088 14512
00000000 00000000 0 0 2097152 10677807 2514009 176088 14528
00000000 00000000 0 0 2097152 10677817 2514009 176088 14544
00000000 00000000 0 0 2097152 10682357 2511140 176088 12083
00000000 00000000 0 0 2097152 10683520 2513796 176088 14560
00000000 00000000 0 0 2097152 10730093 2506425 176088 13542
00000000 00000000 0 0 2097152 10706887 2532601 176088 13061
00000000 00000000 0 0 2097152 12356060 918075 176088 14119
00000000 00000000 0 0 2097152 10752573 2533968 176088 13077
00000000 00000000 0 0 2097152 10752583 2533968 176088 13093
00000000 00000000 0 0 2097152 10752593 2533968 176088 13109
00000000 00000000 0 0 2097152 10752603 2533968 176088 13125
00000000 00000000 0 0 2097152 10783277 2517365 176088 12099
00000000 00000000 0 0 2097152 10765801 2536998 176088 11602
00000000 00000000 0 0 2097152 12493300 826268 179968 13988
00000000 00000000 0 0 2097152 12233572 1120007 176088 13156
00000000 00000000 0 0 2097152 12546511 830666 179968 11591
00000000 00000000 0 0 2097152 12562652 822599 179968 12545
00000000 00000000 0 0 2097152 13322578 75756 44097 14013
00000000 00000000 0 0 2097152 10899431 2541818 176088 11618
00000000 00000000 0 0 2097152 10927711 2529947 176088 11634
00000000 00000000 0 0 2097152 10936985 2530058 176088 11650
00000000 00000000 0 0 2097152 13380187 91623 44097 11608
00000000 00000000 0 0 2097152 13388261 91496 44097 12570
00000000 00000000 0 0 2097152 10957148 2531863 176088 11666
00000000 00000000 0 0 2097152 10957158 2531853 176088 11682
00000000 00000000 0 0 2097152 13401344 87667 44097 14030
00000000 00000000 0 0 2097152 12282494 1206727 176088 13636
00000000 00000000 0 0 2097152 10985262 2513326 176088 11698
00000000 00000000 0 0 2097152 11005739 2511270 176088 14946
00000000 00000000 0 0 2097152 13474820 78718 44097 11625
00000000 00000000 0 0 2097152 13482767 89893 44097 12587
00000000 00000000 0 0 2097152 13492021 86990 44097 14047
00000000 00000000 0 0 2097152 11075027 2517362 176088 12115
00000000 00000000 0 0 2097152 11078088 2518151 176088 13558
00000000 00000000 0 0 2097152 13556548 76793 44097 11642
00000000 00000000 0 0 2097152 11125764 2521954 176088 12131
00000000 00000000 0 0 2097152 13575670 90780 44097 12604
00000000 00000000 0 0 2097152 13582021 89667 44097 14056
00000000 00000000 0 0 2097152 13636351 91557 44097 11659
00000000 00000000 0 0 2097152 11211815 2521989 176088 12147
00000000 00000000 0 0 2097152 11211825 2521989 176088 12163
00000000 00000000 0 0 2097152 11212771 2523871 176088 13574
00000000 00000000 0 0 2097152 11212781 2523871 176088 13590
00000000 00000000 0 0 2097152 11212791 2523871 176088 13606
00000000 00000000 0 0 2097152 11271837 2467174 176088 14962
00000000 00000000 0 0 2097152 13669460 75241 44097 12621
00000000 00000000 0 0 2097152 13674698 75352 44097 14073
00000000 00000000 0 0 2097152 12929285 829856 179968 13523
00000000 00000000 0 0 2097152 13730918 74493 44097 11676
00000000 00000000 0 0 2097152 13747711 78484 44097 12638
00000000 00000000 0 0 2097152 11327540 2501295 176088 11712
00000000 00000000 0 0 2097152 13000664 828424 179968 12200
00000000 00000000 0 0 2097152 13753060 89560 44097 14090
00000000 00000000 0 0 2097152 13042039 806293 179968 13643
00000000 00000000 0 0 2097152 11406585 2451502 176088 11714
00000000 00000000 0 0 2097152 13041813 817700 179968 15086
00000000 00000000 0 0 2097152 13067336 796568 179968 14966
00000000 00000000 0 0 2097152 13762151 106860 44097 13548
00000000 00000000 0 0 2097152 13808421 71276 44097 11693
00000000 00000000 0 0 2097152 11462021 2417950 176088 14978
00000000 00000000 0 0 2097152 11400974 2486521 176088 12565
00000000 00000000 0 0 2097152 11394277 2510601 176088 13155
00000000 00000000 0 0 2097152 13829205 89123 44097 12655
00000000 00000000 0 0 2097152 13845630 74146 44097 14107
00000000 00000000 0 0 2097152 11506462 2415459 176088 14994
00000000 00000000 0 0 2097152 11506472 2415459 176088 15010
00000000 00000000 0 0 2097152 11506482 2415459 176088 15026
00000000 00000000 0 0 2097152 11506492 2415459 176088 15042
00000000 00000000 0 0 2097152 11506502 2415459 176088 15058
00000000 00000000 0 0 2097152 11506512 2415459 176088 15074
00000000 00000000 0 0 2097152 13872021 70139 44097 13565
00000000 00000000 0 0 2097152 13866914 76533 44097 14991
00000000 00000000 0 0 2097152 11642021 2306990 176088 14482
00000000 00000000 0 0 2097152 13882707 84972 44097 11710
00000000 00000000 0 0 2097152 11506881 2483603 176088 13141
00000000 00000000 0 0 2097152 11480425 2510796 176088 14598
00000000 00000000 0 0 2097152 13921338 99119 44097 12664
00000000 00000000 0 0 2097152 13945170 108465 44097 13582
00000000 00000000 0 0 2097152 13946457 109195 44097 15000
00000000 00000000 0 0 2097152 11575428 2482393 176088 12581
00000000 00000000 0 0 2097152 11560740 2516832 176088 14118
00000000 00000000 0 0 2097152 11581741 2511578 176088 12675
00000000 00000000 0 0 2097152 11642021 2476246 176088 12597
00000000 00000000 0 0 2097152 11642021 2476246 176088 13157
00000000 00000000 0 0 2097152 11642031 2476246 176088 12613
00000000 00000000 0 0 2097152 11642041 2476246 176088 12629
00000000 00000000 0 0 2097152 11642051 2476246 176088 12645
00000000 00000000 0 0 2097152 11642061 2476246 176088 12661
00000000 00000000 0 0 2097152 11642071 2476246 176088 12677
00000000 00000000 0 0 2097152 11627180 2501374 176088 12544
00000000 00000000 0 0 2097152 11627180 2501374 176088 13024
00000000 00000000 0 0 2097152 11627180 2501374 176088 13504
00000000 00000000 0 0 2097152 11655627 2475292 176088 12085
00000000 00000000 0 0 2097152 14056645 77976 44097 13599
00000000 00000000 0 0 2097152 12771960 1364851 176088 11730
00000000 00000000 0 0 2097152 14058662 78546 44097 15017
00000000 00000000 0 0 2097152 11650492 2488519 176088 14576
00000000 00000000 0 0 2097152 11695747 2452149 176088 15072
00000000 00000000 0 0 2097152 11653042 2503917 176088 11590
00000000 00000000 0 0 2097152 11653042 2503917 176088 12070
00000000 00000000 0 0 2097152 11653042 2503917 176088 12550
00000000 00000000 0 0 2097152 11649081 2509930 176088 13987
00000000 00000000 0 0 2097152 11649081 2509930 176088 14467
00000000 00000000 0 0 2097152 11649081 2509930 176088 14947
00000000 00000000 0 0 2097152 14137631 73425 44097 13608
00000000 00000000 0 0 2097152 14140218 78477 44097 15034
00000000 00000000 0 0 2097152 11720308 2506265 176088 12179
00000000 00000000 0 0 2097152 14214066 78847 44097 13625
00000000 00000000 0 0 2097152 14221705 89531 44097 15051
00000000 00000000 0 0 2097152 13035385 1305442 176088 12693
00000000 00000000 0 0 2097152 14295923 92008 44097 13642
00000000 00000000 0 0 2097152 14314246 90849 44097 15068
00000000 00000000 0 0 2097152 12493300 1977766 176088 11588
00000000 00000000 0 0 2097152 12493300 1977766 176088 14468
00000000 00000000 0 0 2097152 12493300 1977766 176088 14948
00000000 00000000 0 0 2097152 13356589 1120803 176088 13173
00000000 00000000 0 0 2097152 14408105 80906 44097 15085
00000000 00000000 0 0 2097152 12150110 2398887 176088 14592
00000000 00000000 0 0 2097152 12021134 2536002 176088 13622
00000000 00000000 0 0 2097152 13492231 1075511 176088 13653
00000000 00000000 0 0 2097152 12194137 2400339 176088 13984
00000000 00000000 0 0 2097152 12291575 2408207 176088 14000
00000000 00000000 0 0 2097152 12296032 2408207 176088 14016
00000000 00000000 0 0 2097152 12313513 2403965 176088 14032
00000000 00000000 0 0 2097152 12313523 2403965 176088 14048
00000000 00000000 0 0 2097152 12313533 2403965 176088 14064
00000000 00000000 0 0 2097152 12313543 2403965 176088 14080
00000000 00000000 0 0 2097152 13277145 1440365 176088 14128
00000000 00000000 0 0 2097152 12313553 2403965 176088 14096
00000000 00000000 0 0 2097152 12318421 2403965 176088 14112
00000000 00000000 0 0 2097152 13922786 802736 179968 14124
00000000 00000000 0 0 2097152 12362021 2366990 176088 13520
00000000 00000000 0 0 2097152 12440150 2329562 176088 15079
00000000 00000000 0 0 2097152 13970689 814080 179968 11727
00000000 00000000 0 0 2097152 12496640 2310945 176088 12193
00000000 00000000 0 0 2097152 14023467 810913 179968 12681
00000000 00000000 0 0 2097152 12476299 2393471 176088 14599
00000000 00000000 0 0 2097152 14131564 793619 179968 12561
00000000 00000000 0 0 2097152 12408536 2533024 176088 12195
00000000 00000000 0 0 2097152 14159969 785362 179968 11607
00000000 00000000 0 0 2097152 14162021 790059 179968 14004
00000000 00000000 0 0 2097152 12546511 2408052 176088 12071
00000000 00000000 0 0 2097152 12546511 2408052 176088 12551
00000000 00000000 0 0 2097152 12546511 2408052 176088 13031
00000000 00000000 0 0 2097152 12562652 2395158 176088 13025
00000000 00000000 0 0 2097152 12562652 2395158 176088 13505
00000000 00000000 0 0 2097152 12562652 2395158 176088 13985
00000000 00000000 0 0 2097152 14928193 73737 44097 12586
00000000 00000000 0 0 2097152 14948341 78289 44097 11624
00000000 00000000 0 0 2097152 14955090 83921 44097 14029
00000000 00000000 0 0 2097152 15004940 76060 44097 12603
00000000 00000000 0 0 2097152 12564822 2541787 176088 11587
00000000 00000000 0 0 2097152 15029640 91413 44097 11641
00000000 00000000 0 0 2097152 15042021 89332 44097 14046
00000000 00000000 0 0 2097152 14474076 663725 176088 11605
00000000 00000000 0 0 2097152 14474076 663725 176088 14965
00000000 00000000 0 0 2097152 15084010 91941 44097 12620
00000000 00000000 0 0 2097152 12751087 2440912 176088 13527
00000000 00000000 0 0 2097152 15124063 71226 44097 11658
00000000 00000000 0 0 2097152 12666406 2532693 176088 13030
00000000 00000000 0 0 2097152 15134363 72217 44097 14063
00000000 00000000 0 0 2097152 12693100 2519750 176088 13638
00000000 00000000 0 0 2097152 14390941 835194 179968 13659
00000000 00000000 0 0 2097152 15178961 91527 44097 12637
00000000 00000000 0 0 2097152 12735744 2538451 176088 13171
00000000 00000000 0 0 2097152 15198299 90817 44097 11675
00000000 00000000 0 0 2097152 15209590 89421 44097 14072
00000000 00000000 0 0 2097152 14474076 836671 179968 14485
00000000 00000000 0 0 2097152 14728532 585420 176088 14133
00000000 00000000 0 0 2097152 14492021 827471 179968 15102
00000000 00000000 0 0 2097152 12797113 2530846 176088 14614
00000000 00000000 0 0 2097152 12850267 2499868 176088 15073
00000000 00000000 0 0 2097152 15273498 76945 44097 12654
00000000 00000000 0 0 2097152 12921814 2438903 176088 13543
00000000 00000000 0 0 2097152 15292126 76885 44097 11692
00000000 00000000 0 0 2097152 12848832 2520179 176088 14134
00000000 00000000 0 0 2097152 12857476 2512301 176088 12691
00000000 00000000 0 0 2097152 15302021 70831 44097 14089
00000000 00000000 0 0 2097152 15313757 72839 44097 14510
00000000 00000000 0 0 2097152 15353453 78290 44097 12671
00000000 00000000 0 0 2097152 12943215 2488960 176088 14481
00000000 00000000 0 0 2097152 12929285 2511946 176088 14003
00000000 00000000 0 0 2097152 12929285 2511946 176088 14483
00000000 00000000 0 0 2097152 15372021 76990 44097 11709
00000000 00000000 0 0 2097152 15375862 73149 44097 14106
00000000 00000000 0 0 2097152 12944771 2518092 176088 11603
00000000 00000000 0 0 2097152 15389606 74433 44097 14527
00000000 00000000 0 0 2097152 13016084 2455972 176088 12084
00000000 00000000 0 0 2097152 15434753 78563 44097 12680
00000000 00000000 0 0 2097152 13000302 2528129 176088 13046
00000000 00000000 0 0 2097152 15452021 86990 44097 11726
00000000 00000000 0 0 2097152 15452021 86990 44097 14123
00000000 00000000 0 0 2097152 15467049 73344 44097 14536
00000000 00000000 0 0 2097152 13067336 2528381 176088 11606
00000000 00000000 0 0 2097152 13067336 2528381 176088 12086
00000000 00000000 0 0 2097152 13083006 2513538 176088 14497
00000000 00000000 0 0 2097152 15543403 89540 44097 14553
00000000 00000000 0 0 2097152 13112381 2529165 176088 12211
00000000 00000000 0 0 2097152 13120957 2524182 176088 12566
00000000 00000000 0 0 2097152 13120957 2524182 176088 13062
00000000 00000000 0 0 2097152 13160332 2514367 176088 14513
00000000 00000000 0 0 2097152 13196507 2480147 176088 12100
00000000 00000000 0 0 2097152 13168313 2529791 176088 13654
00000000 00000000 0 0 2097152 13200326 2505693 176088 14577
00000000 00000000 0 0 2097152 13194816 2511435 176088 14529
00000000 00000000 0 0 2097152 13194826 2511435 176088 14545
00000000 00000000 0 0 2097152 13194836 2511435 176088 14561
00000000 00000000 0 0 2097152 15635953 78484 44097 14570
00000000 00000000 0 0 2097152 13239528 2487356 176088 13559
00000000 00000000 0 0 2097152 13242498 2528925 176088 13078
00000000 00000000 0 0 2097152 13303652 2479043 176088 12116
00000000 00000000 0 0 2097152 14957573 825645 179968 12080
00000000 00000000 0 0 2097152 14960820 828284 179968 13042
00000000 00000000 0 0 2097152 15717447 76958 44097 14587
00000000 00000000 0 0 2097152 13289551 2524771 176088 13094
00000000 00000000 0 0 2097152 13289561 2524771 176088 13110
00000000 00000000 0 0 2097152 13289571 2524771 176088 13126
00000000 00000000 0 0 2097152 13289581 2524771 176088 13142
00000000 00000000 0 0 2097152 13305809 2518095 176088 11619
00000000 00000000 0 0 2097152 15786228 71750 44097 12105
00000000 00000000 0 0 2097152 15792114 73247 44097 13067
00000000 00000000 0 0 2097152 15797415 73155 44097 14604
00000000 00000000 0 0 2097152 14772722 1109918 176088 15088
00000000 00000000 0 0 2097152 15860988 91875 44097 12122
00000000 00000000 0 0 2097152 15140811 813344 179968 14982
00000000 00000000 0 0 2097152 13444259 2517729 176088 11635
00000000 00000000 0 0 2097152 14787779 1180924 176088 11728
00000000 00000000 0 0 2097152 13460668 2513826 176088 11651
00000000 00000000 0 0 2097152 15868371 107256 44097 13084
00000000 00000000 0 0 2097152 13470053 2511469 176088 11667
00000000 00000000 0 0 2097152 13492021 2511652 176088 11683
00000000 00000000 0 0 2097152 13492031 2511652 176088 11699
00000000 00000000 0 0 2097152 15475066 535135 176088 12101
00000000 00000000 0 0 2097152 13501598 2511870 176088 11715
00000000 00000000 0 0 2097152 15955873 74868 44097 12139
00000000 00000000 0 0 2097152 15957165 74488 44097 15007
00000000 00000000 0 0 2097152 13520019 2515492 176088 14963
00000000 00000000 0 0 2097152 15978637 70375 44097 13101
00000000 00000000 0 0 2097152 13595399 2494412 176088 12132
00000000 00000000 0 0 2097152 13599249 2505567 176088 13575
00000000 00000000 0 0 2097152 16033751 90774 44097 12156
00000000 00000000 0 0 2097152 16034663 90728 44097 15016
00000000 00000000 0 0 2097152 16052022 90888 44097 13118
00000000 00000000 0 0 2097152 13650728 2508815 176088 12148
00000000 00000000 0 0 2097152 16127535 76774 44097 12173
00000000 00000000 0 0 2097152 16128401 76845 44097 15033
00000000 00000000 0 0 2097152 14872780 1338630 176088 14608
00000000 00000000 0 0 2097152 13742021 2479327 176088 14979
00000000 00000000 0 0 2097152 14810595 1422706 176088 12210
00000000 00000000 0 0 2097152 16145920 90895 44097 13135
00000000 00000000 0 0 2097152 13739652 2511925 176088 13591
00000000 00000000 0 0 2097152 13739662 2511925 176088 13607
00000000 00000000 0 0 2097152 13739672 2511925 176088 13623
00000000 00000000 0 0 2097152 13736814 2516338 176088 12164
00000000 00000000 0 0 2097152 13736824 2516338 176088 12180
00000000 00000000 0 0 2097152 15444241 830450 179968 14020
00000000 00000000 0 0 2097152 16207319 71000 44097 12190
00000000 00000000 0 0 2097152 16208256 71066 44097 15050
00000000 00000000 0 0 2097152 13861097 2427413 176088 11731
00000000 00000000 0 0 2097152 13882981 2416030 176088 14995
00000000 00000000 0 0 2097152 16239825 70883 44097 13144
00000000 00000000 0 0 2097152 13924931 2411556 176088 15011
00000000 00000000 0 0 2097152 13924941 2411556 176088 15027
00000000 00000000 0 0 2097152 13924951 2411556 176088 15043
00000000 00000000 0 0 2097152 13924961 2411556 176088 15059
00000000 00000000 0 0 2097152 13924971 2411556 176088 15075
00000000 00000000 0 0 2097152 13924981 2411556 176088 15091
00000000 00000000 0 0 2097152 13831845 2507262 176088 11729
00000000 00000000 0 0 2097152 13832098 2507262 176088 12209
00000000 00000000 0 0 2097152 13851342 2493349 176088 13652
00000000 00000000 0 0 2097152 16277701 73963 44097 14045
00000000 00000000 0 0 2097152 13862523 2493514 176088 15095
00000000 00000000 0 0 2097152 15542021 815361 179968 14140
00000000 00000000 0 0 2097152 15516326 841146 179968 12697
00000000 00000000 0 0 2097152 16281329 77682 44097 12207
00000000 00000000 0 0 2097152 13952021 2406990 176088 14499
00000000 00000000 0 0 2097152 16282332 76679 44097 15067
00000000 00000000 0 0 2097152 15542021 824398 179968 11743
00000000 00000000 0 0 2097152 16313718 72825 44097 13161
00000000 00000000 0 0 2097152 13890505 2498202 176088 12582
00000000 00000000 0 0 2097152 14139821 2259190 176088 11747
00000000 00000000 0 0 2097152 13907888 2496576 176088 13172
00000000 00000000 0 0 2097152 15598727 823170 179968 11623
00000000 00000000 0 0 2097152 16354674 71320 44097 14062
00000000 00000000 0 0 2097152 16362021 73027 44097 15084
00000000 00000000 0 0 2097152 13993494 2500521 176088 13158
00000000 00000000 0 0 2097152 13994231 2503675 176088 14615
00000000 00000000 0 0 2097152 16424907 84104 44097 11640
00000000 00000000 0 0 2097152 16429004 80007 44097 14079
00000000 00000000 0 0 2097152 16438058 73230 44097 15101
00000000 00000000 0 0 2097152 14060831 2501754 176088 12598
00000000 00000000 0 0 2097152 14080582 2512028 176088 14135
00000000 00000000 0 0 2097152 16512021 89517 44097 14088
00000000 00000000 0 0 2097152 16512021 89555 44097 11657
00000000 00000000 0 0 2097152 14096329 2508599 176088 12692
00000000 00000000 0 0 2097152 14121277 2506044 176088 12614
00000000 00000000 0 0 2097152 14121277 2506044 176088 13174
00000000 00000000 0 0 2097152 14121287 2506044 176088 12630
00000000 00000000 0 0 2097152 14121297 2506044 176088 12646
00000000 00000000 0 0 2097152 14121307 2506044 176088 12662
00000000 00000000 0 0 2097152 14121317 2506044 176088 12678
00000000 00000000 0 0 2097152 14121327 2506044 176088 12694
00000000 00000000 0 0 2097152 14133929 2502205 176088 12102
00000000 00000000 0 0 2097152 14131564 2524254 176088 13041
00000000 00000000 0 0 2097152 14131564 2524254 176088 13521
00000000 00000000 0 0 2097152 14142021 2516990 176088 14593
00000000 00000000 0 0 2097152 14150906 2508105 176088 15089
00000000 00000000 0 0 2097152 14159969 2502861 176088 12087
00000000 00000000 0 0 2097152 14159969 2502861 176088 12567
00000000 00000000 0 0 2097152 14162021 2505085 176088 14484
00000000 00000000 0 0 2097152 14162021 2505085 176088 14964
00000000 00000000 0 0 2097152 16604586 71471 44097 11674
00000000 00000000 0 0 2097152 16604548 71607 44097 14105
00000000 00000000 0 0 2097152 14343837 2351529 176088 12710
00000000 00000000 0 0 2097152 15873580 842885 179968 14621
00000000 00000000 0 0 2097152 14229583 2496342 176088 12196
00000000 00000000 0 0 2097152 16679067 89503 44097 11691
00000000 00000000 0 0 2097152 16679165 89562 44097 14122
00000000 00000000 0 0 2097152 16236311 566515 176088 12227
00000000 00000000 0 0 2097152 15679664 1136916 176088 12117
00000000 00000000 0 0 2097152 14480402 2348609 176088 13190
00000000 00000000 0 0 2097152 16771580 71966 44097 11708
00000000 00000000 0 0 2097152 16771737 72101 44097 14139
00000000 00000000 0 0 2097152 14570752 2322112 176088 13670
00000000 00000000 0 0 2097152 16846556 89563 44097 11725
00000000 00000000 0 0 2097152 14957573 2042312 176088 12560
00000000 00000000 0 0 2097152 14957573 2042312 176088 13040
00000000 00000000 0 0 2097152 14837390 2189747 176088 12690
00000000 00000000 0 0 2097152 16939129 91989 44097 11742
00000000 00000000 0 0 2097152 14552007 2531669 176088 14609
00000000 00000000 0 0 2097152 14560146 2534043 176088 13639
00000000 00000000 0 0 2097152 14597486 2528518 176088 14001
00000000 00000000 0 0 2097152 16362021 809518 179968 12216
00000000 00000000 0 0 2097152 16389553 812837 179968 13178
00000000 00000000 0 0 2097152 14702792 2533477 176088 14017
00000000 00000000 0 0 2097152 14707249 2533477 176088 14033
00000000 00000000 0 0 2097152 14720488 2528106 176088 14049
00000000 00000000 0 0 2097152 14720498 2528106 176088 14065
00000000 00000000 0 0 2097152 14720508 2528106 176088 14081
00000000 00000000 0 0 2097152 14720518 2528106 176088 14097
00000000 00000000 0 0 2097152 14720528 2528106 176088 14113
00000000 00000000 0 0 2097152 14725396 2528106 176088 14129
00000000 00000000 0 0 2097152 14725406 2528106 176088 14145
00000000 00000000 0 0 2097152 14732021 2525046 176088 13537
00000000 00000000 0 0 2097152 16013211 1260667 176088 12118
00000000 00000000 0 0 2097152 15140811 2138200 176088 11622
00000000 00000000 0 0 2097152 16514298 812980 179968 15118
00000000 00000000 0 0 2097152 14960820 2376539 176088 13522
00000000 00000000 0 0 2097152 14960820 2376539 176088 14002
00000000 00000000 0 0 2097152 15785705 1570387 176088 12133
00000000 00000000 0 0 2097152 15316962 2069681 176088 14150
00000000 00000000 0 0 2097152 15195009 2219468 176088 13536
00000000 00000000 0 0 2097152 16658828 799175 179968 13058
00000000 00000000 0 0 2097152 16665840 793935 179968 12096
00000000 00000000 0 0 2097152 16670116 793319 179968 14501
00000000 00000000 0 0 2097152 14944570 2520114 176088 12212
00000000 00000000 0 0 2097152 17461013 91889 44097 13083
00000000 00000000 0 0 2097152 17462785 91978 44097 12121
00000000 00000000 0 0 2097152 17466445 91964 44097 14526
00000000 00000000 0 0 2097152 17030147 535974 176088 12707
00000000 00000000 0 0 2097152 16719475 881381 176088 14630
00000000 00000000 0 0 2097152 17555912 71384 44097 13100
00000000 00000000 0 0 2097152 17557773 71586 44097 12138
00000000 00000000 0 0 2097152 17561419 72559 44097 14543
00000000 00000000 0 0 2097152 15109619 2541063 176088 11604
00000000 00000000 0 0 2097152 16846848 811226 179968 14156
00000000 00000000 0 0 2097152 16819590 841201 176088 12134
00000000 00000000 0 0 2097152 15363727 2297987 176088 13552
00000000 00000000 0 0 2097152 17630306 91496 44097 13117
00000000 00000000 0 0 2097152 17632369 91406 44097 12155
00000000 00000000 0 0 2097152 15202109 2523694 176088 13047
00000000 00000000 0 0 2097152 17636988 91509 44097 14552
00000000 00000000 0 0 2097152 15215860 2530551 176088 13655
00000000 00000000 0 0 2097152 15229145 2546546 176088 13668
00000000 00000000 0 0 2097152 17724812 91816 44097 13134
00000000 00000000 0 0 2097152 17726785 92234 44097 12172
00000000 00000000 0 0 2097152 17731507 89981 44097 14569
00000000 00000000 0 0 2097152 17205400 616624 176088 13187
00000000 00000000 0 0 2097152 15277205 2552447 176088 13188
00000000 00000000 0 0 2097152 17002895 831570 179968 12577
00000000 00000000 0 0 2097152 15322502 2521238 176088 15111
00000000 00000000 0 0 2097152 17034128 812098 179968 11759
00000000 00000000 0 0 2097152 15330969 2521359 176088 14631
00000000 00000000 0 0 2097152 15353145 2503174 176088 15090
00000000 00000000 0 0 2097152 15372021 2522519 176088 14151
00000000 00000000 0 0 2097152 17819638 79018 44097 13151
00000000 00000000 0 0 2097152 17822029 78827 44097 12189
00000000 00000000 0 0 2097152 15372787 2529597 176088 12708
00000000 00000000 0 0 2097152 17359102 543526 176088 12150
00000000 00000000 0 0 2097152 17824498 101736 44097 14586
00000000 00000000 0 0 2097152 17837475 101536 44097 12602
00000000 00000000 0 0 2097152 17340369 606016 176088 14019
00000000 00000000 0 0 2097152 15435185 2512165 176088 14498
00000000 00000000 0 0 2097152 15444241 2528449 176088 14500
00000000 00000000 0 0 2097152 17901666 76249 44097 13160
00000000 00000000 0 0 2097152 17903866 76111 44097 12206
00000000 00000000 0 0 2097152 15465873 2528455 176088 11620
00000000 00000000 0 0 2097152 17929244 91399 44097 14603
00000000 00000000 0 0 2097152 17942021 86990 44097 12619
00000000 00000000 0 0 2097152 16214420 1829468 176088 14625
00000000 00000000 0 0 2097152 17980925 72556 44097 13177
00000000 00000000 0 0 2097152 15885650 2167863 176088 15105
00000000 00000000 0 0 2097152 17982987 72557 44097 12223
00000000 00000000 0 0 2097152 15531441 2525053 176088 13063
00000000 00000000 0 0 2097152 17282021 812079 179968 11639
00000000 00000000 0 0 2097152 15599554 2506991 176088 14514
00000000 00000000 0 0 2097152 15971713 2136351 176088 11745
00000000 00000000 0 0 2097152 18023653 91479 44097 14620
00000000 00000000 0 0 2097152 18032021 86990 44097 12636
00000000 00000000 0 0 2097152 15598727 2531431 176088 12103
00000000 00000000 0 0 2097152 15644556 2521614 176088 12228
00000000 00000000 0 0 2097152 17340369 825873 179968 13539
00000000 00000000 0 0 2097152 15648149 2518995 176088 12583
00000000 00000000 0 0 2097152 15648149 2518995 176088 13079
00000000 00000000 0 0 2097152 15729894 2442679 176088 13568
00000000 00000000 0 0 2097152 18097110 76850 44097 11656
00000000 00000000 0 0 2097152 15677709 2511375 176088 14530
00000000 00000000 0 0 2097152 18122021 76990 44097 12653
00000000 00000000 0 0 2097152 15709261 2508593 176088 14546
00000000 00000000 0 0 2097152 15709271 2508593 176088 14562
00000000 00000000 0 0 2097152 15709281 2508593 176088 14578
00000000 00000000 0 0 2097152 15709291 2508593 176088 14594
00000000 00000000 0 0 2097152 15701114 2530022 176088 13671
00000000 00000000 0 0 2097152 18169252 76520 44097 13564
00000000 00000000 0 0 2097152 18176970 76984 44097 11673
00000000 00000000 0 0 2097152 17002895 1256116 176088 13057
00000000 00000000 0 0 2097152 18202021 70961 44097 12670
00000000 00000000 0 0 2097152 15774433 2517047 176088 13095
00000000 00000000 0 0 2097152 18248782 78518 44097 13581
00000000 00000000 0 0 2097152 17174549 1153367 176088 12225
00000000 00000000 0 0 2097152 15817332 2512223 176088 13111
00000000 00000000 0 0 2097152 15817342 2512223 176088 13127
00000000 00000000 0 0 2097152 15817352 2512223 176088 13143
00000000 00000000 0 0 2097152 15817362 2512223 176088 13159
00000000 00000000 0 0 2097152 15826914 2508046 176088 11636
00000000 00000000 0 0 2097152 18256964 88540 44097 11690
00000000 00000000 0 0 2097152 18275992 73019 44097 12687
00000000 00000000 0 0 2097152 18330310 78640 44097 13598
00000000 00000000 0 0 2097152 18348514 88551 44097 11707
00000000 00000000 0 0 2097152 18352021 89548 44097 12696
00000000 00000000 0 0 2097152 15964998 2516456 176088 11652
00000000 00000000 0 0 2097152 17417487 1067472 176088 13553
00000000 00000000 0 0 2097152 15977504 2516516 176088 11668
00000000 00000000 0 0 2097152 15984532 2516607 176088 11684
00000000 00000000 0 0 2097152 18411960 92028 44097 13615
00000000 00000000 0 0 2097152 16092821 2411581 176088 12149
00000000 00000000 0 0 2097152 18440075 71343 44097 11724
00000000 00000000 0 0 2097152 16006683 2521599 176088 11700
00000000 00000000 0 0 2097152 16006693 2521599 176088 11716
00000000 00000000 0 0 2097152 16016478 2517713 176088 11732
00000000 00000000 0 0 2097152 16038521 2521984 176088 14980
00000000 00000000 0 0 2097152 16107826 2483081 176088 13584
00000000 00000000 0 0 2097152 18506998 89913 44097 13624
00000000 00000000 0 0 2097152 18514428 84583 44097 11741
00000000 00000000 0 0 2097152 17664724 955957 176088 13569
00000000 00000000 0 0 2097152 16162553 2475569 176088 12165
00000000 00000000 0 0 2097152 18599921 89535 44097 13641
00000000 00000000 0 0 2097152 18602021 89580 44097 11758
00000000 00000000 0 0 2097152 16224358 2517620 176088 14996
00000000 00000000 0 0 2097152 16256162 2488713 176088 12181
00000000 00000000 0 0 2097152 16256172 2488713 176088 12197
00000000 00000000 0 0 2097152 16254587 2500233 176088 13600
00000000 00000000 0 0 2097152 16254597 2500233 176088 13616
00000000 00000000 0 0 2097152 16254607 2500233 176088 13632
00000000 00000000 0 0 2097152 18692466 72885 44097 13658
00000000 00000000 0 0 2097152 17949395 832449 179968 14036
00000000 00000000 0 0 2097152 16291520 2506432 176088 11748
00000000 00000000 0 0 2097152 17859329 944791 176088 15107
00000000 00000000 0 0 2097152 17975700 829488 179968 14517
00000000 00000000 0 0 2097152 16302021 2506448 176088 15012
00000000 00000000 0 0 2097152 16339497 2479514 176088 15028
00000000 00000000 0 0 2097152 16339507 2479504 176088 15044
00000000 00000000 0 0 2097152 16339517 2479494 176088 15060
00000000 00000000 0 0 2097152 16339527 2479484 176088 15076
00000000 00000000 0 0 2097152 16339537 2479474 176088 15092
00000000 00000000 0 0 2097152 16339547 2479464 176088 15108
00000000 00000000 0 0 2097152 16362021 2469369 176088 14516
00000000 00000000 0 0 2097152 16347701 2496815 176088 13669
00000000 00000000 0 0 2097152 16359047 2487139 176088 15104
00000000 00000000 0 0 2097152 16369429 2479582 176088 11744
00000000 00000000 0 0 2097152 16402021 2446990 176088 11764
00000000 00000000 0 0 2097152 16360392 2488619 176088 14149
00000000 00000000 0 0 2097152 16342117 2510798 176088 11746
00000000 00000000 0 0 2097152 16342370 2510798 176088 12226
00000000 00000000 0 0 2097152 18784854 70634 44097 14061
00000000 00000000 0 0 2097152 16360482 2503613 176088 12706
00000000 00000000 0 0 2097152 18058554 815313 179968 12232
00000000 00000000 0 0 2097152 18056491 825806 179968 13194
00000000 00000000 0 0 2097152 16407474 2479894 176088 13189
00000000 00000000 0 0 2097152 18808198 80960 44097 14542
00000000 00000000 0 0 2097152 16391717 2506142 176088 12599
00000000 00000000 0 0 2097152 18118142 817363 179968 14637
00000000 00000000 0 0 2097152 18133168 803329 179968 12112
00000000 00000000 0 0 2097152 18858498 94901 44097 14078
00000000 00000000 0 0 2097152 16805836 2153175 176088 12244
00000000 00000000 0 0 2097152 16500916 2470018 176088 14624
00000000 00000000 0 0 2097152 18892168 86263 44097 14559
00000000 00000000 0 0 2097152 16497025 2508312 176088 13175
00000000 00000000 0 0 2097152 18939507 78642 44097 12137
00000000 00000000 0 0 2097152 18956409 109041 44097 14095
00000000 00000000 0 0 2097152 16595620 2470082 176088 14144
00000000 00000000 0 0 2097152 18981441 89768 44097 14568
00000000 00000000 0 0 2097152 16565595 2507746 176088 12615
00000000 00000000 0 0 2097152 18262021 814731 179968 13074
00000000 00000000 0 0 2097152 19021159 72392 44097 12154
00000000 00000000 0 0 2097152 16607938 2501039 176088 12709
00000000 00000000 0 0 2097152 16630331 2511632 176088 12631
00000000 00000000 0 0 2097152 16630331 2511632 176088 13191
00000000 00000000 0 0 2097152 16630341 2511632 176088 12647
00000000 00000000 0 0 2097152 16630351 2511632 176088 12663
00000000 00000000 0 0 2097152 16630361 2511632 176088 12679
00000000 00000000 0 0 2097152 16630371 2511632 176088 12695
00000000 00000000 0 0 2097152 16630381 2511632 176088 12711
00000000 00000000 0 0 2097152 16639144 2506909 176088 12119
00000000 00000000 0 0 2097152 19068460 78048 44097 14104
00000000 00000000 0 0 2097152 16665840 2483646 176088 12576
00000000 00000000 0 0 2097152 19074219 84977 44097 14585
00000000 00000000 0 0 2097152 16658828 2509723 176088 13538
00000000 00000000 0 0 2097152 16670116 2500033 176088 14981
00000000 00000000 0 0 2097152 19079762 90421 44097 13099
00000000 00000000 0 0 2097152 16662021 2509603 176088 14610
00000000 00000000 0 0 2097152 16662021 2509603 176088 15106
00000000 00000000 0 0 2097152 16698376 2482652 176088 12727
00000000 00000000 0 0 2097152 19096561 86462 44097 12171
00000000 00000000 0 0 2097152 19149518 71461 44097 14121
00000000 00000000 0 0 2097152 16728935 2497164 176088 12213
00000000 00000000 0 0 2097152 19162206 74191 44097 14602
00000000 00000000 0 0 2097152 17569131 1697578 176088 12724
00000000 00000000 0 0 2097152 16832021 2439591 176088 13207
00000000 00000000 0 0 2097152 19173193 101124 44097 13116
00000000 00000000 0 0 2097152 18444579 839086 179968 12713
00000000 00000000 0 0 2097152 19186033 102978 44097 12188
00000000 00000000 0 0 2097152 16895874 2393137 176088 13687
00000000 00000000 0 0 2097152 19223989 70045 44097 14138
00000000 00000000 0 0 2097152 19239407 72226 44097 14619
00000000 00000000 0 0 2097152 17825034 1514766 176088 13204
00000000 00000000 0 0 2097152 19277327 78497 44097 13133
00000000 00000000 0 0 2097152 18175583 1184084 176088 13585
00000000 00000000 0 0 2097152 19292021 110218 44097 12205
00000000 00000000 0 0 2097152 19314643 90652 44097 14636
00000000 00000000 0 0 2097152 19297044 109341 44097 14155
00000000 00000000 0 0 2097152 18807130 639737 176088 15124
00000000 00000000 0 0 2097152 19358834 92527 44097 13150
00000000 00000000 0 0 2097152 18507412 968834 176088 12166
00000000 00000000 0 0 2097152 17276888 2227366 176088 12135
00000000 00000000 0 0 2097152 19405249 107890 44097 12222
00000000 00000000 0 0 2097152 17330288 2193577 176088 15127
00000000 00000000 0 0 2097152 19454371 81996 44097 13167
00000000 00000000 0 0 2097152 18694611 843156 179968 11775
00000000 00000000 0 0 2097152 17389653 2179947 176088 14167
00000000 00000000 0 0 2097152 17097199 2486766 176088 13648
00000000 00000000 0 0 2097152 18768361 826820 179968 13675
00000000 00000000 0 0 2097152 17086686 2519929 176088 14626
00000000 00000000 0 0 2097152 19516149 95723 44097 12239
00000000 00000000 0 0 2097152 19539377 90900 44097 13176
00000000 00000000 0 0 2097152 17663801 1975210 176088 12151
00000000 00000000 0 0 2097152 17603866 2035145 176088 14647
00000000 00000000 0 0 2097152 17129014 2523725 176088 14018
00000000 00000000 0 0 2097152 18834400 826030 179968 14533
00000000 00000000 0 0 2097152 19633287 90878 44097 13193
00000000 00000000 0 0 2097152 19663440 89165 44097 14558
00000000 00000000 0 0 2097152 17239279 2523940 176088 14034
00000000 00000000 0 0 2097152 17251604 2515533 176088 14066
00000000 00000000 0 0 2097152 17251614 2515533 176088 14082
00000000 00000000 0 0 2097152 17251624 2515533 176088 14098
00000000 00000000 0 0 2097152 17251634 2515533 176088 14114
00000000 00000000 0 0 2097152 17251644 2515533 176088 14130
00000000 00000000 0 0 2097152 17243736 2523940 176088 14050
00000000 00000000 0 0 2097152 17256512 2515533 176088 14146
00000000 00000000 0 0 2097152 17256522 2515533 176088 14162
00000000 00000000 0 0 2097152 17260077 2516652 176088 13554
00000000 00000000 0 0 2097152 17905638 1873373 176088 12167
00000000 00000000 0 0 2097152 19755615 71780 44097 14575
00000000 00000000 0 0 2097152 19830405 92085 44097 14584
00000000 00000000 0 0 2097152 19152496 814108 179968 12593
00000000 00000000 0 0 2097152 17467694 2517323 176088 12229
00000000 00000000 0 0 2097152 19173159 819432 179968 14998
00000000 00000000 0 0 2097152 19925500 92184 44097 14601
00000000 00000000 0 0 2097152 19598191 421797 176088 13684
00000000 00000000 0 0 2097152 19171561 854061 179968 13555
00000000 00000000 0 0 2097152 19149063 884059 179968 12128
00000000 00000000 0 0 2097152 19479256 559755 176088 12183
00000000 00000000 0 0 2097152 19969614 82743 44097 12618
00000000 00000000 0 0 2097152 19995601 72695 44097 15023
00000000 00000000 0 0 2097152 20028632 78375 44097 13580
00000000 00000000 0 0 2097152 20020694 94180 44097 14618
00000000 00000000 0 0 2097152 20036132 89444 44097 12153
00000000 00000000 0 0 2097152 20055367 89171 44097 12635
00000000 00000000 0 0 2097152 20071306 91075 44097 15032
00000000 00000000 0 0 2097152 17653692 2523294 176088 11621
00000000 00000000 0 0 2097152 17661084 2518100 176088 14165
00000000 00000000 0 0 2097152 20110017 70440 44097 13597
00000000 00000000 0 0 2097152 20117884 71257 44097 14635
00000000 00000000 0 0 2097152 17950360 2244491 176088 14515
00000000 00000000 0 0 2097152 20128586 71697 44097 12170
00000000 00000000 0 0 2097152 19408305 815054 179968 14653
00000000 00000000 0 0 2097152 20147548 76670 44097 12652
00000000 00000000 0 0 2097152 19409395 826562 179968 14172
00000000 00000000 0 0 2097152 17728813 2510198 176088 13056
00000000 00000000 0 0 2097152 20165391 73620 44097 15049
00000000 00000000 0 0 2097152 17749421 2492635 176088 13664
00000000 00000000 0 0 2097152 20183467 70571 44097 13614
00000000 00000000 0 0 2097152 20192151 73071 44097 14652
00000000 00000000 0 0 2097152 20203293 72691 44097 12187
00000000 00000000 0 0 2097152 17778701 2512255 176088 13685
00000000 00000000 0 0 2097152 20227228 78282 44097 12669
00000000 00000000 0 0 2097152 20242021 70759 44097 15066
00000000 00000000 0 0 2097152 20257048 70990 44097 13631
00000000 00000000 0 0 2097152 17846750 2482637 176088 15120
00000000 00000000 0 0 2097152 17849236 2483010 176088 11760
00000000 00000000 0 0 2097152 17832662 2501351 176088 13205
00000000 00000000 0 0 2097152 17855338 2483010 176088 14640
00000000 00000000 0 0 2097152 20278994 72879 44097 12204
00000000 00000000 0 0 2097152 18046898 2323922 176088 14642
00000000 00000000 0 0 2097152 20308520 70491 44097 12686
00000000 00000000 0 0 2097152 18056523 2322488 176088 15122
00000000 00000000 0 0 2097152 20315790 70101 44097 15083
00000000 00000000 0 0 2097152 17897550 2499176 176088 14160
00000000 00000000 0 0 2097152 18111074 2288166 176088 11762
00000000 00000000 0 0 2097152 20331048 71017 44097 13640
00000000 00000000 0 0 2097152 17905394 2507461 176088 12725
00000000 00000000 0 0 2097152 20354913 76880 44097 12221
00000000 00000000 0 0 2097152 18330926 2108085 176088 12242
00000000 00000000 0 0 2097152 20382021 70647 44097 12703
00000000 00000000 0 0 2097152 20388901 70604 44097 15100
00000000 00000000 0 0 2097152 20405075 72548 44097 13657
00000000 00000000 0 0 2097152 17997338 2510475 176088 11637
00000000 00000000 0 0 2097152 20434803 91001 44097 12238
00000000 00000000 0 0 2097152 20455678 89525 44097 12712
00000000 00000000 0 0 2097152 19507294 1041683 179968 12144
00000000 00000000 0 0 2097152 18109555 2441607 176088 14531
00000000 00000000 0 0 2097152 20462545 89515 44097 15117
00000000 00000000 0 0 2097152 18059504 2499507 176088 13072
00000000 00000000 0 0 2097152 18487969 2071042 176088 13570
00000000 00000000 0 0 2097152 18623691 1935320 176088 13586
00000000 00000000 0 0 2097152 20480633 78378 44097 13674
00000000 00000000 0 0 2097152 19727175 844152 179968 13210
00000000 00000000 0 0 2097152 19779769 811460 179968 13571
00000000 00000000 0 0 2097152 20528814 70197 44097 12255
00000000 00000000 0 0 2097152 19286675 1312336 176088 12722
00000000 00000000 0 0 2097152 19362677 1236334 176088 13602
00000000 00000000 0 0 2097152 20551987 71368 44097 12169
00000000 00000000 0 0 2097152 20197861 463419 176088 14532
00000000 00000000 0 0 2097152 18192094 2469403 176088 14547
00000000 00000000 0 0 2097152 18170154 2506772 176088 12592
00000000 00000000 0 0 2097152 18170154 2506772 176088 13088
00000000 00000000 0 0 2097152 20594239 90950 44097 13596
00000000 00000000 0 0 2097152 18169180 2520023 176088 12245
00000000 00000000 0 0 2097152 18220864 2471879 176088 14563
00000000 00000000 0 0 2097152 18220874 2471879 176088 14579
00000000 00000000 0 0 2097152 18220884 2471879 176088 14595
00000000 00000000 0 0 2097152 18220894 2471879 176088 14611
00000000 00000000 0 0 2097152 20626365 72646 44097 12186
00000000 00000000 0 0 2097152 18234146 2490911 176088 13680
00000000 00000000 0 0 2097152 19614882 1144397 179968 12248
00000000 00000000 0 0 2097152 20688229 78409 44097 13613
00000000 00000000 0 0 2097152 20702021 76990 44097 12203
00000000 00000000 0 0 2097152 18294490 2502002 176088 13104
00000000 00000000 0 0 2097152 19642021 1193940 179968 12160
00000000 00000000 0 0 2097152 18332565 2506291 176088 13120
00000000 00000000 0 0 2097152 18332575 2506291 176088 13136
00000000 00000000 0 0 2097152 18332585 2506291 176088 13152
00000000 00000000 0 0 2097152 18332595 2506291 176088 13168
00000000 00000000 0 0 2097152 18593917 2251455 176088 13601
00000000 00000000 0 0 2097152 20769648 89655 44097 13630
00000000 00000000 0 0 2097152 18337970 2528761 176088 11653
00000000 00000000 0 0 2097152 20782021 86990 44097 12220
00000000 00000000 0 0 2097152 20838971 72555 44097 12185
00000000 00000000 0 0 2097152 20862313 91008 44097 13647
00000000 00000000 0 0 2097152 18641132 2313141 176088 12182
00000000 00000000 0 0 2097152 19782051 1174919 179968 12176
00000000 00000000 0 0 2097152 20872051 89662 44097 12237
00000000 00000000 0 0 2097152 20914536 91750 44097 12202
00000000 00000000 0 0 2097152 18484464 2530834 176088 11669
00000000 00000000 0 0 2097152 18497030 2520620 176088 11685
00000000 00000000 0 0 2097152 20956361 71379 44097 13656
00000000 00000000 0 0 2097152 20959980 75894 44097 12201
00000000 00000000 0 0 2097152 20964723 75827 44097 12254
00000000 00000000 0 0 2097152 18504149 2537911 176088 11701
00000000 00000000 0 0 2097152 18531292 2543299 176088 11717
00000000 00000000 0 0 2097152 18531302 2543299 176088 11733
00000000 00000000 0 0 2097152 18537201 2543299 176088 11749
00000000 00000000 0 0 2097152 20042051 1046960 179968 12192
00000000 00000000 0 0 2097152 21009296 79715 44097 12219
00000000 00000000 0 0 2097152 18563515 2525496 176088 14997
00000000 00000000 0 0 2097152 20268232 828424 179968 14669
00000000 00000000 0 0 2097152 21030750 71584 44097 13673
00000000 00000000 0 0 2097152 21038884 71560 44097 12218
00000000 00000000 0 0 2097152 21043560 72763 44097 12271
00000000 00000000 0 0 2097152 18747885 2431332 176088 12198
00000000 00000000 0 0 2097152 18747895 2431332 176088 12214
00000000 00000000 0 0 2097152 21092021 89620 44097 12236
00000000 00000000 0 0 2097152 21092021 96990 44097 12217
00000000 00000000 0 0 2097152 21113454 75557 44097 12235
00000000 00000000 0 0 2097152 21105344 83667 44097 13690
00000000 00000000 0 0 2097152 18757830 2467420 176088 13617
00000000 00000000 0 0 2097152 18757840 2467420 176088 13633
00000000 00000000 0 0 2097152 18757850 2467420 176088 13649
00000000 00000000 0 0 2097152 20848382 419104 176088 13618
00000000 00000000 0 0 2097152 18744988 2523205 176088 15013
00000000 00000000 0 0 2097152 21184681 92330 44097 12253
00000000 00000000 0 0 2097152 21192021 86990 44097 12234
00000000 00000000 0 0 2097152 21192021 86990 44097 12252
00000000 00000000 0 0 2097152 18800962 2526080 176088 11765
00000000 00000000 0 0 2097152 18811479 2522869 176088 15029
00000000 00000000 0 0 2097152 18847526 2495038 176088 13686
00000000 00000000 0 0 2097152 18822021 2522983 176088 15045
00000000 00000000 0 0 2097152 18822031 2522983 176088 15061
00000000 00000000 0 0 2097152 18822041 2522983 176088 15077
00000000 00000000 0 0 2097152 18822051 2522983 176088 15093
00000000 00000000 0 0 2097152 18822061 2522983 176088 15109
00000000 00000000 0 0 2097152 18822071 2522983 176088 15125
00000000 00000000 0 0 2097152 18852021 2495919 176088 14166
00000000 00000000 0 0 2097152 18849196 2499344 176088 15121
00000000 00000000 0 0 2097152 18852021 2499344 176088 11761
00000000 00000000 0 0 2097152 18852021 2506990 176088 11781
00000000 00000000 0 0 2097152 21282051 76960 44097 12251
00000000 00000000 0 0 2097152 21282021 76990 44097 12269
00000000 00000000 0 0 2097152 21280021 78990 44097 12270
00000000 00000000 0 0 2097152 18876877 2483619 176088 12241
00000000 00000000 0 0 2097152 18855925 2505458 176088 11763
00000000 00000000 0 0 2097152 18856178 2505458 176088 12243
00000000 00000000 0 0 2097152 20548213 822558 179968 12729
00000000 00000000 0 0 2097152 18867105 2505735 176088 12723
00000000 00000000 0 0 2097152 18890378 2485633 176088 13206
00000000 00000000 0 0 2097152 18962021 2416990 176088 12261
00000000 00000000 0 0 2097152 18900869 2479013 176088 12608
00000000 00000000 0 0 2097152 18885307 2499396 176088 13203
00000000 00000000 0 0 2097152 18938515 2485885 176088 14646
00000000 00000000 0 0 2097152 21362021 78394 44097 12268
00000000 00000000 0 0 2097152 21362051 78521 44097 12287
00000000 00000000 0 0 2097152 21362051 78652 44097 12286
00000000 00000000 0 0 2097152 20555070 895134 179968 15134
00000000 00000000 0 0 2097152 18973944 2478724 176088 14641
00000000 00000000 0 0 2097152 19269719 2204283 176088 12741
00000000 00000000 0 0 2097152 20664320 820275 179968 14549
00000000 00000000 0 0 2097152 19008347 2479280 176088 13184
00000000 00000000 0 0 2097152 20602021 895657 179968 12264
00000000 00000000 0 0 2097152 20679936 820373 179968 12609
00000000 00000000 0 0 2097152 21443425 78521 44097 12285
00000000 00000000 0 0 2097152 21443743 78367 44097 12303
00000000 00000000 0 0 2097152 19342810 2203658 176088 13221
00000000 00000000 0 0 2097152 19076351 2477867 176088 12624
00000000 00000000 0 0 2097152 19068712 2486095 176088 14161
00000000 00000000 0 0 2097152 19449877 2109134 176088 15141
00000000 00000000 0 0 2097152 21487635 84112 44097 14574
00000000 00000000 0 0 2097152 21503319 71511 44097 12634
00000000 00000000 0 0 2097152 21524986 92538 44097 12302
00000000 00000000 0 0 2097152 19111987 2507113 176088 12726
00000000 00000000 0 0 2097152 19144973 2478047 176088 12640
00000000 00000000 0 0 2097152 19144973 2478047 176088 13200
00000000 00000000 0 0 2097152 19144983 2478047 176088 12656
00000000 00000000 0 0 2097152 19144993 2478047 176088 12672
00000000 00000000 0 0 2097152 19145003 2478047 176088 12688
00000000 00000000 0 0 2097152 19145013 2478047 176088 12704
00000000 00000000 0 0 2097152 19145023 2478047 176088 12720
00000000 00000000 0 0 2097152 19184038 2476942 176088 12736
00000000 00000000 0 0 2097152 20562021 1101661 179968 13691
00000000 00000000 0 0 2097152 21574787 89520 44097 14591
00000000 00000000 0 0 2097152 20562051 1104237 179968 13587
00000000 00000000 0 0 2097152 20562091 1104237 179968 13603
00000000 00000000 0 0 2097152 21577870 89531 44097 12651
00000000 00000000 0 0 2097152 19274622 2416211 176088 13216
00000000 00000000 0 0 2097152 21620564 79191 44097 12319
00000000 00000000 0 0 2097152 19174634 2526872 176088 14627
00000000 00000000 0 0 2097152 19174634 2526872 176088 15123
00000000 00000000 0 0 2097152 19292021 2423117 176088 13696
00000000 00000000 0 0 2097152 20022998 1696013 176088 13701
00000000 00000000 0 0 2097152 20602051 1123170 179968 13619
00000000 00000000 0 0 2097152 19229109 2496260 176088 12230
00000000 00000000 0 0 2097152 21667347 70955 44097 14600
00000000 00000000 0 0 2097152 21669328 106207 44097 13612
00000000 00000000 0 0 2097152 21669368 106207 44097 13628
00000000 00000000 0 0 2097152 21670441 106207 44097 12668
00000000 00000000 0 0 2097152 19526875 2255830 176088 15136
00000000 00000000 0 0 2097152 19540777 2242758 176088 11776
00000000 00000000 0 0 2097152 20957283 837382 176088 12199
00000000 00000000 0 0 2097152 19572610 2226401 176088 14176
00000000 00000000 0 0 2097152 20238967 1560044 176088 14181
00000000 00000000 0 0 2097152 19642021 2156990 176088 14656
00000000 00000000 0 0 2097152 21741312 71121 44097 14617
00000000 00000000 0 0 2097152 21728261 87698 44097 13644
00000000 00000000 0 0 2097152 21778545 111402 44097 13629
00000000 00000000 0 0 2097152 21778585 111402 44097 13645
00000000 00000000 0 0 2097152 21815443 89479 44097 14634
00000000 00000000 0 0 2097152 21779658 128587 44097 12685
00000000 00000000 0 0 2097152 21818969 100429 44097 13661
00000000 00000000 0 0 2097152 21892987 89023 44097 13646
00000000 00000000 0 0 2097152 21893027 89023 44097 13662
00000000 00000000 0 0 2097152 21907962 89871 44097 14651
00000000 00000000 0 0 2097152 21119363 886731 179968 12280
00000000 00000000 0 0 2097152 21911285 156812 44097 12702
00000000 00000000 0 0 2097152 21922438 156806 44097 13678
00000000 00000000 0 0 2097152 21985050 100034 44097 13663
00000000 00000000 0 0 2097152 21985090 100034 44097 13679
00000000 00000000 0 0 2097152 22000843 88168 44097 14668
00000000 00000000 0 0 2097152 19586975 2513574 176088 13665
00000000 00000000 0 0 2097152 19609625 2518309 176088 14643
00000000 00000000 0 0 2097152 19655749 2515474 176088 14035
00000000 00000000 0 0 2097152 22071137 105605 44097 12719
00000000 00000000 0 0 2097152 22082284 96161 44097 13695
00000000 00000000 0 0 2097152 22088124 100193 44097 13672
00000000 00000000 0 0 2097152 22088164 100193 44097 13688
00000000 00000000 0 0 2097152 21192021 1015660 179968 13707
00000000 00000000 0 0 2097152 19766229 2500790 176088 14051
00000000 00000000 0 0 2097152 22179782 88190 44097 12728
00000000 00000000 0 0 2097152 22181455 88190 44097 13704
00000000 00000000 0 0 2097152 19770686 2501201 176088 14067
00000000 00000000 0 0 2097152 19770696 2501201 176088 14083
00000000 00000000 0 0 2097152 19770706 2501201 176088 14099
00000000 00000000 0 0 2097152 19770716 2501201 176088 14115
00000000 00000000 0 0 2097152 19770726 2501201 176088 14131
00000000 00000000 0 0 2097152 19770736 2501201 176088 14147
00000000 00000000 0 0 2097152 19775055 2501201 176088 14163
00000000 00000000 0 0 2097152 19775065 2501201 176088 14179
00000000 00000000 0 0 2097152 21270526 1005977 179968 13635
00000000 00000000 0 0 2097152 22191327 107982 44097 13689
00000000 00000000 0 0 2097152 22191367 107982 44097 13705
00000000 00000000 0 0 2097152 22279513 88970 44097 13660
00000000 00000000 0 0 2097152 21092021 1307511 179968 15014
00000000 00000000 0 0 2097152 22302319 102170 44097 13706
00000000 00000000 0 0 2097152 22302389 102170 44097 13722
00000000 00000000 0 0 2097152 22272655 137884 44097 13721
00000000 00000000 0 0 2097152 22371493 72183 44097 13677
00000000 00000000 0 0 2097152 21443612 1017047 179968 12296
00000000 00000000 0 0 2097152 22402572 78012 44097 15039
00000000 00000000 0 0 2097152 22413579 88388 44097 13738
00000000 00000000 0 0 2097152 19988027 2524057 176088 12246
00000000 00000000 0 0 2097152 22446716 90753 44097 13694
00000000 00000000 0 0 2097152 21525150 1018796 179968 12312
00000000 00000000 0 0 2097152 22483594 92377 44097 15048
00000000 00000000 0 0 2097152 20373830 2229354 176088 14659
00000000 00000000 0 0 2097152 22540479 75223 44097 13711
00000000 00000000 0 0 2097152 20382021 2246051 176088 15139
00000000 00000000 0 0 2097152 20402250 2227878 176088 11779
00000000 00000000 0 0 2097152 22578981 91394 44097 15065
00000000 00000000 0 0 2097152 21382892 1298481 179968 12625
00000000 00000000 0 0 2097152 20442021 2239909 176088 12259
00000000 00000000 0 0 2097152 21182227 1520836 176088 12215
00000000 00000000 0 0 2097152 21182237 1520836 176088 12231
00000000 00000000 0 0 2097152 22618712 89317 44097 13720
00000000 00000000 0 0 2097152 20179996 2529015 176088 11638
00000000 00000000 0 0 2097152 20602021 2106990 176088 12739
00000000 00000000 0 0 2097152 20574337 2134674 176088 13219
00000000 00000000 0 0 2097152 20182194 2526895 176088 14182
00000000 00000000 0 0 2097152 20226369 2526989 176088 14662
00000000 00000000 0 0 2097152 20242021 2520078 176088 13073
00000000 00000000 0 0 2097152 20554172 2210354 176088 14548
00000000 00000000 0 0 2097152 20245066 2520078 176088 13681
00000000 00000000 0 0 2097152 22673415 93934 44097 15082
00000000 00000000 0 0 2097152 21702795 1066216 179968 12328
00000000 00000000 0 0 2097152 22684413 84598 44097 12650
00000000 00000000 0 0 2097152 22711039 72078 44097 13737
00000000 00000000 0 0 2097152 21797705 1015869 179968 12208
00000000 00000000 0 0 2097152 20293966 2520887 176088 13702
00000000 00000000 0 0 2097152 20332397 2521985 176088 15137
00000000 00000000 0 0 2097152 20335256 2521985 176088 11777
00000000 00000000 0 0 2097152 20341358 2516867 176088 14657
00000000 00000000 0 0 2097152 20337023 2521228 176088 13222
00000000 00000000 0 0 2097152 22772051 86960 44097 12667
00000000 00000000 0 0 2097152 22786157 72854 44097 13754
00000000 00000000 0 0 2097152 22770389 88622 44097 15099
00000000 00000000 0 0 2097152 22816584 74897 44097 12233
00000000 00000000 0 0 2097152 22092021 825090 179968 14685
00000000 00000000 0 0 2097152 20399736 2536973 176088 14177
00000000 00000000 0 0 2097152 20415865 2529545 176088 12742
00000000 00000000 0 0 2097152 22862021 84612 44097 12684
00000000 00000000 0 0 2097152 22862021 84612 44097 15116
00000000 00000000 0 0 2097152 22894521 75514 44097 12250
00000000 00000000 0 0 2097152 20664507 2354048 176088 14564
00000000 00000000 0 0 2097152 20510853 2536098 176088 11654
00000000 00000000 0 0 2097152 22949643 99625 44097 12701
00000000 00000000 0 0 2097152 22949643 99625 44097 15133
00000000 00000000 0 0 2097152 22973045 90736 44097 12267
00000000 00000000 0 0 2097152 20562021 2526911 176088 13089
00000000 00000000 0 0 2097152 20695753 2420507 176088 14580
00000000 00000000 0 0 2097152 20695763 2420507 176088 14596
00000000 00000000 0 0 2097152 20695773 2420507 176088 14612
00000000 00000000 0 0 2097152 20695783 2420507 176088 14628
00000000 00000000 0 0 2097152 23052308 77649 44097 12718
00000000 00000000 0 0 2097152 23066791 90169 44097 12284
00000000 00000000 0 0 2097152 21271203 1918436 179968 15030
00000000 00000000 0 0 2097152 20692213 2527358 176088 12262
00000000 00000000 0 0 2097152 20679936 2541068 176088 13105
00000000 00000000 0 0 2097152 23132967 90125 44097 12735
00000000 00000000 0 0 2097152 23159970 76634 44097 12301
00000000 00000000 0 0 2097152 22407529 856039 179968 13723
00000000 00000000 0 0 2097152 22407599 856039 179968 13739
00000000 00000000 0 0 2097152 20728067 2541501 176088 13697
00000000 00000000 0 0 2097152 21348044 1943058 179968 15062
00000000 00000000 0 0 2097152 21348084 1943058 179968 15078
00000000 00000000 0 0 2097152 21348124 1943058 179968 15094
00000000 00000000 0 0 2097152 21348164 1943058 179968 15110
00000000 00000000 0 0 2097152 21348204 1943058 179968 15126
00000000 00000000 0 0 2097152 21348214 1943058 179968 15142
00000000 00000000 0 0 2097152 21337388 1954857 179968 15046
00000000 00000000 0 0 2097152 20762289 2536722 176088 12257
00000000 00000000 0 0 2097152 23226102 72909 44097 12744
00000000 00000000 0 0 2097152 23192649 106362 44097 15055
00000000 00000000 0 0 2097152 23239614 70000 44097 12318
00000000 00000000 0 0 2097152 21663990 1654735 179968 12753
00000000 00000000 0 0 2097152 20799502 2519509 176088 13121
00000000 00000000 0 0 2097152 21562021 1756990 179968 15158
00000000 00000000 0 0 2097152 20841866 2509492 176088 13137
00000000 00000000 0 0 2097152 20841876 2509492 176088 13153
00000000 00000000 0 0 2097152 20841886 2509492 176088 13169
00000000 00000000 0 0 2097152 20841896 2509492 176088 13185
00000000 00000000 0 0 2097152 20869741 2502106 176088 11670
00000000 00000000 0 0 2097152 23302051 78272 44097 15064
00000000 00000000 0 0 2097152 21228260 2213162 176088 13634
00000000 00000000 0 0 2097152 21228270 2213162 176088 13650
00000000 00000000 0 0 2097152 21228280 2213162 176088 13666
00000000 00000000 0 0 2097152 22505007 947142 179968 13755
00000000 00000000 0 0 2097152 23383333 89291 44097 15081
00000000 00000000 0 0 2097152 22706103 793077 179968 12224
00000000 00000000 0 0 2097152 22706143 793077 179968 12240
00000000 00000000 0 0 2097152 21626030 1875461 179968 12657
00000000 00000000 0 0 2097152 21626070 1875461 179968 12673
00000000 00000000 0 0 2097152 21626110 1875461 179968 12689
00000000 00000000 0 0 2097152 21626150 1875461 179968 12705
00000000 00000000 0 0 2097152 21626190 1875461 179968 12721
00000000 00000000 0 0 2097152 21626200 1875461 179968 12737
00000000 00000000 0 0 2097152 23295255 213921 44097 15071
00000000 00000000 0 0 2097152 23295265 213921 44097 15087
00000000 00000000 0 0 2097152 23295275 213921 44097 15103
00000000 00000000 0 0 2097152 23295285 213921 44097 15119
00000000 00000000 0 0 2097152 23295295 213921 44097 15135
00000000 00000000 0 0 2097152 23295305 213921 44097 15151
00000000 00000000 0 0 2097152 23295345 213921 44097 15167
00000000 00000000 0 0 2097152 23322051 188716 44097 15183
00000000 00000000 0 0 2097152 23312654 198915 44097 12335
00000000 00000000 0 0 2097152 21557228 1961783 179968 12641
00000000 00000000 0 0 2097152 22712051 812479 179968 11655
00000000 00000000 0 0 2097152 21020660 2504691 176088 11702
00000000 00000000 0 0 2097152 21018308 2510489 176088 11686
00000000 00000000 0 0 2097152 21045070 2493941 176088 11718
00000000 00000000 0 0 2097152 21077601 2491579 176088 11734
00000000 00000000 0 0 2097152 21077611 2491579 176088 11750
00000000 00000000 0 0 2097152 21083510 2487995 176088 11766
00000000 00000000 0 0 2097152 23502190 82326 44097 12249
00000000 00000000 0 0 2097152 23502230 82326 44097 12265
00000000 00000000 0 0 2097152 21099666 2487730 176088 14678
00000000 00000000 0 0 2097152 22270982 1328029 179968 12745
00000000 00000000 0 0 2097152 23475664 169951 44097 15098
00000000 00000000 0 0 2097152 22765109 951884 179968 13090
00000000 00000000 0 0 2097152 23512216 210316 44097 15080
00000000 00000000 0 0 2097152 23512256 210316 44097 15096
00000000 00000000 0 0 2097152 23512296 210316 44097 15112
00000000 00000000 0 0 2097152 23512336 210316 44097 15128
00000000 00000000 0 0 2097152 23512346 210316 44097 15144
00000000 00000000 0 0 2097152 23512356 210316 44097 15160
00000000 00000000 0 0 2097152 23512366 210316 44097 15176
00000000 00000000 0 0 2097152 23513777 210316 44097 15192
00000000 00000000 0 0 2097152 21351550 2373658 176088 15138
00000000 00000000 0 0 2097152 23527540 198615 44097 11672
00000000 00000000 0 0 2097152 21363506 2363158 176088 12258
00000000 00000000 0 0 2097152 21354375 2373658 176088 11778
00000000 00000000 0 0 2097152 22767566 960643 179968 14565
00000000 00000000 0 0 2097152 21373781 2358742 176088 12738
00000000 00000000 0 0 2097152 23648625 93338 44097 15115
00000000 00000000 0 0 2097152 21330052 2414425 176088 11782
00000000 00000000 0 0 2097152 21345574 2424479 176088 13703
00000000 00000000 0 0 2097152 21350950 2421028 176088 14183
00000000 00000000 0 0 2097152 23522051 252735 44097 12666
00000000 00000000 0 0 2097152 23522091 252735 44097 12682
00000000 00000000 0 0 2097152 23522131 252735 44097 12698
00000000 00000000 0 0 2097152 23522171 252735 44097 12714
00000000 00000000 0 0 2097152 23522211 252735 44097 12730
00000000 00000000 0 0 2097152 23522221 252735 44097 12746
00000000 00000000 0 0 2097152 23522231 252735 44097 12762
00000000 00000000 0 0 2097152 23522241 252735 44097 12778
00000000 00000000 0 0 2097152 21362021 2421810 176088 11798
00000000 00000000 0 0 2097152 23587526 201485 44097 12266
00000000 00000000 0 0 2097152 21382021 2406990 176088 12278
00000000 00000000 0 0 2097152 23587596 201415 44097 12282
00000000 00000000 0 0 2097152 21379021 2409990 176088 13223
00000000 00000000 0 0 2097152 21427410 2371922 176088 14663
00000000 00000000 0 0 2097152 23731219 71288 44097 14590
00000000 00000000 0 0 2097152 23744973 72330 44097 15132
00000000 00000000 0 0 2097152 21455678 2373092 176088 14658
00000000 00000000 0 0 2097152 21477012 2361999 176088 12758
00000000 00000000 0 0 2097152 21549478 2289533 176088 13238
00000000 00000000 0 0 2097152 21453214 2385797 176088 15143
00000000 00000000 0 0 2097152 21364393 2489753 176088 11780
00000000 00000000 0 0 2097152 21364646 2489753 176088 12260
00000000 00000000 0 0 2097152 21375850 2488715 176088 12740
00000000 00000000 0 0 2097152 22862051 1005586 179968 13771
00000000 00000000 0 0 2097152 21557817 2310096 176088 14178
00000000 00000000 0 0 2097152 21387713 2489246 176088 13220
00000000 00000000 0 0 2097152 23805547 77691 44097 14607
00000000 00000000 0 0 2097152 21722021 2166990 176088 13718
00000000 00000000 0 0 2097152 21802021 2086990 176088 14198
00000000 00000000 0 0 2097152 23820313 70208 44097 15149
00000000 00000000 0 0 2097152 22174263 1726475 179968 14052
00000000 00000000 0 0 2097152 23729165 198745 44097 11689
00000000 00000000 0 0 2097152 23720003 208116 44097 13115
00000000 00000000 0 0 2097152 21490637 2444239 176088 13201
00000000 00000000 0 0 2097152 23725572 210721 44097 15097
00000000 00000000 0 0 2097152 23725612 210721 44097 15113
00000000 00000000 0 0 2097152 23725652 210721 44097 15129
00000000 00000000 0 0 2097152 23725662 210721 44097 15145
00000000 00000000 0 0 2097152 23725672 210721 44097 15161
00000000 00000000 0 0 2097152 23725682 210721 44097 15177
00000000 00000000 0 0 2097152 23725692 210721 44097 15193
00000000 00000000 0 0 2097152 23727103 210721 44097 15209
00000000 00000000 0 0 2097152 21622110 2322165 176088 12743
00000000 00000000 0 0 2097152 21500688 2444304 176088 12273
00000000 00000000 0 0 2097152 22920121 1028890 176088 14694
00000000 00000000 0 0 2097152 22279266 1679745 179968 14180
00000000 00000000 0 0 2097152 22279276 1679735 179968 14196
00000000 00000000 0 0 2097152 23886248 75139 44097 14616
00000000 00000000 0 0 2097152 23903778 71254 44097 14077
00000000 00000000 0 0 2097152 23052278 924695 179968 15150
00000000 00000000 0 0 2097152 23931129 73691 44097 13132
00000000 00000000 0 0 2097152 23792051 217954 44097 12283
00000000 00000000 0 0 2097152 23792091 217954 44097 12299
00000000 00000000 0 0 2097152 23777796 239684 44097 12683
00000000 00000000 0 0 2097152 23777836 239684 44097 12699
00000000 00000000 0 0 2097152 23777876 239684 44097 12715
00000000 00000000 0 0 2097152 23777916 239684 44097 12731
00000000 00000000 0 0 2097152 23777956 239684 44097 12747
00000000 00000000 0 0 2097152 23777996 239684 44097 12763
00000000 00000000 0 0 2097152 23778036 239684 44097 12779
00000000 00000000 0 0 2097152 23778076 239684 44097 12795
00000000 00000000 0 0 2097152 21626030 2427372 176088 13217
00000000 00000000 0 0 2097152 23978042 80969 44097 14094
00000000 00000000 0 0 2097152 23964397 94614 44097 14633
00000000 00000000 0 0 2097152 22270059 1791926 179968 14068
00000000 00000000 0 0 2097152 22274927 1791926 179968 14084
00000000 00000000 0 0 2097152 22274967 1791926 179968 14100
00000000 00000000 0 0 2097152 22275007 1791926 179968 14116
00000000 00000000 0 0 2097152 22275047 1791926 179968 14132
00000000 00000000 0 0 2097152 22275087 1791926 179968 14148
00000000 00000000 0 0 2097152 22275127 1791926 179968 14164
00000000 00000000 0 0 2097152 24007860 70524 44097 13149
00000000 00000000 0 0 2097152 21693843 2395168 176088 13233
00000000 00000000 0 0 2097152 21718148 2397789 176088 13713
00000000 00000000 0 0 2097152 23049991 1074084 179968 11671
00000000 00000000 0 0 2097152 21666692 2461395 176088 13700
00000000 00000000 0 0 2097152 23021595 1108747 179968 14581
00000000 00000000 0 0 2097152 24062051 73020 44097 14111
00000000 00000000 0 0 2097152 21728379 2422538 176088 12247
00000000 00000000 0 0 2097152 23939333 220067 44097 15114
00000000 00000000 0 0 2097152 23939373 220067 44097 15130
00000000 00000000 0 0 2097152 23939383 220067 44097 15146
00000000 00000000 0 0 2097152 23939393 220067 44097 15162
00000000 00000000 0 0 2097152 23939403 220067 44097 15178
00000000 00000000 0 0 2097152 23939413 220067 44097 15194
00000000 00000000 0 0 2097152 23939423 220067 44097 15210
00000000 00000000 0 0 2097152 23940834 220067 44097 15226
00000000 00000000 0 0 2097152 21704516 2459551 176088 15140
00000000 00000000 0 0 2097152 21704546 2459551 176088 14644
00000000 00000000 0 0 2097152 21786545 2382466 176088 11793
00000000 00000000 0 0 2097152 24081394 87617 44097 13166
00000000 00000000 0 0 2097152 21802021 2366990 176088 14193
00000000 00000000 0 0 2097152 21802021 2366990 176088 14673
00000000 00000000 0 0 2097152 21785715 2383296 176088 15153
00000000 00000000 0 0 2097152 23930950 248061 44097 11706
00000000 00000000 0 0 2097152 24133352 75654 44097 14606
00000000 00000000 0 0 2097152 24062021 147473 44097 14650
00000000 00000000 0 0 2097152 24127085 90376 44097 11688
00000000 00000000 0 0 2097152 24138081 87084 44097 14120
00000000 00000000 0 0 2097152 22009104 2219907 176088 12289
00000000 00000000 0 0 2097152 23302021 934702 179968 12761
00000000 00000000 0 0 2097152 24020490 224291 44097 12700
00000000 00000000 0 0 2097152 24020530 224291 44097 12716
00000000 00000000 0 0 2097152 24020570 224291 44097 12732
00000000 00000000 0 0 2097152 24020610 224291 44097 12748
00000000 00000000 0 0 2097152 24020680 224291 44097 12764
00000000 00000000 0 0 2097152 24020720 224291 44097 12780
00000000 00000000 0 0 2097152 24020760 224291 44097 12796
00000000 00000000 0 0 2097152 24020800 224291 44097 12812
00000000 00000000 0 0 2097152 24172051 87058 44097 13183
00000000 00000000 0 0 2097152 24013015 255996 44097 12300
00000000 00000000 0 0 2097152 24013055 255956 44097 12316
00000000 00000000 0 0 2097152 24212046 74863 44097 14623
00000000 00000000 0 0 2097152 24220471 83649 44097 11705
00000000 00000000 0 0 2097152 24228175 83649 44097 14137
00000000 00000000 0 0 2097152 22463669 1868270 176088 12305
00000000 00000000 0 0 2097152 24069893 269080 44097 14109
00000000 00000000 0 0 2097152 24069933 269080 44097 14125
00000000 00000000 0 0 2097152 24069973 269080 44097 14141
00000000 00000000 0 0 2097152 24070013 269080 44097 14157
00000000 00000000 0 0 2097152 24070053 269080 44097 14173
00000000 00000000 0 0 2097152 24070063 269080 44097 14189
00000000 00000000 0 0 2097152 24070073 269080 44097 14205
00000000 00000000 0 0 2097152 24070083 269080 44097 14221
00000000 00000000 0 0 2097152 23514579 826909 179968 12344
00000000 00000000 0 0 2097152 24262119 90245 44097 13192
00000000 00000000 0 0 2097152 24065025 288111 44097 14093
00000000 00000000 0 0 2097152 22546956 1812055 176088 12321
00000000 00000000 0 0 2097152 22772021 1586990 176088 12337
00000000 00000000 0 0 2097152 23119300 1239711 179968 14597
00000000 00000000 0 0 2097152 23119340 1239671 179968 14613
00000000 00000000 0 0 2097152 23119380 1239631 179968 14629
00000000 00000000 0 0 2097152 23119420 1239591 179968 14645
00000000 00000000 0 0 2097152 24289919 75715 44097 14632
00000000 00000000 0 0 2097152 23444462 932077 179968 13651
00000000 00000000 0 0 2097152 23444502 932077 179968 13667
00000000 00000000 0 0 2097152 23444542 932077 179968 13683
00000000 00000000 0 0 2097152 24162440 226280 44097 15131
00000000 00000000 0 0 2097152 24162450 226280 44097 15147
00000000 00000000 0 0 2097152 24162460 226280 44097 15163
00000000 00000000 0 0 2097152 24162470 226280 44097 15179
00000000 00000000 0 0 2097152 24162480 226280 44097 15195
00000000 00000000 0 0 2097152 24162490 226280 44097 15211
00000000 00000000 0 0 2097152 24162500 226280 44097 15227
00000000 00000000 0 0 2097152 23091972 1296931 179968 13106
00000000 00000000 0 0 2097152 24163911 226280 44097 15243
00000000 00000000 0 0 2097152 24307130 90008 44097 11722
00000000 00000000 0 0 2097152 24182021 216063 44097 11723
00000000 00000000 0 0 2097152 24314834 84177 44097 14154
00000000 00000000 0 0 2097152 24212504 186507 44097 14667
00000000 00000000 0 0 2097152 24355374 90508 44097 13209
00000000 00000000 0 0 2097152 24368644 87233 44097 14649
00000000 00000000 0 0 2097152 24272051 220768 44097 12317
00000000 00000000 0 0 2097152 24272091 220768 44097 12333
00000000 00000000 0 0 2097152 24391943 129547 44097 13131
00000000 00000000 0 0 2097152 24247791 276846 44097 12717
00000000 00000000 0 0 2097152 24247831 276846 44097 12733
00000000 00000000 0 0 2097152 24247871 276846 44097 12749
00000000 00000000 0 0 2097152 24247941 276846 44097 12765
00000000 00000000 0 0 2097152 24248011 276846 44097 12781
00000000 00000000 0 0 2097152 24248051 276846 44097 12797
00000000 00000000 0 0 2097152 24248091 276846 44097 12813
00000000 00000000 0 0 2097152 24248131 276846 44097 12829
00000000 00000000 0 0 2097152 24400178 128833 44097 11739
00000000 00000000 0 0 2097152 24402051 126960 44097 14171
00000000 00000000 0 0 2097152 24458887 70762 44097 14666
00000000 00000000 0 0 2097152 22130944 2423207 176088 14660
00000000 00000000 0 0 2097152 22103559 2480355 176088 13682
00000000 00000000 0 0 2097152 24532689 87530 44097 14683
00000000 00000000 0 0 2097152 22210721 2423802 176088 13716
00000000 00000000 0 0 2097152 24401124 258752 44097 11740
00000000 00000000 0 0 2097152 24402051 258752 44097 14684
00000000 00000000 0 0 2097152 24391730 277968 44097 15148
00000000 00000000 0 0 2097152 24391770 277968 44097 15164
00000000 00000000 0 0 2097152 24391810 277968 44097 15180
00000000 00000000 0 0 2097152 24391850 277968 44097 15196
00000000 00000000 0 0 2097152 24391890 277968 44097 15212
00000000 00000000 0 0 2097152 24391930 277968 44097 15228
00000000 00000000 0 0 2097152 24391970 277968 44097 15244
00000000 00000000 0 0 2097152 24393231 277968 44097 15260
00000000 00000000 0 0 2097152 24362051 314435 44097 14622
00000000 00000000 0 0 2097152 24362091 314435 44097 14638
00000000 00000000 0 0 2097152 24362131 314435 44097 14654
00000000 00000000 0 0 2097152 24362141 314435 44097 14670
00000000 00000000 0 0 2097152 23893531 819379 179968 15166
00000000 00000000 0 0 2097152 24524530 192579 44097 13148
00000000 00000000 0 0 2097152 24379579 339500 44097 13676
00000000 00000000 0 0 2097152 24379619 339500 44097 13692
00000000 00000000 0 0 2097152 24379629 339500 44097 13708
00000000 00000000 0 0 2097152 24532051 192201 44097 11756
00000000 00000000 0 0 2097152 24356146 382655 44097 14110
00000000 00000000 0 0 2097152 24356156 382655 44097 14126
00000000 00000000 0 0 2097152 24356166 382655 44097 14142
00000000 00000000 0 0 2097152 24356176 382655 44097 14158
00000000 00000000 0 0 2097152 24356186 382655 44097 14174
00000000 00000000 0 0 2097152 24356196 382655 44097 14190
00000000 00000000 0 0 2097152 24356236 382655 44097 14206
00000000 00000000 0 0 2097152 24356276 382655 44097 14222
00000000 00000000 0 0 2097152 24356316 382655 44097 14238
00000000 00000000 0 0 2097152 24623229 125782 44097 14700
00000000 00000000 0 0 2097152 24344498 424620 176088 12353
00000000 00000000 0 0 2097152 24527647 295639 44097 12734
00000000 00000000 0 0 2097152 24527687 295639 44097 12750
00000000 00000000 0 0 2097152 24527757 295639 44097 12766
00000000 00000000 0 0 2097152 24527827 295639 44097 12782
00000000 00000000 0 0 2097152 24527897 295639 44097 12798
00000000 00000000 0 0 2097152 24527937 295639 44097 12814
00000000 00000000 0 0 2097152 24527977 295639 44097 12830
00000000 00000000 0 0 2097152 24528017 295639 44097 12846
00000000 00000000 0 0 2097152 24495829 333021 44097 12334
00000000 00000000 0 0 2097152 24495869 333021 44097 12350
00000000 00000000 0 0 2097152 23729704 1129876 176088 12275
00000000 00000000 0 0 2097152 23731073 1129876 176088 11795
00000000 00000000 0 0 2097152 23735563 1129876 176088 12755
00000000 00000000 0 0 2097152 23773093 1125517 176088 13712
00000000 00000000 0 0 2097152 23775018 1125517 176088 14192
00000000 00000000 0 0 2097152 23857186 1075739 176088 11797
00000000 00000000 0 0 2097152 23857439 1075739 176088 12277
00000000 00000000 0 0 2097152 23728248 1206694 176088 15155
00000000 00000000 0 0 2097152 23374887 1573610 179968 11687
00000000 00000000 0 0 2097152 24720149 233472 44097 13165
00000000 00000000 0 0 2097152 24672738 282355 44097 15165
00000000 00000000 0 0 2097152 24672778 282355 44097 15181
00000000 00000000 0 0 2097152 24672818 282355 44097 15197
00000000 00000000 0 0 2097152 24672858 282355 44097 15213
00000000 00000000 0 0 2097152 24672898 282355 44097 15229
00000000 00000000 0 0 2097152 24672938 282355 44097 15245
00000000 00000000 0 0 2097152 24672978 282355 44097 15261
00000000 00000000 0 0 2097152 24722119 233472 44097 13693
00000000 00000000 0 0 2097152 24722129 233472 44097 13709
00000000 00000000 0 0 2097152 24722139 233472 44097 13725
00000000 00000000 0 0 2097152 24674239 282355 44097 15277
00000000 00000000 0 0 2097152 23870953 1088058 176088 14195
00000000 00000000 0 0 2097152 23831810 1127201 176088 14675
00000000 00000000 0 0 2097152 23792051 1167362 176088 13232
00000000 00000000 0 0 2097152 24727262 236529 44097 11773
00000000 00000000 0 0 2097152 23802372 1166639 176088 14672
00000000 00000000 0 0 2097152 24153927 830349 179968 12256
00000000 00000000 0 0 2097152 23224044 1764333 179968 13122
00000000 00000000 0 0 2097152 22515094 2480606 176088 12263
00000000 00000000 0 0 2097152 24662916 337494 44097 11757
00000000 00000000 0 0 2097152 23947315 1061696 176088 12752
00000000 00000000 0 0 2097152 23867605 1141406 176088 12757
00000000 00000000 0 0 2097152 23842051 1166960 176088 15152
00000000 00000000 0 0 2097152 23879999 1141507 176088 13237
00000000 00000000 0 0 2097152 24951507 70378 44097 11704
00000000 00000000 0 0 2097152 22606194 2436909 176088 14676
00000000 00000000 0 0 2097152 24679526 375650 44097 14639
00000000 00000000 0 0 2097152 24679566 375650 44097 14655
00000000 00000000 0 0 2097152 24679576 375650 44097 14671
00000000 00000000 0 0 2097152 24679586 375650 44097 14687
00000000 00000000 0 0 2097152 24991417 69803 44097 13147
00000000 00000000 0 0 2097152 24987286 81044 44097 12281
00000000 00000000 0 0 2097152 22631082 2440355 176088 15156
00000000 00000000 0 0 2097152 22633138 2440355 176088 11796
00000000 00000000 0 0 2097152 25024895 89604 44097 11721
00000000 00000000 0 0 2097152 22684940 2438022 176088 12276
00000000 00000000 0 0 2097152 24956661 173670 44097 13182
00000000 00000000 0 0 2097152 24958601 173670 44097 13710
00000000 00000000 0 0 2097152 24958611 173670 44097 13726
00000000 00000000 0 0 2097152 24958621 173670 44097 13742
00000000 00000000 0 0 2097152 24831860 304074 44097 12351
00000000 00000000 0 0 2097152 24831900 304074 44097 12367
00000000 00000000 0 0 2097152 25064230 71862 44097 13164
00000000 00000000 0 0 2097152 24741811 395174 44097 14127
00000000 00000000 0 0 2097152 24741821 395174 44097 14143
00000000 00000000 0 0 2097152 24741831 395174 44097 14159
00000000 00000000 0 0 2097152 24741841 395174 44097 14175
00000000 00000000 0 0 2097152 24741851 395174 44097 14191
00000000 00000000 0 0 2097152 24741891 395174 44097 14207
00000000 00000000 0 0 2097152 24741931 395174 44097 14223
00000000 00000000 0 0 2097152 24741971 395174 44097 14239
00000000 00000000 0 0 2097152 24742011 395174 44097 14255
00000000 00000000 0 0 2097152 22712021 2436437 176088 12756
00000000 00000000 0 0 2097152 22712021 2436437 176088 13236
00000000 00000000 0 0 2097152 24167107 989515 179968 14661
00000000 00000000 0 0 2097152 25003420 155591 44097 11774
00000000 00000000 0 0 2097152 25003430 155581 44097 11790
00000000 00000000 0 0 2097152 25071340 90053 44097 12298
00000000 00000000 0 0 2097152 22712129 2457947 176088 14199
00000000 00000000 0 0 2097152 24826296 351838 44097 12751
00000000 00000000 0 0 2097152 24826336 351838 44097 12767
00000000 00000000 0 0 2097152 24826406 351838 44097 12783
00000000 00000000 0 0 2097152 24826476 351838 44097 12799
00000000 00000000 0 0 2097152 24826546 351838 44097 12815
00000000 00000000 0 0 2097152 24826586 351838 44097 12831
00000000 00000000 0 0 2097152 24826626 351838 44097 12847
00000000 00000000 0 0 2097152 24826666 351838 44097 12863
00000000 00000000 0 0 2097152 23354398 1834652 179968 13154
00000000 00000000 0 0 2097152 23354438 1834652 179968 13170
00000000 00000000 0 0 2097152 23354478 1834652 179968 13186
00000000 00000000 0 0 2097152 23354518 1834652 179968 13202
00000000 00000000 0 0 2097152 25117509 84844 44097 11738
00000000 00000000 0 0 2097152 22756398 2450607 176088 14679
00000000 00000000 0 0 2097152 25139102 69909 44097 13181
00000000 00000000 0 0 2097152 23322051 1888750 179968 13138
00000000 00000000 0 0 2097152 25159662 69841 44097 14686
00000000 00000000 0 0 2097152 22768154 2489993 176088 13698
00000000 00000000 0 0 2097152 22817893 2444786 176088 13719
00000000 00000000 0 0 2097152 25212051 78746 44097 13198
00000000 00000000 0 0 2097152 25164433 135810 44097 12315
00000000 00000000 0 0 2097152 25133341 175369 44097 13199
00000000 00000000 0 0 2097152 22861291 2447599 176088 13239
00000000 00000000 0 0 2097152 25135281 175369 44097 13727
00000000 00000000 0 0 2097152 25135291 175369 44097 13743
00000000 00000000 0 0 2097152 25135301 175369 44097 13759
00000000 00000000 0 0 2097152 22860281 2485304 176088 11794
00000000 00000000 0 0 2097152 22861265 2485304 176088 14674
00000000 00000000 0 0 2097152 22857422 2489775 176088 15154
00000000 00000000 0 0 2097152 25232543 127593 44097 14703
00000000 00000000 0 0 2097152 24532021 837411 179968 14188
00000000 00000000 0 0 2097152 25303253 72141 44097 12332
00000000 00000000 0 0 2097152 22948450 2431647 176088 12759
00000000 00000000 0 0 2097152 25293837 106476 44097 13215
00000000 00000000 0 0 2097152 25205393 196735 44097 11755
00000000 00000000 0 0 2097152 25213841 191034 44097 13163
00000000 00000000 0 0 2097152 25213881 191034 44097 13179
00000000 00000000 0 0 2097152 25213921 191034 44097 13195
00000000 00000000 0 0 2097152 25213961 191034 44097 13211
00000000 00000000 0 0 2097152 25213971 191034 44097 13227
00000000 00000000 0 0 2097152 25058186 360586 44097 14648
00000000 00000000 0 0 2097152 25058226 360586 44097 14664
00000000 00000000 0 0 2097152 25058266 360586 44097 14680
00000000 00000000 0 0 2097152 25058306 360586 44097 14696
00000000 00000000 0 0 2097152 22939749 2484033 176088 14194
00000000 00000000 0 0 2097152 24586924 858962 179968 13699
00000000 00000000 0 0 2097152 25378404 70359 44097 12349
00000000 00000000 0 0 2097152 23870647 1583568 176088 13780
00000000 00000000 0 0 2097152 23542051 1919816 179968 11735
00000000 00000000 0 0 2097152 23937886 1537634 179968 13218
00000000 00000000 0 0 2097152 23531837 1947823 179968 11703
00000000 00000000 0 0 2097152 23531877 1947823 179968 11719
00000000 00000000 0 0 2097152 23572220 1908276 179968 11751
00000000 00000000 0 0 2097152 23572260 1908276 179968 11767
00000000 00000000 0 0 2097152 23574515 1908276 179968 11783
00000000 00000000 0 0 2097152 24131127 1357884 176088 13717
00000000 00000000 0 0 2097152 23266578 2246969 176088 13732
00000000 00000000 0 0 2097152 23266648 2246969 176088 13748
00000000 00000000 0 0 2097152 24056412 1458734 179968 13234
00000000 00000000 0 0 2097152 24167107 1348408 176088 15157
00000000 00000000 0 0 2097152 25451803 72554 44097 12366
00000000 00000000 0 0 2097152 23747487 1781524 179968 11799
00000000 00000000 0 0 2097152 24092021 1436990 179968 13250
00000000 00000000 0 0 2097152 24557161 978617 179968 14677
00000000 00000000 0 0 2097152 23786841 1755613 179968 11815
00000000 00000000 0 0 2097152 25140025 403265 44097 14136
00000000 00000000 0 0 2097152 25140065 403265 44097 14152
00000000 00000000 0 0 2097152 25140105 403265 44097 14168
00000000 00000000 0 0 2097152 25140115 403265 44097 14184
00000000 00000000 0 0 2097152 25140125 403265 44097 14200
00000000 00000000 0 0 2097152 25140135 403265 44097 14216
00000000 00000000 0 0 2097152 25140145 403265 44097 14232
00000000 00000000 0 0 2097152 25140155 403265 44097 14248
00000000 00000000 0 0 2097152 25140195 403265 44097 14264
00000000 00000000 0 0 2097152 25421782 127616 44097 14665
00000000 00000000 0 0 2097152 25421852 127616 44097 14681
00000000 00000000 0 0 2097152 25421892 127616 44097 14697
00000000 00000000 0 0 2097152 25421932 127616 44097 14713
00000000 00000000 0 0 2097152 24448892 1110119 179968 13226
00000000 00000000 0 0 2097152 23455159 2116612 176088 13764
00000000 00000000 0 0 2097152 23222611 2350964 176088 12279
00000000 00000000 0 0 2097152 25478530 95592 44097 13243
00000000 00000000 0 0 2097152 25181144 400512 44097 12760
00000000 00000000 0 0 2097152 25181184 400512 44097 12776
00000000 00000000 0 0 2097152 25181254 400512 44097 12792
00000000 00000000 0 0 2097152 25181324 400512 44097 12808
00000000 00000000 0 0 2097152 25181394 400512 44097 12824
00000000 00000000 0 0 2097152 25181434 400512 44097 12840
00000000 00000000 0 0 2097152 25181474 400512 44097 12856
00000000 00000000 0 0 2097152 25181514 400512 44097 12872
00000000 00000000 0 0 2097152 25527397 69709 44097 12383
00000000 00000000 0 0 2097152 25405138 199838 44097 11772
00000000 00000000 0 0 2097152 25407885 199838 44097 13180
00000000 00000000 0 0 2097152 25407925 199838 44097 13196
00000000 00000000 0 0 2097152 25407965 199838 44097 13212
00000000 00000000 0 0 2097152 25408005 199838 44097 13228
00000000 00000000 0 0 2097152 25408045 199838 44097 13244
00000000 00000000 0 0 2097152 25538818 70193 44097 14702
00000000 00000000 0 0 2097152 25448926 164651 44097 13724
00000000 00000000 0 0 2097152 25518156 96783 44097 13259
00000000 00000000 0 0 2097152 25532021 93878 44097 13275
00000000 00000000 0 0 2097152 24663843 1011361 179968 14701
00000000 00000000 0 0 2097152 25552408 125748 44097 14682
00000000 00000000 0 0 2097152 25552478 125748 44097 14698
00000000 00000000 0 0 2097152 25552518 125748 44097 14714
00000000 00000000 0 0 2097152 25552558 125748 44097 14730
00000000 00000000 0 0 2097152 25612051 78105 44097 14719
00000000 00000000 0 0 2097152 25311720 380746 44097 13208
00000000 00000000 0 0 2097152 25313660 380746 44097 13736
00000000 00000000 0 0 2097152 25313670 380746 44097 13752
00000000 00000000 0 0 2097152 25313680 380746 44097 13768
00000000 00000000 0 0 2097152 25577162 133542 44097 13260
00000000 00000000 0 0 2097152 23272608 2445919 176088 13714
00000000 00000000 0 0 2097152 25617979 103185 44097 13276
00000000 00000000 0 0 2097152 25363146 365299 44097 14712
00000000 00000000 0 0 2097152 25628939 100420 44097 13292
00000000 00000000 0 0 2097152 25403323 345874 44097 13224
00000000 00000000 0 0 2097152 23302051 2459358 176088 12274
00000000 00000000 0 0 2097152 24752021 1010676 179968 14717
00000000 00000000 0 0 2097152 23979983 1790370 176088 15159
00000000 00000000 0 0 2097152 25545464 231284 44097 11832
00000000 00000000 0 0 2097152 25532021 246990 44097 11816
00000000 00000000 0 0 2097152 24962021 843871 179968 14212
00000000 00000000 0 0 2097152 25482700 324582 44097 11720
00000000 00000000 0 0 2097152 25482740 324582 44097 11736
00000000 00000000 0 0 2097152 25482780 324582 44097 11752
00000000 00000000 0 0 2097152 25681166 126697 44097 14699
00000000 00000000 0 0 2097152 25681236 126697 44097 14715
00000000 00000000 0 0 2097152 25681276 126697 44097 14731
00000000 00000000 0 0 2097152 25681316 126697 44097 14747
00000000 00000000 0 0 2097152 25483536 324582 44097 11768
00000000 00000000 0 0 2097152 25483546 324582 44097 11784
00000000 00000000 0 0 2097152 25485801 324582 44097 11800
00000000 00000000 0 0 2097152 24901620 927420 176088 13729
00000000 00000000 0 0 2097152 24903545 927420 176088 14209
00000000 00000000 0 0 2097152 25693166 145845 44097 14728
00000000 00000000 0 0 2097152 25610763 247117 44097 13197
00000000 00000000 0 0 2097152 25610803 247117 44097 13213
00000000 00000000 0 0 2097152 25610813 247117 44097 13229
00000000 00000000 0 0 2097152 25610853 247117 44097 13245
00000000 00000000 0 0 2097152 25610893 247117 44097 13261
00000000 00000000 0 0 2097152 25616587 247117 44097 13741
00000000 00000000 0 0 2097152 24935935 951474 176088 11814
00000000 00000000 0 0 2097152 23590406 2297230 176088 14695
00000000 00000000 0 0 2097152 24936188 951474 176088 12294
00000000 00000000 0 0 2097152 25546330 346229 44097 14153
00000000 00000000 0 0 2097152 25546370 346229 44097 14169
00000000 00000000 0 0 2097152 25546380 346229 44097 14185
00000000 00000000 0 0 2097152 25546390 346229 44097 14201
00000000 00000000 0 0 2097152 25546400 346229 44097 14217
00000000 00000000 0 0 2097152 25546410 346229 44097 14233
00000000 00000000 0 0 2097152 25546420 346229 44097 14249
00000000 00000000 0 0 2097152 25546430 346229 44097 14265
00000000 00000000 0 0 2097152 25546470 346229 44097 14281
00000000 00000000 0 0 2097152 25607986 285494 44097 11789
00000000 00000000 0 0 2097152 25713714 189865 44097 13277
00000000 00000000 0 0 2097152 25724174 184837 44097 13293
00000000 00000000 0 0 2097152 25732369 176642 44097 13309
00000000 00000000 0 0 2097152 25012021 906210 179968 12769
00000000 00000000 0 0 2097152 25810903 130646 44097 14716
00000000 00000000 0 0 2097152 25810973 130646 44097 14732
00000000 00000000 0 0 2097152 25811013 130646 44097 14748
00000000 00000000 0 0 2097152 25811053 130646 44097 14764
00000000 00000000 0 0 2097152 24998710 952788 179968 12272
00000000 00000000 0 0 2097152 25808902 146919 44097 14237
00000000 00000000 0 0 2097152 24962423 996588 176088 13249
00000000 00000000 0 0 2097152 24972021 986990 176088 14689
00000000 00000000 0 0 2097152 23952021 2006990 176088 14711
00000000 00000000 0 0 2097152 25012021 997987 176088 15169
00000000 00000000 0 0 2097152 23792021 2239270 176088 12295
00000000 00000000 0 0 2097152 24715920 1320818 176088 15175
00000000 00000000 0 0 2097152 25695476 354619 44097 13225
00000000 00000000 0 0 2097152 23602051 2448955 176088 12754
00000000 00000000 0 0 2097152 25697446 354619 44097 13753
00000000 00000000 0 0 2097152 25697486 354619 44097 13769
00000000 00000000 0 0 2097152 25697526 354619 44097 13785
00000000 00000000 0 0 2097152 25173086 884677 176088 14208
00000000 00000000 0 0 2097152 23842021 2216990 176088 12775
00000000 00000000 0 0 2097152 23842021 2216990 176088 13255
00000000 00000000 0 0 2097152 23892021 2166990 176088 13735
00000000 00000000 0 0 2097152 23892021 2166990 176088 14215
00000000 00000000 0 0 2097152 25046113 1012898 179968 14693
00000000 00000000 0 0 2097152 25261157 808379 179968 13715
00000000 00000000 0 0 2097152 25731485 346631 44097 14729
00000000 00000000 0 0 2097152 25752237 327145 44097 13241
00000000 00000000 0 0 2097152 25842021 242980 44097 14745
00000000 00000000 0 0 2097152 25012021 1081393 176088 12774
00000000 00000000 0 0 2097152 25024516 1084593 176088 13254
00000000 00000000 0 0 2097152 25860920 262279 44097 13214
00000000 00000000 0 0 2097152 25860930 262279 44097 13230
00000000 00000000 0 0 2097152 25860940 262279 44097 13246
00000000 00000000 0 0 2097152 25810322 312920 44097 11737
00000000 00000000 0 0 2097152 25860980 262279 44097 13262
00000000 00000000 0 0 2097152 25810362 312920 44097 11753
00000000 00000000 0 0 2097152 25861020 262279 44097 13278
00000000 00000000 0 0 2097152 25810402 312920 44097 11769
00000000 00000000 0 0 2097152 25811128 312920 44097 11785
00000000 00000000 0 0 2097152 25811138 312920 44097 11801
00000000 00000000 0 0 2097152 25813393 312920 44097 11817
00000000 00000000 0 0 2097152 25813403 312920 44097 11833
00000000 00000000 0 0 2097152 25813413 312920 44097 11849
00000000 00000000 0 0 2097152 25866714 262279 44097 13758
00000000 00000000 0 0 2097152 25896490 242521 44097 11806
00000000 00000000 0 0 2097152 25954508 184503 44097 12297
00000000 00000000 0 0 2097152 25906589 232422 44097 13294
00000000 00000000 0 0 2097152 25912021 226990 44097 13310
00000000 00000000 0 0 2097152 25912031 226980 44097 13326
00000000 00000000 0 0 2097152 25162021 980329 179968 11791
00000000 00000000 0 0 2097152 25162061 980329 179968 11807
00000000 00000000 0 0 2097152 26072576 70831 44097 13740
00000000 00000000 0 0 2097152 24862590 1304927 176088 12292
00000000 00000000 0 0 2097152 24863959 1304927 176088 11812
00000000 00000000 0 0 2097152 25958831 210860 44097 14254
00000000 00000000 0 0 2097152 24868449 1304927 176088 12772
00000000 00000000 0 0 2097152 24937952 1236781 176088 15172
00000000 00000000 0 0 2097152 25138974 1036134 179968 12360
00000000 00000000 0 0 2097152 24962021 1216990 176088 14692
00000000 00000000 0 0 2097152 26062021 127126 44097 14718
00000000 00000000 0 0 2097152 26146417 75608 44097 13757
00000000 00000000 0 0 2097152 25139014 1083698 179968 12376
00000000 00000000 0 0 2097152 25895569 380024 44097 14170
00000000 00000000 0 0 2097152 25895609 380024 44097 14186
00000000 00000000 0 0 2097152 25895649 380024 44097 14202
00000000 00000000 0 0 2097152 25895689 380024 44097 14218
00000000 00000000 0 0 2097152 25895729 380024 44097 14234
00000000 00000000 0 0 2097152 25895769 380024 44097 14250
00000000 00000000 0 0 2097152 25895809 380024 44097 14266
00000000 00000000 0 0 2097152 25895849 380024 44097 14282
00000000 00000000 0 0 2097152 25895889 380024 44097 14298
00000000 00000000 0 0 2097152 25921271 365747 44097 12794
00000000 00000000 0 0 2097152 26225035 73976 44097 13774
00000000 00000000 0 0 2097152 26132003 249124 44097 13775
00000000 00000000 0 0 2097152 26142021 239501 44097 13311
00000000 00000000 0 0 2097152 26142031 239501 44097 13327
00000000 00000000 0 0 2097152 26142041 239501 44097 13343
00000000 00000000 0 0 2097152 26126209 260314 44097 13231
00000000 00000000 0 0 2097152 26126219 260314 44097 13247
00000000 00000000 0 0 2097152 26126229 260314 44097 13263
00000000 00000000 0 0 2097152 26126269 260314 44097 13279
00000000 00000000 0 0 2097152 26126309 260314 44097 13295
00000000 00000000 0 0 2097152 26172701 219794 44097 14271
00000000 00000000 0 0 2097152 26142021 258267 44097 12314
00000000 00000000 0 0 2097152 26192157 211456 44097 14735
00000000 00000000 0 0 2097152 26302021 108431 44097 13791
00000000 00000000 0 0 2097152 26129323 288387 44097 11834
00000000 00000000 0 0 2097152 26129333 288387 44097 11850
00000000 00000000 0 0 2097152 26129343 288387 44097 11866
00000000 00000000 0 0 2097152 26055105 364651 44097 13770
00000000 00000000 0 0 2097152 26055145 364651 44097 13786
00000000 00000000 0 0 2097152 26055185 364651 44097 13802
00000000 00000000 0 0 2097152 26081156 348050 44097 14746
00000000 00000000 0 0 2097152 23948002 2487875 176088 12290
00000000 00000000 0 0 2097152 26088041 348050 44097 14762
00000000 00000000 0 0 2097152 25348595 1093298 176088 11811
00000000 00000000 0 0 2097152 26126282 322729 44097 11754
00000000 00000000 0 0 2097152 26126322 322689 44097 11770
00000000 00000000 0 0 2097152 26126332 322679 44097 11786
00000000 00000000 0 0 2097152 26127058 321953 44097 11802
00000000 00000000 0 0 2097152 26127068 321943 44097 11818
00000000 00000000 0 0 2097152 25492021 972197 176088 13734
00000000 00000000 0 0 2097152 25349579 1139229 176088 14691
00000000 00000000 0 0 2097152 25350207 1139229 176088 15171
00000000 00000000 0 0 2097152 25721537 820379 179968 13731
00000000 00000000 0 0 2097152 26290058 282661 44097 12811
00000000 00000000 0 0 2097152 26278603 302125 44097 14187
00000000 00000000 0 0 2097152 26278673 302125 44097 14203
00000000 00000000 0 0 2097152 26278713 302125 44097 14219
00000000 00000000 0 0 2097152 26278753 302125 44097 14235
00000000 00000000 0 0 2097152 26278793 302125 44097 14251
00000000 00000000 0 0 2097152 26278833 302125 44097 14267
00000000 00000000 0 0 2097152 26278873 302125 44097 14283
00000000 00000000 0 0 2097152 26278913 302125 44097 14299
00000000 00000000 0 0 2097152 26278953 302125 44097 14315
00000000 00000000 0 0 2097152 24118947 2472655 176088 13730
00000000 00000000 0 0 2097152 25678214 916796 176088 14710
00000000 00000000 0 0 2097152 25765707 833304 176088 14726
00000000 00000000 0 0 2097152 26413462 215001 44097 13800
00000000 00000000 0 0 2097152 25576585 1052486 179968 12288
00000000 00000000 0 0 2097152 26406623 227709 44097 14744
00000000 00000000 0 0 2097152 26544956 90573 44097 13756
00000000 00000000 0 0 2097152 26389533 246228 44097 13240
00000000 00000000 0 0 2097152 26389543 246228 44097 13256
00000000 00000000 0 0 2097152 26389553 246228 44097 13272
00000000 00000000 0 0 2097152 26389593 246228 44097 13288
00000000 00000000 0 0 2097152 26389633 246228 44097 13304
00000000 00000000 0 0 2097152 26389643 246228 44097 13320
00000000 00000000 0 0 2097152 26389653 246228 44097 13336
00000000 00000000 0 0 2097152 26389663 246228 44097 13352
00000000 00000000 0 0 2097152 25600116 1040048 179968 12392
00000000 00000000 0 0 2097152 26395505 246228 44097 14280
00000000 00000000 0 0 2097152 26060773 586117 176088 14225
00000000 00000000 0 0 2097152 26575759 73252 44097 12828
00000000 00000000 0 0 2097152 25426792 1222219 176088 14211
00000000 00000000 0 0 2097152 24172021 2480410 176088 11810
00000000 00000000 0 0 2097152 24172021 2480410 176088 14210
00000000 00000000 0 0 2097152 24172021 2480410 176088 14690
00000000 00000000 0 0 2097152 24172021 2480410 176088 15170
00000000 00000000 0 0 2097152 24959604 1706588 179968 15294
00000000 00000000 0 0 2097152 26384137 304283 44097 13784
00000000 00000000 0 0 2097152 24232021 2466990 176088 12306
00000000 00000000 0 0 2097152 24239733 2459278 176088 12770
00000000 00000000 0 0 2097152 26403328 316705 44097 12331
00000000 00000000 0 0 2097152 25890419 831231 179968 11831
00000000 00000000 0 0 2097152 26638539 89099 44097 13773
00000000 00000000 0 0 2097152 26452051 280232 44097 11771
00000000 00000000 0 0 2097152 26452061 280232 44097 11787
00000000 00000000 0 0 2097152 26452071 280232 44097 11803
00000000 00000000 0 0 2097152 26452081 280232 44097 11819
00000000 00000000 0 0 2097152 26452091 280232 44097 11835
00000000 00000000 0 0 2097152 26452101 280232 44097 11851
00000000 00000000 0 0 2097152 26452111 280232 44097 11867
00000000 00000000 0 0 2097152 26452121 280232 44097 11883
00000000 00000000 0 0 2097152 26439131 295402 44097 14779
00000000 00000000 0 0 2097152 26432246 303705 44097 14763
00000000 00000000 0 0 2097152 26652021 93503 44097 12845
00000000 00000000 0 0 2097152 24334949 2414062 176088 12322
00000000 00000000 0 0 2097152 24958133 1790878 179968 15182
00000000 00000000 0 0 2097152 24958173 1790838 179968 15198
00000000 00000000 0 0 2097152 24958213 1790798 179968 15214
00000000 00000000 0 0 2097152 24958253 1790758 179968 15230
00000000 00000000 0 0 2097152 24958293 1790718 179968 15246
00000000 00000000 0 0 2097152 24958333 1790678 179968 15262
00000000 00000000 0 0 2097152 24958373 1790638 179968 15278
00000000 00000000 0 0 2097152 24362021 2400871 176088 12338
00000000 00000000 0 0 2097152 24362031 2400871 176088 12354
00000000 00000000 0 0 2097152 26724660 69070 44097 11848
00000000 00000000 0 0 2097152 26730648 90383 44097 13790
00000000 00000000 0 0 2097152 26748534 88003 44097 12862
00000000 00000000 0 0 2097152 25962021 885092 179968 13266
00000000 00000000 0 0 2097152 25518525 1356218 179968 15174
00000000 00000000 0 0 2097152 26644743 247057 44097 14297
00000000 00000000 0 0 2097152 26632081 263921 44097 12313
00000000 00000000 0 0 2097152 26637342 263921 44097 14761
00000000 00000000 0 0 2097152 26178118 724419 176088 12369
00000000 00000000 0 0 2097152 26638771 263921 44097 13257
00000000 00000000 0 0 2097152 26638781 263921 44097 13273
00000000 00000000 0 0 2097152 26638791 263921 44097 13289
00000000 00000000 0 0 2097152 26638831 263921 44097 13305
00000000 00000000 0 0 2097152 26638871 263921 44097 13321
00000000 00000000 0 0 2097152 26638881 263921 44097 13337
00000000 00000000 0 0 2097152 26638891 263921 44097 13353
00000000 00000000 0 0 2097152 26638901 263921 44097 13369
00000000 00000000 0 0 2097152 26691430 214554 44097 13801
00000000 00000000 0 0 2097152 26691440 214554 44097 13817
00000000 00000000 0 0 2097152 26824041 107314 44097 13807
00000000 00000000 0 0 2097152 26034301 897137 179968 12304
00000000 00000000 0 0 2097152 26850123 81503 44097 13291
00000000 00000000 0 0 2097152 26839547 100070 44097 12879
00000000 00000000 0 0 2097152 26796740 146411 44097 11865
00000000 00000000 0 0 2097152 26225722 742988 176088 12385
00000000 00000000 0 0 2097152 26877753 95399 44097 15199
00000000 00000000 0 0 2097152 26142021 831160 179968 11823
00000000 00000000 0 0 2097152 26735293 251348 44097 11788
00000000 00000000 0 0 2097152 26735303 251348 44097 11804
00000000 00000000 0 0 2097152 26735313 251348 44097 11820
00000000 00000000 0 0 2097152 26735323 251348 44097 11836
00000000 00000000 0 0 2097152 26735333 251348 44097 11852
00000000 00000000 0 0 2097152 26735343 251348 44097 11868
00000000 00000000 0 0 2097152 26735353 251348 44097 11884
00000000 00000000 0 0 2097152 26735363 251348 44097 11900
00000000 00000000 0 0 2097152 26738961 251348 44097 14780
00000000 00000000 0 0 2097152 26738971 251348 44097 14796
00000000 00000000 0 0 2097152 26934448 66714 44097 12329
00000000 00000000 0 0 2097152 24637533 2377964 176088 13733
00000000 00000000 0 0 2097152 26723073 299095 44097 12348
00000000 00000000 0 0 2097152 24772128 2251803 176088 12370
00000000 00000000 0 0 2097152 26934365 112153 44097 13816
00000000 00000000 0 0 2097152 26942627 115006 44097 12888
00000000 00000000 0 0 2097152 26934636 135298 44097 13308
00000000 00000000 0 0 2097152 26894810 194517 44097 14314
00000000 00000000 0 0 2097152 26899012 193968 44097 12330
00000000 00000000 0 0 2097152 26053135 1041756 179968 13242
00000000 00000000 0 0 2097152 26976162 120958 44097 15208
00000000 00000000 0 0 2097152 26904273 193968 44097 14778
00000000 00000000 0 0 2097152 26908994 193968 44097 13818
00000000 00000000 0 0 2097152 26909004 193968 44097 13834
00000000 00000000 0 0 2097152 26946161 162850 44097 11882
00000000 00000000 0 0 2097152 26444903 687140 176088 11828
00000000 00000000 0 0 2097152 27049528 85789 44097 13833
00000000 00000000 0 0 2097152 26082422 1056189 179968 13258
00000000 00000000 0 0 2097152 27004172 135326 44097 12346
00000000 00000000 0 0 2097152 25944559 1198440 179968 14733
00000000 00000000 0 0 2097152 25944629 1198440 179968 14749
00000000 00000000 0 0 2097152 25944669 1198440 179968 14765
00000000 00000000 0 0 2097152 25944709 1198441 179968 14781
00000000 00000000 0 0 2097152 26643174 542321 176088 12401
00000000 00000000 0 0 2097152 27100130 88881 44097 15225
00000000 00000000 0 0 2097152 26491818 713655 176088 14708
00000000 00000000 0 0 2097152 26492446 713655 176088 15188
00000000 00000000 0 0 2097152 27138327 69450 44097 13850
00000000 00000000 0 0 2097152 26989651 232976 44097 11805
00000000 00000000 0 0 2097152 26989661 232976 44097 11821
00000000 00000000 0 0 2097152 26989671 232976 44097 11837
00000000 00000000 0 0 2097152 26989681 232976 44097 11853
00000000 00000000 0 0 2097152 26989691 232976 44097 11869
00000000 00000000 0 0 2097152 26989701 232976 44097 11885
00000000 00000000 0 0 2097152 26989711 232976 44097 11901
00000000 00000000 0 0 2097152 26989721 232976 44097 11917
00000000 00000000 0 0 2097152 27025178 221413 44097 12365
00000000 00000000 0 0 2097152 27092337 158477 44097 14331
00000000 00000000 0 0 2097152 27095990 158477 44097 12347
00000000 00000000 0 0 2097152 27112021 146990 44097 11899
00000000 00000000 0 0 2097152 27072944 186067 44097 13325
00000000 00000000 0 0 2097152 27101251 157760 44097 14795
00000000 00000000 0 0 2097152 27192021 70080 44097 15242
00000000 00000000 0 0 2097152 27142508 136811 44097 12363
00000000 00000000 0 0 2097152 25584666 1726558 179968 12777
00000000 00000000 0 0 2097152 25584706 1726557 179968 12793
00000000 00000000 0 0 2097152 25584776 1726557 179968 12809
00000000 00000000 0 0 2097152 25584846 1726557 179968 12825
00000000 00000000 0 0 2097152 25584916 1726557 179968 12841
00000000 00000000 0 0 2097152 25584956 1726557 179968 12857
00000000 00000000 0 0 2097152 25584996 1726557 179968 12873
00000000 00000000 0 0 2097152 25585036 1726557 179968 12889
00000000 00000000 0 0 2097152 27265111 69476 44097 15259
00000000 00000000 0 0 2097152 26182021 1156990 179968 14709
00000000 00000000 0 0 2097152 27257477 163056 44097 12364
00000000 00000000 0 0 2097152 27262021 169281 44097 11916
00000000 00000000 0 0 2097152 27262021 169281 44097 14812
00000000 00000000 0 0 2097152 27282329 171531 44097 12380
00000000 00000000 0 0 2097152 27225637 235435 44097 11822
00000000 00000000 0 0 2097152 27225647 235435 44097 11838
00000000 00000000 0 0 2097152 27225657 235435 44097 11854
00000000 00000000 0 0 2097152 27225667 235435 44097 11870
00000000 00000000 0 0 2097152 27225677 235435 44097 11886
00000000 00000000 0 0 2097152 27225687 235435 44097 11902
00000000 00000000 0 0 2097152 27225697 235435 44097 11918
00000000 00000000 0 0 2097152 27225707 235435 44097 11934
00000000 00000000 0 0 2097152 27262021 200343 44097 13342
00000000 00000000 0 0 2097152 27249601 217078 44097 12382
00000000 00000000 0 0 2097152 27337597 141414 44097 15276
00000000 00000000 0 0 2097152 27342021 137315 44097 14734
00000000 00000000 0 0 2097152 25210015 2276502 176088 14688
00000000 00000000 0 0 2097152 25074447 2449205 176088 15173
00000000 00000000 0 0 2097152 25076503 2449205 176088 11813
00000000 00000000 0 0 2097152 26422796 1107674 179968 13787
00000000 00000000 0 0 2097152 26422836 1107674 179968 13803
00000000 00000000 0 0 2097152 26422876 1107674 179968 13819
00000000 00000000 0 0 2097152 27423543 112690 44097 12381
00000000 00000000 0 0 2097152 27434312 124582 44097 11933
00000000 00000000 0 0 2097152 25125972 2447847 176088 12293
00000000 00000000 0 0 2097152 27465374 110218 44097 13359
00000000 00000000 0 0 2097152 27469689 110305 44097 12399
00000000 00000000 0 0 2097152 27456870 125021 44097 12397
00000000 00000000 0 0 2097152 27482346 113028 44097 14751
00000000 00000000 0 0 2097152 25151468 2445325 176088 12773
00000000 00000000 0 0 2097152 25151468 2445325 176088 13253
00000000 00000000 0 0 2097152 27482021 125302 44097 15293
00000000 00000000 0 0 2097152 25265689 2345581 176088 13728
00000000 00000000 0 0 2097152 27539243 106072 44097 12398
00000000 00000000 0 0 2097152 27578602 85966 44097 13368
00000000 00000000 0 0 2097152 27561904 108265 44097 11950
00000000 00000000 0 0 2097152 27598384 87992 44097 14760
00000000 00000000 0 0 2097152 25311900 2374938 176088 13248
00000000 00000000 0 0 2097152 27584901 117458 44097 12414
00000000 00000000 0 0 2097152 26594612 1131909 179968 13747
00000000 00000000 0 0 2097152 27648325 90686 44097 12415
00000000 00000000 0 0 2097152 27667578 85264 44097 13385
00000000 00000000 0 0 2097152 27689386 85881 44097 14777
00000000 00000000 0 0 2097152 25383107 2396697 176088 12768
00000000 00000000 0 0 2097152 27705369 95201 44097 12431
00000000 00000000 0 0 2097152 25372442 2428798 176088 14197
00000000 00000000 0 0 2097152 27729531 91198 44097 13772
00000000 00000000 0 0 2097152 26112119 1751446 176088 13271
00000000 00000000 0 0 2097152 27778277 90734 44097 14794
00000000 00000000 0 0 2097152 27823739 74604 44097 13789
00000000 00000000 0 0 2097152 25516557 2411274 176088 13749
00000000 00000000 0 0 2097152 25516627 2411274 176088 13765
00000000 00000000 0 0 2097152 27872021 88523 44097 14811
00000000 00000000 0 0 2097152 25562021 2402051 176088 13235
00000000 00000000 0 0 2097152 26145360 1825063 176088 11792
00000000 00000000 0 0 2097152 26145400 1825063 176088 11808
00000000 00000000 0 0 2097152 25574781 2402631 176088 13781
00000000 00000000 0 0 2097152 25574791 2402631 176088 13797
00000000 00000000 0 0 2097152 25890672 2091219 176088 12311
00000000 00000000 0 0 2097152 27901353 87658 44097 13806
00000000 00000000 0 0 2097152 27963554 72764 44097 14828
00000000 00000000 0 0 2097152 27060643 993312 179968 12905
00000000 00000000 0 0 2097152 27992021 89052 44097 13823
00000000 00000000 0 0 2097152 26096424 1995431 176088 12791
00000000 00000000 0 0 2097152 26652021 1444954 179968 14228
00000000 00000000 0 0 2097152 26993319 1111520 179968 14797
00000000 00000000 0 0 2097152 26993329 1111520 179968 14813
00000000 00000000 0 0 2097152 27489527 639761 176088 14705
00000000 00000000 0 0 2097152 25773363 2380822 176088 15168
00000000 00000000 0 0 2097152 28084083 73140 44097 13832
00000000 00000000 0 0 2097152 25764419 2413971 176088 12291
00000000 00000000 0 0 2097152 28099985 88949 44097 14253
00000000 00000000 0 0 2097152 27208483 1005036 179968 14725
00000000 00000000 0 0 2097152 26171896 2047115 176088 11829
00000000 00000000 0 0 2097152 26170527 2048484 176088 12309
00000000 00000000 0 0 2097152 26176386 2042625 176088 12789
00000000 00000000 0 0 2097152 26177743 2041268 176088 15189
00000000 00000000 0 0 2097152 28160233 70185 44097 13849
00000000 00000000 0 0 2097152 27105972 1127401 179968 13835
00000000 00000000 0 0 2097152 27105982 1127401 179968 13851
00000000 00000000 0 0 2097152 25890646 2363914 176088 14704
00000000 00000000 0 0 2097152 25832050 2432239 176088 13746
00000000 00000000 0 0 2097152 25833975 2432239 176088 14226
00000000 00000000 0 0 2097152 28191944 89783 44097 14270
00000000 00000000 0 0 2097152 27135053 1151087 176088 11845
00000000 00000000 0 0 2097152 28216529 85898 44097 14750
00000000 00000000 0 0 2097152 27210787 1096034 179968 13867
00000000 00000000 0 0 2097152 28233428 76574 44097 13866
00000000 00000000 0 0 2097152 25962021 2350519 176088 14720
00000000 00000000 0 0 2097152 27526662 836575 179968 15190
00000000 00000000 0 0 2097152 27209111 1157726 176088 15205
00000000 00000000 0 0 2097152 26062021 2305054 176088 12784
00000000 00000000 0 0 2097152 26062021 2305054 176088 13264
00000000 00000000 0 0 2097152 26062021 2305054 176088 13744
00000000 00000000 0 0 2097152 26062021 2305054 176088 14224
00000000 00000000 0 0 2097152 26976191 1392820 176088 11824
00000000 00000000 0 0 2097152 26039748 2329263 176088 15184
00000000 00000000 0 0 2097152 28284737 107365 44097 14287
00000000 00000000 0 0 2097152 28305437 101746 44097 14767
00000000 00000000 0 0 2097152 25962021 2455865 176088 14706
00000000 00000000 0 0 2097152 27434312 995738 179968 14829
00000000 00000000 0 0 2097152 26013018 2425435 176088 15186
00000000 00000000 0 0 2097152 27610333 830413 179968 15310
00000000 00000000 0 0 2097152 28366247 97222 44097 15215
00000000 00000000 0 0 2097152 28395112 90904 44097 14296
00000000 00000000 0 0 2097152 26054016 2434361 176088 12771
00000000 00000000 0 0 2097152 27583004 907607 179968 12408
00000000 00000000 0 0 2097152 28410193 108963 44097 14776
00000000 00000000 0 0 2097152 28466479 86492 44097 15224
00000000 00000000 0 0 2097152 28489026 98399 44097 14313
00000000 00000000 0 0 2097152 27782814 805521 179968 12785
00000000 00000000 0 0 2097152 28522166 108235 44097 14793
00000000 00000000 0 0 2097152 27533480 1098773 176088 13796
00000000 00000000 0 0 2097152 27533520 1098773 176088 13812
00000000 00000000 0 0 2097152 27533560 1098773 176088 13828
00000000 00000000 0 0 2097152 27866575 791279 176088 13280
00000000 00000000 0 0 2097152 28555981 113030 44097 15241
00000000 00000000 0 0 2097152 28590435 113005 44097 14330
00000000 00000000 0 0 2097152 28591345 113005 44097 12810
00000000 00000000 0 0 2097152 27742021 987583 179968 12424
00000000 00000000 0 0 2097152 26583768 2146246 179968 14204
00000000 00000000 0 0 2097152 26583838 2146246 179968 14220
00000000 00000000 0 0 2097152 26583878 2146246 179968 14236
00000000 00000000 0 0 2097152 26583918 2146246 179968 14252
00000000 00000000 0 0 2097152 26583958 2146246 179968 14268
00000000 00000000 0 0 2097152 26583998 2146247 179968 14284
00000000 00000000 0 0 2097152 26584038 2146246 179968 14300
00000000 00000000 0 0 2097152 26584078 2146246 179968 14316
00000000 00000000 0 0 2097152 26584118 2146247 179968 14332
00000000 00000000 0 0 2097152 26905702 1857090 179968 13274
00000000 00000000 0 0 2097152 26905712 1857090 179968 13290
00000000 00000000 0 0 2097152 26905722 1857090 179968 13306
00000000 00000000 0 0 2097152 26905762 1857090 179968 13322
00000000 00000000 0 0 2097152 26905802 1857090 179968 13338
00000000 00000000 0 0 2097152 26905812 1857090 179968 13354
00000000 00000000 0 0 2097152 26905822 1857090 179968 13370
00000000 00000000 0 0 2097152 26905832 1857090 179968 13386
00000000 00000000 0 0 2097152 28633411 130910 44097 14810
00000000 00000000 0 0 2097152 28094865 674146 176088 12800
00000000 00000000 0 0 2097152 28672021 96990 44097 15258
00000000 00000000 0 0 2097152 27803580 983998 179968 12440
00000000 00000000 0 0 2097152 27253824 1546644 179968 14348
00000000 00000000 0 0 2097152 26467228 2364954 176088 13751
00000000 00000000 0 0 2097152 28706450 129099 44097 14347
00000000 00000000 0 0 2097152 28707360 129099 44097 12827
00000000 00000000 0 0 2097152 26438887 2460394 176088 12307
00000000 00000000 0 0 2097152 28039328 864533 179968 14845
00000000 00000000 0 0 2097152 28772021 156456 44097 15275
00000000 00000000 0 0 2097152 28839469 89153 44097 12844
00000000 00000000 0 0 2097152 28767331 171383 44097 14827
00000000 00000000 0 0 2097152 27984901 954110 179968 12320
00000000 00000000 0 0 2097152 26602021 2389488 176088 14743
00000000 00000000 0 0 2097152 26598020 2397912 176088 14727
00000000 00000000 0 0 2097152 28931487 91420 44097 15292
00000000 00000000 0 0 2097152 28931632 91372 44097 12861
00000000 00000000 0 0 2097152 28942021 88457 44097 12345
00000000 00000000 0 0 2097152 27755852 1278381 179968 13402
00000000 00000000 0 0 2097152 28941724 97287 44097 14844
00000000 00000000 0 0 2097152 28222021 831299 179968 15206
00000000 00000000 0 0 2097152 26649900 2419114 176088 14242
00000000 00000000 0 0 2097152 28267299 804689 179968 13763
00000000 00000000 0 0 2097152 26752021 2346139 176088 15191
00000000 00000000 0 0 2097152 26752031 2346139 176088 15207
00000000 00000000 0 0 2097152 26752041 2346139 176088 15223
00000000 00000000 0 0 2097152 26752051 2346139 176088 15239
00000000 00000000 0 0 2097152 26752061 2346139 176088 15255
00000000 00000000 0 0 2097152 26752071 2346139 176088 15271
00000000 00000000 0 0 2097152 26752081 2346139 176088 15287
00000000 00000000 0 0 2097152 26752091 2346139 176088 15303
00000000 00000000 0 0 2097152 29025917 78159 44097 15309
00000000 00000000 0 0 2097152 29026014 78189 44097 12878
00000000 00000000 0 0 2097152 28313012 795582 179968 13883
00000000 00000000 0 0 2097152 29033488 85523 44097 12362
00000000 00000000 0 0 2097152 29056330 85799 44097 15231
00000000 00000000 0 0 2097152 26655441 2488792 176088 11827
00000000 00000000 0 0 2097152 26655441 2488792 176088 14227
00000000 00000000 0 0 2097152 26655441 2488792 176088 14707
00000000 00000000 0 0 2097152 26655441 2488792 176088 15187
00000000 00000000 0 0 2097152 29074998 72211 44097 13788
00000000 00000000 0 0 2097152 28370085 793313 179968 12801
00000000 00000000 0 0 2097152 29107213 71419 44097 12895
00000000 00000000 0 0 2097152 27464082 1720027 179968 11839
00000000 00000000 0 0 2097152 27464092 1720028 179968 11855
00000000 00000000 0 0 2097152 27464102 1720028 179968 11871
00000000 00000000 0 0 2097152 27464112 1720028 179968 11887
00000000 00000000 0 0 2097152 27464122 1720028 179968 11903
00000000 00000000 0 0 2097152 27464132 1720028 179968 11919
00000000 00000000 0 0 2097152 27464142 1720028 179968 11935
00000000 00000000 0 0 2097152 27464152 1720027 179968 11951
00000000 00000000 0 0 2097152 26702021 2484509 176088 12323
00000000 00000000 0 0 2097152 26702021 2484509 176088 12787
00000000 00000000 0 0 2097152 28369847 819705 179968 15222
00000000 00000000 0 0 2097152 29122021 70061 44097 12379
00000000 00000000 0 0 2097152 27018507 2179862 176088 13750
00000000 00000000 0 0 2097152 29150219 71279 44097 13805
00000000 00000000 0 0 2097152 29145139 82404 44097 15240
00000000 00000000 0 0 2097152 26752021 2486761 176088 12339
00000000 00000000 0 0 2097152 29166408 72503 44097 12826
00000000 00000000 0 0 2097152 28443756 801661 176088 15319
00000000 00000000 0 0 2097152 26765902 2486391 176088 12355
00000000 00000000 0 0 2097152 26765912 2486391 176088 12371
00000000 00000000 0 0 2097152 27673179 1585832 179968 11967
00000000 00000000 0 0 2097152 29181642 77369 44097 12904
00000000 00000000 0 0 2097152 29192562 70466 44097 15247
00000000 00000000 0 0 2097152 29195092 70626 44097 12396
00000000 00000000 0 0 2097152 29224508 71581 44097 13822
00000000 00000000 0 0 2097152 29230553 73329 44097 15257
00000000 00000000 0 0 2097152 29241921 77976 44097 12843
00000000 00000000 0 0 2097152 29266038 71506 44097 15256
00000000 00000000 0 0 2097152 29268728 71738 44097 12413
00000000 00000000 0 0 2097152 26905547 2447679 176088 12386
00000000 00000000 0 0 2097152 29299099 76790 44097 13839
00000000 00000000 0 0 2097152 29306892 76737 44097 15274
00000000 00000000 0 0 2097152 29322907 90938 44097 12860
00000000 00000000 0 0 2097152 26971720 2447590 176088 12402
00000000 00000000 0 0 2097152 29340554 90896 44097 15273
00000000 00000000 0 0 2097152 29343476 90973 44097 12430
00000000 00000000 0 0 2097152 29378899 70410 44097 13848
00000000 00000000 0 0 2097152 29386639 71138 44097 15291
00000000 00000000 0 0 2097152 29416855 73947 44097 12877
00000000 00000000 0 0 2097152 27026941 2480982 176088 12387
00000000 00000000 0 0 2097152 29434460 89433 44097 15290
00000000 00000000 0 0 2097152 29437459 89416 44097 12447
00000000 00000000 0 0 2097152 29452319 90844 44097 13865
00000000 00000000 0 0 2097152 29460787 88224 44097 15308
00000000 00000000 0 0 2097152 29493812 70834 44097 12894
00000000 00000000 0 0 2097152 27097901 2469959 176088 13251
00000000 00000000 0 0 2097152 27146009 2430776 176088 14742
00000000 00000000 0 0 2097152 27146079 2430776 176088 14758
00000000 00000000 0 0 2097152 27146119 2430776 176088 14774
00000000 00000000 0 0 2097152 27146160 2430776 176088 14790
00000000 00000000 0 0 2097152 28772021 809100 179968 12817
00000000 00000000 0 0 2097152 29526903 73979 44097 15307
00000000 00000000 0 0 2097152 27188505 2419468 176088 12418
00000000 00000000 0 0 2097152 27141621 2467285 176088 13267
00000000 00000000 0 0 2097152 29552021 70535 44097 15325
00000000 00000000 0 0 2097152 29546173 82351 44097 13882
00000000 00000000 0 0 2097152 28132298 1506498 176088 14722
00000000 00000000 0 0 2097152 29567656 71150 44097 12911
00000000 00000000 0 0 2097152 28838559 826933 179968 14364
00000000 00000000 0 0 2097152 29584131 94462 44097 12842
00000000 00000000 0 0 2097152 28056965 1632046 176088 12914
00000000 00000000 0 0 2097152 29603892 85119 44097 15324
00000000 00000000 0 0 2097152 27314234 2378611 176088 12786
00000000 00000000 0 0 2097152 27314273 2378611 176088 12802
00000000 00000000 0 0 2097152 27314343 2378611 176088 12818
00000000 00000000 0 0 2097152 27314413 2378611 176088 12834
00000000 00000000 0 0 2097152 27314483 2378611 176088 12850
00000000 00000000 0 0 2097152 27314523 2378611 176088 12866
00000000 00000000 0 0 2097152 27314563 2378611 176088 12882
00000000 00000000 0 0 2097152 27314603 2378611 176088 12898
00000000 00000000 0 0 2097152 29641816 71857 44097 12920
00000000 00000000 0 0 2097152 29681603 72396 44097 12859
00000000 00000000 0 0 2097152 29692021 76826 44097 15341
00000000 00000000 0 0 2097152 29201379 600767 176088 13767
00000000 00000000 0 0 2097152 27614280 2232601 176088 13745
00000000 00000000 0 0 2097152 29757009 91940 44097 12876
00000000 00000000 0 0 2097152 29042021 833783 179968 14861
00000000 00000000 0 0 2097152 29107086 813241 179968 15326
00000000 00000000 0 0 2097152 29851959 92211 44097 12893
00000000 00000000 0 0 2097152 29147243 824508 179968 14244
00000000 00000000 0 0 2097152 29947180 90974 44097 12910
00000000 00000000 0 0 2097152 27528718 2519634 176088 11830
00000000 00000000 0 0 2097152 27689848 2363789 176088 13265
00000000 00000000 0 0 2097152 29974761 91591 44097 14269
00000000 00000000 0 0 2097152 29262021 808810 179968 12921
00000000 00000000 0 0 2097152 27576829 2515492 176088 12310
00000000 00000000 0 0 2097152 27599803 2516521 176088 12790
00000000 00000000 0 0 2097152 27599803 2516521 176088 13270
00000000 00000000 0 0 2097152 30041164 87847 44097 12927
00000000 00000000 0 0 2097152 30069362 71051 44097 14286
00000000 00000000 0 0 2097152 30132021 89492 44097 12936
00000000 00000000 0 0 2097152 30143423 89651 44097 14303
00000000 00000000 0 0 2097152 27804250 2518818 176088 14214
00000000 00000000 0 0 2097152 30236084 89822 44097 14312
00000000 00000000 0 0 2097152 29849891 476280 176088 13762
00000000 00000000 0 0 2097152 29529885 808190 179968 12456
00000000 00000000 0 0 2097152 30328916 78364 44097 14329
00000000 00000000 0 0 2097152 27967082 2449084 176088 13252
00000000 00000000 0 0 2097152 27973433 2443882 176088 11809
00000000 00000000 0 0 2097152 27973473 2443882 176088 11825
00000000 00000000 0 0 2097152 29625566 810561 179968 15342
00000000 00000000 0 0 2097152 27930841 2506070 176088 13766
00000000 00000000 0 0 2097152 27930911 2506070 176088 13782
00000000 00000000 0 0 2097152 29631534 846160 179968 13899
00000000 00000000 0 0 2097152 27980422 2501203 176088 13798
00000000 00000000 0 0 2097152 27980432 2501203 176088 13814
00000000 00000000 0 0 2097152 30410290 78721 44097 14346
00000000 00000000 0 0 2097152 29716683 794311 179968 12937
00000000 00000000 0 0 2097152 30492021 89634 44097 14363
00000000 00000000 0 0 2097152 28107849 2488431 176088 14806
00000000 00000000 0 0 2097152 28107859 2488431 176088 14822
00000000 00000000 0 0 2097152 29771857 828544 179968 15358
00000000 00000000 0 0 2097152 28157195 2471806 176088 15185
00000000 00000000 0 0 2097152 28222021 2434969 176088 11846
00000000 00000000 0 0 2097152 28222021 2434969 176088 12326
00000000 00000000 0 0 2097152 28222021 2434969 176088 12806
00000000 00000000 0 0 2097152 28181400 2485073 176088 12308
00000000 00000000 0 0 2097152 28289150 2424998 176088 11862
00000000 00000000 0 0 2097152 28236383 2482635 176088 13844
00000000 00000000 0 0 2097152 28236393 2482635 176088 13860
00000000 00000000 0 0 2097152 28257570 2482561 176088 14721
00000000 00000000 0 0 2097152 30073841 669932 176088 12930
00000000 00000000 0 0 2097152 28433060 2315951 176088 14838
00000000 00000000 0 0 2097152 28309831 2471728 176088 13876
00000000 00000000 0 0 2097152 28315550 2467777 176088 14737
00000000 00000000 0 0 2097152 28269224 2522309 176088 14243
00000000 00000000 0 0 2097152 28370085 2463698 176088 13281
00000000 00000000 0 0 2097152 28370085 2463698 176088 13761
00000000 00000000 0 0 2097152 28370085 2463698 176088 14241
00000000 00000000 0 0 2097152 28372021 2463698 176088 11841
00000000 00000000 0 0 2097152 28372021 2463698 176088 15201
00000000 00000000 0 0 2097152 30056647 806526 179968 13282
00000000 00000000 0 0 2097152 30051362 817649 179968 11847
00000000 00000000 0 0 2097152 28493621 2375390 176088 12417
00000000 00000000 0 0 2097152 28732614 2136397 176088 12433
00000000 00000000 0 0 2097152 28790588 2078423 176088 12449
00000000 00000000 0 0 2097152 28906871 1962140 176088 14854
00000000 00000000 0 0 2097152 29878814 990197 176088 14870
00000000 00000000 0 0 2097152 28660864 2232917 176088 13297
00000000 00000000 0 0 2097152 28420896 2533119 176088 14723
00000000 00000000 0 0 2097152 30866183 91494 44097 13307
00000000 00000000 0 0 2097152 30872021 91565 44097 11864
00000000 00000000 0 0 2097152 28491387 2474682 176088 12788
00000000 00000000 0 0 2097152 28441463 2527548 176088 15203
00000000 00000000 0 0 2097152 28635263 2339000 176088 13813
00000000 00000000 0 0 2097152 28635303 2339000 176088 13829
00000000 00000000 0 0 2097152 28635343 2339000 176088 13845
00000000 00000000 0 0 2097152 28835192 2197544 176088 13760
00000000 00000000 0 0 2097152 30224523 808692 179968 12953
00000000 00000000 0 0 2097152 30960687 89800 44097 13324
00000000 00000000 0 0 2097152 30966596 89426 44097 11881
00000000 00000000 0 0 2097152 30329181 809425 179968 13779
00000000 00000000 0 0 2097152 31053497 90741 44097 13341
00000000 00000000 0 0 2097152 31059032 89657 44097 11898
00000000 00000000 0 0 2097152 28803478 2368011 176088 14357
00000000 00000000 0 0 2097152 30341085 854159 176088 12465
00000000 00000000 0 0 2097152 28733024 2471882 176088 14213
00000000 00000000 0 0 2097152 28733094 2471882 176088 14229
00000000 00000000 0 0 2097152 28733134 2471882 176088 14245
00000000 00000000 0 0 2097152 28733174 2471882 176088 14261
00000000 00000000 0 0 2097152 28733214 2471882 176088 14277
00000000 00000000 0 0 2097152 28733255 2471882 176088 14293
00000000 00000000 0 0 2097152 28733294 2471882 176088 14309
00000000 00000000 0 0 2097152 28733334 2471882 176088 14325
00000000 00000000 0 0 2097152 28733375 2471882 176088 14341
00000000 00000000 0 0 2097152 31141616 92549 44097 13804
00000000 00000000 0 0 2097152 31151699 87312 44097 11915
00000000 00000000 0 0 2097152 31147248 91763 44097 13358
00000000 00000000 0 0 2097152 28765802 2552265 176088 13283
00000000 00000000 0 0 2097152 28765812 2552265 176088 13299
00000000 00000000 0 0 2097152 28765822 2552265 176088 13315
00000000 00000000 0 0 2097152 28765862 2552265 176088 13331
00000000 00000000 0 0 2097152 28765902 2552265 176088 13347
00000000 00000000 0 0 2097152 28765912 2552265 176088 13363
00000000 00000000 0 0 2097152 28765922 2552265 176088 13379
00000000 00000000 0 0 2097152 28765932 2552265 176088 13395
00000000 00000000 0 0 2097152 31237175 91366 44097 13821
00000000 00000000 0 0 2097152 31242021 89905 44097 13375
00000000 00000000 0 0 2097152 31242021 89939 44097 11932
00000000 00000000 0 0 2097152 28998942 2382360 176088 14736
00000000 00000000 0 0 2097152 28998952 2382360 176088 14752
00000000 00000000 0 0 2097152 30584665 818799 179968 14380
00000000 00000000 0 0 2097152 28902291 2506311 176088 12324
00000000 00000000 0 0 2097152 31331551 89743 44097 13838
00000000 00000000 0 0 2097152 31334970 89692 44097 11949
00000000 00000000 0 0 2097152 31334936 90014 44097 13384
00000000 00000000 0 0 2097152 31035746 433576 176088 13777
00000000 00000000 0 0 2097152 30660000 812157 179968 11863
00000000 00000000 0 0 2097152 31424304 76135 44097 13855
00000000 00000000 0 0 2097152 31427672 75951 44097 11966
00000000 00000000 0 0 2097152 31427960 75957 44097 13401
00000000 00000000 0 0 2097152 30717158 811306 179968 11879
00000000 00000000 0 0 2097152 29037243 2527199 176088 13411
00000000 00000000 0 0 2097152 31475167 91862 44097 11880
00000000 00000000 0 0 2097152 29072024 2526851 176088 14259
00000000 00000000 0 0 2097152 30794543 805719 179968 14260
00000000 00000000 0 0 2097152 29101170 2503794 176088 15200
00000000 00000000 0 0 2097152 29101180 2503794 176088 15216
00000000 00000000 0 0 2097152 29101190 2503794 176088 15232
00000000 00000000 0 0 2097152 29101200 2503794 176088 15248
00000000 00000000 0 0 2097152 29101210 2503794 176088 15264
00000000 00000000 0 0 2097152 29101220 2503794 176088 15280
00000000 00000000 0 0 2097152 29101230 2503794 176088 15296
00000000 00000000 0 0 2097152 29101240 2503794 176088 15312
00000000 00000000 0 0 2097152 31503449 105562 44097 13864
00000000 00000000 0 0 2097152 31531474 87537 44097 11896
00000000 00000000 0 0 2097152 29111604 2507974 176088 13892
00000000 00000000 0 0 2097152 30836793 790135 179968 13298
00000000 00000000 0 0 2097152 29187119 2470143 176088 11840
00000000 00000000 0 0 2097152 29187130 2470143 176088 11856
00000000 00000000 0 0 2097152 29187140 2470143 176088 11872
00000000 00000000 0 0 2097152 29187150 2470143 176088 11888
00000000 00000000 0 0 2097152 29187160 2470143 176088 11904
00000000 00000000 0 0 2097152 29187170 2470143 176088 11920
00000000 00000000 0 0 2097152 29187180 2470143 176088 11936
00000000 00000000 0 0 2097152 29187190 2470143 176088 11952
00000000 00000000 0 0 2097152 29147243 2512419 176088 11844
00000000 00000000 0 0 2097152 29147243 2512419 176088 14724
00000000 00000000 0 0 2097152 29147243 2512419 176088 15204
00000000 00000000 0 0 2097152 31570039 92417 44097 11897
00000000 00000000 0 0 2097152 31603272 78514 44097 14285
00000000 00000000 0 0 2097152 29248427 2436773 176088 15328
00000000 00000000 0 0 2097152 30896791 789113 179968 13314
00000000 00000000 0 0 2097152 29262021 2425029 176088 11968
00000000 00000000 0 0 2097152 29189540 2509082 176088 12340
00000000 00000000 0 0 2097152 29189540 2509082 176088 12804
00000000 00000000 0 0 2097152 31612021 96480 44097 13881
00000000 00000000 0 0 2097152 31622021 93806 44097 11913
00000000 00000000 0 0 2097152 31629938 91056 44097 13323
00000000 00000000 0 0 2097152 29241792 2487219 176088 12356
00000000 00000000 0 0 2097152 29805156 1923855 176088 13776
00000000 00000000 0 0 2097152 29255303 2485639 176088 12372
00000000 00000000 0 0 2097152 29255313 2485639 176088 12388
00000000 00000000 0 0 2097152 31684796 71154 44097 14302
00000000 00000000 0 0 2097152 31665466 94460 44097 11914
00000000 00000000 0 0 2097152 31688914 74955 44097 13339
00000000 00000000 0 0 2097152 31724004 89862 44097 13340
00000000 00000000 0 0 2097152 31718837 100174 44097 11930
00000000 00000000 0 0 2097152 31711511 107500 44097 13898
00000000 00000000 0 0 2097152 31758960 72808 44097 14319
00000000 00000000 0 0 2097152 31762936 75607 44097 11931
00000000 00000000 0 0 2097152 29356236 2489188 176088 12403
00000000 00000000 0 0 2097152 31766879 80102 44097 13356
00000000 00000000 0 0 2097152 31816876 92131 44097 13357
00000000 00000000 0 0 2097152 29422320 2489668 176088 12419
00000000 00000000 0 0 2097152 31834778 88408 44097 14328
00000000 00000000 0 0 2097152 31822021 106990 44097 11947
00000000 00000000 0 0 2097152 31841553 87458 44097 11948
00000000 00000000 0 0 2097152 31849991 79020 44097 13373
00000000 00000000 0 0 2097152 29579795 2406170 176088 14759
00000000 00000000 0 0 2097152 29579865 2406170 176088 14775
00000000 00000000 0 0 2097152 29579905 2406170 176088 14791
00000000 00000000 0 0 2097152 29579946 2406170 176088 14807
00000000 00000000 0 0 2097152 31912017 78701 44097 13374
00000000 00000000 0 0 2097152 29510933 2481663 176088 12404
00000000 00000000 0 0 2097152 31926196 88478 44097 14345
00000000 00000000 0 0 2097152 31932021 86990 44097 11964
00000000 00000000 0 0 2097152 31932021 86990 44097 11965
00000000 00000000 0 0 2097152 31932021 86990 44097 13390
00000000 00000000 0 0 2097152 29570870 2487697 176088 13268
00000000 00000000 0 0 2097152 31993728 77006 44097 13391
00000000 00000000 0 0 2097152 29668502 2413731 176088 14373
00000000 00000000 0 0 2097152 29610983 2477679 176088 12435
00000000 00000000 0 0 2097152 29611916 2485789 176088 13284
00000000 00000000 0 0 2097152 32022021 86990 44097 11981
00000000 00000000 0 0 2097152 32022021 86990 44097 11982
00000000 00000000 0 0 2097152 32022021 86990 44097 13407
00000000 00000000 0 0 2097152 32017684 91327 44097 14362
00000000 00000000 0 0 2097152 29641806 2467205 176088 14739
00000000 00000000 0 0 2097152 32073744 71338 44097 13400
00000000 00000000 0 0 2097152 29695855 2451544 176088 12803
00000000 00000000 0 0 2097152 29695894 2451544 176088 12819
00000000 00000000 0 0 2097152 29695964 2451544 176088 12835
00000000 00000000 0 0 2097152 29696034 2451544 176088 12851
00000000 00000000 0 0 2097152 29696104 2451544 176088 12867
00000000 00000000 0 0 2097152 29696144 2451544 176088 12883
00000000 00000000 0 0 2097152 29696184 2451544 176088 12899
00000000 00000000 0 0 2097152 29696224 2451544 176088 12915
00000000 00000000 0 0 2097152 29696234 2451544 176088 12931
00000000 00000000 0 0 2097152 32112021 89266 44097 14379
00000000 00000000 0 0 2097152 32112021 89408 44097 11998
00000000 00000000 0 0 2097152 32112021 96990 44097 13416
00000000 00000000 0 0 2097152 32148092 70994 44097 13417
00000000 00000000 0 0 2097152 32212021 110744 44097 13433
00000000 00000000 0 0 2097152 31506633 826240 179968 11983
00000000 00000000 0 0 2097152 31506927 827386 179968 13418
00000000 00000000 0 0 2097152 29923337 2493623 176088 15335
00000000 00000000 0 0 2097152 31601885 861430 179968 14276
00000000 00000000 0 0 2097152 31662672 819039 179968 14741
00000000 00000000 0 0 2097152 32466325 91821 44097 14301
00000000 00000000 0 0 2097152 30746783 1822228 176088 12947
00000000 00000000 0 0 2097152 32484721 98031 44097 14766
00000000 00000000 0 0 2097152 30095331 2523396 176088 12327
00000000 00000000 0 0 2097152 30119334 2525090 176088 12807
00000000 00000000 0 0 2097152 30119334 2525090 176088 13287
00000000 00000000 0 0 2097152 31822021 829203 179968 13915
00000000 00000000 0 0 2097152 32561156 108300 44097 14318
00000000 00000000 0 0 2097152 32585762 90840 44097 14783
00000000 00000000 0 0 2097152 30420325 2320404 176088 11826
00000000 00000000 0 0 2097152 30420365 2320404 176088 11842
00000000 00000000 0 0 2097152 32672466 91395 44097 14335
00000000 00000000 0 0 2097152 32679612 89302 44097 14792
00000000 00000000 0 0 2097152 30326078 2507243 176088 14231
00000000 00000000 0 0 2097152 32766871 90875 44097 14344
00000000 00000000 0 0 2097152 32771924 88732 44097 14809
00000000 00000000 0 0 2097152 32112021 788189 179968 11999
00000000 00000000 0 0 2097152 32337323 564501 176088 13427
00000000 00000000 0 0 2097152 30514004 2411057 176088 12946
00000000 00000000 0 0 2097152 30419176 2508581 176088 13269
00000000 00000000 0 0 2097152 30439137 2502083 176088 15351
00000000 00000000 0 0 2097152 30439921 2502083 176088 13783
00000000 00000000 0 0 2097152 30439991 2502083 176088 13799
00000000 00000000 0 0 2097152 32860756 91468 44097 14361
00000000 00000000 0 0 2097152 32863666 91537 44097 14826
00000000 00000000 0 0 2097152 30484635 2474376 176088 13815
00000000 00000000 0 0 2097152 30484645 2474366 176088 13831
00000000 00000000 0 0 2097152 32204297 800755 179968 14396
00000000 00000000 0 0 2097152 32222096 783613 179968 13434
00000000 00000000 0 0 2097152 30480704 2525429 176088 13908
00000000 00000000 0 0 2097152 32955234 89295 44097 14378
00000000 00000000 0 0 2097152 32958213 89451 44097 14843
00000000 00000000 0 0 2097152 30599290 2450100 176088 14823
00000000 00000000 0 0 2097152 30599300 2450100 176088 14839
00000000 00000000 0 0 2097152 30632011 2422917 176088 15202
00000000 00000000 0 0 2097152 30660000 2438106 176088 12343
00000000 00000000 0 0 2097152 30660000 2438106 176088 12823
00000000 00000000 0 0 2097152 31472332 1636679 176088 13794
00000000 00000000 0 0 2097152 30752021 2356990 176088 14855
00000000 00000000 0 0 2097152 30872021 2236990 176088 14871
00000000 00000000 0 0 2097152 33047539 71938 44097 14395
00000000 00000000 0 0 2097152 33050674 75923 44097 14860
00000000 00000000 0 0 2097152 30872021 2267231 176088 12434
00000000 00000000 0 0 2097152 30872031 2267231 176088 12450
00000000 00000000 0 0 2097152 30872041 2267231 176088 12466
00000000 00000000 0 0 2097152 30743141 2436967 176088 14738
00000000 00000000 0 0 2097152 30669483 2516329 176088 12325
00000000 00000000 0 0 2097152 30786337 2436548 176088 14754
00000000 00000000 0 0 2097152 30838729 2390282 176088 11858
00000000 00000000 0 0 2097152 30836793 2392218 176088 13778
00000000 00000000 0 0 2097152 30836793 2392218 176088 14258
00000000 00000000 0 0 2097152 30838729 2390282 176088 15218
00000000 00000000 0 0 2097152 30722028 2513935 176088 13861
00000000 00000000 0 0 2097152 30722038 2513935 176088 13877
00000000 00000000 0 0 2097152 30977273 2300169 176088 13830
00000000 00000000 0 0 2097152 30977313 2300169 176088 13846
00000000 00000000 0 0 2097152 30977353 2300169 176088 13862
00000000 00000000 0 0 2097152 30784569 2501161 176088 13893
00000000 00000000 0 0 2097152 32621737 804555 179968 12336
00000000 00000000 0 0 2097152 30969079 2474612 176088 12805
00000000 00000000 0 0 2097152 30957025 2549565 176088 14740
00000000 00000000 0 0 2097152 30972021 2538090 176088 15220
00000000 00000000 0 0 2097152 33429302 92421 44097 12361
00000000 00000000 0 0 2097152 33524733 89647 44097 12378
00000000 00000000 0 0 2097152 31384312 2254410 176088 14753
00000000 00000000 0 0 2097152 31384322 2254410 176088 14769
00000000 00000000 0 0 2097152 31207916 2470054 176088 14230
00000000 00000000 0 0 2097152 31207986 2470054 176088 14246
00000000 00000000 0 0 2097152 31208026 2470054 176088 14262
00000000 00000000 0 0 2097152 31208066 2470054 176088 14278
00000000 00000000 0 0 2097152 31208106 2470054 176088 14294
00000000 00000000 0 0 2097152 31208147 2470054 176088 14310
00000000 00000000 0 0 2097152 31208186 2470054 176088 14326
00000000 00000000 0 0 2097152 31208226 2470054 176088 14342
00000000 00000000 0 0 2097152 31208267 2470054 176088 14358
00000000 00000000 0 0 2097152 31208277 2470054 176088 14374
00000000 00000000 0 0 2097152 33617390 92120 44097 12395
00000000 00000000 0 0 2097152 32743739 1034889 176088 11843
00000000 00000000 0 0 2097152 32743779 1034889 176088 11859
00000000 00000000 0 0 2097152 33712520 91352 44097 12412
00000000 00000000 0 0 2097152 31321077 2563496 176088 13300
00000000 00000000 0 0 2097152 31321087 2563496 176088 13316
00000000 00000000 0 0 2097152 31321097 2563496 176088 13332
00000000 00000000 0 0 2097152 31321137 2563496 176088 13348
00000000 00000000 0 0 2097152 31321177 2563496 176088 13364
00000000 00000000 0 0 2097152 31321187 2563496 176088 13380
00000000 00000000 0 0 2097152 31321197 2563496 176088 13396
00000000 00000000 0 0 2097152 31321207 2563496 176088 13412
00000000 00000000 0 0 2097152 33101116 784709 179968 12352
00000000 00000000 0 0 2097152 33806882 90744 44097 12429
00000000 00000000 0 0 2097152 31406474 2498774 176088 14389
00000000 00000000 0 0 2097152 31411612 2497399 176088 12341
00000000 00000000 0 0 2097152 33129607 805971 179968 14877
00000000 00000000 0 0 2097152 33888835 77752 44097 12377
00000000 00000000 0 0 2097152 33900636 90744 44097 12446
00000000 00000000 0 0 2097152 33232021 763132 179968 13795
00000000 00000000 0 0 2097152 33232031 763132 179968 13811
00000000 00000000 0 0 2097152 33969597 92275 44097 12394
00000000 00000000 0 0 2097152 33994390 91155 44097 12463
00000000 00000000 0 0 2097152 31567452 2532515 176088 13428
00000000 00000000 0 0 2097152 33998163 101984 44097 13820
00000000 00000000 0 0 2097152 33998173 101984 44097 13836
00000000 00000000 0 0 2097152 31607974 2513090 176088 15217
00000000 00000000 0 0 2097152 31607984 2513090 176088 15233
00000000 00000000 0 0 2097152 31607994 2513090 176088 15249
00000000 00000000 0 0 2097152 31608004 2513090 176088 15265
00000000 00000000 0 0 2097152 31608014 2513090 176088 15281
00000000 00000000 0 0 2097152 31608024 2513090 176088 15297
00000000 00000000 0 0 2097152 31608034 2513090 176088 15313
00000000 00000000 0 0 2097152 31608044 2513090 176088 15329
00000000 00000000 0 0 2097152 34064882 72853 44097 12411
00000000 00000000 0 0 2097152 31622588 2515719 176088 13909
00000000 00000000 0 0 2097152 32085243 2064822 176088 14390
00000000 00000000 0 0 2097152 31660272 2515910 176088 11857
00000000 00000000 0 0 2097152 31660283 2515910 176088 11873
00000000 00000000 0 0 2097152 31660293 2515910 176088 11889
00000000 00000000 0 0 2097152 31660303 2515910 176088 11905
00000000 00000000 0 0 2097152 31660313 2515910 176088 11921
00000000 00000000 0 0 2097152 31660323 2515910 176088 11937
00000000 00000000 0 0 2097152 31660333 2515910 176088 11953
00000000 00000000 0 0 2097152 31660343 2515910 176088 11969
00000000 00000000 0 0 2097152 31662672 2516884 176088 11861
00000000 00000000 0 0 2097152 31662672 2516884 176088 15221
00000000 00000000 0 0 2097152 34103157 84493 44097 13837
00000000 00000000 0 0 2097152 34103167 84493 44097 13853
00000000 00000000 0 0 2097152 31690060 2502853 176088 11985
00000000 00000000 0 0 2097152 31688210 2509141 176088 15345
00000000 00000000 0 0 2097152 31732021 2466990 176088 13793
00000000 00000000 0 0 2097152 31701632 2499376 176088 12357
00000000 00000000 0 0 2097152 31701632 2499376 176088 12821
00000000 00000000 0 0 2097152 34140745 73666 44097 12428
00000000 00000000 0 0 2097152 31732021 2497857 176088 12373
00000000 00000000 0 0 2097152 31743952 2496360 176088 12389
00000000 00000000 0 0 2097152 31743962 2496360 176088 12405
00000000 00000000 0 0 2097152 31989045 2254293 176088 14784
00000000 00000000 0 0 2097152 31989085 2254293 176088 14800
00000000 00000000 0 0 2097152 31989126 2254293 176088 14816
00000000 00000000 0 0 2097152 31988975 2261832 176088 14768
00000000 00000000 0 0 2097152 34190660 82788 44097 13854
00000000 00000000 0 0 2097152 34190670 82788 44097 13870
00000000 00000000 0 0 2097152 34217421 72012 44097 12445
00000000 00000000 0 0 2097152 33509600 816191 179968 14757
00000000 00000000 0 0 2097152 31848434 2492665 176088 12420
00000000 00000000 0 0 2097152 34276458 83574 44097 13871
00000000 00000000 0 0 2097152 34276468 83574 44097 13887
00000000 00000000 0 0 2097152 34292443 92218 44097 12462
00000000 00000000 0 0 2097152 34328801 92282 44097 14782
00000000 00000000 0 0 2097152 31914998 2509938 176088 12436
00000000 00000000 0 0 2097152 31995606 2439552 176088 12421
00000000 00000000 0 0 2097152 34363042 101833 44097 13880
00000000 00000000 0 0 2097152 34363052 101833 44097 13896
00000000 00000000 0 0 2097152 34387671 91508 44097 12479
00000000 00000000 0 0 2097152 32061577 2425279 176088 13285
00000000 00000000 0 0 2097152 34424093 74918 44097 14799
00000000 00000000 0 0 2097152 32100715 2421206 176088 13301
00000000 00000000 0 0 2097152 34467885 87658 44097 13897
00000000 00000000 0 0 2097152 34467895 87658 44097 13913
00000000 00000000 0 0 2097152 34502021 88994 44097 14808
00000000 00000000 0 0 2097152 32091672 2507303 176088 12452
00000000 00000000 0 0 2097152 33057938 1560608 176088 15219
00000000 00000000 0 0 2097152 32112021 2507927 176088 14756
00000000 00000000 0 0 2097152 33280452 1365563 176088 13847
00000000 00000000 0 0 2097152 33280492 1365563 176088 13863
00000000 00000000 0 0 2097152 33280532 1365563 176088 13879
00000000 00000000 0 0 2097152 34558553 91228 44097 13914
00000000 00000000 0 0 2097152 32150409 2508602 176088 12820
00000000 00000000 0 0 2097152 32150448 2508563 176088 12836
00000000 00000000 0 0 2097152 32150518 2508493 176088 12852
00000000 00000000 0 0 2097152 32150588 2508423 176088 12868
00000000 00000000 0 0 2097152 32150658 2508353 176088 12884
00000000 00000000 0 0 2097152 32150698 2508313 176088 12900
00000000 00000000 0 0 2097152 32150738 2508273 176088 12916
00000000 00000000 0 0 2097152 32150778 2508233 176088 12932
00000000 00000000 0 0 2097152 32150788 2508223 176088 12948
00000000 00000000 0 0 2097152 34594025 71202 44097 14825
00000000 00000000 0 0 2097152 33225895 1468372 176088 14771
00000000 00000000 0 0 2097152 33183118 1518886 176088 14755
00000000 00000000 0 0 2097152 33232021 1472804 176088 11875
00000000 00000000 0 0 2097152 33232021 1472804 176088 14275
00000000 00000000 0 0 2097152 33232021 1472804 176088 15235
00000000 00000000 0 0 2097152 33142262 1566749 176088 12451
00000000 00000000 0 0 2097152 33142272 1566739 176088 12467
00000000 00000000 0 0 2097152 34668237 75702 44097 14842
00000000 00000000 0 0 2097152 32335883 2454586 176088 11984
00000000 00000000 0 0 2097152 34746949 91449 44097 14859
00000000 00000000 0 0 2097152 32419970 2452093 176088 15344
00000000 00000000 0 0 2097152 34088555 814990 179968 12472
00000000 00000000 0 0 2097152 34841408 92122 44097 14876
00000000 00000000 0 0 2097152 34182566 819408 179968 15238
00000000 00000000 0 0 2097152 32647434 2447202 176088 12816
00000000 00000000 0 0 2097152 32647434 2447202 176088 13296
00000000 00000000 0 0 2097152 35004984 92038 44097 15263
00000000 00000000 0 0 2097152 33112021 2044980 176088 14864
00000000 00000000 0 0 2097152 34253817 914783 176088 14785
00000000 00000000 0 0 2097152 34253827 914783 176088 14801
00000000 00000000 0 0 2097152 34253837 914783 176088 14817
00000000 00000000 0 0 2097152 34253847 914783 176088 14833
00000000 00000000 0 0 2097152 33101116 2086605 176088 12832
00000000 00000000 0 0 2097152 35100032 89436 44097 15272
00000000 00000000 0 0 2097152 32836331 2391015 176088 14240
00000000 00000000 0 0 2097152 35192478 90864 44097 15289
00000000 00000000 0 0 2097152 32945014 2390711 176088 13792
00000000 00000000 0 0 2097152 32945084 2390711 176088 13808
00000000 00000000 0 0 2097152 32930767 2410383 176088 13286
00000000 00000000 0 0 2097152 32962021 2380303 176088 13824
00000000 00000000 0 0 2097152 32962031 2380303 176088 13840
00000000 00000000 0 0 2097152 35286352 91798 44097 15306
00000000 00000000 0 0 2097152 33052400 2326404 176088 14832
00000000 00000000 0 0 2097152 33052410 2326404 176088 14848
00000000 00000000 0 0 2097152 34622958 809425 179968 14773
00000000 00000000 0 0 2097152 35381160 91487 44097 15323
00000000 00000000 0 0 2097152 34707835 803854 179968 14292
00000000 00000000 0 0 2097152 35435393 91412 44097 14798
00000000 00000000 0 0 2097152 35475657 91237 44097 15340
00000000 00000000 0 0 2097152 35514699 91888 44097 14317
00000000 00000000 0 0 2097152 33188822 2425105 176088 12342
00000000 00000000 0 0 2097152 35529815 89196 44097 14815
00000000 00000000 0 0 2097152 35569904 78316 44097 15357
00000000 00000000 0 0 2097152 35609597 91825 44097 14334
00000000 00000000 0 0 2097152 33288740 2412888 176088 13910
00000000 00000000 0 0 2097152 33238973 2469290 176088 13878
00000000 00000000 0 0 2097152 33238983 2469290 176088 13894
00000000 00000000 0 0 2097152 35622021 89673 44097 14824
00000000 00000000 0 0 2097152 34649025 1079549 176088 13856
00000000 00000000 0 0 2097152 34649065 1079549 176088 13872
00000000 00000000 0 0 2097152 34649105 1079549 176088 13888
00000000 00000000 0 0 2097152 33781638 1947724 176088 11860
00000000 00000000 0 0 2097152 33781678 1947724 176088 11876
00000000 00000000 0 0 2097152 35704432 92375 44097 14351
00000000 00000000 0 0 2097152 35714704 89604 44097 14841
00000000 00000000 0 0 2097152 33446701 2380502 176088 12822
00000000 00000000 0 0 2097152 33641732 2240032 176088 14770
00000000 00000000 0 0 2097152 33641742 2240032 176088 14786
00000000 00000000 0 0 2097152 35799817 92307 44097 14360
00000000 00000000 0 0 2097152 35807318 91932 44097 14858
00000000 00000000 0 0 2097152 35097646 818764 179968 12833
00000000 00000000 0 0 2097152 35190731 793226 179968 12849
00000000 00000000 0 0 2097152 35895134 89730 44097 14377
00000000 00000000 0 0 2097152 35902260 86751 44097 14875
00000000 00000000 0 0 2097152 34712021 1313611 176088 12468
00000000 00000000 0 0 2097152 33513121 2516201 176088 15237
00000000 00000000 0 0 2097152 35919420 132129 44097 12858
00000000 00000000 0 0 2097152 34705014 1357796 176088 14772
00000000 00000000 0 0 2097152 34705024 1357796 176088 14788
00000000 00000000 0 0 2097152 34707835 1357796 176088 11892
00000000 00000000 0 0 2097152 34707835 1357796 176088 15252
00000000 00000000 0 0 2097152 33680980 2392631 176088 14247
00000000 00000000 0 0 2097152 33681050 2392631 176088 14263
00000000 00000000 0 0 2097152 33681090 2392631 176088 14279
00000000 00000000 0 0 2097152 33681130 2392631 176088 14295
00000000 00000000 0 0 2097152 33681170 2392631 176088 14311
00000000 00000000 0 0 2097152 33681211 2392631 176088 14327
00000000 00000000 0 0 2097152 33681250 2392631 176088 14343
00000000 00000000 0 0 2097152 33681290 2392631 176088 14359
00000000 00000000 0 0 2097152 33681331 2392631 176088 14375
00000000 00000000 0 0 2097152 33681341 2392631 176088 14391
00000000 00000000 0 0 2097152 35986967 158581 44097 12874
00000000 00000000 0 0 2097152 36054559 91273 44097 12875
00000000 00000000 0 0 2097152 35987874 158581 44097 14394
00000000 00000000 0 0 2097152 34621556 1526742 176088 15236
00000000 00000000 0 0 2097152 36148558 92009 44097 12891
00000000 00000000 0 0 2097152 36148842 92094 44097 12892
00000000 00000000 0 0 2097152 33912021 2344106 176088 12358
00000000 00000000 0 0 2097152 36243577 91740 44097 12908
00000000 00000000 0 0 2097152 36243946 91828 44097 12909
00000000 00000000 0 0 2097152 35097646 1289699 176088 13313
00000000 00000000 0 0 2097152 34524931 1874080 176088 13318
00000000 00000000 0 0 2097152 36338327 75537 44097 12925
00000000 00000000 0 0 2097152 36338784 75352 44097 12926
00000000 00000000 0 0 2097152 34489866 1933236 176088 13302
00000000 00000000 0 0 2097152 35884774 551449 176088 14787
00000000 00000000 0 0 2097152 35884784 551449 176088 14803
00000000 00000000 0 0 2097152 33887583 2556102 176088 13317
00000000 00000000 0 0 2097152 33887593 2556102 176088 13333
00000000 00000000 0 0 2097152 33887603 2556102 176088 13349
00000000 00000000 0 0 2097152 33887643 2556102 176088 13365
00000000 00000000 0 0 2097152 33887683 2556102 176088 13381
00000000 00000000 0 0 2097152 33887693 2556102 176088 13397
00000000 00000000 0 0 2097152 33887703 2556102 176088 13413
00000000 00000000 0 0 2097152 33887713 2556102 176088 13429
00000000 00000000 0 0 2097152 36416874 90946 44097 12942
00000000 00000000 0 0 2097152 36417146 90819 44097 12943
00000000 00000000 0 0 2097152 34182566 2406330 176088 11878
00000000 00000000 0 0 2097152 36510830 92186 44097 12959
00000000 00000000 0 0 2097152 36510975 92369 44097 12952
00000000 00000000 0 0 2097152 34232888 2381470 176088 12390
00000000 00000000 0 0 2097152 34243322 2379335 176088 12406
00000000 00000000 0 0 2097152 34243332 2379335 176088 12422
00000000 00000000 0 0 2097152 34204018 2423234 176088 12374
00000000 00000000 0 0 2097152 34204018 2423234 176088 12838
00000000 00000000 0 0 2097152 34124074 2519213 176088 15234
00000000 00000000 0 0 2097152 34124084 2519213 176088 15250
00000000 00000000 0 0 2097152 34124094 2519213 176088 15266
00000000 00000000 0 0 2097152 34124104 2519213 176088 15282
00000000 00000000 0 0 2097152 34124114 2519213 176088 15298
00000000 00000000 0 0 2097152 34124124 2519213 176088 15314
00000000 00000000 0 0 2097152 34124134 2519213 176088 15330
00000000 00000000 0 0 2097152 34124144 2519213 176088 15346
00000000 00000000 0 0 2097152 34438168 2253993 176088 12438
00000000 00000000 0 0 2097152 34179192 2518059 176088 11874
00000000 00000000 0 0 2097152 34179203 2518059 176088 11890
00000000 00000000 0 0 2097152 34179213 2518059 176088 11906
00000000 00000000 0 0 2097152 34179223 2518059 176088 11922
00000000 00000000 0 0 2097152 34179233 2518059 176088 11938
00000000 00000000 0 0 2097152 34179243 2518059 176088 11954
00000000 00000000 0 0 2097152 34179253 2518059 176088 11970
00000000 00000000 0 0 2097152 34179263 2518059 176088 11986
00000000 00000000 0 0 2097152 34202021 2506597 176088 13810
00000000 00000000 0 0 2097152 36065820 762948 179968 14789
00000000 00000000 0 0 2097152 36065830 762948 179968 14805
00000000 00000000 0 0 2097152 34344109 2490165 176088 12437
00000000 00000000 0 0 2097152 36032332 830130 179968 15254
00000000 00000000 0 0 2097152 36831778 100162 44097 14814
00000000 00000000 0 0 2097152 36831788 100162 44097 14830
00000000 00000000 0 0 2097152 34427946 2504746 176088 12453
00000000 00000000 0 0 2097152 36865472 91535 44097 15279
00000000 00000000 0 0 2097152 36439233 551824 176088 14804
00000000 00000000 0 0 2097152 36439243 551824 176088 14820
00000000 00000000 0 0 2097152 36934950 91969 44097 14831
00000000 00000000 0 0 2097152 36934960 91969 44097 14847
00000000 00000000 0 0 2097152 36960017 75662 44097 15288
00000000 00000000 0 0 2097152 35381814 1692658 176088 14849
00000000 00000000 0 0 2097152 35381824 1692658 176088 14865
00000000 00000000 0 0 2097152 34601985 2521480 176088 12469
00000000 00000000 0 0 2097152 37029929 100517 44097 14840
00000000 00000000 0 0 2097152 37029939 100517 44097 14856
00000000 00000000 0 0 2097152 37038689 91844 44097 15305
00000000 00000000 0 0 2097152 34662021 2524975 176088 12837
00000000 00000000 0 0 2097152 34662031 2524975 176088 12853
00000000 00000000 0 0 2097152 34662041 2524975 176088 12869
00000000 00000000 0 0 2097152 34662051 2524975 176088 12885
00000000 00000000 0 0 2097152 34662061 2524975 176088 12901
00000000 00000000 0 0 2097152 34662071 2524975 176088 12917
00000000 00000000 0 0 2097152 34662081 2524975 176088 12933
00000000 00000000 0 0 2097152 34662091 2524975 176088 12949
00000000 00000000 0 0 2097152 35338735 1860276 176088 13809
00000000 00000000 0 0 2097152 35338805 1860206 176088 13825
00000000 00000000 0 0 2097152 35171610 2034188 176088 14802
00000000 00000000 0 0 2097152 35171620 2034188 176088 14818
00000000 00000000 0 0 2097152 35171630 2034188 176088 14834
00000000 00000000 0 0 2097152 35171640 2034188 176088 14850
00000000 00000000 0 0 2097152 37133543 75755 44097 15322
00000000 00000000 0 0 2097152 36390355 826861 179968 13330
00000000 00000000 0 0 2097152 35345334 1873677 176088 13841
00000000 00000000 0 0 2097152 35345344 1873667 176088 13857
00000000 00000000 0 0 2097152 37133456 85555 44097 14857
00000000 00000000 0 0 2097152 37133466 85545 44097 14873
00000000 00000000 0 0 2097152 37212308 89446 44097 15339
00000000 00000000 0 0 2097152 37222021 88933 44097 14874
00000000 00000000 0 0 2097152 37220226 111674 44097 13355
00000000 00000000 0 0 2097152 35731584 1617082 176088 13873
00000000 00000000 0 0 2097152 35731624 1617082 176088 13889
00000000 00000000 0 0 2097152 35731664 1617082 176088 13905
00000000 00000000 0 0 2097152 35344160 2029293 176088 13303
00000000 00000000 0 0 2097152 35230356 2148655 176088 14257
00000000 00000000 0 0 2097152 37304764 90843 44097 15356
00000000 00000000 0 0 2097152 37334910 86577 44097 13372
00000000 00000000 0 0 2097152 36591906 833818 179968 11895
00000000 00000000 0 0 2097152 37424497 91702 44097 13389
00000000 00000000 0 0 2097152 37428734 92926 44097 11912
00000000 00000000 0 0 2097152 36711628 834353 179968 13827
00000000 00000000 0 0 2097152 37519209 95640 44097 13406
00000000 00000000 0 0 2097152 37524670 93729 44097 11929
00000000 00000000 0 0 2097152 37548991 80020 44097 13852
00000000 00000000 0 0 2097152 37617859 81023 44097 13423
00000000 00000000 0 0 2097152 37621409 89573 44097 11946
00000000 00000000 0 0 2097152 37632021 90054 44097 13869
00000000 00000000 0 0 2097152 35616937 2134429 176088 12359
00000000 00000000 0 0 2097152 36994067 758765 179968 14821
00000000 00000000 0 0 2097152 36994077 758765 179968 14837
00000000 00000000 0 0 2097152 36076621 1712720 176088 14256
00000000 00000000 0 0 2097152 36076691 1712720 176088 14272
00000000 00000000 0 0 2097152 36076731 1712720 176088 14288
00000000 00000000 0 0 2097152 36076771 1712720 176088 14304
00000000 00000000 0 0 2097152 36076811 1712720 176088 14320
00000000 00000000 0 0 2097152 36076852 1712720 176088 14336
00000000 00000000 0 0 2097152 36076891 1712720 176088 14352
00000000 00000000 0 0 2097152 36076931 1712720 176088 14368
00000000 00000000 0 0 2097152 36076972 1712720 176088 14384
00000000 00000000 0 0 2097152 37701892 90916 44097 13432
00000000 00000000 0 0 2097152 35732372 2066553 176088 11877
00000000 00000000 0 0 2097152 35732412 2066553 176088 11893
00000000 00000000 0 0 2097152 37713992 85019 44097 11963
00000000 00000000 0 0 2097152 37725085 110858 44097 13886
00000000 00000000 0 0 2097152 37755842 108565 44097 14846
00000000 00000000 0 0 2097152 37755852 108565 44097 14862
00000000 00000000 0 0 2097152 37802021 89272 44097 11980
00000000 00000000 0 0 2097152 35830213 2069687 176088 12839
00000000 00000000 0 0 2097152 36068641 1845157 176088 11909
00000000 00000000 0 0 2097152 36151308 1767703 176088 15253
00000000 00000000 0 0 2097152 36151318 1767693 176088 15269
00000000 00000000 0 0 2097152 37838953 107591 44097 13903
00000000 00000000 0 0 2097152 35711273 2252996 176088 13895
00000000 00000000 0 0 2097152 35711283 2252996 176088 13911
00000000 00000000 0 0 2097152 37894303 74147 44097 11997
00000000 00000000 0 0 2097152 37867417 104433 44097 14863
00000000 00000000 0 0 2097152 37867427 104433 44097 14879
00000000 00000000 0 0 2097152 37949554 91404 44097 13912
00000000 00000000 0 0 2097152 37974860 110254 44097 14872
00000000 00000000 0 0 2097152 37376463 897430 176088 13312
00000000 00000000 0 0 2097152 37077482 1264904 176088 14866
00000000 00000000 0 0 2097152 37902910 544697 176088 12848
00000000 00000000 0 0 2097152 36695171 1760452 176088 12455
00000000 00000000 0 0 2097152 37754376 762371 179968 12368
00000000 00000000 0 0 2097152 37967279 561732 176088 13904
00000000 00000000 0 0 2097152 36259137 2294253 176088 12375
00000000 00000000 0 0 2097152 38519757 91678 44097 12393
00000000 00000000 0 0 2097152 37222021 1462669 176088 13858
00000000 00000000 0 0 2097152 37222031 1462669 176088 13874
00000000 00000000 0 0 2097152 37922021 780417 179968 15270
00000000 00000000 0 0 2097152 37922031 780417 179968 15286
00000000 00000000 0 0 2097152 38614445 92314 44097 12410
00000000 00000000 0 0 2097152 36426112 2333383 176088 13319
00000000 00000000 0 0 2097152 36426122 2333383 176088 13335
00000000 00000000 0 0 2097152 37202021 1588982 176088 13826
00000000 00000000 0 0 2097152 37202031 1588982 176088 13842
00000000 00000000 0 0 2097152 36630262 2168749 176088 12391
00000000 00000000 0 0 2097152 36630272 2168739 176088 12407
00000000 00000000 0 0 2097152 36630282 2168729 176088 12423
00000000 00000000 0 0 2097152 38709769 89242 44097 12427
00000000 00000000 0 0 2097152 36630292 2168719 176088 12439
00000000 00000000 0 0 2097152 36630262 2168749 176088 12855
00000000 00000000 0 0 2097152 37351676 1447335 176088 13890
00000000 00000000 0 0 2097152 37351716 1447295 176088 13906
00000000 00000000 0 0 2097152 37382021 1416990 176088 14274
00000000 00000000 0 0 2097152 38705448 93563 44097 15295
00000000 00000000 0 0 2097152 38705458 93553 44097 15311
00000000 00000000 0 0 2097152 38802021 89706 44097 12444
00000000 00000000 0 0 2097152 38802021 97405 44097 15304
00000000 00000000 0 0 2097152 38802031 97405 44097 15320
00000000 00000000 0 0 2097152 36446695 2487112 176088 13334
00000000 00000000 0 0 2097152 36446705 2487112 176088 13350
00000000 00000000 0 0 2097152 36446715 2487112 176088 13366
00000000 00000000 0 0 2097152 36446755 2487112 176088 13382
00000000 00000000 0 0 2097152 36446795 2487112 176088 13398
00000000 00000000 0 0 2097152 36446805 2487112 176088 13414
00000000 00000000 0 0 2097152 36446815 2487112 176088 13430
00000000 00000000 0 0 2097152 38894737 92441 44097 12461
00000000 00000000 0 0 2097152 38902436 96575 44097 15321
00000000 00000000 0 0 2097152 38902446 96565 44097 15337
00000000 00000000 0 0 2097152 38990188 91846 44097 12478
00000000 00000000 0 0 2097152 39002021 101670 44097 15338
00000000 00000000 0 0 2097152 39002031 101670 44097 15354
00000000 00000000 0 0 2097152 36646297 2484058 176088 15251
00000000 00000000 0 0 2097152 36646307 2484058 176088 15267
00000000 00000000 0 0 2097152 36646317 2484058 176088 15283
00000000 00000000 0 0 2097152 36646327 2484058 176088 15299
00000000 00000000 0 0 2097152 36646337 2484058 176088 15315
00000000 00000000 0 0 2097152 36646347 2484058 176088 15331
00000000 00000000 0 0 2097152 36646357 2484058 176088 15347
00000000 00000000 0 0 2097152 39106701 92509 44097 15355
00000000 00000000 0 0 2097152 36700261 2499732 176088 11891
00000000 00000000 0 0 2097152 36700272 2499732 176088 11907
00000000 00000000 0 0 2097152 36700282 2499732 176088 11923
00000000 00000000 0 0 2097152 36700292 2499732 176088 11939
00000000 00000000 0 0 2097152 36700302 2499732 176088 11955
00000000 00000000 0 0 2097152 36700312 2499732 176088 11971
00000000 00000000 0 0 2097152 36700322 2499732 176088 11987
00000000 00000000 0 0 2097152 38450617 841368 179968 12865
00000000 00000000 0 0 2097152 36837284 2491511 176088 12454
00000000 00000000 0 0 2097152 39294995 95867 44097 12890
00000000 00000000 0 0 2097152 36935702 2487911 176088 12470
00000000 00000000 0 0 2097152 37792351 1648086 176088 14273
00000000 00000000 0 0 2097152 37792421 1648086 176088 14289
00000000 00000000 0 0 2097152 37792461 1648086 176088 14305
00000000 00000000 0 0 2097152 37792501 1648086 176088 14321
00000000 00000000 0 0 2097152 37792541 1648086 176088 14337
00000000 00000000 0 0 2097152 37792582 1648086 176088 14353
00000000 00000000 0 0 2097152 37792621 1648086 176088 14369
00000000 00000000 0 0 2097152 37792661 1648086 176088 14385
00000000 00000000 0 0 2097152 37208808 2257368 176088 14819
00000000 00000000 0 0 2097152 37208818 2257368 176088 14835
00000000 00000000 0 0 2097152 37208828 2257368 176088 14851
00000000 00000000 0 0 2097152 37208838 2257368 176088 14867
00000000 00000000 0 0 2097152 39393872 85139 44097 12907
00000000 00000000 0 0 2097152 38762505 716506 176088 13328
00000000 00000000 0 0 2097152 38762515 716496 176088 13344
00000000 00000000 0 0 2097152 38556400 1008755 179968 12384
00000000 00000000 0 0 2097152 39482021 91052 44097 12924
00000000 00000000 0 0 2097152 38802021 820453 176088 12864
00000000 00000000 0 0 2097152 38276903 1352108 176088 13329
00000000 00000000 0 0 2097152 37190006 2448269 176088 12854
00000000 00000000 0 0 2097152 37190016 2448269 176088 12870
00000000 00000000 0 0 2097152 37190026 2448269 176088 12886
00000000 00000000 0 0 2097152 37190036 2448269 176088 12902
00000000 00000000 0 0 2097152 37190046 2448269 176088 12918
00000000 00000000 0 0 2097152 37190056 2448269 176088 12934
00000000 00000000 0 0 2097152 37190066 2448269 176088 12950
00000000 00000000 0 0 2097152 39568165 73979 44097 12409
00000000 00000000 0 0 2097152 39576083 75894 44097 12941
00000000 00000000 0 0 2097152 39645154 78263 44097 12426
00000000 00000000 0 0 2097152 39654987 88552 44097 12958
00000000 00000000 0 0 2097152 38802021 980134 176088 14291
00000000 00000000 0 0 2097152 39726427 92243 44097 12443
00000000 00000000 0 0 2097152 38794013 1056952 179968 13843
00000000 00000000 0 0 2097152 38794023 1056952 179968 13859
00000000 00000000 0 0 2097152 38794033 1056952 179968 13875
00000000 00000000 0 0 2097152 38794043 1056952 179968 13891
00000000 00000000 0 0 2097152 38802021 1065577 179968 13907
00000000 00000000 0 0 2097152 39821680 91876 44097 12460
00000000 00000000 0 0 2097152 37801935 2117076 176088 11894
00000000 00000000 0 0 2097152 37801975 2117036 176088 11910
00000000 00000000 0 0 2097152 37916808 2002203 176088 11926
00000000 00000000 0 0 2097152 39853975 138293 44097 13868
00000000 00000000 0 0 2097152 39853985 138293 44097 13884
00000000 00000000 0 0 2097152 39853995 138293 44097 13900
00000000 00000000 0 0 2097152 39854005 138293 44097 13916
00000000 00000000 0 0 2097152 39916566 92000 44097 12477
00000000 00000000 0 0 2097152 38802021 1212302 179968 12400
00000000 00000000 0 0 2097152 38802031 1212302 179968 12416
00000000 00000000 0 0 2097152 38802041 1212302 179968 12432
00000000 00000000 0 0 2097152 38802051 1212302 179968 12448
00000000 00000000 0 0 2097152 38802061 1212302 179968 12464
00000000 00000000 0 0 2097152 39482021 579716 176088 13345
00000000 00000000 0 0 2097152 39482031 579716 176088 13361
00000000 00000000 0 0 2097152 39995278 112702 44097 13885
00000000 00000000 0 0 2097152 39995288 112702 44097 13901
00000000 00000000 0 0 2097152 39995298 112702 44097 13917
00000000 00000000 0 0 2097152 40017333 147332 44097 12425
00000000 00000000 0 0 2097152 40017343 147332 44097 12441
00000000 00000000 0 0 2097152 40017353 147332 44097 12457
00000000 00000000 0 0 2097152 40017363 147332 44097 12473
00000000 00000000 0 0 2097152 40110990 101141 44097 13902
00000000 00000000 0 0 2097152 40111000 101141 44097 13918
00000000 00000000 0 0 2097152 40167675 139013 44097 12442
00000000 00000000 0 0 2097152 40167685 139013 44097 12458
00000000 00000000 0 0 2097152 40167695 139013 44097 12474
00000000 00000000 0 0 2097152 40215141 92732 44097 13919
00000000 00000000 0 0 2097152 40309698 100544 44097 12459
00000000 00000000 0 0 2097152 40309708 100544 44097 12475
00000000 00000000 0 0 2097152 39625484 825399 179968 12881
00000000 00000000 0 0 2097152 39632021 827699 179968 13346
00000000 00000000 0 0 2097152 40413252 97311 44097 12476
00000000 00000000 0 0 2097152 40453893 94632 44097 12906
00000000 00000000 0 0 2097152 40462730 90582 44097 13371
00000000 00000000 0 0 2097152 39785165 819355 179968 14308
00000000 00000000 0 0 2097152 40551535 91531 44097 12923
00000000 00000000 0 0 2097152 40556322 91740 44097 13388
00000000 00000000 0 0 2097152 40607530 77697 44097 14333
00000000 00000000 0 0 2097152 40646076 91391 44097 12940
00000000 00000000 0 0 2097152 39922021 815478 179968 11911
00000000 00000000 0 0 2097152 39922031 815478 179968 11927
00000000 00000000 0 0 2097152 39922041 815478 179968 11943
00000000 00000000 0 0 2097152 40651072 110588 44097 13405
00000000 00000000 0 0 2097152 40688237 91596 44097 14350
00000000 00000000 0 0 2097152 39443447 1360157 176088 14290
00000000 00000000 0 0 2097152 39443517 1360157 176088 14306
00000000 00000000 0 0 2097152 39443557 1360157 176088 14322
00000000 00000000 0 0 2097152 39443597 1360157 176088 14338
00000000 00000000 0 0 2097152 39443637 1360157 176088 14354
00000000 00000000 0 0 2097152 39443678 1360157 176088 14370
00000000 00000000 0 0 2097152 39443717 1360157 176088 14386
00000000 00000000 0 0 2097152 40740477 73320 44097 12957
00000000 00000000 0 0 2097152 40764670 79084 44097 13422
00000000 00000000 0 0 2097152 40740509 105911 44097 11928
00000000 00000000 0 0 2097152 40740519 105911 44097 11944
00000000 00000000 0 0 2097152 40740529 105911 44097 11960
00000000 00000000 0 0 2097152 40064747 786299 179968 13362
00000000 00000000 0 0 2097152 40064757 786299 179968 13378
00000000 00000000 0 0 2097152 40782843 85629 44097 14367
00000000 00000000 0 0 2097152 40846764 95029 44097 13439
00000000 00000000 0 0 2097152 40854056 100804 44097 13387
00000000 00000000 0 0 2097152 40854066 100804 44097 13403
00000000 00000000 0 0 2097152 40849430 112625 44097 11945
00000000 00000000 0 0 2097152 40849440 112625 44097 11961
00000000 00000000 0 0 2097152 40849450 112625 44097 11977
00000000 00000000 0 0 2097152 40871482 93169 44097 14376
00000000 00000000 0 0 2097152 40957870 89558 44097 13404
00000000 00000000 0 0 2097152 40957880 89558 44097 13420
00000000 00000000 0 0 2097152 40967661 89317 44097 14393
00000000 00000000 0 0 2097152 40965065 123968 44097 11962
00000000 00000000 0 0 2097152 40965075 123968 44097 11978
00000000 00000000 0 0 2097152 40965085 123968 44097 11994
00000000 00000000 0 0 2097152 38936817 2203070 176088 13351
00000000 00000000 0 0 2097152 38936827 2203070 176088 13367
00000000 00000000 0 0 2097152 38936837 2203070 176088 13383
00000000 00000000 0 0 2097152 38936877 2203070 176088 13399
00000000 00000000 0 0 2097152 38936917 2203070 176088 13415
00000000 00000000 0 0 2097152 38936927 2203070 176088 13431
00000000 00000000 0 0 2097152 41050438 98573 44097 13421
00000000 00000000 0 0 2097152 41050448 98563 44097 13437
00000000 00000000 0 0 2097152 41092043 89083 44097 11979
00000000 00000000 0 0 2097152 41092053 89083 44097 11995
00000000 00000000 0 0 2097152 41152021 88850 44097 13438
00000000 00000000 0 0 2097152 41184136 92110 44097 11996
00000000 00000000 0 0 2097152 39331805 2086335 176088 12471
00000000 00000000 0 0 2097152 39469186 2068098 176088 14836
00000000 00000000 0 0 2097152 39469196 2068098 176088 14852
00000000 00000000 0 0 2097152 39469206 2068098 176088 14868
00000000 00000000 0 0 2097152 39133365 2439374 176088 15268
00000000 00000000 0 0 2097152 39133375 2439374 176088 15284
00000000 00000000 0 0 2097152 39133385 2439374 176088 15300
00000000 00000000 0 0 2097152 39133395 2439374 176088 15316
00000000 00000000 0 0 2097152 39133405 2439374 176088 15332
00000000 00000000 0 0 2097152 39133415 2439374 176088 15348
00000000 00000000 0 0 2097152 39203003 2428721 176088 11908
00000000 00000000 0 0 2097152 39203014 2428721 176088 11924
00000000 00000000 0 0 2097152 39203024 2428721 176088 11940
00000000 00000000 0 0 2097152 39203034 2428721 176088 11956
00000000 00000000 0 0 2097152 39203044 2428721 176088 11972
00000000 00000000 0 0 2097152 39203054 2428721 176088 11988
00000000 00000000 0 0 2097152 39641285 2028867 176088 12871
00000000 00000000 0 0 2097152 39641295 2028867 176088 12887
00000000 00000000 0 0 2097152 39641305 2028867 176088 12903
00000000 00000000 0 0 2097152 39641315 2028867 176088 12919
00000000 00000000 0 0 2097152 39641325 2028867 176088 12935
00000000 00000000 0 0 2097152 39641335 2028867 176088 12951
00000000 00000000 0 0 2097152 40806614 1194410 176088 14307
00000000 00000000 0 0 2097152 40806684 1194410 176088 14323
00000000 00000000 0 0 2097152 40806724 1194410 176088 14339
00000000 00000000 0 0 2097152 40806764 1194410 176088 14355
00000000 00000000 0 0 2097152 40806804 1194410 176088 14371
00000000 00000000 0 0 2097152 40806845 1194410 176088 14387
00000000 00000000 0 0 2097152 41540294 758940 179968 14853
00000000 00000000 0 0 2097152 41540304 758940 179968 14869
00000000 00000000 0 0 2097152 42302244 93290 44097 14878
00000000 00000000 0 0 2097152 41142897 1470180 176088 13360
00000000 00000000 0 0 2097152 41142907 1470180 176088 13376
00000000 00000000 0 0 2097152 41142917 1470180 176088 13392
00000000 00000000 0 0 2097152 41142957 1470180 176088 13408
00000000 00000000 0 0 2097152 41142997 1470180 176088 13424
00000000 00000000 0 0 2097152 42004034 1169050 179968 14324
00000000 00000000 0 0 2097152 42004104 1169050 179968 14340
00000000 00000000 0 0 2097152 42004144 1169050 179968 14356
00000000 00000000 0 0 2097152 42004184 1169050 179968 14372
00000000 00000000 0 0 2097152 42004224 1169050 179968 14388
00000000 00000000 0 0 2097152 41634734 1551730 176088 11925
00000000 00000000 0 0 2097152 41634745 1551730 176088 11941
00000000 00000000 0 0 2097152 41634755 1551730 176088 11957
00000000 00000000 0 0 2097152 41634765 1551730 176088 11973
00000000 00000000 0 0 2097152 41634775 1551730 176088 11989
00000000 00000000 0 0 2097152 41673162 1525849 176088 12880
00000000 00000000 0 0 2097152 41673172 1525839 176088 12896
00000000 00000000 0 0 2097152 41673182 1525829 176088 12912
00000000 00000000 0 0 2097152 41673192 1525819 176088 12928
00000000 00000000 0 0 2097152 41673202 1525809 176088 12944
00000000 00000000 0 0 2097152 43176094 135901 44097 14349
00000000 00000000 0 0 2097152 43176164 135901 44097 14365
00000000 00000000 0 0 2097152 43176204 135901 44097 14381
00000000 00000000 0 0 2097152 43176244 135901 44097 14397
00000000 00000000 0 0 2097152 41575749 1743262 176088 15285
00000000 00000000 0 0 2097152 41575759 1743252 176088 15301
00000000 00000000 0 0 2097152 41575769 1743242 176088 15317
00000000 00000000 0 0 2097152 41575779 1743232 176088 15333
00000000 00000000 0 0 2097152 41575789 1743222 176088 15349
00000000 00000000 0 0 2097152 43315005 140310 44097 14366
00000000 00000000 0 0 2097152 43315075 140310 44097 14382
00000000 00000000 0 0 2097152 43315115 140310 44097 14398
00000000 00000000 0 0 2097152 42616087 865471 176088 13377
00000000 00000000 0 0 2097152 42616097 865471 176088 13393
00000000 00000000 0 0 2097152 42616107 865471 176088 13409
00000000 00000000 0 0 2097152 42616147 865471 176088 13425
00000000 00000000 0 0 2097152 43458325 88269 44097 14383
00000000 00000000 0 0 2097152 43458395 88269 44097 14399
00000000 00000000 0 0 2097152 43549604 91928 44097 14392
00000000 00000000 0 0 2097152 43189474 842855 176088 11942
00000000 00000000 0 0 2097152 43189485 842855 176088 11958
00000000 00000000 0 0 2097152 43189495 842855 176088 11974
00000000 00000000 0 0 2097152 43189505 842855 176088 11990
00000000 00000000 0 0 2097152 43202021 876130 179968 12897
00000000 00000000 0 0 2097152 43202031 876130 179968 12913
00000000 00000000 0 0 2097152 43202041 876130 179968 12929
00000000 00000000 0 0 2097152 43202051 876130 179968 12945
00000000 00000000 0 0 2097152 44081161 122516 44097 12922
00000000 00000000 0 0 2097152 44081171 122516 44097 12938
00000000 00000000 0 0 2097152 44081181 122516 44097 12954
00000000 00000000 0 0 2097152 43322021 960291 179968 15302
00000000 00000000 0 0 2097152 43322031 960291 179968 15318
00000000 00000000 0 0 2097152 43322041 960291 179968 15334
00000000 00000000 0 0 2097152 43322051 960291 179968 15350
00000000 00000000 0 0 2097152 43484568 807974 179968 13394
00000000 00000000 0 0 2097152 43484578 807974 179968 13410
00000000 00000000 0 0 2097152 43484588 807974 179968 13426
00000000 00000000 0 0 2097152 44206687 98938 44097 12939
00000000 00000000 0 0 2097152 44206697 98938 44097 12955
00000000 00000000 0 0 2097152 44308635 89103 44097 12956
00000000 00000000 0 0 2097152 44285322 126083 44097 15327
00000000 00000000 0 0 2097152 44285332 126083 44097 15343
00000000 00000000 0 0 2097152 44285342 126083 44097 15359
00000000 00000000 0 0 2097152 44295552 123459 44097 13419
00000000 00000000 0 0 2097152 44295562 123449 44097 13435
00000000 00000000 0 0 2097152 44422021 90760 44097 13436
00000000 00000000 0 0 2097152 44414415 100081 44097 15336
00000000 00000000 0 0 2097152 44414425 100081 44097 15352
00000000 00000000 0 0 2097152 44517506 91093 44097 15353
00000000 00000000 0 0 2097152 44035339 792805 179968 11959
00000000 00000000 0 0 2097152 44035350 792805 179968 11975
00000000 00000000 0 0 2097152 44035360 792805 179968 11991
00000000 00000000 0 0 2097152 44831154 74062 44097 11976
00000000 00000000 0 0 2097152 44831165 74062 44097 11992
00000000 00000000 0 0 2097152 44908226 71814 44097 11993
