File name, Expose DP comm, Expose DP_EP comm, Expose TP comm, Expose_EP_comm, Expose_PP_comm, bubble time, total comp, total exposed comm, Total time
m4, 0 (0.00%), 0 (0.00%), 70825 (98.45%), 0 (0.00%), 0 (0.00%), 0 (0.00%), 1112 (1.55%), 70825 (98.45%), 71937
layer_name,m4,fwd compute,wg compute,ig compute,fwd exposed comm,wg exposed comm,ig exposed comm,fwd total comm,algbw,busbw,wg total comm,algbw,busbw,ig total comm,algbw,busbw,workload finished at
embedding_layer,m4,556.000000,0.001000,0.001000,4337.246000,0.000000,0.000000,4337.246000,3.602516,6.754718,0.000000,-nan,0.000000,0.000000,-nan,0.000000,71936.755000
embedding_layer,m4,556.000000,0.001000,0.001000,66487.499000,0.000000,0.000000,66487.499000,3.760105,7.050198,0.000000,-nan,0.000000,0.000000,-nan,0.000000,71936.755000
SUM,m4,1112.000000,0.002000,0.002000,70824.745000,0.000000,0.000000,70824.745000,NONE,NONE,0.000000,NONE,NONE,0.000000,NONE,NONE
total exposed comm,70824.751000,total comp,1112.004000,total time,71936.755000
