File name, Expose DP comm, Expose DP_EP comm, Expose TP comm, Expose_EP_comm, Expose_PP_comm, bubble time, total comp, total exposed comm, Total time
test1, 0 (0.00%), 0 (0.00%), 9259 (89.28%), 0 (0.00%), 0 (0.00%), 0 (0.00%), 1112 (10.72%), 9259 (89.28%), 10371
layer_name,test1,fwd compute,wg compute,ig compute,fwd exposed comm,wg exposed comm,ig exposed comm,fwd total comm,algbw,busbw,wg total comm,algbw,busbw,ig total comm,algbw,busbw,workload finished at
embedding_layer,test1,556.000000,0.001000,0.001000,577.957000,0.000000,0.000000,577.957000,27.034883,50.690407,0.000000,-nan,0.000000,0.000000,-nan,0.000000,10370.524000
embedding_layer,test1,556.000000,0.001000,0.001000,8680.557000,0.000000,0.000000,8680.557000,28.799995,53.999992,0.000000,-nan,0.000000,0.000000,-nan,0.000000,10370.524000
SUM,test1,1112.000000,0.002000,0.002000,9258.514000,0.000000,0.000000,9258.514000,NONE,NONE,0.000000,NONE,NONE,0.000000,NONE,NONE
total exposed comm,9258.520000,total comp,1112.004000,total time,10370.524000
