0b001001 0b001901 10000 100 131072 559010 13480 6838 4320
0b001201 0b001b01 10000 100 131072 559010 13480 6838 5282
0b001401 0b001d01 10000 100 131072 559010 13480 6838 6244
0b001801 0b001101 10000 100 131072 559010 13483 6838 4328
0b001601 0b001f01 10000 100 131072 559010 13480 6838 7206
0b001a01 0b001301 10000 100 131072 559010 13483 6838 5290
0b001c01 0b001501 10000 100 131072 559010 13483 6838 6252
0b001e01 0b001701 10000 100 131072 559010 13483 6838 7214
0b000801 0b000101 10000 100 131072 559010 13481 6838 488
0b000a01 0b000301 10000 100 131072 559010 13481 6838 1450
0b000c01 0b000501 10000 100 131072 559010 13481 6838 2412
0b000e01 0b000701 10000 100 131072 559010 13481 6838 3374
0b000101 0b000a01 10000 100 131072 559010 15093 6838 961
0b000301 0b000c01 10000 100 131072 559010 15093 6838 1923
0b000501 0b000e01 10000 100 131072 559010 15093 6838 2885
0b000701 0b000801 10000 100 131072 559010 15093 6838 7
0b001101 0b001a01 10000 100 131072 559010 15089 6838 4801
0b001301 0b001c01 10000 100 131072 559010 15089 6838 5763
0b001501 0b001e01 10000 100 131072 559010 15089 6838 6725
0b001901 0b001201 10000 100 131072 559010 15107 6838 4809
0b001701 0b001801 10000 100 131072 559010 15089 6838 3847
0b000901 0b000201 10000 100 131072 559010 15115 15174 969
0b001b01 0b001401 10000 100 131072 559010 15107 6838 5771
0b000b01 0b000401 10000 100 131072 559010 15115 15174 1931
0b001d01 0b001601 10000 100 131072 559010 15107 6838 6733
0b000d01 0b000601 10000 100 131072 559010 15115 15174 2893
0b000f01 0b000001 10000 100 131072 559010 15115 15174 15
0b001f01 0b001001 10000 100 131072 559010 15107 6838 3855
0b000001 0b000901 10000 100 131072 559010 15528 15174 480
0b000201 0b000b01 10000 100 131072 559010 15528 15174 1442
0b000401 0b000d01 10000 100 131072 559010 15528 15174 2404
0b000601 0b000f01 10000 100 131072 559010 15528 15174 3366
0b000b01 0b000c01 10006 100 131072 559010 20557 2898 3371
0b000901 0b000a01 10006 100 131072 559010 20557 2898 3369
0b000f01 0b000801 10006 100 131072 559010 20557 2898 3375
0b000d01 0b000e01 10006 100 131072 559010 20557 2898 3373
0b000b01 0b000c01 10005 100 131072 559010 20560 2898 2891
0b000901 0b000a01 10005 100 131072 559010 20560 2898 2889
0b000f01 0b000801 10005 100 131072 559010 20560 2898 2895
0b000d01 0b000e01 10005 100 131072 559010 20560 2898 2413
0b000b01 0b000c01 10004 100 131072 559010 20563 2898 2411
0b000901 0b000a01 10004 100 131072 559010 20563 2898 2409
0b000f01 0b000801 10004 100 131072 559010 20563 2898 2415
0b000d01 0b000e01 10004 100 131072 559010 20563 2898 1933
0b000b01 0b000c01 10003 100 131072 559010 20564 2898 1451
0b000901 0b000a01 10003 100 131072 559010 20564 2898 1929
0b000f01 0b000801 10003 100 131072 559010 20564 2898 1935
0b000d01 0b000e01 10003 100 131072 559010 20564 2898 1453
0b000b01 0b000c01 10002 100 131072 559010 20567 2898 971
0b000901 0b000a01 10002 100 131072 559010 20567 2898 1449
0b000f01 0b000801 10002 100 131072 559010 20567 2898 1455
0b000d01 0b000e01 10002 100 131072 559010 20567 2898 973
0b000b01 0b000c01 10001 100 131072 559010 20568 2898 491
0b000901 0b000a01 10001 100 131072 559010 20568 2898 489
0b000f01 0b000801 10001 100 131072 559010 20568 2898 975
0b000d01 0b000e01 10001 100 131072 559010 20568 2898 493
0b000b01 0b000c01 10000 100 131072 559010 20571 2898 11
0b000901 0b000a01 10000 100 131072 559010 20571 2898 9
0b000f01 0b000801 10000 100 131072 559010 20571 2898 495
0b000d01 0b000e01 10000 100 131072 559010 20571 2898 13
0b000c01 0b000d01 10000 100 131072 559010 20631 2898 12
0b000a01 0b000b01 10006 100 131072 559010 20631 2898 3370
0b001401 0b001501 10000 100 131072 559010 20638 2898 3844
0b000801 0b000901 10000 100 131072 559010 20631 2898 8
0b001c01 0b001d01 10000 100 131072 559010 20638 2898 3852
0b001201 0b001301 10006 100 131072 559010 20638 2898 7202
0b000e01 0b000f01 10006 100 131072 559010 20631 2898 2894
0b001001 0b001101 10000 100 131072 559010 20638 2898 3840
0b001a01 0b001b01 10006 100 131072 559010 20638 2898 7210
0b001801 0b001901 10000 100 131072 559010 20638 2898 3848
0b001601 0b001701 10006 100 131072 559010 20638 2898 6726
0b000c01 0b000d01 10006 100 131072 559010 20632 2898 3372
0b001e01 0b001f01 10006 100 131072 559010 20638 2898 6734
0b000a01 0b000b01 10005 100 131072 559010 20632 2898 2890
0b001401 0b001501 10006 100 131072 559010 20639 2898 7204
0b000801 0b000901 10006 100 131072 559010 20632 2898 3368
0b001201 0b001301 10005 100 131072 559010 20639 2898 6722
0b001c01 0b001d01 10006 100 131072 559010 20639 2898 7212
0b000e01 0b000f01 10005 100 131072 559010 20632 2898 2414
0b001001 0b001101 10006 100 131072 559010 20639 2898 7200
0b001a01 0b001b01 10005 100 131072 559010 20639 2898 6730
0b001601 0b001701 10005 100 131072 559010 20639 2898 6246
0b001801 0b001901 10006 100 131072 559010 20639 2898 7208
0b000c01 0b000d01 10005 100 131072 559010 20633 2898 2892
0b001e01 0b001f01 10005 100 131072 559010 20639 2898 6254
0b001401 0b001501 10005 100 131072 559010 20640 2898 6724
0b000a01 0b000b01 10004 100 131072 559010 20633 2898 2410
0b001201 0b001301 10004 100 131072 559010 20640 2898 6242
0b001c01 0b001d01 10005 100 131072 559010 20640 2898 6732
0b000801 0b000901 10005 100 131072 559010 20633 2898 2888
0b001a01 0b001b01 10004 100 131072 559010 20640 2898 6250
0b001001 0b001101 10005 100 131072 559010 20640 2898 6720
0b000e01 0b000f01 10004 100 131072 559010 20633 2898 1934
0b001801 0b001901 10005 100 131072 559010 20640 2898 6728
0b001601 0b001701 10004 100 131072 559010 20640 2898 5766
0b001e01 0b001f01 10004 100 131072 559010 20640 2898 5774
0b000c01 0b000d01 10004 100 131072 559010 20634 2898 1932
0b001401 0b001501 10004 100 131072 559010 20641 2898 5764
0b001c01 0b001d01 10004 100 131072 559010 20641 2898 5772
0b000a01 0b000b01 10003 100 131072 559010 20634 2898 1930
0b001201 0b001301 10003 100 131072 559010 20641 2898 5762
0b000801 0b000901 10004 100 131072 559010 20634 2898 2408
0b001a01 0b001b01 10003 100 131072 559010 20641 2898 5770
0b001001 0b001101 10004 100 131072 559010 20641 2898 6240
0b000e01 0b000f01 10003 100 131072 559010 20634 2898 1454
0b001801 0b001901 10004 100 131072 559010 20641 2898 6248
0b001601 0b001701 10003 100 131072 559010 20641 2898 5286
0b001e01 0b001f01 10003 100 131072 559010 20641 2898 5294
0b000c01 0b000d01 10003 100 131072 559010 20635 2898 1452
0b001401 0b001501 10003 100 131072 559010 20642 2898 5284
0b001c01 0b001d01 10003 100 131072 559010 20642 2898 5292
0b000a01 0b000b01 10002 100 131072 559010 20635 2898 970
0b001201 0b001301 10002 100 131072 559010 20642 2898 4802
0b001a01 0b001b01 10002 100 131072 559010 20642 2898 4810
0b000801 0b000901 10003 100 131072 559010 20635 2898 1928
0b001001 0b001101 10003 100 131072 559010 20642 2898 5760
0b001801 0b001901 10003 100 131072 559010 20642 2898 5768
0b000e01 0b000f01 10002 100 131072 559010 20635 2898 974
0b001601 0b001701 10002 100 131072 559010 20642 2898 4806
0b001e01 0b001f01 10002 100 131072 559010 20642 2898 4814
0b001401 0b001501 10002 100 131072 559010 20643 2898 4804
0b001c01 0b001d01 10002 100 131072 559010 20643 2898 4812
0b001201 0b001301 10001 100 131072 559010 20643 2898 4322
0b001a01 0b001b01 10001 100 131072 559010 20643 2898 4330
0b001001 0b001101 10002 100 131072 559010 20643 2898 5280
0b001801 0b001901 10002 100 131072 559010 20643 2898 5288
0b001601 0b001701 10001 100 131072 559010 20643 2898 4326
0b001e01 0b001f01 10001 100 131072 559010 20643 2898 4334
0b001401 0b001501 10001 100 131072 559010 20644 2898 4324
0b001c01 0b001d01 10001 100 131072 559010 20644 2898 4332
0b001201 0b001301 10000 100 131072 559010 20644 2898 3842
0b001a01 0b001b01 10000 100 131072 559010 20644 2898 3850
0b001001 0b001101 10001 100 131072 559010 20644 2898 4800
0b001801 0b001901 10001 100 131072 559010 20644 2898 4808
0b001601 0b001701 10000 100 131072 559010 20644 2898 3846
0b001e01 0b001f01 10000 100 131072 559010 20644 2898 3854
0b000c01 0b000d01 10002 100 131072 559010 20657 2898 972
0b000a01 0b000b01 10001 100 131072 559010 20657 2898 490
0b000801 0b000901 10002 100 131072 559010 20657 2898 1448
0b000e01 0b000f01 10001 100 131072 559010 20657 2898 494
0b000c01 0b000d01 10001 100 131072 559010 20658 2898 492
0b000a01 0b000b01 10000 100 131072 559010 20658 2898 10
0b000801 0b000901 10001 100 131072 559010 20658 2898 968
0b000e01 0b000f01 10000 100 131072 559010 20658 2898 14
0b001b01 0b001c01 10006 100 131072 559010 20851 2898 7211
0b001901 0b001a01 10006 100 131072 559010 20851 2898 7209
0b001f01 0b001801 10006 100 131072 559010 20851 2898 7215
0b001d01 0b001e01 10006 100 131072 559010 20851 2898 7213
0b001301 0b001401 10006 100 131072 559010 20851 2898 7203
0b001101 0b001201 10006 100 131072 559010 20851 2898 7201
0b001701 0b001001 10006 100 131072 559010 20851 2898 7207
0b001b01 0b001c01 10005 100 131072 559010 20852 2898 6731
0b001501 0b001601 10006 100 131072 559010 20851 2898 7205
0b001901 0b001a01 10005 100 131072 559010 20852 2898 6729
0b001f01 0b001801 10005 100 131072 559010 20852 2898 6735
0b001d01 0b001e01 10005 100 131072 559010 20852 2898 6253
0b001301 0b001401 10005 100 131072 559010 20852 2898 6723
0b001101 0b001201 10005 100 131072 559010 20852 2898 6721
0b001701 0b001001 10005 100 131072 559010 20852 2898 6727
0b001501 0b001601 10005 100 131072 559010 20852 2898 6245
0b001b01 0b001c01 10004 100 131072 559010 20874 2898 6251
0b001901 0b001a01 10004 100 131072 559010 20874 2898 6249
0b001f01 0b001801 10004 100 131072 559010 20874 2898 6255
0b001d01 0b001e01 10004 100 131072 559010 20874 2898 5773
0b001301 0b001401 10004 100 131072 559010 20874 2898 6243
0b001101 0b001201 10004 100 131072 559010 20874 2898 6241
0b001701 0b001001 10004 100 131072 559010 20874 2898 6247
0b001b01 0b001c01 10003 100 131072 559010 20875 2898 5291
0b001501 0b001601 10004 100 131072 559010 20874 2898 5765
0b001901 0b001a01 10003 100 131072 559010 20875 2898 5769
0b001f01 0b001801 10003 100 131072 559010 20875 2898 5775
0b001d01 0b001e01 10003 100 131072 559010 20875 2898 5293
0b001301 0b001401 10003 100 131072 559010 20875 2898 5283
0b001101 0b001201 10003 100 131072 559010 20875 2898 5761
0b001701 0b001001 10003 100 131072 559010 20875 2898 5767
0b001b01 0b001c01 10002 100 131072 559010 20876 2898 4811
0b001501 0b001601 10003 100 131072 559010 20875 2898 5285
0b001901 0b001a01 10002 100 131072 559010 20876 2898 5289
0b001f01 0b001801 10002 100 131072 559010 20876 2898 5295
0b001d01 0b001e01 10002 100 131072 559010 20876 2898 4813
0b001301 0b001401 10002 100 131072 559010 20876 2898 4803
0b001101 0b001201 10002 100 131072 559010 20876 2898 5281
0b001b01 0b001c01 10001 100 131072 559010 20877 2898 4331
0b001701 0b001001 10002 100 131072 559010 20876 2898 5287
0b001901 0b001a01 10001 100 131072 559010 20877 2898 4329
0b001501 0b001601 10002 100 131072 559010 20876 2898 4805
0b001f01 0b001801 10001 100 131072 559010 20877 2898 4815
0b001d01 0b001e01 10001 100 131072 559010 20877 2898 4333
0b001301 0b001401 10001 100 131072 559010 20877 2898 4323
0b001101 0b001201 10001 100 131072 559010 20877 2898 4321
0b001b01 0b001c01 10000 100 131072 559010 20878 2898 3851
0b001701 0b001001 10001 100 131072 559010 20877 2898 4807
0b001901 0b001a01 10000 100 131072 559010 20878 2898 3849
0b001501 0b001601 10001 100 131072 559010 20877 2898 4325
0b001f01 0b001801 10000 100 131072 559010 20878 2898 4335
0b001d01 0b001e01 10000 100 131072 559010 20878 2898 3853
0b001301 0b001401 10000 100 131072 559010 20878 2898 3843
0b001101 0b001201 10000 100 131072 559010 20878 2898 3841
0b001701 0b001001 10000 100 131072 559010 20878 2898 4327
0b001501 0b001601 10000 100 131072 559010 20878 2898 3845
0b000a01 0b000b01 10007 100 131072 577113 5095 2898 986
0b001b01 0b001c01 10007 100 131072 575500 6708 2898 5307
0b001301 0b001401 10007 100 131072 575503 6705 2898 5299
0b000801 0b000901 10007 100 131072 577113 5095 2898 24
0b001101 0b001201 10007 100 131072 575503 6705 2898 4337
0b001901 0b001a01 10007 100 131072 575500 6708 2898 4345
0b000e01 0b000f01 10007 100 131072 577113 5095 2898 2910
0b001f01 0b001801 10007 100 131072 575500 6708 2898 7231
0b001701 0b001001 10007 100 131072 575503 6705 2898 7223
0b000c01 0b000d01 10007 100 131072 577113 5095 2898 1948
0b001d01 0b001e01 10007 100 131072 575500 6708 2898 6269
0b001501 0b001601 10007 100 131072 575503 6705 2898 6261
0b000b01 0b000c01 10007 100 131072 577548 4660 2898 1467
0b001a01 0b001b01 10007 100 131072 577109 5099 2898 4826
0b001201 0b001301 10007 100 131072 577127 5081 2898 4818
0b000901 0b000a01 10007 100 131072 577548 4660 2898 505
0b001801 0b001901 10007 100 131072 577109 5099 2898 3864
0b001001 0b001101 10007 100 131072 577127 5081 2898 3856
0b000f01 0b000801 10007 100 131072 577548 4660 2898 3391
0b001e01 0b001f01 10007 100 131072 577109 5099 2898 6750
0b001601 0b001701 10007 100 131072 577127 5081 2898 6742
0b000d01 0b000e01 10007 100 131072 577548 4660 2898 2429
0b001c01 0b001d01 10007 100 131072 577109 5099 2898 5788
0b001401 0b001501 10007 100 131072 577127 5081 2898 5780
0b000c01 0b000501 10001 100 131072 582583 11677 6838 2428
0b000a01 0b000301 10001 100 131072 582587 11676 6838 1466
0b000801 0b000101 10001 100 131072 582591 11679 6838 504
0b000e01 0b000701 10001 100 131072 582577 11719 6838 3390
0b001601 0b001f01 10001 100 131072 582871 12052 6838 7222
0b001e01 0b001701 10001 100 131072 582871 12071 6838 7230
0b001401 0b001d01 10001 100 131072 582894 12039 6838 6260
0b001201 0b001b01 10001 100 131072 582896 12038 6838 5298
0b001001 0b001901 10001 100 131072 582898 12040 6838 4336
0b001c01 0b001501 10001 100 131072 582894 12057 6838 6268
0b001a01 0b001301 10001 100 131072 582896 12057 6838 5306
0b001801 0b001101 10001 100 131072 582898 12059 6838 4344
0b001101 0b001a01 10001 100 131072 582664 12319 6838 4817
0b001701 0b001801 10001 100 131072 582664 12319 6838 3863
0b001901 0b001201 10001 100 131072 582664 12338 6838 4825
0b001f01 0b001001 10001 100 131072 582664 12338 6838 3871
0b001301 0b001c01 10001 100 131072 582661 12334 6838 5779
0b001501 0b001e01 10001 100 131072 582660 12335 6838 6741
0b001b01 0b001401 10001 100 131072 582661 12353 6838 5787
0b001d01 0b001601 10001 100 131072 582660 12354 6838 6749
0b000d01 0b000601 10001 100 131072 582653 15083 15174 2909
0b000b01 0b000401 10001 100 131072 582654 15083 15174 1947
0b000901 0b000201 10001 100 131072 582678 15111 15174 985
0b000f01 0b000001 10001 100 131072 582678 15111 15174 31
0b000e01 0b000f01 10008 100 131072 582580 19877 2898 2430
0b000c01 0b000d01 10008 100 131072 582577 19880 2898 3388
0b000a01 0b000b01 10008 100 131072 582577 19880 2898 3386
0b000801 0b000901 10008 100 131072 582577 19880 2898 3384
0b000e01 0b000f01 10009 100 131072 582583 19875 2898 1950
0b000c01 0b000d01 10009 100 131072 582580 19878 2898 2908
0b000a01 0b000b01 10009 100 131072 582580 19878 2898 2906
0b000801 0b000901 10009 100 131072 582580 19878 2898 2904
0b000e01 0b000f01 10010 100 131072 582584 19875 2898 1470
0b000c01 0b000d01 10010 100 131072 582584 19875 2898 1468
0b000a01 0b000b01 10010 100 131072 582583 19876 2898 2426
0b000801 0b000901 10010 100 131072 582583 19876 2898 2424
0b000e01 0b000f01 10011 100 131072 582587 19873 2898 990
0b000c01 0b000d01 10011 100 131072 582587 19873 2898 988
0b000a01 0b000b01 10011 100 131072 582584 19876 2898 1946
0b000801 0b000901 10011 100 131072 582584 19876 2898 1944
0b000e01 0b000f01 10012 100 131072 582588 19873 2898 510
0b000c01 0b000d01 10012 100 131072 582588 19873 2898 508
0b000a01 0b000b01 10012 100 131072 582588 19873 2898 506
0b000801 0b000901 10012 100 131072 582587 19874 2898 1464
0b000e01 0b000f01 10013 100 131072 582591 19871 2898 30
0b000c01 0b000d01 10013 100 131072 582591 19871 2898 28
0b000a01 0b000b01 10013 100 131072 582591 19871 2898 26
0b000801 0b000901 10013 100 131072 582588 19874 2898 984
0b000f01 0b000801 10008 100 131072 582651 19895 2898 2911
0b000b01 0b000c01 10008 100 131072 582651 19913 2898 3387
0b000901 0b000a01 10008 100 131072 582651 19913 2898 25
0b000d01 0b000e01 10008 100 131072 582651 19913 2898 29
0b000b01 0b000c01 10009 100 131072 582652 19913 2898 2907
0b000901 0b000a01 10009 100 131072 582652 19913 2898 3385
0b000d01 0b000e01 10009 100 131072 582652 19913 2898 3389
0b000b01 0b000c01 10010 100 131072 582653 19913 2898 2427
0b000901 0b000a01 10010 100 131072 582653 19913 2898 2905
0b000d01 0b000e01 10010 100 131072 582654 19912 2898 1949
0b000b01 0b000c01 10011 100 131072 582655 19912 2898 987
0b000901 0b000a01 10011 100 131072 582654 19913 2898 2425
0b000d01 0b000e01 10011 100 131072 582655 19912 2898 1469
0b000f01 0b000801 10009 100 131072 582652 19916 2898 2431
0b000b01 0b000c01 10012 100 131072 582677 19891 2898 507
0b000901 0b000a01 10012 100 131072 582655 19913 2898 1945
0b000d01 0b000e01 10012 100 131072 582677 19891 2898 989
0b000f01 0b000801 10010 100 131072 582653 19916 2898 1951
0b000b01 0b000c01 10013 100 131072 582678 19891 2898 27
0b000901 0b000a01 10013 100 131072 582677 19892 2898 1465
0b000d01 0b000e01 10013 100 131072 582678 19891 2898 509
0b000f01 0b000801 10011 100 131072 582654 19916 2898 1471
0b000f01 0b000801 10012 100 131072 582655 19916 2898 991
0b000f01 0b000801 10013 100 131072 582677 19895 2898 511
0b000e01 0b000f01 10014 100 131072 585218 17697 2898 2446
0b000c01 0b000d01 10014 100 131072 585218 17697 2898 1484
0b000a01 0b000b01 10014 100 131072 585218 17697 2898 522
0b000801 0b000901 10014 100 131072 585218 17697 2898 3400
0b000d01 0b000e01 10014 100 131072 585218 17751 2898 1965
0b000b01 0b000c01 10014 100 131072 585218 17751 2898 1003
0b000901 0b000a01 10014 100 131072 585218 17751 2898 41
0b000f01 0b000801 10014 100 131072 585218 17751 2898 2927
0b001501 0b001601 10008 100 131072 582658 20526 2898 3861
0b001301 0b001401 10008 100 131072 582658 20526 2898 7219
0b001d01 0b001e01 10008 100 131072 582658 20526 2898 3869
0b001101 0b001201 10008 100 131072 582658 20526 2898 3857
0b001b01 0b001c01 10008 100 131072 582658 20526 2898 7227
0b001901 0b001a01 10008 100 131072 582658 20526 2898 3865
0b001701 0b001001 10008 100 131072 582658 20527 2898 6743
0b001501 0b001601 10009 100 131072 582659 20526 2898 7221
0b001d01 0b001e01 10009 100 131072 582659 20526 2898 7229
0b001301 0b001401 10009 100 131072 582659 20526 2898 6739
0b001b01 0b001c01 10009 100 131072 582659 20526 2898 6747
0b001101 0b001201 10009 100 131072 582659 20526 2898 7217
0b001901 0b001a01 10009 100 131072 582659 20526 2898 7225
0b001701 0b001001 10009 100 131072 582659 20527 2898 6263
0b001f01 0b001801 10008 100 131072 582658 20528 2898 6751
0b001501 0b001601 10010 100 131072 582661 20525 2898 5781
0b001d01 0b001e01 10010 100 131072 582661 20525 2898 5789
0b001701 0b001001 10010 100 131072 582660 20527 2898 5783
0b001f01 0b001801 10009 100 131072 582659 20528 2898 6271
0b001b01 0b001c01 10010 100 131072 582660 20547 2898 6267
0b001301 0b001401 10010 100 131072 582660 20547 2898 6259
0b001901 0b001a01 10010 100 131072 582660 20547 2898 6745
0b001101 0b001201 10010 100 131072 582660 20547 2898 6737
0b001d01 0b001e01 10011 100 131072 582662 20546 2898 5309
0b001501 0b001601 10011 100 131072 582662 20546 2898 5301
0b001b01 0b001c01 10011 100 131072 582662 20546 2898 4827
0b001301 0b001401 10011 100 131072 582662 20546 2898 4819
0b001901 0b001a01 10011 100 131072 582661 20547 2898 6265
0b001101 0b001201 10011 100 131072 582661 20547 2898 6257
0b001f01 0b001801 10010 100 131072 582660 20549 2898 5791
0b001701 0b001001 10011 100 131072 582661 20548 2898 5303
0b001d01 0b001e01 10012 100 131072 582663 20546 2898 4829
0b001501 0b001601 10012 100 131072 582663 20546 2898 4821
0b001b01 0b001c01 10012 100 131072 582663 20546 2898 4347
0b001301 0b001401 10012 100 131072 582663 20546 2898 4339
0b001901 0b001a01 10012 100 131072 582662 20547 2898 5785
0b001101 0b001201 10012 100 131072 582662 20547 2898 5777
0b001f01 0b001801 10011 100 131072 582661 20549 2898 5311
0b001701 0b001001 10012 100 131072 582662 20548 2898 4823
0b001d01 0b001e01 10013 100 131072 582664 20546 2898 4349
0b001501 0b001601 10013 100 131072 582664 20546 2898 4341
0b001b01 0b001c01 10013 100 131072 582664 20546 2898 3867
0b001301 0b001401 10013 100 131072 582664 20546 2898 3859
0b001901 0b001a01 10013 100 131072 582663 20547 2898 5305
0b001101 0b001201 10013 100 131072 582663 20547 2898 5297
0b001f01 0b001801 10012 100 131072 582662 20549 2898 4831
0b001701 0b001001 10013 100 131072 582663 20548 2898 4343
0b001f01 0b001801 10013 100 131072 582663 20570 2898 4351
0b001401 0b001501 10008 100 131072 582871 20647 2898 7220
0b001c01 0b001d01 10008 100 131072 582871 20647 2898 7228
0b001201 0b001301 10008 100 131072 582871 20647 2898 7218
0b001a01 0b001b01 10008 100 131072 582871 20647 2898 7226
0b001001 0b001101 10008 100 131072 582871 20647 2898 7216
0b001801 0b001901 10008 100 131072 582871 20647 2898 7224
0b001601 0b001701 10008 100 131072 582872 20647 2898 6262
0b001401 0b001501 10009 100 131072 582872 20647 2898 6740
0b001e01 0b001f01 10008 100 131072 582872 20647 2898 6270
0b001201 0b001301 10009 100 131072 582872 20647 2898 6738
0b001c01 0b001d01 10009 100 131072 582872 20647 2898 6748
0b001001 0b001101 10009 100 131072 582872 20647 2898 6736
0b001a01 0b001b01 10009 100 131072 582872 20647 2898 6746
0b001801 0b001901 10009 100 131072 582872 20647 2898 6744
0b001601 0b001701 10009 100 131072 582894 20626 2898 5782
0b001401 0b001501 10010 100 131072 582895 20625 2898 5300
0b001e01 0b001f01 10009 100 131072 582894 20626 2898 5790
0b001201 0b001301 10010 100 131072 582894 20626 2898 6258
0b001c01 0b001d01 10010 100 131072 582895 20625 2898 5308
0b001001 0b001101 10010 100 131072 582894 20626 2898 6256
0b001a01 0b001b01 10010 100 131072 582894 20626 2898 6266
0b001801 0b001901 10010 100 131072 582894 20626 2898 6264
0b001601 0b001701 10010 100 131072 582895 20626 2898 5302
0b001401 0b001501 10011 100 131072 582896 20625 2898 4820
0b001e01 0b001f01 10010 100 131072 582895 20626 2898 5310
0b001201 0b001301 10011 100 131072 582895 20626 2898 5778
0b001c01 0b001d01 10011 100 131072 582896 20625 2898 4828
0b001001 0b001101 10011 100 131072 582895 20626 2898 5776
0b001a01 0b001b01 10011 100 131072 582895 20626 2898 5786
0b001601 0b001701 10011 100 131072 582896 20626 2898 4822
0b001801 0b001901 10011 100 131072 582895 20626 2898 5784
0b001401 0b001501 10012 100 131072 582897 20625 2898 4340
0b001e01 0b001f01 10011 100 131072 582896 20626 2898 4830
0b001201 0b001301 10012 100 131072 582897 20625 2898 4338
0b001c01 0b001d01 10012 100 131072 582897 20625 2898 4348
0b001001 0b001101 10012 100 131072 582896 20626 2898 5296
0b001a01 0b001b01 10012 100 131072 582897 20625 2898 4346
0b001601 0b001701 10012 100 131072 582897 20626 2898 4342
0b001801 0b001901 10012 100 131072 582896 20626 2898 5304
0b001401 0b001501 10013 100 131072 582898 20625 2898 3860
0b001e01 0b001f01 10012 100 131072 582897 20626 2898 4350
0b001c01 0b001d01 10013 100 131072 582898 20625 2898 3868
0b001201 0b001301 10013 100 131072 582898 20625 2898 3858
0b001a01 0b001b01 10013 100 131072 582898 20625 2898 3866
0b001001 0b001101 10013 100 131072 582897 20626 2898 4816
0b001801 0b001901 10013 100 131072 582897 20626 2898 4824
0b001601 0b001701 10013 100 131072 582898 20626 2898 3862
0b001e01 0b001f01 10013 100 131072 582898 20626 2898 3870
0b001501 0b001601 10014 100 131072 585218 18820 2898 5797
0b001d01 0b001e01 10014 100 131072 585218 18820 2898 5805
0b001301 0b001401 10014 100 131072 585218 18820 2898 4835
0b001b01 0b001c01 10014 100 131072 585218 18820 2898 4843
0b001101 0b001201 10014 100 131072 585218 18820 2898 3873
0b001901 0b001a01 10014 100 131072 585218 18820 2898 3881
0b001701 0b001001 10014 100 131072 585218 18821 2898 6759
0b001f01 0b001801 10014 100 131072 585218 18843 2898 6767
0b001c01 0b001d01 10014 100 131072 585218 19056 2898 5324
0b001401 0b001501 10014 100 131072 585218 19056 2898 5316
0b001a01 0b001b01 10014 100 131072 585218 19056 2898 4362
0b001201 0b001301 10014 100 131072 585218 19056 2898 4354
0b001801 0b001901 10014 100 131072 585218 19056 2898 7240
0b001001 0b001101 10014 100 131072 585218 19056 2898 7232
0b001e01 0b001f01 10014 100 131072 585218 19057 2898 6286
0b001601 0b001701 10014 100 131072 585218 19057 2898 6278
0b001501 0b001601 10015 100 131072 597961 7906 2898 6277
0b001d01 0b001e01 10015 100 131072 597943 7924 2898 6285
0b001301 0b001401 10015 100 131072 597963 7904 2898 5315
0b001b01 0b001c01 10015 100 131072 597944 7923 2898 5323
0b001101 0b001201 10015 100 131072 597967 7900 2898 4353
0b001901 0b001a01 10015 100 131072 597948 7919 2898 4361
0b001701 0b001001 10015 100 131072 597952 7916 2898 7239
0b001f01 0b001801 10015 100 131072 597933 7935 2898 7247
0b001401 0b001501 10015 100 131072 598024 8044 2898 5796
0b001c01 0b001d01 10015 100 131072 598005 8063 2898 5804
0b001a01 0b001b01 10015 100 131072 597993 8075 2898 4842
0b001201 0b001301 10015 100 131072 598012 8056 2898 4834
0b001001 0b001101 10015 100 131072 598012 8056 2898 3872
0b001801 0b001901 10015 100 131072 597993 8075 2898 3880
0b001601 0b001701 10015 100 131072 598024 8045 2898 6758
0b001e01 0b001f01 10015 100 131072 598005 8064 2898 6766
0b000801 0b000101 10002 100 131072 605582 11008 6838 520
0b000c01 0b000501 10002 100 131072 605576 11030 6838 2444
0b000a01 0b000301 10002 100 131072 605579 11029 6838 1482
0b000e01 0b000701 10002 100 131072 605575 11071 6838 3406
0b001501 0b001e01 10002 100 131072 606529 11323 6838 6757
0b001301 0b001c01 10002 100 131072 606531 11322 6838 5795
0b001101 0b001a01 10002 100 131072 606533 11323 6838 4833
0b001701 0b001801 10002 100 131072 606534 11322 6838 3879
0b001d01 0b001601 10002 100 131072 606529 11342 6838 6765
0b001b01 0b001401 10002 100 131072 606531 11341 6838 5803
0b001901 0b001201 10002 100 131072 606533 11342 6838 4841
0b001f01 0b001001 10002 100 131072 606534 11342 6838 3887
0b001001 0b001901 10002 100 131072 606221 11675 6838 4352
0b001601 0b001f01 10002 100 131072 606195 11714 6838 7238
0b001401 0b001d01 10002 100 131072 606217 11693 6838 6276
0b001201 0b001b01 10002 100 131072 606220 11693 6838 5314
0b001e01 0b001701 10002 100 131072 606195 11733 6838 7246
0b001c01 0b001501 10002 100 131072 606217 11712 6838 6284
0b001a01 0b001301 10002 100 131072 606220 11713 6838 5322
0b001801 0b001101 10002 100 131072 606243 11696 6838 4360
0b000d01 0b000601 10002 100 131072 605468 15083 15174 2925
0b000b01 0b000401 10002 100 131072 605470 15083 15174 1963
0b000901 0b000201 10002 100 131072 605472 15083 15174 1001
0b000f01 0b000001 10002 100 131072 605472 15083 15174 47
0b000f01 0b000801 10015 100 131072 605467 17340 2898 2447
0b000d01 0b000e01 10015 100 131072 605467 17340 2898 3405
0b000b01 0b000c01 10015 100 131072 605467 17340 2898 3403
0b000f01 0b000801 10016 100 131072 605468 17340 2898 1967
0b000f01 0b000801 10017 100 131072 605469 17340 2898 1487
0b000f01 0b000801 10018 100 131072 605470 17340 2898 1007
0b000901 0b000a01 10015 100 131072 605467 17344 2898 3401
0b000901 0b000a01 10016 100 131072 605468 17344 2898 2921
0b000901 0b000a01 10017 100 131072 605469 17344 2898 2441
0b000901 0b000a01 10018 100 131072 605470 17344 2898 1961
0b000901 0b000a01 10019 100 131072 605471 17344 2898 1481
0b000d01 0b000e01 10016 100 131072 605469 17360 2898 1485
0b000b01 0b000c01 10016 100 131072 605468 17361 2898 2923
0b000d01 0b000e01 10017 100 131072 605470 17360 2898 1005
0b000b01 0b000c01 10017 100 131072 605469 17361 2898 2443
0b000d01 0b000e01 10018 100 131072 605471 17360 2898 525
0b000b01 0b000c01 10018 100 131072 605471 17360 2898 523
0b000f01 0b000801 10019 100 131072 605471 17361 2898 527
0b000d01 0b000e01 10019 100 131072 605472 17360 2898 45
0b000b01 0b000c01 10019 100 131072 605472 17360 2898 43
0b000901 0b000a01 10020 100 131072 605925 16968 2898 3417
0b000d01 0b000e01 10020 100 131072 605925 16985 2898 1501
0b000b01 0b000c01 10020 100 131072 605925 16985 2898 539
0b000f01 0b000801 10020 100 131072 605925 16985 2898 2463
0b000801 0b000901 10015 100 131072 605556 17356 2898 2920
0b000801 0b000901 10016 100 131072 605578 17336 2898 2440
0b000801 0b000901 10017 100 131072 605579 17337 2898 1960
0b000801 0b000901 10018 100 131072 605580 17338 2898 1480
0b000801 0b000901 10019 100 131072 605581 17339 2898 1000
0b000e01 0b000f01 10015 100 131072 605574 17356 2898 46
0b000c01 0b000d01 10015 100 131072 605574 17356 2898 3404
0b000a01 0b000b01 10015 100 131072 605574 17356 2898 42
0b000e01 0b000f01 10016 100 131072 605576 17356 2898 1966
0b000c01 0b000d01 10016 100 131072 605575 17357 2898 2924
0b000a01 0b000b01 10016 100 131072 605575 17357 2898 3402
0b000e01 0b000f01 10017 100 131072 605577 17357 2898 1486
0b000c01 0b000d01 10017 100 131072 605577 17358 2898 1004
0b000a01 0b000b01 10017 100 131072 605576 17359 2898 2922
0b000e01 0b000f01 10018 100 131072 605578 17358 2898 1006
0b000c01 0b000d01 10018 100 131072 605578 17359 2898 524
0b000a01 0b000b01 10018 100 131072 605577 17360 2898 2442
0b000e01 0b000f01 10019 100 131072 605579 17359 2898 526
0b000c01 0b000d01 10019 100 131072 605579 17360 2898 44
0b000a01 0b000b01 10019 100 131072 605578 17361 2898 1962
0b000801 0b000901 10020 100 131072 605979 17010 2898 2936
0b000c01 0b000d01 10020 100 131072 605979 17027 2898 1020
0b000a01 0b000b01 10020 100 131072 605979 17027 2898 58
0b000e01 0b000f01 10020 100 131072 605979 17027 2898 1982
0b001801 0b001901 10016 100 131072 606196 20381 2898 6760
0b001a01 0b001b01 10016 100 131072 606194 20384 2898 3882
0b001801 0b001901 10017 100 131072 606197 20381 2898 6280
0b001a01 0b001b01 10017 100 131072 606195 20384 2898 7242
0b001801 0b001901 10018 100 131072 606219 20360 2898 5800
0b001a01 0b001b01 10018 100 131072 606217 20363 2898 6762
0b001601 0b001701 10016 100 131072 606194 20404 2898 3878
0b001801 0b001901 10019 100 131072 606220 20360 2898 5320
0b001401 0b001501 10016 100 131072 606194 20404 2898 7236
0b001201 0b001301 10016 100 131072 606194 20404 2898 3874
0b001801 0b001901 10020 100 131072 606221 20360 2898 4840
0b001001 0b001101 10016 100 131072 606195 20404 2898 6752
0b001601 0b001701 10017 100 131072 606196 20403 2898 5798
0b001401 0b001501 10017 100 131072 606195 20404 2898 6756
0b001201 0b001301 10017 100 131072 606195 20404 2898 7234
0b001001 0b001101 10017 100 131072 606196 20404 2898 6272
0b001601 0b001701 10018 100 131072 606218 20382 2898 5318
0b001401 0b001501 10018 100 131072 606218 20382 2898 4836
0b001201 0b001301 10018 100 131072 606217 20383 2898 6754
0b001001 0b001101 10018 100 131072 606197 20404 2898 5792
0b001601 0b001701 10019 100 131072 606219 20382 2898 4838
0b001401 0b001501 10019 100 131072 606219 20382 2898 4356
0b001201 0b001301 10019 100 131072 606218 20383 2898 6274
0b001e01 0b001f01 10016 100 131072 606194 20404 2898 3886
0b001c01 0b001d01 10016 100 131072 606194 20404 2898 7244
0b001001 0b001101 10019 100 131072 606219 20383 2898 5312
0b001601 0b001701 10020 100 131072 606220 20382 2898 4358
0b001e01 0b001f01 10017 100 131072 606196 20403 2898 5806
0b001401 0b001501 10020 100 131072 606220 20382 2898 3876
0b001c01 0b001d01 10017 100 131072 606195 20404 2898 6764
0b001201 0b001301 10020 100 131072 606219 20383 2898 5794
0b001e01 0b001f01 10018 100 131072 606218 20382 2898 5326
0b001001 0b001101 10020 100 131072 606220 20383 2898 4832
0b001c01 0b001d01 10018 100 131072 606218 20382 2898 4844
0b001e01 0b001f01 10019 100 131072 606219 20382 2898 4846
0b001c01 0b001d01 10019 100 131072 606219 20382 2898 4364
0b001a01 0b001b01 10019 100 131072 606218 20384 2898 6282
0b001e01 0b001f01 10020 100 131072 606220 20382 2898 4366
0b001c01 0b001d01 10020 100 131072 606220 20382 2898 3884
0b001a01 0b001b01 10020 100 131072 606219 20384 2898 5802
0b001f01 0b001801 10016 100 131072 606529 20498 2898 6287
0b001701 0b001001 10016 100 131072 606529 20519 2898 6279
0b001901 0b001a01 10016 100 131072 606528 20501 2898 7241
0b001501 0b001601 10016 100 131072 606528 20520 2898 7237
0b001301 0b001401 10016 100 131072 606528 20520 2898 7235
0b001901 0b001a01 10017 100 131072 606529 20501 2898 6761
0b001101 0b001201 10016 100 131072 606528 20521 2898 7233
0b001701 0b001001 10017 100 131072 606530 20519 2898 5799
0b001501 0b001601 10017 100 131072 606530 20519 2898 5317
0b001301 0b001401 10017 100 131072 606529 20520 2898 6755
0b001101 0b001201 10017 100 131072 606529 20521 2898 6753
0b001701 0b001001 10018 100 131072 606531 20519 2898 5319
0b001d01 0b001e01 10016 100 131072 606528 20520 2898 7245
0b001501 0b001601 10018 100 131072 606531 20519 2898 4837
0b001b01 0b001c01 10016 100 131072 606528 20520 2898 7243
0b001301 0b001401 10018 100 131072 606530 20520 2898 6275
0b001f01 0b001801 10017 100 131072 606530 20519 2898 5807
0b001101 0b001201 10018 100 131072 606530 20521 2898 6273
0b001d01 0b001e01 10017 100 131072 606530 20519 2898 5325
0b001701 0b001001 10019 100 131072 606532 20519 2898 4839
0b001b01 0b001c01 10017 100 131072 606529 20520 2898 6763
0b001501 0b001601 10019 100 131072 606532 20519 2898 4357
0b001301 0b001401 10019 100 131072 606532 20519 2898 4355
0b001f01 0b001801 10018 100 131072 606531 20519 2898 5327
0b001101 0b001201 10019 100 131072 606531 20521 2898 5793
0b001d01 0b001e01 10018 100 131072 606531 20519 2898 4845
0b001701 0b001001 10020 100 131072 606533 20519 2898 4359
0b001b01 0b001c01 10018 100 131072 606530 20520 2898 6283
0b001501 0b001601 10020 100 131072 606533 20519 2898 3877
0b001301 0b001401 10020 100 131072 606533 20519 2898 3875
0b001f01 0b001801 10019 100 131072 606532 20519 2898 4847
0b001d01 0b001e01 10019 100 131072 606532 20519 2898 4365
0b001101 0b001201 10020 100 131072 606532 20521 2898 5313
0b001b01 0b001c01 10019 100 131072 606532 20519 2898 4363
0b001601 0b001701 10021 100 131072 607048 20006 2898 5814
0b001401 0b001501 10021 100 131072 607048 20006 2898 4852
0b001901 0b001a01 10018 100 131072 606530 20522 2898 6281
0b001f01 0b001801 10020 100 131072 606533 20519 2898 4367
0b001201 0b001301 10021 100 131072 607048 20006 2898 3890
0b001d01 0b001e01 10020 100 131072 606533 20519 2898 3885
0b001001 0b001101 10021 100 131072 607049 20006 2898 6768
0b001b01 0b001c01 10020 100 131072 606533 20519 2898 3883
0b001901 0b001a01 10019 100 131072 606531 20522 2898 5801
0b001e01 0b001f01 10021 100 131072 607048 20006 2898 5822
0b001c01 0b001d01 10021 100 131072 607048 20006 2898 4860
0b001901 0b001a01 10020 100 131072 606532 20522 2898 5321
0b001a01 0b001b01 10021 100 131072 607048 20007 2898 3898
0b001801 0b001901 10021 100 131072 607071 20028 2898 6776
0b001701 0b001001 10021 100 131072 607285 20164 2898 6295
0b001501 0b001601 10021 100 131072 607284 20165 2898 5333
0b001301 0b001401 10021 100 131072 607284 20165 2898 4371
0b001f01 0b001801 10021 100 131072 607285 20164 2898 6303
0b001101 0b001201 10021 100 131072 607284 20166 2898 7249
0b001d01 0b001e01 10021 100 131072 607284 20165 2898 5341
0b001b01 0b001c01 10021 100 131072 607284 20165 2898 4379
0b001901 0b001a01 10021 100 131072 607284 20167 2898 7257
0b001601 0b001701 10022 100 131072 608877 18817 2898 6294
0b001e01 0b001f01 10022 100 131072 608877 18817 2898 6302
0b001401 0b001501 10022 100 131072 608877 18817 2898 5332
0b001c01 0b001d01 10022 100 131072 608877 18817 2898 5340
0b001201 0b001301 10022 100 131072 608877 18817 2898 4370
0b001801 0b001901 10022 100 131072 608878 18817 2898 7256
0b001001 0b001101 10022 100 131072 608878 18817 2898 7248
0b001a01 0b001b01 10022 100 131072 608877 18818 2898 4378
0b001701 0b001001 10022 100 131072 609079 18989 2898 6775
0b001501 0b001601 10022 100 131072 609078 18990 2898 5813
0b001301 0b001401 10022 100 131072 609078 18990 2898 4851
0b001d01 0b001e01 10022 100 131072 609078 18990 2898 5821
0b001b01 0b001c01 10022 100 131072 609078 18990 2898 4859
0b001101 0b001201 10022 100 131072 609078 18991 2898 3889
0b001f01 0b001801 10022 100 131072 609079 18989 2898 6783
0b001901 0b001a01 10022 100 131072 609078 18992 2898 3897
0b001e01 0b001f01 10023 100 131072 620862 8551 2898 6782
0b001c01 0b001d01 10023 100 131072 620863 8550 2898 5820
0b001801 0b001901 10023 100 131072 620866 8548 2898 3896
0b001601 0b001701 10023 100 131072 620881 8532 2898 6774
0b001a01 0b001b01 10023 100 131072 620866 8548 2898 4858
0b001401 0b001501 10023 100 131072 620882 8531 2898 5812
0b001201 0b001301 10023 100 131072 620885 8528 2898 4850
0b001001 0b001101 10023 100 131072 620886 8528 2898 3888
0b001501 0b001601 10023 100 131072 620939 8780 2898 6293
0b001d01 0b001e01 10023 100 131072 620920 8799 2898 6301
0b001301 0b001401 10023 100 131072 620943 8776 2898 5331
0b001101 0b001201 10023 100 131072 620949 8770 2898 4369
0b001f01 0b001801 10023 100 131072 620919 8801 2898 7263
0b001701 0b001001 10023 100 131072 620938 8782 2898 7255
0b001b01 0b001c01 10023 100 131072 620923 8880 2898 5339
0b001901 0b001a01 10023 100 131072 620906 8898 2898 4377
0b000e01 0b000701 10003 100 131072 625817 7942 6838 3422
0b000a01 0b000301 10003 100 131072 625825 7939 6838 1498
0b000c01 0b000501 10003 100 131072 625840 7945 6838 2460
0b000801 0b000101 10003 100 131072 625842 7960 6838 536
0b000301 0b000401 10006 100 131072 559010 79841 11234 3363
0b000101 0b000201 10006 100 131072 559010 79841 11234 3361
0b000701 0b000001 10006 100 131072 559010 79841 11234 3367
0b000501 0b000601 10006 100 131072 559010 79841 11234 3365
0b000301 0b000401 10005 100 131072 559010 79932 11234 2883
0b000101 0b000201 10005 100 131072 559010 79932 11234 2881
0b000701 0b000001 10005 100 131072 559010 79932 11234 2887
0b000501 0b000601 10005 100 131072 559010 79932 11234 2405
0b000301 0b000401 10004 100 131072 559010 79933 11234 2403
0b000101 0b000201 10004 100 131072 559010 79933 11234 2401
0b000701 0b000001 10004 100 131072 559010 79933 11234 2407
0b000501 0b000601 10004 100 131072 559010 79933 11234 1925
0b000301 0b000401 10003 100 131072 559010 79934 11234 1443
0b000101 0b000201 10003 100 131072 559010 79934 11234 1921
0b000701 0b000001 10003 100 131072 559010 79934 11234 1927
0b000501 0b000601 10003 100 131072 559010 79934 11234 1445
0b000301 0b000401 10002 100 131072 559010 79935 11234 963
0b000101 0b000201 10002 100 131072 559010 79935 11234 1441
0b000701 0b000001 10002 100 131072 559010 79935 11234 1447
0b000501 0b000601 10002 100 131072 559010 79935 11234 965
0b000301 0b000401 10001 100 131072 559010 79936 11234 483
0b000101 0b000201 10001 100 131072 559010 79936 11234 481
0b000701 0b000001 10001 100 131072 559010 79936 11234 967
0b000501 0b000601 10001 100 131072 559010 79936 11234 485
0b000301 0b000401 10000 100 131072 559010 79937 11234 3
0b000101 0b000201 10000 100 131072 559010 79937 11234 1
0b000701 0b000001 10000 100 131072 559010 79937 11234 487
0b000501 0b000601 10000 100 131072 559010 79937 11234 5
0b001501 0b001e01 10003 100 131072 629609 9613 6838 6773
0b001101 0b001a01 10003 100 131072 629613 9613 6838 4849
0b001301 0b001c01 10003 100 131072 629612 9614 6838 5811
0b001701 0b001801 10003 100 131072 629608 9627 6838 3895
0b001901 0b001201 10003 100 131072 629591 9611 6838 4857
0b001d01 0b001601 10003 100 131072 629609 9632 6838 6781
0b001b01 0b001401 10003 100 131072 629613 9632 6838 5819
0b001f01 0b001001 10003 100 131072 629608 9645 6838 3903
0b001601 0b001f01 10003 100 131072 630058 9639 6838 7254
0b001401 0b001d01 10003 100 131072 630060 9639 6838 6292
0b001001 0b001901 10003 100 131072 630062 9639 6838 4368
0b001a01 0b001301 10003 100 131072 630064 9645 6838 5338
0b001e01 0b001701 10003 100 131072 630058 9658 6838 7262
0b001201 0b001b01 10003 100 131072 630063 9660 6838 5330
0b001c01 0b001501 10003 100 131072 630060 9659 6838 6300
0b001801 0b001101 10003 100 131072 630062 9659 6838 4376
0b000c01 0b000d01 10021 100 131072 625817 14473 2898 3420
0b000801 0b000901 10021 100 131072 625817 14541 2898 2456
0b000801 0b000901 10022 100 131072 625818 14541 2898 1976
0b000801 0b000901 10023 100 131072 625819 14541 2898 1496
0b000a01 0b000b01 10021 100 131072 625821 14540 2898 3418
0b000801 0b000901 10024 100 131072 625820 14541 2898 1016
0b000a01 0b000b01 10022 100 131072 625822 14540 2898 2938
0b000a01 0b000b01 10023 100 131072 625823 14540 2898 2458
0b000a01 0b000b01 10024 100 131072 625824 14540 2898 1978
0b000a01 0b000b01 10025 100 131072 625903 14462 2898 3434
0b000c01 0b000d01 10022 100 131072 625839 14540 2898 2940
0b000c01 0b000d01 10023 100 131072 625841 14539 2898 540
0b000c01 0b000d01 10024 100 131072 625842 14539 2898 60
0b000e01 0b000f01 10021 100 131072 625839 14543 2898 1502
0b000c01 0b000d01 10025 100 131072 625920 14462 2898 556
0b000801 0b000901 10025 100 131072 625920 14464 2898 2472
0b000e01 0b000f01 10022 100 131072 625840 14564 2898 1022
0b000e01 0b000f01 10023 100 131072 625841 14564 2898 542
0b000e01 0b000f01 10024 100 131072 625842 14564 2898 62
0b000e01 0b000f01 10025 100 131072 625920 14487 2898 1518
0b000901 0b000a01 10021 100 131072 625922 14539 2898 2937
0b000901 0b000a01 10022 100 131072 625924 14539 2898 2457
0b000901 0b000a01 10023 100 131072 625926 14539 2898 1977
0b000901 0b000a01 10024 100 131072 625928 14539 2898 1497
0b000901 0b000a01 10025 100 131072 625999 14470 2898 2953
0b000b01 0b000c01 10021 100 131072 625940 14538 2898 59
0b000b01 0b000c01 10022 100 131072 625942 14538 2898 3419
0b000f01 0b000801 10021 100 131072 625942 14539 2898 1983
0b000d01 0b000e01 10021 100 131072 625940 14542 2898 3421
0b000b01 0b000c01 10023 100 131072 625945 14537 2898 2939
0b000f01 0b000801 10022 100 131072 625944 14539 2898 1503
0b000d01 0b000e01 10022 100 131072 625945 14539 2898 1021
0b000b01 0b000c01 10024 100 131072 625947 14537 2898 2459
0b000f01 0b000801 10023 100 131072 625946 14539 2898 1023
0b000d01 0b000e01 10023 100 131072 625947 14539 2898 541
0b000b01 0b000c01 10025 100 131072 626016 14470 2898 75
0b000f01 0b000801 10024 100 131072 625948 14539 2898 543
0b000d01 0b000e01 10024 100 131072 625949 14539 2898 61
0b000f01 0b000801 10025 100 131072 626016 14473 2898 1999
0b000d01 0b000e01 10025 100 131072 626016 14474 2898 1037
0b000901 0b000201 10003 100 131072 625930 15083 15174 1017
0b000f01 0b000001 10003 100 131072 625940 15083 15174 63
0b000d01 0b000601 10003 100 131072 625942 15083 15174 2941
0b000b01 0b000401 10003 100 131072 625949 15083 15174 1979
0b000301 0b000401 10007 100 131072 575501 72806 11234 1459
0b000101 0b000201 10007 100 131072 575501 72806 11234 497
0b000701 0b000001 10007 100 131072 575501 72806 11234 3383
0b000501 0b000601 10007 100 131072 575501 72806 11234 2421
0b001501 0b001601 10024 100 131072 629608 20300 2898 7253
0b001101 0b001201 10024 100 131072 629609 20300 2898 6769
0b001301 0b001401 10024 100 131072 629608 20301 2898 3891
0b001501 0b001601 10025 100 131072 629610 20299 2898 4853
0b001701 0b001001 10024 100 131072 629609 20301 2898 5815
0b001101 0b001201 10025 100 131072 629610 20300 2898 6289
0b001301 0b001401 10025 100 131072 629609 20301 2898 7251
0b001501 0b001601 10026 100 131072 629611 20299 2898 4373
0b001701 0b001001 10025 100 131072 629610 20301 2898 5335
0b001101 0b001201 10026 100 131072 629611 20300 2898 5809
0b001301 0b001401 10026 100 131072 629610 20301 2898 6771
0b001501 0b001601 10027 100 131072 629612 20299 2898 3893
0b001901 0b001a01 10024 100 131072 629587 20301 2898 6777
0b001701 0b001001 10026 100 131072 629611 20301 2898 4855
0b001101 0b001201 10027 100 131072 629612 20300 2898 5329
0b001901 0b001a01 10025 100 131072 629588 20301 2898 6297
0b001301 0b001401 10027 100 131072 629611 20301 2898 6291
0b001701 0b001001 10027 100 131072 629612 20301 2898 4375
0b001b01 0b001c01 10024 100 131072 629588 20302 2898 3899
0b001901 0b001a01 10026 100 131072 629589 20301 2898 5817
0b001b01 0b001c01 10025 100 131072 629589 20302 2898 7259
0b001901 0b001a01 10027 100 131072 629590 20301 2898 5337
0b001b01 0b001c01 10026 100 131072 629590 20302 2898 6779
0b001b01 0b001c01 10027 100 131072 629612 20281 2898 6299
0b001d01 0b001e01 10024 100 131072 629608 20303 2898 7261
0b001f01 0b001801 10024 100 131072 629609 20322 2898 5823
0b001f01 0b001801 10025 100 131072 629610 20322 2898 5343
0b001d01 0b001e01 10025 100 131072 629610 20323 2898 4861
0b001f01 0b001801 10026 100 131072 629611 20322 2898 4863
0b001d01 0b001e01 10026 100 131072 629611 20323 2898 4381
0b001f01 0b001801 10027 100 131072 629612 20322 2898 4383
0b001d01 0b001e01 10027 100 131072 629612 20323 2898 3901
0b001b01 0b001c01 10028 100 131072 630065 20269 2898 3915
0b001501 0b001601 10028 100 131072 630064 20288 2898 4869
0b001101 0b001201 10028 100 131072 630065 20288 2898 6785
0b001301 0b001401 10028 100 131072 630064 20289 2898 3907
0b001701 0b001001 10028 100 131072 630064 20290 2898 5831
0b001f01 0b001801 10028 100 131072 630064 20311 2898 5839
0b001d01 0b001e01 10028 100 131072 630064 20312 2898 4877
0b001901 0b001a01 10028 100 131072 630109 20312 2898 6793
0b001c01 0b001d01 10024 100 131072 630058 20539 2898 7260
0b001a01 0b001b01 10024 100 131072 630039 20559 2898 7258
0b001c01 0b001d01 10025 100 131072 630059 20539 2898 6780
0b001a01 0b001b01 10025 100 131072 630040 20559 2898 6778
0b001c01 0b001d01 10026 100 131072 630061 20538 2898 4380
0b001a01 0b001b01 10026 100 131072 630062 20538 2898 6298
0b001c01 0b001d01 10027 100 131072 630062 20538 2898 3900
0b001a01 0b001b01 10027 100 131072 630063 20538 2898 5818
0b001601 0b001701 10024 100 131072 630059 20572 2898 5334
0b001401 0b001501 10024 100 131072 630058 20573 2898 7252
0b001201 0b001301 10024 100 131072 630059 20573 2898 7250
0b001001 0b001101 10024 100 131072 630058 20574 2898 6288
0b001601 0b001701 10025 100 131072 630060 20572 2898 4854
0b001401 0b001501 10025 100 131072 630059 20573 2898 6772
0b001201 0b001301 10025 100 131072 630060 20573 2898 6770
0b001001 0b001101 10025 100 131072 630059 20574 2898 5808
0b001601 0b001701 10026 100 131072 630061 20572 2898 4374
0b001401 0b001501 10026 100 131072 630061 20572 2898 4372
0b001201 0b001301 10026 100 131072 630061 20573 2898 6290
0b001001 0b001101 10026 100 131072 630060 20574 2898 5328
0b001801 0b001901 10024 100 131072 630037 20574 2898 6296
0b001601 0b001701 10027 100 131072 630062 20572 2898 3894
0b001401 0b001501 10027 100 131072 630062 20572 2898 3892
0b001201 0b001301 10027 100 131072 630062 20573 2898 5810
0b001e01 0b001f01 10024 100 131072 630059 20553 2898 5342
0b001801 0b001901 10025 100 131072 630059 20553 2898 5816
0b001001 0b001101 10027 100 131072 630061 20574 2898 4848
0b001801 0b001901 10026 100 131072 630060 20553 2898 5336
0b001801 0b001901 10027 100 131072 630061 20553 2898 4856
0b001e01 0b001f01 10025 100 131072 630060 20574 2898 4862
0b001e01 0b001f01 10026 100 131072 630061 20574 2898 4382
0b001e01 0b001f01 10027 100 131072 630062 20574 2898 3902
0b001501 0b001601 10029 100 131072 630704 20053 2898 5349
0b001101 0b001201 10029 100 131072 630705 20053 2898 7265
0b001b01 0b001c01 10029 100 131072 630705 20034 2898 4395
0b001301 0b001401 10029 100 131072 630704 20054 2898 4387
0b001701 0b001001 10029 100 131072 630704 20055 2898 6311
0b001901 0b001a01 10029 100 131072 630705 20055 2898 7273
0b001f01 0b001801 10029 100 131072 630704 20076 2898 6319
0b001d01 0b001e01 10029 100 131072 630704 20077 2898 5357
0b000a01 0b000301 10004 100 131072 643477 7500 6838 1514
0b000e01 0b000701 10004 100 131072 643492 7501 6838 3438
0b000c01 0b000501 10004 100 131072 643494 7500 6838 2476
0b000801 0b000101 10004 100 131072 643497 7500 6838 552
0b001601 0b001701 10028 100 131072 630459 20530 2898 5350
0b001401 0b001501 10028 100 131072 630459 20530 2898 4388
0b001201 0b001301 10028 100 131072 630460 20530 2898 7266
0b001001 0b001101 10028 100 131072 630459 20531 2898 6304
0b001c01 0b001d01 10028 100 131072 630459 20496 2898 4396
0b001a01 0b001b01 10028 100 131072 630461 20495 2898 7274
0b001801 0b001901 10028 100 131072 630459 20510 2898 6312
0b001e01 0b001f01 10028 100 131072 630459 20532 2898 5358
0b001501 0b001601 10030 100 131072 632423 18911 2898 5829
0b001101 0b001201 10030 100 131072 632424 18911 2898 3905
0b001301 0b001401 10030 100 131072 632423 18912 2898 4867
0b001701 0b001001 10030 100 131072 632423 18913 2898 6791
0b001b01 0b001c01 10030 100 131072 632424 18892 2898 4875
0b001901 0b001a01 10030 100 131072 632424 18892 2898 3913
0b001c01 0b001d01 10029 100 131072 631078 20276 2898 4876
0b001a01 0b001b01 10029 100 131072 631080 20275 2898 3914
0b001601 0b001701 10029 100 131072 631078 20310 2898 5830
0b001f01 0b001801 10030 100 131072 632423 18934 2898 6799
0b001401 0b001501 10029 100 131072 631078 20310 2898 4868
0b001201 0b001301 10029 100 131072 631079 20310 2898 3906
0b001d01 0b001e01 10030 100 131072 632423 18935 2898 5837
0b001001 0b001101 10029 100 131072 631078 20311 2898 6784
0b001801 0b001901 10029 100 131072 631078 20290 2898 6792
0b001e01 0b001f01 10029 100 131072 631078 20312 2898 5838
0b001601 0b001701 10030 100 131072 632729 19188 2898 6310
0b001401 0b001501 10030 100 131072 632729 19188 2898 5348
0b001201 0b001301 10030 100 131072 632729 19189 2898 4386
0b001001 0b001101 10030 100 131072 632730 19188 2898 7264
0b001801 0b001901 10030 100 131072 632730 19167 2898 7272
0b001e01 0b001f01 10030 100 131072 632729 19190 2898 6318
0b001c01 0b001d01 10030 100 131072 632813 19114 2898 5356
0b001a01 0b001b01 10030 100 131072 632814 19114 2898 4394
0b001501 0b001601 10031 100 131072 642729 10082 2898 6309
0b001101 0b001201 10031 100 131072 642731 10081 2898 4385
0b001301 0b001401 10031 100 131072 642719 10093 2898 5347
0b001701 0b001001 10031 100 131072 642726 10087 2898 7271
0b001b01 0b001c01 10031 100 131072 642733 10060 2898 5355
0b001f01 0b001801 10031 100 131072 642707 10105 2898 7279
0b001d01 0b001e01 10031 100 131072 642709 10104 2898 6317
0b001901 0b001a01 10031 100 131072 642711 10103 2898 4393
0b001801 0b001901 10031 100 131072 642245 11581 2898 3912
0b001e01 0b001f01 10031 100 131072 642232 11690 2898 6798
0b001a01 0b001b01 10031 100 131072 642236 11744 2898 4874
0b001001 0b001101 10031 100 131072 642263 11780 2898 3904
0b001601 0b001701 10031 100 131072 642251 11792 2898 6790
0b001401 0b001501 10031 100 131072 642255 11789 2898 5828
0b001201 0b001301 10031 100 131072 642212 11832 2898 4866
0b001c01 0b001d01 10031 100 131072 642236 11907 2898 5836
0b000d01 0b000e01 10026 100 131072 643300 11393 2898 3437
0b000d01 0b000e01 10027 100 131072 643390 11568 2898 557
0b000d01 0b000e01 10028 100 131072 643391 11568 2898 77
0b000d01 0b000e01 10029 100 131072 643400 11560 2898 573
0b000f01 0b000801 10026 100 131072 643392 11597 2898 1519
0b000b01 0b000c01 10026 100 131072 643371 11656 2898 3435
0b000b01 0b000c01 10027 100 131072 643372 11656 2898 2955
0b000b01 0b000c01 10028 100 131072 643373 11656 2898 2475
0b000901 0b000a01 10026 100 131072 643368 11680 2898 2473
0b000901 0b000a01 10027 100 131072 643369 11680 2898 1993
0b000901 0b000a01 10028 100 131072 643370 11680 2898 1513
0b000b01 0b000c01 10029 100 131072 643381 11670 2898 3451
0b000901 0b000a01 10029 100 131072 643394 11657 2898 2489
0b000f01 0b000801 10027 100 131072 643414 11642 2898 1039
0b000f01 0b000801 10028 100 131072 643415 11663 2898 559
0b000f01 0b000801 10029 100 131072 643417 11662 2898 1535
0b000a01 0b000b01 10026 100 131072 643471 11656 2898 2954
0b000a01 0b000b01 10027 100 131072 643473 11656 2898 2474
0b000a01 0b000b01 10028 100 131072 643475 11656 2898 1994
0b000a01 0b000b01 10029 100 131072 643481 11652 2898 2970
0b000c01 0b000d01 10026 100 131072 643488 11655 2898 76
0b000c01 0b000d01 10027 100 131072 643490 11655 2898 3436
0b000801 0b000901 10026 100 131072 643491 11656 2898 1992
0b000c01 0b000d01 10028 100 131072 643492 11655 2898 2956
0b000801 0b000901 10027 100 131072 643493 11656 2898 1512
0b000c01 0b000d01 10029 100 131072 643498 11651 2898 92
0b000801 0b000901 10028 100 131072 643495 11656 2898 1032
0b000801 0b000901 10029 100 131072 643501 11652 2898 2008
0b000e01 0b000f01 10026 100 131072 643494 11660 2898 1038
0b000e01 0b000f01 10027 100 131072 643496 11660 2898 558
0b000e01 0b000f01 10028 100 131072 643498 11660 2898 78
0b000e01 0b000f01 10029 100 131072 643504 11656 2898 1054
0b000601 0b000f01 10001 100 131072 641861 17895 15174 3382
0b000001 0b000901 10001 100 131072 641957 18206 15174 496
0b000301 0b000401 10008 100 131072 597273 62902 11234 1475
0b000701 0b000001 10008 100 131072 597306 62869 11234 3399
0b000501 0b000601 10008 100 131072 597270 62905 11234 2437
0b000101 0b000201 10008 100 131072 597280 62895 11234 513
0b000201 0b000b01 10001 100 131072 641955 18231 15174 1458
0b000401 0b000d01 10001 100 131072 641953 18241 15174 2420
0b000b01 0b000401 10004 100 131072 643374 17268 15174 1995
0b000f01 0b000001 10004 100 131072 643416 17229 15174 79
0b000d01 0b000601 10004 100 131072 643389 17257 15174 2957
0b000901 0b000201 10004 100 131072 643371 17293 15174 1033
0b001301 0b001c01 10004 100 131072 653645 9974 6838 5827
0b001701 0b001801 10004 100 131072 653644 9975 6838 3911
0b001b01 0b001401 10004 100 131072 653611 10005 6838 5835
0b001f01 0b001001 10004 100 131072 653646 9975 6838 3919
0b001501 0b001e01 10004 100 131072 653642 9993 6838 6789
0b001101 0b001a01 10004 100 131072 653645 9996 6838 4865
0b001d01 0b001601 10004 100 131072 653608 10024 6838 6797
0b001901 0b001201 10004 100 131072 653624 10013 6838 4873
0b001001 0b001901 10004 100 131072 652923 10948 6838 4384
0b001c01 0b001501 10004 100 131072 652903 10956 6838 6316
0b001a01 0b001301 10004 100 131072 652901 10971 6838 5354
0b001401 0b001d01 10004 100 131072 652922 10960 6838 6308
0b001601 0b001f01 10004 100 131072 652918 10973 6838 7270
0b001201 0b001b01 10004 100 131072 652922 10973 6838 5346
0b001e01 0b001701 10004 100 131072 652921 10993 6838 7278
0b001801 0b001101 10004 100 131072 652944 10993 6838 4392
0b000a01 0b000301 10005 100 131072 658060 7559 6838 1530
0b000e01 0b000701 10005 100 131072 657703 7917 6838 3454
0b000c01 0b000501 10005 100 131072 658039 7598 6838 2492
0b000801 0b000101 10005 100 131072 658088 7573 6838 568
0b000801 0b000901 10030 100 131072 657999 8642 2898 1528
0b000e01 0b000f01 10030 100 131072 657968 8772 2898 574
0b000e01 0b000f01 10031 100 131072 657969 8772 2898 94
0b000e01 0b000f01 10032 100 131072 657978 8764 2898 590
0b000801 0b000901 10031 100 131072 658066 8710 2898 1048
0b000801 0b000901 10032 100 131072 658089 8688 2898 1544
0b000c01 0b000d01 10030 100 131072 658037 8774 2898 3452
0b000c01 0b000d01 10031 100 131072 658038 8774 2898 2972
0b000c01 0b000d01 10032 100 131072 658061 8752 2898 3468
0b000a01 0b000b01 10030 100 131072 658058 8798 2898 2490
0b000a01 0b000b01 10031 100 131072 658059 8798 2898 2010
0b000a01 0b000b01 10032 100 131072 658068 8790 2898 2506
0b000b01 0b000c01 10030 100 131072 658137 9929 2898 2971
0b000b01 0b000c01 10031 100 131072 658139 9929 2898 2491
0b000b01 0b000c01 10032 100 131072 658147 9923 2898 2987
0b000d01 0b000e01 10030 100 131072 658153 9927 2898 93
0b000d01 0b000e01 10031 100 131072 658155 9927 2898 3453
0b000d01 0b000e01 10032 100 131072 658163 9921 2898 109
0b000901 0b000a01 10030 100 131072 658157 9952 2898 2009
0b000901 0b000a01 10031 100 131072 658159 9952 2898 1529
0b000901 0b000a01 10032 100 131072 658167 9946 2898 2025
0b000f01 0b000801 10030 100 131072 658164 10074 2898 1055
0b000f01 0b000801 10031 100 131072 658166 10074 2898 575
0b000f01 0b000801 10032 100 131072 658174 10068 2898 1071
0b000b01 0b000c01 10033 100 131072 663196 6472 2898 1483
0b000d01 0b000e01 10033 100 131072 663204 6478 2898 2445
0b000901 0b000a01 10033 100 131072 663173 6517 2898 521
0b000f01 0b000801 10033 100 131072 662766 6927 2898 3407
0b000301 0b000401 10009 100 131072 619618 52593 11234 1491
0b000701 0b000001 10009 100 131072 619656 52555 11234 3415
0b000501 0b000601 10009 100 131072 619616 52595 11234 2453
0b000101 0b000201 10009 100 131072 619600 52611 11234 529
0b001a01 0b001b01 10032 100 131072 652898 20091 2898 6794
0b001a01 0b001b01 10033 100 131072 652899 20091 2898 6314
0b001001 0b001101 10032 100 131072 652920 20132 2898 5824
0b001601 0b001701 10032 100 131072 652919 20133 2898 4870
0b001401 0b001501 10032 100 131072 652919 20134 2898 3908
0b001a01 0b001b01 10034 100 131072 652900 20112 2898 5834
0b001201 0b001301 10032 100 131072 652919 20134 2898 6786
0b001001 0b001101 10033 100 131072 652921 20132 2898 5344
0b001601 0b001701 10033 100 131072 652920 20133 2898 4390
0b001401 0b001501 10033 100 131072 652920 20134 2898 7268
0b001c01 0b001d01 10032 100 131072 652900 20122 2898 3916
0b001201 0b001301 10033 100 131072 652920 20134 2898 6306
0b001001 0b001101 10034 100 131072 652922 20132 2898 4864
0b001601 0b001701 10034 100 131072 652921 20133 2898 3910
0b001401 0b001501 10034 100 131072 652921 20134 2898 6788
0b001201 0b001301 10034 100 131072 652921 20134 2898 5826
0b001801 0b001901 10032 100 131072 652941 20092 2898 5832
0b001801 0b001901 10033 100 131072 652942 20092 2898 5352
0b001801 0b001901 10034 100 131072 652943 20092 2898 4872
0b001e01 0b001f01 10032 100 131072 652943 20098 2898 4878
0b001e01 0b001f01 10033 100 131072 652944 20098 2898 4398
0b001e01 0b001f01 10034 100 131072 652945 20098 2898 3918
0b001c01 0b001d01 10033 100 131072 652901 20143 2898 7276
0b001c01 0b001d01 10034 100 131072 652902 20164 2898 6796
0b001d01 0b001e01 10032 100 131072 653607 19850 2898 7277
0b001d01 0b001e01 10033 100 131072 653609 19849 2898 4397
0b001b01 0b001c01 10032 100 131072 653608 19851 2898 7275
0b001d01 0b001e01 10034 100 131072 653610 19849 2898 3917
0b001501 0b001601 10032 100 131072 653641 19878 2898 7269
0b001101 0b001201 10032 100 131072 653642 19878 2898 6305
0b001301 0b001401 10032 100 131072 653642 19878 2898 7267
0b001501 0b001601 10033 100 131072 653643 19877 2898 4389
0b001701 0b001001 10032 100 131072 653641 19880 2898 5351
0b001101 0b001201 10033 100 131072 653643 19878 2898 5825
0b001301 0b001401 10033 100 131072 653643 19878 2898 6787
0b001501 0b001601 10034 100 131072 653644 19877 2898 3909
0b001701 0b001001 10033 100 131072 653642 19880 2898 4871
0b001101 0b001201 10034 100 131072 653644 19878 2898 5345
0b001301 0b001401 10034 100 131072 653644 19878 2898 6307
0b001b01 0b001c01 10033 100 131072 653609 19872 2898 6795
0b001f01 0b001801 10032 100 131072 653622 19859 2898 5359
0b001701 0b001001 10034 100 131072 653643 19880 2898 4391
0b001b01 0b001c01 10034 100 131072 653610 19872 2898 6315
0b001f01 0b001801 10033 100 131072 653644 19859 2898 4879
0b001f01 0b001801 10034 100 131072 653645 19859 2898 4399
0b001901 0b001a01 10032 100 131072 653621 19883 2898 6313
0b001901 0b001a01 10033 100 131072 653622 19883 2898 5833
0b001901 0b001a01 10034 100 131072 653623 19904 2898 5353
0b001001 0b001101 10035 100 131072 653364 20247 2898 5840
0b001401 0b001501 10035 100 131072 653363 20249 2898 3924
0b001201 0b001301 10035 100 131072 653363 20249 2898 6802
0b001601 0b001701 10035 100 131072 653362 20250 2898 4886
0b001801 0b001901 10035 100 131072 653385 20207 2898 5848
0b001e01 0b001f01 10035 100 131072 653386 20214 2898 4894
0b001c01 0b001d01 10035 100 131072 653344 20258 2898 3932
0b001a01 0b001b01 10035 100 131072 653431 20227 2898 6810
0b001a01 0b001b01 10036 100 131072 653770 20153 2898 7290
0b001001 0b001101 10036 100 131072 653769 20195 2898 6320
0b001401 0b001501 10036 100 131072 653768 20197 2898 4404
0b001201 0b001301 10036 100 131072 653768 20197 2898 7282
0b001601 0b001701 10036 100 131072 653767 20198 2898 5366
0b001801 0b001901 10036 100 131072 653790 20155 2898 6328
0b001c01 0b001d01 10036 100 131072 653749 20206 2898 4412
0b001e01 0b001f01 10036 100 131072 653791 20164 2898 5374
0b001d01 0b001e01 10035 100 131072 653965 20049 2898 4413
0b001501 0b001601 10035 100 131072 653999 20077 2898 4405
0b001101 0b001201 10035 100 131072 654000 20077 2898 6321
0b001301 0b001401 10035 100 131072 654000 20077 2898 7283
0b001701 0b001001 10035 100 131072 653999 20079 2898 5367
0b001b01 0b001c01 10035 100 131072 653966 20071 2898 7291
0b001f01 0b001801 10035 100 131072 654001 20058 2898 5375
0b001901 0b001a01 10035 100 131072 653979 20101 2898 6329
0b001a01 0b001b01 10037 100 131072 654326 19930 2898 3930
0b001801 0b001901 10037 100 131072 654367 19911 2898 6808
0b001001 0b001101 10037 100 131072 654346 19951 2898 6800
0b001c01 0b001d01 10037 100 131072 654326 19962 2898 4892
0b001e01 0b001f01 10037 100 131072 654368 19920 2898 5854
0b001401 0b001501 10037 100 131072 654345 19953 2898 4884
0b001201 0b001301 10037 100 131072 654345 19953 2898 3922
0b001601 0b001701 10037 100 131072 654344 19954 2898 5846
0b000d01 0b000601 10005 100 131072 658157 16240 15174 2973
0b001d01 0b001e01 10036 100 131072 654364 20005 2898 4893
0b000b01 0b000401 10005 100 131072 658141 16278 15174 2011
0b000901 0b000201 10005 100 131072 658161 16260 15174 1049
0b001b01 0b001c01 10036 100 131072 654365 20027 2898 3931
0b000f01 0b000001 10005 100 131072 658168 16266 15174 95
0b001501 0b001601 10036 100 131072 654398 20033 2898 4885
0b001101 0b001201 10036 100 131072 654399 20033 2898 6801
0b001301 0b001401 10036 100 131072 654399 20033 2898 3923
0b001701 0b001001 10036 100 131072 654398 20035 2898 5847
0b001901 0b001a01 10036 100 131072 654378 20057 2898 6809
0b001f01 0b001801 10036 100 131072 654400 20102 2898 5855
0b001d01 0b001e01 10037 100 131072 654937 19765 2898 5373
0b001b01 0b001c01 10037 100 131072 654938 19787 2898 4411
0b001a01 0b001b01 10038 100 131072 655824 18921 2898 4410
0b001501 0b001601 10037 100 131072 654927 19837 2898 5365
0b001101 0b001201 10037 100 131072 654928 19837 2898 7281
0b001301 0b001401 10037 100 131072 654928 19837 2898 4403
0b001701 0b001001 10037 100 131072 654927 19839 2898 6327
0b001801 0b001901 10038 100 131072 655822 18945 2898 7288
0b001901 0b001a01 10037 100 131072 654907 19861 2898 7289
0b001f01 0b001801 10037 100 131072 654929 19840 2898 6335
0b001e01 0b001f01 10038 100 131072 655823 18952 2898 6334
0b001c01 0b001d01 10038 100 131072 655803 18974 2898 5372
0b001001 0b001101 10038 100 131072 655823 18963 2898 7280
0b001401 0b001501 10038 100 131072 655822 18965 2898 5364
0b001201 0b001301 10038 100 131072 655822 18965 2898 4402
0b001601 0b001701 10038 100 131072 655821 18966 2898 6326
0b000901 0b000a01 10034 100 131072 669651 5718 2898 1545
0b001901 0b001a01 10038 100 131072 656836 18593 2898 3929
0b001b01 0b001c01 10038 100 131072 656990 18440 2898 4891
0b001f01 0b001801 10038 100 131072 656932 18498 2898 6815
0b001501 0b001601 10038 100 131072 657054 18415 2898 5845
0b001101 0b001201 10038 100 131072 657053 18417 2898 3921
0b001301 0b001401 10038 100 131072 657054 18416 2898 4883
0b001701 0b001001 10038 100 131072 657053 18418 2898 6807
0b001d01 0b001e01 10038 100 131072 657153 18298 2898 5853
0b000901 0b000a01 10035 100 131072 669787 5715 2898 1561
0b000f01 0b000801 10034 100 131072 669750 5856 2898 591
0b000f01 0b000801 10035 100 131072 669760 5847 2898 607
0b000d01 0b000e01 10034 100 131072 669821 5837 2898 3469
0b000d01 0b000e01 10035 100 131072 669831 5828 2898 3485
0b000b01 0b000c01 10034 100 131072 669866 5859 2898 2507
0b000b01 0b000c01 10035 100 131072 669876 5850 2898 2523
0b001001 0b001101 10039 100 131072 666631 9698 2898 3920
0b001401 0b001501 10039 100 131072 666626 9704 2898 5844
0b001201 0b001301 10039 100 131072 666647 9683 2898 4882
0b001601 0b001701 10039 100 131072 666642 9688 2898 6806
0b001a01 0b001b01 10039 100 131072 666651 9637 2898 4890
0b001801 0b001901 10039 100 131072 666629 9681 2898 3928
0b001e01 0b001f01 10039 100 131072 666645 9673 2898 6814
0b001c01 0b001d01 10039 100 131072 666629 9691 2898 5852
0b000c01 0b000501 10006 100 131072 671078 6853 6838 2508
0b000e01 0b000701 10006 100 131072 671092 6855 6838 3470
0b000a01 0b000301 10006 100 131072 671121 6854 6838 1546
0b000801 0b000101 10006 100 131072 671250 6890 6838 584
0b000c01 0b000d01 10033 100 131072 671076 7832 2898 2988
0b000c01 0b000d01 10034 100 131072 671086 7824 2898 3004
0b000e01 0b000f01 10033 100 131072 671090 7829 2898 110
0b000e01 0b000f01 10034 100 131072 671100 7821 2898 126
0b000a01 0b000b01 10033 100 131072 671119 7853 2898 2026
0b000a01 0b000b01 10034 100 131072 671129 7845 2898 2042
0b000801 0b000901 10033 100 131072 671248 7882 2898 1064
0b000801 0b000901 10034 100 131072 671258 7874 2898 1080
0b001d01 0b001e01 10039 100 131072 666892 12663 2898 6333
0b000c01 0b000d01 10035 100 131072 672678 6990 2898 1500
0b000e01 0b000f01 10035 100 131072 672692 6987 2898 2462
0b000a01 0b000b01 10035 100 131072 672700 7011 2898 538
0b001901 0b001a01 10039 100 131072 666881 12741 2898 4409
0b000801 0b000901 10035 100 131072 672703 7124 2898 3416
0b001701 0b001001 10039 100 131072 666924 12736 2898 7287
0b001301 0b001401 10039 100 131072 666882 12778 2898 5363
0b001501 0b001601 10039 100 131072 666869 12791 2898 6325
0b001101 0b001201 10039 100 131072 666947 12714 2898 4401
0b001f01 0b001801 10039 100 131072 666901 12742 2898 7295
0b001b01 0b001c01 10039 100 131072 666905 12873 2898 5371
0b000501 0b000601 10010 100 131072 636795 47179 11234 2469
0b000101 0b000201 10010 100 131072 636812 47162 11234 545
0b000301 0b000401 10010 100 131072 636774 47200 11234 1507
0b000701 0b000001 10010 100 131072 636769 47205 11234 3431
0b000d01 0b000e01 10036 100 131072 682678 2876 2898 1517
0b000f01 0b000801 10036 100 131072 682689 2876 2898 2479
0b000b01 0b000c01 10036 100 131072 682721 2876 2898 555
0b000901 0b000a01 10036 100 131072 682837 2876 2898 3433
0b001c01 0b001501 10005 100 131072 676492 10282 6838 6332
0b001e01 0b001701 10005 100 131072 676467 10309 6838 7294
0b001401 0b001d01 10005 100 131072 676532 10353 6838 6324
0b001601 0b001f01 10005 100 131072 676529 10380 6838 7286
0b001801 0b001101 10005 100 131072 676514 10450 6838 4408
0b001001 0b001901 10005 100 131072 676533 10476 6838 4400
0b001201 0b001b01 10005 100 131072 676532 10752 6838 5362
0b001a01 0b001301 10005 100 131072 676537 10770 6838 5370
0b000b01 0b000401 10006 100 131072 669867 19168 15174 2027
0b000d01 0b000601 10006 100 131072 669822 19218 15174 2989
0b000f01 0b000001 10006 100 131072 669751 19435 15174 111
0b001301 0b001c01 10005 100 131072 676065 13193 6838 5843
0b001b01 0b001401 10005 100 131072 676022 13191 6838 5851
0b001501 0b001e01 10005 100 131072 676065 13240 6838 6805
0b001d01 0b001601 10005 100 131072 676076 13252 6838 6813
0b000901 0b000201 10006 100 131072 669786 19624 15174 1065
0b001f01 0b001001 10005 100 131072 676053 13333 6838 3935
0b001701 0b001801 10005 100 131072 676064 13366 6838 3927
0b001901 0b001201 10005 100 131072 676045 13586 6838 4889
0b001101 0b001a01 10005 100 131072 676064 13632 6838 4881
0b000e01 0b000f01 10036 100 131072 688564 2876 2898 1534
0b000801 0b000901 10036 100 131072 688575 2876 2898 2488
0b000c01 0b000d01 10036 100 131072 688607 2876 2898 572
0b000a01 0b000b01 10036 100 131072 688723 2876 2898 3450
0b000a01 0b000301 10007 100 131072 678379 13452 6838 1562
0b000e01 0b000701 10007 100 131072 678668 13229 6838 3486
0b000e01 0b000701 10008 100 131072 678678 13221 6838 3502
0b000c01 0b000501 10007 100 131072 678735 13208 6838 2524
0b000c01 0b000501 10008 100 131072 678745 13200 6838 2540
0b000801 0b000101 10007 100 131072 678616 13337 6838 600
0b000801 0b000101 10008 100 131072 678626 13329 6838 616
0b000a01 0b000301 10008 100 131072 678512 13483 6838 1578
0b001801 0b001901 10040 100 131072 676491 17364 2898 5368
0b001c01 0b001d01 10040 100 131072 676469 17396 2898 7292
0b001801 0b001901 10041 100 131072 676513 17364 2898 4888
0b001c01 0b001d01 10041 100 131072 676491 17396 2898 6812
0b001a01 0b001b01 10040 100 131072 676514 17384 2898 6330
0b001a01 0b001b01 10041 100 131072 676515 17384 2898 5850
0b001201 0b001301 10040 100 131072 676530 17496 2898 6322
0b001201 0b001301 10041 100 131072 676531 17496 2898 5842
0b001e01 0b001f01 10040 100 131072 676468 17506 2898 4414
0b001e01 0b001f01 10041 100 131072 676469 17506 2898 3934
0b001001 0b001101 10040 100 131072 676531 17538 2898 5360
0b001601 0b001701 10040 100 131072 676530 17540 2898 4406
0b001001 0b001101 10041 100 131072 676532 17538 2898 4880
0b001601 0b001701 10041 100 131072 676531 17540 2898 3926
0b001401 0b001501 10040 100 131072 676530 17542 2898 7284
0b001401 0b001501 10041 100 131072 676531 17563 2898 6804
0b001e01 0b001f01 10042 100 131072 677024 18536 2898 4430
0b001801 0b001901 10042 100 131072 677069 18504 2898 5384
0b000501 0b000601 10011 100 131072 654004 41754 11234 2485
0b001201 0b001301 10042 100 131072 677087 18525 2898 6338
0b000101 0b000201 10011 100 131072 654007 41751 11234 561
0b000301 0b000401 10011 100 131072 653987 41771 11234 1523
0b000701 0b000001 10011 100 131072 654003 41755 11234 3447
0b001c01 0b001d01 10042 100 131072 677047 18557 2898 7308
0b001001 0b001101 10042 100 131072 677088 18567 2898 5376
0b001601 0b001701 10042 100 131072 677086 18570 2898 4422
0b001a01 0b001b01 10042 100 131072 677090 18526 2898 6346
0b001401 0b001501 10042 100 131072 677087 18592 2898 7300
0b001b01 0b001c01 10040 100 131072 675999 19713 2898 6811
0b001b01 0b001c01 10041 100 131072 676000 19713 2898 6331
0b001d01 0b001e01 10040 100 131072 676032 19790 2898 3933
0b001d01 0b001e01 10041 100 131072 676054 19790 2898 7293
0b001301 0b001401 10040 100 131072 676063 19841 2898 6803
0b001901 0b001a01 10040 100 131072 676043 19866 2898 5849
0b001301 0b001401 10041 100 131072 676064 19841 2898 6323
0b001901 0b001a01 10041 100 131072 676044 19866 2898 5369
0b001101 0b001201 10040 100 131072 676062 19886 2898 5841
0b001101 0b001201 10041 100 131072 676063 19886 2898 5361
0b001f01 0b001801 10040 100 131072 676051 19901 2898 4895
0b001f01 0b001801 10041 100 131072 676052 19901 2898 4415
0b001701 0b001001 10040 100 131072 676062 19908 2898 4887
0b001701 0b001001 10041 100 131072 676063 19908 2898 4407
0b001501 0b001601 10040 100 131072 676063 19929 2898 3925
0b001501 0b001601 10041 100 131072 676064 19929 2898 7285
0b001e01 0b001f01 10043 100 131072 677379 18736 2898 4910
0b001c01 0b001d01 10043 100 131072 677402 18757 2898 3948
0b001201 0b001301 10043 100 131072 677442 18725 2898 6818
0b001a01 0b001b01 10043 100 131072 677445 18726 2898 6826
0b001001 0b001101 10043 100 131072 677443 18767 2898 5856
0b001601 0b001701 10043 100 131072 677441 18770 2898 4902
0b001401 0b001501 10043 100 131072 677442 18792 2898 3940
0b001801 0b001901 10043 100 131072 677512 18727 2898 5864
0b001e01 0b001f01 10044 100 131072 677712 18756 2898 5390
0b001201 0b001301 10044 100 131072 677775 18745 2898 7298
0b001801 0b001901 10044 100 131072 677779 18725 2898 6344
0b001c01 0b001d01 10044 100 131072 677735 18777 2898 4428
0b001a01 0b001b01 10044 100 131072 677778 18746 2898 7306
0b001001 0b001101 10044 100 131072 677776 18787 2898 6336
0b001601 0b001701 10044 100 131072 677774 18790 2898 5382
0b001401 0b001501 10044 100 131072 677775 18812 2898 4420
0b001201 0b001301 10045 100 131072 678480 18439 2898 3938
0b001c01 0b001d01 10045 100 131072 678440 18469 2898 4908
0b001801 0b001901 10045 100 131072 678440 18482 2898 6824
0b001a01 0b001b01 10045 100 131072 678439 18484 2898 3946
0b001601 0b001701 10045 100 131072 678479 18482 2898 5862
0b001001 0b001101 10045 100 131072 678481 18481 2898 6816
0b001e01 0b001f01 10045 100 131072 678461 18470 2898 5870
0b001301 0b001401 10042 100 131072 676622 20346 2898 6819
0b001401 0b001501 10045 100 131072 678480 18506 2898 4900
0b001101 0b001201 10042 100 131072 676621 20370 2898 5857
0b001901 0b001a01 10042 100 131072 676602 20371 2898 5865
0b001701 0b001001 10042 100 131072 676622 20412 2898 4903
0b000f01 0b000801 10037 100 131072 694450 2876 2898 1551
0b001501 0b001601 10042 100 131072 676622 20434 2898 3941
0b001f01 0b001801 10042 100 131072 676610 20406 2898 4911
0b000901 0b000a01 10037 100 131072 694461 2876 2898 2505
0b001b01 0b001c01 10042 100 131072 676668 20351 2898 6827
0b001d01 0b001e01 10042 100 131072 676612 20449 2898 3949
0b000d01 0b000e01 10037 100 131072 694493 2876 2898 589
0b000b01 0b000c01 10037 100 131072 694609 2876 2898 3467
0b001b01 0b001c01 10043 100 131072 676933 20504 2898 7307
0b001301 0b001401 10043 100 131072 676975 20478 2898 7299
0b001101 0b001201 10043 100 131072 676974 20523 2898 6337
0b001901 0b001a01 10043 100 131072 676955 20547 2898 6345
0b001701 0b001001 10043 100 131072 676975 20566 2898 5383
0b001f01 0b001801 10043 100 131072 676965 20558 2898 5391
0b001501 0b001601 10043 100 131072 676975 20588 2898 4421
0b001d01 0b001e01 10043 100 131072 676965 20625 2898 4429
0b001301 0b001401 10044 100 131072 677308 20476 2898 3939
0b001b01 0b001c01 10044 100 131072 677266 20502 2898 3947
0b001101 0b001201 10044 100 131072 677307 20521 2898 6817
0b001901 0b001a01 10044 100 131072 677288 20545 2898 6825
0b001f01 0b001801 10044 100 131072 677298 20556 2898 5871
0b001701 0b001001 10044 100 131072 677308 20564 2898 5863
0b001501 0b001601 10044 100 131072 677308 20586 2898 4901
0b001d01 0b001e01 10044 100 131072 677298 20623 2898 4909
0b001301 0b001401 10045 100 131072 677797 20340 2898 4419
0b001b01 0b001c01 10045 100 131072 677755 20366 2898 4427
0b001101 0b001201 10045 100 131072 677796 20385 2898 7297
0b001d01 0b001e01 10045 100 131072 677787 20399 2898 5389
0b001901 0b001a01 10045 100 131072 677777 20430 2898 7305
0b001f01 0b001801 10045 100 131072 677785 20422 2898 6351
0b001701 0b001001 10045 100 131072 677797 20449 2898 6343
0b001501 0b001601 10045 100 131072 677797 20450 2898 5381
0b001201 0b001301 10046 100 131072 682671 15663 2898 4418
0b001a01 0b001b01 10046 100 131072 682632 15662 2898 4426
0b001e01 0b001f01 10046 100 131072 682565 15739 2898 6350
0b001801 0b001901 10046 100 131072 682653 15665 2898 7304
0b001c01 0b001d01 10046 100 131072 682788 15582 2898 5388
0b001001 0b001101 10046 100 131072 682670 15707 2898 7296
0b001601 0b001701 10046 100 131072 682670 15708 2898 6342
0b001401 0b001501 10046 100 131072 682670 15731 2898 5380
0b001301 0b001401 10046 100 131072 679340 19482 2898 4899
0b001b01 0b001c01 10046 100 131072 679298 19486 2898 4907
0b001101 0b001201 10046 100 131072 679339 19527 2898 3937
0b001d01 0b001e01 10046 100 131072 679330 19563 2898 5869
0b001901 0b001a01 10046 100 131072 679320 19594 2898 3945
0b001501 0b001601 10046 100 131072 679340 19592 2898 5861
0b001f01 0b001801 10046 100 131072 679328 19608 2898 6831
0b001701 0b001001 10046 100 131072 679340 19613 2898 6823
0b001801 0b001901 10047 100 131072 692440 7971 2898 3944
0b001601 0b001701 10047 100 131072 692338 8133 2898 6822
0b001001 0b001101 10047 100 131072 692396 8119 2898 3936
0b001e01 0b001f01 10047 100 131072 692315 8214 2898 6830
0b001201 0b001301 10047 100 131072 692641 7941 2898 4898
0b001a01 0b001b01 10047 100 131072 692706 7879 2898 4906
0b001401 0b001501 10047 100 131072 692223 8447 2898 5860
0b001c01 0b001d01 10047 100 131072 692268 8547 2898 5868
0b000801 0b000901 10037 100 131072 700336 2876 2898 1560
0b000a01 0b000b01 10037 100 131072 700347 2876 2898 2522
0b000e01 0b000f01 10037 100 131072 700379 2876 2898 606
0b000c01 0b000d01 10037 100 131072 700495 2876 2898 3484
0b001501 0b001e01 10006 100 131072 697104 9609 6838 6821
0b001301 0b001c01 10006 100 131072 697037 9721 6838 5859
0b001d01 0b001601 10006 100 131072 696897 9803 6838 6829
0b001701 0b001801 10006 100 131072 697081 9742 6838 3943
0b001101 0b001a01 10006 100 131072 697080 9762 6838 4897
0b001b01 0b001401 10006 100 131072 696909 9856 6838 5867
0b001f01 0b001001 10006 100 131072 696985 9830 6838 3951
0b001901 0b001201 10006 100 131072 696887 9941 6838 4905
0b000201 0b000301 10006 100 131072 559010 148380 11234 3362
0b000601 0b000701 10006 100 131072 559010 148380 11234 2886
0b000401 0b000501 10000 100 131072 559010 148380 11234 4
0b000001 0b000101 10000 100 131072 559010 148380 11234 0
0b000201 0b000301 10005 100 131072 559010 148384 11234 2882
0b000601 0b000701 10005 100 131072 559010 148384 11234 2406
0b000401 0b000501 10006 100 131072 559010 148384 11234 3364
0b000001 0b000101 10006 100 131072 559010 148384 11234 3360
0b000201 0b000301 10004 100 131072 559010 148388 11234 2402
0b000601 0b000701 10004 100 131072 559010 148388 11234 1926
0b000401 0b000501 10005 100 131072 559010 148388 11234 2884
0b000001 0b000101 10005 100 131072 559010 148388 11234 2880
0b000201 0b000301 10003 100 131072 559010 148392 11234 1922
0b000601 0b000701 10003 100 131072 559010 148392 11234 1446
0b000401 0b000501 10004 100 131072 559010 148392 11234 1924
0b000001 0b000101 10004 100 131072 559010 148392 11234 2400
0b000201 0b000301 10002 100 131072 559010 148396 11234 962
0b000601 0b000701 10002 100 131072 559010 148396 11234 966
0b000401 0b000501 10003 100 131072 559010 148396 11234 1444
0b000001 0b000101 10003 100 131072 559010 148396 11234 1920
0b000201 0b000301 10001 100 131072 559010 148400 11234 482
0b000601 0b000701 10001 100 131072 559010 148400 11234 486
0b000401 0b000501 10002 100 131072 559010 148400 11234 964
0b000001 0b000101 10002 100 131072 559010 148400 11234 1440
0b000201 0b000301 10000 100 131072 559010 148404 11234 2
0b000601 0b000701 10000 100 131072 559010 148404 11234 6
0b000401 0b000501 10001 100 131072 559010 148404 11234 484
0b000001 0b000101 10001 100 131072 559010 148404 11234 960
0b000101 0b000201 10012 100 131072 668671 38787 11234 577
0b000501 0b000601 10012 100 131072 668647 38811 11234 2501
0b000701 0b000001 10012 100 131072 668630 38828 11234 3463
0b000301 0b000401 10012 100 131072 668629 38829 11234 1539
0b000d01 0b000601 10007 100 131072 681918 26087 15174 3005
0b000d01 0b000601 10008 100 131072 681928 26086 15174 3021
0b000f01 0b000001 10007 100 131072 681929 26087 15174 127
0b000f01 0b000001 10008 100 131072 681939 26086 15174 143
0b000b01 0b000401 10007 100 131072 681982 26087 15174 2043
0b000b01 0b000401 10008 100 131072 681992 26086 15174 2059
0b000901 0b000201 10007 100 131072 682140 26087 15174 1081
0b000901 0b000201 10008 100 131072 682150 26086 15174 1097
0b001c01 0b001501 10006 100 131072 698723 9519 6838 6348
0b001e01 0b001701 10006 100 131072 698854 9565 6838 7310
0b001401 0b001d01 10006 100 131072 698915 9548 6838 6340
0b001501 0b001601 10047 100 131072 689784 18809 2898 6341
0b001601 0b001f01 10006 100 131072 699003 9595 6838 7302
0b001801 0b001101 10006 100 131072 698963 9712 6838 4424
0b001a01 0b001301 10006 100 131072 698920 9801 6838 5386
0b001001 0b001901 10006 100 131072 698981 9759 6838 4416
0b001701 0b001001 10047 100 131072 689786 18961 2898 7303
0b001201 0b001b01 10006 100 131072 698959 9868 6838 5378
0b001101 0b001201 10047 100 131072 689974 18905 2898 4417
0b000901 0b000a01 10038 100 131072 706222 2876 2898 1577
0b001f01 0b001801 10047 100 131072 689919 19052 2898 7311
0b001d01 0b001e01 10047 100 131072 689895 19099 2898 6349
0b001901 0b001a01 10047 100 131072 690019 18996 2898 4425
0b001b01 0b001c01 10047 100 131072 690294 18767 2898 5387
0b000b01 0b000c01 10038 100 131072 706233 2876 2898 2539
0b000f01 0b000801 10038 100 131072 706265 2876 2898 623
0b001301 0b001401 10047 100 131072 690317 18848 2898 5379
0b000d01 0b000e01 10038 100 131072 706381 2876 2898 3501
0b001e01 0b001f01 10048 100 131072 698832 14284 2898 3950
0b001c01 0b001d01 10048 100 131072 698722 14636 2898 6828
0b001801 0b001901 10048 100 131072 698962 14674 2898 4904
0b001001 0b001101 10048 100 131072 698980 14760 2898 4896
0b001601 0b001701 10048 100 131072 699002 14782 2898 3942
0b001a01 0b001b01 10048 100 131072 698919 14891 2898 5866
0b001401 0b001501 10048 100 131072 698914 15003 2898 6820
0b001201 0b001301 10048 100 131072 698958 15025 2898 5858
0b001b01 0b001c01 10048 100 131072 696908 18778 2898 6347
0b001901 0b001a01 10048 100 131072 696865 18973 2898 5385
0b001d01 0b001e01 10048 100 131072 696875 18964 2898 7309
0b001501 0b001601 10048 100 131072 697082 18862 2898 7301
0b001301 0b001401 10048 100 131072 697036 18974 2898 6339
0b001101 0b001201 10048 100 131072 697079 18953 2898 5377
0b001701 0b001001 10048 100 131072 697080 19018 2898 4423
0b001f01 0b001801 10048 100 131072 696984 19162 2898 4431
0b000501 0b000e01 10001 100 131072 710408 6820 6838 2901
0b000301 0b000c01 10001 100 131072 710412 6820 6838 1939
0b000101 0b000a01 10001 100 131072 710424 6820 6838 977
0b000701 0b000801 10001 100 131072 710424 6820 6838 23
0b001801 0b001901 10049 100 131072 700026 17309 2898 4920
0b001001 0b001101 10049 100 131072 700044 17395 2898 4912
0b001e01 0b001f01 10049 100 131072 700071 17360 2898 3966
0b001601 0b001701 10049 100 131072 700066 17417 2898 3958
0b001201 0b001301 10049 100 131072 700001 17527 2898 5874
0b001a01 0b001b01 10049 100 131072 699983 17526 2898 5882
0b001401 0b001501 10049 100 131072 699978 17638 2898 6836
0b001c01 0b001d01 10049 100 131072 700029 17798 2898 6844
0b001401 0b001501 10050 100 131072 700463 18078 2898 7316
0b001801 0b001901 10050 100 131072 700533 17991 2898 5400
0b001201 0b001301 10050 100 131072 700507 18078 2898 6354
0b001a01 0b001b01 10050 100 131072 700512 18054 2898 6362
0b001001 0b001101 10050 100 131072 700551 18077 2898 5392
0b001c01 0b001d01 10050 100 131072 700447 18173 2898 7324
0b001e01 0b001f01 10050 100 131072 700600 18020 2898 4446
0b001601 0b001701 10050 100 131072 700573 18099 2898 4438
0b000a01 0b000301 10009 100 131072 712108 7019 6838 1594
0b001901 0b001a01 10049 100 131072 698583 20165 2898 5401
0b000c01 0b000501 10009 100 131072 712119 7115 6838 2556
0b001b01 0b001c01 10049 100 131072 698626 20124 2898 6363
0b001301 0b001401 10049 100 131072 698622 20165 2898 6355
0b001f01 0b001801 10049 100 131072 698570 20199 2898 4447
0b001d01 0b001e01 10049 100 131072 698614 20156 2898 7325
0b001101 0b001201 10049 100 131072 698665 20144 2898 5393
0b000101 0b000201 10013 100 131072 681150 37933 11234 593
0b000701 0b000001 10013 100 131072 680957 38126 11234 3479
0b000501 0b000601 10013 100 131072 680941 38142 11234 2517
0b000301 0b000401 10013 100 131072 680985 38098 11234 1555
0b001701 0b001001 10049 100 131072 698666 20209 2898 4439
0b001501 0b001601 10049 100 131072 698689 20186 2898 7317
0b001c01 0b001d01 10051 100 131072 700778 18285 2898 3964
0b001401 0b001501 10051 100 131072 700794 18300 2898 3956
0b001801 0b001901 10051 100 131072 700864 18213 2898 5880
0b001201 0b001301 10051 100 131072 700838 18300 2898 6834
0b001a01 0b001b01 10051 100 131072 700843 18276 2898 6842
0b001001 0b001101 10051 100 131072 700882 18299 2898 5872
0b001e01 0b001f01 10051 100 131072 700931 18242 2898 4926
0b001601 0b001701 10051 100 131072 700904 18321 2898 4918
0b000801 0b000101 10009 100 131072 712151 7323 6838 632
0b001c01 0b001d01 10052 100 131072 701131 18285 2898 4444
0b001801 0b001901 10052 100 131072 701217 18213 2898 6360
0b001401 0b001501 10052 100 131072 701147 18300 2898 4436
0b001e01 0b001f01 10052 100 131072 701196 18242 2898 5406
0b001a01 0b001b01 10052 100 131072 701217 18255 2898 7322
0b001201 0b001301 10052 100 131072 701191 18300 2898 7314
0b001001 0b001101 10052 100 131072 701256 18278 2898 6352
0b001601 0b001701 10052 100 131072 701257 18321 2898 5398
0b000e01 0b000701 10009 100 131072 712267 7426 6838 3518
0b001f01 0b001801 10050 100 131072 699125 20686 2898 4927
0b001c01 0b001d01 10053 100 131072 701794 18021 2898 4924
0b001401 0b001501 10053 100 131072 701832 17993 2898 4916
0b001801 0b001901 10053 100 131072 701946 17883 2898 6840
0b001d01 0b001e01 10050 100 131072 699169 20664 2898 3965
0b001b01 0b001c01 10050 100 131072 699181 20653 2898 6843
0b001e01 0b001f01 10053 100 131072 701903 17934 2898 5886
0b001301 0b001401 10050 100 131072 699177 20673 2898 6835
0b001101 0b001201 10050 100 131072 699220 20631 2898 5873
0b001a01 0b001b01 10053 100 131072 701924 17947 2898 3962
0b001201 0b001301 10053 100 131072 701876 18014 2898 3954
0b001501 0b001601 10050 100 131072 699244 20673 2898 3957
0b001701 0b001001 10050 100 131072 699221 20696 2898 4919
0b001001 0b001101 10053 100 131072 701963 17970 2898 6832
0b001901 0b001a01 10050 100 131072 699249 20695 2898 5881
0b001601 0b001701 10053 100 131072 701942 18035 2898 5878
0b001f01 0b001801 10051 100 131072 699478 20795 2898 5407
0b001d01 0b001e01 10051 100 131072 699522 20752 2898 4445
0b001b01 0b001c01 10051 100 131072 699534 20741 2898 7323
0b001901 0b001a01 10051 100 131072 699514 20761 2898 6361
0b001301 0b001401 10051 100 131072 699530 20761 2898 7315
0b001101 0b001201 10051 100 131072 699573 20740 2898 6353
0b001701 0b001001 10051 100 131072 699574 20784 2898 5399
0b001501 0b001601 10051 100 131072 699597 20782 2898 4437
0b001d01 0b001e01 10052 100 131072 699919 20620 2898 4925
0b001b01 0b001c01 10052 100 131072 699933 20607 2898 3963
0b001701 0b001001 10052 100 131072 699971 20673 2898 5879
0b001501 0b001601 10052 100 131072 699996 20648 2898 4917
0b001301 0b001401 10052 100 131072 699929 20715 2898 3955
0b001f01 0b001801 10052 100 131072 699941 20685 2898 5887
0b001101 0b001201 10052 100 131072 699972 20694 2898 6833
0b001901 0b001a01 10052 100 131072 699932 20696 2898 6841
0b001d01 0b001e01 10053 100 131072 701380 19886 2898 5405
0b001b01 0b001c01 10053 100 131072 701304 19963 2898 4443
0b001f01 0b001801 10053 100 131072 701314 19973 2898 6367
0b001301 0b001401 10053 100 131072 701344 19961 2898 4435
0b001901 0b001a01 10053 100 131072 701328 19982 2898 7321
0b001101 0b001201 10053 100 131072 701387 19940 2898 7313
0b001701 0b001001 10053 100 131072 701388 19983 2898 6359
0b001501 0b001601 10053 100 131072 701411 19960 2898 5397
0b001b01 0b001c01 10054 100 131072 703595 18377 2898 4923
0b001101 0b001201 10054 100 131072 703525 18507 2898 3953
0b001f01 0b001801 10054 100 131072 703539 18497 2898 6847
0b001301 0b001401 10054 100 131072 703592 18484 2898 4915
0b001701 0b001001 10054 100 131072 703481 18595 2898 6839
0b001901 0b001a01 10054 100 131072 703421 18638 2898 3961
0b001d01 0b001e01 10054 100 131072 703825 18256 2898 5885
0b001501 0b001601 10054 100 131072 703680 18528 2898 5877
0b001e01 0b001f01 10054 100 131072 709723 12719 2898 6846
0b001c01 0b001d01 10054 100 131072 709768 12675 2898 5884
0b001401 0b001501 10054 100 131072 709775 12720 2898 5876
0b001801 0b001901 10054 100 131072 709833 12645 2898 3960
0b001201 0b001301 10054 100 131072 709838 12701 2898 4914
0b001a01 0b001b01 10054 100 131072 709852 12668 2898 4922
0b001001 0b001101 10054 100 131072 709825 12757 2898 3952
0b001601 0b001701 10054 100 131072 709710 12872 2898 6838
0b001e01 0b001f01 10055 100 131072 712004 10769 2898 6366
0b001801 0b001901 10055 100 131072 711981 10806 2898 7320
0b001c01 0b001d01 10055 100 131072 712071 10724 2898 5404
0b001001 0b001101 10055 100 131072 711757 11090 2898 7312
0b001601 0b001701 10055 100 131072 711603 11244 2898 6358
0b001a01 0b001b01 10055 100 131072 712025 10804 2898 4442
0b001401 0b001501 10055 100 131072 712175 10673 2898 5396
0b001201 0b001301 10055 100 131072 711889 10959 2898 4434
0b000e01 0b000f01 10038 100 131072 720238 2876 2898 2926
0b000c01 0b000d01 10038 100 131072 720242 2876 2898 1964
0b000801 0b000901 10038 100 131072 720254 2876 2898 40
0b000a01 0b000b01 10038 100 131072 720254 2876 2898 1002
0b001701 0b001001 10055 100 131072 711429 15267 2898 7319
0b001101 0b001201 10055 100 131072 711685 15319 2898 4433
0b001f01 0b001801 10055 100 131072 711608 15399 2898 7327
0b001d01 0b001e01 10055 100 131072 711473 15535 2898 6365
0b001b01 0b001c01 10055 100 131072 711837 15238 2898 5403
0b001301 0b001401 10055 100 131072 711731 15360 2898 5395
0b001501 0b001601 10055 100 131072 711252 15927 2898 6357
0b001901 0b001a01 10055 100 131072 711750 15566 2898 4441
0b000f01 0b000801 10039 100 131072 726124 2876 2898 2943
0b000d01 0b000e01 10039 100 131072 726128 2876 2898 1981
0b000901 0b000a01 10039 100 131072 726140 2876 2898 57
0b000b01 0b000c01 10039 100 131072 726140 2876 2898 1019
0b001f01 0b001001 10007 100 131072 716126 12929 6838 3967
0b001e01 0b001701 10007 100 131072 718849 10770 6838 7326
0b001601 0b001f01 10007 100 131072 718954 10685 6838 7318
0b001d01 0b001601 10007 100 131072 716368 13334 6838 6845
0b001c01 0b001501 10007 100 131072 718696 11142 6838 6364
0b001401 0b001d01 10007 100 131072 719020 10863 6838 6356
0b001001 0b001901 10007 100 131072 719108 10857 6838 4432
0b001801 0b001101 10007 100 131072 719156 10831 6838 4440
0b001a01 0b001301 10007 100 131072 718848 11272 6838 5402
0b001201 0b001b01 10007 100 131072 719042 11096 6838 5394
0b001701 0b001801 10007 100 131072 716794 13577 6838 3959
0b001501 0b001e01 10007 100 131072 716927 13917 6838 6837
0b001901 0b001201 10007 100 131072 716646 14558 6838 4921
0b001b01 0b001401 10007 100 131072 716820 14390 6838 5883
0b001101 0b001a01 10007 100 131072 716750 14691 6838 4913
0b001301 0b001c01 10007 100 131072 716993 14626 6838 5875
0b001501 0b001e01 10008 100 131072 720626 11756 6838 6853
0b001d01 0b001601 10008 100 131072 720837 11556 6838 6861
0b001301 0b001c01 10008 100 131072 720538 11895 6838 5891
0b001b01 0b001401 10008 100 131072 720519 11911 6838 5899
0b001f01 0b001001 10008 100 131072 720441 12184 6838 3983
0b001701 0b001801 10008 100 131072 720493 12136 6838 3975
0b001901 0b001201 10008 100 131072 720345 12302 6838 4937
0b001101 0b001a01 10008 100 131072 720449 12219 6838 4929
0b001c01 0b001501 10008 100 131072 721760 12207 6838 6380
0b001401 0b001d01 10008 100 131072 721797 12258 6838 6372
0b001e01 0b001701 10008 100 131072 721780 12337 6838 7342
0b001a01 0b001301 10008 100 131072 721758 12380 6838 5418
0b001601 0b001f01 10008 100 131072 721885 12320 6838 7334
0b001201 0b001b01 10008 100 131072 721819 12537 6838 5410
0b001001 0b001901 10008 100 131072 721885 12648 6838 4448
0b001801 0b001101 10008 100 131072 721779 12921 6838 4456
0b000801 0b000901 10039 100 131072 732010 2876 2898 2952
0b000e01 0b000f01 10039 100 131072 732014 2876 2898 1998
0b000a01 0b000b01 10039 100 131072 732026 2876 2898 74
0b000c01 0b000d01 10039 100 131072 732026 2876 2898 1036
0b001401 0b001501 10056 100 131072 722860 12699 2898 6852
0b001201 0b001301 10056 100 131072 722861 12720 2898 5890
0b001c01 0b001d01 10056 100 131072 722844 12792 2898 6860
0b001801 0b001901 10056 100 131072 722821 12852 2898 4936
0b001e01 0b001f01 10056 100 131072 722843 12859 2898 3982
0b001601 0b001701 10056 100 131072 722927 13115 2898 3974
0b001a01 0b001b01 10056 100 131072 722954 13465 2898 5898
0b001001 0b001101 10056 100 131072 722927 13508 2898 4928
0b001b01 0b001c01 10056 100 131072 721576 16392 2898 6379
0b001101 0b001201 10056 100 131072 721638 16391 2898 5409
0b001701 0b001001 10056 100 131072 721682 16435 2898 4455
0b001901 0b001a01 10056 100 131072 721534 16609 2898 5417
0b001301 0b001401 10056 100 131072 721595 16631 2898 6371
0b001f01 0b001801 10056 100 131072 721630 16732 2898 4463
0b001501 0b001601 10056 100 131072 721551 16851 2898 7333
0b001d01 0b001e01 10056 100 131072 721630 16887 2898 7341
0b001a01 0b001b01 10057 100 131072 723285 15293 2898 6378
0b001401 0b001501 10057 100 131072 723301 15341 2898 7332
0b001201 0b001301 10057 100 131072 723323 15319 2898 6370
0b001c01 0b001d01 10057 100 131072 723285 15434 2898 7340
0b001801 0b001901 10057 100 131072 723283 15473 2898 5416
0b001e01 0b001f01 10057 100 131072 723284 15501 2898 4462
0b001601 0b001701 10057 100 131072 723389 15736 2898 4454
0b001001 0b001101 10057 100 131072 723368 15996 2898 5408
0b001c01 0b001d01 10058 100 131072 723550 15962 2898 3980
0b001e01 0b001f01 10058 100 131072 723549 16029 2898 4942
0b001a01 0b001b01 10058 100 131072 723638 15999 2898 6858
0b001401 0b001501 10058 100 131072 723654 16026 2898 3972
0b001b01 0b001c01 10057 100 131072 722129 17538 2898 6859
0b001201 0b001301 10058 100 131072 723676 16025 2898 6850
0b001901 0b001a01 10057 100 131072 722087 17599 2898 5897
0b001101 0b001201 10057 100 131072 722191 17514 2898 5889
0b001301 0b001401 10057 100 131072 722148 17602 2898 6851
0b001d01 0b001e01 10057 100 131072 722073 17681 2898 3981
0b001501 0b001601 10057 100 131072 722104 17689 2898 3973
0b001801 0b001901 10058 100 131072 723636 16177 2898 5896
0b001701 0b001001 10057 100 131072 722235 17580 2898 4935
0b001f01 0b001801 10057 100 131072 722183 17724 2898 4943
0b001601 0b001701 10058 100 131072 723654 16266 2898 4934
0b001001 0b001101 10058 100 131072 723654 16505 2898 5888
0b001b01 0b001c01 10058 100 131072 722482 17846 2898 7339
0b001901 0b001a01 10058 100 131072 722440 17909 2898 6377
0b001101 0b001201 10058 100 131072 722544 17845 2898 6369
0b001d01 0b001e01 10058 100 131072 722426 17989 2898 4461
0b001301 0b001401 10058 100 131072 722501 17931 2898 7331
0b001f01 0b001801 10058 100 131072 722448 17988 2898 5423
0b001501 0b001601 10058 100 131072 722457 17997 2898 4453
0b001701 0b001001 10058 100 131072 722588 17890 2898 5415
0b001c01 0b001d01 10059 100 131072 724277 16452 2898 4460
0b000901 0b000a01 10040 100 131072 737896 2876 2898 2969
0b000f01 0b000801 10040 100 131072 737900 2876 2898 2015
0b000b01 0b000c01 10040 100 131072 737912 2876 2898 91
0b000d01 0b000e01 10040 100 131072 737912 2876 2898 1053
0b001a01 0b001b01 10059 100 131072 724320 16422 2898 7338
0b001401 0b001501 10059 100 131072 724315 16470 2898 4452
0b001b01 0b001c01 10059 100 131072 722881 17890 2898 3979
0b001901 0b001a01 10059 100 131072 722839 17951 2898 6857
0b001201 0b001301 10059 100 131072 724337 16469 2898 7330
0b001e01 0b001f01 10059 100 131072 724276 16519 2898 5422
0b001101 0b001201 10059 100 131072 722943 17866 2898 6849
0b001301 0b001401 10059 100 131072 722900 17954 2898 3971
0b001d01 0b001e01 10059 100 131072 722825 18033 2898 4941
0b001501 0b001601 10059 100 131072 722835 18083 2898 4933
0b001801 0b001901 10059 100 131072 724297 16623 2898 6376
0b001f01 0b001801 10059 100 131072 722847 18142 2898 5903
0b001701 0b001001 10059 100 131072 722987 18042 2898 5895
0b001601 0b001701 10059 100 131072 724381 16754 2898 5414
0b000301 0b000401 10014 100 131072 694841 46434 11234 1571
0b001001 0b001101 10059 100 131072 724381 16993 2898 6368
0b001c01 0b001d01 10060 100 131072 724982 16452 2898 4940
0b001401 0b001501 10060 100 131072 725086 16425 2898 4932
0b001201 0b001301 10060 100 131072 725042 16469 2898 3970
0b001a01 0b001b01 10060 100 131072 725069 16466 2898 3978
0b001e01 0b001f01 10060 100 131072 725091 16497 2898 5902
0b001801 0b001901 10060 100 131072 725046 16579 2898 6856
0b000101 0b000201 10014 100 131072 694963 46844 11234 609
0b000701 0b000001 10014 100 131072 694907 46900 11234 3495
0b000301 0b000401 10015 100 131072 695005 46802 11234 1587
0b000101 0b000201 10015 100 131072 694973 46835 11234 625
0b000701 0b000001 10015 100 131072 694917 46891 11234 3511
0b000501 0b000601 10014 100 131072 694953 46858 11234 2533
0b000501 0b000601 10015 100 131072 694963 46849 11234 2549
0b001601 0b001701 10060 100 131072 725218 16710 2898 5894
0b001001 0b001101 10060 100 131072 725086 16993 2898 6848
0b001101 0b001201 10060 100 131072 725592 17465 2898 3969
0b001901 0b001a01 10060 100 131072 725488 17727 2898 3977
0b001101 0b001201 10061 100 131072 725857 17377 2898 7329
0b001b01 0b001c01 10060 100 131072 725530 17730 2898 4939
0b001701 0b001001 10060 100 131072 725592 17708 2898 6855
0b001301 0b001401 10060 100 131072 725549 17817 2898 4931
0b001f01 0b001801 10060 100 131072 725452 17938 2898 6863
0b001d01 0b001e01 10060 100 131072 725453 17938 2898 5901
0b001501 0b001601 10060 100 131072 725505 17925 2898 5893
0b001701 0b001001 10061 100 131072 725857 17664 2898 6375
0b001901 0b001a01 10061 100 131072 725797 17749 2898 7337
0b001b01 0b001c01 10061 100 131072 725839 17752 2898 4459
0b001301 0b001401 10061 100 131072 725858 17860 2898 4451
0b001f01 0b001801 10061 100 131072 725783 17938 2898 6383
0b001d01 0b001e01 10061 100 131072 725805 17917 2898 5421
0b001501 0b001601 10061 100 131072 725858 17924 2898 5413
0b001201 0b001301 10061 100 131072 730014 15704 2898 4450
0b001c01 0b001d01 10061 100 131072 730085 15644 2898 5420
0b001801 0b001901 10061 100 131072 730017 15793 2898 7336
0b001401 0b001501 10061 100 131072 730101 15705 2898 5412
0b001e01 0b001f01 10061 100 131072 730018 15821 2898 6382
0b001a01 0b001b01 10061 100 131072 730326 15724 2898 4458
0b001001 0b001101 10061 100 131072 729706 16646 2898 7328
0b000a01 0b000b01 10040 100 131072 743782 2876 2898 2986
0b000801 0b000901 10040 100 131072 743786 2876 2898 2024
0b000c01 0b000d01 10040 100 131072 743798 2876 2898 108
0b000e01 0b000f01 10040 100 131072 743798 2876 2898 1070
0b001601 0b001701 10061 100 131072 730189 16298 2898 6374
0b001301 0b001c01 10009 100 131072 738591 10219 6838 5907
0b001b01 0b001401 10009 100 131072 739429 9406 6838 5915
0b001901 0b001201 10009 100 131072 738683 10184 6838 4953
0b001101 0b001a01 10009 100 131072 739445 9503 6838 4945
0b001f01 0b001001 10009 100 131072 738712 10275 6838 3999
0b001701 0b001801 10009 100 131072 739052 9974 6838 3991
0b001001 0b001101 10062 100 131072 732065 17016 2898 3968
0b001d01 0b001601 10009 100 131072 738646 10521 6838 6877
0b001501 0b001e01 10009 100 131072 738569 10593 6838 6869
0b001601 0b001701 10062 100 131072 732712 16636 2898 6854
0b001101 0b001201 10062 100 131072 732997 16403 2898 4449
0b001801 0b001901 10062 100 131072 733381 16104 2898 3976
0b001701 0b001001 10062 100 131072 732629 17145 2898 7335
0b001e01 0b001f01 10062 100 131072 733854 16144 2898 6862
0b001901 0b001a01 10062 100 131072 732975 17264 2898 4457
0b001401 0b001501 10062 100 131072 734220 16031 2898 5892
0b001f01 0b001801 10062 100 131072 732649 17633 2898 7343
0b001c01 0b001501 10009 100 131072 740978 9462 6838 6396
0b001201 0b001301 10062 100 131072 734214 16237 2898 4930
0b001001 0b001901 10009 100 131072 741127 9453 6838 4464
0b001201 0b001b01 10009 100 131072 741039 9607 6838 5426
0b001d01 0b001e01 10062 100 131072 732893 17764 2898 6381
0b001b01 0b001c01 10062 100 131072 733148 17511 2898 5419
0b001c01 0b001d01 10062 100 131072 734629 16031 2898 5900
0b001a01 0b001b01 10062 100 131072 734451 16222 2898 4938
0b001501 0b001601 10062 100 131072 732848 17848 2898 6373
0b001401 0b001d01 10009 100 131072 741236 9461 6838 6388
0b001301 0b001401 10062 100 131072 733130 17611 2898 5411
0b001a01 0b001301 10009 100 131072 741153 9656 6838 5434
0b001801 0b001101 10009 100 131072 741372 9562 6838 4472
0b001601 0b001f01 10009 100 131072 741412 9682 6838 7350
0b001e01 0b001701 10009 100 131072 741527 9695 6838 7358
0b001401 0b001501 10063 100 131072 735440 15870 2898 5908
0b001e01 0b001f01 10063 100 131072 735392 15929 2898 6878
0b001c01 0b001d01 10063 100 131072 735443 15878 2898 5916
0b001801 0b001901 10063 100 131072 735639 15697 2898 3992
0b001201 0b001301 10063 100 131072 735657 15983 2898 4946
0b001a01 0b001b01 10063 100 131072 735678 16052 2898 4954
0b001601 0b001701 10063 100 131072 735403 16324 2898 6870
0b001001 0b001101 10063 100 131072 735635 16485 2898 3984
0b000b01 0b000c01 10041 100 131072 749668 2876 2898 3003
0b000901 0b000a01 10041 100 131072 749672 2876 2898 2041
0b000d01 0b000e01 10041 100 131072 749684 2876 2898 125
0b000f01 0b000801 10041 100 131072 749684 2876 2898 1087
0b001101 0b001201 10063 100 131072 737710 16026 2898 4465
0b001701 0b001001 10063 100 131072 737127 16676 2898 7351
0b001301 0b001401 10063 100 131072 737148 17182 2898 5427
0b001d01 0b001e01 10063 100 131072 737065 17291 2898 6397
0b001501 0b001601 10063 100 131072 736977 17396 2898 6389
0b001b01 0b001c01 10063 100 131072 737366 17036 2898 5435
0b001f01 0b001801 10063 100 131072 737215 17272 2898 7359
0b001901 0b001a01 10063 100 131072 737543 17055 2898 4473
0b000601 0b000701 10007 100 131072 577135 180434 11234 2902
0b000201 0b000301 10007 100 131072 577135 180434 11234 978
0b000001 0b000101 10007 100 131072 577135 180434 11234 16
0b000401 0b000501 10007 100 131072 577135 180434 11234 1940
0b000c01 0b000d01 10041 100 131072 755554 2876 2898 3020
0b000a01 0b000b01 10041 100 131072 755558 2876 2898 2058
0b000e01 0b000f01 10041 100 131072 755570 2876 2898 142
0b000801 0b000901 10041 100 131072 755570 2876 2898 1096
0b001b01 0b001c01 10064 100 131072 741588 18733 2898 6395
0b001301 0b001401 10064 100 131072 741652 18773 2898 6387
0b001101 0b001201 10064 100 131072 742374 18139 2898 5425
0b001901 0b001a01 10064 100 131072 741766 18817 2898 5433
0b001701 0b001001 10064 100 131072 742135 18467 2898 4471
0b001d01 0b001e01 10064 100 131072 741729 18964 2898 7357
0b001501 0b001601 10064 100 131072 741652 19079 2898 7349
0b001f01 0b001801 10064 100 131072 741795 19030 2898 4479
0b001e01 0b001f01 10064 100 131072 742764 18572 2898 3998
0b001401 0b001501 10064 100 131072 742760 18829 2898 6868
0b001c01 0b001d01 10064 100 131072 742677 18947 2898 6876
0b001801 0b001901 10064 100 131072 742917 18720 2898 4952
0b001601 0b001701 10064 100 131072 742803 18872 2898 3990
0b001701 0b001001 10065 100 131072 742930 18753 2898 4951
0b001b01 0b001c01 10065 100 131072 742647 19063 2898 6875
0b001a01 0b001b01 10064 100 131072 742696 19049 2898 5914
0b001101 0b001201 10065 100 131072 743169 18577 2898 5905
0b001d01 0b001e01 10065 100 131072 742522 19252 2898 3997
0b001f01 0b001801 10065 100 131072 742588 19318 2898 4959
0b001301 0b001401 10065 100 131072 742711 19255 2898 6867
0b001001 0b001101 10064 100 131072 742825 19202 2898 4944
0b001201 0b001301 10064 100 131072 742715 19382 2898 5906
0b001501 0b001601 10065 100 131072 742690 19430 2898 3989
0b001901 0b001a01 10065 100 131072 742823 19303 2898 5913
0b001801 0b001901 10065 100 131072 743446 19118 2898 5432
0b001e01 0b001f01 10065 100 131072 743425 19146 2898 4478
0b001401 0b001501 10065 100 131072 743442 19228 2898 7348
0b001c01 0b001d01 10065 100 131072 743338 19365 2898 7356
0b001601 0b001701 10065 100 131072 743464 19271 2898 4470
0b001a01 0b001b01 10065 100 131072 743359 19621 2898 6394
0b001b01 0b001c01 10066 100 131072 743752 19281 2898 7355
0b001001 0b001101 10065 100 131072 743488 19618 2898 5424
0b001d01 0b001e01 10066 100 131072 743739 19359 2898 4477
0b001e01 0b001f01 10066 100 131072 743868 19234 2898 4958
0b001301 0b001401 10066 100 131072 743816 19341 2898 7347
0b001801 0b001901 10066 100 131072 743999 19207 2898 5912
0b001401 0b001501 10066 100 131072 743864 19337 2898 3988
0b001f01 0b001801 10066 100 131072 743805 19426 2898 5439
0b001c01 0b001d01 10066 100 131072 743781 19453 2898 3996
0b001601 0b001701 10066 100 131072 743928 19338 2898 4950
0b001701 0b001001 10066 100 131072 744145 19127 2898 5431
0b001501 0b001601 10066 100 131072 743795 19497 2898 4469
0b001201 0b001301 10065 100 131072 743399 19931 2898 6386
0b001901 0b001a01 10066 100 131072 743930 19521 2898 6393
0b001a01 0b001b01 10066 100 131072 743800 19711 2898 6874
0b001101 0b001201 10066 100 131072 744384 19215 2898 6385
0b001201 0b001301 10066 100 131072 743819 19910 2898 6866
0b001001 0b001101 10066 100 131072 744039 19730 2898 5904
0b001b01 0b001c01 10067 100 131072 744545 19261 2898 3995
0b001d01 0b001e01 10067 100 131072 744444 19427 2898 4957
0b001301 0b001401 10067 100 131072 744521 19411 2898 3987
0b001f01 0b001801 10067 100 131072 744598 19404 2898 5919
0b001701 0b001001 10067 100 131072 744938 19105 2898 5911
0b001501 0b001601 10067 100 131072 744521 19563 2898 4949
0b001901 0b001a01 10067 100 131072 744635 19587 2898 6873
0b001101 0b001201 10067 100 131072 745089 19173 2898 6865
0b001801 0b001901 10067 100 131072 746400 18986 2898 6872
0b001601 0b001701 10067 100 131072 746440 18941 2898 5910
0b001e01 0b001f01 10067 100 131072 746401 18992 2898 5918
0b001401 0b001501 10067 100 131072 746376 19094 2898 4948
0b001a01 0b001b01 10067 100 131072 746225 19313 2898 3994
0b001c01 0b001d01 10067 100 131072 746270 19299 2898 4956
0b001e01 0b001f01 10068 100 131072 746732 18882 2898 5438
0b001801 0b001901 10068 100 131072 746731 18986 2898 6392
0b001601 0b001701 10068 100 131072 746792 18920 2898 5430
0b001c01 0b001d01 10068 100 131072 746601 19189 2898 4476
0b001401 0b001501 10068 100 131072 746728 19073 2898 4468
0b001001 0b001101 10067 100 131072 746310 19509 2898 6864
0b001a01 0b001b01 10068 100 131072 746556 19313 2898 7354
0b001201 0b001301 10067 100 131072 746067 19821 2898 3986
0b001201 0b001301 10068 100 131072 746244 19755 2898 7346
0b001001 0b001101 10068 100 131072 746531 19509 2898 6384
0b001301 0b001401 10068 100 131072 748728 18091 2898 4467
0b001d01 0b001e01 10068 100 131072 748739 18283 2898 5437
0b001b01 0b001c01 10068 100 131072 749060 17985 2898 4475
0b001f01 0b001801 10068 100 131072 748849 18436 2898 6399
0b001501 0b001601 10068 100 131072 748816 18530 2898 5429
0b001101 0b001201 10068 100 131072 749362 18029 2898 7345
0b001901 0b001a01 10068 100 131072 748820 18663 2898 7353
0b001701 0b001001 10068 100 131072 749497 18181 2898 6391
0b001101 0b001201 10069 100 131072 752091 17875 2898 3985
0b001c01 0b001d01 10069 100 131072 751820 18395 2898 5932
0b001401 0b001501 10069 100 131072 751845 18381 2898 5924
0b001a01 0b001b01 10069 100 131072 751958 18292 2898 4970
0b001801 0b001901 10069 100 131072 752036 18238 2898 4008
0b001601 0b001701 10069 100 131072 752177 18180 2898 6886
0b001e01 0b001f01 10069 100 131072 752172 18307 2898 6894
0b001701 0b001001 10069 100 131072 752358 18183 2898 6871
0b001201 0b001301 10069 100 131072 751877 18813 2898 4962
0b001001 0b001101 10069 100 131072 751997 18888 2898 4000
0b001301 0b001401 10069 100 131072 753461 17541 2898 4947
0b001901 0b001a01 10069 100 131072 752495 18687 2898 3993
0b001201 0b001301 10070 100 131072 752410 18809 2898 4466
0b001f01 0b001801 10069 100 131072 753008 18372 2898 6879
0b001301 0b001401 10070 100 131072 753819 17561 2898 5443
0b001b01 0b001c01 10069 100 131072 753656 17770 2898 5451
0b001b01 0b001c01 10070 100 131072 753683 17744 2898 4955
0b001a01 0b001b01 10070 100 131072 753249 18258 2898 4474
0b001101 0b001201 10070 100 131072 753944 17609 2898 4481
0b001801 0b001901 10070 100 131072 753292 18283 2898 7352
0b001001 0b001101 10070 100 131072 752784 18894 2898 7344
0b001501 0b001601 10069 100 131072 753261 18467 2898 5909
0b001601 0b001701 10070 100 131072 753706 18086 2898 6390
0b001d01 0b001e01 10069 100 131072 753670 18174 2898 5917
0b001d01 0b001e01 10070 100 131072 753707 18159 2898 6413
0b001501 0b001601 10070 100 131072 753450 18411 2898 6405
0b001e01 0b001f01 10070 100 131072 753667 18269 2898 6398
0b001301 0b001401 10071 100 131072 754650 17281 2898 4963
0b001c01 0b001d01 10070 100 131072 753669 18399 2898 5436
0b001401 0b001501 10070 100 131072 753751 18309 2898 5428
0b001901 0b001a01 10070 100 131072 753590 18519 2898 4489
0b001d01 0b001e01 10071 100 131072 754331 17868 2898 5933
0b001b01 0b001c01 10071 100 131072 754740 17460 2898 4971
0b001701 0b001001 10070 100 131072 754232 18028 2898 7367
0b001f01 0b001801 10070 100 131072 754104 18203 2898 7375
0b001501 0b001601 10071 100 131072 754320 18115 2898 5925
0b001101 0b001201 10071 100 131072 755130 17306 2898 4001
0b001f01 0b001801 10071 100 131072 754331 18197 2898 6895
0b001901 0b001a01 10071 100 131072 754346 18204 2898 4009
0b001701 0b001001 10071 100 131072 754737 17854 2898 6887
0b001c01 0b001501 10010 100 131072 763331 9498 6838 6412
0b001401 0b001d01 10010 100 131072 763435 9502 6838 6404
0b001001 0b001901 10010 100 131072 763612 9373 6838 4480
0b001201 0b001b01 10010 100 131072 763523 9623 6838 5442
0b001a01 0b001301 10010 100 131072 763593 9676 6838 5450
0b001e01 0b001701 10010 100 131072 763703 9607 6838 7374
0b001801 0b001101 10010 100 131072 763835 9484 6838 4488
0b001601 0b001f01 10010 100 131072 763741 9657 6838 7366
0b001f01 0b001001 10010 100 131072 764346 9290 6838 4015
0b001901 0b001201 10010 100 131072 764647 9263 6838 4969
0b001701 0b001801 10010 100 131072 764685 9321 6838 4007
0b001b01 0b001401 10010 100 131072 764755 9306 6838 5931
0b001101 0b001a01 10010 100 131072 765037 9287 6838 4961
0b001501 0b001e01 10010 100 131072 764599 9755 6838 6885
0b001d01 0b001601 10010 100 131072 764634 9766 6838 6893
0b001601 0b001701 10071 100 131072 757383 17052 2898 6406
0b001201 0b001301 10071 100 131072 756746 17800 2898 4482
0b001801 0b001901 10071 100 131072 757497 17075 2898 7368
0b001e01 0b001f01 10071 100 131072 757366 17213 2898 6414
0b001301 0b001c01 10010 100 131072 765107 9462 6838 5923
0b001a01 0b001b01 10071 100 131072 757608 17050 2898 4490
0b001001 0b001101 10071 100 131072 756813 17906 2898 7360
0b001401 0b001501 10071 100 131072 757340 17426 2898 5444
0b001c01 0b001d01 10071 100 131072 757412 17541 2898 5452
0b000d01 0b000601 10009 100 131072 761440 15083 15174 3037
0b000b01 0b000401 10009 100 131072 761444 15083 15174 2075
0b000901 0b000201 10009 100 131072 761456 15083 15174 1113
0b000f01 0b000001 10009 100 131072 761456 15083 15174 159
0b001801 0b001901 10072 100 131072 764916 17665 2898 4968
0b001e01 0b001f01 10072 100 131072 764784 17804 2898 4014
0b001601 0b001701 10072 100 131072 765130 17732 2898 4006
0b001001 0b001101 10072 100 131072 764693 18189 2898 4960
0b001a01 0b001b01 10072 100 131072 765136 17773 2898 5930
0b001c01 0b001d01 10072 100 131072 764720 18220 2898 6892
0b001201 0b001301 10072 100 131072 764756 18195 2898 5922
0b001401 0b001501 10072 100 131072 764976 18547 2898 6884
0b001101 0b001201 10072 100 131072 766116 17633 2898 5441
0b001d01 0b001e01 10072 100 131072 765713 18107 2898 7373
0b001f01 0b001801 10072 100 131072 765581 18282 2898 4495
0b001501 0b001601 10072 100 131072 765680 18289 2898 7365
0b001901 0b001a01 10072 100 131072 765574 18421 2898 5449
0b001701 0b001001 10072 100 131072 765745 18357 2898 4487
0b001b01 0b001c01 10072 100 131072 765990 18139 2898 6411
0b001301 0b001401 10072 100 131072 766340 17893 2898 6403
0b001801 0b001901 10073 100 131072 766241 18326 2898 5448
0b001d01 0b001e01 10073 100 131072 766244 18347 2898 4013
0b001e01 0b001f01 10073 100 131072 766108 18487 2898 4494
0b001f01 0b001801 10073 100 131072 766112 18524 2898 4975
0b001101 0b001201 10073 100 131072 766779 17895 2898 5921
0b001301 0b001401 10073 100 131072 766739 17957 2898 6883
0b001601 0b001701 10073 100 131072 766302 18413 2898 4486
0b001501 0b001601 10073 100 131072 766211 18529 2898 4005
0b001c01 0b001d01 10073 100 131072 766043 18748 2898 7372
0b001701 0b001001 10073 100 131072 766276 18578 2898 4967
0b001b01 0b001c01 10073 100 131072 766521 18381 2898 6891
0b001a01 0b001b01 10073 100 131072 766461 18455 2898 6410
0b001901 0b001a01 10073 100 131072 766216 18706 2898 5929
0b001001 0b001101 10073 100 131072 766282 18761 2898 5440
0b001401 0b001501 10073 100 131072 766167 19055 2898 7364
0b001801 0b001901 10074 100 131072 767012 18501 2898 5928
0b001e01 0b001f01 10074 100 131072 766881 18639 2898 4974
0b001201 0b001301 10073 100 131072 766609 18965 2898 6402
0b001601 0b001701 10074 100 131072 767094 18546 2898 4966
0b001c01 0b001d01 10074 100 131072 766816 18902 2898 4012
0b001a01 0b001b01 10074 100 131072 767232 18609 2898 6890
0b001001 0b001101 10074 100 131072 767053 18915 2898 5920
0b001401 0b001501 10074 100 131072 766942 19205 2898 4004
0b001201 0b001301 10074 100 131072 767272 19095 2898 6882
0b001101 0b001201 10074 100 131072 768829 18226 2898 6881
0b001701 0b001001 10074 100 131072 768391 18731 2898 5927
0b001f01 0b001801 10074 100 131072 768403 18744 2898 5935
0b001d01 0b001e01 10074 100 131072 768579 18657 2898 4973
0b001501 0b001601 10074 100 131072 768480 18773 2898 4965
0b001b01 0b001c01 10074 100 131072 768548 18733 2898 4011
0b001101 0b001201 10075 100 131072 769050 18226 2898 6401
0b001901 0b001a01 10074 100 131072 768396 18905 2898 6889
0b001301 0b001401 10074 100 131072 768898 18422 2898 4003
0b001f01 0b001801 10075 100 131072 768624 18744 2898 5455
0b001d01 0b001e01 10075 100 131072 768800 18657 2898 4493
0b001301 0b001401 10075 100 131072 769009 18443 2898 7363
0b001701 0b001001 10075 100 131072 768722 18731 2898 5447
0b001b01 0b001c01 10075 100 131072 768879 18623 2898 7371
0b001501 0b001601 10075 100 131072 768811 18794 2898 4485
0b001901 0b001a01 10075 100 131072 768727 18905 2898 6409
0b001e01 0b001f01 10075 100 131072 770032 18221 2898 5454
0b001801 0b001901 10075 100 131072 770295 18083 2898 6408
0b001601 0b001701 10075 100 131072 770356 18149 2898 5446
0b001c01 0b001d01 10075 100 131072 770055 18506 2898 4492
0b001a01 0b001b01 10075 100 131072 770493 18213 2898 7370
0b001401 0b001501 10075 100 131072 769829 18897 2898 4484
0b001001 0b001101 10075 100 131072 770688 18453 2898 6400
0b001201 0b001301 10075 100 131072 770401 18853 2898 7362
0b001501 0b001601 10076 100 131072 773236 18310 2898 5941
0b001d01 0b001e01 10076 100 131072 773225 18459 2898 5949
0b001b01 0b001c01 10076 100 131072 773260 18557 2898 4987
0b001701 0b001001 10076 100 131072 773367 18687 2898 6903
0b001301 0b001401 10076 100 131072 773700 18397 2898 4979
0b001f01 0b001801 10076 100 131072 773489 18656 2898 6911
0b001901 0b001a01 10076 100 131072 773284 18861 2898 4025
0b001201 0b001301 10076 100 131072 772976 19271 2898 4002
0b001101 0b001201 10076 100 131072 773895 18466 2898 4017
0b001001 0b001101 10076 100 131072 773551 18959 2898 6880
0b001301 0b001401 10077 100 131072 774229 18466 2898 4483
0b001a01 0b001b01 10076 100 131072 774192 18719 2898 4010
0b001801 0b001901 10076 100 131072 774390 18589 2898 6888
0b001401 0b001501 10076 100 131072 774012 19208 2898 4964
0b001101 0b001201 10077 100 131072 774688 18600 2898 7361
0b001c01 0b001d01 10076 100 131072 774436 18904 2898 5468
0b001c01 0b001d01 10077 100 131072 774437 18904 2898 4972
0b001b01 0b001c01 10077 100 131072 774517 18887 2898 4491
0b001601 0b001701 10076 100 131072 774738 18830 2898 5926
0b001401 0b001501 10077 100 131072 774390 19227 2898 5460
0b001e01 0b001f01 10076 100 131072 774854 18836 2898 5934
0b001e01 0b001f01 10077 100 131072 774876 18815 2898 6430
0b001601 0b001701 10077 100 131072 774871 18832 2898 6422
0b001501 0b001601 10077 100 131072 775070 18638 2898 5445
0b001901 0b001a01 10077 100 131072 774585 19147 2898 7369
0b001701 0b001001 10077 100 131072 774802 18952 2898 6407
0b001201 0b001301 10077 100 131072 774563 19273 2898 4498
0b001f01 0b001801 10077 100 131072 774946 18920 2898 6415
0b001d01 0b001e01 10077 100 131072 775078 18836 2898 5453
0b001a01 0b001b01 10077 100 131072 775119 18851 2898 4506
0b001c01 0b001d01 10078 100 131072 775210 18792 2898 4988
0b001e01 0b001f01 10078 100 131072 775209 18815 2898 5950
0b001401 0b001501 10078 100 131072 774941 19138 2898 4980
0b001801 0b001901 10077 100 131072 775317 18832 2898 7384
0b001601 0b001701 10078 100 131072 775445 18809 2898 5942
0b001801 0b001901 10078 100 131072 775538 18743 2898 6904
0b001a01 0b001b01 10078 100 131072 775560 18741 2898 4026
0b001001 0b001101 10077 100 131072 775270 19091 2898 7376
0b001301 0b001401 10078 100 131072 776279 18090 2898 5459
0b001501 0b001601 10078 100 131072 775839 18532 2898 6421
0b001001 0b001101 10078 100 131072 775601 18981 2898 6896
0b001101 0b001201 10078 100 131072 776329 18263 2898 4497
0b001d01 0b001e01 10078 100 131072 775947 18649 2898 6429
0b001201 0b001301 10078 100 131072 775446 19163 2898 4018
0b001b01 0b001c01 10078 100 131072 776156 18573 2898 5467
0b001901 0b001201 10011 100 131072 785591 9256 6838 4985
0b001f01 0b001001 10011 100 131072 785598 9279 6838 4031
0b001d01 0b001601 10011 100 131072 785950 8997 6838 6909
0b001901 0b001a01 10078 100 131072 775995 18952 2898 4505
0b001701 0b001001 10078 100 131072 776320 18668 2898 7383
0b001f01 0b001801 10078 100 131072 776408 18671 2898 7391
0b001801 0b001901 10079 100 131072 777016 18148 2898 4024
0b001101 0b001a01 10011 100 131072 785892 9272 6838 4977
0b001301 0b001401 10079 100 131072 777556 17608 2898 4499
0b001701 0b001801 10011 100 131072 785872 9306 6838 4023
0b001001 0b001101 10079 100 131072 776646 18555 2898 4016
0b001401 0b001501 10079 100 131072 777071 18246 2898 5940
0b001e01 0b001f01 10079 100 131072 777364 18005 2898 6910
0b001a01 0b001b01 10079 100 131072 777334 18048 2898 4986
0b001101 0b001201 10079 100 131072 777729 17658 2898 7377
0b001201 0b001301 10079 100 131072 776920 18484 2898 4978
0b001c01 0b001d01 10079 100 131072 777579 17834 2898 5948
0b001501 0b001601 10079 100 131072 777776 17654 2898 5461
0b001b01 0b001401 10011 100 131072 785919 9529 6838 5947
0b001601 0b001701 10079 100 131072 777410 18081 2898 6902
0b001301 0b001c01 10011 100 131072 785961 9532 6838 5939
0b001b01 0b001c01 10079 100 131072 777668 17944 2898 4507
0b001501 0b001e01 10011 100 131072 786533 9111 6838 6901
0b001701 0b001001 10079 100 131072 777445 18250 2898 6423
0b001d01 0b001e01 10079 100 131072 777963 17780 2898 5469
0b001f01 0b001801 10079 100 131072 777589 18197 2898 6431
0b001901 0b001a01 10079 100 131072 777582 18248 2898 7385
0b001201 0b001b01 10011 100 131072 786759 9412 6838 5458
0b001801 0b001101 10011 100 131072 786873 9398 6838 4504
0b001e01 0b001701 10011 100 131072 786830 9477 6838 7390
0b001a01 0b001301 10011 100 131072 787005 9428 6838 5466
0b001601 0b001f01 10011 100 131072 786979 9528 6838 7382
0b001001 0b001901 10011 100 131072 787112 9556 6838 4496
0b001c01 0b001501 10011 100 131072 787139 9675 6838 6428
0b001401 0b001d01 10011 100 131072 787243 9703 6838 6420
0b001f01 0b001801 10080 100 131072 787605 17070 2898 4511
0b001701 0b001001 10080 100 131072 787725 16969 2898 4503
0b001901 0b001a01 10080 100 131072 787577 17164 2898 5465
0b001d01 0b001e01 10080 100 131072 787801 17095 2898 7389
0b001801 0b001901 10080 100 131072 787646 17269 2898 4984
0b001b01 0b001c01 10080 100 131072 787926 16993 2898 6427
0b001501 0b001601 10080 100 131072 788232 16746 2898 7381
0b001101 0b001201 10080 100 131072 788053 16926 2898 5457
0b001e01 0b001f01 10080 100 131072 787601 17497 2898 4030
0b001a01 0b001b01 10080 100 131072 787932 17597 2898 5946
0b001c01 0b001d01 10080 100 131072 787912 17648 2898 6908
0b001301 0b001401 10080 100 131072 788584 16989 2898 6419
0b001401 0b001501 10080 100 131072 787706 18041 2898 6900
0b001201 0b001301 10080 100 131072 787684 18063 2898 5938
0b001001 0b001101 10080 100 131072 787864 17902 2898 4976
0b001601 0b001701 10080 100 131072 787750 18127 2898 4022
0b001f01 0b001801 10081 100 131072 788530 17380 2898 4991
0b001701 0b001001 10081 100 131072 788650 17279 2898 4983
0b001901 0b001a01 10081 100 131072 788523 17607 2898 5945
0b001d01 0b001e01 10081 100 131072 788728 17403 2898 4029
0b001b01 0b001c01 10081 100 131072 788851 17303 2898 6907
0b001101 0b001201 10081 100 131072 788978 17236 2898 5937
0b001501 0b001601 10081 100 131072 789157 17210 2898 4021
0b001301 0b001401 10081 100 131072 789377 17277 2898 6899
0b001801 0b001901 10081 100 131072 790157 18149 2898 5944
0b001801 0b001901 10082 100 131072 790378 18193 2898 5464
0b001a01 0b001b01 10081 100 131072 790311 18302 2898 6906
0b001201 0b001301 10081 100 131072 790065 18611 2898 6898
0b001001 0b001101 10081 100 131072 790132 18563 2898 5936
0b001e01 0b001f01 10081 100 131072 790246 18397 2898 4990
0b001f01 0b001801 10082 100 131072 791263 17422 2898 5471
0b001701 0b001001 10082 100 131072 791515 17319 2898 5463
0b001c01 0b001d01 10081 100 131072 790291 18506 2898 4028
0b001e01 0b001f01 10082 100 131072 790467 18441 2898 4510
0b001c01 0b001d01 10082 100 131072 790512 18418 2898 7388
0b001201 0b001301 10082 100 131072 790286 18655 2898 6418
0b001001 0b001101 10082 100 131072 790463 18499 2898 5456
0b001501 0b001601 10082 100 131072 791736 17272 2898 4501
0b001a01 0b001b01 10082 100 131072 790642 18370 2898 6426
0b001901 0b001a01 10082 100 131072 791388 17651 2898 6425
0b001d01 0b001e01 10082 100 131072 791571 17469 2898 4509
0b001b01 0b001c01 10082 100 131072 791716 17347 2898 7387
0b001601 0b001701 10081 100 131072 790263 18986 2898 4982
0b001401 0b001501 10081 100 131072 790330 18963 2898 4020
0b001101 0b001201 10082 100 131072 792151 17236 2898 6417
0b001401 0b001501 10082 100 131072 790462 18964 2898 7380
0b001601 0b001701 10082 100 131072 790615 18921 2898 4502
0b001301 0b001401 10082 100 131072 792264 17299 2898 7379
0b000701 0b000001 10016 100 131072 710400 101656 11234 2903
0b000701 0b000001 10017 100 131072 710404 101653 11234 2423
0b000701 0b000001 10018 100 131072 710408 101650 11234 1943
0b000701 0b000001 10019 100 131072 710412 101647 11234 1463
0b000701 0b000001 10020 100 131072 710416 101644 11234 983
0b000701 0b000001 10021 100 131072 710420 101642 11234 503
0b000101 0b000201 10016 100 131072 710400 101818 11234 17
0b000101 0b000201 10017 100 131072 710404 101818 11234 3377
0b000101 0b000201 10018 100 131072 710408 101818 11234 2897
0b000101 0b000201 10019 100 131072 710412 101818 11234 2417
0b000101 0b000201 10020 100 131072 710416 101839 11234 1937
0b000101 0b000201 10021 100 131072 710420 101836 11234 1457
0b000301 0b000401 10016 100 131072 710400 101994 11234 3379
0b000301 0b000401 10017 100 131072 710404 101994 11234 2899
0b000301 0b000401 10018 100 131072 710408 101994 11234 2419
0b000301 0b000401 10019 100 131072 710416 101990 11234 979
0b000501 0b000601 10016 100 131072 710400 102008 11234 21
0b000501 0b000601 10017 100 131072 710404 102005 11234 3381
0b000501 0b000601 10018 100 131072 710412 101998 11234 1941
0b000501 0b000601 10019 100 131072 710416 101995 11234 1461
0b000501 0b000601 10020 100 131072 710420 101992 11234 981
0b000501 0b000601 10021 100 131072 710424 101990 11234 501
0b000301 0b000401 10020 100 131072 710420 102011 11234 499
0b000301 0b000401 10021 100 131072 710424 102008 11234 19
0b001e01 0b001f01 10083 100 131072 794694 18529 2898 5966
0b001301 0b001401 10083 100 131072 795257 18003 2898 4019
0b001101 0b001201 10083 100 131072 795520 17938 2898 6897
0b001601 0b001701 10083 100 131072 794556 19029 2898 5958
0b001c01 0b001d01 10083 100 131072 794827 18880 2898 5004
0b001801 0b001901 10083 100 131072 795155 18633 2898 6920
0b001001 0b001101 10083 100 131072 795064 18915 2898 6912
0b001a01 0b001b01 10083 100 131072 795155 18830 2898 4042
0b001b01 0b001c01 10083 100 131072 795921 18337 2898 4027
0b001901 0b001a01 10083 100 131072 795989 18355 2898 6905
0b001401 0b001501 10083 100 131072 795107 19385 2898 4996
0b001201 0b001301 10083 100 131072 795371 19229 2898 4034
0b001501 0b001601 10083 100 131072 796230 18462 2898 4981
0b001701 0b001001 10083 100 131072 796578 18511 2898 5943
0b001d01 0b001e01 10083 100 131072 796350 18765 2898 5485
0b001d01 0b001e01 10084 100 131072 796351 18765 2898 4989
0b001701 0b001001 10084 100 131072 796713 18509 2898 6439
0b001501 0b001601 10084 100 131072 796627 18617 2898 5477
0b001401 0b001501 10084 100 131072 795705 19601 2898 4500
0b001f01 0b001801 10083 100 131072 796700 18876 2898 5951
0b001f01 0b001801 10084 100 131072 796701 18876 2898 6447
0b001301 0b001401 10084 100 131072 796846 18793 2898 4515
0b001501 0b001601 10085 100 131072 797089 18596 2898 4997
0b001701 0b001001 10085 100 131072 797264 18530 2898 5959
0b001d01 0b001e01 10085 100 131072 797012 18765 2898 5005
0b001b01 0b001c01 10084 100 131072 796980 18863 2898 4523
0b001f01 0b001801 10085 100 131072 797034 18874 2898 5967
0b001c01 0b001d01 10084 100 131072 796414 19542 2898 4508
0b001201 0b001301 10084 100 131072 796298 19755 2898 7378
0b001901 0b001a01 10084 100 131072 797159 18903 2898 7401
0b001b01 0b001c01 10085 100 131072 797311 18863 2898 4043
0b001901 0b001a01 10085 100 131072 797291 18903 2898 6921
0b001101 0b001201 10084 100 131072 797371 18862 2898 7393
0b001801 0b001901 10084 100 131072 796876 19427 2898 6424
0b001a01 0b001b01 10084 100 131072 796742 19626 2898 7386
0b001e01 0b001f01 10084 100 131072 796924 19474 2898 5470
0b001301 0b001401 10085 100 131072 797619 18793 2898 4035
0b001101 0b001201 10085 100 131072 797592 18865 2898 6913
0b001001 0b001101 10084 100 131072 796764 19730 2898 6416
0b001501 0b001601 10086 100 131072 798327 18239 2898 5957
0b001601 0b001701 10084 100 131072 796718 19912 2898 5462
0b001901 0b001201 10012 100 131072 807925 8754 6838 5001
0b001701 0b001001 10086 100 131072 798501 18155 2898 6919
0b001d01 0b001e01 10086 100 131072 798423 18325 2898 5965
0b001901 0b001a01 10086 100 131072 798174 18639 2898 4041
0b001c01 0b001501 10012 100 131072 807929 8901 6838 6444
0b001101 0b001201 10086 100 131072 798211 18599 2898 4033
0b001b01 0b001c01 10086 100 131072 798392 18489 2898 5003
0b001f01 0b001801 10086 100 131072 798379 18522 2898 6927
0b001f01 0b001001 10012 100 131072 808108 8829 6838 4047
0b001301 0b001401 10086 100 131072 798414 18527 2898 4995
0b001e01 0b001f01 10085 100 131072 797606 19455 2898 6446
0b001401 0b001501 10085 100 131072 797379 19694 2898 5476
0b001a01 0b001301 10012 100 131072 807751 9327 6838 5482
0b001701 0b001001 10087 100 131072 799317 17779 2898 7399
0b001501 0b001601 10087 100 131072 799824 17339 2898 6437
0b001b01 0b001c01 10087 100 131072 799181 18053 2898 5483
0b001801 0b001101 10012 100 131072 807685 9559 6838 4520
0b001001 0b001901 10012 100 131072 807704 9587 6838 4512
0b001c01 0b001d01 10085 100 131072 797739 19544 2898 5484
0b001601 0b001701 10085 100 131072 797381 19912 2898 6438
0b001101 0b001201 10087 100 131072 799281 18036 2898 4513
0b001201 0b001b01 10012 100 131072 807989 9377 6838 5474
0b001201 0b001301 10085 100 131072 797602 19802 2898 4514
0b001301 0b001401 10087 100 131072 799443 17963 2898 5475
0b001801 0b001901 10085 100 131072 798089 19408 2898 7400
0b001f01 0b001801 10087 100 131072 799517 18003 2898 7407
0b001d01 0b001e01 10087 100 131072 799956 17565 2898 6445
0b001e01 0b001701 10012 100 131072 807906 9622 6838 7406
0b001101 0b001a01 10012 100 131072 808776 8808 6838 4993
0b001401 0b001d01 10012 100 131072 808583 9003 6838 6436
0b001001 0b001101 10085 100 131072 797887 19712 2898 4032
0b001a01 0b001b01 10085 100 131072 797957 19648 2898 4522
0b001801 0b001901 10086 100 131072 798188 19419 2898 4040
0b001201 0b001301 10086 100 131072 797857 19768 2898 4994
0b001601 0b001f01 10012 100 131072 807988 9645 6838 7398
0b001901 0b001a01 10087 100 131072 799678 17955 2898 4521
0b001601 0b001701 10086 100 131072 797957 19689 2898 6918
0b001001 0b001101 10086 100 131072 797998 19690 2898 7392
0b001a01 0b001b01 10086 100 131072 798174 19542 2898 5002
0b001401 0b001501 10086 100 131072 798174 19562 2898 4516
0b001e01 0b001f01 10086 100 131072 798654 19114 2898 6926
0b001e01 0b001f01 10087 100 131072 798753 19016 2898 5486
0b001c01 0b001d01 10086 100 131072 798503 19309 2898 5964
0b001601 0b001701 10087 100 131072 798440 19427 2898 5478
0b001801 0b001901 10087 100 131072 798796 19076 2898 6440
0b001701 0b001801 10012 100 131072 808887 8997 6838 4039
0b001c01 0b001d01 10087 100 131072 798622 19279 2898 4524
0b001401 0b001501 10087 100 131072 798458 19455 2898 5956
0b001b01 0b001401 10012 100 131072 808539 9412 6838 5963
0b001001 0b001101 10087 100 131072 798705 19248 2898 6432
0b001201 0b001301 10087 100 131072 798397 19581 2898 7394
0b001a01 0b001b01 10087 100 131072 798840 19229 2898 7402
0b001d01 0b001601 10012 100 131072 808570 9559 6838 6925
0b001301 0b001c01 10012 100 131072 808757 9438 6838 5955
0b001501 0b001e01 10012 100 131072 808757 9585 6838 6917
0b000101 0b000201 10022 100 131072 722484 97792 11234 641
0b000301 0b000401 10022 100 131072 722137 98139 11234 1603
0b000501 0b000601 10022 100 131072 722244 98032 11234 2565
0b000701 0b000001 10022 100 131072 722703 97573 11234 3527
0b001801 0b001901 10088 100 131072 808920 16169 2898 5000
0b001e01 0b001f01 10088 100 131072 809141 16857 2898 4046
0b001c01 0b001d01 10088 100 131072 809164 17230 2898 6924
0b001a01 0b001b01 10088 100 131072 809140 17400 2898 5962
0b001001 0b001101 10088 100 131072 808939 17749 2898 4992
0b001201 0b001301 10088 100 131072 809224 17467 2898 5954
0b001401 0b001501 10088 100 131072 809664 17490 2898 6916
0b001601 0b001701 10088 100 131072 809377 17863 2898 4038
0b001301 0b001401 10088 100 131072 811686 15561 2898 6915
0b001b01 0b001c01 10088 100 131072 811623 15762 2898 6923
0b001301 0b001401 10089 100 131072 811951 15605 2898 6435
0b001101 0b001201 10088 100 131072 811705 15917 2898 5953
0b001901 0b001a01 10088 100 131072 811316 16442 2898 5961
0b001b01 0b001c01 10089 100 131072 812022 15826 2898 6443
0b001101 0b001201 10089 100 131072 811972 15959 2898 5473
0b001701 0b001001 10088 100 131072 812259 15715 2898 4999
0b001901 0b001a01 10089 100 131072 811581 16486 2898 5481
0b001d01 0b001e01 10088 100 131072 811807 16282 2898 4045
0b001501 0b001601 10088 100 131072 812303 15868 2898 4037
0b001f01 0b001801 10088 100 131072 811653 16589 2898 5007
0b001d01 0b001e01 10089 100 131072 811940 16325 2898 7405
0b001701 0b001001 10089 100 131072 812546 15737 2898 4519
0b001801 0b001901 10089 100 131072 811695 16631 2898 5480
0b001501 0b001601 10089 100 131072 812436 15911 2898 7397
0b001f01 0b001801 10089 100 131072 811918 16654 2898 4527
0b001e01 0b001f01 10089 100 131072 812050 17341 2898 4526
0b001c01 0b001d01 10089 100 131072 812073 17714 2898 7404
0b001a01 0b001b01 10089 100 131072 812049 17884 2898 6442
0b001001 0b001101 10089 100 131072 811844 18237 2898 5472
0b000001 0b000901 10002 100 131072 815072 15097 15174 512
0b000201 0b000b01 10002 100 131072 815266 15097 15174 1474
0b000401 0b000d01 10002 100 131072 815412 15078 15174 2436
0b000601 0b000f01 10002 100 131072 815419 15078 15174 3398
0b001601 0b001701 10089 100 131072 812018 18307 2898 4518
0b001201 0b001301 10089 100 131072 812397 17995 2898 6434
0b001401 0b001501 10089 100 131072 812573 17996 2898 7396
0b001701 0b001001 10090 100 131072 816595 16047 2898 5975
0b001f01 0b001801 10090 100 131072 816233 16456 2898 5983
0b000101 0b000201 10023 100 131072 760579 72237 11234 33
0b000301 0b000401 10023 100 131072 760579 72237 11234 995
0b000501 0b000601 10023 100 131072 760579 72237 11234 1957
0b000701 0b000001 10023 100 131072 760579 72237 11234 2919
0b000001 0b000101 10008 100 131072 600799 232566 11234 32
0b000201 0b000301 10008 100 131072 600799 232566 11234 994
0b000601 0b000701 10008 100 131072 600746 232619 11234 2918
0b000401 0b000501 10008 100 131072 600747 232618 11234 1956
0b001b01 0b001c01 10090 100 131072 816995 16312 2898 4059
0b001d01 0b001e01 10090 100 131072 816717 16633 2898 5021
0b001101 0b001201 10090 100 131072 816989 16379 2898 6929
0b001901 0b001a01 10090 100 131072 816798 16882 2898 6937
0b001401 0b001501 10090 100 131072 816270 18593 2898 4036
0b001301 0b001401 10090 100 131072 817610 17275 2898 4051
0b001201 0b001301 10090 100 131072 816468 18503 2898 6914
0b001501 0b001601 10090 100 131072 817502 17978 2898 5013
0b001c01 0b001d01 10090 100 131072 817268 18572 2898 4044
0b000901 0b000a01 10042 100 131072 833179 2876 2898 537
0b001a01 0b001b01 10090 100 131072 817354 18588 2898 6922
0b000b01 0b000c01 10042 100 131072 833373 2876 2898 1499
0b000d01 0b000e01 10042 100 131072 833500 2876 2898 2461
0b000f01 0b000801 10042 100 131072 833507 2876 2898 3423
0b001501 0b001601 10091 100 131072 818316 18728 2898 4517
0b001601 0b001701 10090 100 131072 817702 19404 2898 4998
0b001d01 0b001e01 10091 100 131072 818966 18590 2898 4525
0b001301 0b001401 10091 100 131072 819063 18729 2898 7395
0b001e01 0b001f01 10090 100 131072 818125 19763 2898 5502
0b001e01 0b001f01 10091 100 131072 818126 19763 2898 5006
0b001b01 0b001c01 10091 100 131072 819378 18552 2898 7403
0b001601 0b001701 10091 100 131072 818254 19909 2898 5494
0b001101 0b001201 10091 100 131072 819504 18749 2898 6433
0b001901 0b001a01 10091 100 131072 819313 18988 2898 6441
0b001701 0b001001 10091 100 131072 819640 18661 2898 5479
0b001f01 0b001801 10091 100 131072 819408 18941 2898 5487
0b001401 0b001501 10091 100 131072 818649 19736 2898 4532
0b001001 0b001101 10090 100 131072 818099 20325 2898 5952
0b001801 0b001901 10090 100 131072 818586 19868 2898 5960
0b001801 0b001901 10091 100 131072 818587 19889 2898 6456
0b001901 0b001201 10013 100 131072 828099 10567 6838 5017
0b001001 0b001101 10091 100 131072 818232 20501 2898 6448
0b001601 0b001701 10092 100 131072 818695 20041 2898 5014
0b001e01 0b001f01 10092 100 131072 818787 20027 2898 5022
0b001101 0b001a01 10013 100 131072 829698 9111 6838 5009
0b001b01 0b001401 10013 100 131072 829550 9415 6838 5979
0b001c01 0b001d01 10091 100 131072 818853 20136 2898 4540
0b001801 0b001901 10092 100 131072 818918 20087 2898 5976
0b001f01 0b001001 10013 100 131072 829008 10009 6838 4063
0b001d01 0b001601 10013 100 131072 829404 9626 6838 6941
0b001501 0b001e01 10013 100 131072 830164 8904 6838 6933
0b001701 0b001801 10013 100 131072 830250 8828 6838 4055
0b001f01 0b001801 10092 100 131072 820071 19072 2898 6463
0b001501 0b001601 10092 100 131072 819840 19275 2898 6453
0b001101 0b001201 10092 100 131072 820254 18863 2898 4529
0b001701 0b001001 10092 100 131072 820303 18860 2898 6455
0b001301 0b001401 10092 100 131072 820088 19091 2898 5491
0b001301 0b001c01 10013 100 131072 829701 9536 6838 5971
0b001d01 0b001e01 10092 100 131072 820293 18981 2898 5501
0b001b01 0b001c01 10092 100 131072 820376 18921 2898 5499
0b001a01 0b001b01 10091 100 131072 819072 20283 2898 7418
0b001501 0b001601 10093 100 131072 820083 19274 2898 5493
0b001701 0b001001 10093 100 131072 820538 18823 2898 7415
0b001101 0b001201 10093 100 131072 820609 18773 2898 4049
0b001701 0b001001 10094 100 131072 820656 18793 2898 6935
0b001101 0b001201 10094 100 131072 820698 18753 2898 7409
0b001a01 0b001b01 10092 100 131072 819204 20286 2898 6938
0b001d01 0b001e01 10093 100 131072 820596 18901 2898 6461
0b001701 0b001001 10095 100 131072 820877 18617 2898 5495
0b001901 0b001a01 10092 100 131072 820301 19217 2898 4537
0b001b01 0b001c01 10093 100 131072 820615 18905 2898 4539
0b001301 0b001401 10093 100 131072 820414 19097 2898 4531
0b001b01 0b001c01 10094 100 131072 820726 18795 2898 5019
0b001c01 0b001d01 10092 100 131072 819184 20340 2898 4060
0b001001 0b001101 10092 100 131072 818804 20730 2898 5968
0b001101 0b001201 10095 100 131072 820963 18577 2898 6449
0b001401 0b001501 10092 100 131072 819422 20156 2898 4052
0b001f01 0b001801 10093 100 131072 820643 18941 2898 7423
0b001601 0b001701 10093 100 131072 819576 20066 2898 5974
0b001f01 0b001801 10094 100 131072 820778 18873 2898 6943
0b001f01 0b001801 10095 100 131072 820779 18873 2898 5503
0b001d01 0b001e01 10094 100 131072 820822 18852 2898 5981
0b001301 0b001401 10094 100 131072 820635 19053 2898 5011
0b001901 0b001a01 10093 100 131072 820507 19189 2898 7417
0b001b01 0b001c01 10095 100 131072 821079 18641 2898 7419
0b001d01 0b001e01 10095 100 131072 820911 18830 2898 4541
0b001501 0b001601 10094 100 131072 820746 19033 2898 4533
0b001901 0b001a01 10094 100 131072 820617 19167 2898 4057
0b001e01 0b001f01 10093 100 131072 819758 20055 2898 5982
0b001201 0b001301 10091 100 131072 819243 20579 2898 7410
0b001301 0b001401 10095 100 131072 820988 18835 2898 7411
0b001901 0b001a01 10095 100 131072 820882 18947 2898 6457
0b001501 0b001601 10095 100 131072 820923 18944 2898 5973
0b001401 0b001d01 10013 100 131072 830566 9378 6838 6452
0b001801 0b001901 10093 100 131072 819911 20093 2898 6936
0b001601 0b001701 10094 100 131072 820173 19826 2898 6454
0b001401 0b001501 10093 100 131072 819951 20072 2898 5012
0b001201 0b001301 10092 100 131072 819467 20620 2898 6930
0b001a01 0b001b01 10093 100 131072 819823 20334 2898 4058
0b001c01 0b001d01 10093 100 131072 819891 20296 2898 5020
0b001c01 0b001501 10013 100 131072 830858 9390 6838 6460
0b001201 0b001301 10093 100 131072 819689 20619 2898 5010
0b001e01 0b001f01 10094 100 131072 820531 19811 2898 6462
0b001801 0b001901 10094 100 131072 820530 19827 2898 7416
0b001401 0b001501 10094 100 131072 820416 19960 2898 5492
0b001201 0b001301 10094 100 131072 819820 20577 2898 4050
0b001001 0b001101 10093 100 131072 819666 20749 2898 6928
0b001c01 0b001d01 10094 100 131072 820244 20208 2898 5500
0b001601 0b001701 10095 100 131072 821139 19390 2898 6934
0b001801 0b001901 10095 100 131072 820894 19662 2898 4056
0b001401 0b001501 10095 100 131072 820961 19614 2898 5972
0b001001 0b001101 10094 100 131072 819947 20645 2898 4048
0b001201 0b001301 10095 100 131072 820327 20269 2898 4530
0b001e01 0b001f01 10095 100 131072 821352 19321 2898 6942
0b001001 0b001101 10095 100 131072 820106 20553 2898 7408
0b001a01 0b001b01 10094 100 131072 820594 20092 2898 5018
0b001a01 0b001b01 10095 100 131072 820643 20044 2898 4538
0b001201 0b001b01 10013 100 131072 830941 9736 6838 5490
0b001a01 0b001301 10013 100 131072 831077 9712 6838 5498
0b001001 0b001901 10013 100 131072 831293 9543 6838 4528
0b001c01 0b001d01 10095 100 131072 821205 19644 2898 5980
0b001e01 0b001701 10013 100 131072 831275 9585 6838 7422
0b001601 0b001f01 10013 100 131072 831357 9637 6838 7414
0b001801 0b001101 10013 100 131072 831582 9508 6838 4536
0b001901 0b001a01 10096 100 131072 831336 9931 2898 5497
0b001101 0b001201 10096 100 131072 833091 8215 2898 5489
0b001f01 0b001801 10096 100 131072 832401 9370 2898 4543
0b000a01 0b000b01 10042 100 131072 839065 2876 2898 554
0b000c01 0b000d01 10042 100 131072 839259 2876 2898 1516
0b000e01 0b000f01 10042 100 131072 839386 2876 2898 2478
0b000801 0b000901 10042 100 131072 839393 2876 2898 3432
0b001701 0b001001 10096 100 131072 833335 9951 2898 4535
0b001b01 0b001c01 10096 100 131072 832943 10854 2898 6459
0b001301 0b001401 10096 100 131072 833402 10698 2898 6451
0b001d01 0b001e01 10096 100 131072 832797 11615 2898 7421
0b001501 0b001601 10096 100 131072 833579 13093 2898 7413
0b001401 0b001501 10096 100 131072 830257 16701 2898 6932
0b000101 0b000201 10024 100 131072 836375 11342 11234 49
0b000301 0b000401 10024 100 131072 836375 11342 11234 1011
0b000501 0b000601 10024 100 131072 836375 11342 11234 1973
0b000701 0b000001 10024 100 131072 836375 11342 11234 2935
0b000201 0b000301 10009 100 131072 623565 224170 11234 1010
0b000401 0b000501 10009 100 131072 623563 224172 11234 1972
0b000001 0b000101 10009 100 131072 623565 224170 11234 48
0b000601 0b000701 10009 100 131072 623561 224174 11234 2934
0b001a01 0b001b01 10096 100 131072 830768 16884 2898 5978
0b001c01 0b001d01 10096 100 131072 830395 17299 2898 6940
0b001201 0b001301 10096 100 131072 830632 17166 2898 5970
0b000b01 0b000c01 10043 100 131072 844951 2876 2898 571
0b000d01 0b000e01 10043 100 131072 845145 2876 2898 1533
0b000f01 0b000801 10043 100 131072 845272 2876 2898 2495
0b000901 0b000a01 10043 100 131072 845279 2876 2898 3449
0b001801 0b001901 10096 100 131072 831252 16744 2898 5016
0b001601 0b001701 10096 100 131072 831181 17073 2898 4054
0b001001 0b001101 10096 100 131072 830984 17466 2898 5008
0b001e01 0b001f01 10096 100 131072 831099 17585 2898 4062
0b001301 0b001401 10097 100 131072 837981 11358 2898 6931
0b001b01 0b001c01 10097 100 131072 838952 12086 2898 6939
0b001501 0b001601 10097 100 131072 837873 13730 2898 4053
0b001d01 0b001e01 10097 100 131072 838850 12957 2898 4061
0b001801 0b001901 10097 100 131072 835699 16764 2898 5992
0b001801 0b001101 10014 100 131072 844781 8038 6838 4552
0b001001 0b001101 10097 100 131072 835652 17573 2898 5984
0b000c01 0b000d01 10043 100 131072 850837 2876 2898 588
0b001a01 0b001b01 10097 100 131072 836690 16970 2898 6954
0b001c01 0b001d01 10097 100 131072 836317 17386 2898 4076
0b001201 0b001301 10097 100 131072 836378 17428 2898 6946
0b000e01 0b000f01 10043 100 131072 851031 2876 2898 1550
0b000801 0b000901 10043 100 131072 851158 2876 2898 2504
0b000a01 0b000b01 10043 100 131072 851165 2876 2898 3466
0b001e01 0b001f01 10097 100 131072 836360 17563 2898 5038
0b001a01 0b001301 10014 100 131072 844277 10590 6838 5514
0b001201 0b001b01 10014 100 131072 844316 10617 6838 5506
0b001001 0b001901 10014 100 131072 846296 9002 6838 4544
0b001401 0b001501 10097 100 131072 837895 17426 2898 4068
0b001e01 0b001701 10014 100 131072 847422 8417 6838 7438
0b001701 0b001001 10097 100 131072 840116 15911 2898 5015
0b001601 0b001701 10097 100 131072 838490 17643 2898 5030
0b001101 0b001201 10097 100 131072 841434 15255 2898 5969
0b001c01 0b001501 10014 100 131072 846807 11000 6838 6476
0b001401 0b001d01 10014 100 131072 847110 10734 6838 6468
0b001f01 0b001801 10097 100 131072 840898 17158 2898 5519
0b001f01 0b001801 10098 100 131072 840899 17158 2898 5023
0b001601 0b001701 10098 100 131072 840054 18544 2898 4534
0b001501 0b001601 10098 100 131072 841395 17516 2898 4549
0b001501 0b001e01 10014 100 131072 849968 8994 6838 6949
0b001601 0b001f01 10014 100 131072 849682 9291 6838 7430
0b001e01 0b001f01 10098 100 131072 840566 18594 2898 4542
0b001101 0b001201 10098 100 131072 841743 17411 2898 6465
0b001701 0b001001 10098 100 131072 841173 18050 2898 5511
0b001901 0b001a01 10097 100 131072 841464 17869 2898 5977
0b001901 0b001a01 10098 100 131072 841486 17848 2898 6473
0b000d01 0b000e01 10044 100 131072 856723 2876 2898 605
0b000f01 0b000801 10044 100 131072 856917 2876 2898 1567
0b000901 0b000a01 10044 100 131072 857044 2876 2898 2521
0b000b01 0b000c01 10044 100 131072 857051 2876 2898 3483
0b001d01 0b001601 10014 100 131072 850704 9013 6838 6957
0b001a01 0b001b01 10098 100 131072 841311 18558 2898 6458
0b001801 0b001901 10098 100 131072 841359 18522 2898 5496
0b001c01 0b001d01 10098 100 131072 840940 19012 2898 7420
0b001f01 0b001801 10099 100 131072 841824 18216 2898 5039
0b001401 0b001501 10098 100 131072 840802 19294 2898 7412
0b001201 0b001301 10098 100 131072 841263 18950 2898 6450
0b001001 0b001101 10098 100 131072 841311 18937 2898 5488
0b001901 0b001201 10014 100 131072 851006 9237 6838 5033
0b001b01 0b001401 10014 100 131072 850662 9607 6838 5995
0b001d01 0b001e01 10098 100 131072 841999 18371 2898 4557
0b001301 0b001c01 10014 100 131072 850808 9610 6838 5987
0b001701 0b001001 10099 100 131072 841746 18731 2898 5031
0b001701 0b001801 10014 100 131072 851264 9222 6838 4071
0b001101 0b001a01 10014 100 131072 851460 9184 6838 5025
0b001a01 0b001b01 10099 100 131072 841819 18931 2898 5034
0b001201 0b001301 10099 100 131072 841676 19330 2898 5026
0b001f01 0b001001 10014 100 131072 851694 9300 6838 4079
0b001801 0b001901 10099 100 131072 842088 19006 2898 4072
0b001801 0b001901 10100 100 131072 842153 19030 2898 6472
0b001901 0b001a01 10099 100 131072 842015 19174 2898 5993
0b001b01 0b001c01 10098 100 131072 842365 18910 2898 7435
0b001501 0b001601 10099 100 131072 842588 18789 2898 4069
0b001a01 0b001b01 10100 100 131072 842528 18929 2898 4554
0b001d01 0b001e01 10099 100 131072 842534 18981 2898 4077
0b001a01 0b001b01 10101 100 131072 842706 18818 2898 7434
0b001201 0b001301 10100 100 131072 842127 19430 2898 4546
0b001b01 0b001c01 10099 100 131072 842500 19060 2898 6955
0b001a01 0b001b01 10102 100 131072 842794 18775 2898 4074
0b001a01 0b001b01 10103 100 131072 842839 18731 2898 6474
0b001801 0b001901 10101 100 131072 842594 19032 2898 7432
0b001801 0b001901 10102 100 131072 842661 18966 2898 6952
0b001801 0b001901 10103 100 131072 842662 18966 2898 5512
0b001001 0b001101 10099 100 131072 842027 19676 2898 4064
0b001f01 0b001801 10100 100 131072 842823 18847 2898 5999
0b001001 0b001101 10100 100 131072 842173 19643 2898 6464
0b001701 0b001001 10100 100 131072 842652 19168 2898 5991
0b001201 0b001301 10101 100 131072 842392 19430 2898 4066
0b001201 0b001301 10102 100 131072 842461 19362 2898 7426
0b001301 0b001401 10098 100 131072 842832 18996 2898 7427
0b001201 0b001301 10103 100 131072 842550 19320 2898 6466
0b001101 0b001201 10099 100 131072 842544 19394 2898 5985
0b001001 0b001101 10101 100 131072 842371 19622 2898 7424
0b001001 0b001101 10102 100 131072 842459 19535 2898 6944
0b001501 0b001601 10100 100 131072 843033 19005 2898 5029
0b001001 0b001101 10103 100 131072 842504 19535 2898 5504
0b000101 0b000201 10025 100 131072 850745 11363 11234 65
0b000301 0b000401 10025 100 131072 850745 11363 11234 1027
0b000501 0b000601 10025 100 131072 850745 11363 11234 1989
0b000701 0b000001 10025 100 131072 850745 11363 11234 2951
0b001d01 0b001e01 10100 100 131072 842954 19222 2898 6477
0b001f01 0b001801 10101 100 131072 843352 18871 2898 6479
0b001e01 0b001f01 10099 100 131072 842078 20147 2898 6958
0b001501 0b001601 10101 100 131072 843258 19001 2898 6469
0b001501 0b001601 10102 100 131072 843386 18962 2898 5509
0b001701 0b001001 10101 100 131072 843009 19342 2898 6471
0b001601 0b001701 10099 100 131072 842040 20311 2898 6950
0b001d01 0b001e01 10101 100 131072 843197 19200 2898 5037
0b001501 0b001601 10103 100 131072 843585 18832 2898 5989
0b001e01 0b001f01 10100 100 131072 842284 20210 2898 5518
0b001b01 0b001c01 10100 100 131072 843167 19336 2898 4075
0b001301 0b001401 10099 100 131072 843097 19348 2898 6947
0b001401 0b001501 10099 100 131072 841975 20505 2898 5988
0b001601 0b001701 10100 100 131072 842125 20359 2898 6470
0b001f01 0b001801 10102 100 131072 843683 18851 2898 6959
0b001d01 0b001e01 10102 100 131072 843462 19116 2898 5517
0b001c01 0b001d01 10099 100 131072 842247 20373 2898 5996
0b001c01 0b001d01 10100 100 131072 842307 20335 2898 5516
0b001401 0b001501 10100 100 131072 842189 20514 2898 5508
0b001601 0b001701 10101 100 131072 842367 20338 2898 5510
0b001301 0b001401 10100 100 131072 843318 19392 2898 5027
0b001d01 0b001e01 10103 100 131072 843859 18856 2898 5997
0b001e01 0b001f01 10101 100 131072 842507 20210 2898 6478
0b001f01 0b001801 10103 100 131072 844004 18732 2898 7439
0b001701 0b001001 10102 100 131072 843539 19257 2898 6951
0b001301 0b001401 10101 100 131072 843407 19414 2898 4067
0b001e01 0b001f01 10102 100 131072 842684 20122 2898 5998
0b001c01 0b001d01 10101 100 131072 842530 20289 2898 4556
0b001c01 0b001d01 10102 100 131072 842531 20289 2898 5036
0b001c01 0b001d01 10103 100 131072 842730 20135 2898 7436
0b001e01 0b001f01 10103 100 131072 842751 20122 2898 4558
0b001401 0b001501 10101 100 131072 842521 20451 2898 4548
0b001301 0b001401 10102 100 131072 843606 19392 2898 4547
0b001601 0b001701 10102 100 131072 842789 20225 2898 4550
0b001401 0b001501 10102 100 131072 842698 20322 2898 5028
0b001b01 0b001c01 10103 100 131072 843687 19367 2898 5515
0b001b01 0b001c01 10101 100 131072 843696 19359 2898 5035
0b001b01 0b001c01 10102 100 131072 843697 19359 2898 4555
0b001701 0b001001 10103 100 131072 843870 19195 2898 7431
0b001301 0b001401 10103 100 131072 843799 19266 2898 5507
0b001401 0b001501 10103 100 131072 842833 20253 2898 7428
0b001601 0b001701 10103 100 131072 842877 20226 2898 5990
0b001901 0b001a01 10100 100 131072 843014 20164 2898 6953
0b001101 0b001201 10100 100 131072 843425 20278 2898 6945
0b001901 0b001a01 10101 100 131072 843367 20340 2898 7433
0b001901 0b001a01 10102 100 131072 843566 20362 2898 4073
0b001101 0b001201 10101 100 131072 843602 20366 2898 4065
0b001101 0b001201 10102 100 131072 843669 20300 2898 7425
0b001901 0b001a01 10103 100 131072 843846 20259 2898 4553
0b001101 0b001201 10103 100 131072 844100 20222 2898 4545
0b000e01 0b000f01 10044 100 131072 862609 2876 2898 622
0b001401 0b001501 10104 100 131072 852349 13158 2898 6948
0b000801 0b000901 10044 100 131072 862803 2876 2898 1576
0b000a01 0b000b01 10044 100 131072 862930 2876 2898 2538
0b000c01 0b000d01 10044 100 131072 862937 2876 2898 3500
0b001c01 0b001d01 10104 100 131072 854048 11860 2898 6956
0b001201 0b001301 10104 100 131072 859699 11024 2898 5986
0b000f01 0b000801 10045 100 131072 868495 2876 2898 639
0b001e01 0b001f01 10104 100 131072 854817 16461 2898 4078
0b000901 0b000a01 10045 100 131072 868689 2876 2898 1593
0b000b01 0b000c01 10045 100 131072 868816 2876 2898 2555
0b000d01 0b000e01 10045 100 131072 868823 2876 2898 3517
0b001d01 0b001e01 10104 100 131072 856713 15951 2898 4093
0b001601 0b001701 10104 100 131072 854613 18061 2898 4070
0b001f01 0b001801 10104 100 131072 856933 15753 2898 5055
0b001001 0b001101 10104 100 131072 859037 14009 2898 5024
0b001501 0b001601 10104 100 131072 858331 15010 2898 4085
0b001501 0b001601 10105 100 131072 860817 15318 2898 6485
0b001701 0b001001 10104 100 131072 858849 17419 2898 7447
0b001301 0b001401 10104 100 131072 856816 19540 2898 6963
0b001201 0b001301 10105 100 131072 862164 14412 2898 6482
0b001701 0b001001 10105 100 131072 859143 17434 2898 5047
0b001101 0b001201 10104 100 131072 855829 20838 2898 4561
0b001b01 0b001c01 10104 100 131072 856670 20049 2898 6971
0b001901 0b001a01 10104 100 131072 855473 21282 2898 6009
0b001d01 0b001e01 10105 100 131072 860854 15969 2898 6493
0b001101 0b001201 10105 100 131072 856235 20741 2898 6001
0b001801 0b001901 10104 100 131072 861066 16103 2898 5528
0b001801 0b001901 10105 100 131072 861067 16103 2898 5032
0b001301 0b001401 10105 100 131072 857877 19560 2898 5523
0b001501 0b001e01 10015 100 131072 868517 9261 6838 6965
0b001b01 0b001c01 10105 100 131072 857943 20163 2898 5531
0b001d01 0b001601 10015 100 131072 868918 9301 6838 6973
0b001401 0b001501 10105 100 131072 863279 15059 2898 6004
0b001a01 0b001b01 10104 100 131072 862343 16090 2898 5994
0b001a01 0b001b01 10105 100 131072 862344 16090 2898 6490
0b001001 0b001101 10105 100 131072 862233 16518 2898 5520
0b001701 0b001001 10106 100 131072 861608 17214 2898 4551
0b001f01 0b001801 10105 100 131072 861983 17039 2898 7455
0b001901 0b001a01 10105 100 131072 858308 20916 2898 4569
0b001f01 0b001801 10106 100 131072 862170 17117 2898 4559
0b001e01 0b001f01 10105 100 131072 861972 17473 2898 6974
0b001201 0b001301 10106 100 131072 863253 16496 2898 5042
0b001d01 0b001e01 10106 100 131072 862962 17030 2898 7437
0b001501 0b001601 10106 100 131072 863106 17124 2898 7429
0b001c01 0b001d01 10105 100 131072 863428 16917 2898 6012
0b001301 0b001c01 10015 100 131072 873733 6820 6838 6003
0b000801 0b000101 10010 100 131072 874381 6956 6838 648
0b000a01 0b000301 10010 100 131072 874575 6889 6838 1610
0b001601 0b001701 10105 100 131072 861921 19252 2898 4566
0b000c01 0b000501 10010 100 131072 874702 6898 6838 2572
0b000e01 0b000701 10010 100 131072 874709 7240 6838 3534
0b001601 0b001701 10106 100 131072 862727 19613 2898 6966
0b001b01 0b001c01 10106 100 131072 862879 19588 2898 6475
0b001f01 0b001001 10015 100 131072 874288 8253 6838 4095
0b001a01 0b001b01 10106 100 131072 863654 19051 2898 5050
0b001101 0b001a01 10015 100 131072 876056 6935 6838 5041
0b001301 0b001401 10106 100 131072 863223 19871 2898 6467
0b001101 0b001201 10106 100 131072 863258 19837 2898 5505
0b001801 0b001901 10106 100 131072 863050 20285 2898 5048
0b001e01 0b001f01 10106 100 131072 863380 19984 2898 4574
0b001001 0b001101 10106 100 131072 863487 19929 2898 5040
0b001c01 0b001d01 10106 100 131072 864285 19275 2898 7452
0b001201 0b001301 10107 100 131072 864948 18764 2898 6002
0b001901 0b001a01 10106 100 131072 862891 20934 2898 5513
0b001401 0b001501 10106 100 131072 864838 19092 2898 7444
0b001a01 0b001b01 10107 100 131072 864199 19741 2898 6010
0b001701 0b001801 10015 100 131072 875684 8326 6838 4087
0b001b01 0b001c01 10107 100 131072 863760 20428 2898 5051
0b001701 0b001001 10107 100 131072 865361 18856 2898 6967
0b001c01 0b001d01 10107 100 131072 864570 19675 2898 6972
0b001701 0b001001 10108 100 131072 865494 18812 2898 6487
0b001801 0b001901 10107 100 131072 863496 20920 2898 4088
0b001f01 0b001801 10107 100 131072 865235 19184 2898 6975
0b001701 0b001001 10109 100 131072 865715 18789 2898 5527
0b001d01 0b001e01 10107 100 131072 865630 18946 2898 6013
0b001d01 0b001e01 10108 100 131072 865652 18925 2898 5533
0b001701 0b001001 10110 100 131072 866024 18592 2898 4567
0b001001 0b001101 10107 100 131072 864004 20655 2898 4080
0b001701 0b001001 10111 100 131072 866113 18569 2898 6007
0b001501 0b001601 10107 100 131072 865490 19232 2898 6005
0b001f01 0b001801 10108 100 131072 865504 19267 2898 5535
0b001d01 0b001e01 10109 100 131072 865829 18946 2898 4573
0b001d01 0b001e01 10110 100 131072 865830 18946 2898 5053
0b001d01 0b001e01 10111 100 131072 865875 18902 2898 7453
0b001301 0b001401 10107 100 131072 864016 20929 2898 5043
0b001f01 0b001801 10109 100 131072 865727 19223 2898 6495
0b001f01 0b001801 10110 100 131072 865816 19135 2898 6015
0b001501 0b001601 10108 100 131072 865713 19251 2898 5525
0b001f01 0b001801 10111 100 131072 865883 19113 2898 4575
0b001b01 0b001c01 10108 100 131072 864467 20602 2898 4571
0b001b01 0b001c01 10109 100 131072 864534 20536 2898 7451
0b001b01 0b001c01 10110 100 131072 864579 20558 2898 4091
0b001b01 0b001c01 10111 100 131072 864580 20558 2898 6491
0b001101 0b001201 10107 100 131072 864713 20499 2898 4081
0b001501 0b001601 10109 100 131072 865982 19247 2898 4565
0b001501 0b001601 10110 100 131072 866030 19200 2898 5045
0b001501 0b001601 10111 100 131072 866096 19135 2898 7445
0b001901 0b001a01 10107 100 131072 864104 21156 2898 4089
0b001101 0b001201 10108 100 131072 864826 20497 2898 6481
0b001901 0b001a01 10108 100 131072 864193 21199 2898 6489
0b001101 0b001201 10109 100 131072 865003 20430 2898 7441
0b001101 0b001201 10110 100 131072 865004 20430 2898 6961
0b001101 0b001201 10111 100 131072 865049 20386 2898 5521
0b001401 0b001501 10107 100 131072 865455 20039 2898 6964
0b001301 0b001401 10108 100 131072 864567 21171 2898 4563
0b001901 0b001a01 10109 100 131072 864636 21109 2898 7449
0b001901 0b001a01 10110 100 131072 864637 21109 2898 6969
0b001901 0b001a01 10111 100 131072 864638 21109 2898 5529
0b001001 0b001101 10108 100 131072 864830 21062 2898 6000
0b001301 0b001401 10109 100 131072 864832 21127 2898 4083
0b001c01 0b001d01 10108 100 131072 865513 20435 2898 4092
0b001301 0b001401 10110 100 131072 864833 21127 2898 7443
0b001301 0b001401 10111 100 131072 864880 21081 2898 6483
0b001401 0b001501 10108 100 131072 865720 20311 2898 5044
0b001801 0b001901 10108 100 131072 864680 21440 2898 6008
0b001401 0b001501 10109 100 131072 865831 20311 2898 4084
0b001401 0b001501 10110 100 131072 866008 20311 2898 4564
0b001401 0b001501 10111 100 131072 866075 20245 2898 5524
0b001e01 0b001f01 10107 100 131072 864525 21842 2898 4094
0b001201 0b001301 10108 100 131072 866713 19650 2898 6962
0b001001 0b001101 10109 100 131072 865361 21192 2898 6480
0b001601 0b001701 10107 100 131072 864387 22192 2898 4086
0b001201 0b001301 10109 100 131072 866978 19606 2898 4082
0b001201 0b001301 10110 100 131072 866979 19606 2898 7442
0b001801 0b001901 10109 100 131072 865233 21459 2898 6488
0b001201 0b001301 10111 100 131072 867332 19386 2898 4562
0b001c01 0b001d01 10109 100 131072 866064 20677 2898 5532
0b001c01 0b001d01 10110 100 131072 866065 20677 2898 5052
0b001c01 0b001d01 10111 100 131072 866066 20677 2898 4572
0b001801 0b001901 10110 100 131072 865544 21325 2898 6968
0b001001 0b001101 10110 100 131072 865806 21078 2898 6960
0b001801 0b001901 10111 100 131072 865746 21190 2898 7448
0b001001 0b001101 10111 100 131072 866075 20986 2898 7440
0b001a01 0b001b01 10108 100 131072 866188 20955 2898 6970
0b001901 0b001201 10015 100 131072 880210 6955 6838 5049
0b001e01 0b001f01 10108 100 131072 865186 22416 2898 6494
0b001601 0b001701 10108 100 131072 865048 22610 2898 5046
0b001a01 0b001b01 10109 100 131072 866717 20955 2898 7450
0b001101 0b001201 10112 100 131072 881761 5972 2898 5537
0b001501 0b001601 10112 100 131072 881348 6469 2898 6021
0b001a01 0b001b01 10110 100 131072 866938 20957 2898 4090
0b001601 0b001701 10109 100 131072 865269 22678 2898 6486
0b001901 0b001a01 10112 100 131072 880179 7799 2898 5545
0b001a01 0b001b01 10111 100 131072 867115 20869 2898 4570
0b001e01 0b001f01 10109 100 131072 865407 22592 2898 5054
0b001601 0b001701 10110 100 131072 865358 22722 2898 5526
0b001601 0b001701 10111 100 131072 865427 22654 2898 6006
0b001d01 0b001e01 10112 100 131072 883355 4754 2898 6029
0b001e01 0b001f01 10110 100 131072 865588 22612 2898 5534
0b001f01 0b001801 10112 100 131072 882455 5918 2898 6991
0b001e01 0b001f01 10111 100 131072 865725 22652 2898 6014
0b001b01 0b001401 10015 100 131072 881443 7049 6838 6011
0b001b01 0b001c01 10112 100 131072 881444 7487 2898 6507
0b001701 0b001001 10112 100 131072 884183 5219 2898 4583
0b001b01 0b001c01 10113 100 131072 885715 4581 2898 5067
0b001f01 0b001801 10113 100 131072 886374 3958 2898 4591
0b001701 0b001001 10113 100 131072 885350 4998 2898 6983
0b001301 0b001401 10112 100 131072 879586 10784 2898 6499
0b001301 0b001401 10113 100 131072 882759 9922 2898 5059
0b001e01 0b001701 10015 100 131072 883032 10192 6838 7454
0b001601 0b001f01 10015 100 131072 883270 10452 6838 7446
0b001001 0b001901 10015 100 131072 881832 11939 6838 4560
0b001401 0b001501 10112 100 131072 879366 14484 2898 6980
0b001d01 0b001e01 10113 100 131072 886570 7391 2898 7469
0b001801 0b001101 10015 100 131072 882297 11771 6838 4568
0b001201 0b001301 10112 100 131072 879677 14928 2898 4578
0b001501 0b001601 10113 100 131072 886940 7721 2898 7461
0b001801 0b001901 10112 100 131072 875696 19036 2898 5064
0b001401 0b001501 10113 100 131072 880447 14349 2898 5540
0b001201 0b001301 10113 100 131072 879986 14884 2898 6018
0b001c01 0b001501 10015 100 131072 885507 9523 6838 6492
0b001901 0b001a01 10113 100 131072 887426 7836 2898 4105
0b000101 0b000201 10026 100 131072 884347 11284 11234 657
0b000301 0b000401 10026 100 131072 884474 11346 11234 1619
0b000501 0b000601 10026 100 131072 884610 11294 11234 2581
0b001401 0b001d01 10015 100 131072 886104 9610 6838 6484
0b001201 0b001b01 10015 100 131072 886105 9679 6838 5522
0b001101 0b001201 10113 100 131072 887669 8398 2898 4097
0b000701 0b000001 10026 100 131072 884959 11365 11234 3543
0b001d01 0b001601 10016 100 131072 887255 9188 6838 6989
0b001001 0b001901 10016 100 131072 887626 9440 6838 4576
0b001501 0b001e01 10016 100 131072 888504 8736 6838 6981
0b001801 0b001101 10016 100 131072 888006 9291 6838 4584
0b000201 0b000301 10010 100 131072 641861 255613 11234 3378
0b000401 0b000501 10010 100 131072 641861 255613 11234 3380
0b000601 0b000701 10010 100 131072 641952 255522 11234 2422
0b000001 0b000101 10010 100 131072 641861 255613 11234 3376
0b000201 0b000301 10011 100 131072 641952 255526 11234 2898
0b000401 0b000501 10011 100 131072 641952 255526 11234 2900
0b000601 0b000701 10011 100 131072 641953 255525 11234 1942
0b000001 0b000101 10011 100 131072 641952 255526 11234 2896
0b000201 0b000301 10012 100 131072 641953 255529 11234 2418
0b000401 0b000501 10012 100 131072 641954 255528 11234 1460
0b000601 0b000701 10012 100 131072 641954 255528 11234 1462
0b000001 0b000101 10012 100 131072 641953 255529 11234 2416
0b000201 0b000301 10013 100 131072 641954 255533 11234 1938
0b000401 0b000501 10013 100 131072 641955 255532 11234 980
0b000601 0b000701 10013 100 131072 641955 255532 11234 982
0b000001 0b000101 10013 100 131072 641954 255533 11234 1936
0b000201 0b000301 10014 100 131072 641956 255540 11234 498
0b000401 0b000501 10014 100 131072 641956 255540 11234 500
0b000601 0b000701 10014 100 131072 641956 255540 11234 502
0b000001 0b000101 10014 100 131072 641955 255541 11234 1456
0b000201 0b000301 10015 100 131072 641957 255548 11234 18
0b000401 0b000501 10015 100 131072 641957 255548 11234 20
0b000601 0b000701 10015 100 131072 641957 255548 11234 22
0b000001 0b000101 10015 100 131072 641956 255549 11234 976
0b001e01 0b001701 10016 100 131072 887787 9902 6838 7470
0b001601 0b001f01 10016 100 131072 888241 10001 6838 7462
0b001a01 0b001301 10015 100 131072 886865 11416 6838 5530
0b001e01 0b001f01 10112 100 131072 875674 22891 2898 4110
0b001a01 0b001b01 10112 100 131072 879765 19112 2898 6026
0b001601 0b001701 10112 100 131072 876351 22667 2898 4102
0b000201 0b000301 10016 100 131072 644023 255689 11234 1026
0b000401 0b000501 10016 100 131072 644042 255670 11234 1988
0b000601 0b000701 10016 100 131072 644035 255677 11234 2950
0b000001 0b000101 10016 100 131072 644033 255679 11234 64
0b001c01 0b001d01 10112 100 131072 879729 19825 2898 6988
0b001001 0b001101 10112 100 131072 879278 20505 2898 7456
0b001001 0b001101 10113 100 131072 879587 20505 2898 5056
0b001c01 0b001501 10016 100 131072 888148 12112 6838 6508
0b001b01 0b001c01 10114 100 131072 890153 10134 2898 6987
0b001801 0b001901 10113 100 131072 882032 18707 2898 7464
0b001c01 0b001d01 10113 100 131072 881116 19806 2898 5548
0b001401 0b001d01 10016 100 131072 888971 11997 6838 6500
0b001f01 0b001001 10016 100 131072 889377 11670 6838 4111
0b001701 0b001801 10016 100 131072 889589 11453 6838 4103
0b001d01 0b001e01 10114 100 131072 888958 12137 2898 4109
0b001a01 0b001b01 10113 100 131072 882234 19129 2898 4586
0b001601 0b001701 10113 100 131072 879145 22645 2898 6502
0b001301 0b001c01 10016 100 131072 886722 15115 6838 6019
0b001f01 0b001801 10114 100 131072 890612 11381 2898 6511
0b001001 0b001901 10017 100 131072 892412 9641 6838 4592
0b001101 0b001201 10114 100 131072 888902 13352 2898 6017
0b001b01 0b001401 10016 100 131072 886950 15427 6838 6027
0b001b01 0b001c01 10115 100 131072 890682 11720 2898 7467
0b001e01 0b001f01 10113 100 131072 879833 22674 2898 6510
0b001201 0b001b01 10016 100 131072 888445 14156 6838 5538
0b001d01 0b001e01 10115 100 131072 889751 12950 2898 5549
0b001d01 0b001e01 10116 100 131072 889752 12950 2898 5069
0b001d01 0b001e01 10117 100 131072 889753 12950 2898 4589
0b001b01 0b001c01 10116 100 131072 890905 11828 2898 4107
0b001901 0b001a01 10114 100 131072 889130 13615 2898 6025
0b001b01 0b001c01 10117 100 131072 890994 11784 2898 4587
0b001c01 0b001d01 10114 100 131072 883563 19235 2898 6028
0b001301 0b001401 10114 100 131072 889373 13499 2898 6979
0b001701 0b001001 10114 100 131072 890668 12334 2898 5063
0b001801 0b001101 10017 100 131072 893342 9723 6838 4600
0b001901 0b001201 10016 100 131072 886345 16750 6838 5065
0b001301 0b001401 10115 100 131072 889594 13609 2898 4099
0b001301 0b001401 10116 100 131072 889595 13609 2898 7459
0b001e01 0b001f01 10114 100 131072 880788 22496 2898 6990
0b001101 0b001a01 10016 100 131072 886426 16842 6838 5057
0b001301 0b001401 10117 100 131072 889728 13543 2898 4579
0b001501 0b001601 10114 100 131072 889041 14382 2898 5061
0b001601 0b001701 10114 100 131072 881229 22258 2898 6982
0b001501 0b001601 10115 100 131072 889152 14536 2898 4101
0b001f01 0b001801 10115 100 131072 891009 12949 2898 5071
0b001501 0b001601 10116 100 131072 889329 14690 2898 4581
0b001501 0b001601 10117 100 131072 889330 14690 2898 5541
0b001101 0b001201 10115 100 131072 889563 14540 2898 6497
0b001901 0b001a01 10115 100 131072 889702 14540 2898 6505
0b001f01 0b001801 10116 100 131072 891210 13101 2898 5551
0b001701 0b001001 10115 100 131072 890957 13459 2898 6503
0b001901 0b001a01 10116 100 131072 889879 14584 2898 6985
0b001f01 0b001801 10117 100 131072 891387 13144 2898 6031
0b001901 0b001a01 10117 100 131072 889946 14606 2898 7465
0b001501 0b001e01 10017 100 131072 896890 7742 6838 6997
0b001401 0b001501 10114 100 131072 887955 16684 2898 5060
0b001101 0b001201 10116 100 131072 889894 14760 2898 6977
0b001701 0b001001 10116 100 131072 891090 13591 2898 5543
0b001701 0b001001 10117 100 131072 891091 13591 2898 6023
0b001a01 0b001b01 10114 100 131072 886001 18782 2898 5066
0b001101 0b001201 10117 100 131072 890071 14760 2898 7457
0b001b01 0b001c01 10118 100 131072 898794 6143 2898 5547
0b001001 0b001101 10114 100 131072 885551 19412 2898 4096
0b001901 0b001201 10017 100 131072 897742 7301 6838 5081
0b001301 0b001c01 10017 100 131072 897910 7214 6838 6035
0b001201 0b001301 10114 100 131072 888222 17022 2898 4098
0b001201 0b001301 10115 100 131072 888333 17154 2898 6498
0b001c01 0b001501 10017 100 131072 891941 13613 6838 6524
0b001201 0b001301 10116 100 131072 888443 17155 2898 7458
0b001201 0b001301 10117 100 131072 888444 17155 2898 6978
0b001d01 0b001e01 10118 100 131072 898724 7326 2898 6509
0b001401 0b001501 10115 100 131072 888748 17301 2898 4580
0b001401 0b001501 10116 100 131072 888969 17345 2898 4100
0b001401 0b001501 10117 100 131072 888970 17366 2898 7460
0b001801 0b001901 10114 100 131072 887020 19472 2898 4104
0b001201 0b001301 10118 100 131072 890175 16349 2898 5058
0b001a01 0b001301 10016 100 131072 888757 18117 6838 5546
0b001301 0b001401 10118 100 131072 897645 9289 2898 4595
0b001c01 0b001d01 10115 100 131072 887198 20003 2898 5068
0b001001 0b001101 10115 100 131072 887227 20003 2898 6976
0b001a01 0b001b01 10115 100 131072 888270 19087 2898 4106
0b001401 0b001d01 10017 100 131072 893380 13966 6838 6516
0b001001 0b001101 10116 100 131072 887316 20047 2898 6496
0b001801 0b001901 10115 100 131072 887429 20032 2898 6984
0b000101 0b000a01 10002 100 131072 900515 7179 6838 993
0b001a01 0b001b01 10116 100 131072 888402 19110 2898 6506
0b001001 0b001101 10117 100 131072 887514 20092 2898 5536
0b001301 0b001401 10119 100 131072 901291 6370 2898 5539
0b001001 0b001101 10118 100 131072 887692 20046 2898 6016
0b000501 0b000e01 10002 100 131072 900488 7601 6838 2917
0b001a01 0b001b01 10117 100 131072 888755 19264 2898 7466
0b001a01 0b001b01 10118 100 131072 888756 19264 2898 6986
0b001201 0b001b01 10017 100 131072 890743 17424 6838 5554
0b001801 0b001901 10116 100 131072 887781 20472 2898 5544
0b001801 0b001901 10117 100 131072 887960 20472 2898 6504
0b001801 0b001901 10118 100 131072 887961 20472 2898 6024
0b001f01 0b001801 10118 100 131072 896732 11716 2898 7471
0b001a01 0b001301 10017 100 131072 890988 17537 6838 5562
0b001701 0b001001 10118 100 131072 896234 12761 2898 7463
0b000301 0b000c01 10002 100 131072 900497 8609 6838 1955
0b001401 0b001501 10118 100 131072 891502 17748 2898 6020
0b001601 0b001701 10115 100 131072 887732 21637 2898 6022
0b001c01 0b001d01 10116 100 131072 888079 21325 2898 4588
0b001c01 0b001d01 10117 100 131072 888080 21325 2898 7468
0b001c01 0b001d01 10118 100 131072 888147 21478 2898 4108
0b001e01 0b001701 10017 100 131072 896971 12745 6838 7486
0b001601 0b001701 10116 100 131072 887974 21813 2898 5542
0b001601 0b001701 10117 100 131072 888239 21901 2898 4582
0b001601 0b001701 10118 100 131072 888240 21901 2898 5062
0b001b01 0b001c01 10119 100 131072 904373 5853 2898 4603
0b000701 0b000801 10002 100 131072 900515 9781 6838 39
0b001d01 0b001601 10017 100 131072 902564 7699 6838 7005
0b001901 0b001a01 10118 100 131072 896781 13502 2898 4585
0b001101 0b001a01 10017 100 131072 903102 7288 6838 5073
0b001b01 0b001401 10017 100 131072 901887 8662 6838 6043
0b001e01 0b001f01 10115 100 131072 887586 23181 2898 6030
0b001e01 0b001f01 10116 100 131072 887587 23181 2898 5550
0b001601 0b001f01 10017 100 131072 897671 13151 6838 7478
0b001101 0b001201 10118 100 131072 897078 13770 2898 4577
0b001e01 0b001f01 10117 100 131072 887785 23204 2898 4590
0b001e01 0b001f01 10118 100 131072 887786 23204 2898 5070
0b001f01 0b001801 10119 100 131072 901252 9911 2898 7487
0b001501 0b001601 10118 100 131072 897836 13432 2898 5557
0b001801 0b001901 10119 100 131072 891383 20089 2898 7000
0b001501 0b001601 10119 100 131072 898040 13537 2898 6501
0b001701 0b001001 10119 100 131072 900699 10966 2898 7479
0b001601 0b001701 10119 100 131072 890827 21563 2898 6038
0b001f01 0b001001 10017 100 131072 901575 11007 6838 4127
0b001001 0b001101 10119 100 131072 893358 19292 2898 6992
0b001701 0b001801 10017 100 131072 902028 11008 6838 4119
0b000a01 0b000b01 10045 100 131072 910704 2876 2898 1018
0b001f01 0b001801 10120 100 131072 905517 8067 2898 6527
0b000e01 0b000f01 10045 100 131072 911099 2876 2898 2942
0b001f01 0b001801 10121 100 131072 906294 7555 2898 7007
0b001401 0b001501 10119 100 131072 895691 18730 2898 5076
0b000c01 0b000d01 10045 100 131072 912116 2876 2898 1980
0b001e01 0b001f01 10119 100 131072 891119 23589 2898 6046
0b001901 0b001a01 10119 100 131072 900076 14654 2898 4601
0b001701 0b001001 10120 100 131072 904800 9992 2898 6519
0b001d01 0b001e01 10119 100 131072 903932 11389 2898 5565
0b001d01 0b001e01 10120 100 131072 903978 11498 2898 6525
0b001c01 0b001d01 10119 100 131072 893306 22394 2898 5084
0b001201 0b001301 10119 100 131072 899077 16825 2898 4114
0b001101 0b001201 10119 100 131072 900307 15670 2898 4593
0b000801 0b000901 10045 100 131072 913306 2876 2898 56
0b001b01 0b001c01 10120 100 131072 905611 10600 2898 5563
0b001a01 0b001b01 10119 100 131072 898272 18861 2898 4122
0b001501 0b001601 10120 100 131072 903270 14338 2898 6517
0b001701 0b001001 10121 100 131072 906497 12190 2898 6999
0b001d01 0b001e01 10121 100 131072 905808 13433 2898 6045
0b000b01 0b000c01 10046 100 131072 916590 2876 2898 1035
0b001101 0b001201 10120 100 131072 902793 16705 2898 7473
0b000f01 0b000801 10046 100 131072 916985 2876 2898 2959
0b001901 0b001a01 10120 100 131072 903749 16086 2898 7481
0b001601 0b001701 10120 100 131072 899453 20618 2898 6998
0b000d01 0b000e01 10046 100 131072 918002 2876 2898 1997
0b000901 0b000a01 10046 100 131072 919192 2876 2898 73
0b001901 0b001a01 10121 100 131072 905063 17237 2898 4617
0b001b01 0b001c01 10121 100 131072 907793 15307 2898 5083
0b001201 0b001301 10120 100 131072 905264 18627 2898 6034
0b001e01 0b001f01 10120 100 131072 900250 24278 2898 7006
0b001001 0b001101 10120 100 131072 904057 21006 2898 4112
0b001101 0b001201 10121 100 131072 906075 19124 2898 4609
0b000c01 0b000d01 10046 100 131072 922476 2876 2898 1052
0b000801 0b000901 10046 100 131072 922871 2876 2898 2968
0b001201 0b001301 10121 100 131072 906105 19901 2898 5074
0b000e01 0b000f01 10046 100 131072 923888 2876 2898 2014
0b001301 0b001401 10120 100 131072 908254 18537 2898 4115
0b001801 0b001901 10120 100 131072 904052 22778 2898 4120
0b001501 0b001601 10121 100 131072 907649 19508 2898 5077
0b001a01 0b001b01 10120 100 131072 905755 21636 2898 6042
0b000a01 0b000b01 10046 100 131072 925078 2876 2898 90
0b001401 0b001501 10120 100 131072 905387 22238 2898 6036
0b001001 0b001101 10121 100 131072 906012 21824 2898 5072
0b001d01 0b001e01 10122 100 131072 910211 17743 2898 5085
0b001101 0b001201 10122 100 131072 907973 20001 2898 4113
0b001801 0b001901 10121 100 131072 905003 23016 2898 6520
0b001d01 0b001e01 10123 100 131072 910356 17711 2898 6541
0b001401 0b001501 10121 100 131072 905882 22206 2898 6996
0b001c01 0b001d01 10120 100 131072 903297 24817 2898 7004
0b001201 0b001301 10122 100 131072 907113 21052 2898 6514
0b001a01 0b001b01 10121 100 131072 906278 21906 2898 5082
0b001601 0b001701 10121 100 131072 906433 21825 2898 5078
0b001b01 0b001c01 10122 100 131072 910367 18150 2898 4123
0b001401 0b001501 10122 100 131072 906213 22274 2898 4116
0b001501 0b001601 10122 100 131072 908564 19924 2898 6533
0b001401 0b001501 10123 100 131072 906214 22274 2898 7476
0b001301 0b001401 10121 100 131072 908497 19992 2898 6515
0b001401 0b001501 10124 100 131072 906281 22208 2898 4596
0b001601 0b001701 10122 100 131072 906698 21850 2898 4118
0b001b01 0b001c01 10123 100 131072 910522 18216 2898 6523
0b001301 0b001401 10122 100 131072 908608 20167 2898 7475
0b001301 0b001401 10123 100 131072 908609 20167 2898 6995
0b001601 0b001701 10123 100 131072 907029 21784 2898 4598
0b001601 0b001701 10124 100 131072 907030 21784 2898 5558
0b001901 0b001a01 10122 100 131072 909502 19403 2898 4121
0b001501 0b001601 10123 100 131072 909059 19980 2898 4597
0b001201 0b001301 10123 100 131072 907664 21404 2898 6994
0b001501 0b001601 10124 100 131072 909324 19892 2898 4117
0b001501 0b001601 10125 100 131072 909346 19871 2898 7477
0b001a01 0b001b01 10122 100 131072 907252 22012 2898 6522
0b001b01 0b001c01 10124 100 131072 911029 18240 2898 7483
0b001b01 0b001c01 10125 100 131072 911030 18240 2898 7003
0b001e01 0b001f01 10121 100 131072 904105 25180 2898 4126
0b001b01 0b001c01 10126 100 131072 911177 18138 2898 5579
0b001201 0b001301 10124 100 131072 907841 21513 2898 7474
0b001a01 0b001b01 10123 100 131072 907473 21946 2898 7002
0b001001 0b001101 10122 100 131072 907426 21997 2898 6512
0b001201 0b001301 10125 100 131072 908053 21412 2898 5090
0b001a01 0b001b01 10124 100 131072 907562 21990 2898 7482
0b001d01 0b001e01 10124 100 131072 912414 17327 2898 4605
0b001d01 0b001e01 10125 100 131072 912415 17327 2898 7485
0b001301 0b001401 10124 100 131072 909534 20261 2898 5075
0b001d01 0b001e01 10126 100 131072 912635 17152 2898 4125
0b001001 0b001101 10123 100 131072 907691 22195 2898 5552
0b001001 0b001101 10124 100 131072 907692 22195 2898 6032
0b001501 0b001601 10126 100 131072 912260 17750 2898 6037
0b001901 0b001a01 10123 100 131072 910471 19556 2898 7001
0b001301 0b001401 10125 100 131072 909884 20176 2898 5555
0b001801 0b001901 10122 100 131072 906968 23164 2898 5080
0b001401 0b001501 10125 100 131072 909944 20270 2898 4612
0b001c01 0b001d01 10121 100 131072 904847 25457 2898 6044
0b001801 0b001901 10123 100 131072 907321 23120 2898 5560
0b001401 0b001501 10126 100 131072 910671 19874 2898 5556
0b001801 0b001901 10124 100 131072 907541 23033 2898 6040
0b001b01 0b001c01 10127 100 131072 920143 10541 2898 4139
0b001f01 0b001801 10122 100 131072 913777 16912 2898 6047
0b001d01 0b001e01 10127 100 131072 918710 11982 2898 5101
0b001101 0b001201 10123 100 131072 910240 20469 2898 6993
0b001f01 0b001801 10123 100 131072 913778 16933 2898 5567
0b001501 0b001601 10127 100 131072 917431 13332 2898 5093
0b001901 0b001a01 10124 100 131072 911263 19520 2898 5561
0b001101 0b001201 10124 100 131072 910373 20447 2898 6513
0b001f01 0b001801 10124 100 131072 913832 16990 2898 7503
0b001901 0b001a01 10125 100 131072 911442 19430 2898 6521
0b001901 0b001a01 10126 100 131072 911443 19430 2898 6041
0b001101 0b001201 10125 100 131072 910616 20293 2898 5553
0b001301 0b001401 10126 100 131072 911535 19384 2898 5571
0b001c01 0b001d01 10122 100 131072 905412 25565 2898 7484
0b001101 0b001201 10126 100 131072 910748 20228 2898 6033
0b001f01 0b001801 10125 100 131072 913999 17006 2898 4607
0b001f01 0b001801 10126 100 131072 914000 17006 2898 5087
0b001e01 0b001f01 10122 100 131072 905711 25335 2898 5566
0b001e01 0b001f01 10123 100 131072 905712 25335 2898 5086
0b001e01 0b001f01 10124 100 131072 905713 25335 2898 4606
0b000d01 0b000e01 10047 100 131072 928362 2876 2898 1069
0b001701 0b001001 10122 100 131072 912379 18775 2898 6039
0b001c01 0b001d01 10123 100 131072 905743 25545 2898 4124
0b001401 0b001501 10127 100 131072 913559 17693 2898 6052
0b001c01 0b001d01 10124 100 131072 905788 25501 2898 4604
0b000901 0b000a01 10047 100 131072 928757 2876 2898 2985
0b001901 0b001a01 10127 100 131072 914482 17360 2898 7017
0b001701 0b001001 10123 100 131072 912726 19198 2898 7495
0b001701 0b001001 10124 100 131072 912797 19325 2898 5559
0b001101 0b001201 10127 100 131072 915660 16549 2898 7009
0b001e01 0b001f01 10125 100 131072 907642 24773 2898 7022
0b001f01 0b001801 10127 100 131072 917718 14850 2898 6063
0b001701 0b001001 10125 100 131072 913150 19435 2898 4599
0b001701 0b001001 10126 100 131072 913151 19435 2898 5079
0b000f01 0b000801 10047 100 131072 929774 2876 2898 2031
0b001c01 0b001d01 10125 100 131072 907947 24663 2898 5564
0b001c01 0b001d01 10126 100 131072 908134 24653 2898 6060
0b001201 0b001301 10126 100 131072 913858 19359 2898 4594
0b001e01 0b001f01 10126 100 131072 909060 24236 2898 6526
0b001001 0b001101 10125 100 131072 912005 21413 2898 7472
0b001601 0b001701 10125 100 131072 913273 20251 2898 7014
0b000b01 0b000c01 10047 100 131072 930964 2876 2898 107
0b001801 0b001901 10125 100 131072 911458 22189 2898 7480
0b001301 0b001c01 10018 100 131072 926901 6842 6838 6051
0b001701 0b001001 10127 100 131072 915400 18839 2898 6055
0b001f01 0b001801 10128 100 131072 927538 6703 2898 7023
0b001601 0b001701 10126 100 131072 914278 20589 2898 5574
0b001601 0b001701 10127 100 131072 914587 20633 2898 6518
0b001a01 0b001b01 10125 100 131072 913293 22057 2898 4602
0b001a01 0b001b01 10126 100 131072 913400 21951 2898 5098
0b001301 0b001401 10127 100 131072 918912 16542 2898 4131
0b001001 0b001101 10126 100 131072 914675 20836 2898 7488
0b001001 0b001101 10127 100 131072 915592 20822 2898 4128
0b000e01 0b000f01 10047 100 131072 934248 2876 2898 1086
0b001801 0b001901 10126 100 131072 914173 23122 2898 7496
0b000a01 0b000b01 10047 100 131072 934643 2876 2898 3002
0b001c01 0b001d01 10127 100 131072 913236 24238 2898 4620
0b001201 0b001301 10127 100 131072 918987 18785 2898 4610
0b001101 0b001201 10128 100 131072 928073 10019 2898 4129
0b001001 0b001101 10128 100 131072 917802 20307 2898 6528
0b000801 0b000901 10047 100 131072 935660 2876 2898 2040
0b001b01 0b001401 10018 100 131072 930401 8812 6838 6059
0b001801 0b001901 10127 100 131072 916046 23626 2898 4136
0b000c01 0b000d01 10047 100 131072 936850 2876 2898 124
0b001a01 0b001b01 10127 100 131072 917740 22012 2898 4618
0b001b01 0b001c01 10128 100 131072 931194 8758 2898 5099
0b001901 0b001a01 10128 100 131072 929840 10171 2898 4137
0b001801 0b001901 10128 100 131072 916594 23607 2898 6536
0b001101 0b001a01 10018 100 131072 930846 9474 6838 5089
0b001701 0b001001 10128 100 131072 923081 17257 2898 7015
0b001801 0b001901 10129 100 131072 916859 23497 2898 7016
0b001601 0b001701 10128 100 131072 920618 19993 2898 6534
0b001501 0b001e01 10018 100 131072 931098 9546 6838 7013
0b001d01 0b001601 10018 100 131072 931124 9567 6838 7021
0b001001 0b001101 10129 100 131072 921697 19055 2898 7008
0b001201 0b001301 10128 100 131072 922508 18347 2898 7490
0b000401 0b000501 10017 100 131072 651317 289858 11234 1476
0b000601 0b000701 10017 100 131072 651317 289858 11234 2438
0b000001 0b000101 10017 100 131072 651317 289858 11234 3392
0b001401 0b001501 10128 100 131072 929801 11090 2898 4132
0b000201 0b000301 10017 100 131072 651317 289858 11234 514
0b001401 0b001d01 10018 100 131072 931499 9503 6838 6532
0b001c01 0b001501 10018 100 131072 931748 9431 6838 6540
0b001601 0b001f01 10018 100 131072 932227 9159 6838 7494
0b001901 0b001a01 10129 100 131072 931029 10527 2898 6537
0b001901 0b001201 10018 100 131072 933142 8508 6838 5097
0b001701 0b001801 10018 100 131072 931558 10151 6838 4135
0b001f01 0b001001 10018 100 131072 932295 9495 6838 4143
0b001e01 0b001701 10018 100 131072 932752 9194 6838 7502
0b001801 0b001101 10018 100 131072 934015 8174 6838 4616
0b001e01 0b001f01 10127 100 131072 918331 24032 2898 5582
0b001e01 0b001f01 10128 100 131072 918486 24032 2898 6542
0b000f01 0b000801 10048 100 131072 940134 2876 2898 1103
0b001c01 0b001d01 10128 100 131072 919221 23910 2898 5580
0b000b01 0b000c01 10048 100 131072 940529 2876 2898 3019
0b001a01 0b001301 10018 100 131072 933793 9623 6838 5578
0b001201 0b001b01 10018 100 131072 933919 9586 6838 5570
0b001301 0b001401 10128 100 131072 929016 14737 2898 5091
0b001001 0b001901 10018 100 131072 935595 8271 6838 4608
0b000901 0b000a01 10048 100 131072 941546 2876 2898 2057
0b001501 0b001601 10128 100 131072 930635 13771 2898 6053
0b001a01 0b001b01 10128 100 131072 922845 21664 2898 7498
0b001e01 0b001f01 10129 100 131072 922251 22974 2898 6062
0b000d01 0b000e01 10048 100 131072 942736 2876 2898 141
0b001b01 0b001c01 10129 100 131072 932274 13578 2898 6539
0b001b01 0b001c01 10130 100 131072 932429 13754 2898 7019
0b001201 0b001301 10129 100 131072 928209 18037 2898 4626
0b001b01 0b001c01 10131 100 131072 932562 13798 2898 7499
0b001a01 0b001b01 10129 100 131072 925310 21752 2898 4634
0b001d01 0b001e01 10128 100 131072 933314 14348 2898 6061
0b001901 0b001a01 10130 100 131072 933451 14794 2898 5577
0b001101 0b001201 10129 100 131072 932433 15782 2898 6529
0b001701 0b001001 10129 100 131072 931268 17081 2898 5095
0b001901 0b001a01 10131 100 131072 933584 14970 2898 6057
0b001301 0b001401 10129 100 131072 931175 17597 2898 6531
0b000801 0b000901 10048 100 131072 946020 2876 2898 1112
0b001701 0b001001 10130 100 131072 931823 17143 2898 4615
0b001701 0b001001 10131 100 131072 931824 17143 2898 5575
0b000c01 0b000d01 10048 100 131072 946415 2876 2898 3036
0b001f01 0b001801 10129 100 131072 934056 15148 2898 5583
0b001f01 0b001801 10130 100 131072 934057 15148 2898 5103
0b001f01 0b001801 10131 100 131072 934058 15148 2898 4623
0b001c01 0b001d01 10129 100 131072 926110 23209 2898 5100
0b001401 0b001501 10129 100 131072 931785 17845 2898 7492
0b001401 0b001501 10130 100 131072 931786 17845 2898 7012
0b001101 0b001201 10130 100 131072 932896 17080 2898 5569
0b001101 0b001201 10131 100 131072 932897 17080 2898 6049
0b000a01 0b000b01 10048 100 131072 947432 2876 2898 2074
0b001601 0b001701 10129 100 131072 930167 19951 2898 5094
0b001201 0b001301 10130 100 131072 930984 19427 2898 4130
0b001301 0b001401 10130 100 131072 932078 18897 2898 7011
0b001e01 0b001f01 10130 100 131072 930964 20115 2898 5102
0b001e01 0b001f01 10131 100 131072 931077 20135 2898 6558
0b001501 0b001601 10129 100 131072 931497 19778 2898 4133
0b001501 0b001601 10130 100 131072 931498 19778 2898 7493
0b001501 0b001601 10131 100 131072 931499 19778 2898 4613
0b000e01 0b000f01 10048 100 131072 948622 2876 2898 158
0b001301 0b001401 10131 100 131072 932364 19074 2898 7491
0b001301 0b001401 10132 100 131072 932475 19096 2898 5107
0b001401 0b001501 10131 100 131072 932805 18813 2898 5092
0b001f01 0b001801 10132 100 131072 935425 16426 2898 7039
0b001401 0b001501 10132 100 131072 933070 18879 2898 5572
0b001601 0b001701 10130 100 131072 931498 20475 2898 6550
0b001001 0b001101 10130 100 131072 934164 18167 2898 6048
0b001601 0b001701 10131 100 131072 932049 20453 2898 4614
0b001e01 0b001f01 10132 100 131072 932751 19782 2898 4622
0b001e01 0b001f01 10133 100 131072 932797 19737 2898 4142
0b001601 0b001701 10132 100 131072 932226 20387 2898 4134
0b001401 0b001501 10133 100 131072 933929 18725 2898 5588
0b001e01 0b001f01 10134 100 131072 933702 19231 2898 5118
0b001f01 0b001801 10133 100 131072 936306 16652 2898 6543
0b001d01 0b001e01 10129 100 131072 933987 19003 2898 7501
0b001601 0b001701 10133 100 131072 933020 20034 2898 6054
0b001901 0b001a01 10132 100 131072 936657 16518 2898 7497
0b001601 0b001701 10134 100 131072 933773 19546 2898 5110
0b001501 0b001601 10132 100 131072 933224 20282 2898 4629
0b001001 0b001101 10131 100 131072 934934 18631 2898 7504
0b001001 0b001101 10132 100 131072 935132 18588 2898 5568
0b001b01 0b001c01 10132 100 131072 938360 15461 2898 4619
0b001b01 0b001c01 10133 100 131072 938361 15461 2898 5115
0b001501 0b001601 10133 100 131072 933555 20282 2898 5573
0b001001 0b001101 10133 100 131072 935596 18523 2898 5088
0b001701 0b001001 10132 100 131072 936534 17639 2898 7031
0b001d01 0b001e01 10130 100 131072 934298 19946 2898 4141
0b001d01 0b001e01 10131 100 131072 934299 19946 2898 4621
0b001501 0b001601 10134 100 131072 934262 20016 2898 6069
0b001201 0b001301 10131 100 131072 933719 20720 2898 7010
0b001201 0b001301 10132 100 131072 933830 20764 2898 6530
0b001201 0b001301 10133 100 131072 933986 20741 2898 6050
0b001801 0b001901 10130 100 131072 933699 21303 2898 6056
0b001a01 0b001b01 10130 100 131072 931915 23096 2898 4138
0b001c01 0b001d01 10130 100 131072 931527 23496 2898 4140
0b001801 0b001901 10131 100 131072 933721 21303 2898 5576
0b001301 0b001401 10133 100 131072 936227 18915 2898 4611
0b001801 0b001901 10132 100 131072 933832 21369 2898 7512
0b001101 0b001201 10132 100 131072 936428 18838 2898 7489
0b001801 0b001901 10133 100 131072 934016 21340 2898 5096
0b001001 0b001101 10134 100 131072 937249 18191 2898 6064
0b001401 0b001501 10134 100 131072 938464 16987 2898 4148
0b001e01 0b001f01 10135 100 131072 943654 11880 2898 7038
0b001701 0b001001 10133 100 131072 937877 17726 2898 5591
0b001201 0b001301 10134 100 131072 935219 20391 2898 7026
0b001701 0b001001 10134 100 131072 938230 17770 2898 6535
0b001c01 0b001d01 10131 100 131072 932279 23801 2898 7500
0b001c01 0b001d01 10132 100 131072 932280 23822 2898 7020
0b001c01 0b001d01 10133 100 131072 932325 23778 2898 5596
0b001d01 0b001e01 10132 100 131072 935620 20614 2898 5581
0b001d01 0b001e01 10133 100 131072 935797 20548 2898 6077
0b001801 0b001901 10134 100 131072 935578 21033 2898 6072
0b001a01 0b001b01 10131 100 131072 933037 23603 2898 7018
0b001e01 0b001f01 10136 100 131072 950672 5990 2898 6078
0b001c01 0b001501 10019 100 131072 948862 7886 6838 6556
0b001901 0b001a01 10133 100 131072 940305 16621 2898 7513
0b001c01 0b001d01 10134 100 131072 933694 23290 2898 4156
0b001b01 0b001c01 10134 100 131072 942762 14321 2898 4635
0b001a01 0b001b01 10132 100 131072 933882 23641 2898 6538
0b001a01 0b001b01 10133 100 131072 933883 23641 2898 6058
0b001801 0b001901 10135 100 131072 937251 20459 2898 7032
0b001a01 0b001b01 10134 100 131072 934852 23333 2898 7034
0b001101 0b001201 10133 100 131072 938521 19718 2898 7505
0b001401 0b001501 10135 100 131072 942223 16089 2898 6068
0b001201 0b001301 10135 100 131072 941102 17789 2898 4146
0b001601 0b001701 10135 100 131072 943701 15191 2898 7030
0b001a01 0b001301 10019 100 131072 951255 7828 6838 5594
0b001c01 0b001d01 10135 100 131072 936753 22610 2898 6076
0b001301 0b001401 10134 100 131072 940782 18699 2898 4627
0b001b01 0b001c01 10135 100 131072 946515 13039 2898 5595
0b001101 0b001201 10134 100 131072 939424 20180 2898 4145
0b001901 0b001a01 10134 100 131072 942682 16997 2898 4153
0b001401 0b001d01 10019 100 131072 951782 8314 6838 6548
0b001d01 0b001e01 10134 100 131072 940484 19629 2898 4637
0b001901 0b001a01 10135 100 131072 943211 17239 2898 6553
0b001b01 0b001c01 10136 100 131072 947519 12938 2898 7515
0b001901 0b001a01 10136 100 131072 943366 17217 2898 7033
0b001201 0b001301 10136 100 131072 944660 16258 2898 5106
0b001201 0b001b01 10019 100 131072 952986 7946 6838 5586
0b001001 0b001101 10135 100 131072 943348 17773 2898 7024
0b001401 0b001501 10136 100 131072 946763 14742 2898 5108
0b001101 0b001201 10135 100 131072 941119 20490 2898 6545
0b001701 0b001001 10135 100 131072 943621 18256 2898 6551
0b001501 0b001e01 10019 100 131072 952641 9375 6838 7029
0b001601 0b001701 10136 100 131072 947416 14645 2898 6070
0b001001 0b001901 10019 100 131072 951976 10558 6838 4624
0b001001 0b001101 10136 100 131072 944800 17776 2898 4144
0b001b01 0b001c01 10137 100 131072 950072 12630 2898 4651
0b001501 0b001601 10135 100 131072 943901 19008 2898 4149
0b001301 0b001401 10135 100 131072 943865 19051 2898 7507
0b001801 0b001101 10019 100 131072 952216 10857 6838 4632
0b001501 0b001601 10136 100 131072 944189 18897 2898 6549
0b001701 0b001001 10136 100 131072 944956 18134 2898 7511
0b001801 0b001901 10136 100 131072 944719 18492 2898 4152
0b001901 0b001a01 10137 100 131072 946876 16702 2898 4633
0b001101 0b001201 10136 100 131072 943762 20094 2898 7025
0b001c01 0b001d01 10136 100 131072 942962 20940 2898 5116
0b001d01 0b001e01 10135 100 131072 944012 19931 2898 6557
0b001301 0b001c01 10019 100 131072 957737 6884 6838 6067
0b001a01 0b001b01 10135 100 131072 943021 21817 2898 4154
0b001101 0b001201 10137 100 131072 945199 19626 2898 4625
0b001f01 0b001801 10134 100 131072 944396 20565 2898 7519
0b001601 0b001f01 10019 100 131072 954286 10684 6838 7510
0b001a01 0b001b01 10136 100 131072 943330 21685 2898 5114
0b001e01 0b001701 10019 100 131072 956000 9054 6838 7518
0b001201 0b001301 10137 100 131072 951225 13858 2898 6546
0b001101 0b001a01 10019 100 131072 957129 8471 6838 5105
0b000301 0b000401 10027 100 131072 900484 65215 11234 3395
0b000501 0b000601 10027 100 131072 900484 65215 11234 3397
0b000701 0b000001 10027 100 131072 900484 65215 11234 2439
0b000101 0b000201 10027 100 131072 900484 65215 11234 3393
0b000301 0b000401 10028 100 131072 900488 65212 11234 2915
0b000501 0b000601 10028 100 131072 900492 65208 11234 1477
0b000701 0b000001 10028 100 131072 900488 65212 11234 1959
0b000101 0b000201 10028 100 131072 900488 65212 11234 2913
0b000301 0b000401 10029 100 131072 900492 65209 11234 2435
0b000501 0b000601 10029 100 131072 900497 65204 11234 997
0b000701 0b000001 10029 100 131072 900492 65209 11234 1479
0b000101 0b000201 10029 100 131072 900492 65209 11234 2433
0b000301 0b000401 10030 100 131072 900506 65196 11234 515
0b000501 0b000601 10030 100 131072 900506 65196 11234 517
0b000701 0b000001 10030 100 131072 900497 65205 11234 999
0b000101 0b000201 10030 100 131072 900497 65205 11234 1953
0b000301 0b000401 10031 100 131072 900515 65188 11234 35
0b000501 0b000601 10031 100 131072 900515 65188 11234 37
0b000701 0b000001 10031 100 131072 900506 65197 11234 519
0b000101 0b000201 10031 100 131072 900506 65197 11234 1473
0b001301 0b001401 10136 100 131072 946426 19529 2898 5587
0b001d01 0b001601 10019 100 131072 959112 6872 6838 7037
0b001d01 0b001e01 10136 100 131072 946141 19915 2898 5597
0b001a01 0b001b01 10137 100 131072 944566 21528 2898 6554
0b001201 0b001301 10138 100 131072 952987 13307 2898 6066
0b000901 0b000201 10010 100 131072 951906 15083 15174 1129
0b001f01 0b001801 10135 100 131072 945373 21173 2898 5599
0b001f01 0b001801 10136 100 131072 945528 21195 2898 6559
0b001901 0b001201 10019 100 131072 958366 8452 6838 5113
0b001701 0b001801 10019 100 131072 955623 11430 6838 4151
0b001f01 0b001001 10019 100 131072 955544 11532 6838 4159
0b000d01 0b000601 10010 100 131072 952301 15083 15174 3053
0b001b01 0b001401 10019 100 131072 960534 6840 6838 6075
0b000301 0b000401 10032 100 131072 902722 64761 11234 1043
0b000501 0b000601 10032 100 131072 902722 64761 11234 2005
0b000701 0b000001 10032 100 131072 902722 64761 11234 2967
0b000101 0b000201 10032 100 131072 902722 64761 11234 81
0b001801 0b001901 10137 100 131072 952214 15228 2898 5592
0b001801 0b001901 10138 100 131072 952215 15228 2898 5112
0b000401 0b000501 10018 100 131072 663185 304592 11234 1492
0b000601 0b000701 10018 100 131072 663185 304592 11234 2454
0b000001 0b000101 10018 100 131072 663185 304592 11234 3408
0b000201 0b000301 10018 100 131072 663185 304592 11234 530
0b000401 0b000501 10019 100 131072 663652 304221 11234 2004
0b000601 0b000701 10019 100 131072 663656 304217 11234 2966
0b000001 0b000101 10019 100 131072 663655 304218 11234 80
0b000201 0b000301 10019 100 131072 663674 304199 11234 1042
0b001001 0b001101 10137 100 131072 951359 16522 2898 5104
0b001801 0b001901 10139 100 131072 954861 13199 2898 7048
0b001801 0b001901 10140 100 131072 955968 12313 2898 6552
0b000b01 0b000401 10010 100 131072 953318 15083 15174 2091
0b001001 0b001101 10138 100 131072 951977 16454 2898 5584
0b000401 0b000501 10020 100 131072 675221 293272 11234 1508
0b000601 0b000701 10020 100 131072 675221 293272 11234 2470
0b000001 0b000101 10020 100 131072 675221 293272 11234 3424
0b000201 0b000301 10020 100 131072 675221 293272 11234 546
0b001e01 0b001f01 10137 100 131072 957254 11382 2898 4158
0b001e01 0b001f01 10138 100 131072 957255 11382 2898 4638
0b001401 0b001501 10137 100 131072 953985 14719 2898 7028
0b001301 0b001401 10137 100 131072 949256 19782 2898 4643
0b001f01 0b001801 10137 100 131072 948235 20935 2898 6079
0b001401 0b001501 10138 100 131072 954448 14853 2898 7508
0b001401 0b001501 10139 100 131072 954581 14831 2898 5124
0b000f01 0b000001 10010 100 131072 954508 15083 15174 175
0b001c01 0b001d01 10137 100 131072 949193 21068 2898 7036
0b001c01 0b001d01 10138 100 131072 949370 21068 2898 7516
0b000401 0b000501 10021 100 131072 677429 293672 11234 2020
0b000601 0b000701 10021 100 131072 677407 293694 11234 2982
0b000001 0b000101 10021 100 131072 677444 293657 11234 96
0b000201 0b000301 10021 100 131072 677431 293670 11234 1058
0b001601 0b001701 10137 100 131072 954285 16559 2898 4150
0b001601 0b001701 10138 100 131072 954287 16558 2898 4630
0b001d01 0b001e01 10137 100 131072 952329 19584 2898 5117
0b001501 0b001601 10137 100 131072 952640 19561 2898 7509
0b001a01 0b001b01 10138 100 131072 951564 20757 2898 6074
0b001201 0b001301 10139 100 131072 958276 14355 2898 7506
0b001401 0b001501 10140 100 131072 958152 14583 2898 4628
0b001701 0b001001 10137 100 131072 953128 19757 2898 5111
0b001b01 0b001c01 10138 100 131072 958021 15052 2898 4155
0b001001 0b001101 10139 100 131072 957183 16818 2898 7040
0b001601 0b001701 10139 100 131072 956516 17632 2898 4646
0b001e01 0b001f01 10139 100 131072 959244 15226 2898 5598
0b001601 0b001701 10140 100 131072 956847 17632 2898 5590
0b001301 0b001401 10138 100 131072 953421 21076 2898 4147
0b001e01 0b001f01 10140 100 131072 959355 15226 2898 6094
0b001601 0b001701 10141 100 131072 957288 17456 2898 6086
0b001101 0b001201 10138 100 131072 955341 19831 2898 6065
0b001701 0b001001 10138 100 131072 954983 20374 2898 6567
0b001001 0b001101 10140 100 131072 958613 16821 2898 5600
0b001801 0b001901 10141 100 131072 967971 7507 2898 7528
0b001001 0b001101 10141 100 131072 959010 16689 2898 6544
0b001b01 0b001c01 10139 100 131072 959650 16352 2898 7035
0b001a01 0b001b01 10139 100 131072 956185 19833 2898 7514
0b001701 0b001001 10139 100 131072 955512 20483 2898 4631
0b001301 0b001c01 10020 100 131072 969304 6835 6838 6083
0b001501 0b001601 10138 100 131072 954628 21712 2898 5109
0b001101 0b001201 10139 100 131072 956575 19988 2898 7521
0b001701 0b001001 10140 100 131072 956064 20592 2898 6071
0b001101 0b001201 10140 100 131072 956730 19966 2898 5585
0b001701 0b001001 10141 100 131072 956329 20548 2898 5127
0b001c01 0b001d01 10139 100 131072 956831 20190 2898 4636
0b001c01 0b001d01 10140 100 131072 956832 20190 2898 5132
0b001501 0b001601 10139 100 131072 954959 22174 2898 5589
0b001201 0b001301 10140 100 131072 961249 16009 2898 7522
0b001401 0b001501 10141 100 131072 962491 14867 2898 4644
0b001f01 0b001801 10138 100 131072 954089 23336 2898 5119
0b001b01 0b001c01 10140 100 131072 960533 16922 2898 6555
0b001f01 0b001801 10139 100 131072 954222 23358 2898 6575
0b001101 0b001201 10141 100 131072 958450 19479 2898 6081
0b001501 0b001601 10140 100 131072 955664 22528 2898 5605
0b001b01 0b001c01 10141 100 131072 961195 17031 2898 7051
0b001201 0b001301 10141 100 131072 962614 16429 2898 4162
0b001f01 0b001001 10020 100 131072 971646 7435 6838 4175
0b001e01 0b001f01 10141 100 131072 963123 16079 2898 4654
0b001f01 0b001801 10140 100 131072 955543 23778 2898 4639
0b001601 0b001701 10142 100 131072 965919 13452 2898 4166
0b001901 0b001a01 10138 100 131072 958012 21373 2898 6073
0b001901 0b001a01 10139 100 131072 958034 21352 2898 5593
0b001601 0b001701 10143 100 131072 966096 13320 2898 6566
0b001901 0b001a01 10140 100 131072 958211 21374 2898 7529
0b001901 0b001201 10020 100 131072 970453 9209 6838 5129
0b000301 0b000401 10033 100 131072 944185 35679 11234 531
0b000701 0b000001 10033 100 131072 944185 35679 11234 2455
0b000501 0b000601 10033 100 131072 944185 35679 11234 1493
0b000101 0b000201 10033 100 131072 944185 35679 11234 3409
0b001f01 0b001801 10141 100 131072 955943 23841 2898 5135
0b001d01 0b001e01 10138 100 131072 958033 21761 2898 4157
0b001a01 0b001b01 10140 100 131072 959936 19917 2898 7530
0b001001 0b001101 10142 100 131072 964887 15065 2898 6560
0b001101 0b001a01 10020 100 131072 970891 9197 6838 5121
0b001601 0b001701 10144 100 131072 968994 11193 2898 7046
0b000401 0b000501 10022 100 131072 686984 293258 11234 1524
0b000601 0b000701 10022 100 131072 686984 293258 11234 2486
0b000001 0b000101 10022 100 131072 686984 293258 11234 3440
0b000201 0b000301 10022 100 131072 686984 293258 11234 562
0b001301 0b001401 10139 100 131072 957449 22862 2898 7027
0b000401 0b000501 10023 100 131072 692045 288505 11234 2036
0b000601 0b000701 10023 100 131072 692050 288500 11234 2998
0b000001 0b000101 10023 100 131072 692196 288354 11234 112
0b000201 0b000301 10023 100 131072 692420 288130 11234 1074
0b001501 0b001e01 10020 100 131072 971714 8748 6838 7045
0b001301 0b001401 10140 100 131072 957604 22884 2898 6547
0b001e01 0b001f01 10142 100 131072 965026 15675 2898 7054
0b001401 0b001501 10142 100 131072 965926 14781 2898 7524
0b000401 0b000501 10024 100 131072 698768 282090 11234 1540
0b000001 0b000101 10024 100 131072 698768 282090 11234 3456
0b000601 0b000701 10024 100 131072 698768 282098 11234 2502
0b000201 0b000301 10024 100 131072 698768 282098 11234 578
0b001c01 0b001d01 10141 100 131072 960093 20784 2898 4652
0b001b01 0b001c01 10142 100 131072 963942 17147 2898 5611
0b001001 0b001101 10143 100 131072 966100 15041 2898 7520
0b001901 0b001a01 10141 100 131072 959621 21549 2898 6089
0b001201 0b001301 10142 100 131072 964619 16713 2898 6562
0b001d01 0b001601 10020 100 131072 973271 8082 6838 7053
0b001701 0b001801 10020 100 131072 973854 7568 6838 4167
0b001501 0b001601 10141 100 131072 958461 23100 2898 4165
0b001301 0b001401 10141 100 131072 958620 22949 2898 7043
0b001d01 0b001e01 10139 100 131072 959090 22578 2898 7517
0b001d01 0b001e01 10140 100 131072 959113 22556 2898 5613
0b001e01 0b001f01 10143 100 131072 966953 14743 2898 6574
0b001f01 0b001801 10142 100 131072 958544 23225 2898 7055
0b001701 0b001001 10142 100 131072 961902 20020 2898 7047
0b001a01 0b001b01 10141 100 131072 962689 19367 2898 4170
0b001801 0b001901 10142 100 131072 969556 12577 2898 5608
0b001b01 0b001401 10020 100 131072 975331 6916 6838 6091
0b001f01 0b001801 10143 100 131072 959672 22650 2898 6095
0b001e01 0b001f01 10144 100 131072 969066 13291 2898 5614
0b001901 0b001a01 10142 100 131072 960720 21685 2898 7049
0b001a01 0b001b01 10142 100 131072 963460 19039 2898 6570
0b001801 0b001901 10143 100 131072 969733 12843 2898 6568
0b001a01 0b001b01 10143 100 131072 963593 18995 2898 7050
0b001d01 0b001e01 10141 100 131072 959994 22621 2898 4173
0b001401 0b001501 10143 100 131072 968965 13769 2898 5604
0b001601 0b001f01 10020 100 131072 975211 7683 6838 7526
0b001501 0b001601 10142 100 131072 959758 23192 2898 6565
0b001801 0b001901 10144 100 131072 970063 12954 2898 4168
0b000601 0b000f01 10003 100 131072 968709 15078 15174 3414
0b000401 0b000d01 10003 100 131072 968711 15078 15174 2452
0b000201 0b000b01 10003 100 131072 968713 15078 15174 1490
0b001e01 0b001f01 10145 100 131072 974923 8955 2898 5134
0b001101 0b001201 10142 100 131072 964131 19765 2898 7041
0b001401 0b001501 10144 100 131072 970384 13517 2898 6084
0b000001 0b000901 10003 100 131072 968713 15262 15174 528
0b001c01 0b001d01 10142 100 131072 962564 21419 2898 5612
0b001501 0b001601 10143 100 131072 961322 22709 2898 6085
0b001a01 0b001b01 10144 100 131072 966588 17826 2898 4650
0b001201 0b001301 10143 100 131072 966866 17615 2898 7042
0b001b01 0b001c01 10143 100 131072 967848 16748 2898 4171
0b001301 0b001401 10142 100 131072 961901 22685 2898 4163
0b001b01 0b001c01 10144 100 131072 968025 16660 2898 5131
0b001d01 0b001e01 10142 100 131072 962373 22335 2898 6093
0b001301 0b001401 10143 100 131072 962093 22648 2898 5603
0b001401 0b001501 10145 100 131072 972048 12914 2898 4660
0b001001 0b001101 10144 100 131072 970086 14930 2898 4160
0b001c01 0b001d01 10143 100 131072 963467 21555 2898 7532
0b001b01 0b001c01 10145 100 131072 969104 16044 2898 6571
0b001d01 0b001e01 10143 100 131072 963106 22133 2898 6573
0b001801 0b001901 10145 100 131072 972180 13148 2898 6088
0b001201 0b001301 10144 100 131072 967835 17703 2898 4642
0b001701 0b001001 10143 100 131072 965071 20570 2898 6087
0b001a01 0b001b01 10145 100 131072 968610 17280 2898 5130
0b001101 0b001201 10143 100 131072 965586 20381 2898 4161
0b001301 0b001401 10144 100 131072 963928 22136 2898 5123
0b001001 0b001901 10020 100 131072 979005 7114 6838 4640
0b001101 0b001201 10144 100 131072 966083 20501 2898 4641
0b001201 0b001b01 10020 100 131072 979706 6899 6838 5602
0b001501 0b001601 10144 100 131072 964515 22137 2898 5125
0b001c01 0b001d01 10144 100 131072 965712 21469 2898 4668
0b001201 0b001301 10145 100 131072 969828 17409 2898 5122
0b001c01 0b001501 10020 100 131072 980465 6820 6838 6572
0b001d01 0b001e01 10144 100 131072 966912 20860 2898 5133
0b001701 0b001001 10144 100 131072 968064 20504 2898 7527
0b001901 0b001a01 10143 100 131072 965544 23226 2898 4649
0b001301 0b001401 10145 100 131072 968093 20724 2898 6563
0b001f01 0b001801 10144 100 131072 967980 20923 2898 7535
0b001c01 0b001d01 10145 100 131072 967631 21311 2898 6092
0b001801 0b001101 10020 100 131072 982331 6849 6838 4648
0b001a01 0b001301 10020 100 131072 982396 6920 6838 5610
0b001701 0b001801 10021 100 131072 982381 7085 6838 4183
0b000f01 0b000801 10049 100 131072 986797 2876 2898 3439
0b000d01 0b000e01 10049 100 131072 986799 2876 2898 2477
0b000b01 0b000c01 10049 100 131072 986801 2876 2898 1515
0b001601 0b001701 10145 100 131072 979350 10306 2898 5126
0b001901 0b001a01 10144 100 131072 966221 23606 2898 4169
0b000901 0b000a01 10049 100 131072 986985 2876 2898 553
0b001401 0b001501 10146 100 131072 977507 12410 2898 4164
0b001401 0b001d01 10020 100 131072 983498 6820 6838 6564
0b001101 0b001201 10145 100 131072 971441 20116 2898 5601
0b001e01 0b001701 10020 100 131072 984678 6941 6838 7534
0b001001 0b001101 10145 100 131072 975895 16276 2898 5120
0b001601 0b001701 10146 100 131072 980143 12572 2898 5606
0b001701 0b001001 10145 100 131072 973855 19250 2898 4647
0b001d01 0b001e01 10145 100 131072 973448 19849 2898 7533
0b001f01 0b001801 10145 100 131072 971647 21811 2898 4655
0b001b01 0b001c01 10146 100 131072 979028 15627 2898 7531
0b001501 0b001601 10145 100 131072 972311 22440 2898 7525
0b001501 0b001601 10146 100 131072 972422 22528 2898 5141
0b001c01 0b001501 10021 100 131072 988158 6820 6838 6588
0b001901 0b001a01 10145 100 131072 970452 24722 2898 5609
0b001e01 0b001f01 10146 100 131072 982804 12567 2898 4174
0b000801 0b000901 10049 100 131072 992683 2876 2898 3448
0b000e01 0b000f01 10049 100 131072 992685 2876 2898 2494
0b000c01 0b000d01 10049 100 131072 992687 2876 2898 1532
0b000a01 0b000b01 10049 100 131072 992871 2876 2898 570
0b001301 0b001401 10146 100 131072 975641 19931 2898 7523
0b001901 0b001a01 10146 100 131072 971070 24809 2898 7065
0b001601 0b001701 10147 100 131072 981202 14686 2898 5622
0b001201 0b001301 10146 100 131072 978182 17770 2898 6082
0b001901 0b001a01 10147 100 131072 971291 24743 2898 6569
0b001001 0b001101 10146 100 131072 978367 18119 2898 6576
0b001701 0b001001 10146 100 131072 977158 19492 2898 4663
0b001c01 0b001d01 10146 100 131072 976083 20716 2898 4172
0b001101 0b001201 10146 100 131072 977011 19809 2898 7057
0b001701 0b001001 10147 100 131072 977489 19624 2898 5607
0b001701 0b001001 10148 100 131072 977754 19624 2898 6103
0b001e01 0b001f01 10147 100 131072 983472 13880 2898 7070
0b001201 0b001301 10147 100 131072 979573 17966 2898 7538
0b001501 0b001601 10147 100 131072 975745 22198 2898 4645
0b001001 0b001101 10147 100 131072 979666 18411 2898 6080
0b001801 0b001901 10146 100 131072 980435 17658 2898 5128
0b001401 0b001501 10147 100 131072 983321 14783 2898 7044
0b001001 0b001101 10148 100 131072 979887 18301 2898 5136
0b001101 0b001201 10147 100 131072 978444 19965 2898 5617
0b001801 0b001901 10147 100 131072 980590 17812 2898 6584
0b001a01 0b001b01 10146 100 131072 982395 16200 2898 6090
0b001101 0b001201 10148 100 131072 978709 19921 2898 6561
0b001201 0b001301 10148 100 131072 980939 17705 2898 6098
0b001401 0b001d01 10021 100 131072 991827 6820 6838 6580
0b001a01 0b001b01 10147 100 131072 982595 16397 2898 7546
0b001f01 0b001801 10146 100 131072 977480 21791 2898 5615
0b001f01 0b001801 10147 100 131072 977591 21835 2898 6111
0b001301 0b001401 10147 100 131072 980268 19315 2898 7539
0b001a01 0b001b01 10148 100 131072 983098 16664 2898 5146
0b001201 0b001301 10149 100 131072 982672 17117 2898 5138
0b001001 0b001101 10149 100 131072 982091 17770 2898 4176
0b001c01 0b001d01 10147 100 131072 979012 20868 2898 7052
0b001c01 0b001d01 10148 100 131072 979149 20843 2898 6108
0b001d01 0b001e01 10146 100 131072 980031 19961 2898 4653
0b001d01 0b001e01 10147 100 131072 980032 19961 2898 5149
0b001e01 0b001f01 10148 100 131072 984679 15429 2898 5630
0b001401 0b001501 10148 100 131072 984579 15662 2898 7060
0b001901 0b001a01 10148 100 131072 978488 21907 2898 7545
0b001b01 0b001c01 10147 100 131072 982863 17806 2898 7547
0b001801 0b001901 10148 100 131072 982794 18121 2898 5144
0b001a01 0b001b01 10149 100 131072 984180 16905 2898 6106
0b001701 0b001001 10149 100 131072 982426 18715 2898 6583
0b000901 0b000a01 10050 100 131072 998569 2876 2898 3465
0b000f01 0b000801 10050 100 131072 998571 2876 2898 2511
0b001301 0b001401 10148 100 131072 982053 19205 2898 4179
0b000d01 0b000e01 10050 100 131072 998573 2876 2898 1549
0b000b01 0b000c01 10050 100 131072 998757 2876 2898 587
0b001c01 0b001d01 10149 100 131072 981236 20100 2898 7068
0b001e01 0b001f01 10149 100 131072 985625 15716 2898 4190
0b001401 0b001501 10149 100 131072 985257 16087 2898 6100
0b001101 0b001201 10149 100 131072 982962 18421 2898 6577
0b001201 0b001b01 10021 100 131072 994567 6859 6838 5618
0b001701 0b001001 10150 100 131072 983197 18495 2898 7063
0b001001 0b001101 10150 100 131072 984932 16914 2898 7056
0b001601 0b001701 10148 100 131072 984363 17556 2898 7062
0b001101 0b001201 10150 100 131072 984151 18005 2898 7537
0b001601 0b001701 10149 100 131072 984571 17613 2898 4182
0b001a01 0b001b01 10150 100 131072 985415 16881 2898 7066
0b001101 0b001a01 10021 100 131072 995181 7077 6838 5137
0b001501 0b001601 10148 100 131072 980368 22312 2898 4661
0b001c01 0b001d01 10150 100 131072 984099 18646 2898 5628
0b001201 0b001301 10150 100 131072 986906 15858 2898 7058
0b001e01 0b001f01 10150 100 131072 987718 15208 2898 6110
0b001801 0b001901 10149 100 131072 984432 18618 2898 4184
0b001e01 0b001f01 10151 100 131072 988249 14898 2898 6590
0b001301 0b001401 10149 100 131072 984342 18965 2898 6579
0b001801 0b001901 10150 100 131072 984779 18668 2898 7064
0b001601 0b001701 10150 100 131072 985960 17547 2898 6582
0b001401 0b001501 10150 100 131072 987596 16259 2898 4180
0b001401 0b001501 10151 100 131072 987751 16193 2898 5620
0b001801 0b001901 10151 100 131072 985332 18666 2898 6104
0b001d01 0b001e01 10148 100 131072 983887 20203 2898 4669
0b001601 0b001701 10151 100 131072 987041 17259 2898 6102
0b001b01 0b001c01 10148 100 131072 985066 19238 2898 4187
0b001f01 0b001801 10148 100 131072 982212 22109 2898 4671
0b001001 0b001101 10151 100 131072 988651 15682 2898 6096
0b001e01 0b001f01 10152 100 131072 990782 13622 2898 5150
0b001201 0b001301 10151 100 131072 988977 15460 2898 4178
0b001c01 0b001d01 10151 100 131072 987606 16814 2898 4188
0b001c01 0b001d01 10152 100 131072 987695 16726 2898 5148
0b001e01 0b001701 10021 100 131072 996307 8197 6838 7550
0b001401 0b001501 10152 100 131072 989074 15597 2898 5140
0b001201 0b001301 10152 100 131072 989594 15176 2898 4658
0b001101 0b001201 10151 100 131072 988026 16773 2898 4177
0b001601 0b001701 10152 100 131072 989662 15761 2898 5142
0b001b01 0b001c01 10149 100 131072 985509 20028 2898 6587
0b001b01 0b001c01 10150 100 131072 985598 20116 2898 7067
0b001901 0b001a01 10149 100 131072 985143 20717 2898 5625
0b001601 0b001f01 10021 100 131072 997761 8284 6838 7542
0b001901 0b001a01 10150 100 131072 985586 20495 2898 6585
0b001001 0b001101 10152 100 131072 991578 14736 2898 7536
0b001501 0b001601 10149 100 131072 983717 22600 2898 7541
0b001301 0b001c01 10021 100 131072 998962 7386 6838 6099
0b001901 0b001a01 10151 100 131072 986027 20363 2898 4185
0b001f01 0b001001 10021 100 131072 998381 8148 6838 4191
0b001f01 0b001801 10149 100 131072 983711 22877 2898 7071
0b001a01 0b001301 10021 100 131072 998184 8479 6838 5626
0b001301 0b001401 10150 100 131072 987491 19407 2898 7059
0b000a01 0b000b01 10050 100 131072 1004455 2876 2898 3482
0b000801 0b000901 10050 100 131072 1004457 2876 2898 2520
0b000e01 0b000f01 10050 100 131072 1004459 2876 2898 1566
0b000c01 0b000d01 10050 100 131072 1004643 2876 2898 604
0b001c01 0b001d01 10153 100 131072 997665 9621 2898 7548
0b001901 0b001a01 10152 100 131072 988338 19307 2898 6105
0b001001 0b001901 10021 100 131072 996115 11698 6838 4656
0b001f01 0b001801 10150 100 131072 984706 23159 2898 6591
0b001101 0b001201 10152 100 131072 992190 15714 2898 4657
0b001301 0b001401 10151 100 131072 988548 19495 2898 4659
0b001901 0b001a01 10153 100 131072 989129 18957 2898 4665
0b001b01 0b001c01 10151 100 131072 987424 20756 2898 4667
0b001801 0b001901 10152 100 131072 991913 16404 2898 7544
0b001701 0b001001 10151 100 131072 992666 15747 2898 5143
0b001801 0b001101 10021 100 131072 996468 12098 6838 4664
0b001f01 0b001801 10151 100 131072 985367 23203 2898 5631
0b001801 0b001901 10153 100 131072 992476 16108 2898 4200
0b001a01 0b001b01 10151 100 131072 991780 17061 2898 4666
0b001f01 0b001801 10152 100 131072 985904 23129 2898 7551
0b001501 0b001601 10150 100 131072 985744 23500 2898 5621
0b001601 0b001701 10153 100 131072 997960 11428 2898 5158
0b001d01 0b001e01 10149 100 131072 986993 22384 2898 5629
0b001401 0b001501 10153 100 131072 998582 10846 2898 7540
0b001b01 0b001c01 10152 100 131072 988900 20735 2898 5147
0b001f01 0b001801 10153 100 131072 986888 22894 2898 5151
0b001a01 0b001b01 10152 100 131072 992837 17061 2898 4186
0b001301 0b001401 10152 100 131072 990247 19843 2898 5139
0b001b01 0b001c01 10153 100 131072 989615 20573 2898 5627
0b001501 0b001e01 10021 100 131072 1001114 9209 6838 7061
0b001c01 0b001d01 10154 100 131072 1003679 6672 2898 7564
0b001601 0b001701 10154 100 131072 1000953 9404 2898 4662
0b001e01 0b001f01 10153 100 131072 1003002 7389 2898 4670
0b001e01 0b001f01 10154 100 131072 1003003 7389 2898 5166
0b001901 0b001201 10021 100 131072 1001103 9593 6838 5145
0b001501 0b001601 10151 100 131072 986911 23920 2898 6101
0b001701 0b001001 10152 100 131072 994629 16210 2898 7543
0b001101 0b001a01 10022 100 131072 1001198 9781 6838 5153
0b001d01 0b001e01 10150 100 131072 988032 23196 2898 7549
0b001201 0b001b01 10022 100 131072 1001419 10030 6838 5634
0b001601 0b001701 10155 100 131072 1005690 5880 2898 4678
0b001001 0b001901 10022 100 131072 999660 12002 6838 4672
0b001401 0b001501 10154 100 131072 1002593 9192 2898 7556
0b001701 0b001001 10153 100 131072 995725 16185 2898 5623
0b001501 0b001601 10152 100 131072 987972 24094 2898 4677
0b001301 0b001401 10153 100 131072 992326 19767 2898 5619
0b001e01 0b001f01 10155 100 131072 1007100 5121 2898 4686
0b001301 0b001c01 10022 100 131072 1001654 10732 6838 6115
0b001b01 0b001401 10021 100 131072 1001605 10872 6838 6107
0b001201 0b001301 10153 100 131072 999830 12775 2898 7074
0b001401 0b001501 10155 100 131072 1004268 8708 2898 4196
0b000b01 0b000c01 10051 100 131072 1010341 2876 2898 3499
0b000901 0b000a01 10051 100 131072 1010343 2876 2898 2537
0b000f01 0b000801 10051 100 131072 1010345 2876 2898 1583
0b001801 0b001901 10154 100 131072 1002281 10884 2898 5624
0b001f01 0b001001 10022 100 131072 1004351 8915 6838 4207
0b001801 0b001901 10155 100 131072 1002436 10862 2898 6120
0b000d01 0b000e01 10051 100 131072 1010529 2876 2898 621
0b001001 0b001101 10153 100 131072 1000123 13302 2898 5616
0b001901 0b001201 10022 100 131072 1003925 9851 6838 5161
0b001001 0b001101 10154 100 131072 1000388 13368 2898 6112
0b001701 0b001801 10022 100 131072 1005194 8955 6838 4199
0b001801 0b001101 10022 100 131072 1007331 6950 6838 4680
0b001501 0b001601 10153 100 131072 990295 23996 2898 6581
0b001401 0b001d01 10022 100 131072 1006317 7991 6838 6596
0b001b01 0b001401 10022 100 131072 1004095 10231 6838 6123
0b001501 0b001e01 10022 100 131072 1003251 11291 6838 7077
0b001d01 0b001601 10021 100 131072 1002890 11990 6838 7069
0b001d01 0b001e01 10151 100 131072 990191 24690 2898 4685
0b001201 0b001301 10154 100 131072 1001640 13498 2898 6578
0b001101 0b001201 10153 100 131072 999496 15739 2898 6593
0b001a01 0b001301 10022 100 131072 1008870 6949 6838 5642
0b001701 0b001001 10154 100 131072 998898 17234 2898 5639
0b001c01 0b001501 10022 100 131072 1008547 7613 6838 6604
0b001601 0b001f01 10022 100 131072 1009327 6953 6838 7558
0b001d01 0b001601 10022 100 131072 1004346 12026 6838 7085
0b001501 0b001601 10154 100 131072 992927 23609 2898 4181
0b001a01 0b001b01 10153 100 131072 998889 18028 2898 7082
0b001a01 0b001b01 10154 100 131072 999044 18050 2898 6586
0b001601 0b001701 10156 100 131072 1012254 5018 2898 5638
0b001e01 0b001f01 10156 100 131072 1012387 4982 2898 5646
0b001101 0b001201 10154 100 131072 1001087 16305 2898 6097
0b001d01 0b001e01 10152 100 131072 991952 25592 2898 6109
0b000301 0b000401 10034 100 131072 970787 47849 11234 547
0b000701 0b000001 10034 100 131072 970787 47849 11234 2471
0b000501 0b000601 10034 100 131072 970787 47849 11234 1509
0b000101 0b000201 10034 100 131072 970787 47849 11234 3425
0b001901 0b001a01 10154 100 131072 1001412 17177 2898 6601
0b001201 0b001301 10155 100 131072 1004393 14268 2898 6594
0b001001 0b001101 10155 100 131072 1004151 14778 2898 6592
0b000c01 0b000d01 10051 100 131072 1016227 2876 2898 3516
0b000a01 0b000b01 10051 100 131072 1016229 2876 2898 2554
0b000801 0b000901 10051 100 131072 1016231 2876 2898 1592
0b000e01 0b000f01 10051 100 131072 1016415 2876 2898 638
0b001d01 0b001e01 10153 100 131072 993328 25977 2898 6589
0b001e01 0b001f01 10157 100 131072 1013333 6043 2898 7086
0b000301 0b000401 10035 100 131072 970883 48747 11234 1059
0b000701 0b000001 10035 100 131072 970883 48747 11234 2983
0b000101 0b000201 10035 100 131072 970883 48747 11234 97
0b000501 0b000601 10035 100 131072 970883 48747 11234 2021
0b001c01 0b001d01 10155 100 131072 1007314 12388 2898 4204
0b001301 0b001401 10154 100 131072 1000549 19229 2898 7555
0b001001 0b001101 10156 100 131072 1004702 15086 2898 7072
0b001201 0b001301 10156 100 131072 1005166 14948 2898 7554
0b001b01 0b001c01 10154 100 131072 1002002 18223 2898 7563
0b001101 0b001201 10155 100 131072 1002871 17694 2898 4193
0b001e01 0b001701 10022 100 131072 1014238 6826 6838 7566
0b001b01 0b001c01 10155 100 131072 1002772 18334 2898 5163
0b001501 0b001601 10155 100 131072 997988 23565 2898 6597
0b000301 0b000401 10036 100 131072 971503 50511 11234 563
0b001401 0b001501 10156 100 131072 1009908 11739 2898 7076
0b000701 0b000001 10036 100 131072 971503 50511 11234 2487
0b000101 0b000201 10036 100 131072 971503 50511 11234 3441
0b000501 0b000601 10036 100 131072 971503 50511 11234 1525
0b001b01 0b001c01 10156 100 131072 1004436 18057 2898 5643
0b001301 0b001401 10155 100 131072 1002799 19908 2898 5155
0b001f01 0b001801 10154 100 131072 1000362 22576 2898 7087
0b001b01 0b001c01 10157 100 131072 1005306 17848 2898 7083
0b001a01 0b001b01 10155 100 131072 1003405 19875 2898 7562
0b001101 0b001201 10156 100 131072 1004856 18746 2898 7073
0b001401 0b001501 10157 100 131072 1011053 12599 2898 4676
0b001c01 0b001d01 10156 100 131072 1008724 15300 2898 7084
0b001201 0b001301 10157 100 131072 1007809 16270 2898 4194
0b001801 0b001901 10156 100 131072 1009598 15033 2898 7080
0b000d01 0b000e01 10052 100 131072 1022113 2876 2898 3533
0b000b01 0b000c01 10052 100 131072 1022115 2876 2898 2571
0b000901 0b000a01 10052 100 131072 1022117 2876 2898 1609
0b000f01 0b000801 10052 100 131072 1022301 2876 2898 655
0b001601 0b001701 10157 100 131072 1013841 11333 2898 6118
0b000301 0b000401 10037 100 131072 974111 51431 11234 1075
0b000701 0b000001 10037 100 131072 974111 51431 11234 2999
0b000101 0b000201 10037 100 131072 974111 51431 11234 113
0b000501 0b000601 10037 100 131072 974111 51431 11234 2037
0b001c01 0b001d01 10157 100 131072 1009358 16052 2898 6124
0b001901 0b001a01 10155 100 131072 1006060 19660 2898 4201
0b001a01 0b001b01 10156 100 131072 1005268 20633 2898 5162
0b001901 0b001a01 10156 100 131072 1006457 19968 2898 7081
0b001e01 0b001f01 10158 100 131072 1017552 9020 2898 7102
0b001001 0b001101 10157 100 131072 1009539 17114 2898 4192
0b001801 0b001901 10157 100 131072 1010875 15978 2898 6600
0b001d01 0b001e01 10154 100 131072 999809 27049 2898 4189
0b001301 0b001401 10156 100 131072 1005774 21226 2898 7075
0b001e01 0b001f01 10159 100 131072 1017891 9146 2898 4702
0b001901 0b001a01 10157 100 131072 1007008 20190 2898 6121
0b001401 0b001501 10158 100 131072 1013100 14207 2898 5156
0b001f01 0b001801 10155 100 131072 1003118 24182 2898 5647
0b001701 0b001001 10155 100 131072 1004929 22694 2898 7079
0b001101 0b001201 10157 100 131072 1007343 20310 2898 6113
0b001801 0b001901 10158 100 131072 1011580 16156 2898 5640
0b001201 0b001301 10158 100 131072 1010914 17040 2898 4674
0b001801 0b001901 10159 100 131072 1012043 16046 2898 7560
0b001501 0b001601 10156 100 131072 1004354 23894 2898 6117
0b001801 0b001901 10160 100 131072 1012792 15694 2898 5160
0b001001 0b001101 10158 100 131072 1011423 17103 2898 5152
0b001601 0b001701 10158 100 131072 1015076 13797 2898 4694
0b001e01 0b001f01 10160 100 131072 1020554 8686 2898 6126
0b001d01 0b001e01 10155 100 131072 1001657 27666 2898 6605
0b001301 0b001401 10157 100 131072 1007447 21910 2898 4195
0b001c01 0b001d01 10158 100 131072 1011190 18467 2898 4684
0b001301 0b001401 10158 100 131072 1007780 21930 2898 4675
0b001b01 0b001c01 10158 100 131072 1011851 17908 2898 4683
0b001e01 0b001f01 10161 100 131072 1022315 7520 2898 6606
0b001a01 0b001b01 10157 100 131072 1009091 20863 2898 6602
0b001801 0b001901 10161 100 131072 1017159 13044 2898 4216
0b001001 0b001101 10159 100 131072 1013849 16438 2898 7552
0b001a01 0b001b01 10158 100 131072 1009400 20884 2898 4202
0b001101 0b001201 10158 100 131072 1009324 21018 2898 7553
0b001701 0b001001 10156 100 131072 1006517 24123 2898 6599
0b001401 0b001501 10159 100 131072 1015103 15597 2898 5636
0b001d01 0b001e01 10156 100 131072 1003002 27908 2898 6125
0b001001 0b001101 10160 100 131072 1014920 15986 2898 5632
0b001501 0b001601 10157 100 131072 1006865 24092 2898 4197
0b001b01 0b001c01 10159 100 131072 1012908 18176 2898 4203
0b001201 0b001301 10159 100 131072 1013706 17331 2898 5154
0b001501 0b001601 10158 100 131072 1006954 24201 2898 5637
0b001f01 0b001801 10156 100 131072 1005936 25325 2898 6127
0b001401 0b001501 10160 100 131072 1015487 15764 2898 6116
0b001f01 0b001801 10157 100 131072 1006157 25368 2898 6607
0b001501 0b001601 10159 100 131072 1007681 23939 2898 5157
0b001301 0b001401 10159 100 131072 1009673 21954 2898 5635
0b001001 0b001101 10161 100 131072 1016276 15357 2898 4208
0b001a01 0b001b01 10159 100 131072 1010655 21016 2898 6122
0b001701 0b001001 10157 100 131072 1007310 24520 2898 6119
0b001701 0b001001 10158 100 131072 1007514 24493 2898 7559
0b001a01 0b001b01 10160 100 131072 1011096 20972 2898 4682
0b001501 0b001e01 10023 100 131072 1024657 7385 6838 7093
0b001c01 0b001d01 10159 100 131072 1012645 19481 2898 5164
0b001b01 0b001c01 10160 100 131072 1014459 17840 2898 5659
0b001001 0b001101 10162 100 131072 1019142 13332 2898 5648
0b001401 0b001501 10161 100 131072 1017336 15370 2898 6132
0b001c01 0b001d01 10160 100 131072 1013198 19570 2898 5644
0b001801 0b001901 10162 100 131072 1025948 6966 2898 7096
0b001101 0b001201 10159 100 131072 1011576 21391 2898 4673
0b001601 0b001701 10159 100 131072 1017301 15674 2898 6598
0b001701 0b001001 10159 100 131072 1008433 24633 2898 5159
0b001f01 0b001801 10158 100 131072 1007414 25740 2898 5167
0b001e01 0b001f01 10162 100 131072 1029868 3467 2898 4206
0b001d01 0b001e01 10157 100 131072 1005755 27889 2898 5645
0b001601 0b001701 10160 100 131072 1017890 15987 2898 7078
0b001a01 0b001b01 10161 100 131072 1013989 19950 2898 5178
0b001d01 0b001601 10023 100 131072 1027034 7201 6838 7101
0b001201 0b001301 10160 100 131072 1016786 17862 2898 5170
0b001801 0b001901 10163 100 131072 1030310 4411 2898 5656
0b000a01 0b000301 10011 100 131072 1028003 6859 6838 1626
0b001901 0b001a01 10158 100 131072 1010823 23935 2898 4681
0b000c01 0b000501 10011 100 131072 1028001 6945 6838 2588
0b000e01 0b000701 10011 100 131072 1027999 6951 6838 3550
0b001d01 0b001e01 10158 100 131072 1007430 27625 2898 4205
0b001d01 0b001e01 10159 100 131072 1007431 27625 2898 5165
0b001c01 0b001d01 10161 100 131072 1015396 19748 2898 6140
0b001501 0b001601 10160 100 131072 1012438 22771 2898 7557
0b001f01 0b001801 10159 100 131072 1009055 26522 2898 7567
0b001901 0b001a01 10159 100 131072 1011327 24312 2898 7561
0b001001 0b001101 10163 100 131072 1030633 5320 2898 7088
0b001901 0b001a01 10160 100 131072 1011594 24463 2898 4217
0b001201 0b001301 10161 100 131072 1018245 17856 2898 6610
0b001601 0b001701 10161 100 131072 1019382 16830 2898 7094
0b000801 0b000101 10011 100 131072 1028187 8344 6838 664
0b001601 0b001701 10162 100 131072 1019546 16931 2898 4198
0b001b01 0b001c01 10161 100 131072 1019927 16907 2898 7099
0b001b01 0b001c01 10162 100 131072 1020104 16863 2898 6603
0b001701 0b001001 10160 100 131072 1012398 24635 2898 5175
0b001d01 0b001e01 10160 100 131072 1010296 26741 2898 7565
0b001501 0b001601 10161 100 131072 1014795 22791 2898 7573
0b001a01 0b001b01 10162 100 131072 1021599 16307 2898 6618
0b001401 0b001501 10162 100 131072 1022788 15133 2898 7572
0b001701 0b001001 10161 100 131072 1013367 24723 2898 4679
0b001201 0b001301 10162 100 131072 1020402 17812 2898 6114
0b001501 0b001601 10162 100 131072 1015986 22681 2898 4213
0b001301 0b001401 10160 100 131072 1015615 23169 2898 7091
0b001701 0b001001 10162 100 131072 1014580 24589 2898 4695
0b001d01 0b001e01 10161 100 131072 1013361 25965 2898 7581
0b001101 0b001201 10160 100 131072 1016435 23047 2898 5633
0b000001 0b000101 10025 100 131072 710468 329130 11234 3472
0b000001 0b000101 10026 100 131072 711026 328576 11234 128
0b000001 0b000101 10027 100 131072 711036 328654 11234 144
0b000401 0b000501 10025 100 131072 710468 329554 11234 1556
0b000401 0b000501 10026 100 131072 711079 328947 11234 2052
0b000401 0b000501 10027 100 131072 711089 328941 11234 2068
0b001e01 0b001f01 10163 100 131072 1032333 7569 2898 6622
0b001101 0b001201 10161 100 131072 1016766 23157 2898 6129
0b001901 0b001a01 10161 100 131072 1014672 25588 2898 4697
0b001101 0b001201 10162 100 131072 1017291 23227 2898 4689
0b000201 0b000301 10025 100 131072 710468 330150 11234 594
0b000601 0b000701 10025 100 131072 710468 330150 11234 2518
0b000201 0b000301 10026 100 131072 711237 329469 11234 1090
0b000601 0b000701 10026 100 131072 711015 329691 11234 3014
0b000201 0b000301 10027 100 131072 711247 329463 11234 1106
0b000601 0b000701 10027 100 131072 711025 329685 11234 3030
0b001401 0b001501 10163 100 131072 1025717 15067 2898 5172
0b001201 0b001301 10163 100 131072 1023575 17286 2898 4210
0b001501 0b001601 10163 100 131072 1019170 21744 2898 6613
0b001901 0b001201 10023 100 131072 1031496 9601 6838 5177
0b001101 0b001a01 10023 100 131072 1031536 9605 6838 5169
0b001601 0b001701 10163 100 131072 1024563 16761 2898 6614
0b001b01 0b001401 10023 100 131072 1034681 6820 6838 6139
0b001901 0b001a01 10162 100 131072 1016175 25670 2898 5641
0b001d01 0b001e01 10162 100 131072 1017318 24648 2898 6621
0b001901 0b001a01 10163 100 131072 1016308 25714 2898 6137
0b001301 0b001401 10161 100 131072 1018148 23961 2898 6595
0b001f01 0b001801 10160 100 131072 1013401 29222 2898 4687
0b001f01 0b001801 10161 100 131072 1013402 29222 2898 5183
0b001301 0b001401 10162 100 131072 1018829 23987 2898 5651
0b001201 0b001301 10164 100 131072 1026612 16274 2898 7090
0b001801 0b001901 10164 100 131072 1034271 8993 2898 6136
0b001f01 0b001001 10023 100 131072 1036345 7009 6838 4223
0b001b01 0b001c01 10163 100 131072 1026290 17368 2898 7579
0b001801 0b001901 10165 100 131072 1034535 9192 2898 6616
0b001a01 0b001b01 10163 100 131072 1028730 15079 2898 4218
0b001c01 0b001d01 10162 100 131072 1023235 20694 2898 7580
0b001701 0b001001 10163 100 131072 1020282 23663 2898 5655
0b001a01 0b001b01 10164 100 131072 1029435 14925 2898 7098
0b001401 0b001501 10164 100 131072 1030010 14563 2898 7092
0b001f01 0b001801 10162 100 131072 1015231 29528 2898 4703
0b001c01 0b001d01 10163 100 131072 1024116 20738 2898 5180
0b001001 0b001101 10164 100 131072 1033650 11376 2898 6608
0b001a01 0b001b01 10165 100 131072 1030208 14813 2898 6138
0b001301 0b001401 10163 100 131072 1021671 23632 2898 6611
0b001801 0b001901 10166 100 131072 1036164 9194 2898 5176
0b001d01 0b001e01 10163 100 131072 1022712 22670 2898 4221
0b001101 0b001201 10163 100 131072 1021939 23510 2898 6609
0b001e01 0b001f01 10164 100 131072 1033920 11818 2898 6142
0b001c01 0b001d01 10164 100 131072 1025503 20540 2898 5660
0b001101 0b001201 10164 100 131072 1022798 23268 2898 7089
0b001201 0b001301 10165 100 131072 1030663 15506 2898 6130
0b001b01 0b001c01 10164 100 131072 1028911 17394 2898 5179
0b001801 0b001901 10167 100 131072 1038587 7850 2898 7576
0b001c01 0b001d01 10165 100 131072 1026164 20432 2898 7100
0b001301 0b001401 10164 100 131072 1023124 23502 2898 7571
0b001501 0b001601 10164 100 131072 1026662 20041 2898 4693
0b001701 0b001001 10164 100 131072 1024074 22710 2898 7575
0b001701 0b001801 10023 100 131072 1039487 7320 6838 4215
0b001c01 0b001501 10023 100 131072 1039977 6820 6838 6620
0b001601 0b001f01 10023 100 131072 1038219 8663 6838 7574
0b001401 0b001501 10165 100 131072 1032367 14939 2898 4212
0b001001 0b001101 10165 100 131072 1034840 12895 2898 6128
0b001401 0b001501 10166 100 131072 1032720 15027 2898 4692
0b001001 0b001101 10166 100 131072 1035017 12939 2898 7568
0b001f01 0b001801 10163 100 131072 1019290 28992 2898 7583
0b001301 0b001c01 10023 100 131072 1041224 7140 6838 6131
0b001201 0b001301 10166 100 131072 1033352 15018 2898 7570
0b001e01 0b001f01 10165 100 131072 1035052 13570 2898 7118
0b001d01 0b001e01 10164 100 131072 1028420 20311 2898 6141
0b001801 0b001901 10168 100 131072 1045634 3404 2898 5192
0b001f01 0b001801 10164 100 131072 1020379 28677 2898 5663
0b001601 0b001701 10164 100 131072 1031258 17835 2898 6134
0b001001 0b001101 10167 100 131072 1036076 13025 2898 5168
0b001401 0b001501 10167 100 131072 1034637 14607 2898 5652
0b001701 0b001001 10165 100 131072 1028184 21090 2898 6135
0b001501 0b001601 10165 100 131072 1030317 19033 2898 5173
0b001301 0b001401 10165 100 131072 1027089 22620 2898 4211
0b001001 0b001901 10023 100 131072 1041100 8636 6838 4688
0b001201 0b001b01 10023 100 131072 1042492 7304 6838 5650
0b001f01 0b001801 10165 100 131072 1022386 27926 2898 7103
0b001201 0b001301 10167 100 131072 1035977 14682 2898 4690
0b001e01 0b001701 10023 100 131072 1040047 10813 6838 7582
0b001701 0b001001 10166 100 131072 1031883 19372 2898 4711
0b001e01 0b001f01 10166 100 131072 1036654 14611 2898 5662
0b001b01 0b001c01 10165 100 131072 1032964 18380 2898 6619
0b001c01 0b001d01 10166 100 131072 1032769 18626 2898 4700
0b001601 0b001f01 10024 100 131072 1040596 11127 6838 7590
0b001b01 0b001c01 10166 100 131072 1033294 18447 2898 4219
0b001001 0b001901 10024 100 131072 1042179 9666 6838 4704
0b001d01 0b001e01 10165 100 131072 1032667 19389 2898 4701
0b001601 0b001701 10165 100 131072 1033967 18386 2898 4214
0b001101 0b001201 10165 100 131072 1029663 22702 2898 4209
0b001401 0b001d01 10023 100 131072 1045119 7442 6838 6612
0b001901 0b001a01 10164 100 131072 1027641 25043 2898 7097
0b001c01 0b001d01 10167 100 131072 1034094 18602 2898 4220
0b001601 0b001701 10166 100 131072 1034165 18496 2898 5654
0b001301 0b001401 10166 100 131072 1030964 21850 2898 4691
0b001e01 0b001f01 10167 100 131072 1038065 14809 2898 4222
0b001001 0b001101 10168 100 131072 1040043 12825 2898 5184
0b001e01 0b001f01 10168 100 131072 1038066 14830 2898 5182
0b001601 0b001701 10167 100 131072 1034630 18430 2898 5174
0b001501 0b001601 10166 100 131072 1033710 19381 2898 5653
0b001b01 0b001c01 10167 100 131072 1035078 18138 2898 4699
0b001a01 0b001301 10023 100 131072 1044855 8443 6838 5658
0b001c01 0b001d01 10168 100 131072 1035309 18270 2898 5676
0b001501 0b001601 10167 100 131072 1034261 19359 2898 6133
0b001e01 0b001701 10024 100 131072 1042336 11305 6838 7598
0b001701 0b001001 10167 100 131072 1035985 17895 2898 6615
0b001d01 0b001e01 10166 100 131072 1035136 18773 2898 5181
0b001801 0b001101 10023 100 131072 1045633 8676 6838 4696
0b001d01 0b001e01 10167 100 131072 1035778 18572 2898 5661
0b001701 0b001001 10168 100 131072 1036887 17543 2898 7095
0b001b01 0b001c01 10168 100 131072 1036949 17698 2898 5195
0b001a01 0b001b01 10166 100 131072 1037768 17044 2898 4698
0b001501 0b001601 10168 100 131072 1035716 19293 2898 6149
0b001401 0b001501 10168 100 131072 1041794 13263 2898 7108
0b001601 0b001701 10168 100 131072 1037245 17999 2898 7110
0b001501 0b001e01 10024 100 131072 1047583 7684 6838 7109
0b001901 0b001201 10024 100 131072 1048368 6953 6838 5193
0b001401 0b001d01 10024 100 131072 1048313 7183 6838 6628
0b001301 0b001401 10167 100 131072 1034047 21540 2898 5171
0b001701 0b001001 10169 100 131072 1039222 16443 2898 7111
0b001f01 0b001801 10166 100 131072 1029582 26238 2898 7119
0b000301 0b000401 10038 100 131072 983252 72799 11234 579
0b000701 0b000001 10038 100 131072 983252 72799 11234 2503
0b000501 0b000601 10038 100 131072 983252 72799 11234 1541
0b000101 0b000201 10038 100 131072 983252 72799 11234 3457
0b001801 0b001901 10169 100 131072 1049817 6112 2898 4232
0b001a01 0b001b01 10167 100 131072 1038649 17286 2898 7578
0b001d01 0b001e01 10168 100 131072 1038154 17913 2898 6157
0b001901 0b001a01 10165 100 131072 1029863 26212 2898 6617
0b001f01 0b001801 10167 100 131072 1030047 26192 2898 4719
0b001a01 0b001b01 10168 100 131072 1039067 17201 2898 4234
0b001101 0b001201 10166 100 131072 1033297 23119 2898 7569
0b001c01 0b001d01 10169 100 131072 1039844 16620 2898 7116
0b001b01 0b001401 10024 100 131072 1048031 8523 6838 6155
0b001101 0b001201 10167 100 131072 1033916 23117 2898 5649
0b001901 0b001a01 10166 100 131072 1030746 26430 2898 5657
0b001b01 0b001c01 10169 100 131072 1040916 16378 2898 6635
0b001901 0b001a01 10167 100 131072 1031099 26276 2898 7577
0b001d01 0b001601 10024 100 131072 1049606 7783 6838 7117
0b001e01 0b001f01 10169 100 131072 1044976 12504 2898 6638
0b001101 0b001201 10168 100 131072 1034643 22941 2898 4225
0b001401 0b001501 10169 100 131072 1044511 13079 2898 6148
0b001301 0b001c01 10024 100 131072 1049179 8694 6838 6147
0b001f01 0b001801 10168 100 131072 1032250 25774 2898 6143
0b001101 0b001201 10169 100 131072 1035484 22629 2898 5665
0b001201 0b001301 10168 100 131072 1042933 15349 2898 6146
0b001f01 0b001801 10169 100 131072 1032845 25532 2898 6623
0b000301 0b000401 10039 100 131072 983560 74875 11234 1091
0b000701 0b000001 10039 100 131072 983560 74875 11234 3015
0b000501 0b000601 10039 100 131072 983560 74875 11234 2053
0b000101 0b000201 10039 100 131072 983560 74875 11234 129
0b001401 0b001501 10170 100 131072 1045826 12823 2898 5668
0b001301 0b001401 10168 100 131072 1037658 21034 2898 5187
0b001001 0b001101 10169 100 131072 1046364 12385 2898 4224
0b001801 0b001101 10024 100 131072 1047769 11011 6838 4712
0b000301 0b000401 10040 100 131072 983876 75179 11234 595
0b000701 0b000001 10040 100 131072 983876 75179 11234 2519
0b000501 0b000601 10040 100 131072 983868 75187 11234 1557
0b000101 0b000201 10040 100 131072 983868 75187 11234 3473
0b000001 0b000101 10028 100 131072 722093 337116 11234 3488
0b000401 0b000501 10028 100 131072 722093 337120 11234 1572
0b000201 0b000301 10028 100 131072 722093 337128 11234 610
0b000601 0b000701 10028 100 131072 722093 337128 11234 2534
0b001a01 0b001b01 10169 100 131072 1043270 15821 2898 4714
0b001201 0b001301 10169 100 131072 1043528 15657 2898 4706
0b001901 0b001a01 10168 100 131072 1033213 25945 2898 4233
0b001601 0b001701 10169 100 131072 1041677 17638 2898 4230
0b001001 0b001101 10170 100 131072 1046955 12433 2898 5664
0b001a01 0b001b01 10170 100 131072 1044151 15425 2898 5194
0b001301 0b001401 10169 100 131072 1039111 20508 2898 6627
0b001501 0b001601 10169 100 131072 1040931 18703 2898 7589
0b001201 0b001301 10170 100 131072 1044107 15675 2898 5186
0b001101 0b001201 10170 100 131072 1038963 20915 2898 7105
0b001701 0b001001 10170 100 131072 1044334 15558 2898 6631
0b000001 0b000101 10029 100 131072 744817 315356 11234 3504
0b000401 0b000501 10029 100 131072 744285 315892 11234 1588
0b000001 0b000101 10030 100 131072 744827 315350 11234 3520
0b000401 0b000501 10030 100 131072 744817 315364 11234 1604
0b000201 0b000301 10029 100 131072 744817 315368 11234 626
0b000601 0b000701 10029 100 131072 744821 315364 11234 2550
0b000201 0b000301 10030 100 131072 744827 315362 11234 642
0b000601 0b000701 10030 100 131072 744831 315358 11234 2566
0b001a01 0b001b01 10171 100 131072 1045032 15007 2898 6154
0b001801 0b001901 10170 100 131072 1051292 9461 2898 7592
0b001901 0b001a01 10169 100 131072 1035924 25349 2898 7113
0b001c01 0b001501 10024 100 131072 1054354 6927 6838 6636
0b001901 0b001201 10025 100 131072 1052048 9509 6838 5209
0b001e01 0b001f01 10170 100 131072 1048392 13225 2898 4238
0b001b01 0b001c01 10170 100 131072 1046819 14860 2898 4235
0b001601 0b001701 10170 100 131072 1043924 17814 2898 6630
0b001101 0b001a01 10024 100 131072 1052111 9644 6838 5185
0b001b01 0b001c01 10171 100 131072 1047370 14750 2898 7115
0b001c01 0b001d01 10170 100 131072 1046668 15677 2898 7596
0b001801 0b001901 10171 100 131072 1052066 10316 2898 5672
0b001501 0b001601 10170 100 131072 1043794 18613 2898 5189
0b001301 0b001401 10170 100 131072 1043871 18655 2898 4227
0b001901 0b001a01 10170 100 131072 1037731 24931 2898 5673
0b001001 0b001901 10025 100 131072 1054265 8492 6838 4720
0b001401 0b001501 10171 100 131072 1049636 13198 2898 7588
0b001001 0b001101 10171 100 131072 1049794 13227 2898 7584
0b001801 0b001901 10172 100 131072 1053322 10733 2898 7112
0b001301 0b001401 10171 100 131072 1045896 18149 2898 7107
0b001701 0b001801 10024 100 131072 1055363 9174 6838 4231
0b001201 0b001301 10171 100 131072 1048459 16318 2898 6626
0b001f01 0b001001 10024 100 131072 1055884 9244 6838 4239
0b001c01 0b001d01 10171 100 131072 1049315 16375 2898 5196
0b001201 0b001301 10172 100 131072 1049076 16626 2898 7106
0b001e01 0b001f01 10171 100 131072 1051741 14101 2898 6158
0b001001 0b001101 10172 100 131072 1052284 13818 2898 6144
0b001f01 0b001801 10170 100 131072 1042912 23082 2898 6639
0b001801 0b001101 10025 100 131072 1059249 7072 6838 4728
0b001501 0b001e01 10025 100 131072 1058067 8482 6838 7125
0b001101 0b001201 10171 100 131072 1048036 18777 2898 6625
0b001401 0b001501 10172 100 131072 1052719 14166 2898 4228
0b001a01 0b001b01 10172 100 131072 1055694 11192 2898 7114
0b001601 0b001701 10171 100 131072 1049713 17285 2898 4710
0b001101 0b001a01 10025 100 131072 1055878 11134 6838 5201
0b001d01 0b001e01 10169 100 131072 1046939 20113 2898 7597
0b001b01 0b001c01 10172 100 131072 1052806 14333 2898 5675
0b001c01 0b001501 10025 100 131072 1060304 7482 6838 6652
0b001d01 0b001601 10025 100 131072 1059474 8421 6838 7133
0b001c01 0b001d01 10172 100 131072 1051374 16783 2898 6156
0b001301 0b001401 10172 100 131072 1051380 16784 2898 7587
0b001d01 0b001e01 10170 100 131072 1047864 20423 2898 5197
0b001701 0b001001 10171 100 131072 1052103 16639 2898 6151
0b001501 0b001601 10171 100 131072 1049807 19293 2898 6629
0b001601 0b001701 10172 100 131072 1052360 17017 2898 5190
0b001801 0b001901 10173 100 131072 1058830 10596 2898 7128
0b001301 0b001c01 10025 100 131072 1061292 8161 6838 6163
0b001101 0b001201 10172 100 131072 1050745 18709 2898 6145
0b001d01 0b001e01 10171 100 131072 1049053 20577 2898 5677
0b001101 0b001201 10173 100 131072 1050966 18665 2898 7585
0b001701 0b001801 10025 100 131072 1062325 7325 6838 4247
0b001501 0b001601 10172 100 131072 1050316 19401 2898 4229
0b001601 0b001f01 10025 100 131072 1062644 7342 6838 7606
0b001a01 0b001301 10024 100 131072 1060186 9870 6838 5674
0b001401 0b001d01 10025 100 131072 1062629 7503 6838 6644
0b001501 0b001601 10173 100 131072 1050757 19379 2898 4709
0b001301 0b001401 10173 100 131072 1053669 16476 2898 4707
0b001401 0b001501 10173 100 131072 1055824 14960 2898 4708
0b001e01 0b001f01 10172 100 131072 1055066 15821 2898 4718
0b001701 0b001001 10172 100 131072 1053870 17140 2898 7591
0b001001 0b001101 10173 100 131072 1056890 14277 2898 6624
0b001501 0b001601 10174 100 131072 1052254 18985 2898 5669
0b001a01 0b001b01 10173 100 131072 1059085 12158 2898 6634
0b001b01 0b001401 10025 100 131072 1063049 8319 6838 6171
0b001f01 0b001801 10171 100 131072 1048748 22639 2898 6159
0b001901 0b001a01 10171 100 131072 1046274 25215 2898 6153
0b001201 0b001b01 10024 100 131072 1060043 11522 6838 5666
0b001001 0b001101 10174 100 131072 1057440 14168 2898 7104
0b001801 0b001901 10174 100 131072 1061034 10683 2898 6152
0b001801 0b001901 10175 100 131072 1061387 10595 2898 6632
0b001f01 0b001001 10025 100 131072 1064627 7396 6838 4255
0b001901 0b001a01 10172 100 131072 1046737 25351 2898 6633
0b001301 0b001401 10174 100 131072 1056308 15818 2898 5667
0b000301 0b000401 10041 100 131072 1037872 34391 11234 1635
0b000501 0b000601 10041 100 131072 1037956 34311 11234 2597
0b000701 0b000001 10041 100 131072 1037960 34307 11234 3559
0b000101 0b000201 10041 100 131072 1039541 32817 11234 673
0b001001 0b001101 10175 100 131072 1058675 13704 2898 7120
0b001f01 0b001801 10172 100 131072 1049892 22595 2898 7599
0b001201 0b001b01 10025 100 131072 1061123 11564 6838 5682
0b001c01 0b001d01 10173 100 131072 1054751 18005 2898 4236
0b001e01 0b001f01 10173 100 131072 1056919 16763 2898 5198
0b001201 0b001301 10173 100 131072 1055375 18342 2898 4226
0b001a01 0b001b01 10174 100 131072 1060385 13393 2898 7594
0b001b01 0b001c01 10173 100 131072 1057822 16010 2898 4715
0b001701 0b001001 10173 100 131072 1055671 18311 2898 5671
0b001f01 0b001801 10173 100 131072 1051632 22464 2898 7135
0b001601 0b001701 10173 100 131072 1056101 18079 2898 5670
0b001e01 0b001f01 10174 100 131072 1057360 16851 2898 5678
0b001701 0b001001 10174 100 131072 1056070 18443 2898 5191
0b001401 0b001501 10174 100 131072 1058597 15952 2898 5188
0b001c01 0b001d01 10174 100 131072 1056226 18535 2898 4716
0b001901 0b001a01 10173 100 131072 1049447 25348 2898 7593
0b001001 0b001101 10176 100 131072 1062902 12146 2898 6640
0b001701 0b001001 10175 100 131072 1056651 18415 2898 7607
0b001e01 0b001f01 10175 100 131072 1058277 16815 2898 7134
0b001601 0b001701 10174 100 131072 1056630 18498 2898 6150
0b001a01 0b001301 10025 100 131072 1065672 9801 6838 5690
0b001101 0b001201 10174 100 131072 1057319 18262 2898 4705
0b001b01 0b001c01 10174 100 131072 1058945 16626 2898 7595
0b001e01 0b001f01 10176 100 131072 1059077 16565 2898 6174
0b001b01 0b001c01 10175 100 131072 1059278 16712 2898 4251
0b001701 0b001001 10176 100 131072 1058254 17890 2898 7127
0b001401 0b001501 10175 100 131072 1059564 16834 2898 6164
0b001f01 0b001801 10174 100 131072 1054275 22117 2898 5679
0b001c01 0b001d01 10175 100 131072 1057657 18804 2898 5212
0b001f01 0b001801 10175 100 131072 1054733 21924 2898 7615
0b001d01 0b001e01 10172 100 131072 1054405 22360 2898 4717
0b001a01 0b001b01 10175 100 131072 1062168 14627 2898 4250
0b001601 0b001701 10175 100 131072 1058019 18870 2898 6166
0b001e01 0b001701 10025 100 131072 1070062 6820 6838 7614
0b001301 0b001401 10175 100 131072 1062195 14752 2898 4723
0b001f01 0b001801 10176 100 131072 1055906 21544 2898 5199
0b001301 0b001401 10176 100 131072 1062792 14706 2898 5203
0b001201 0b001301 10174 100 131072 1058331 19261 2898 5202
0b001901 0b001a01 10174 100 131072 1052746 25329 2898 4713
0b001801 0b001901 10176 100 131072 1067547 11003 2898 4248
0b001d01 0b001e01 10173 100 131072 1055571 23285 2898 6637
0b001201 0b001301 10175 100 131072 1059426 19597 2898 7586
0b001d01 0b001e01 10174 100 131072 1055706 23349 2898 4237
0b001b01 0b001c01 10176 100 131072 1062101 17126 2898 4731
0b001401 0b001501 10176 100 131072 1061702 17627 2898 5204
0b001601 0b001701 10176 100 131072 1060399 19109 2898 7126
0b001a01 0b001b01 10176 100 131072 1064283 15463 2898 7130
0b001b01 0b001c01 10177 100 131072 1062586 17172 2898 5211
0b001c01 0b001d01 10176 100 131072 1060883 18926 2898 6172
0b001901 0b001a01 10175 100 131072 1054855 25005 2898 4729
0b001d01 0b001e01 10175 100 131072 1056589 23591 2898 5693
0b001a01 0b001b01 10177 100 131072 1064765 15424 2898 5210
0b001701 0b001001 10177 100 131072 1064748 15779 2898 6647
0b001201 0b001301 10176 100 131072 1060594 19970 2898 4242
0b001801 0b001901 10177 100 131072 1069004 11592 2898 6648
0b001501 0b001601 10175 100 131072 1060600 20084 2898 6165
0b001e01 0b001f01 10177 100 131072 1069559 11945 2898 7150
0b001001 0b001101 10177 100 131072 1068138 13427 2898 4240
0b001f01 0b001801 10177 100 131072 1060490 21209 2898 6655
0b001501 0b001601 10176 100 131072 1061659 20434 2898 5685
0b001301 0b001401 10177 100 131072 1067787 14602 2898 6643
0b001d01 0b001e01 10176 100 131072 1058506 23963 2898 6653
0b001e01 0b001f01 10178 100 131072 1071297 11398 2898 5214
0b001201 0b001301 10177 100 131072 1062888 19942 2898 7122
0b001301 0b001401 10178 100 131072 1068712 14736 2898 7123
0b001901 0b001a01 10176 100 131072 1058939 24664 2898 4249
0b001e01 0b001f01 10179 100 131072 1072640 11002 2898 5694
0b001201 0b001301 10178 100 131072 1064567 19474 2898 5218
0b001601 0b001701 10177 100 131072 1065417 18936 2898 5206
0b001c01 0b001d01 10177 100 131072 1064689 19895 2898 4252
0b001c01 0b001d01 10178 100 131072 1065130 19807 2898 7132
0b001401 0b001501 10177 100 131072 1065536 19452 2898 4244
0b001101 0b001201 10175 100 131072 1061759 23284 2898 4241
0b001101 0b001201 10176 100 131072 1061790 23254 2898 4721
0b001a01 0b001b01 10178 100 131072 1070022 15230 2898 5226
0b001501 0b001601 10177 100 131072 1064291 21105 2898 6645
0b001701 0b001001 10178 100 131072 1070008 15560 2898 4727
0b001101 0b001201 10177 100 131072 1062398 23637 2898 5681
0b001401 0b001501 10178 100 131072 1067055 19826 2898 7124
0b001501 0b001601 10178 100 131072 1065844 21095 2898 7605
0b001201 0b001301 10179 100 131072 1069823 17636 2898 6642
0b001001 0b001101 10178 100 131072 1071752 15844 2898 6160
0b001701 0b001001 10179 100 131072 1072387 15470 2898 5207
0b001201 0b001301 10180 100 131072 1072464 16382 2898 6162
0b001201 0b001301 10181 100 131072 1072641 16315 2898 7602
0b001801 0b001901 10178 100 131072 1072660 16476 2898 4264
0b001b01 0b001c01 10178 100 131072 1069896 19415 2898 7131
0b001301 0b001401 10179 100 131072 1073066 16354 2898 5683
0b001d01 0b001e01 10177 100 131072 1065355 24115 2898 7613
0b001901 0b001a01 10177 100 131072 1063763 25959 2898 7609
0b001101 0b001201 10178 100 131072 1066031 24055 2898 7601
0b001c01 0b001d01 10179 100 131072 1070149 20181 2898 5692
0b001a01 0b001b01 10179 100 131072 1074499 15860 2898 6170
0b001501 0b001601 10179 100 131072 1069895 20543 2898 4245
0b001a01 0b001b01 10180 100 131072 1075098 15812 2898 6650
0b001f01 0b001801 10178 100 131072 1068852 22224 2898 6175
0b001601 0b001701 10178 100 131072 1070905 20275 2898 7142
0b001201 0b001301 10182 100 131072 1078591 12612 2898 4722
0b001501 0b001601 10180 100 131072 1070796 20567 2898 6661
0b001901 0b001a01 10178 100 131072 1065392 26267 2898 5689
0b001401 0b001501 10179 100 131072 1071174 20640 2898 7604
0b001901 0b001a01 10179 100 131072 1065767 26201 2898 4745
0b001c01 0b001d01 10180 100 131072 1072463 19848 2898 6188
0b001401 0b001d01 10026 100 131072 1085399 7158 6838 6660
0b001601 0b001701 10179 100 131072 1072110 20459 2898 6646
0b001d01 0b001e01 10178 100 131072 1068700 23943 2898 5213
0b001001 0b001101 10179 100 131072 1074020 18727 2898 7600
0b001901 0b001a01 10180 100 131072 1067065 25784 2898 7129
0b001a01 0b001b01 10181 100 131072 1077805 15048 2898 7610
0b001e01 0b001f01 10180 100 131072 1079775 13178 2898 4734
0b001601 0b001701 10180 100 131072 1072727 20392 2898 4246
0b001801 0b001901 10179 100 131072 1074397 18767 2898 6168
0b001601 0b001701 10181 100 131072 1073146 20194 2898 4726
0b001101 0b001201 10179 100 131072 1069112 24409 2898 6161
0b001101 0b001201 10180 100 131072 1069331 24345 2898 4737
0b001501 0b001601 10181 100 131072 1073794 19992 2898 4725
0b001601 0b001701 10182 100 131072 1074249 19688 2898 5686
0b001401 0b001501 10180 100 131072 1073155 20838 2898 4724
0b001701 0b001001 10180 100 131072 1077190 17146 2898 5687
0b001001 0b001101 10180 100 131072 1075033 19565 2898 4256
0b001801 0b001901 10180 100 131072 1075497 19340 2898 7608
0b001401 0b001501 10181 100 131072 1074378 20672 2898 6180
0b001e01 0b001f01 10181 100 131072 1081866 13311 2898 6654
0b001d01 0b001e01 10179 100 131072 1071167 24028 2898 6173
0b001e01 0b001f01 10182 100 131072 1082065 13245 2898 4254
0b001001 0b001901 10026 100 131072 1088578 6820 6838 4736
0b001b01 0b001c01 10179 100 131072 1074253 21184 2898 6651
0b001401 0b001501 10182 100 131072 1075136 20355 2898 5684
0b001a01 0b001b01 10182 100 131072 1081085 14475 2898 4730
0b001301 0b001401 10180 100 131072 1076727 18877 2898 4243
0b001b01 0b001c01 10180 100 131072 1074575 21236 2898 5691
0b001701 0b001001 10181 100 131072 1078138 17673 2898 6167
0b001e01 0b001f01 10183 100 131072 1083190 12671 2898 5710
0b001201 0b001301 10183 100 131072 1088053 8062 2898 4258
0b001201 0b001301 10184 100 131072 1088054 8062 2898 4738
0b001d01 0b001601 10026 100 131072 1087947 8213 6838 7149
0b001f01 0b001801 10179 100 131072 1072996 23259 2898 7631
0b001501 0b001601 10182 100 131072 1077559 18698 2898 5205
0b001901 0b001a01 10181 100 131072 1072436 23850 2898 7145
0b001c01 0b001d01 10181 100 131072 1076842 19544 2898 4732
0b001201 0b001b01 10026 100 131072 1089045 7429 6838 5698
0b001801 0b001901 10181 100 131072 1077106 19714 2898 7144
0b001e01 0b001f01 10184 100 131072 1085479 11483 2898 6670
0b001501 0b001601 10183 100 131072 1079408 17730 2898 6181
0b001b01 0b001c01 10181 100 131072 1075697 21503 2898 5707
0b001a01 0b001b01 10183 100 131072 1082870 14343 2898 4746
0b001601 0b001f01 10026 100 131072 1089949 7262 6838 7622
0b001f01 0b001801 10180 100 131072 1073897 23351 2898 4735
0b001d01 0b001e01 10180 100 131072 1073142 24146 2898 6669
0b001001 0b001101 10181 100 131072 1076992 20513 2898 5680
0b001901 0b001a01 10182 100 131072 1074727 23014 2898 6169
0b001501 0b001e01 10026 100 131072 1089891 7851 6838 7141
0b001c01 0b001d01 10182 100 131072 1078581 19238 2898 7612
0b001901 0b001a01 10183 100 131072 1074992 22860 2898 6649
0b001c01 0b001d01 10183 100 131072 1079000 19084 2898 4268
0b001101 0b001201 10181 100 131072 1074177 23950 2898 6641
0b001001 0b001101 10182 100 131072 1077523 20643 2898 5200
0b001401 0b001501 10183 100 131072 1079957 18353 2898 4740
0b001701 0b001001 10183 100 131072 1079892 18428 2898 7623
0b001701 0b001001 10182 100 131072 1079899 18422 2898 6183
0b001b01 0b001c01 10182 100 131072 1076788 21645 2898 7611
0b001401 0b001501 10184 100 131072 1080508 18001 2898 5220
0b001101 0b001201 10182 100 131072 1074618 23974 2898 7121
0b001001 0b001101 10183 100 131072 1078076 20535 2898 7616
0b001501 0b001601 10184 100 131072 1082339 16300 2898 5221
0b001801 0b001901 10182 100 131072 1079402 19511 2898 5688
0b001101 0b001201 10183 100 131072 1075389 23600 2898 7137
0b001801 0b001901 10183 100 131072 1079667 19423 2898 7624
0b001301 0b001401 10181 100 131072 1078483 20690 2898 5699
0b001001 0b001101 10184 100 131072 1079154 20140 2898 7136
0b001801 0b001901 10184 100 131072 1080460 18961 2898 5208
0b001c01 0b001d01 10184 100 131072 1082237 17324 2898 4748
0b001c01 0b001d01 10185 100 131072 1082768 16992 2898 5228
0b001d01 0b001e01 10181 100 131072 1075766 24018 2898 4253
0b001e01 0b001701 10026 100 131072 1092480 7323 6838 7630
0b001301 0b001c01 10026 100 131072 1091856 8113 6838 6179
0b001a01 0b001b01 10184 100 131072 1086613 13465 2898 4266
0b001e01 0b001f01 10185 100 131072 1095653 4527 2898 5230
0b001101 0b001201 10184 100 131072 1078058 22474 2898 6657
0b001401 0b001501 10185 100 131072 1086458 14232 2898 7140
0b001201 0b001301 10185 100 131072 1093096 7605 2898 7618
0b001701 0b001001 10184 100 131072 1082518 18312 2898 7143
0b001801 0b001901 10185 100 131072 1084709 16495 2898 6664
0b001f01 0b001801 10181 100 131072 1076692 24607 2898 5215
0b001d01 0b001e01 10182 100 131072 1077771 23708 2898 4733
0b001b01 0b001401 10026 100 131072 1093369 8224 6838 6187
0b001a01 0b001301 10026 100 131072 1094669 6948 6838 5706
0b001001 0b001101 10185 100 131072 1083537 18224 2898 6656
0b001b01 0b001c01 10183 100 131072 1079805 22107 2898 4267
0b000001 0b000101 10031 100 131072 779549 322665 11234 160
0b001f01 0b001801 10182 100 131072 1077221 25047 2898 5695
0b001901 0b001a01 10184 100 131072 1081560 20877 2898 4265
0b001401 0b001501 10186 100 131072 1092430 10087 2898 5700
0b001601 0b001701 10183 100 131072 1083694 18853 2898 6182
0b000401 0b000501 10031 100 131072 779537 323101 11234 2084
0b001501 0b001601 10185 100 131072 1087998 15024 2898 4261
0b001d01 0b001e01 10183 100 131072 1079471 23901 2898 5229
0b001301 0b001401 10182 100 131072 1080602 22974 2898 5219
0b001701 0b001801 10026 100 131072 1096129 7585 6838 4263
0b001801 0b001901 10186 100 131072 1094086 9721 2898 6184
0b001f01 0b001801 10183 100 131072 1078102 25773 2898 7151
0b001101 0b001201 10185 100 131072 1084575 19810 2898 4257
0b001901 0b001a01 10185 100 131072 1083606 20791 2898 6665
0b001c01 0b001d01 10186 100 131072 1092321 12194 2898 7148
0b001601 0b001701 10184 100 131072 1085103 19448 2898 5702
0b001f01 0b001801 10184 100 131072 1078652 25884 2898 6191
0b000301 0b000401 10042 100 131072 1043628 61494 11234 611
0b000701 0b000001 10042 100 131072 1043628 61494 11234 2535
0b001701 0b001001 10185 100 131072 1087363 17542 2898 5223
0b001801 0b001901 10187 100 131072 1099265 5865 2898 7640
0b000101 0b000201 10042 100 131072 1042608 62958 11234 3489
0b000101 0b000201 10043 100 131072 1042612 62955 11234 145
0b001c01 0b001501 10026 100 131072 1098447 6872 6838 6668
0b000601 0b000701 10031 100 131072 779533 326137 11234 3046
0b000201 0b000301 10031 100 131072 779549 326148 11234 1122
0b001401 0b001501 10187 100 131072 1098614 6876 2898 4260
0b000101 0b000201 10044 100 131072 1042700 63042 11234 161
0b001f01 0b001001 10026 100 131072 1098320 7458 6838 4271
0b000301 0b000401 10043 100 131072 1043716 62100 11234 1107
0b000501 0b000601 10042 100 131072 1043032 62797 11234 1573
0b000501 0b000601 10043 100 131072 1043036 62794 11234 2069
0b000701 0b000001 10043 100 131072 1043716 62114 11234 3031
0b000501 0b000601 10044 100 131072 1043046 62785 11234 2085
0b000701 0b000001 10044 100 131072 1043726 62105 11234 3047
0b000301 0b000401 10044 100 131072 1043726 62115 11234 1123
0b001301 0b001401 10183 100 131072 1082033 23832 2898 7603
0b001b01 0b001c01 10184 100 131072 1082756 23557 2898 7147
0b001e01 0b001f01 10186 100 131072 1098205 8382 2898 6190
0b001b01 0b001c01 10185 100 131072 1083199 23467 2898 5227
0b001001 0b001101 10186 100 131072 1090867 16265 2898 5216
0b001a01 0b001b01 10185 100 131072 1092732 14413 2898 7626
0b001d01 0b001e01 10184 100 131072 1082819 24736 2898 6189
0b001201 0b001301 10186 100 131072 1096531 11235 2898 6178
0b001201 0b001301 10187 100 131072 1096686 11477 2898 4754
0b001301 0b001401 10184 100 131072 1083574 24936 2898 4259
0b001601 0b001701 10185 100 131072 1088406 20304 2898 6662
0b001801 0b001101 10026 100 131072 1100258 8579 6838 4744
0b001401 0b001501 10188 100 131072 1102183 7118 2898 5716
0b001101 0b001201 10186 100 131072 1090606 18930 2898 6177
0b001101 0b001a01 10026 100 131072 1101176 8449 6838 5217
0b001501 0b001e01 10027 100 131072 1103700 6820 6838 7157
0b001901 0b001201 10026 100 131072 1102431 8447 6838 5225
0b001a01 0b001b01 10186 100 131072 1094978 15952 2898 4762
0b001b01 0b001c01 10186 100 131072 1088262 23007 2898 5243
0b001c01 0b001d01 10187 100 131072 1098821 12587 2898 5708
0b001f01 0b001801 10185 100 131072 1084514 27373 2898 7167
0b001301 0b001401 10185 100 131072 1085840 26103 2898 7139
0b001a01 0b001b01 10187 100 131072 1095859 16260 2898 7146
0b001701 0b001001 10186 100 131072 1094190 17978 2898 7159
0b001501 0b001601 10186 100 131072 1094824 17355 2898 7621
0b001e01 0b001f01 10187 100 131072 1100298 12474 2898 6686
0b001d01 0b001e01 10185 100 131072 1087594 25310 2898 4269
0b001f01 0b001801 10186 100 131072 1085705 27373 2898 5231
0b001401 0b001501 10189 100 131072 1104603 8661 2898 6196
0b001001 0b001101 10187 100 131072 1097346 16059 2898 5696
0b001901 0b001a01 10186 100 131072 1092146 21363 2898 4281
0b001301 0b001401 10186 100 131072 1087051 26477 2898 5235
0b001701 0b001001 10187 100 131072 1095579 18130 2898 6663
0b001e01 0b001f01 10188 100 131072 1100752 13167 2898 7166
0b001f01 0b001801 10187 100 131072 1086652 27309 2898 5711
0b001801 0b001901 10188 100 131072 1104309 9936 2898 5224
0b001101 0b001201 10187 100 131072 1095757 18622 2898 7617
0b001d01 0b001601 10027 100 131072 1107525 6820 6838 7165
0b001c01 0b001d01 10188 100 131072 1100210 14257 2898 5724
0b001601 0b001701 10186 100 131072 1093448 21052 2898 4262
0b001701 0b001001 10188 100 131072 1096350 18154 2898 4743
0b001701 0b001001 10189 100 131072 1096947 17998 2898 5703
0b001001 0b001101 10188 100 131072 1098821 16307 2898 6176
0b001601 0b001701 10187 100 131072 1094373 21514 2898 6678
0b001101 0b001201 10188 100 131072 1097608 18358 2898 4273
0b001401 0b001501 10190 100 131072 1106586 9497 2898 5236
0b001501 0b001601 10187 100 131072 1097003 19537 2898 4741
0b001b01 0b001c01 10187 100 131072 1093920 22744 2898 6667
0b001a01 0b001b01 10188 100 131072 1099296 17468 2898 7162
0b001101 0b001a01 10027 100 131072 1110142 6820 6838 5233
0b001c01 0b001d01 10189 100 131072 1101443 15535 2898 7628
0b001301 0b001401 10187 100 131072 1090469 26580 2898 6659
0b001201 0b001301 10188 100 131072 1101137 16097 2898 6658
0b001801 0b001901 10189 100 131072 1105278 12224 2898 5704
0b001301 0b001c01 10027 100 131072 1110776 6820 6838 6195
0b001e01 0b001f01 10189 100 131072 1102794 14800 2898 4270
0b001201 0b001301 10189 100 131072 1101602 16667 2898 7138
0b001b01 0b001c01 10188 100 131072 1095863 22562 2898 7627
0b001301 0b001401 10188 100 131072 1091966 26474 2898 7619
0b001a01 0b001b01 10189 100 131072 1100751 17994 2898 6186
0b001201 0b001301 10190 100 131072 1101999 16799 2898 7154
0b001c01 0b001d01 10190 100 131072 1102979 15872 2898 6204
0b001a01 0b001b01 10190 100 131072 1100862 17994 2898 6666
0b001701 0b001001 10190 100 131072 1102813 16095 2898 7639
0b001501 0b001601 10188 100 131072 1098060 20859 2898 6197
0b001401 0b001501 10191 100 131072 1108875 10095 2898 7620
0b001101 0b001201 10189 100 131072 1100515 18488 2898 5697
0b001601 0b001701 10188 100 131072 1096796 22220 2898 4742
0b001d01 0b001e01 10186 100 131072 1093340 25885 2898 5709
0b001001 0b001101 10189 100 131072 1101330 17937 2898 7632
0b001001 0b001101 10190 100 131072 1101331 17937 2898 6192
0b001901 0b001a01 10187 100 131072 1096174 23280 2898 6185
0b001501 0b001601 10189 100 131072 1098501 21167 2898 5701
0b001e01 0b001f01 10190 100 131072 1104489 15219 2898 4750
0b001301 0b001401 10189 100 131072 1094213 25682 2898 4739
0b001101 0b001201 10190 100 131072 1101621 18707 2898 7633
0b001c01 0b001d01 10191 100 131072 1104922 15602 2898 4284
0b001201 0b001301 10191 100 131072 1103542 17065 2898 6674
0b001701 0b001001 10191 100 131072 1105557 15246 2898 6199
0b001101 0b001201 10191 100 131072 1102304 18575 2898 7153
0b001e01 0b001f01 10191 100 131072 1106382 14824 2898 5246
0b001b01 0b001c01 10189 100 131072 1098570 22654 2898 4747
0b001401 0b001501 10192 100 131072 1111520 10027 2898 4276
0b001d01 0b001e01 10187 100 131072 1095321 26239 2898 6205
0b001601 0b001701 10189 100 131072 1099170 22511 2898 7158
0b001701 0b001001 10192 100 131072 1107561 14237 2898 5719
0b001601 0b001701 10190 100 131072 1099267 22547 2898 5222
0b001801 0b001901 10190 100 131072 1106724 15135 2898 4280
0b001d01 0b001e01 10188 100 131072 1095567 26390 2898 6685
0b001901 0b001a01 10188 100 131072 1097847 24230 2898 7625
0b001801 0b001901 10191 100 131072 1106885 15195 2898 7160
0b001601 0b001f01 10027 100 131072 1115189 6941 6838 7638
0b001b01 0b001c01 10190 100 131072 1099484 22687 2898 5723
0b001001 0b001101 10191 100 131072 1103840 18359 2898 7152
0b001f01 0b001801 10188 100 131072 1095963 26233 2898 4751
0b001101 0b001201 10192 100 131072 1104771 17607 2898 6673
0b001a01 0b001b01 10191 100 131072 1105447 16956 2898 4282
0b001601 0b001701 10191 100 131072 1100148 22283 2898 6198
0b001801 0b001901 10192 100 131072 1107546 15153 2898 6200
0b001b01 0b001c01 10191 100 131072 1100223 22567 2898 4763
0b001901 0b001a01 10189 100 131072 1098408 24552 2898 4761
0b001601 0b001701 10192 100 131072 1101649 21641 2898 5238
0b001701 0b001001 10193 100 131072 1111720 11667 2898 6679
0b001301 0b001401 10190 100 131072 1099125 24315 2898 4275
0b001301 0b001401 10191 100 131072 1099126 24315 2898 4755
0b001a01 0b001b01 10192 100 131072 1107407 16385 2898 6682
0b001201 0b001301 10192 100 131072 1107395 16473 2898 4274
0b001901 0b001201 10027 100 131072 1117255 6870 6838 5241
0b001e01 0b001f01 10192 100 131072 1110565 13594 2898 6206
0b001701 0b001801 10027 100 131072 1117510 6953 6838 4279
0b001001 0b001901 10027 100 131072 1117514 6978 6838 4752
0b001901 0b001a01 10190 100 131072 1099830 24671 2898 7161
0b001501 0b001601 10190 100 131072 1101320 23191 2898 4757
0b001f01 0b001801 10189 100 131072 1098187 26344 2898 6671
0b001c01 0b001d01 10192 100 131072 1109323 15322 2898 7164
0b001501 0b001601 10191 100 131072 1101519 23169 2898 5237
0b001b01 0b001c01 10192 100 131072 1103088 21685 2898 4283
0b001c01 0b001d01 10193 100 131072 1109676 15171 2898 5244
0b001401 0b001501 10193 100 131072 1114953 10119 2898 7156
0b001f01 0b001801 10190 100 131072 1098871 26255 2898 5727
0b001601 0b001701 10193 100 131072 1106032 19793 2898 4278
0b001f01 0b001801 10191 100 131072 1099972 26145 2898 6687
0b001d01 0b001e01 10189 100 131072 1099396 26790 2898 4749
0b001f01 0b001801 10192 100 131072 1100221 26075 2898 7647
0b001e01 0b001f01 10193 100 131072 1113530 12789 2898 7182
0b001401 0b001501 10194 100 131072 1116538 9855 2898 5252
0b001301 0b001401 10192 100 131072 1103711 22923 2898 7635
0b001901 0b001a01 10191 100 131072 1101923 24955 2898 5705
0b001901 0b001a01 10192 100 131072 1102100 24955 2898 7641
0b001001 0b001101 10192 100 131072 1107915 19259 2898 5232
0b001301 0b001401 10193 100 131072 1104627 22558 2898 5715
0b001801 0b001901 10193 100 131072 1114897 12365 2898 7176
0b001f01 0b001001 10027 100 131072 1120604 6934 6838 4287
0b001d01 0b001e01 10190 100 131072 1100829 26942 2898 7629
0b001a01 0b001b01 10193 100 131072 1112635 15190 2898 5242
0b001801 0b001901 10194 100 131072 1116088 11769 2898 5240
0b001d01 0b001e01 10191 100 131072 1101094 26854 2898 4285
0b001101 0b001201 10193 100 131072 1111847 16232 2898 4753
0b001e01 0b001f01 10194 100 131072 1115914 12258 2898 4286
0b001801 0b001901 10195 100 131072 1116971 11285 2898 5720
0b001f01 0b001801 10193 100 131072 1103190 25089 2898 5247
0b001001 0b001101 10193 100 131072 1108788 19619 2898 4272
0b001b01 0b001401 10027 100 131072 1121755 6951 6838 6203
0b001c01 0b001501 10027 100 131072 1119674 9172 6838 6684
0b001201 0b001b01 10027 100 131072 1122013 6825 6838 5714
0b001701 0b001001 10194 100 131072 1118897 10015 2898 6695
0b001c01 0b001d01 10194 100 131072 1114279 14792 2898 5260
0b001901 0b001a01 10193 100 131072 1104214 24872 2898 6681
0b001401 0b001d01 10027 100 131072 1120059 9188 6838 6676
0b001d01 0b001e01 10192 100 131072 1102571 26788 2898 4765
0b001d01 0b001e01 10193 100 131072 1102770 26744 2898 5245
0b001501 0b001601 10192 100 131072 1105527 24314 2898 5717
0b001b01 0b001c01 10193 100 131072 1110155 20407 2898 7643
0b001201 0b001301 10193 100 131072 1112546 18607 2898 6194
0b001301 0b001401 10194 100 131072 1111173 20107 2898 4771
0b001901 0b001a01 10194 100 131072 1106817 24579 2898 6201
0b001101 0b001201 10194 100 131072 1116415 15341 2898 5713
0b000701 0b000001 10045 100 131072 1062231 69785 11234 2551
0b000301 0b000401 10045 100 131072 1062231 69785 11234 627
0b000501 0b000601 10045 100 131072 1062223 69793 11234 1589
0b000101 0b000201 10045 100 131072 1062219 69797 11234 3505
0b001a01 0b001b01 10194 100 131072 1116519 15381 2898 4298
0b001801 0b001101 10027 100 131072 1125206 6925 6838 4760
0b001901 0b001a01 10195 100 131072 1108140 24489 2898 7657
0b001201 0b001301 10194 100 131072 1113888 19028 2898 5234
0b001501 0b001601 10193 100 131072 1108329 24815 2898 6677
0b001401 0b001501 10195 100 131072 1121450 11726 2898 7636
0b001101 0b001201 10195 100 131072 1118138 15049 2898 6193
0b001501 0b001601 10194 100 131072 1108500 24821 2898 4277
0b001f01 0b001801 10194 100 131072 1109597 24161 2898 6207
0b001701 0b001001 10195 100 131072 1122026 11727 2898 4759
0b001601 0b001701 10194 100 131072 1117355 16529 2898 7174
0b001b01 0b001c01 10194 100 131072 1113940 20585 2898 4779
0b001e01 0b001f01 10195 100 131072 1122235 12696 2898 5726
0b001b01 0b001c01 10195 100 131072 1115129 20563 2898 7163
0b001601 0b001701 10195 100 131072 1119550 16315 2898 4758
0b001701 0b001801 10028 100 131072 1128835 7276 6838 4295
0b001501 0b001601 10195 100 131072 1112311 23937 2898 5733
0b001001 0b001101 10194 100 131072 1115178 21132 2898 7168
0b001401 0b001501 10196 100 131072 1122905 13462 2898 4756
0b001201 0b001301 10195 100 131072 1117389 19094 2898 7634
0b001d01 0b001601 10028 100 131072 1127655 9130 6838 7181
0b001101 0b001201 10196 100 131072 1122277 14565 2898 7649
0b001101 0b001201 10197 100 131072 1122278 14565 2898 6209
0b001a01 0b001301 10027 100 131072 1129888 7007 6838 5722
0b001a01 0b001b01 10195 100 131072 1119972 17123 2898 5258
0b001501 0b001e01 10028 100 131072 1128082 9146 6838 7173
0b001c01 0b001d01 10195 100 131072 1120606 16788 2898 6220
0b001301 0b001401 10195 100 131072 1120244 17355 2898 6675
0b001e01 0b001701 10027 100 131072 1130781 6956 6838 7646
0b001601 0b001701 10196 100 131072 1121929 16248 2898 6214
0b001201 0b001301 10196 100 131072 1118976 19206 2898 4290
0b001001 0b001101 10195 100 131072 1116719 21528 2898 6672
0b001301 0b001401 10196 100 131072 1121279 17203 2898 7155
0b001f01 0b001001 10028 100 131072 1131182 7283 6838 4303
0b001101 0b001201 10198 100 131072 1125209 13353 2898 7169
0b001e01 0b001f01 10196 100 131072 1124570 14060 2898 6222
0b001701 0b001001 10196 100 131072 1124691 13975 2898 7175
0b001d01 0b001e01 10194 100 131072 1114418 24231 2898 5725
0b001301 0b001401 10197 100 131072 1121808 16939 2898 7171
0b001c01 0b001d01 10196 100 131072 1121435 17302 2898 7644
0b001701 0b001001 10197 100 131072 1124824 14019 2898 5239
0b001f01 0b001801 10195 100 131072 1115782 23173 2898 6703
0b001601 0b001701 10197 100 131072 1122678 16271 2898 5718
0b001e01 0b001f01 10197 100 131072 1124967 14214 2898 6702
0b001101 0b001a01 10028 100 131072 1130184 9107 6838 5249
0b001501 0b001601 10196 100 131072 1116274 23057 2898 6213
0b001701 0b001001 10198 100 131072 1125441 13955 2898 6215
0b001301 0b001401 10198 100 131072 1123617 15857 2898 6691
0b001001 0b001101 10196 100 131072 1117955 21531 2898 5712
0b000701 0b000001 10046 100 131072 1063195 76493 11234 2567
0b000301 0b000401 10046 100 131072 1063195 76493 11234 643
0b000501 0b000601 10046 100 131072 1063187 76501 11234 1605
0b000101 0b000201 10046 100 131072 1063183 76505 11234 3521
0b000701 0b000001 10047 100 131072 1063205 76484 11234 2583
0b000301 0b000401 10047 100 131072 1063205 76484 11234 659
0b000501 0b000601 10047 100 131072 1063197 76492 11234 1621
0b000101 0b000201 10047 100 131072 1063193 76496 11234 3537
0b001b01 0b001c01 10196 100 131072 1119774 19925 2898 7179
0b001701 0b001001 10199 100 131072 1126300 13559 2898 5255
0b001901 0b001201 10028 100 131072 1130867 9108 6838 5257
0b001f01 0b001801 10196 100 131072 1116929 23107 2898 7183
0b000001 0b000101 10032 100 131072 815066 325358 11234 2912
0b000401 0b000501 10032 100 131072 815404 325024 11234 3396
0b000001 0b000101 10033 100 131072 815067 325361 11234 2432
0b000401 0b000501 10033 100 131072 815408 325024 11234 2916
0b000001 0b000101 10034 100 131072 815068 325364 11234 1952
0b000401 0b000501 10034 100 131072 815416 325020 11234 996
0b000001 0b000101 10035 100 131072 815069 325367 11234 1472
0b000401 0b000501 10035 100 131072 815441 324999 11234 516
0b000001 0b000101 10036 100 131072 815070 325370 11234 992
0b000201 0b000301 10032 100 131072 815228 325212 11234 34
0b000601 0b000701 10032 100 131072 815418 325022 11234 38
0b000401 0b000501 10036 100 131072 815442 325002 11234 36
0b000201 0b000301 10033 100 131072 815232 325212 11234 3394
0b000601 0b000701 10033 100 131072 815420 325024 11234 1958
0b000201 0b000301 10034 100 131072 815236 325212 11234 2914
0b000601 0b000701 10034 100 131072 815421 325027 11234 1478
0b000201 0b000301 10035 100 131072 815240 325212 11234 2434
0b000601 0b000701 10035 100 131072 815422 325030 11234 998
0b000201 0b000301 10036 100 131072 815265 325191 11234 1954
0b000601 0b000701 10036 100 131072 815424 325032 11234 518
0b000001 0b000101 10037 100 131072 823286 317398 11234 3536
0b000401 0b000501 10037 100 131072 823286 317402 11234 1620
0b000201 0b000301 10037 100 131072 823286 317414 11234 658
0b000601 0b000701 10037 100 131072 823286 317414 11234 2582
0b001301 0b001c01 10028 100 131072 1134163 6852 6838 6211
0b000001 0b000101 10038 100 131072 835826 305242 11234 2928
0b001d01 0b001e01 10195 100 131072 1117477 23549 2898 5741
0b000401 0b000501 10038 100 131072 835826 305246 11234 1012
0b000201 0b000301 10038 100 131072 835826 305258 11234 50
0b000601 0b000701 10038 100 131072 835826 305258 11234 1974
0b001301 0b001401 10199 100 131072 1126878 14225 2898 4291
0b001a01 0b001b01 10196 100 131072 1122464 18680 2898 6202
0b001101 0b001201 10199 100 131072 1131417 10162 2898 4289
0b001b01 0b001c01 10197 100 131072 1121866 19750 2898 6683
0b001501 0b001601 10197 100 131072 1119093 22527 2898 5253
0b001201 0b001b01 10028 100 131072 1134766 6950 6838 5730
0b001901 0b001a01 10196 100 131072 1120512 21512 2898 5721
0b001c01 0b001d01 10197 100 131072 1124234 18512 2898 4764
0b001d01 0b001e01 10196 100 131072 1119988 23043 2898 7645
0b001401 0b001501 10197 100 131072 1126450 16594 2898 4292
0b001401 0b001501 10198 100 131072 1126451 16594 2898 4772
0b001001 0b001901 10028 100 131072 1136763 6877 6838 4768
0b001501 0b001601 10198 100 131072 1121980 21757 2898 7637
0b001c01 0b001d01 10198 100 131072 1125181 18952 2898 5740
0b001001 0b001101 10197 100 131072 1121918 22257 2898 7648
0b001d01 0b001e01 10197 100 131072 1121861 22559 2898 6221
0b001f01 0b001801 10197 100 131072 1122718 21785 2898 4767
0b001101 0b001201 10200 100 131072 1135141 9521 2898 4769
0b001201 0b001301 10197 100 131072 1123338 21495 2898 7650
0b001c01 0b001d01 10199 100 131072 1125800 19104 2898 4780
0b001e01 0b001f01 10198 100 131072 1129196 15712 2898 4766
0b001801 0b001901 10196 100 131072 1127473 17447 2898 4296
0b001801 0b001901 10197 100 131072 1127541 17578 2898 6680
0b001501 0b001601 10199 100 131072 1124557 20611 2898 4293
0b001b01 0b001c01 10198 100 131072 1125413 19834 2898 4299
0b001901 0b001a01 10197 100 131072 1124869 20592 2898 4297
0b001d01 0b001e01 10198 100 131072 1123534 21945 2898 4301
0b001901 0b001a01 10198 100 131072 1125090 20482 2898 7177
0b001a01 0b001b01 10197 100 131072 1125087 20619 2898 7642
0b001201 0b001301 10198 100 131072 1123889 21825 2898 7170
0b001f01 0b001801 10198 100 131072 1124216 21522 2898 5263
0b001901 0b001a01 10199 100 131072 1125709 20216 2898 6217
0b001f01 0b001801 10199 100 131072 1125140 21127 2898 7663
0b001b01 0b001c01 10199 100 131072 1126802 19768 2898 6699
0b001901 0b001a01 10200 100 131072 1127502 19084 2898 4777
0b001601 0b001701 10198 100 131072 1127521 19137 2898 4774
0b001801 0b001901 10198 100 131072 1128136 18593 2898 5736
0b001c01 0b001d01 10200 100 131072 1127783 19106 2898 4300
0b001a01 0b001b01 10198 100 131072 1125970 20973 2898 4778
0b001601 0b001701 10199 100 131072 1127698 19313 2898 5254
0b001001 0b001101 10198 100 131072 1123813 23443 2898 6208
0b001901 0b001a01 10201 100 131072 1130272 17241 2898 7193
0b001e01 0b001f01 10199 100 131072 1130958 16593 2898 4302
0b001f01 0b001801 10200 100 131072 1127169 20421 2898 6223
0b001301 0b001401 10200 100 131072 1135926 11716 2898 5251
0b001901 0b001a01 10202 100 131072 1131266 16512 2898 5737
0b001201 0b001301 10199 100 131072 1125388 22527 2898 6690
0b001501 0b001601 10200 100 131072 1129403 18802 2898 5269
0b001d01 0b001e01 10199 100 131072 1127857 20529 2898 5261
0b001401 0b001501 10199 100 131072 1129644 18750 2898 7652
0b001401 0b001d01 10028 100 131072 1140609 7911 6838 6692
0b001a01 0b001b01 10199 100 131072 1127511 21042 2898 7178
0b001001 0b001101 10199 100 131072 1124808 23835 2898 5728
0b001701 0b001001 10200 100 131072 1136894 11902 2898 7191
0b001f01 0b001801 10201 100 131072 1129329 19582 2898 7199
0b001401 0b001501 10200 100 131072 1130195 18860 2898 5732
0b001801 0b001901 10199 100 131072 1129127 19939 2898 6696
0b001101 0b001201 10201 100 131072 1139320 9835 2898 7185
0b001801 0b001901 10200 100 131072 1129306 20069 2898 7656
0b001e01 0b001f01 10200 100 131072 1132369 17011 2898 4782
0b001e01 0b001f01 10201 100 131072 1132524 16989 2898 5262
0b001b01 0b001c01 10200 100 131072 1130835 18864 2898 5259
0b001501 0b001601 10201 100 131072 1131856 17894 2898 6693
0b000101 0b000a01 10003 100 131072 1143450 6839 6838 1009
0b000701 0b000801 10003 100 131072 1143450 6902 6838 55
0b001001 0b001101 10200 100 131072 1126397 23833 2898 6688
0b001401 0b001501 10201 100 131072 1131716 18550 2898 6212
0b001201 0b001301 10200 100 131072 1127135 23159 2898 5250
0b001b01 0b001c01 10201 100 131072 1131848 18578 2898 5739
0b001701 0b001001 10201 100 131072 1138875 11968 2898 4775
0b001101 0b001201 10202 100 131072 1141257 10035 2898 6689
0b001301 0b001401 10201 100 131072 1139493 11960 2898 7651
0b001401 0b001d01 10029 100 131072 1142484 9243 6838 6708
0b000501 0b000e01 10003 100 131072 1143442 8709 6838 2933
0b001a01 0b001301 10028 100 131072 1145034 6928 6838 5738
0b001a01 0b001b01 10200 100 131072 1130065 21944 2898 7658
0b001301 0b001401 10202 100 131072 1139905 12209 2898 5731
0b001401 0b001501 10202 100 131072 1134290 17829 2898 4788
0b001501 0b001601 10202 100 131072 1136186 15989 2898 7653
0b001c01 0b001d01 10201 100 131072 1133572 18712 2898 7660
0b001801 0b001901 10201 100 131072 1131289 21057 2898 5256
0b000101 0b000201 10048 100 131072 1105224 47264 11234 177
0b000501 0b000601 10048 100 131072 1105648 46841 11234 2101
0b000001 0b000101 10039 100 131072 850727 301818 11234 2944
0b000401 0b000501 10039 100 131072 850727 301822 11234 1028
0b000601 0b000701 10039 100 131072 850727 301830 11234 1990
0b001b01 0b001c01 10202 100 131072 1134910 17653 2898 4315
0b000201 0b000301 10039 100 131072 850727 301842 11234 66
0b000301 0b000401 10048 100 131072 1108707 43877 11234 1139
0b000701 0b000001 10048 100 131072 1108680 43904 11234 3063
0b000301 0b000c01 10003 100 131072 1143466 9169 6838 1971
0b001101 0b001201 10203 100 131072 1142496 10205 2898 5729
0b000001 0b000101 10040 100 131072 865118 287831 11234 2960
0b000401 0b000501 10040 100 131072 865118 287835 11234 1044
0b000601 0b000701 10040 100 131072 865118 287843 11234 2006
0b000201 0b000301 10040 100 131072 865118 287855 11234 82
0b001c01 0b001501 10028 100 131072 1144626 8414 6838 6700
0b001b01 0b001401 10028 100 131072 1144154 9270 6838 6219
0b001301 0b001401 10203 100 131072 1141192 12243 2898 4307
0b001d01 0b001e01 10200 100 131072 1132081 21412 2898 5277
0b001d01 0b001e01 10201 100 131072 1132257 21413 2898 6701
0b001601 0b001701 10200 100 131072 1132851 20965 2898 5734
0b000001 0b000101 10041 100 131072 899334 254635 11234 3552
0b000401 0b000501 10041 100 131072 898830 255311 11234 1636
0b001f01 0b001801 10202 100 131072 1137941 16145 2898 5743
0b001001 0b001101 10201 100 131072 1130548 23535 2898 4288
0b001201 0b001301 10201 100 131072 1131089 23082 2898 4770
0b001a01 0b001b01 10201 100 131072 1132096 22202 2898 6698
0b001801 0b001101 10028 100 131072 1147513 6879 6838 4776
0b001701 0b001001 10202 100 131072 1140747 13949 2898 7655
0b001501 0b001601 10203 100 131072 1139377 15329 2898 4773
0b000601 0b000701 10041 100 131072 898914 255991 11234 2598
0b001001 0b001101 10202 100 131072 1131922 23088 2898 6704
0b001e01 0b001701 10028 100 131072 1146041 9033 6838 7662
0b001701 0b001001 10203 100 131072 1141187 14126 2898 6231
0b000201 0b000301 10041 100 131072 898641 257284 11234 674
0b001601 0b001f01 10028 100 131072 1146747 8974 6838 7654
0b001701 0b001001 10204 100 131072 1141959 13883 2898 5735
0b001c01 0b001d01 10202 100 131072 1137535 18426 2898 4796
0b000a01 0b000b01 10052 100 131072 1153299 2876 2898 1034
0b000801 0b000901 10052 100 131072 1153362 2876 2898 72
0b001c01 0b001501 10029 100 131072 1149580 6899 6838 6716
0b001b01 0b001c01 10203 100 131072 1140105 16445 2898 5275
0b001a01 0b001b01 10202 100 131072 1134406 22203 2898 6218
0b001f01 0b001801 10203 100 131072 1141640 15197 2898 6239
0b001c01 0b001d01 10203 100 131072 1138702 18186 2898 7180
0b001f01 0b001801 10204 100 131072 1142191 14911 2898 6719
0b001e01 0b001f01 10202 100 131072 1140238 17002 2898 7198
0b001a01 0b001b01 10203 100 131072 1135639 21916 2898 7674
0b001f01 0b001001 10029 100 131072 1150561 7039 6838 4319
0b001a01 0b001301 10029 100 131072 1150788 6876 6838 5754
0b000e01 0b000f01 10052 100 131072 1155161 2876 2898 2958
0b001401 0b001501 10203 100 131072 1141492 16460 2898 7172
0b001901 0b001a01 10203 100 131072 1146650 11366 2898 4793
0b001401 0b001501 10204 100 131072 1141757 16328 2898 7188
0b001601 0b001701 10201 100 131072 1136154 21933 2898 6694
0b000c01 0b000d01 10052 100 131072 1155645 2876 2898 1996
0b001101 0b001201 10204 100 131072 1147185 11175 2898 7665
0b001601 0b001701 10202 100 131072 1136331 22109 2898 4294
0b001801 0b001901 10202 100 131072 1136768 22119 2898 6216
0b001e01 0b001f01 10203 100 131072 1141659 17298 2898 5742
0b001c01 0b001d01 10204 100 131072 1142709 17040 2898 7196
0b001201 0b001301 10202 100 131072 1136197 23587 2898 6210
0b001401 0b001501 10205 100 131072 1144113 15733 2898 4308
0b001f01 0b001801 10205 100 131072 1147918 12313 2898 4783
0b001c01 0b001d01 10205 100 131072 1144025 16517 2898 6236
0b001701 0b001001 10205 100 131072 1149668 11041 2898 4791
0b001b01 0b001c01 10204 100 131072 1144726 16007 2898 5755
0b001001 0b001901 10029 100 131072 1153853 6897 6838 4784
0b001701 0b001001 10206 100 131072 1150021 10887 2898 5271
0b001e01 0b001f01 10204 100 131072 1144036 16902 2898 5758
0b001801 0b001901 10203 100 131072 1139121 22058 2898 4312
0b001901 0b001a01 10204 100 131072 1147930 13632 2898 4313
0b001601 0b001701 10203 100 131072 1139258 22421 2898 5750
0b001501 0b001601 10204 100 131072 1146054 15633 2898 4309
0b001501 0b001601 10205 100 131072 1146055 15633 2898 4789
0b001a01 0b001b01 10204 100 131072 1142301 19439 2898 5274
0b000b01 0b000c01 10053 100 131072 1159185 2876 2898 1051
0b001d01 0b001e01 10202 100 131072 1140404 21481 2898 6237
0b000901 0b000a01 10053 100 131072 1159248 2876 2898 89
0b001901 0b001a01 10205 100 131072 1148129 13786 2898 6697
0b001601 0b001f01 10029 100 131072 1155185 6865 6838 7670
0b001601 0b001701 10204 100 131072 1139795 22413 2898 7190
0b001901 0b001201 10029 100 131072 1155356 6924 6838 5273
0b001301 0b001401 10204 100 131072 1147843 14485 2898 7667
0b001001 0b001101 10203 100 131072 1141475 21002 2898 4304
0b001001 0b001101 10204 100 131072 1141676 20934 2898 7184
0b001201 0b001b01 10029 100 131072 1155711 6900 6838 5746
0b001c01 0b001d01 10206 100 131072 1148257 14466 2898 4316
0b001001 0b001101 10205 100 131072 1141853 20868 2898 5248
0b001101 0b001201 10205 100 131072 1150266 12501 2898 6225
0b001001 0b001101 10206 100 131072 1142406 20580 2898 6224
0b001d01 0b001e01 10203 100 131072 1141747 21373 2898 7661
0b001e01 0b001f01 10205 100 131072 1147430 15713 2898 6238
0b001001 0b001101 10207 100 131072 1142869 20250 2898 5264
0b001801 0b001901 10204 100 131072 1141965 21348 2898 6712
0b001301 0b001401 10205 100 131072 1148724 14705 2898 7187
0b001e01 0b001f01 10206 100 131072 1148489 15183 2898 4318
0b001201 0b001301 10203 100 131072 1139852 23787 2898 7666
0b001201 0b001301 10204 100 131072 1139853 23787 2898 6226
0b000f01 0b000801 10053 100 131072 1161047 2876 2898 2975
0b001f01 0b001801 10206 100 131072 1152390 11544 2898 4799
0b001801 0b001901 10205 100 131072 1143046 20911 2898 7192
0b001601 0b001701 10205 100 131072 1142341 21628 2898 6230
0b001901 0b001a01 10206 100 131072 1149739 14249 2898 5753
0b001f01 0b001801 10207 100 131072 1152523 11478 2898 5279
0b001401 0b001501 10206 100 131072 1150652 13511 2898 5268
0b000d01 0b000e01 10053 100 131072 1161531 2876 2898 2013
0b001c01 0b001d01 10207 100 131072 1152709 11555 2898 5276
0b001b01 0b001c01 10205 100 131072 1148716 15629 2898 7659
0b001101 0b001201 10206 100 131072 1151653 12703 2898 5745
0b001c01 0b001d01 10208 100 131072 1153436 10941 2898 5756
0b001201 0b001301 10205 100 131072 1141572 23171 2898 7186
0b001e01 0b001f01 10207 100 131072 1151396 13354 2898 5278
0b001601 0b001701 10206 100 131072 1144630 20505 2898 5270
0b001301 0b001401 10206 100 131072 1150925 14271 2898 6707
0b001b01 0b001c01 10206 100 131072 1149953 15277 2898 4795
0b001a01 0b001b01 10205 100 131072 1148471 16817 2898 4314
0b001a01 0b001b01 10206 100 131072 1148582 16728 2898 7194
0b001201 0b001301 10206 100 131072 1142985 22375 2898 5266
0b001a01 0b001b01 10207 100 131072 1148935 16574 2898 6234
0b001a01 0b001b01 10208 100 131072 1149596 16046 2898 4794
0b001e01 0b001f01 10208 100 131072 1156680 8993 2898 6718
0b001101 0b001201 10207 100 131072 1153240 12437 2898 6705
0b001901 0b001a01 10207 100 131072 1152076 13674 2898 6713
0b001201 0b001301 10207 100 131072 1144589 21236 2898 4306
0b001901 0b001a01 10208 100 131072 1152385 13454 2898 7673
0b001501 0b001601 10206 100 131072 1151404 14599 2898 7669
0b001701 0b001001 10207 100 131072 1156826 9261 2898 5751
0b001b01 0b001c01 10207 100 131072 1151563 14596 2898 7195
0b001501 0b001601 10207 100 131072 1152065 14335 2898 5749
0b001b01 0b001401 10029 100 131072 1159619 6865 6838 6235
0b001601 0b001701 10207 100 131072 1148178 18261 2898 4310
0b001201 0b001301 10208 100 131072 1147672 18814 2898 4786
0b001d01 0b001e01 10204 100 131072 1145756 20874 2898 4781
0b001301 0b001401 10207 100 131072 1153304 13483 2898 5267
0b001401 0b001501 10207 100 131072 1154463 12345 2898 7668
0b001801 0b001901 10206 100 131072 1148748 18091 2898 5272
0b001f01 0b001801 10208 100 131072 1158731 8121 2898 7679
0b001501 0b001601 10208 100 131072 1153276 13611 2898 6229
0b001701 0b001001 10208 100 131072 1158084 8842 2898 7671
0b001801 0b001901 10207 100 131072 1149277 17761 2898 7672
0b001401 0b001501 10208 100 131072 1155124 11949 2898 5748
0b001001 0b001101 10208 100 131072 1157706 9510 2898 7664
0b001201 0b001301 10209 100 131072 1154302 12977 2898 6706
0b001401 0b001501 10209 100 131072 1156434 10860 2898 6228
0b001501 0b001601 10209 100 131072 1156050 11295 2898 6709
0b001001 0b001101 10209 100 131072 1158852 8541 2898 5744
0b001801 0b001901 10208 100 131072 1150600 16856 2898 6232
0b001b01 0b001c01 10208 100 131072 1155019 12461 2898 7675
0b001101 0b001201 10208 100 131072 1157093 10471 2898 4305
0b001301 0b001401 10208 100 131072 1154972 12607 2898 5747
0b001601 0b001701 10208 100 131072 1152760 14834 2898 6710
0b001101 0b001201 10209 100 131072 1157402 10227 2898 4785
0b001901 0b001a01 10209 100 131072 1161897 5730 2898 6233
0b001701 0b001001 10209 100 131072 1161097 6669 2898 6711
0b001d01 0b001e01 10205 100 131072 1147143 20659 2898 5757
0b001f01 0b001801 10209 100 131072 1161967 5858 2898 5759
0b000c01 0b000d01 10053 100 131072 1165071 2876 2898 1068
0b001301 0b001401 10209 100 131072 1157181 10820 2898 4787
0b000a01 0b000b01 10053 100 131072 1165134 2876 2898 106
0b001b01 0b001c01 10209 100 131072 1157308 10612 2898 6715
0b001601 0b001701 10209 100 131072 1157716 10440 2898 4790
0b001801 0b001901 10209 100 131072 1157096 11118 2898 5752
0b001d01 0b001e01 10206 100 131072 1147914 20329 2898 4797
0b001a01 0b001b01 10209 100 131072 1164925 3343 2898 6714
0b001701 0b001801 10029 100 131072 1161450 6854 6838 4311
0b001d01 0b001601 10029 100 131072 1159898 8520 6838 7197
0b001d01 0b001e01 10207 100 131072 1149899 19137 2898 4317
0b001501 0b001e01 10029 100 131072 1160962 8558 6838 7189
0b001301 0b001c01 10029 100 131072 1162794 6820 6838 6227
0b001d01 0b001e01 10208 100 131072 1151530 17924 2898 6717
0b000801 0b000901 10053 100 131072 1166933 2876 2898 2984
0b001d01 0b001e01 10209 100 131072 1155294 14687 2898 7677
0b001801 0b001101 10029 100 131072 1163241 6977 6838 4792
0b000e01 0b000f01 10053 100 131072 1167417 2876 2898 2030
0b001c01 0b001d01 10209 100 131072 1167355 2995 2898 7676
0b001101 0b001a01 10029 100 131072 1165731 6932 6838 5265
0b001e01 0b001f01 10209 100 131072 1169640 2885 2898 4798
0b001e01 0b001701 10029 100 131072 1166130 6885 6838 7678
0b000d01 0b000e01 10054 100 131072 1170957 2876 2898 1085
0b000b01 0b000c01 10054 100 131072 1171020 2876 2898 123
0b000901 0b000a01 10054 100 131072 1172819 2876 2898 3001
0b000f01 0b000801 10054 100 131072 1173303 2876 2898 2047
0b000e01 0b000f01 10054 100 131072 1176843 2876 2898 1102
0b000c01 0b000d01 10054 100 131072 1176906 2876 2898 140
0b000a01 0b000b01 10054 100 131072 1178705 2876 2898 3018
0b000801 0b000901 10054 100 131072 1179189 2876 2898 2056
0b000f01 0b000801 10055 100 131072 1182729 2876 2898 1119
0b000d01 0b000e01 10055 100 131072 1182792 2876 2898 157
0b000b01 0b000c01 10055 100 131072 1184591 2876 2898 3035
0b000901 0b000a01 10055 100 131072 1185075 2876 2898 2073
0b000801 0b000901 10055 100 131072 1188615 2876 2898 1128
0b000e01 0b000f01 10055 100 131072 1188678 2876 2898 174
0b000c01 0b000d01 10055 100 131072 1190477 2876 2898 3052
0b000a01 0b000b01 10055 100 131072 1190961 2876 2898 2090
0b000901 0b000201 10011 100 131072 1194501 15083 15174 1145
0b000f01 0b000001 10011 100 131072 1194564 15083 15174 191
0b000d01 0b000601 10011 100 131072 1196363 15083 15174 3069
0b000b01 0b000401 10011 100 131072 1196847 15083 15174 2107
0b000301 0b000401 10049 100 131072 1143450 83610 11234 51
0b000301 0b000401 10050 100 131072 1143454 83607 11234 3411
0b000301 0b000401 10051 100 131072 1143458 83604 11234 2931
0b000301 0b000401 10052 100 131072 1143462 83601 11234 2451
0b000701 0b000001 10049 100 131072 1143454 84222 11234 1975
0b000701 0b000001 10050 100 131072 1143458 84219 11234 1495
0b000701 0b000001 10051 100 131072 1143462 84216 11234 1015
0b000701 0b000001 10052 100 131072 1143466 84213 11234 535
0b000501 0b000601 10049 100 131072 1143438 84488 11234 3413
0b000501 0b000601 10050 100 131072 1143446 84484 11234 1013
0b000501 0b000601 10051 100 131072 1143450 84505 11234 533
0b000501 0b000601 10052 100 131072 1143454 84502 11234 53
0b000101 0b000201 10049 100 131072 1143434 84580 11234 2929
0b000101 0b000201 10050 100 131072 1143438 84580 11234 2449
0b000101 0b000201 10051 100 131072 1143442 84601 11234 1969
0b000101 0b000201 10052 100 131072 1143446 84598 11234 1489
0b000301 0b000401 10053 100 131072 1143710 84686 11234 675
0b000701 0b000001 10053 100 131072 1143710 84862 11234 2599
0b000501 0b000601 10053 100 131072 1143698 85581 11234 1637
0b000101 0b000201 10053 100 131072 1143694 85586 11234 3553
0b000301 0b000401 10054 100 131072 1144094 85278 11234 67
0b000701 0b000001 10054 100 131072 1144094 85806 11234 1991
0b000501 0b000601 10054 100 131072 1144082 86174 11234 1029
0b000101 0b000201 10054 100 131072 1144078 86266 11234 2945
0b000401 0b000d01 10004 100 131072 1230073 15078 15174 2468
0b000001 0b000901 10004 100 131072 1230689 15078 15174 544
0b000601 0b000f01 10004 100 131072 1230936 15078 15174 3430
0b000201 0b000b01 10004 100 131072 1231054 15078 15174 1506
0b000d01 0b000e01 10056 100 131072 1248161 2876 2898 2493
0b000901 0b000a01 10056 100 131072 1248777 2876 2898 569
0b000f01 0b000801 10056 100 131072 1249024 2876 2898 3455
0b000b01 0b000c01 10056 100 131072 1249142 2876 2898 1531
0b000301 0b000401 10055 100 131072 1155579 96801 11234 83
0b000701 0b000001 10055 100 131072 1155567 97341 11234 2007
0b000301 0b000401 10056 100 131072 1155983 96925 11234 99
0b000501 0b000601 10055 100 131072 1155559 97621 11234 1045
0b000101 0b000201 10055 100 131072 1155555 97713 11234 2961
0b000701 0b000001 10056 100 131072 1155971 97385 11234 2023
0b000501 0b000601 10056 100 131072 1155963 97749 11234 1061
0b000101 0b000201 10056 100 131072 1155959 97841 11234 2977
0b000501 0b000601 10057 100 131072 1157151 97177 11234 1653
0b000101 0b000201 10057 100 131072 1156979 97349 11234 3569
0b000701 0b000001 10057 100 131072 1157915 96413 11234 2615
0b000301 0b000401 10057 100 131072 1158935 95393 11234 691
0b000401 0b000501 10042 100 131072 968709 287617 11234 3412
0b000001 0b000101 10042 100 131072 968709 287617 11234 2448
0b000401 0b000501 10043 100 131072 968710 287620 11234 2932
0b000001 0b000101 10043 100 131072 968710 287620 11234 1968
0b000401 0b000501 10044 100 131072 968712 287622 11234 532
0b000001 0b000101 10044 100 131072 968711 287623 11234 1488
0b000401 0b000501 10045 100 131072 968713 287625 11234 52
0b000001 0b000101 10045 100 131072 968712 287626 11234 1008
0b000601 0b000701 10042 100 131072 968710 287628 11234 1494
0b000601 0b000701 10043 100 131072 968711 287631 11234 1014
0b000601 0b000701 10044 100 131072 968712 287634 11234 534
0b000601 0b000701 10045 100 131072 968713 287637 11234 54
0b000601 0b000701 10046 100 131072 970394 285960 11234 3062
0b000201 0b000301 10042 100 131072 968709 287645 11234 3410
0b000601 0b000701 10047 100 131072 970493 285865 11234 2022
0b000201 0b000301 10043 100 131072 968710 287648 11234 2930
0b000201 0b000301 10044 100 131072 968711 287651 11234 2450
0b000201 0b000301 10045 100 131072 968712 287654 11234 1970
0b000201 0b000301 10046 100 131072 969999 286371 11234 1138
0b000201 0b000301 10047 100 131072 970493 285881 11234 98
0b000401 0b000501 10046 100 131072 970493 285925 11234 1060
0b000001 0b000101 10046 100 131072 970493 285925 11234 2976
0b000401 0b000501 10047 100 131072 971411 285011 11234 2100
0b000001 0b000101 10047 100 131072 972601 283893 11234 176
0b000401 0b000501 10048 100 131072 982874 273960 11234 548
0b000001 0b000101 10048 100 131072 982874 273964 11234 2464
0b000601 0b000701 10048 100 131072 982874 273964 11234 1510
0b000201 0b000301 10048 100 131072 982874 273980 11234 3426
0b000e01 0b000f01 10056 100 131072 1254047 2876 2898 2510
0b000a01 0b000b01 10056 100 131072 1254663 2876 2898 586
0b000801 0b000901 10056 100 131072 1254910 2876 2898 3464
0b000c01 0b000d01 10056 100 131072 1255028 2876 2898 1548
0b000f01 0b000801 10057 100 131072 1259933 2876 2898 2527
0b000b01 0b000c01 10057 100 131072 1260549 2876 2898 603
0b000901 0b000a01 10057 100 131072 1260796 2876 2898 3481
0b000d01 0b000e01 10057 100 131072 1260914 2876 2898 1565
0b000501 0b000e01 10004 100 131072 1259340 6820 6838 2949
0b000101 0b000a01 10004 100 131072 1259348 6820 6838 1025
0b000701 0b000801 10004 100 131072 1259360 6820 6838 71
0b000301 0b000c01 10004 100 131072 1259376 6820 6838 1987
0b000801 0b000901 10057 100 131072 1265819 2876 2898 2536
0b000c01 0b000d01 10057 100 131072 1266435 2876 2898 620
0b000a01 0b000b01 10057 100 131072 1266682 3149 2898 3498
0b000e01 0b000f01 10057 100 131072 1266800 3275 2898 1582
0b000c01 0b000d01 10058 100 131072 1269206 2876 2898 2012
0b000801 0b000901 10058 100 131072 1269190 2897 2898 88
0b000a01 0b000b01 10058 100 131072 1269178 3171 2898 1050
0b000e01 0b000f01 10058 100 131072 1269170 3267 2898 2974
0b000901 0b000a01 10058 100 131072 1271705 2903 2898 2553
0b000d01 0b000e01 10058 100 131072 1272321 2879 2898 637
0b000401 0b000501 10049 100 131072 1021646 254361 11234 564
0b000b01 0b000c01 10058 100 131072 1272841 3128 2898 3515
0b000601 0b000701 10049 100 131072 1021646 254421 11234 1526
0b000001 0b000101 10049 100 131072 1021646 254773 11234 2480
0b000f01 0b000801 10058 100 131072 1273085 3275 2898 1599
0b000201 0b000301 10049 100 131072 1021646 256545 11234 3442
0b000d01 0b000e01 10059 100 131072 1275092 2876 2898 2029
0b000901 0b000a01 10059 100 131072 1275097 2903 2898 105
0b000b01 0b000c01 10059 100 131072 1275359 3167 2898 1067
0b000f01 0b000801 10059 100 131072 1275447 3318 2898 2991
0b000a01 0b000b01 10059 100 131072 1277618 2915 2898 2570
0b000e01 0b000f01 10059 100 131072 1278210 2898 2898 654
0b000c01 0b000d01 10059 100 131072 1278979 3086 2898 3532
0b000801 0b000901 10059 100 131072 1279370 3233 2898 1608
0b000401 0b000501 10050 100 131072 1022640 261527 11234 1076
0b000e01 0b000f01 10060 100 131072 1280978 2883 2898 2046
0b000a01 0b000b01 10060 100 131072 1281010 2893 2898 122
0b000601 0b000701 10050 100 131072 1022640 261587 11234 2038
0b000001 0b000101 10050 100 131072 1022640 261939 11234 2992
0b000c01 0b000d01 10060 100 131072 1281536 3156 2898 1084
0b000801 0b000901 10060 100 131072 1281775 3315 2898 3000
0b000201 0b000301 10050 100 131072 1022640 263711 11234 114
0b000b01 0b000c01 10060 100 131072 1283543 2925 2898 2587
0b000f01 0b000801 10060 100 131072 1284118 2916 2898 671
0b000d01 0b000e01 10060 100 131072 1285075 3002 2898 3549
0b000901 0b000a01 10060 100 131072 1285613 3149 2898 1625
0b000f01 0b000801 10061 100 131072 1286871 2916 2898 2063
0b000b01 0b000c01 10061 100 131072 1286913 2876 2898 139
0b000d01 0b000e01 10061 100 131072 1287702 3002 2898 1101
0b000901 0b000a01 10061 100 131072 1288100 3142 2898 3017
0b000401 0b000501 10051 100 131072 1025024 266879 11234 580
0b000601 0b000701 10051 100 131072 1025024 267023 11234 1542
0b000001 0b000101 10051 100 131072 1025024 267375 11234 2496
0b000201 0b000301 10051 100 131072 1025024 269147 11234 3458
0b000801 0b000901 10061 100 131072 1292797 2876 2898 2072
0b000c01 0b000d01 10061 100 131072 1292799 2876 2898 156
0b000c01 0b000501 10012 100 131072 1289478 6820 6838 2604
0b000e01 0b000f01 10061 100 131072 1293714 2876 2898 1118
0b000801 0b000101 10012 100 131072 1290044 6820 6838 680
0b000a01 0b000b01 10061 100 131072 1294252 2876 2898 3034
0b000e01 0b000701 10012 100 131072 1291087 6820 6838 3566
0b000a01 0b000301 10012 100 131072 1291772 6820 6838 1642
0b000901 0b000a01 10062 100 131072 1298683 2876 2898 2089
0b000d01 0b000e01 10062 100 131072 1298685 2876 2898 173
0b000f01 0b000801 10062 100 131072 1299600 2876 2898 1135
0b000b01 0b000c01 10062 100 131072 1300138 2876 2898 3051
0b000401 0b000501 10052 100 131072 1028552 278223 11234 1092
0b000601 0b000701 10052 100 131072 1028552 278283 11234 2054
0b000001 0b000101 10052 100 131072 1028552 278635 11234 3008
0b000a01 0b000b01 10062 100 131072 1304569 2876 2898 2106
0b000e01 0b000f01 10062 100 131072 1304571 2876 2898 190
0b000801 0b000901 10062 100 131072 1305486 2876 2898 1144
0b000c01 0b000d01 10062 100 131072 1306024 2876 2898 3068
0b000201 0b000301 10052 100 131072 1028552 280491 11234 130
0b000b01 0b000401 10012 100 131072 1310455 15083 15174 2123
0b000f01 0b000001 10012 100 131072 1310457 15083 15174 207
0b000101 0b000201 10058 100 131072 1259336 66304 11234 2465
0b000101 0b000201 10059 100 131072 1259340 66301 11234 1985
0b000101 0b000201 10060 100 131072 1259344 66298 11234 1505
0b000501 0b000601 10058 100 131072 1259336 66392 11234 3429
0b000501 0b000601 10059 100 131072 1259344 66385 11234 549
0b000501 0b000601 10060 100 131072 1259348 66382 11234 69
0b000101 0b000201 10061 100 131072 1259428 66476 11234 2993
0b000701 0b000001 10058 100 131072 1259348 66630 11234 1511
0b000301 0b000401 10058 100 131072 1259364 66614 11234 3427
0b000301 0b000401 10059 100 131072 1259368 66614 11234 2947
0b000501 0b000601 10061 100 131072 1259428 66564 11234 1077
0b000501 0b000601 10062 100 131072 1259432 66562 11234 2117
0b000701 0b000001 10059 100 131072 1259352 66651 11234 1031
0b000701 0b000001 10060 100 131072 1259356 66648 11234 551
0b000701 0b000001 10061 100 131072 1259364 66641 11234 3079
0b000701 0b000001 10062 100 131072 1259368 66638 11234 2039
0b000301 0b000401 10060 100 131072 1259372 66635 11234 2467
0b000301 0b000401 10061 100 131072 1259380 66628 11234 1155
0b000301 0b000401 10062 100 131072 1259384 66625 11234 115
0b000901 0b000201 10012 100 131072 1311372 15083 15174 1161
0b000101 0b000201 10062 100 131072 1259504 66596 11234 193
0b000701 0b000001 10063 100 131072 1259848 66516 11234 1527
0b000101 0b000201 10063 100 131072 1259848 66516 11234 2481
0b000501 0b000601 10063 100 131072 1259844 66520 11234 565
0b000301 0b000401 10063 100 131072 1259864 66500 11234 3443
0b000d01 0b000601 10012 100 131072 1311910 15083 15174 3085
0b000501 0b000601 10064 100 131072 1279017 58623 11234 581
0b000701 0b000001 10064 100 131072 1279077 58567 11234 1543
0b000101 0b000201 10064 100 131072 1279429 58215 11234 2497
0b000301 0b000401 10064 100 131072 1281201 56534 11234 3459
0b000201 0b000b01 10005 100 131072 1328652 15078 15174 1522
0b000601 0b000f01 10005 100 131072 1328738 15078 15174 3446
0b000001 0b000901 10005 100 131072 1329014 15078 15174 560
0b000401 0b000d01 10005 100 131072 1329017 15078 15174 2484
0b000501 0b000601 10065 100 131072 1287177 61854 11234 1093
0b000701 0b000001 10065 100 131072 1287237 61798 11234 2055
0b000101 0b000201 10065 100 131072 1287589 61446 11234 3009
0b000301 0b000401 10065 100 131072 1289361 59765 11234 131
0b000b01 0b000c01 10063 100 131072 1346740 2876 2898 1547
0b000f01 0b000801 10063 100 131072 1346826 2876 2898 3471
0b000901 0b000a01 10063 100 131072 1347102 2876 2898 585
0b000d01 0b000e01 10063 100 131072 1347105 2876 2898 2509
0b000c01 0b000d01 10063 100 131072 1352626 2876 2898 1564
0b000801 0b000901 10063 100 131072 1352712 2876 2898 3480
0b000a01 0b000b01 10063 100 131072 1352988 2876 2898 602
0b000e01 0b000f01 10063 100 131072 1352991 2876 2898 2526
0b000401 0b000501 10053 100 131072 1059061 299218 11234 596
0b000001 0b000101 10053 100 131072 1059061 301319 11234 2512
0b000501 0b000601 10066 100 131072 1294913 65482 11234 597
0b000701 0b000001 10066 100 131072 1295057 65342 11234 1559
0b000101 0b000201 10066 100 131072 1295409 64990 11234 2513
0b000401 0b000501 10054 100 131072 1061445 299023 11234 1108
0b000401 0b000501 10055 100 131072 1062065 298407 11234 612
0b000301 0b000401 10066 100 131072 1297181 63309 11234 3475
0b000201 0b000301 10053 100 131072 1059061 301663 11234 3474
0b000601 0b000701 10053 100 131072 1059061 301723 11234 1558
0b000001 0b000101 10054 100 131072 1061445 300107 11234 3024
0b000001 0b000101 10055 100 131072 1062065 299491 11234 2528
0b000d01 0b000e01 10064 100 131072 1358512 2876 2898 1581
0b000901 0b000a01 10064 100 131072 1358598 2876 2898 3497
0b000b01 0b000c01 10064 100 131072 1358874 2876 2898 619
0b000f01 0b000801 10064 100 131072 1358877 2876 2898 2543
0b000e01 0b000f01 10064 100 131072 1364398 2876 2898 1598
0b000201 0b000301 10054 100 131072 1061445 305995 11234 146
0b000a01 0b000b01 10064 100 131072 1364484 2876 2898 3514
0b000201 0b000301 10055 100 131072 1062065 305379 11234 3490
0b000601 0b000701 10054 100 131072 1061445 306055 11234 2070
0b000601 0b000701 10055 100 131072 1062065 305439 11234 1574
0b000c01 0b000d01 10064 100 131072 1364760 2876 2898 636
0b000801 0b000901 10064 100 131072 1364763 2876 2898 2552
0b000501 0b000601 10067 100 131072 1299308 72288 11234 2613
0b000101 0b000201 10067 100 131072 1299874 71726 11234 689
0b000701 0b000001 10067 100 131072 1300917 70778 11234 3575
0b000301 0b000401 10067 100 131072 1301602 70177 11234 1651
0b000401 0b000501 10056 100 131072 1075273 296692 11234 1652
0b000601 0b000701 10056 100 131072 1075277 297856 11234 2614
0b000f01 0b000801 10065 100 131072 1370284 2876 2898 1615
0b000b01 0b000c01 10065 100 131072 1370370 2876 2898 3531
0b000d01 0b000e01 10065 100 131072 1370646 2876 2898 653
0b000901 0b000a01 10065 100 131072 1370649 2876 2898 2569
0b000201 0b000301 10056 100 131072 1075368 298293 11234 690
0b000801 0b000901 10065 100 131072 1376170 2876 2898 1624
0b000c01 0b000d01 10065 100 131072 1376256 2876 2898 3548
0b000001 0b000101 10056 100 131072 1075277 303988 11234 3568
0b000e01 0b000f01 10065 100 131072 1376532 2876 2898 670
0b000a01 0b000b01 10065 100 131072 1376535 2876 2898 2586
0b000501 0b000601 10068 100 131072 1309785 73277 11234 1109
0b000101 0b000201 10068 100 131072 1310197 72957 11234 3025
0b000701 0b000001 10068 100 131072 1309845 73316 11234 2071
0b000301 0b000401 10068 100 131072 1312053 71192 11234 147
0b000001 0b000101 10057 100 131072 1108132 276054 11234 2544
0b000401 0b000501 10057 100 131072 1108132 276058 11234 628
0b000201 0b000301 10057 100 131072 1108576 275626 11234 3506
0b000201 0b000301 10058 100 131072 1108577 275629 11234 162
0b000201 0b000301 10059 100 131072 1108752 275458 11234 178
0b000601 0b000701 10057 100 131072 1108839 275411 11234 1590
0b000601 0b000701 10058 100 131072 1108840 275414 11234 2086
0b000601 0b000701 10059 100 131072 1108850 275408 11234 2102
0b000001 0b000101 10058 100 131072 1108840 275434 11234 3040
0b000401 0b000501 10058 100 131072 1108826 275452 11234 1124
0b000001 0b000101 10059 100 131072 1108850 275428 11234 3056
0b000401 0b000501 10059 100 131072 1108851 275431 11234 1140
0b000901 0b000a01 10066 100 131072 1382056 2876 2898 1641
0b000d01 0b000e01 10066 100 131072 1382142 2876 2898 3565
0b000f01 0b000801 10066 100 131072 1382418 2876 2898 687
0b000b01 0b000c01 10066 100 131072 1382421 2876 2898 2603
0b000a01 0b000301 10013 100 131072 1387942 6820 6838 1658
0b000e01 0b000701 10013 100 131072 1388028 6820 6838 3582
0b000801 0b000101 10013 100 131072 1388304 6820 6838 696
0b000c01 0b000501 10013 100 131072 1388307 6820 6838 2620
0b000001 0b000101 10060 100 131072 1135026 261517 11234 2560
0b000401 0b000501 10060 100 131072 1135026 261521 11234 644
0b000301 0b000401 10069 100 131072 1363734 32897 11234 3491
0b000701 0b000001 10069 100 131072 1363794 32840 11234 1575
0b000501 0b000601 10069 100 131072 1361289 39918 11234 613
0b000201 0b000301 10060 100 131072 1135026 270004 11234 3522
0b000101 0b000201 10069 100 131072 1363390 46105 11234 2529
0b000601 0b000701 10060 100 131072 1135026 275525 11234 1606
0b000401 0b000501 10061 100 131072 1142698 272673 11234 660
0b000401 0b000501 10062 100 131072 1142708 272667 11234 676
0b000001 0b000101 10061 100 131072 1142698 273089 11234 2576
0b000001 0b000101 10062 100 131072 1142708 273083 11234 2592
0b000501 0b000601 10070 100 131072 1363478 55271 11234 1125
0b000501 0b000601 10071 100 131072 1363482 55271 11234 629
0b000101 0b000201 10070 100 131072 1364562 54277 11234 3041
0b000101 0b000201 10071 100 131072 1364566 54274 11234 2545
0b000201 0b000301 10061 100 131072 1142698 276227 11234 3538
0b000201 0b000301 10062 100 131072 1142708 276221 11234 3554
0b000701 0b000001 10070 100 131072 1370510 48491 11234 2087
0b000701 0b000001 10071 100 131072 1370514 48512 11234 1591
0b000301 0b000401 10070 100 131072 1370450 48635 11234 163
0b000301 0b000401 10071 100 131072 1370454 48656 11234 3507
0b000601 0b000701 10061 100 131072 1142698 276699 11234 1622
0b000601 0b000701 10062 100 131072 1142708 276693 11234 1638
0b000501 0b000601 10072 100 131072 1374975 55152 11234 1669
0b000301 0b000401 10072 100 131072 1376671 53532 11234 707
0b000701 0b000001 10072 100 131072 1376143 54079 11234 2631
0b000101 0b000201 10072 100 131072 1382275 48199 11234 3585
0b000401 0b000501 10063 100 131072 1155594 275832 11234 1156
0b000601 0b000701 10063 100 131072 1155499 275987 11234 2118
0b000001 0b000101 10063 100 131072 1155594 276416 11234 3072
0b000201 0b000301 10063 100 131072 1155498 279132 11234 194
0b000501 0b000601 10073 100 131072 1387200 76064 11234 645
0b000101 0b000201 10073 100 131072 1387196 76072 11234 2561
0b000101 0b000201 10074 100 131072 1387284 76688 11234 3057
0b000501 0b000601 10074 100 131072 1387288 76684 11234 1141
0b000101 0b000201 10075 100 131072 1387294 76679 11234 3073
0b000501 0b000601 10075 100 131072 1387298 76675 11234 1157
0b000701 0b000001 10073 100 131072 1387260 76716 11234 1607
0b000301 0b000401 10073 100 131072 1387212 76764 11234 3523
0b000701 0b000001 10074 100 131072 1387264 76713 11234 2103
0b000301 0b000401 10074 100 131072 1387216 76761 11234 179
0b000701 0b000001 10075 100 131072 1387274 76704 11234 2119
0b000301 0b000401 10075 100 131072 1387226 76752 11234 195
0b000701 0b000001 10076 100 131072 1397858 77363 11234 3591
0b000301 0b000401 10076 100 131072 1397772 77449 11234 1667
0b000101 0b000201 10076 100 131072 1398134 82625 11234 705
0b000501 0b000601 10076 100 131072 1398137 82624 11234 2629
0b000501 0b000601 10077 100 131072 1399557 86846 11234 661
0b000101 0b000201 10077 100 131072 1399553 86850 11234 2577
0b000301 0b000401 10077 100 131072 1408040 78720 11234 3539
0b000701 0b000001 10077 100 131072 1413561 73451 11234 1623
0b000501 0b000601 10078 100 131072 1418381 90947 11234 677
0b000101 0b000201 10078 100 131072 1418797 90531 11234 2593
0b000501 0b000601 10079 100 131072 1418391 90938 11234 693
0b000101 0b000201 10079 100 131072 1418807 90522 11234 2609
0b000301 0b000401 10078 100 131072 1421935 87555 11234 3555
0b000701 0b000001 10078 100 131072 1422407 87083 11234 1639
0b000701 0b000001 10079 100 131072 1422417 87098 11234 1655
0b000301 0b000401 10079 100 131072 1421945 87570 11234 3571
0b000501 0b000601 10080 100 131072 1434436 86512 11234 1173
0b000701 0b000001 10080 100 131072 1434496 86460 11234 2135
0b000101 0b000201 10080 100 131072 1435020 85936 11234 3089
0b000201 0b000301 10064 100 131072 1212594 308520 11234 1154
0b000301 0b000401 10080 100 131072 1437640 83491 11234 211
0b000601 0b000701 10064 100 131072 1214456 306734 11234 3078
0b000001 0b000101 10064 100 131072 1212657 308565 11234 192
0b000401 0b000501 10064 100 131072 1214940 306374 11234 2116
0b000601 0b000701 10065 100 131072 1230940 291278 11234 1030
0b000601 0b000701 10066 100 131072 1230965 291257 11234 550
0b000601 0b000701 10067 100 131072 1230966 291260 11234 70
0b000201 0b000301 10065 100 131072 1231024 291210 11234 2946
0b000201 0b000301 10066 100 131072 1231028 291210 11234 2466
0b000201 0b000301 10067 100 131072 1231053 291189 11234 1986
0b000401 0b000501 10065 100 131072 1230070 292180 11234 68
0b000001 0b000101 10065 100 131072 1230686 291564 11234 1984
0b000401 0b000501 10066 100 131072 1230071 292183 11234 3428
0b000001 0b000101 10066 100 131072 1230687 291567 11234 1504
0b000401 0b000501 10067 100 131072 1230072 292186 11234 2948
0b000001 0b000101 10067 100 131072 1230688 291570 11234 1024
0b000601 0b000701 10068 100 131072 1232289 290033 11234 1654
0b000201 0b000301 10068 100 131072 1232290 290048 11234 3570
0b000201 0b000301 10069 100 131072 1233354 288988 11234 2962
0b000401 0b000501 10068 100 131072 1231406 290948 11234 692
0b000001 0b000101 10068 100 131072 1231582 290772 11234 2608
0b000401 0b000501 10069 100 131072 1232382 289976 11234 84
0b000001 0b000101 10069 100 131072 1232910 289448 11234 2000
0b000601 0b000701 10069 100 131072 1233266 289148 11234 1046
0b000601 0b000701 10070 100 131072 1256190 267272 11234 1062
0b000601 0b000701 10071 100 131072 1256722 266744 11234 1078
0b000201 0b000301 10070 100 131072 1256278 267196 11234 2978
0b000201 0b000301 10071 100 131072 1256810 266668 11234 2994
0b000201 0b000301 10072 100 131072 1257338 266144 11234 3586
0b000401 0b000501 10070 100 131072 1255390 268112 11234 100
0b000001 0b000101 10070 100 131072 1255918 267584 11234 2016
0b000401 0b000501 10071 100 131072 1255918 267588 11234 116
0b000001 0b000101 10071 100 131072 1256366 267140 11234 2032
0b000601 0b000701 10072 100 131072 1257338 266216 11234 1670
0b000401 0b000501 10072 100 131072 1257338 266256 11234 708
0b000001 0b000101 10072 100 131072 1257338 266256 11234 2624
0b000701 0b000801 10005 100 131072 1525236 6820 6838 87
0b000301 0b000c01 10005 100 131072 1525252 6820 6838 2003
0b000101 0b000a01 10005 100 131072 1525268 6820 6838 1041
0b000501 0b000e01 10005 100 131072 1525268 6820 6838 2965
0b000801 0b000901 10066 100 131072 1535066 2876 2898 104
0b000c01 0b000d01 10066 100 131072 1535082 2876 2898 2028
0b000e01 0b000f01 10066 100 131072 1535098 2876 2898 2990
0b000a01 0b000b01 10066 100 131072 1535098 2876 2898 1066
0b000901 0b000a01 10067 100 131072 1540952 2876 2898 121
0b000d01 0b000e01 10067 100 131072 1540968 2876 2898 2045
0b000f01 0b000801 10067 100 131072 1540984 2876 2898 3007
0b000b01 0b000c01 10067 100 131072 1540984 2876 2898 1083
0b000a01 0b000b01 10067 100 131072 1546838 2876 2898 138
0b000e01 0b000f01 10067 100 131072 1546854 2876 2898 2062
0b000801 0b000901 10067 100 131072 1546870 2876 2898 3016
0b000c01 0b000d01 10067 100 131072 1546870 2876 2898 1100
0b000b01 0b000c01 10068 100 131072 1552724 2876 2898 155
0b000f01 0b000801 10068 100 131072 1552740 2876 2898 2079
0b000901 0b000a01 10068 100 131072 1552756 2876 2898 3033
0b000d01 0b000e01 10068 100 131072 1552756 2876 2898 1117
0b000c01 0b000d01 10068 100 131072 1558610 2876 2898 172
0b000801 0b000901 10068 100 131072 1558626 2876 2898 2088
0b000a01 0b000b01 10068 100 131072 1558642 2876 2898 3050
0b000e01 0b000f01 10068 100 131072 1558642 2876 2898 1134
0b000d01 0b000e01 10069 100 131072 1564496 2876 2898 189
0b000901 0b000a01 10069 100 131072 1564512 2876 2898 2105
0b000b01 0b000c01 10069 100 131072 1564528 2876 2898 3067
0b000f01 0b000801 10069 100 131072 1564528 2876 2898 1151
0b000e01 0b000f01 10069 100 131072 1570382 2876 2898 206
0b000a01 0b000b01 10069 100 131072 1570398 2876 2898 2122
0b000c01 0b000d01 10069 100 131072 1570414 2876 2898 3084
0b000801 0b000901 10069 100 131072 1570414 2876 2898 1160
0b000301 0b000401 10081 100 131072 1524124 55686 11234 1171
0b000101 0b000201 10081 100 131072 1524232 57938 11234 209
0b000701 0b000001 10081 100 131072 1524200 57970 11234 3095
0b000501 0b000601 10081 100 131072 1524324 60317 11234 2133
0b000f01 0b000001 10013 100 131072 1576268 15083 15174 223
0b000b01 0b000401 10013 100 131072 1576284 15083 15174 2139
0b000901 0b000201 10013 100 131072 1576300 15083 15174 1177
0b000d01 0b000601 10013 100 131072 1576300 15083 15174 3101
0b000701 0b000001 10082 100 131072 1525228 85449 11234 1047
0b000701 0b000001 10083 100 131072 1525232 85446 11234 567
0b000301 0b000401 10082 100 131072 1525244 85521 11234 2963
0b000501 0b000601 10082 100 131072 1525260 85505 11234 85
0b000301 0b000401 10083 100 131072 1525248 85518 11234 2483
0b000501 0b000601 10083 100 131072 1525264 85502 11234 3445
0b000101 0b000201 10082 100 131072 1525260 85512 11234 2001
0b000101 0b000201 10083 100 131072 1525264 85509 11234 1521
0b000701 0b000001 10084 100 131072 1525332 85793 11234 1671
0b000301 0b000401 10084 100 131072 1525348 85865 11234 3587
0b000501 0b000601 10084 100 131072 1525364 85849 11234 709
0b000301 0b000401 10085 100 131072 1525352 85862 11234 2979
0b000501 0b000601 10085 100 131072 1525368 85846 11234 101
0b000101 0b000201 10084 100 131072 1525364 85853 11234 2625
0b000101 0b000201 10085 100 131072 1525368 85850 11234 2017
0b000701 0b000001 10085 100 131072 1525424 86061 11234 1063
0b000301 0b000401 10086 100 131072 1526484 87557 11234 2995
0b000701 0b000001 10086 100 131072 1526472 87569 11234 1079
0b000101 0b000201 10086 100 131072 1526512 87529 11234 2033
0b000501 0b000601 10086 100 131072 1526512 87529 11234 117
0b000301 0b000401 10087 100 131072 1526492 87550 11234 3603
0b000701 0b000001 10087 100 131072 1526482 87560 11234 1095
0b000101 0b000201 10087 100 131072 1526522 87520 11234 2049
0b000501 0b000601 10087 100 131072 1526522 87520 11234 133
0b000301 0b000401 10088 100 131072 1526494 87549 11234 3011
0b000701 0b000001 10088 100 131072 1526564 87479 11234 1687
0b000101 0b000201 10088 100 131072 1526604 87439 11234 2641
0b000501 0b000601 10088 100 131072 1526604 87439 11234 725
0b000201 0b000301 10073 100 131072 1328650 286752 11234 2482
0b000201 0b000301 10074 100 131072 1328651 286755 11234 2002
0b000201 0b000301 10075 100 131072 1328914 286496 11234 3010
0b000201 0b000301 10077 100 131072 1329110 286304 11234 210
0b000001 0b000101 10073 100 131072 1328550 286896 11234 208
0b000601 0b000701 10073 100 131072 1328739 286747 11234 566
0b000601 0b000701 10074 100 131072 1328740 286750 11234 86
0b000601 0b000701 10075 100 131072 1329002 286492 11234 1094
0b000201 0b000301 10078 100 131072 1329374 286120 11234 2498
0b000601 0b000701 10076 100 131072 1329004 286494 11234 2134
0b000201 0b000301 10076 100 131072 1329465 286033 11234 1170
0b000601 0b000701 10077 100 131072 1329374 286128 11234 582
0b000601 0b000701 10078 100 131072 1330003 285503 11234 3094
0b000401 0b000501 10073 100 131072 1328548 286978 11234 2132
0b000401 0b000501 10074 100 131072 1328988 286542 11234 3444
0b000401 0b000501 10075 100 131072 1328992 286542 11234 2964
0b000401 0b000501 10076 100 131072 1329018 286520 11234 1172
0b000001 0b000101 10074 100 131072 1328988 286550 11234 1520
0b000401 0b000501 10077 100 131072 1329019 286523 11234 132
0b000001 0b000101 10075 100 131072 1329013 286529 11234 1040
0b000401 0b000501 10078 100 131072 1329374 286172 11234 3460
0b000001 0b000101 10076 100 131072 1329015 286531 11234 3088
0b000001 0b000101 10077 100 131072 1329016 286534 11234 2048
0b000001 0b000101 10078 100 131072 1329374 286180 11234 1536
0b000201 0b000301 10079 100 131072 1340654 275196 11234 2514
0b000601 0b000701 10079 100 131072 1340650 275276 11234 598
0b000401 0b000501 10079 100 131072 1340745 275233 11234 3476
0b000001 0b000101 10079 100 131072 1340654 275328 11234 1552
0b000201 0b000301 10080 100 131072 1352045 264297 11234 3026
0b000601 0b000701 10080 100 131072 1352041 264309 11234 1110
0b000401 0b000501 10080 100 131072 1352136 264270 11234 148
0b000001 0b000101 10080 100 131072 1352045 264365 11234 2064
0b000201 0b000301 10081 100 131072 1363409 253345 11234 2530
0b000601 0b000701 10081 100 131072 1363405 253357 11234 614
0b000401 0b000501 10081 100 131072 1363500 253318 11234 3492
0b000001 0b000101 10081 100 131072 1363409 253413 11234 1568
0b000201 0b000301 10082 100 131072 1374610 242556 11234 706
0b000601 0b000701 10082 100 131072 1374606 242568 11234 2630
0b000401 0b000501 10082 100 131072 1374789 243189 11234 1668
0b000001 0b000101 10082 100 131072 1374705 243609 11234 3584
0b000301 0b000c01 10006 100 131072 1618416 6853 6838 2019
0b000701 0b000801 10006 100 131072 1618500 6873 6838 103
0b000501 0b000e01 10006 100 131072 1618544 6854 6838 2981
0b000101 0b000a01 10006 100 131072 1618552 6853 6838 1057
0b000001 0b000901 10006 100 131072 1613688 15078 15174 576
0b000401 0b000d01 10006 100 131072 1613776 15078 15174 2500
0b000601 0b000f01 10006 100 131072 1613776 15078 15174 3462
0b000201 0b000b01 10006 100 131072 1613783 15078 15174 1538
0b000c01 0b000d01 10070 100 131072 1628279 2876 2898 2044
0b000801 0b000901 10070 100 131072 1628383 2876 2898 120
0b000e01 0b000f01 10070 100 131072 1628408 2876 2898 3006
0b000a01 0b000b01 10070 100 131072 1628415 2876 2898 1082
0b000901 0b000a01 10070 100 131072 1631776 3149 2898 601
0b000f01 0b000801 10070 100 131072 1631864 3212 2898 3487
0b000b01 0b000c01 10070 100 131072 1631871 3212 2898 1563
0b000d01 0b000e01 10070 100 131072 1631864 3338 2898 2525
0b000901 0b000a01 10071 100 131072 1634269 3136 2898 137
0b000f01 0b000801 10071 100 131072 1634294 3199 2898 3023
0b000d01 0b000e01 10071 100 131072 1634165 3328 2898 2061
0b000b01 0b000c01 10071 100 131072 1634301 3199 2898 1099
0b000a01 0b000b01 10071 100 131072 1637935 3149 2898 618
0b000801 0b000901 10071 100 131072 1638086 3212 2898 3496
0b000c01 0b000d01 10071 100 131072 1638093 3212 2898 1580
0b000e01 0b000f01 10071 100 131072 1638212 3338 2898 2542
0b000a01 0b000b01 10072 100 131072 1640415 3149 2898 154
0b000801 0b000901 10072 100 131072 1640503 3212 2898 3032
0b000c01 0b000d01 10072 100 131072 1640510 3212 2898 1116
0b000e01 0b000f01 10072 100 131072 1640503 3338 2898 2078
0b000b01 0b000c01 10072 100 131072 1644094 3149 2898 635
0b000901 0b000a01 10072 100 131072 1644308 3212 2898 3513
0b000d01 0b000e01 10072 100 131072 1644315 3212 2898 1597
0b000f01 0b000801 10072 100 131072 1644560 3338 2898 2559
0b000b01 0b000c01 10073 100 131072 1646574 3149 2898 171
0b000901 0b000a01 10073 100 131072 1646725 3212 2898 3049
0b000d01 0b000e01 10073 100 131072 1646732 3212 2898 1133
0b000f01 0b000801 10073 100 131072 1646851 3338 2898 2095
0b000c01 0b000d01 10073 100 131072 1650253 3149 2898 652
0b000a01 0b000b01 10073 100 131072 1650530 3212 2898 3530
0b000e01 0b000f01 10073 100 131072 1650537 3212 2898 1614
0b000801 0b000901 10073 100 131072 1650908 3338 2898 2568
0b000201 0b000301 10083 100 131072 1386164 268903 11234 3042
0b000c01 0b000d01 10074 100 131072 1652733 3149 2898 188
0b000a01 0b000b01 10074 100 131072 1652947 3212 2898 3066
0b000e01 0b000f01 10074 100 131072 1652954 3212 2898 1150
0b000801 0b000901 10074 100 131072 1653199 3338 2898 2104
0b000d01 0b000e01 10074 100 131072 1656412 3149 2898 669
0b000b01 0b000c01 10074 100 131072 1656752 3212 2898 3547
0b000f01 0b000801 10074 100 131072 1656759 3212 2898 1631
0b000901 0b000a01 10074 100 131072 1657256 3338 2898 2585
0b000d01 0b000e01 10075 100 131072 1658892 3149 2898 205
0b000b01 0b000c01 10075 100 131072 1659169 3212 2898 3083
0b000f01 0b000801 10075 100 131072 1659176 3212 2898 1167
0b000901 0b000a01 10075 100 131072 1659547 3338 2898 2121
0b000601 0b000701 10083 100 131072 1386072 276891 11234 1126
0b000e01 0b000f01 10075 100 131072 1662571 3149 2898 686
0b000c01 0b000d01 10075 100 131072 1662974 3212 2898 3564
0b000801 0b000901 10075 100 131072 1662981 3212 2898 1640
0b000a01 0b000b01 10075 100 131072 1663604 3338 2898 2602
0b000401 0b000501 10083 100 131072 1386255 281940 11234 164
0b000e01 0b000f01 10076 100 131072 1665051 3149 2898 222
0b000c01 0b000d01 10076 100 131072 1665391 3212 2898 3100
0b000801 0b000901 10076 100 131072 1665398 3212 2898 1176
0b000a01 0b000b01 10076 100 131072 1665895 3338 2898 2138
0b000001 0b000101 10083 100 131072 1386171 283212 11234 2080
0b000f01 0b000801 10076 100 131072 1668730 2876 2898 703
0b000d01 0b000e01 10076 100 131072 1669196 2876 2898 3581
0b000901 0b000a01 10076 100 131072 1669203 2876 2898 1657
0b000b01 0b000c01 10076 100 131072 1669952 2876 2898 2619
0b000801 0b000101 10014 100 131072 1674616 6852 6838 712
0b000e01 0b000701 10014 100 131072 1675082 6854 6838 3598
0b000a01 0b000301 10014 100 131072 1675089 6854 6838 1674
0b000c01 0b000501 10014 100 131072 1675838 6854 6838 2636
0b000f01 0b000001 10014 100 131072 1671210 15083 15174 239
0b000d01 0b000601 10014 100 131072 1671613 15083 15174 3117
0b000901 0b000201 10014 100 131072 1671620 15083 15174 1193
0b000b01 0b000401 10014 100 131072 1672243 15083 15174 2155
0b000101 0b000201 10089 100 131072 1618456 94287 11234 225
0b000101 0b000201 10090 100 131072 1618548 96840 11234 1537
0b000101 0b000201 10091 100 131072 1618556 96833 11234 3105
0b000101 0b000201 10092 100 131072 1618560 96915 11234 2065
0b000101 0b000201 10093 100 131072 1618564 96914 11234 1553
0b000301 0b000401 10089 100 131072 1618412 97142 11234 2499
0b000301 0b000401 10090 100 131072 1618420 97138 11234 3027
0b000301 0b000401 10091 100 131072 1618424 97159 11234 227
0b000501 0b000601 10089 100 131072 1618536 97102 11234 2149
0b000501 0b000601 10090 100 131072 1618540 97102 11234 3461
0b000501 0b000601 10091 100 131072 1618548 97119 11234 1189
0b000501 0b000601 10092 100 131072 1618552 97116 11234 149
0b000501 0b000601 10093 100 131072 1618556 97199 11234 3477
0b000701 0b000001 10089 100 131072 1618496 97582 11234 583
0b000701 0b000001 10090 100 131072 1618504 97578 11234 1111
0b000701 0b000001 10091 100 131072 1618508 97578 11234 2151
0b000701 0b000001 10092 100 131072 1618512 97599 11234 599
0b000701 0b000001 10093 100 131072 1618516 97596 11234 3111
0b000301 0b000401 10092 100 131072 1618504 97611 11234 2515
0b000301 0b000401 10093 100 131072 1618508 97608 11234 1187
0b000101 0b000201 10094 100 131072 1618992 97824 11234 1569
0b000501 0b000601 10094 100 131072 1618988 98099 11234 3493
0b000301 0b000401 10094 100 131072 1618860 98228 11234 2531
0b000701 0b000001 10094 100 131072 1618936 98500 11234 615
0b000101 0b000201 10095 100 131072 1619420 98196 11234 2081
0b000401 0b000501 10084 100 131072 1399641 317976 11234 3508
0b000501 0b000601 10095 100 131072 1619416 98467 11234 165
0b000101 0b000201 10096 100 131072 1619832 98312 11234 1585
0b000301 0b000401 10095 100 131072 1619352 98796 11234 3043
0b000701 0b000001 10095 100 131072 1619360 98872 11234 1127
0b000501 0b000601 10096 100 131072 1619828 98587 11234 3509
0b000301 0b000401 10096 100 131072 1619764 98920 11234 2547
0b000001 0b000101 10084 100 131072 1399644 319095 11234 1584
0b000701 0b000001 10096 100 131072 1619772 98996 11234 631
0b000101 0b000201 10097 100 131072 1621324 97532 11234 3601
0b000301 0b000401 10097 100 131072 1620176 98684 11234 723
0b000701 0b000001 10097 100 131072 1620184 98760 11234 2647
0b000501 0b000601 10097 100 131072 1620988 97963 11234 1685
0b000601 0b000701 10084 100 131072 1404217 314819 11234 630
0b000201 0b000301 10084 100 131072 1412505 306763 11234 2546
0b000201 0b000301 10085 100 131072 1421849 297803 11234 3058
0b000201 0b000301 10086 100 131072 1421850 297806 11234 2562
0b000601 0b000701 10085 100 131072 1421759 297965 11234 1142
0b000601 0b000701 10086 100 131072 1421763 297965 11234 646
0b000001 0b000101 10085 100 131072 1422011 297737 11234 2096
0b000001 0b000101 10086 100 131072 1422036 297716 11234 1600
0b000201 0b000301 10087 100 131072 1433484 286584 11234 3602
0b000601 0b000701 10087 100 131072 1433137 287507 11234 1686
0b000301 0b000401 10098 100 131072 1658077 72571 11234 3059
0b000401 0b000501 10085 100 131072 1422095 308646 11234 180
0b000401 0b000501 10086 100 131072 1422120 308625 11234 3524
0b000701 0b000001 10098 100 131072 1665973 65095 11234 1143
0b000401 0b000501 10087 100 131072 1433213 297876 11234 724
0b000001 0b000101 10087 100 131072 1433232 297945 11234 2640
0b000101 0b000201 10098 100 131072 1672393 58948 11234 2097
0b000501 0b000601 10098 100 131072 1671205 60220 11234 181
0b000301 0b000401 10099 100 131072 1684953 57918 11234 1683
0b000701 0b000001 10099 100 131072 1684946 58009 11234 3607
0b000101 0b000201 10099 100 131072 1684478 58480 11234 721
0b000501 0b000601 10099 100 131072 1685702 57348 11234 2645
0b000201 0b000301 10088 100 131072 1466278 276856 11234 2578
0b000201 0b000301 10089 100 131072 1466982 276156 11234 3074
0b000201 0b000301 10090 100 131072 1466992 276150 11234 3090
0b000401 0b000501 10088 100 131072 1466986 276160 11234 3540
0b000401 0b000501 10089 100 131072 1466987 276163 11234 196
0b000401 0b000501 10090 100 131072 1466997 276157 11234 212
0b000601 0b000701 10088 100 131072 1466274 276932 11234 662
0b000601 0b000701 10089 100 131072 1466982 276228 11234 1158
0b000601 0b000701 10090 100 131072 1466992 276222 11234 1174
0b000001 0b000101 10088 100 131072 1466986 276252 11234 1616
0b000001 0b000101 10089 100 131072 1466987 276255 11234 2112
0b000001 0b000101 10090 100 131072 1466997 276249 11234 2128
0b000401 0b000501 10091 100 131072 1478231 265263 11234 1684
0b000001 0b000101 10091 100 131072 1478231 265355 11234 3600
0b000201 0b000301 10091 100 131072 1483769 259881 11234 722
0b000601 0b000701 10091 100 131072 1483771 259951 11234 2646
0b000201 0b000301 10092 100 131072 1489413 254397 11234 2594
0b000401 0b000501 10092 100 131072 1489770 254040 11234 3556
0b000601 0b000701 10092 100 131072 1489413 254469 11234 678
0b000001 0b000101 10092 100 131072 1490022 253880 11234 1632
0b000001 0b000101 10093 100 131072 1512500 240194 11234 1648
0b000001 0b000101 10094 100 131072 1512525 240173 11234 1664
0b000201 0b000301 10093 100 131072 1512338 243108 11234 2610
0b000201 0b000301 10094 100 131072 1512348 243102 11234 2626
0b000601 0b000701 10093 100 131072 1512338 243249 11234 694
0b000601 0b000701 10094 100 131072 1512348 243243 11234 710
0b000501 0b000601 10100 100 131072 1720627 35044 11234 3525
0b000601 0b000701 10095 100 131072 1523958 231997 11234 1190
0b000401 0b000501 10093 100 131072 1512500 244118 11234 3572
0b000401 0b000501 10094 100 131072 1512525 244097 11234 3588
0b000101 0b000201 10100 100 131072 1721749 48198 11234 1601
0b000401 0b000d01 10007 100 131072 1718594 52069 15174 2516
0b000401 0b000d01 10008 100 131072 1719155 53048 15174 2532
0b000201 0b000b01 10007 100 131072 1718428 54188 15174 1554
0b000601 0b000f01 10007 100 131072 1718682 54049 15174 3478
0b000201 0b000b01 10008 100 131072 1718518 54496 15174 1570
0b000001 0b000901 10007 100 131072 1719118 53913 15174 592
0b000001 0b000901 10008 100 131072 1719158 53892 15174 608
0b000601 0b000f01 10008 100 131072 1718795 54268 15174 3494
0b000401 0b000d01 10009 100 131072 1720128 53137 15174 2548
0b000201 0b000b01 10009 100 131072 1719856 54009 15174 1586
0b000401 0b000d01 10010 100 131072 1721724 52478 15174 2564
0b000201 0b000b01 10010 100 131072 1721184 53082 15174 1602
0b000001 0b000901 10009 100 131072 1720476 53974 15174 624
0b000001 0b000901 10010 100 131072 1721808 53140 15174 640
0b000601 0b000f01 10009 100 131072 1720127 55219 15174 3510
0b000601 0b000f01 10010 100 131072 1721455 54768 15174 3526
0b000101 0b000201 10101 100 131072 1722758 55130 11234 2113
0b000101 0b000201 10102 100 131072 1722762 55127 11234 1617
0b000201 0b000301 10095 100 131072 1523966 253967 11234 3106
0b000d01 0b000e01 10077 100 131072 1773673 5165 2898 2541
0b000701 0b000001 10100 100 131072 1722046 57680 11234 647
0b000f01 0b000801 10077 100 131072 1775741 7698 2898 3503
0b000d01 0b000e01 10078 100 131072 1775213 8294 2898 2557
0b000301 0b000401 10100 100 131072 1722278 61619 11234 2563
0b000001 0b000101 10095 100 131072 1523966 260353 11234 2144
0b000f01 0b000801 10078 100 131072 1776073 8357 2898 3519
0b000d01 0b000e01 10079 100 131072 1776275 8333 2898 2573
0b000b01 0b000c01 10077 100 131072 1775626 9029 2898 1579
0b000e01 0b000f01 10077 100 131072 1781848 3040 2898 2558
0b000d01 0b000e01 10080 100 131072 1777212 7720 2898 2589
0b000901 0b000a01 10077 100 131072 1776041 9575 2898 617
0b000901 0b000a01 10078 100 131072 1776060 9558 2898 633
0b000b01 0b000c01 10078 100 131072 1776024 9767 2898 1595
0b000601 0b000f01 10011 100 131072 1758711 27196 15174 3542
0b000b01 0b000c01 10079 100 131072 1776875 9758 2898 1611
0b000f01 0b000801 10079 100 131072 1778356 8386 2898 3535
0b000b01 0b000c01 10080 100 131072 1777276 9485 2898 1627
0b000901 0b000a01 10079 100 131072 1777460 9568 2898 649
0b000f01 0b000801 10080 100 131072 1779233 7839 2898 3551
0b000901 0b000a01 10080 100 131072 1777958 9268 2898 665
0b000701 0b000001 10101 100 131072 1722734 65201 11234 1159
0b000701 0b000001 10102 100 131072 1722738 65201 11234 663
0b000401 0b000501 10095 100 131072 1524141 264102 11234 228
0b000301 0b000401 10101 100 131072 1722662 65906 11234 3075
0b000301 0b000401 10102 100 131072 1722666 65903 11234 2579
0b000501 0b000601 10101 100 131072 1733751 55132 11234 197
0b000501 0b000601 10102 100 131072 1733755 55132 11234 3541
0b000301 0b000401 10103 100 131072 1723078 65931 11234 3619
0b000701 0b000001 10103 100 131072 1723654 65437 11234 1703
0b000101 0b000201 10103 100 131072 1734187 55093 11234 2657
0b000501 0b000601 10103 100 131072 1734099 55517 11234 741
0b000801 0b000901 10077 100 131072 1786449 6208 2898 3512
0b000e01 0b000f01 10078 100 131072 1786517 6276 2898 2574
0b000f01 0b000801 10081 100 131072 1787898 5147 2898 2575
0b000f01 0b000801 10082 100 131072 1788917 5183 2898 3567
0b000c01 0b000d01 10077 100 131072 1787665 6845 2898 1596
0b000e01 0b000f01 10079 100 131072 1787618 7418 2898 2590
0b000e01 0b000f01 10080 100 131072 1787942 7243 2898 2606
0b000801 0b000901 10078 100 131072 1787440 8099 2898 3528
0b000c01 0b000d01 10078 100 131072 1788801 9124 2898 1612
0b000a01 0b000b01 10077 100 131072 1788626 9798 2898 634
0b000a01 0b000b01 10078 100 131072 1788636 9810 2898 650
0b000201 0b000b01 10011 100 131072 1772987 25532 15174 1618
0b000901 0b000a01 10081 100 131072 1795667 3061 2898 3529
0b000c01 0b000d01 10079 100 131072 1789643 9163 2898 1628
0b000c01 0b000d01 10080 100 131072 1789771 9080 2898 1644
0b000801 0b000901 10079 100 131072 1789752 9635 2898 3544
0b000801 0b000901 10080 100 131072 1790082 9657 2898 3560
0b000f01 0b000801 10083 100 131072 1795803 4047 2898 2591
0b000a01 0b000b01 10079 100 131072 1790038 9842 2898 666
0b000a01 0b000b01 10080 100 131072 1790236 9732 2898 682
0b000d01 0b000e01 10081 100 131072 1797520 2938 2898 1613
0b000901 0b000a01 10082 100 131072 1798549 3023 2898 3545
0b000801 0b000901 10081 100 131072 1796055 7947 2898 2584
0b000f01 0b000801 10084 100 131072 1798046 6462 2898 2607
0b000801 0b000901 10082 100 131072 1797110 7410 2898 3576
0b000f01 0b000801 10085 100 131072 1798195 6380 2898 2623
0b000a01 0b000b01 10081 100 131072 1801738 3043 2898 3546
0b000201 0b000b01 10012 100 131072 1780929 25544 15174 1634
0b000e01 0b000f01 10081 100 131072 1803468 3151 2898 1630
0b000801 0b000901 10083 100 131072 1802860 3771 2898 2600
0b000a01 0b000b01 10082 100 131072 1804582 3102 2898 3562
0b000d01 0b000e01 10082 100 131072 1800935 6767 2898 1629
0b000001 0b000901 10011 100 131072 1782766 25293 15174 656
0b000901 0b000a01 10083 100 131072 1802397 6248 2898 3561
0b000d01 0b000e01 10083 100 131072 1801816 7610 2898 1645
0b000d01 0b000e01 10084 100 131072 1801861 7588 2898 1661
0b000901 0b000a01 10084 100 131072 1802749 6908 2898 3577
0b000f01 0b000801 10086 100 131072 1809629 3109 2898 1647
0b000801 0b000901 10084 100 131072 1807518 5824 2898 2616
0b000801 0b000901 10085 100 131072 1807585 5824 2898 2632
0b000601 0b000f01 10012 100 131072 1791927 22282 15174 3558
0b000e01 0b000f01 10082 100 131072 1810712 5020 2898 1646
0b000401 0b000d01 10011 100 131072 1786937 28899 15174 2580
0b000a01 0b000b01 10083 100 131072 1811655 5026 2898 3578
0b000001 0b000901 10012 100 131072 1790979 26118 15174 672
0b000a01 0b000b01 10084 100 131072 1812667 5005 2898 3594
0b000901 0b000a01 10085 100 131072 1807012 10940 2898 2601
0b000b01 0b000c01 10081 100 131072 1801434 16613 2898 651
0b000b01 0b000c01 10082 100 131072 1801456 16740 2898 667
0b000b01 0b000c01 10083 100 131072 1801529 16795 2898 1643
0b000901 0b000a01 10086 100 131072 1807530 11185 2898 3593
0b000801 0b000901 10086 100 131072 1815748 3039 2898 1656
0b000e01 0b000f01 10083 100 131072 1812436 6856 2898 1662
0b000e01 0b000f01 10084 100 131072 1812459 6834 2898 1678
0b000401 0b000d01 10012 100 131072 1791609 29050 15174 2596
0b000b01 0b000c01 10084 100 131072 1802890 17788 2898 683
0b000b01 0b000c01 10085 100 131072 1802978 17807 2898 699
0b000f01 0b000801 10087 100 131072 1817219 4271 2898 3583
0b000901 0b000a01 10087 100 131072 1809641 11879 2898 2617
0b000d01 0b000e01 10085 100 131072 1818846 2901 2898 2605
0b000901 0b000a01 10088 100 131072 1811069 12741 2898 681
0b000f01 0b000801 10088 100 131072 1818742 5249 2898 1663
0b000b01 0b000c01 10086 100 131072 1807791 17844 2898 3563
0b000d01 0b000e01 10086 100 131072 1823669 3027 2898 2621
0b000b01 0b000c01 10087 100 131072 1809483 17299 2898 1659
0b000a01 0b000b01 10085 100 131072 1820962 6115 2898 2618
0b000b01 0b000c01 10088 100 131072 1810694 16617 2898 3579
0b000e01 0b000f01 10085 100 131072 1824757 3011 2898 2622
0b000801 0b000901 10087 100 131072 1824500 3453 2898 3592
0b000f01 0b000801 10089 100 131072 1822302 6323 2898 1679
0b000f01 0b000801 10090 100 131072 1822312 6314 2898 1695
0b000901 0b000a01 10089 100 131072 1816352 12866 2898 2633
0b000901 0b000a01 10090 100 131072 1816419 12800 2898 2649
0b000a01 0b000b01 10086 100 131072 1821725 7557 2898 3610
0b000b01 0b000c01 10089 100 131072 1819691 10175 2898 3595
0b000b01 0b000c01 10090 100 131072 1820682 9361 2898 3611
0b000801 0b000901 10088 100 131072 1827001 3406 2898 1672
0b000901 0b000a01 10091 100 131072 1820107 10662 2898 697
0b000901 0b000a01 10092 100 131072 1821797 9347 2898 1673
0b000a01 0b000b01 10087 100 131072 1824530 7426 2898 2634
0b000e01 0b000f01 10086 100 131072 1829706 2951 2898 2638
0b000a01 0b000b01 10088 100 131072 1826820 6500 2898 698
0b000b01 0b000c01 10091 100 131072 1830087 3700 2898 2635
0b000f01 0b000801 10091 100 131072 1830778 3021 2898 2639
0b001201 0b001b01 10030 100 2097152 1726641 107583 48204 9122
0b000901 0b000a01 10093 100 131072 1830963 3516 2898 3609
0b001901 0b001201 10030 100 2097152 1727226 108016 48204 8649
0b001301 0b001c01 10030 100 2097152 1726291 109393 48204 9603
0b001501 0b001e01 10030 100 2097152 1726306 109492 48204 10565
0b001b01 0b001401 10030 100 2097152 1727280 108970 48204 9611
0b000c01 0b000d01 10081 100 131072 1821057 15200 2898 668
0b001601 0b001f01 10030 100 2097152 1727430 108909 48204 11046
0b001401 0b001d01 10030 100 2097152 1727013 109471 48204 10084
0b000901 0b000a01 10094 100 131072 1833417 3612 2898 1689
0b000b01 0b000c01 10092 100 131072 1832292 4774 2898 3627
0b001001 0b001901 10030 100 2097152 1726778 110309 48204 8160
0b001101 0b001a01 10030 100 2097152 1729230 107970 48204 8641
0b000c01 0b000d01 10082 100 131072 1821206 16242 2898 684
0b001a01 0b001301 10030 100 2097152 1731675 105787 48204 9130
0b001801 0b001101 10030 100 2097152 1727316 110357 48204 8168
0b000801 0b000901 10089 100 131072 1831635 6213 2898 1688
0b000801 0b000901 10090 100 131072 1831645 6204 2898 1704
0b001c01 0b001501 10030 100 2097152 1728626 109174 48204 10092
0b001d01 0b001601 10030 100 2097152 1729362 108478 48204 10573
0b000c01 0b000d01 10083 100 131072 1821334 16643 2898 1660
0b001e01 0b001701 10030 100 2097152 1728993 109231 48204 11054
0b001f01 0b001001 10030 100 2097152 1731537 106757 48204 7695
0b000f01 0b000801 10092 100 131072 1835667 3014 2898 2655
0b001701 0b001801 10030 100 2097152 1732027 107017 48204 7687
0b000801 0b000901 10091 100 131072 1836839 3419 2898 2648
0b000a01 0b000301 10015 100 131072 1834184 6847 6838 1690
0b000b01 0b000c01 10093 100 131072 1834996 6264 2898 2651
0b000a01 0b000b01 10089 100 131072 1832228 9470 2898 2650
0b000a01 0b000b01 10090 100 131072 1832238 9461 2898 2666
0b000b01 0b000c01 10094 100 131072 1836360 5587 2898 715
0b000a01 0b000b01 10091 100 131072 1833809 9125 2898 714
0b000c01 0b000501 10015 100 131072 1836827 6820 6838 2652
0b000c01 0b000d01 10084 100 131072 1823688 20141 2898 700
0b000c01 0b000d01 10085 100 131072 1823795 20189 2898 716
0b000a01 0b000b01 10092 100 131072 1837489 6636 2898 3626
0b000501 0b000601 10104 100 131072 1746186 98409 11234 3557
0b000501 0b000601 10105 100 131072 1746190 98406 11234 213
0b000801 0b000901 10092 100 131072 1841691 3004 2898 2664
0b000501 0b000601 10106 100 131072 1746230 98806 11234 229
0b000d01 0b000e01 10087 100 131072 1839267 6285 2898 685
0b000301 0b000401 10104 100 131072 1746174 99742 11234 2595
0b000301 0b000401 10105 100 131072 1746178 99739 11234 3091
0b000301 0b000401 10106 100 131072 1746218 100138 11234 3107
0b000501 0b000601 10107 100 131072 1746504 99860 11234 1701
0b000701 0b000001 10104 100 131072 1746246 100536 11234 679
0b000701 0b000001 10105 100 131072 1746250 100557 11234 1175
0b000a01 0b000301 10016 100 131072 1840039 6820 6838 1706
0b000501 0b000601 10108 100 131072 1746820 100344 11234 3573
0b000701 0b000001 10106 100 131072 1746290 101049 11234 1191
0b000301 0b000401 10107 100 131072 1746660 101724 11234 739
0b000901 0b000a01 10095 100 131072 1840858 7458 2898 1705
0b000901 0b000a01 10096 100 131072 1840898 7483 2898 1721
0b000d01 0b000e01 10088 100 131072 1840458 8263 2898 701
0b000301 0b000401 10108 100 131072 1746820 102094 11234 2611
0b000d01 0b000e01 10089 100 131072 1840987 8548 2898 1677
0b000701 0b000001 10107 100 131072 1746732 103164 11234 2663
0b000701 0b000001 10108 100 131072 1746892 103712 11234 695
0b000901 0b000a01 10097 100 131072 1843268 7425 2898 2665
0b000c01 0b000d01 10086 100 131072 1828645 22194 2898 3580
0b000101 0b000201 10104 100 131072 1746278 104648 11234 1633
0b000101 0b000201 10105 100 131072 1746282 104648 11234 2129
0b000c01 0b000501 10016 100 131072 1844270 6820 6838 2668
0b000101 0b000201 10106 100 131072 1746322 105073 11234 2145
0b000e01 0b000f01 10087 100 131072 1848562 3018 2898 702
0b000c01 0b000d01 10087 100 131072 1829792 22299 2898 1676
0b000901 0b000a01 10098 100 131072 1847705 4439 2898 2681
0b000c01 0b000d01 10088 100 131072 1830321 22122 2898 3596
0b000101 0b000201 10107 100 131072 1746596 106211 11234 3617
0b000101 0b000201 10108 100 131072 1746912 106600 11234 1649
0b000c01 0b000d01 10089 100 131072 1832876 20930 2898 3612
0b000c01 0b000d01 10090 100 131072 1833053 20841 2898 3628
0b000d01 0b000e01 10090 100 131072 1846839 7107 2898 717
0b000d01 0b000e01 10091 100 131072 1846994 6997 2898 733
0b000b01 0b000c01 10095 100 131072 1844708 9998 2898 2667
0b000b01 0b000c01 10096 100 131072 1844718 10010 2898 2683
0b000c01 0b000d01 10091 100 131072 1840106 15442 2898 3644
0b000b01 0b000c01 10097 100 131072 1845944 10103 2898 731
0b000c01 0b000d01 10092 100 131072 1844957 11276 2898 732
0b000b01 0b000c01 10098 100 131072 1847135 9352 2898 3643
0b000e01 0b000f01 10088 100 131072 1851731 5159 2898 718
0b000f01 0b000801 10093 100 131072 1854590 3018 2898 719
0b000a01 0b000b01 10093 100 131072 1853733 4299 2898 2682
0b000e01 0b000f01 10089 100 131072 1852545 6300 2898 1694
0b000a01 0b000b01 10094 100 131072 1855184 4299 2898 2698
0b000a01 0b000301 10017 100 131072 1851356 10201 6838 1722
0b000a01 0b000301 10018 100 131072 1851421 10222 6838 1738
0b000d01 0b000e01 10092 100 131072 1853849 9412 2898 3597
0b000e01 0b000f01 10090 100 131072 1856956 6577 2898 734
0b000e01 0b000f01 10091 100 131072 1857001 6555 2898 750
0b000f01 0b000801 10094 100 131072 1859900 3937 2898 735
0b000c01 0b000d01 10093 100 131072 1859057 5591 2898 748
0b000c01 0b000d01 10094 100 131072 1859527 5627 2898 3660
0b000b01 0b000c01 10099 100 131072 1861042 4355 2898 2699
0b000f01 0b000801 10095 100 131072 1861855 3832 2898 1711
0b000b01 0b000c01 10100 100 131072 1862493 4355 2898 2715
0b000301 0b000401 10109 100 131072 1758456 109121 11234 2627
0b000301 0b000401 10110 100 131072 1758466 109112 11234 2643
0b000101 0b000201 10109 100 131072 1755704 111961 11234 1665
0b000101 0b000201 10110 100 131072 1755714 111952 11234 1681
0b000501 0b000601 10109 100 131072 1759628 108107 11234 3589
0b000501 0b000601 10110 100 131072 1759638 108122 11234 3605
0b000401 0b000501 10096 100 131072 1582820 285037 11234 1188
0b000801 0b000101 10015 100 131072 1860618 7513 6838 728
0b000201 0b000301 10096 100 131072 1585180 282801 11234 226
0b000601 0b000701 10096 100 131072 1587651 280438 11234 2150
0b000201 0b000301 10097 100 131072 1594393 273960 11234 1186
0b000601 0b000701 10097 100 131072 1594393 274000 11234 3110
0b000c01 0b000501 10017 100 131072 1857716 10915 6838 2684
0b000c01 0b000501 10018 100 131072 1857738 10916 6838 2700
0b000d01 0b000e01 10093 100 131072 1855101 15859 2898 1693
0b000601 0b000f01 10013 100 131072 1847635 23769 15174 3574
0b000801 0b000901 10093 100 131072 1868727 3143 2898 1720
0b000d01 0b000e01 10094 100 131072 1855453 16685 2898 3613
0b000401 0b000d01 10013 100 131072 1848956 23142 15174 2612
0b000f01 0b000801 10096 100 131072 1866543 5738 2898 751
0b000f01 0b000801 10097 100 131072 1866566 5738 2898 767
0b000001 0b000901 10013 100 131072 1849822 22611 15174 688
0b000e01 0b000701 10015 100 131072 1866301 7494 6838 3614
0b000601 0b000f01 10014 100 131072 1850204 23766 15174 3590
0b000801 0b000101 10016 100 131072 1866847 7515 6838 744
0b000401 0b000501 10097 100 131072 1594377 280288 11234 2148
0b000d01 0b000e01 10095 100 131072 1856816 17999 2898 3629
0b000d01 0b000e01 10096 100 131072 1856934 17992 2898 3645
0b000001 0b000901 10014 100 131072 1853644 22269 15174 704
0b000d01 0b000e01 10097 100 131072 1858588 17989 2898 3661
0b000401 0b000d01 10014 100 131072 1851954 24773 15174 2628
0b000d01 0b000e01 10098 100 131072 1859243 17768 2898 749
0b000e01 0b000f01 10092 100 131072 1873970 3254 2898 1710
0b000c01 0b000501 10019 100 131072 1868437 9127 6838 2716
0b000f01 0b000801 10098 100 131072 1874414 3307 2898 3599
0b000701 0b000001 10109 100 131072 1758597 120004 11234 711
0b000701 0b000001 10110 100 131072 1758607 119998 11234 727
0b000701 0b000001 10111 100 131072 1758965 119820 11234 1207
0b000001 0b000101 10096 100 131072 1585180 293834 11234 3104
0b000c01 0b000501 10020 100 131072 1869888 9505 6838 2732
0b000001 0b000101 10097 100 131072 1594361 285017 11234 224
0b000301 0b000401 10111 100 131072 1780943 98514 11234 3123
0b000101 0b000201 10111 100 131072 1787329 92485 11234 2161
0b000501 0b000601 10111 100 131072 1791253 88813 11234 245
0b000401 0b000501 10098 100 131072 1613775 266299 11234 2980
0b000401 0b000501 10099 100 131072 1614223 265855 11234 3604
0b000401 0b000501 10100 100 131072 1614224 265858 11234 2996
0b000f01 0b000801 10099 100 131072 1876980 3187 2898 3615
0b000001 0b000101 10098 100 131072 1613687 266475 11234 1056
0b000001 0b000101 10099 100 131072 1614135 266031 11234 1680
0b000001 0b000101 10100 100 131072 1614495 265675 11234 1072
0b000201 0b000301 10098 100 131072 1613782 266396 11234 2018
0b000601 0b000701 10098 100 131072 1613775 266407 11234 102
0b000201 0b000301 10099 100 131072 1614227 265955 11234 2642
0b000601 0b000701 10099 100 131072 1614223 265963 11234 726
0b000201 0b000301 10100 100 131072 1614228 265958 11234 2034
0b000601 0b000701 10100 100 131072 1614224 265966 11234 118
0b000401 0b000501 10101 100 131072 1617051 263139 11234 3012
0b000401 0b000501 10102 100 131072 1617052 263142 11234 3620
0b000401 0b000501 10103 100 131072 1617091 263107 11234 3028
0b000901 0b000a01 10099 100 131072 1874880 5543 2898 1737
0b000001 0b000101 10101 100 131072 1617051 263227 11234 1088
0b000001 0b000101 10102 100 131072 1617053 263229 11234 1696
0b000001 0b000101 10103 100 131072 1617091 263195 11234 1104
0b000201 0b000301 10101 100 131072 1617051 263243 11234 2050
0b000601 0b000701 10101 100 131072 1617051 263247 11234 134
0b000201 0b000301 10102 100 131072 1617053 263245 11234 2658
0b000601 0b000701 10102 100 131072 1617053 263249 11234 742
0b000201 0b000301 10103 100 131072 1617091 263211 11234 2066
0b000601 0b000701 10103 100 131072 1617091 263215 11234 150
0b000201 0b000b01 10013 100 131072 1853966 26418 15174 1650
0b000d01 0b000e01 10099 100 131072 1867658 13524 2898 765
0b000d01 0b000e01 10100 100 131072 1868164 13217 2898 3677
0b000901 0b000a01 10100 100 131072 1875443 6116 2898 713
0b000401 0b000501 10104 100 131072 1690366 191636 11234 2164
0b000001 0b000101 10104 100 131072 1689333 192717 11234 240
0b000201 0b000301 10104 100 131072 1689743 192363 11234 1202
0b000601 0b000701 10104 100 131072 1689736 192374 11234 3126
0b000e01 0b000701 10016 100 131072 1875148 7576 6838 3630
0b000201 0b000301 10105 100 131072 1715783 167167 11234 242
0b000201 0b000301 10106 100 131072 1718429 164613 11234 3122
0b000201 0b000301 10107 100 131072 1718515 164531 11234 2082
0b000001 0b000101 10105 100 131072 1719122 163988 11234 1120
0b000001 0b000101 10106 100 131072 1719126 163988 11234 2160
0b000001 0b000101 10107 100 131072 1719152 163966 11234 3120
0b000201 0b000301 10108 100 131072 1720656 162466 11234 2098
0b000f01 0b000801 10100 100 131072 1880234 3021 2898 1727
0b000201 0b000301 10109 100 131072 1721866 161292 11234 3618
0b000001 0b000101 10108 100 131072 1721272 161922 11234 1136
0b000001 0b000101 10109 100 131072 1721954 161244 11234 2656
0b000901 0b000a01 10101 100 131072 1878923 4463 2898 729
0b000e01 0b000f01 10093 100 131072 1880051 3378 2898 766
0b000d01 0b000e01 10101 100 131072 1875108 8501 2898 2637
0b000801 0b000901 10094 100 131072 1880761 3456 2898 3608
0b000201 0b000301 10110 100 131072 1734351 150155 11234 2114
0b000801 0b000101 10017 100 131072 1875321 9550 6838 760
0b000001 0b000101 10110 100 131072 1734078 150804 11234 1152
0b000801 0b000101 10018 100 131072 1875361 9533 6838 776
0b000d01 0b000e01 10102 100 131072 1879737 5242 2898 2653
0b000b01 0b000c01 10101 100 131072 1883394 3034 2898 1675
0b000801 0b000901 10095 100 131072 1883177 3466 2898 3624
0b000e01 0b000f01 10094 100 131072 1884222 3347 2898 782
0b000201 0b000b01 10014 100 131072 1856552 31584 15174 1666
0b000a01 0b000b01 10095 100 131072 1884599 3935 2898 730
0b000801 0b000901 10096 100 131072 1886265 3132 2898 1736
0b000f01 0b000801 10101 100 131072 1886439 3146 2898 783
0b000a01 0b000b01 10096 100 131072 1886396 4030 2898 746
0b000901 0b000a01 10102 100 131072 1887227 3421 2898 3625
0b000a01 0b000301 10019 100 131072 1883463 7855 6838 1754
0b000e01 0b000f01 10095 100 131072 1886649 5193 2898 2654
0b000c01 0b000d01 10095 100 131072 1889468 2980 2898 1692
0b000e01 0b000701 10017 100 131072 1877855 14775 6838 3646
0b000e01 0b000f01 10096 100 131072 1887989 4866 2898 2670
0b000e01 0b000701 10018 100 131072 1877966 14928 6838 3662
0b000301 0b000401 10112 100 131072 1844041 49318 11234 1699
0b000901 0b000a01 10103 100 131072 1889683 3718 2898 3641
0b000f01 0b000801 10102 100 131072 1890579 2980 2898 799
0b000501 0b000601 10112 100 131072 1846657 46945 11234 2661
0b000101 0b000201 10112 100 131072 1871141 23488 11234 737
0b000201 0b000301 10111 100 131072 1745968 148679 11234 738
0b000e01 0b000701 10019 100 131072 1879617 15540 6838 3678
0b000901 0b000a01 10104 100 131072 1892437 3408 2898 1753
0b000a01 0b000b01 10097 100 131072 1893658 3136 2898 3642
0b000e01 0b000701 10020 100 131072 1884421 12376 6838 3694
0b000401 0b000d01 10015 100 131072 1870617 26455 15174 2644
0b000401 0b000d01 10016 100 131072 1870627 26449 15174 2660
0b000601 0b000f01 10015 100 131072 1870775 26992 15174 3606
0b000601 0b000f01 10016 100 131072 1870785 26986 15174 3622
0b000b01 0b000c01 10102 100 131072 1891146 6963 2898 1691
0b000d01 0b000e01 10103 100 131072 1895458 2876 2898 1709
0b000501 0b000e01 10007 100 131072 1883114 15497 6838 2997
0b000501 0b000e01 10008 100 131072 1883124 15489 6838 3013
0b000501 0b000e01 10009 100 131072 1883200 15503 6838 3029
0b000501 0b000e01 10010 100 131072 1883210 15495 6838 3045
0b000701 0b000801 10007 100 131072 1883222 15654 6838 119
0b000701 0b000801 10008 100 131072 1883232 15645 6838 135
0b000701 0b000801 10009 100 131072 1883308 15614 6838 151
0b000b01 0b000c01 10103 100 131072 1891544 7379 2898 747
0b000701 0b000801 10010 100 131072 1883318 15605 6838 167
0b000f01 0b000801 10103 100 131072 1894852 4598 2898 2671
0b000a01 0b000b01 10098 100 131072 1896411 3139 2898 3658
0b000b01 0b000c01 10104 100 131072 1893466 6326 2898 763
0b000f01 0b000801 10104 100 131072 1895895 4586 2898 2687
0b000801 0b000101 10019 100 131072 1892595 7899 6838 792
0b000201 0b000b01 10015 100 131072 1870705 31595 15174 1682
0b000201 0b000b01 10016 100 131072 1870715 31589 15174 1698
0b000b01 0b000c01 10105 100 131072 1899834 2944 2898 3659
0b000001 0b000101 10111 100 131072 1745965 157953 11234 3616
0b000101 0b000a01 10007 100 131072 1883202 21064 6838 1073
0b000101 0b000a01 10008 100 131072 1883212 21055 6838 1089
0b000301 0b000c01 10007 100 131072 1883218 21184 6838 2035
0b000301 0b000c01 10008 100 131072 1883228 21176 6838 2051
0b000101 0b000a01 10009 100 131072 1883288 21188 6838 1105
0b000101 0b000a01 10010 100 131072 1883298 21180 6838 1121
0b000801 0b000101 10020 100 131072 1896569 7912 6838 808
0b000701 0b000001 10112 100 131072 1871099 33480 11234 2167
0b000301 0b000c01 10009 100 131072 1883304 21312 6838 2067
0b000301 0b000c01 10010 100 131072 1883314 21304 6838 2083
0b000301 0b000401 10113 100 131072 1849899 54740 11234 1715
0b000501 0b000601 10113 100 131072 1854130 50782 11234 2677
0b000401 0b000501 10105 100 131072 1718598 186470 11234 3044
0b000401 0b000501 10106 100 131072 1718623 186449 11234 244
0b000401 0b000501 10107 100 131072 1719156 185920 11234 1204
0b000601 0b000701 10105 100 131072 1718678 186518 11234 2166
0b000601 0b000701 10106 100 131072 1718707 186493 11234 1206
0b000601 0b000701 10107 100 131072 1718708 186496 11234 166
0b000601 0b000701 10108 100 131072 1720923 184357 11234 182
0b000601 0b000701 10109 100 131072 1721961 183323 11234 1702
0b000701 0b000001 10113 100 131072 1871403 34412 11234 3127
0b000b01 0b000c01 10106 100 131072 1902590 3159 2898 3675
0b000a01 0b000301 10020 100 131072 1898855 6955 6838 1770
0b000101 0b000201 10113 100 131072 1877402 28518 11234 753
0b000d01 0b000e01 10104 100 131072 1900082 5864 2898 2669
0b000d01 0b000e01 10105 100 131072 1900092 5855 2898 2685
0b000301 0b000c01 10011 100 131072 1886086 20617 6838 2099
0b000101 0b000a01 10011 100 131072 1886150 20575 6838 1137
0b000101 0b000a01 10012 100 131072 1886234 20494 6838 1153
0b000301 0b000c01 10012 100 131072 1886162 20587 6838 2115
0b000f01 0b000801 10105 100 131072 1900777 5919 2898 3631
0b000f01 0b000801 10106 100 131072 1900787 5910 2898 3647
0b000301 0b000c01 10013 100 131072 1887546 19425 6838 2131
0b000101 0b000a01 10013 100 131072 1887922 19126 6838 1169
0b000001 0b000901 10015 100 131072 1881641 26082 15174 720
0b000001 0b000901 10016 100 131072 1881651 26076 15174 736
0b000c01 0b000d01 10096 100 131072 1901119 8746 2898 1708
0b000401 0b000501 10108 100 131072 1721188 190096 11234 3060
0b000401 0b000501 10109 100 131072 1721870 189418 11234 740
0b000b01 0b000c01 10107 100 131072 1905310 6298 2898 1707
0b000b01 0b000c01 10108 100 131072 1905320 6289 2898 1723
0b000601 0b000701 10110 100 131072 1734435 177685 11234 198
0b000501 0b000e01 10011 100 131072 1908108 6820 6838 3061
0b000d01 0b000e01 10106 100 131072 1912875 3158 2898 1725
0b000e01 0b000f01 10097 100 131072 1901344 15312 2898 1726
0b000701 0b000001 10114 100 131072 1876805 40122 11234 3623
0b000901 0b000a01 10105 100 131072 1910733 6172 2898 745
0b000901 0b000a01 10106 100 131072 1910743 6163 2898 761
0b000701 0b000801 10011 100 131072 1908244 9508 6838 183
0b000701 0b000801 10012 100 131072 1908320 9497 6838 199
0b000e01 0b000f01 10098 100 131072 1901621 16570 2898 3022
0b000e01 0b000f01 10099 100 131072 1901631 16562 2898 3038
0b000e01 0b000f01 10100 100 131072 1901713 16587 2898 3054
0b000e01 0b000f01 10101 100 131072 1901723 16579 2898 3070
0b000c01 0b000d01 10097 100 131072 1901933 16695 2898 764
0b000501 0b000e01 10012 100 131072 1914324 6820 6838 3077
0b000801 0b000901 10097 100 131072 1901886 19483 2898 136
0b000801 0b000901 10098 100 131072 1901896 19474 2898 152
0b000801 0b000901 10099 100 131072 1901932 19615 2898 168
0b000801 0b000901 10100 100 131072 1901942 19606 2898 184
0b000701 0b000801 10013 100 131072 1915160 6820 6838 215
0b000801 0b000901 10101 100 131072 1902460 19839 2898 2680
0b000801 0b000901 10102 100 131072 1903491 19757 2898 2696
0b000c01 0b000d01 10098 100 131072 1902802 20957 2898 780
0b000e01 0b000f01 10102 100 131072 1908956 14911 2898 2686
0b000e01 0b000f01 10103 100 131072 1908966 14902 2898 2702
0b000d01 0b000e01 10107 100 131072 1921638 3309 2898 781
0b000a01 0b000b01 10099 100 131072 1907276 18957 2898 1098
0b000a01 0b000b01 10100 100 131072 1907286 18948 2898 1114
0b000a01 0b000b01 10101 100 131072 1907486 19365 2898 1130
0b000a01 0b000b01 10102 100 131072 1907496 19356 2898 1146
0b000301 0b000401 10114 100 131072 1864597 62525 11234 1731
0b000301 0b000401 10115 100 131072 1864683 62795 11234 1747
0b000e01 0b000f01 10104 100 131072 1917938 9740 2898 3086
0b000801 0b000901 10103 100 131072 1909706 18297 2898 3640
0b000801 0b000901 10104 100 131072 1909716 18288 2898 3656
0b000e01 0b000f01 10105 100 131072 1919043 9340 2898 1742
0b000f01 0b000801 10107 100 131072 1919666 9070 2898 1743
0b000601 0b000701 10111 100 131072 1746060 182972 11234 2662
0b000201 0b000301 10112 100 131072 1780928 148460 11234 2130
0b000a01 0b000b01 10103 100 131072 1909735 20109 2898 1162
0b000a01 0b000b01 10104 100 131072 1909745 20100 2898 1178
0b000a01 0b000b01 10105 100 131072 1910058 19920 2898 1194
0b000401 0b000501 10110 100 131072 1733658 196468 11234 3076
0b000d01 0b000e01 10108 100 131072 1926769 3392 2898 797
0b000e01 0b000f01 10106 100 131072 1924154 7121 2898 3102
0b000801 0b000901 10105 100 131072 1920762 11667 2898 200
0b000801 0b000901 10106 100 131072 1920827 11669 2898 216
0b000501 0b000601 10114 100 131072 1870897 61933 11234 1205
0b000e01 0b000f01 10107 100 131072 1927957 4705 2898 798
0b000a01 0b000b01 10106 100 131072 1919915 12924 2898 762
0b000a01 0b000b01 10107 100 131072 1919925 12915 2898 778
0b000801 0b000901 10107 100 131072 1924990 9244 2898 232
0b000c01 0b000d01 10099 100 131072 1905788 28639 2898 3676
0b000801 0b000901 10108 100 131072 1931746 4359 2898 1752
0b000e01 0b000f01 10108 100 131072 1933171 3004 2898 814
0b000c01 0b000d01 10100 100 131072 1907412 30997 2898 2060
0b000c01 0b000d01 10101 100 131072 1907422 30988 2898 2076
0b000c01 0b000d01 10102 100 131072 1907626 31158 2898 2092
0b000c01 0b000d01 10103 100 131072 1907636 31149 2898 2108
0b000301 0b000c01 10014 100 131072 1932428 6820 6838 2147
0b000c01 0b000d01 10104 100 131072 1908759 30861 2898 3692
0b000501 0b000e01 10013 100 131072 1933166 6820 6838 3093
0b000c01 0b000d01 10105 100 131072 1909713 30479 2898 2124
0b000c01 0b000d01 10106 100 131072 1909759 30434 2898 2140
0b000c01 0b000d01 10107 100 131072 1909981 30279 2898 2156
0b000d01 0b000e01 10109 100 131072 1937437 3059 2898 3693
0b000f01 0b000801 10108 100 131072 1921201 19809 2898 3039
0b000f01 0b000801 10109 100 131072 1921211 19801 2898 3055
0b000c01 0b000d01 10108 100 131072 1914618 26565 2898 1724
0b000c01 0b000d01 10109 100 131072 1914628 26556 2898 1740
0b000f01 0b000801 10110 100 131072 1921310 19893 2898 3071
0b000f01 0b000801 10111 100 131072 1921320 19885 2898 3087
0b000501 0b000601 10115 100 131072 1871671 70340 11234 2693
0b000501 0b000601 10116 100 131072 1871711 70480 11234 2709
0b000201 0b000301 10113 100 131072 1792320 151176 11234 2674
0b000c01 0b000d01 10110 100 131072 1942258 3552 2898 2172
0b000e01 0b000f01 10109 100 131072 1942996 3070 2898 3118
0b000901 0b000a01 10107 100 131072 1924379 23189 2898 153
0b000901 0b000a01 10108 100 131072 1924389 23180 2898 169
0b000301 0b000401 10116 100 131072 1871021 77274 11234 243
0b000901 0b000a01 10109 100 131072 1924557 23893 2898 185
0b000901 0b000a01 10110 100 131072 1924567 23884 2898 201
0b000b01 0b000c01 10109 100 131072 1929243 19225 2898 1115
0b000b01 0b000c01 10110 100 131072 1929253 19217 2898 1131
0b000f01 0b000801 10112 100 131072 1926877 22057 2898 2703
0b000f01 0b000801 10113 100 131072 1926887 22048 2898 2719
0b000401 0b000501 10111 100 131072 1745881 203374 11234 1700
0b000301 0b000401 10117 100 131072 1871393 78411 11234 1203
0b000901 0b000a01 10111 100 131072 1925309 24551 2898 2697
0b000e01 0b000701 10021 100 131072 1943506 6820 6838 3710
0b000b01 0b000c01 10111 100 131072 1929861 20522 2898 1147
0b000b01 0b000c01 10112 100 131072 1929871 20514 2898 1163
0b000901 0b000a01 10112 100 131072 1926258 25010 2898 2713
0b000701 0b000001 10115 100 131072 1883196 69217 11234 743
0b000f01 0b000801 10114 100 131072 1930688 21746 2898 3103
0b000f01 0b000801 10115 100 131072 1931393 21482 2898 1759
0b000001 0b000101 10112 100 131072 1790975 162620 11234 1168
0b000701 0b000001 10116 100 131072 1883312 70341 11234 759
0b000b01 0b000c01 10113 100 131072 1932854 21230 2898 1179
0b000b01 0b000c01 10114 100 131072 1932864 21221 2898 1195
0b000b01 0b000c01 10115 100 131072 1932988 21164 2898 1211
0b000f01 0b000801 10116 100 131072 1934285 20087 2898 3119
0b000f01 0b000801 10117 100 131072 1935672 19163 2898 815
0b000b01 0b000c01 10116 100 131072 1935849 19140 2898 779
0b000b01 0b000c01 10117 100 131072 1935859 19131 2898 795
0b000001 0b000101 10113 100 131072 1792131 163252 11234 1712
0b000f01 0b000801 10118 100 131072 1939185 16355 2898 831
0b000901 0b000a01 10113 100 131072 1931013 24988 2898 3657
0b000901 0b000a01 10114 100 131072 1931023 24979 2898 3673
0b000f01 0b000801 10119 100 131072 1949076 7851 2898 3135
0b000801 0b000901 10109 100 131072 1944020 13752 2898 3048
0b000801 0b000901 10110 100 131072 1944030 13743 2898 3064
0b000901 0b000a01 10115 100 131072 1935439 22831 2898 217
0b000901 0b000a01 10116 100 131072 1935506 22765 2898 233
0b000801 0b000901 10111 100 131072 1944213 14181 2898 3080
0b000801 0b000901 10112 100 131072 1944223 14172 2898 3096
0b000901 0b000a01 10117 100 131072 1937244 21426 2898 249
0b000901 0b000a01 10118 100 131072 1939115 19732 2898 1769
0b000501 0b000601 10117 100 131072 1877705 82865 11234 2165
0b000701 0b000001 10117 100 131072 1885120 75679 11234 3143
0b000701 0b000001 10118 100 131072 1885764 75892 11234 3639
0b000101 0b000a01 10014 100 131072 1956635 6996 6838 1185
0b000c01 0b000d01 10111 100 131072 1951478 14443 2898 1132
0b000c01 0b000d01 10112 100 131072 1951488 14434 2898 1148
0b000801 0b000101 10021 100 131072 1957845 10207 6838 824
0b000a01 0b000301 10021 100 131072 1961887 6820 6838 1786
0b000d01 0b000e01 10110 100 131072 1941419 27493 2898 2077
0b000d01 0b000e01 10111 100 131072 1941429 27505 2898 2093
0b000801 0b000101 10022 100 131072 1958550 10386 6838 840
0b000801 0b000901 10113 100 131072 1951944 17603 2898 2712
0b000801 0b000901 10114 100 131072 1951954 17594 2898 2728
0b000a01 0b000b01 10108 100 131072 1950578 19122 2898 170
0b000a01 0b000b01 10109 100 131072 1950588 19113 2898 186
0b000d01 0b000e01 10112 100 131072 1941794 29007 2898 2109
0b000d01 0b000e01 10113 100 131072 1941804 28998 2898 2125
0b000801 0b000901 10115 100 131072 1955444 16397 2898 3112
0b000801 0b000901 10116 100 131072 1955885 16155 2898 1768
0b000801 0b000901 10117 100 131072 1957382 14996 2898 3128
0b000901 0b000a01 10119 100 131072 1960782 11634 2898 3065
0b000901 0b000a01 10120 100 131072 1960792 11646 2898 3081
0b000c01 0b000d01 10113 100 131072 1953393 19141 2898 1164
0b000c01 0b000d01 10114 100 131072 1953403 19132 2898 1180
0b000901 0b000a01 10121 100 131072 1961404 11422 2898 3097
0b000901 0b000a01 10122 100 131072 1961414 11413 2898 3113
0b000d01 0b000e01 10114 100 131072 1942630 30241 2898 3709
0b000801 0b000901 10118 100 131072 1959937 12936 2898 3144
0b000d01 0b000e01 10115 100 131072 1943202 30592 2898 2141
0b000d01 0b000e01 10116 100 131072 1943212 30583 2898 2157
0b000d01 0b000e01 10117 100 131072 1943270 30526 2898 2173
0b000a01 0b000b01 10110 100 131072 1951460 22685 2898 202
0b000a01 0b000b01 10111 100 131072 1951470 22676 2898 218
0b000d01 0b000e01 10118 100 131072 1944193 30154 2898 1741
0b000d01 0b000e01 10119 100 131072 1944203 30145 2898 1757
0b000101 0b000201 10114 100 131072 1882054 92873 11234 3121
0b000d01 0b000e01 10120 100 131072 1948820 27002 2898 2189
0b000c01 0b000d01 10115 100 131072 1957094 20200 2898 1196
0b000c01 0b000d01 10116 100 131072 1957104 20191 2898 1212
0b000c01 0b000d01 10117 100 131072 1957162 20134 2898 1228
0b000c01 0b000d01 10118 100 131072 1958029 19532 2898 796
0b000c01 0b000d01 10119 100 131072 1958069 19493 2898 812
0b000a01 0b000b01 10112 100 131072 1952870 24877 2898 2714
0b000b01 0b000c01 10118 100 131072 1972710 7261 2898 187
0b000b01 0b000c01 10119 100 131072 1972720 7252 2898 203
0b000001 0b000901 10017 100 131072 1955453 24906 15174 752
0b000a01 0b000b01 10113 100 131072 1954278 26500 2898 2730
0b000001 0b000901 10018 100 131072 1956693 24851 15174 768
0b000e01 0b000701 10022 100 131072 1975881 6820 6838 3726
0b000d01 0b000e01 10121 100 131072 1968961 14042 2898 1149
0b000d01 0b000e01 10122 100 131072 1969001 14192 2898 1165
0b000901 0b000a01 10123 100 131072 1972557 12302 2898 2729
0b000901 0b000a01 10124 100 131072 1972567 12293 2898 2745
0b000501 0b000601 10118 100 131072 1880604 106345 11234 2725
0b000b01 0b000c01 10120 100 131072 1977155 9750 2898 219
0b000b01 0b000c01 10121 100 131072 1977165 9741 2898 235
0b000101 0b000201 10115 100 131072 1882418 105534 11234 241
0b000c01 0b000d01 10120 100 131072 1983011 5889 2898 204
0b000c01 0b000d01 10121 100 131072 1983051 5893 2898 220
0b000b01 0b000c01 10122 100 131072 1980757 8377 2898 2731
0b000a01 0b000b01 10114 100 131072 1959011 30158 2898 3674
0b000a01 0b000b01 10115 100 131072 1959021 30149 2898 3690
0b000401 0b000501 10112 100 131072 1791608 197984 11234 3092
0b000e01 0b000f01 10110 100 131072 1971922 17407 2898 2094
0b000401 0b000501 10113 100 131072 1792049 197547 11234 3636
0b000e01 0b000f01 10111 100 131072 1971944 17386 2898 2110
0b000b01 0b000c01 10123 100 131072 1983788 6380 2898 2747
0b000701 0b000001 10119 100 131072 1895670 96303 11234 3655
0b000901 0b000a01 10125 100 131072 1974851 17061 2898 3129
0b000a01 0b000b01 10116 100 131072 1961280 30879 2898 234
0b000a01 0b000b01 10117 100 131072 1961290 30870 2898 250
0b000901 0b000a01 10126 100 131072 1975050 17193 2898 1785
0b000a01 0b000b01 10118 100 131072 1961680 30835 2898 266
0b000901 0b000a01 10127 100 131072 1975388 17208 2898 3145
0b000901 0b000a01 10128 100 131072 1975913 17014 2898 3161
0b000d01 0b000e01 10123 100 131072 1975574 17409 2898 1181
0b000d01 0b000e01 10124 100 131072 1975614 17370 2898 1197
0b000701 0b000001 10120 100 131072 1895934 99108 11234 3671
0b000601 0b000701 10112 100 131072 1791923 203690 11234 214
0b000901 0b000a01 10129 100 131072 1983399 12127 2898 777
0b000a01 0b000b01 10119 100 131072 1966671 29003 2898 1210
0b000901 0b000a01 10130 100 131072 1984584 11141 2898 793
0b000c01 0b000d01 10122 100 131072 1989945 5893 2898 236
0b000c01 0b000d01 10123 100 131072 1989985 5876 2898 252
0b000301 0b000401 10118 100 131072 1883192 114112 11234 2659
0b000601 0b000701 10113 100 131072 1792656 204745 11234 758
0b000f01 0b000801 10120 100 131072 1992339 5894 2898 2111
0b000f01 0b000801 10121 100 131072 1992349 5885 2898 2127
0b000e01 0b000f01 10112 100 131072 1973811 25393 2898 2126
0b000e01 0b000f01 10113 100 131072 1973821 25384 2898 2142
0b000501 0b000e01 10014 100 131072 1992632 7031 6838 3109
0b000301 0b000401 10119 100 131072 1883308 116553 11234 2675
0b000101 0b000201 10116 100 131072 1883176 117370 11234 1697
0b000c01 0b000501 10021 100 131072 1992174 8635 6838 2748
0b000501 0b000601 10119 100 131072 1882433 119159 11234 2741
0b000c01 0b000501 10022 100 131072 1993208 8671 6838 2764
0b000101 0b000201 10117 100 131072 1883292 118666 11234 1713
0b000d01 0b000e01 10125 100 131072 1980334 21579 2898 1213
0b000d01 0b000e01 10126 100 131072 1980344 21570 2898 1229
0b000d01 0b000e01 10127 100 131072 1980354 21561 2898 1245
0b000a01 0b000301 10022 100 131072 1995253 6820 6838 1802
0b000d01 0b000e01 10128 100 131072 1980571 21609 2898 813
0b000d01 0b000e01 10129 100 131072 1980581 21600 2898 829
0b000a01 0b000b01 10120 100 131072 1975456 27648 2898 3082
0b000a01 0b000b01 10121 100 131072 1975496 27609 2898 3098
0b000b01 0b000c01 10124 100 131072 1992179 11036 2898 3691
0b000b01 0b000c01 10125 100 131072 1992189 11027 2898 3707
0b000a01 0b000b01 10122 100 131072 1975866 27636 2898 3114
0b000a01 0b000b01 10123 100 131072 1975906 27597 2898 3130
0b000701 0b000001 10121 100 131072 1898197 105863 11234 3687
0b000501 0b000601 10120 100 131072 1883088 121010 11234 3621
0b000501 0b000601 10121 100 131072 1883204 121075 11234 3637
0b000701 0b000801 10014 100 131072 1998653 6820 6838 231
0b000501 0b000601 10122 100 131072 1885012 120823 11234 2181
0b000701 0b000001 10122 100 131072 1899837 106523 11234 3703
0b000801 0b000901 10119 100 131072 2001273 5831 2898 2120
0b000801 0b000901 10120 100 131072 2001313 5814 2898 2136
0b000f01 0b000801 10122 100 131072 2002214 5913 2898 2143
0b000f01 0b000801 10123 100 131072 2002224 5904 2898 2159
0b000e01 0b000f01 10114 100 131072 1976804 31327 2898 2158
0b000e01 0b000f01 10115 100 131072 1976814 31318 2898 2174
0b000e01 0b000f01 10116 100 131072 1976824 31309 2898 2190
0b000d01 0b000e01 10130 100 131072 1991910 16529 2898 221
0b000d01 0b000e01 10131 100 131072 1991954 16486 2898 237
0b000e01 0b000f01 10117 100 131072 1977387 31874 2898 1758
0b000e01 0b000f01 10118 100 131072 1977427 31835 2898 1774
0b000e01 0b000f01 10119 100 131072 1978862 31511 2898 2206
0b000d01 0b000e01 10132 100 131072 1998848 11573 2898 253
0b000d01 0b000e01 10133 100 131072 1998871 11551 2898 269
0b000a01 0b000b01 10124 100 131072 1987899 23615 2898 2746
0b000a01 0b000b01 10125 100 131072 1987939 23576 2898 2762
0b000801 0b000901 10121 100 131072 2008513 3140 2898 248
0b000b01 0b000c01 10126 100 131072 1995169 16796 2898 251
0b000b01 0b000c01 10127 100 131072 1995179 16808 2898 267
0b000c01 0b000d01 10124 100 131072 2006255 5880 2898 3708
0b000c01 0b000d01 10125 100 131072 2006295 5863 2898 3724
0b000b01 0b000c01 10128 100 131072 1995555 16982 2898 283
0b000a01 0b000b01 10126 100 131072 1994922 20884 2898 3146
0b000b01 0b000c01 10129 100 131072 1998684 17179 2898 1227
0b000a01 0b000b01 10127 100 131072 1995606 20553 2898 3162
0b000a01 0b000b01 10128 100 131072 1995937 20355 2898 3178
0b000101 0b000201 10118 100 131072 1885060 131621 11234 257
0b000901 0b000a01 10131 100 131072 2010144 6544 2898 2137
0b000901 0b000a01 10132 100 131072 2010184 6549 2898 2153
0b000a01 0b000b01 10129 100 131072 1998536 18377 2898 794
0b000a01 0b000b01 10130 100 131072 1998735 18201 2898 810
0b000801 0b000901 10122 100 131072 2011167 6052 2898 2152
0b000801 0b000901 10123 100 131072 2011207 6035 2898 2168
0b000901 0b000a01 10133 100 131072 2014663 4185 2898 265
0b000e01 0b000f01 10120 100 131072 1986043 33384 2898 1166
0b000e01 0b000f01 10121 100 131072 1986233 33195 2898 1182
0b000301 0b000401 10120 100 131072 1885116 134550 11234 1219
0b000d01 0b000e01 10134 100 131072 2015175 5879 2898 3725
0b000d01 0b000e01 10135 100 131072 2015215 5862 2898 3741
0b000101 0b000201 10119 100 131072 1886124 137356 11234 2177
0b000101 0b000201 10120 100 131072 1886128 137356 11234 3137
0b000101 0b000201 10121 100 131072 1886238 137250 11234 2673
0b000401 0b000d01 10017 100 131072 2000344 23562 15174 2676
0b000301 0b000401 10121 100 131072 1885960 139269 11234 259
0b000c01 0b000d01 10126 100 131072 2014975 10142 2898 268
0b000c01 0b000d01 10127 100 131072 2014997 10121 2898 284
0b000301 0b000401 10122 100 131072 1886052 139533 11234 3139
0b000301 0b000401 10123 100 131072 1886198 139655 11234 3635
0b000c01 0b000d01 10128 100 131072 2015547 10100 2898 300
0b000401 0b000d01 10018 100 131072 2002901 23534 15174 2692
0b000901 0b000a01 10134 100 131072 2020229 5872 2898 2169
0b000901 0b000a01 10135 100 131072 2020252 5872 2898 2185
0b000c01 0b000d01 10129 100 131072 2018873 7918 2898 1244
0b000a01 0b000b01 10131 100 131072 2019698 7641 2898 2154
0b000a01 0b000b01 10132 100 131072 2019743 7685 2898 2170
0b000101 0b000201 10122 100 131072 1887911 139897 11234 769
0b000101 0b000201 10123 100 131072 1887951 139861 11234 785
0b000201 0b000b01 10017 100 131072 2003586 24738 15174 1714
0b000b01 0b000c01 10130 100 131072 2006114 22039 2898 3099
0b000b01 0b000c01 10131 100 131072 2006124 22030 2898 3115
0b000a01 0b000b01 10133 100 131072 2021858 6614 2898 282
0b000501 0b000601 10123 100 131072 1908082 120555 11234 261
0b000501 0b000601 10124 100 131072 1908086 120560 11234 1221
0b000b01 0b000c01 10132 100 131072 2006512 22080 2898 3131
0b000b01 0b000c01 10133 100 131072 2006522 22072 2898 3147
0b000f01 0b000801 10124 100 131072 2011141 18036 2898 2175
0b000f01 0b000801 10125 100 131072 2011151 18027 2898 2191
0b000f01 0b000801 10126 100 131072 2011191 18120 2898 2207
0b000201 0b000b01 10018 100 131072 2004998 24679 15174 1730
0b000e01 0b000f01 10122 100 131072 1996023 34924 2898 1198
0b000e01 0b000f01 10123 100 131072 1996063 34885 2898 1214
0b000f01 0b000801 10127 100 131072 2012301 18775 2898 1775
0b000f01 0b000801 10128 100 131072 2012341 18824 2898 1791
0b000f01 0b000801 10129 100 131072 2013413 18368 2898 2223
0b000601 0b000f01 10017 100 131072 2007138 27132 15174 3638
0b000601 0b000f01 10018 100 131072 2007319 27163 15174 3654
0b000e01 0b000701 10023 100 131072 2024094 10826 6838 3742
0b000e01 0b000701 10024 100 131072 2024134 10809 6838 3758
0b000a01 0b000b01 10134 100 131072 2029111 5838 2898 2186
0b000a01 0b000b01 10135 100 131072 2029164 5830 2898 2202
0b000f01 0b000801 10130 100 131072 2022467 12615 2898 1183
0b000f01 0b000801 10131 100 131072 2022507 12576 2898 1199
0b000301 0b000401 10124 100 131072 1894358 142343 11234 1763
0b000d01 0b000e01 10136 100 131072 2026946 10119 2898 2701
0b000e01 0b000f01 10124 100 131072 2002703 34429 2898 3134
0b000e01 0b000f01 10125 100 131072 2004923 33992 2898 1230
0b000e01 0b000f01 10126 100 131072 2004933 33983 2898 1246
0b000e01 0b000f01 10127 100 131072 2004943 33995 2898 1262
0b000301 0b000401 10125 100 131072 1897687 141486 11234 755
0b000e01 0b000f01 10128 100 131072 2005190 33881 2898 830
0b000e01 0b000f01 10129 100 131072 2005200 33872 2898 846
0b000b01 0b000c01 10134 100 131072 2014554 24889 2898 2763
0b000701 0b000001 10123 100 131072 1908206 131400 11234 2183
0b000701 0b000001 10124 100 131072 1908210 131400 11234 1223
0b000701 0b000001 10125 100 131072 1908324 131466 11234 1719
0b000001 0b000101 10114 100 131072 1849847 189949 11234 1184
0b000001 0b000101 10115 100 131072 1850379 189421 11234 1200
0b000b01 0b000c01 10135 100 131072 2014594 25048 2898 2779
0b000501 0b000601 10125 100 131072 1914328 125516 11234 757
0b000001 0b000101 10116 100 131072 1852936 186916 11234 2672
0b000601 0b000701 10114 100 131072 1847636 192328 11234 230
0b000601 0b000701 10115 100 131072 1848076 191912 11234 246
0b000601 0b000701 10116 100 131072 1849404 190604 11234 1718
0b000601 0b000701 10117 100 131072 1883076 157524 11234 262
0b000601 0b000701 10118 100 131072 1896642 144298 11234 2678
0b000601 0b000701 10119 100 131072 1907952 133284 11234 2694
0b000e01 0b000f01 10130 100 131072 2011449 29714 2898 238
0b000e01 0b000f01 10131 100 131072 2011459 29705 2898 254
0b000e01 0b000f01 10132 100 131072 2013431 28262 2898 270
0b000e01 0b000f01 10133 100 131072 2013471 28223 2898 286
0b000c01 0b000d01 10130 100 131072 2031163 11606 2898 3116
0b000c01 0b000d01 10131 100 131072 2031173 11597 2898 3132
0b000c01 0b000d01 10132 100 131072 2031602 11586 2898 3148
0b000c01 0b000d01 10133 100 131072 2031642 11569 2898 3164
0b000d01 0b000e01 10137 100 131072 2028157 15157 2898 285
0b000d01 0b000e01 10138 100 131072 2028197 15206 2898 301
0b000d01 0b000e01 10139 100 131072 2028687 15175 2898 317
0b000d01 0b000e01 10140 100 131072 2029475 14828 2898 2717
0b000e01 0b000f01 10134 100 131072 2040105 4219 2898 2718
0b000d01 0b000e01 10141 100 131072 2029831 14540 2898 1261
0b000f01 0b000801 10132 100 131072 2033987 10772 2898 1215
0b000f01 0b000801 10133 100 131072 2033997 10763 2898 1231
0b000b01 0b000c01 10136 100 131072 2018846 26330 2898 3163
0b000b01 0b000c01 10137 100 131072 2019199 26273 2898 3179
0b000b01 0b000c01 10138 100 131072 2019332 26268 2898 3195
0b000b01 0b000c01 10139 100 131072 2019953 25964 2898 811
0b000b01 0b000c01 10140 100 131072 2019993 25926 2898 827
0b000101 0b000201 10124 100 131072 1903534 143677 11234 801
0b000b01 0b000c01 10141 100 131072 2031334 18080 2898 1739
0b000b01 0b000c01 10142 100 131072 2031482 17933 2898 299
0b000b01 0b000c01 10143 100 131072 2032687 16882 2898 1755
0b000301 0b000401 10126 100 131072 1908850 141687 11234 1779
0b000101 0b000201 10125 100 131072 1906958 143606 11234 3633
0b000101 0b000201 10126 100 131072 1907521 143311 11234 817
0b000401 0b000501 10114 100 131072 1848957 201928 11234 3108
0b000401 0b000501 10115 100 131072 1849396 201493 11234 3124
0b000201 0b000301 10114 100 131072 1853970 196939 11234 2146
0b000401 0b000501 10116 100 131072 1851424 199501 11234 756
0b000201 0b000301 10115 100 131072 1854435 196498 11234 2162
0b000201 0b000301 10116 100 131072 1855847 195106 11234 3634
0b000801 0b000901 10124 100 131072 2032187 19119 2898 2184
0b000801 0b000901 10125 100 131072 2032197 19110 2898 2200
0b000201 0b000301 10117 100 131072 1882824 168661 11234 2178
0b000001 0b000101 10117 100 131072 1881795 169774 11234 1216
0b000401 0b000501 10117 100 131072 1882467 169174 11234 3140
0b000701 0b000001 10126 100 131072 1932072 119617 11234 2679
0b000201 0b000301 10118 100 131072 1897669 154100 11234 754
0b000801 0b000901 10126 100 131072 2032321 19515 2898 2216
0b000201 0b000301 10119 100 131072 1908960 142917 11234 770
0b000c01 0b000501 10023 100 131072 2042483 9638 6838 2780
0b000001 0b000101 10118 100 131072 1907589 144740 11234 2176
0b000001 0b000101 10119 100 131072 1908825 143524 11234 3136
0b000101 0b000a01 10015 100 131072 2042836 9571 6838 1201
0b000101 0b000a01 10016 100 131072 2042846 9563 6838 1217
0b000c01 0b000501 10024 100 131072 2042682 9659 6838 2796
0b000501 0b000601 10126 100 131072 1952295 100341 11234 1717
0b000601 0b000701 10120 100 131072 1935840 117477 11234 1222
0b000601 0b000701 10121 100 131072 1945021 108768 11234 2710
0b000601 0b000701 10122 100 131072 1945201 108600 11234 2726
0b000601 0b000701 10123 100 131072 1963580 90485 11234 2182
0b000001 0b000101 10120 100 131072 1919967 135418 11234 3632
0b000801 0b000901 10127 100 131072 2034086 21776 2898 1784
0b000801 0b000901 10128 100 131072 2034175 21820 2898 1800
0b000b01 0b000401 10015 100 131072 2030379 25919 15174 2171
0b000b01 0b000401 10016 100 131072 2030438 26037 15174 2187
0b000801 0b000901 10129 100 131072 2034791 21865 2898 2232
0b000f01 0b000801 10134 100 131072 2037280 21374 2898 3663
0b000801 0b000901 10130 100 131072 2038092 20769 2898 1192
0b000801 0b000901 10131 100 131072 2038102 20760 2898 1208
0b000f01 0b000801 10135 100 131072 2037492 21712 2898 3679
0b000e01 0b000f01 10135 100 131072 2046354 13124 2898 302
0b000e01 0b000f01 10136 100 131072 2046443 13388 2898 318
0b000401 0b000501 10118 100 131072 1896399 164194 11234 1716
0b000e01 0b000f01 10137 100 131072 2046902 13656 2898 334
0b000e01 0b000f01 10138 100 131072 2047343 13524 2898 2734
0b000e01 0b000f01 10139 100 131072 2047411 13457 2898 1278
0b000801 0b000901 10132 100 131072 2047769 13514 2898 1224
0b000801 0b000901 10133 100 131072 2047809 13475 2898 1240
0b000a01 0b000b01 10136 100 131072 2055417 5915 2898 1226
0b000a01 0b000b01 10137 100 131072 2055427 5906 2898 1242
0b000101 0b000a01 10017 100 131072 2054579 6820 6838 1233
0b000701 0b000801 10015 100 131072 2043004 18769 6838 247
0b000701 0b000801 10016 100 131072 2043014 18763 6838 263
0b000701 0b000801 10017 100 131072 2043610 18776 6838 279
0b000101 0b000201 10127 100 131072 1958423 104538 11234 1729
0b000301 0b000401 10127 100 131072 1946536 116718 11234 2691
0b000f01 0b000801 10136 100 131072 2040142 23079 2898 3151
0b000401 0b000501 10119 100 131072 1907679 155871 11234 1732
0b000701 0b000001 10127 100 131072 1953366 110191 11234 3719
0b000501 0b000601 10127 100 131072 1992636 72810 11234 3653
0b000601 0b000701 10124 100 131072 1989989 75617 11234 2742
0b000c01 0b000d01 10134 100 131072 2048216 17430 2898 3180
0b000f01 0b000801 10137 100 131072 2041955 23775 2898 1247
0b000f01 0b000801 10138 100 131072 2041995 23890 2898 1263
0b000f01 0b000801 10139 100 131072 2042035 23851 2898 1279
0b000f01 0b000801 10140 100 131072 2042111 23776 2898 847
0b000f01 0b000801 10141 100 131072 2042151 23737 2898 863
0b000301 0b000c01 10015 100 131072 2053949 12070 6838 2163
0b000301 0b000c01 10016 100 131072 2053959 12062 6838 2179
0b000301 0b000c01 10017 100 131072 2054495 11780 6838 2195
0b000001 0b000101 10121 100 131072 1963839 102483 11234 3152
0b000901 0b000a01 10136 100 131072 2054346 12135 2898 2201
0b000901 0b000a01 10137 100 131072 2054386 12206 2898 2217
0b000a01 0b000b01 10138 100 131072 2064409 3034 2898 1258
0b000901 0b000a01 10138 100 131072 2054876 12685 2898 2233
0b000c01 0b000d01 10135 100 131072 2048512 19158 2898 3196
0b000f01 0b000801 10142 100 131072 2047334 20337 2898 2735
0b000c01 0b000d01 10136 100 131072 2048640 19448 2898 3212
0b000c01 0b000d01 10137 100 131072 2048957 19593 2898 828
0b000c01 0b000d01 10138 100 131072 2048997 19642 2898 844
0b000501 0b000e01 10015 100 131072 2053925 15084 6838 3125
0b000501 0b000e01 10016 100 131072 2053935 15075 6838 3141
0b000501 0b000e01 10017 100 131072 2054651 14710 6838 3157
0b000001 0b000101 10122 100 131072 1964696 104774 11234 3648
0b000b01 0b000c01 10144 100 131072 2064342 5903 2898 1243
0b000b01 0b000c01 10145 100 131072 2064352 5894 2898 1259
0b000901 0b000a01 10139 100 131072 2058902 12707 2898 1801
0b000901 0b000a01 10140 100 131072 2059035 12619 2898 1817
0b000901 0b000a01 10141 100 131072 2059696 12091 2898 2249
0b000f01 0b000801 10143 100 131072 2063877 7931 2898 2751
0b000f01 0b000801 10144 100 131072 2063878 7931 2898 1295
0b000801 0b000901 10134 100 131072 2061694 10357 2898 3672
0b000c01 0b000d01 10139 100 131072 2052454 19765 2898 1756
0b000c01 0b000d01 10140 100 131072 2052455 19765 2898 316
0b000c01 0b000d01 10141 100 131072 2052609 19721 2898 1772
0b000b01 0b000c01 10146 100 131072 2070453 3112 2898 1275
0b000301 0b000401 10128 100 131072 1971747 103627 11234 1795
0b000401 0b000501 10120 100 131072 1930162 145317 11234 1748
0b000401 0b000501 10121 100 131072 1930518 144977 11234 1764
0b000701 0b000001 10128 100 131072 1985741 89860 11234 3735
0b000401 0b000501 10122 100 131072 1951305 124650 11234 260
0b000401 0b000501 10123 100 131072 1952814 123161 11234 1220
0b000801 0b000901 10135 100 131072 2062244 14806 2898 3688
0b000901 0b000a01 10142 100 131072 2075061 3162 2898 3689
0b000a01 0b000b01 10139 100 131072 2069491 8739 2898 2218
0b000b01 0b000401 10017 100 131072 2037959 40405 15174 2203
0b000b01 0b000401 10018 100 131072 2038004 40531 15174 2219
0b000801 0b000101 10023 100 131072 2068897 9639 6838 856
0b000801 0b000101 10024 100 131072 2068907 9631 6838 872
0b000a01 0b000b01 10140 100 131072 2069602 8945 2898 2234
0b001501 0b001601 10210 100 2097152 1726306 352845 44264 7685
0b001501 0b001601 10211 100 2097152 1726306 352846 44264 8165
0b001501 0b001601 10212 100 2097152 1726306 352847 44264 8645
0b001501 0b001601 10213 100 2097152 1726306 352848 44264 9125
0b001501 0b001601 10214 100 2097152 1726306 352870 44264 9605
0b001501 0b001601 10215 100 2097152 1726306 352871 44264 10085
0b001501 0b001601 10216 100 2097152 1726306 352872 44264 11045
0b000a01 0b000b01 10141 100 131072 2070571 8902 2898 2250
0b001301 0b001401 10210 100 2097152 1726291 353010 44264 7683
0b001301 0b001401 10211 100 2097152 1726291 353011 44264 8163
0b001301 0b001401 10212 100 2097152 1726291 353012 44264 8643
0b001301 0b001401 10213 100 2097152 1726291 353034 44264 9123
0b001301 0b001401 10214 100 2097152 1726291 353035 44264 10083
0b001301 0b001401 10215 100 2097152 1726291 353036 44264 10563
0b001301 0b001401 10216 100 2097152 1726291 353058 44264 11043
0b001001 0b001101 10210 100 2097152 1726778 352700 44264 7680
0b001001 0b001101 10211 100 2097152 1726778 352722 44264 8640
0b001001 0b001101 10212 100 2097152 1726778 352723 44264 9120
0b001001 0b001101 10213 100 2097152 1726778 352724 44264 9600
0b001001 0b001101 10214 100 2097152 1726778 352725 44264 10080
0b001001 0b001101 10215 100 2097152 1726778 352726 44264 10560
0b001001 0b001101 10216 100 2097152 1726778 352748 44264 11040
0b001201 0b001301 10210 100 2097152 1726641 353259 44264 7682
0b001201 0b001301 10211 100 2097152 1726641 353260 44264 8162
0b001201 0b001301 10212 100 2097152 1726641 353282 44264 8642
0b001201 0b001301 10213 100 2097152 1726641 353283 44264 9602
0b001201 0b001301 10214 100 2097152 1726641 353284 44264 10082
0b001201 0b001301 10215 100 2097152 1726641 353285 44264 10562
0b001201 0b001301 10216 100 2097152 1726641 353286 44264 11042
0b001801 0b001901 10216 100 2097152 1727316 352795 44264 11048
0b001801 0b001901 10215 100 2097152 1727316 352796 44264 10568
0b001801 0b001901 10214 100 2097152 1727316 352797 44264 10088
0b001801 0b001901 10213 100 2097152 1727316 352798 44264 9608
0b001801 0b001901 10212 100 2097152 1727316 352799 44264 9128
0b001801 0b001901 10211 100 2097152 1727316 352821 44264 8648
0b001801 0b001901 10210 100 2097152 1727316 352843 44264 7688
0b001401 0b001501 10210 100 2097152 1727013 353212 44264 7684
0b001401 0b001501 10211 100 2097152 1727013 353213 44264 8164
0b001401 0b001501 10212 100 2097152 1727013 353214 44264 8644
0b001401 0b001501 10213 100 2097152 1727013 353215 44264 9124
0b001401 0b001501 10214 100 2097152 1727013 353216 44264 9604
0b001401 0b001501 10215 100 2097152 1727013 353217 44264 10564
0b001401 0b001501 10216 100 2097152 1727013 353239 44264 11044
0b001601 0b001701 10216 100 2097152 1727430 353035 44264 10566
0b001601 0b001701 10215 100 2097152 1727430 353036 44264 10086
0b001601 0b001701 10214 100 2097152 1727430 353037 44264 9606
0b001601 0b001701 10213 100 2097152 1727430 353059 44264 9126
0b001601 0b001701 10212 100 2097152 1727430 353060 44264 8646
0b001601 0b001701 10211 100 2097152 1727430 353061 44264 8166
0b001601 0b001701 10210 100 2097152 1727430 353062 44264 7686
0b001901 0b001a01 10210 100 2097152 1727226 353325 44264 7689
0b001901 0b001a01 10211 100 2097152 1727226 353326 44264 8169
0b001901 0b001a01 10212 100 2097152 1727226 353327 44264 9129
0b001901 0b001a01 10213 100 2097152 1727226 353328 44264 9609
0b001901 0b001a01 10214 100 2097152 1727226 353329 44264 10089
0b001901 0b001a01 10215 100 2097152 1727226 353330 44264 10569
0b001901 0b001a01 10216 100 2097152 1727226 353331 44264 11049
0b000e01 0b000f01 10140 100 131072 2072019 8638 2898 3150
0b000e01 0b000f01 10141 100 131072 2072029 8629 2898 3166
0b000d01 0b000e01 10142 100 131072 2071560 9142 2898 845
0b001b01 0b001c01 10210 100 2097152 1727280 353415 44264 7691
0b001b01 0b001c01 10211 100 2097152 1727280 353416 44264 8171
0b000e01 0b000f01 10142 100 131072 2072371 8444 2898 3182
0b001b01 0b001c01 10212 100 2097152 1727280 353438 44264 8651
0b001b01 0b001c01 10213 100 2097152 1727280 353439 44264 9131
0b001b01 0b001c01 10214 100 2097152 1727280 353440 44264 10091
0b001b01 0b001c01 10215 100 2097152 1727280 353441 44264 10571
0b001b01 0b001c01 10216 100 2097152 1727280 353442 44264 11051
0b000a01 0b000b01 10142 100 131072 2074797 6106 2898 2266
0b000d01 0b000e01 10143 100 131072 2071649 9427 2898 861
0b000101 0b000201 10128 100 131072 1971092 110499 11234 833
0b000401 0b000d01 10019 100 131072 2066264 15574 15174 2708
0b001c01 0b001d01 10216 100 2097152 1728626 353672 44264 11052
0b001c01 0b001d01 10215 100 2097152 1728626 353673 44264 10572
0b001c01 0b001d01 10214 100 2097152 1728626 353674 44264 9612
0b001c01 0b001d01 10213 100 2097152 1728626 353675 44264 9132
0b001c01 0b001d01 10212 100 2097152 1728626 353676 44264 8652
0b001c01 0b001d01 10211 100 2097152 1728626 353677 44264 8172
0b001c01 0b001d01 10210 100 2097152 1728626 353699 44264 7692
0b001e01 0b001f01 10210 100 2097152 1728993 353502 44264 7694
0b001e01 0b001f01 10211 100 2097152 1728993 353503 44264 8174
0b001e01 0b001f01 10212 100 2097152 1728993 353525 44264 8654
0b001e01 0b001f01 10213 100 2097152 1728993 353526 44264 9134
0b001e01 0b001f01 10214 100 2097152 1728993 353527 44264 9614
0b001e01 0b001f01 10215 100 2097152 1728993 353528 44264 10094
0b001e01 0b001f01 10216 100 2097152 1728993 353529 44264 10574
0b001101 0b001201 10216 100 2097152 1729230 353460 44264 11041
0b001101 0b001201 10215 100 2097152 1729230 353461 44264 10561
0b001101 0b001201 10214 100 2097152 1729230 353462 44264 10081
0b001101 0b001201 10213 100 2097152 1729230 353463 44264 9601
0b001101 0b001201 10212 100 2097152 1729230 353464 44264 9121
0b001101 0b001201 10211 100 2097152 1729230 353465 44264 8161
0b001101 0b001201 10210 100 2097152 1729230 353466 44264 7681
0b001d01 0b001e01 10210 100 2097152 1729362 353506 44264 7693
0b001d01 0b001e01 10211 100 2097152 1729362 353507 44264 8173
0b001d01 0b001e01 10212 100 2097152 1729362 353508 44264 8653
0b001d01 0b001e01 10213 100 2097152 1729362 353509 44264 9133
0b001d01 0b001e01 10214 100 2097152 1729362 353510 44264 9613
0b001d01 0b001e01 10215 100 2097152 1729362 353532 44264 10093
0b001d01 0b001e01 10216 100 2097152 1729362 353533 44264 11053
0b000901 0b000a01 10143 100 131072 2080060 3272 2898 3705
0b000501 0b000601 10128 100 131072 2003849 79799 11234 2757
0b000a01 0b000b01 10143 100 131072 2081233 2958 2898 3706
0b000c01 0b000d01 10142 100 131072 2069029 15505 2898 2188
0b000c01 0b000d01 10143 100 131072 2069039 15496 2898 2204
0b000c01 0b000d01 10144 100 131072 2069285 15427 2898 2220
0b000101 0b000201 10129 100 131072 1971976 113055 11234 849
0b000a01 0b000301 10023 100 131072 2074619 10439 6838 1818
0b000a01 0b000301 10024 100 131072 2074664 10460 6838 1834
0b001f01 0b001801 10210 100 2097152 1731537 353831 44264 8175
0b001f01 0b001801 10211 100 2097152 1731537 353832 44264 8655
0b001f01 0b001801 10212 100 2097152 1731537 353833 44264 9135
0b001f01 0b001801 10213 100 2097152 1731537 353834 44264 9615
0b000201 0b000301 10120 100 131072 1977937 107507 11234 3138
0b001f01 0b001801 10214 100 2097152 1731537 353856 44264 10095
0b001f01 0b001801 10215 100 2097152 1731537 353857 44264 10575
0b001f01 0b001801 10216 100 2097152 1731537 353858 44264 11055
0b000201 0b000301 10121 100 131072 1990962 95010 11234 258
0b000701 0b000001 10129 100 131072 2000441 86600 11234 775
0b001a01 0b001b01 10216 100 2097152 1731675 355064 44264 11050
0b001a01 0b001b01 10215 100 2097152 1731675 355065 44264 10570
0b001a01 0b001b01 10214 100 2097152 1731675 355087 44264 10090
0b001a01 0b001b01 10213 100 2097152 1731675 355088 44264 9610
0b001a01 0b001b01 10212 100 2097152 1731675 355089 44264 8650
0b001a01 0b001b01 10211 100 2097152 1731675 355090 44264 8170
0b001a01 0b001b01 10210 100 2097152 1731675 355091 44264 7690
0b000301 0b000401 10129 100 131072 2005113 81961 11234 1811
0b000d01 0b000e01 10144 100 131072 2075229 11847 2898 1773
0b000d01 0b000e01 10145 100 131072 2075230 11847 2898 333
0b000d01 0b000e01 10146 100 131072 2075340 11782 2898 1789
0b000c01 0b000d01 10145 100 131072 2073255 14040 2898 1260
0b000c01 0b000d01 10146 100 131072 2073265 14031 2898 1276
0b001701 0b001001 10216 100 2097152 1732027 355210 44264 11047
0b001701 0b001001 10215 100 2097152 1732027 355211 44264 10567
0b001701 0b001001 10214 100 2097152 1732027 355212 44264 10087
0b001701 0b001001 10213 100 2097152 1732027 355213 44264 9607
0b001701 0b001001 10212 100 2097152 1732027 355235 44264 9127
0b001701 0b001001 10211 100 2097152 1732027 355236 44264 8647
0b001701 0b001001 10210 100 2097152 1732027 355237 44264 8167
0b000001 0b000101 10123 100 131072 1995013 92775 11234 3664
0b000501 0b000601 10129 100 131072 2004919 83056 11234 2773
0b000c01 0b000d01 10147 100 131072 2076575 11425 2898 1292
0b000001 0b000101 10124 100 131072 1998082 90118 11234 3680
0b000601 0b000701 10125 100 131072 2004632 83860 11234 2758
0b000601 0b000701 10126 100 131072 2008875 79813 11234 2198
0b000a01 0b000b01 10144 100 131072 2086342 2958 2898 3722
0b000e01 0b000f01 10143 100 131072 2083712 5604 2898 862
0b000801 0b000901 10136 100 131072 2064783 24666 2898 264
0b000801 0b000901 10137 100 131072 2064793 24657 2898 280
0b000e01 0b000f01 10144 100 131072 2084086 5604 2898 878
0b000b01 0b000c01 10147 100 131072 2087201 2971 2898 3723
0b000f01 0b000001 10015 100 131072 2044203 46379 15174 255
0b000f01 0b000001 10016 100 131072 2044213 46370 15174 271
0b000801 0b000901 10138 100 131072 2065396 25287 2898 296
0b000801 0b000901 10139 100 131072 2066231 25552 2898 3160
0b000f01 0b000801 10145 100 131072 2083667 8736 2898 3167
0b000f01 0b000801 10146 100 131072 2083677 8727 2898 3183
0b000f01 0b000801 10147 100 131072 2083825 8646 2898 3199
0b000f01 0b000001 10017 100 131072 2044703 47985 15174 287
0b000f01 0b000001 10018 100 131072 2044713 47976 15174 303
0b000801 0b000901 10140 100 131072 2068740 25537 2898 1256
0b000801 0b000901 10141 100 131072 2068895 25493 2898 1272
0b000801 0b000901 10142 100 131072 2068905 25484 2898 1288
0b000d01 0b000e01 10147 100 131072 2084848 9858 2898 2733
0b000801 0b000901 10143 100 131072 2070681 24303 2898 2744
0b000b01 0b000c01 10148 100 131072 2092310 2970 2898 3739
0b000d01 0b000601 10015 100 131072 2045809 50012 15174 3133
0b000d01 0b000601 10016 100 131072 2045819 50003 15174 3149
0b000c01 0b000d01 10148 100 131072 2093182 3014 2898 3740
0b000801 0b000901 10144 100 131072 2074818 21597 2898 2760
0b000801 0b000901 10145 100 131072 2074819 21597 2898 1304
0b000d01 0b000601 10017 100 131072 2046198 50470 15174 3165
0b000d01 0b000601 10018 100 131072 2046221 50448 15174 3181
0b000f01 0b000801 10148 100 131072 2092326 5579 2898 879
0b000101 0b000201 10130 100 131072 2042862 55367 11234 2689
0b000f01 0b000801 10149 100 131072 2092700 5558 2898 895
0b000001 0b000101 10125 100 131072 2007100 91424 11234 3696
0b000201 0b000301 10122 100 131072 2019721 78828 11234 274
0b000e01 0b000f01 10145 100 131072 2090086 9423 2898 1790
0b000e01 0b000f01 10146 100 131072 2090087 9423 2898 350
0b000e01 0b000f01 10147 100 131072 2090132 9444 2898 1806
0b000901 0b000201 10015 100 131072 2061901 39144 15174 1209
0b000901 0b000201 10016 100 131072 2061911 39135 15174 1225
0b000c01 0b000d01 10149 100 131072 2098290 3015 2898 3756
0b000001 0b000101 10126 100 131072 2009400 92356 11234 3712
0b000e01 0b000f01 10148 100 131072 2097716 4390 2898 2750
0b000901 0b000a01 10144 100 131072 2092459 12032 2898 281
0b000901 0b000a01 10145 100 131072 2092469 12024 2898 297
0b000d01 0b000e01 10148 100 131072 2087544 16989 2898 2205
0b000d01 0b000e01 10149 100 131072 2087554 16981 2898 2221
0b000801 0b000901 10146 100 131072 2095413 9176 2898 3176
0b000801 0b000901 10147 100 131072 2095423 9167 2898 3192
0b000801 0b000901 10148 100 131072 2095481 9132 2898 3208
0b000d01 0b000e01 10150 100 131072 2087722 17025 2898 2237
0b000401 0b000501 10124 100 131072 2022706 83802 11234 1236
0b000901 0b000a01 10146 100 131072 2093693 13162 2898 313
0b000d01 0b000e01 10151 100 131072 2090305 17709 2898 1277
0b000d01 0b000e01 10152 100 131072 2090315 17700 2898 1293
0b000901 0b000a01 10147 100 131072 2094793 13288 2898 3177
0b000201 0b000b01 10019 100 131072 2066001 42543 15174 1746
0b000d01 0b000e01 10153 100 131072 2091010 17336 2898 1309
0b000f01 0b000801 10150 100 131072 2102519 7104 2898 1807
0b000f01 0b000801 10151 100 131072 2102586 7149 2898 1823
0b000901 0b000201 10017 100 131072 2064293 46673 15174 1241
0b000901 0b000201 10018 100 131072 2064303 46664 15174 1257
0b000d01 0b000e01 10154 100 131072 2099206 11781 2898 3757
0b000f01 0b000801 10152 100 131072 2105116 5940 2898 2767
0b000701 0b000001 10130 100 131072 2037960 73808 11234 3751
0b000d01 0b000e01 10155 100 131072 2104315 7443 2898 3773
0b000701 0b000001 10131 100 131072 2038000 73968 11234 3767
0b000901 0b000a01 10148 100 131072 2097994 14048 2898 2761
0b000501 0b000601 10130 100 131072 2053935 59340 11234 773
0b000901 0b000a01 10149 100 131072 2099425 13784 2898 2777
0b000d01 0b000601 10019 100 131072 2068656 44572 15174 3197
0b000b01 0b000c01 10149 100 131072 2111554 3018 2898 1771
0b000301 0b000401 10130 100 131072 2053963 61282 11234 3651
0b000a01 0b000b01 10145 100 131072 2107501 9554 2898 298
0b000a01 0b000b01 10146 100 131072 2107511 9545 2898 314
0b000901 0b000a01 10150 100 131072 2107599 11056 2898 3193
0b000901 0b000a01 10151 100 131072 2107609 11068 2898 3209
0b000901 0b000a01 10152 100 131072 2107623 11055 2898 3225
0b000801 0b000901 10149 100 131072 2112633 7779 2898 1816
0b000c01 0b000d01 10150 100 131072 2117582 2887 2898 1788
0b000801 0b000901 10150 100 131072 2112745 7879 2898 1832
0b000e01 0b000f01 10149 100 131072 2107543 13340 2898 2222
0b000e01 0b000f01 10150 100 131072 2107553 13332 2898 2238
0b000e01 0b000f01 10151 100 131072 2107757 13466 2898 2254
0b000801 0b000901 10151 100 131072 2114066 7211 2898 2776
0b000a01 0b000b01 10147 100 131072 2109865 11529 2898 330
0b000f01 0b000001 10019 100 131072 2062488 59191 15174 319
0b000301 0b000401 10131 100 131072 2054779 67010 11234 771
0b000301 0b000401 10132 100 131072 2054887 67079 11234 787
0b000b01 0b000401 10019 100 131072 2081240 41466 15174 2235
0b000501 0b000601 10131 100 131072 2055131 67680 11234 2789
0b000601 0b000701 10127 100 131072 2031677 91450 11234 278
0b000601 0b000701 10128 100 131072 2031686 91445 11234 1238
0b000501 0b000601 10132 100 131072 2055351 67901 11234 2805
0b000a01 0b000b01 10148 100 131072 2111091 12350 2898 3194
0b000e01 0b000f01 10152 100 131072 2111024 13362 2898 1294
0b000e01 0b000f01 10153 100 131072 2111034 13374 2898 1310
0b000e01 0b000f01 10154 100 131072 2111356 13119 2898 1326
0b000f01 0b000001 10020 100 131072 2062841 61641 15174 335
0b000601 0b000f01 10019 100 131072 2068486 57005 15174 3670
0b000b01 0b000401 10020 100 131072 2081557 44195 15174 2251
0b000f01 0b000001 10021 100 131072 2063568 62385 15174 351
0b000101 0b000201 10131 100 131072 2055339 70753 11234 2193
0b000101 0b000201 10132 100 131072 2055359 70737 11234 3153
0b000d01 0b000e01 10156 100 131072 2123479 2919 2898 1805
0b000801 0b000101 10025 100 131072 2100915 25584 6838 888
0b000801 0b000101 10026 100 131072 2101268 25379 6838 904
0b000b01 0b000c01 10150 100 131072 2120065 6834 2898 315
0b000b01 0b000c01 10151 100 131072 2120075 6825 2898 331
0b001001 0b001101 10217 100 2097152 1841304 286940 44264 7696
0b000a01 0b000b01 10149 100 131072 2115052 13579 2898 2778
0b000a01 0b000b01 10150 100 131072 2116219 13335 2898 2794
0b000b01 0b000c01 10152 100 131072 2124404 6813 2898 347
0b000901 0b000a01 10153 100 131072 2123422 7995 2898 1833
0b000901 0b000a01 10154 100 131072 2123634 8224 2898 1849
0b000b01 0b000c01 10153 100 131072 2126451 5449 2898 3211
0b000101 0b000201 10133 100 131072 2058395 73719 11234 3649
0b000901 0b000a01 10155 100 131072 2124287 7902 2898 2793
0b000b01 0b000401 10021 100 131072 2082483 49857 15174 2267
0b000e01 0b000f01 10155 100 131072 2129408 3008 2898 1822
0b000a01 0b000b01 10151 100 131072 2121665 11832 2898 3210
0b000a01 0b000b01 10152 100 131072 2121687 11811 2898 3226
0b000a01 0b000b01 10153 100 131072 2121697 11802 2898 3242
0b000d01 0b000601 10020 100 131072 2070680 62921 15174 3213
0b000d01 0b000601 10021 100 131072 2071098 62741 15174 3229
0b000b01 0b000401 10022 100 131072 2083913 50320 15174 2283
0b000501 0b000601 10133 100 131072 2063603 70845 11234 1733
0b000001 0b000901 10019 100 131072 2090081 44836 15174 784
0b001b01 0b001c01 10217 100 2097152 1837234 297902 44264 9147
0b000b01 0b000c01 10154 100 131072 2131641 5057 2898 2795
0b000c01 0b000d01 10151 100 131072 2129909 7217 2898 332
0b000c01 0b000d01 10152 100 131072 2129919 7208 2898 348
0b000a01 0b000b01 10154 100 131072 2135199 3041 2898 2810
0b000e01 0b000701 10025 100 131072 2113997 24346 6838 3774
0b000f01 0b000801 10153 100 131072 2123893 14792 2898 2239
0b000f01 0b000801 10154 100 131072 2123903 14784 2898 2255
0b000e01 0b000701 10026 100 131072 2114768 24317 6838 3790
0b000f01 0b000801 10155 100 131072 2124233 15338 2898 2271
0b000b01 0b000c01 10155 100 131072 2132564 7479 2898 2811
0b000701 0b000001 10132 100 131072 2043018 97331 11234 1735
0b000901 0b000a01 10156 100 131072 2137927 2887 2898 809
0b000f01 0b000001 10022 100 131072 2102520 38331 15174 367
0b000c01 0b000d01 10153 100 131072 2134227 7362 2898 364
0b000c01 0b000d01 10154 100 131072 2134910 6921 2898 3228
0b000101 0b000201 10134 100 131072 2069332 74146 11234 3169
0b000701 0b000001 10133 100 131072 2043950 99683 11234 2695
0b001801 0b001901 10217 100 2097152 1842054 301629 44264 7704
0b000701 0b000801 10018 100 131072 2126137 18083 6838 295
0b000701 0b000001 10134 100 131072 2044246 100004 11234 2711
0b000f01 0b000801 10156 100 131072 2127396 17564 2898 1311
0b000f01 0b000801 10157 100 131072 2127418 17543 2898 1327
0b000f01 0b000801 10158 100 131072 2127485 17543 2898 1343
0b000501 0b000601 10134 100 131072 2066560 79000 11234 1749
0b000f01 0b000801 10159 100 131072 2128501 16880 2898 3695
0b000601 0b000701 10129 100 131072 2042884 102781 11234 774
0b000601 0b000701 10130 100 131072 2055676 90189 11234 1734
0b000f01 0b000801 10160 100 131072 2135426 10968 2898 1839
0b000d01 0b000e01 10157 100 131072 2140136 6259 2898 349
0b000d01 0b000e01 10158 100 131072 2140146 6251 2898 365
0b000a01 0b000b01 10155 100 131072 2143824 3026 2898 826
0b000b01 0b000c01 10156 100 131072 2136507 10943 2898 3227
0b000b01 0b000c01 10157 100 131072 2136517 10935 2898 3243
0b000b01 0b000c01 10158 100 131072 2136527 10927 2898 3259
0b000d01 0b000e01 10159 100 131072 2144599 3984 2898 381
0b000b01 0b000c01 10159 100 131072 2141250 7487 2898 2827
0b000b01 0b000c01 10160 100 131072 2149860 2984 2898 843
0b000a01 0b000301 10025 100 131072 2134427 19179 6838 1850
0b000801 0b000901 10152 100 131072 2141695 12102 2898 2248
0b000801 0b000901 10153 100 131072 2141705 12094 2898 2264
0b000a01 0b000301 10026 100 131072 2134868 19540 6838 1866
0b000101 0b000201 10135 100 131072 2072480 82194 11234 3665
0b001201 0b001301 10217 100 2097152 1838252 317165 44264 8658
0b000e01 0b000f01 10156 100 131072 2149405 7286 2898 366
0b000e01 0b000f01 10157 100 131072 2149415 7278 2898 382
0b000c01 0b000501 10025 100 131072 2139708 16988 6838 2812
0b000801 0b000901 10154 100 131072 2142581 14160 2898 2280
0b000901 0b000201 10019 100 131072 2097287 60224 15174 1273
0b000e01 0b000f01 10158 100 131072 2151593 6194 2898 398
0b000901 0b000201 10020 100 131072 2097398 60488 15174 1289
0b000901 0b000201 10021 100 131072 2097408 60479 15174 1305
0b000901 0b000201 10022 100 131072 2099426 59160 15174 1321
0b000c01 0b000d01 10155 100 131072 2150460 9493 2898 3244
0b000c01 0b000d01 10156 100 131072 2150470 9485 2898 3260
0b000c01 0b000d01 10157 100 131072 2150480 9477 2898 3276
0b000c01 0b000501 10026 100 131072 2143053 17385 6838 2828
0b000c01 0b000d01 10158 100 131072 2155854 5848 2898 860
0b000901 0b000a01 10157 100 131072 2156807 7665 2898 2265
0b000901 0b000a01 10158 100 131072 2156817 7656 2898 2281
0b000301 0b000401 10133 100 131072 2088068 76951 11234 1827
0b000301 0b000401 10134 100 131072 2088134 77597 11234 1843
0b000901 0b000a01 10159 100 131072 2159751 6238 2898 2297
0b000801 0b000901 10155 100 131072 2147230 18855 2898 312
0b000c01 0b000501 10027 100 131072 2151747 14426 6838 2844
0b000d01 0b000601 10022 100 131072 2144841 21746 15174 3245
0b000301 0b000401 10135 100 131072 2088454 78513 11234 3155
0b000801 0b000901 10156 100 131072 2147970 18957 2898 1320
0b000801 0b000901 10157 100 131072 2147980 18949 2898 1336
0b000801 0b000901 10158 100 131072 2148038 18956 2898 1352
0b000801 0b000901 10159 100 131072 2148391 18689 2898 3704
0b000801 0b000901 10160 100 131072 2149404 17804 2898 1848
0b000d01 0b000e01 10160 100 131072 2164712 2876 2898 877
0b000301 0b000401 10136 100 131072 2088982 78693 11234 275
0b001501 0b001601 10217 100 2097152 1840810 327586 44264 10101
0b001e01 0b001f01 10217 100 2097152 1838808 332689 44264 10590
0b001301 0b001401 10217 100 2097152 1840472 331708 44264 9139
0b000e01 0b000f01 10159 100 131072 2170598 2876 2898 894
0b000a01 0b000b01 10156 100 131072 2167482 8186 2898 2282
0b000a01 0b000b01 10157 100 131072 2167492 8177 2898 2298
0b000901 0b000a01 10160 100 131072 2169095 6635 2898 329
0b000a01 0b000b01 10158 100 131072 2168999 7505 2898 2314
0b000101 0b000201 10136 100 131072 2081546 95684 11234 865
0b000101 0b000201 10137 100 131072 2081556 95678 11234 881
0b000901 0b000a01 10161 100 131072 2170090 7644 2898 3721
0b000901 0b000a01 10162 100 131072 2170218 7581 2898 1865
0b001d01 0b001e01 10217 100 2097152 1839494 338200 44264 10109
0b000301 0b000401 10137 100 131072 2101559 77312 11234 291
0b000401 0b000501 10125 100 131072 2028269 150891 11234 276
0b000401 0b000501 10126 100 131072 2028625 150627 11234 3156
0b000f01 0b000801 10161 100 131072 2176484 2876 2898 911
0b000401 0b000501 10127 100 131072 2028893 150403 11234 3652
0b001401 0b001501 10217 100 2097152 1839260 340459 44264 9620
0b001901 0b001a01 10217 100 2097152 1840097 340080 44264 8185
0b001301 0b001c01 10031 100 2097152 2082934 97310 48204 9619
0b000401 0b000501 10128 100 131072 2039741 141167 11234 1780
0b001601 0b001f01 10031 100 2097152 2082188 99872 48204 11062
0b000a01 0b000b01 10159 100 131072 2178740 3632 2898 346
0b000401 0b000501 10129 100 131072 2042213 140175 11234 772
0b000701 0b000001 10135 100 131072 2056327 126723 11234 1239
0b000a01 0b000b01 10160 100 131072 2180744 3625 2898 3738
0b001601 0b001701 10217 100 2097152 1840850 343817 44264 10582
0b001201 0b001b01 10031 100 2097152 2085704 101560 48204 9138
0b000501 0b000601 10135 100 131072 2078489 109748 11234 1765
0b000501 0b000601 10136 100 131072 2078505 109736 11234 1781
0b000701 0b000001 10136 100 131072 2056799 131811 11234 2727
0b000701 0b000001 10137 100 131072 2056811 131887 11234 2743
0b000b01 0b000c01 10161 100 131072 2185382 3632 2898 363
0b000701 0b000001 10138 100 131072 2057075 131888 11234 2199
0b001c01 0b001d01 10217 100 2097152 1838694 350468 44264 9628
0b000501 0b000601 10137 100 131072 2078965 111132 11234 277
0b000501 0b000601 10138 100 131072 2078985 111200 11234 1237
0b000b01 0b000c01 10162 100 131072 2187379 3632 2898 3755
0b000801 0b000101 10027 100 131072 2182370 10111 6838 920
0b001501 0b001e01 10031 100 2097152 2083240 109283 48204 10581
0b000a01 0b000301 10027 100 131072 2180809 12162 6838 1882
0b001a01 0b001301 10031 100 2097152 2083563 110685 48204 9146
0b001701 0b001801 10031 100 2097152 2083502 111127 48204 7703
0b001f01 0b001801 10217 100 2097152 1839349 355963 44264 11071
0b001401 0b001d01 10031 100 2097152 2082336 113194 48204 10100
0b000c01 0b000d01 10159 100 131072 2192024 3632 2898 380
0b000501 0b000e01 10018 100 131072 2182262 13449 6838 3173
0b001c01 0b001501 10031 100 2097152 2083730 112185 48204 10108
0b001a01 0b001b01 10217 100 2097152 1840210 356671 44264 8666
0b000c01 0b000d01 10160 100 131072 2194021 3632 2898 3772
0b001f01 0b001001 10031 100 2097152 2085505 112107 48204 7711
0b001701 0b001001 10217 100 2097152 1841234 356475 44264 11063
0b000f01 0b000001 10023 100 131072 2159701 38406 15174 383
0b000f01 0b000001 10024 100 131072 2159711 38397 15174 399
0b000101 0b000201 10138 100 131072 2090798 107263 11234 3681
0b001d01 0b001601 10031 100 2097152 2085309 113107 48204 10589
0b000f01 0b000001 10025 100 131072 2160797 38142 15174 415
0b000101 0b000201 10139 100 131072 2091210 108443 11234 3697
0b000701 0b000001 10139 100 131072 2068616 131531 11234 2759
0b000301 0b000401 10138 100 131072 2156616 43835 11234 1859
0b001801 0b001101 10031 100 2097152 2088378 112500 48204 8184
0b000001 0b000101 10127 100 131072 2042646 158352 11234 2192
0b000001 0b000101 10128 100 131072 2042650 158352 11234 1232
0b000001 0b000101 10129 100 131072 2042830 158948 11234 1728
0b000d01 0b000601 10023 100 131072 2162963 38762 15174 3261
0b000d01 0b000601 10024 100 131072 2162973 38776 15174 3277
0b000d01 0b000601 10025 100 131072 2162983 38767 15174 3293
0b000e01 0b000f01 10160 100 131072 2198721 3151 2898 3198
0b000501 0b000601 10139 100 131072 2109518 92712 11234 1253
0b001001 0b001901 10031 100 2097152 2090274 111963 48204 8176
0b000d01 0b000e01 10161 100 131072 2198666 3764 2898 397
0b000601 0b000701 10131 100 131072 2086688 115702 11234 2774
0b001101 0b001201 10217 100 2097152 1840683 362006 44264 8177
0b000301 0b000401 10139 100 131072 2157418 46140 11234 1875
0b000d01 0b000e01 10162 100 131072 2200663 3764 2898 3789
0b000401 0b000501 10130 100 131072 2053577 151117 11234 1796
0b001e01 0b001701 10031 100 2097152 2085905 119310 48204 11070
0b000901 0b000201 10023 100 131072 2169937 37175 15174 1337
0b000901 0b000201 10024 100 131072 2169947 37174 15174 1353
0b000901 0b000201 10025 100 131072 2170004 37210 15174 1369
0b000f01 0b000801 10162 100 131072 2204882 3089 2898 3215
0b000e01 0b000f01 10161 100 131072 2205440 2984 2898 414
0b000101 0b000201 10140 100 131072 2101534 109483 11234 3713
0b000801 0b000901 10161 100 131072 2210981 2876 2898 3224
0b000b01 0b000401 10023 100 131072 2178678 35515 15174 2299
0b000b01 0b000401 10024 100 131072 2178688 35514 15174 2315
0b000e01 0b000701 10027 100 131072 2207437 6878 6838 3806
0b000101 0b000a01 10018 100 131072 2204012 10668 6838 1249
0b000501 0b000601 10140 100 131072 2159706 55811 11234 2821
0b000b01 0b000401 10025 100 131072 2179514 36293 15174 2331
0b000301 0b000401 10140 100 131072 2195981 20285 11234 1891
0b000401 0b000501 10131 100 131072 2059308 157051 11234 2180
0b000401 0b000501 10132 100 131072 2059485 156878 11234 2196
0b000601 0b000701 10132 100 131072 2091015 127648 11234 2790
0b001101 0b001a01 10031 100 2097152 2082510 137296 48204 8657
0b000901 0b000a01 10163 100 131072 2216867 2966 2898 3241
0b001901 0b001201 10031 100 2097152 2083147 136747 48204 8665
0b000a01 0b000b01 10161 100 131072 2217690 2973 2898 1274
0b000101 0b000201 10141 100 131072 2104766 117447 11234 3729
0b001b01 0b001401 10031 100 2097152 2089773 132250 48204 9627
0b000201 0b000301 10123 100 131072 2026520 196016 11234 2194
0b000201 0b000301 10124 100 131072 2026524 196016 11234 3154
0b000201 0b000301 10125 100 131072 2026528 196016 11234 2690
0b000701 0b000001 10140 100 131072 2091502 131085 11234 2775
0b000201 0b000301 10126 100 131072 2030848 192452 11234 786
0b000201 0b000301 10127 100 131072 2030888 192416 11234 802
0b000701 0b000001 10141 100 131072 2091698 131681 11234 2215
0b000001 0b000101 10130 100 131072 2054729 169451 11234 2688
0b000a01 0b000b01 10162 100 131072 2222843 2972 2898 3258
0b000f01 0b000001 10026 100 131072 2211434 15083 15174 431
0b000b01 0b000c01 10163 100 131072 2223673 2972 2898 1291
0b000501 0b000601 10141 100 131072 2163448 63212 11234 2837
0b000b01 0b000c01 10164 100 131072 2228825 2972 2898 3275
0b000301 0b000c01 10018 100 131072 2225546 6820 6838 2211
0b000c01 0b000d01 10161 100 131072 2229655 2972 2898 1308
0b000701 0b000001 10142 100 131072 2126141 109712 11234 1255
0b000501 0b000601 10142 100 131072 2169183 68762 11234 2853
0b000d01 0b000e01 10163 100 131072 2235637 3153 2898 1325
0b000c01 0b000d01 10162 100 131072 2234807 5192 2898 3292
0b000c01 0b000d01 10163 100 131072 2235376 5192 2898 2236
0b000e01 0b000f01 10162 100 131072 2241800 2970 2898 1342
0b000101 0b000201 10142 100 131072 2129509 115488 11234 897
0b000101 0b000201 10143 100 131072 2129657 115872 11234 913
0b000d01 0b000e01 10164 100 131072 2243578 2926 2898 2253
0b000201 0b000301 10128 100 131072 2050251 197131 11234 818
0b000201 0b000301 10129 100 131072 2053604 194174 11234 3650
0b000201 0b000301 10130 100 131072 2053872 193910 11234 834
0b000f01 0b000801 10163 100 131072 2247780 2991 2898 1359
0b000001 0b000101 10131 100 131072 2066597 185104 11234 3728
0b000e01 0b000f01 10163 100 131072 2249514 2928 2898 2270
0b000701 0b000001 10143 100 131072 2141353 114418 11234 3783
0b000801 0b000901 10162 100 131072 2253781 2994 2898 1368
0b000d01 0b000601 10026 100 131072 2243009 15083 15174 3309
0b000f01 0b000801 10164 100 131072 2255452 2931 2898 2287
0b000701 0b000001 10144 100 131072 2142095 116588 11234 3799
0b000101 0b000201 10144 100 131072 2195491 63922 11234 929
0b000801 0b000901 10163 100 131072 2261393 2876 2898 2296
0b000301 0b000401 10141 100 131072 2225550 41847 11234 3171
0b000301 0b000401 10142 100 131072 2225554 41847 11234 2707
0b000901 0b000a01 10164 100 131072 2267279 2876 2898 2313
0b000301 0b000401 10143 100 131072 2226310 43919 11234 803
0b000301 0b000401 10144 100 131072 2226320 43913 11234 819
0b000501 0b000601 10143 100 131072 2182170 90839 11234 293
0b000501 0b000601 10144 100 131072 2182306 92207 11234 3669
0b000901 0b000201 10026 100 131072 2259785 15083 15174 1385
0b000401 0b000501 10133 100 131072 2078384 196501 11234 1812
0b000a01 0b000b01 10163 100 131072 2273165 2876 2898 2330
0b000101 0b000201 10145 100 131072 2204008 74886 11234 2209
0b000701 0b000001 10145 100 131072 2148675 131604 11234 791
0b000501 0b000601 10145 100 131072 2183918 97119 11234 1797
0b000701 0b000001 10146 100 131072 2148875 132200 11234 1751
0b000101 0b000201 10146 100 131072 2204788 77110 11234 1745
0b000001 0b000101 10132 100 131072 2078641 203472 11234 3744
0b000501 0b000601 10146 100 131072 2185398 97583 11234 789
0b000401 0b000d01 10020 100 131072 2270411 21932 15174 2724
0b000601 0b000f01 10020 100 131072 2277523 15078 15174 3686
0b000101 0b000201 10147 100 131072 2227190 66669 11234 2705
0b000b01 0b000401 10026 100 131072 2279051 15230 15174 2347
0b000701 0b000001 10147 100 131072 2205400 89139 11234 2791
0b000501 0b000601 10147 100 131072 2207704 87079 11234 1813
0b000d01 0b000e01 10165 100 131072 2295353 2876 2898 2749
0b000001 0b000901 10020 100 131072 2283289 15078 15174 800
0b000f01 0b000801 10165 100 131072 2295611 2876 2898 3711
0b000201 0b000b01 10020 100 131072 2284908 15078 15174 1762
0b000301 0b000401 10145 100 131072 2250392 50850 11234 835
0b000401 0b000501 10134 100 131072 2081374 222858 11234 2212
0b000e01 0b000f01 10164 100 131072 2301239 2876 2898 2766
0b000401 0b000501 10135 100 131072 2081545 222691 11234 2228
0b000301 0b000401 10146 100 131072 2250788 53542 11234 3667
0b000301 0b000401 10147 100 131072 2250792 53542 11234 851
0b000901 0b000a01 10165 100 131072 2301377 3073 2898 825
0b000801 0b000901 10164 100 131072 2301497 3000 2898 3720
0b000401 0b000501 10136 100 131072 2090084 214860 11234 1828
0b000b01 0b000c01 10165 100 131072 2302996 2876 2898 1787
0b000701 0b000001 10148 100 131072 2217325 88764 11234 3815
0b000101 0b000201 10148 100 131072 2254711 51436 11234 3745
0b000201 0b000301 10131 100 131072 2084631 222388 11234 850
0b000f01 0b000801 10166 100 131072 2307125 2876 2898 2783
0b000a01 0b000b01 10164 100 131072 2307460 3003 2898 842
0b000901 0b000a01 10166 100 131072 2307507 3000 2898 3737
0b000c01 0b000d01 10164 100 131072 2308882 2876 2898 1804
0b000801 0b000901 10165 100 131072 2313011 2876 2898 2792
0b000b01 0b000c01 10166 100 131072 2313473 3000 2898 859
0b000a01 0b000b01 10165 100 131072 2313517 3000 2898 3754
0b000701 0b000001 10149 100 131072 2221673 95612 11234 2807
0b000601 0b000701 10133 100 131072 2098831 218533 11234 3142
0b000601 0b000701 10134 100 131072 2098841 218527 11234 3158
0b000501 0b000601 10148 100 131072 2219369 98090 11234 2197
0b000501 0b000601 10149 100 131072 2219379 98081 11234 2213
0b000001 0b000101 10133 100 131072 2093592 223876 11234 256
0b000001 0b000101 10134 100 131072 2093602 223870 11234 272
0b000601 0b000701 10135 100 131072 2099678 217854 11234 3174
0b000601 0b000701 10136 100 131072 2099688 217848 11234 3190
0b000d01 0b000e01 10166 100 131072 2314768 2876 2898 1821
0b000001 0b000101 10135 100 131072 2095698 222222 11234 288
0b000001 0b000101 10136 100 131072 2095708 222216 11234 304
0b000201 0b000301 10132 100 131072 2088071 230425 11234 866
0b000101 0b000201 10149 100 131072 2285123 33396 11234 3761
0b000001 0b000101 10137 100 131072 2114778 205866 11234 3760
0b000001 0b000101 10138 100 131072 2114978 205766 11234 3776
0b000301 0b000401 10148 100 131072 2310029 11312 11234 867
0b000901 0b000a01 10167 100 131072 2318897 2876 2898 2809
0b000c01 0b000d01 10165 100 131072 2319483 3000 2898 876
0b000b01 0b000c01 10167 100 131072 2319527 3000 2898 3771
0b000e01 0b000f01 10165 100 131072 2320654 2876 2898 1838
0b000a01 0b000b01 10166 100 131072 2324783 2876 2898 2826
0b000d01 0b000e01 10167 100 131072 2325493 3000 2898 893
0b000c01 0b000d01 10166 100 131072 2325537 3000 2898 3788
0b000f01 0b000801 10167 100 131072 2326540 2876 2898 1855
0b000501 0b000601 10150 100 131072 2277895 53098 11234 1829
0b000601 0b000701 10138 100 131072 2116238 214843 11234 3206
0b000601 0b000701 10137 100 131072 2116285 214800 11234 790
0b000301 0b000401 10149 100 131072 2321506 11361 11234 883
0b000401 0b000501 10137 100 131072 2118255 214815 11234 3668
0b000b01 0b000c01 10168 100 131072 2330669 2876 2898 2843
0b000e01 0b000f01 10166 100 131072 2331503 3000 2898 910
0b000d01 0b000e01 10168 100 131072 2331547 3000 2898 3805
0b000801 0b000901 10166 100 131072 2332426 2876 2898 1864
0b000f01 0b000801 10168 100 131072 2337513 2876 2898 927
0b000901 0b000a01 10168 100 131072 2338312 2876 2898 1881
0b000c01 0b000501 10028 100 131072 2336555 6820 6838 2860
0b000e01 0b000701 10028 100 131072 2337557 6820 6838 3822
0b000401 0b000501 10138 100 131072 2124799 221167 11234 788
0b000401 0b000501 10139 100 131072 2124976 220994 11234 804
0b000401 0b000501 10140 100 131072 2125716 222300 11234 2244
0b000201 0b000301 10133 100 131072 2101269 247748 11234 2706
0b000801 0b000101 10028 100 131072 2343399 6820 6838 936
0b000a01 0b000301 10028 100 131072 2344198 6820 6838 1898
0b000001 0b000101 10139 100 131072 2124689 233855 11234 320
0b000401 0b000501 10141 100 131072 2128762 230480 11234 2260
0b000601 0b000701 10139 100 131072 2125821 234680 11234 2806
0b000501 0b000601 10151 100 131072 2307242 57051 11234 2229
0b000501 0b000601 10152 100 131072 2307252 57045 11234 2245
0b000601 0b000701 10140 100 131072 2126262 239314 11234 2822
0b000501 0b000601 10153 100 131072 2307954 57671 11234 1845
0b000701 0b000001 10150 100 131072 2320374 45298 11234 3159
0b000701 0b000001 10151 100 131072 2320384 45292 11234 3175
0b000701 0b000001 10152 100 131072 2320542 45666 11234 3191
0b000701 0b000001 10153 100 131072 2320552 45660 11234 3207
0b000301 0b000401 10150 100 131072 2352027 14414 11234 2723
0b000301 0b000401 10151 100 131072 2354028 20437 11234 1907
0b000401 0b000501 10142 100 131072 2135350 239306 11234 2276
0b000401 0b000501 10143 100 131072 2137243 237501 11234 2292
0b000501 0b000601 10154 100 131072 2336080 41683 11234 3685
0b000601 0b000701 10141 100 131072 2136611 241178 11234 3222
0b000601 0b000701 10142 100 131072 2136849 240944 11234 3238
0b000601 0b000701 10143 100 131072 2137458 240339 11234 1750
0b000101 0b000201 10150 100 131072 2320478 58036 11234 273
0b000101 0b000201 10151 100 131072 2320488 58027 11234 289
0b000201 0b000301 10134 100 131072 2104055 276676 11234 1218
0b000201 0b000301 10135 100 131072 2104065 276754 11234 1234
0b000101 0b000201 10152 100 131072 2320930 61020 11234 305
0b000101 0b000201 10153 100 131072 2320940 61011 11234 321
0b000001 0b000101 10140 100 131072 2127492 254660 11234 336
0b000401 0b000d01 10021 100 131072 2369451 15078 15174 2740
0b000101 0b000201 10154 100 131072 2323654 63764 11234 3777
0b000101 0b000201 10155 100 131072 2323754 63752 11234 3793
0b000001 0b000101 10141 100 131072 2128963 259603 11234 352
0b000701 0b000001 10154 100 131072 2334091 54545 11234 3223
0b000701 0b000001 10155 100 131072 2334095 54545 11234 807
0b000d01 0b000e01 10169 100 131072 2387539 2876 2898 2765
0b000501 0b000601 10155 100 131072 2346385 44484 11234 2869
0b000601 0b000f01 10021 100 131072 2380773 15078 15174 3702
0b000e01 0b000f01 10167 100 131072 2393425 2876 2898 2782
0b000201 0b000301 10136 100 131072 2113976 285372 11234 1250
0b000201 0b000301 10137 100 131072 2113986 285366 11234 1266
0b000101 0b000201 10156 100 131072 2353229 46165 11234 945
0b000701 0b000001 10156 100 131072 2347387 52785 11234 3831
0b000f01 0b000801 10169 100 131072 2398861 5186 2898 3727
0b000f01 0b000801 10170 100 131072 2399311 5179 2898 2799
0b000301 0b000401 10152 100 131072 2383741 22100 11234 1235
0b000301 0b000401 10153 100 131072 2383829 22364 11234 1251
0b000001 0b000901 10021 100 131072 2391650 15078 15174 816
0b000101 0b000201 10157 100 131072 2361554 49209 11234 337
0b000701 0b000001 10157 100 131072 2363511 48365 11234 2823
0b000801 0b000901 10167 100 131072 2407057 5307 2898 3736
0b000901 0b000a01 10169 100 131072 2409738 3028 2898 841
0b000801 0b000901 10168 100 131072 2407500 5311 2898 2808
0b000001 0b000101 10142 100 131072 2143359 272437 11234 1744
0b000001 0b000101 10143 100 131072 2143861 271939 11234 368
0b000a01 0b000b01 10167 100 131072 2415776 3140 2898 858
0b000501 0b000601 10156 100 131072 2348976 69938 11234 805
0b000501 0b000601 10157 100 131072 2348986 70016 11234 821
0b000901 0b000a01 10170 100 131072 2415374 5318 2898 3753
0b000901 0b000a01 10171 100 131072 2415821 5314 2898 2825
0b000501 0b000601 10158 100 131072 2351026 71596 11234 2261
0b000201 0b000301 10138 100 131072 2129102 293672 11234 2210
0b000201 0b000301 10139 100 131072 2129106 293672 11234 3170
0b000101 0b000201 10158 100 131072 2385162 37652 11234 353
0b000701 0b000001 10158 100 131072 2368586 54574 11234 2839
0b000001 0b000101 10144 100 131072 2146643 276598 11234 2704
0b000001 0b000101 10145 100 131072 2147260 275985 11234 2720
0b000b01 0b000c01 10169 100 131072 2421926 2968 2898 875
0b000601 0b000701 10144 100 131072 2148570 276727 11234 1766
0b001201 0b001301 10218 100 2097152 2085700 340146 44264 11058
0b001201 0b001301 10219 100 2097152 2085701 340167 44264 10578
0b001201 0b001301 10220 100 2097152 2085702 340167 44264 10098
0b000401 0b000501 10144 100 131072 2168029 258117 11234 1844
0b001201 0b001301 10221 100 2097152 2085703 340167 44264 9618
0b000401 0b000501 10145 100 131072 2168741 257409 11234 1860
0b001201 0b001301 10222 100 2097152 2085705 340166 44264 8178
0b001201 0b001301 10223 100 2097152 2085706 340166 44264 7698
0b000a01 0b000b01 10168 100 131072 2423702 5236 2898 3770
0b000401 0b000501 10146 100 131072 2169977 259039 11234 3172
0b000401 0b000501 10147 100 131072 2170685 258335 11234 292
0b000301 0b000401 10154 100 131072 2402358 26676 11234 1267
0b000301 0b000401 10155 100 131072 2402368 26670 11234 1283
0b000a01 0b000b01 10169 100 131072 2424145 5236 2898 2842
0b000401 0b000501 10148 100 131072 2181881 247647 11234 308
0b001001 0b001101 10218 100 2097152 2090247 339754 44264 11056
0b001001 0b001101 10219 100 2097152 2090248 339775 44264 10576
0b001001 0b001101 10220 100 2097152 2090249 339775 44264 10096
0b001001 0b001101 10221 100 2097152 2090250 339775 44264 9616
0b001001 0b001101 10222 100 2097152 2090272 339754 44264 9136
0b001001 0b001101 10223 100 2097152 2090273 339754 44264 8656
0b000c01 0b000d01 10167 100 131072 2427904 2876 2898 892
0b001801 0b001901 10218 100 2097152 2088379 343377 44264 8664
0b001801 0b001901 10219 100 2097152 2088380 343377 44264 9144
0b001801 0b001901 10220 100 2097152 2088381 343377 44264 9624
0b001401 0b001501 10218 100 2097152 2082311 349463 44264 7700
0b001801 0b001901 10221 100 2097152 2088403 343356 44264 10104
0b001401 0b001501 10219 100 2097152 2082312 349463 44264 8180
0b001801 0b001901 10222 100 2097152 2088404 343356 44264 10584
0b001401 0b001501 10220 100 2097152 2082313 349463 44264 8660
0b001401 0b001501 10221 100 2097152 2082335 349442 44264 9140
0b001401 0b001501 10222 100 2097152 2082337 349441 44264 10580
0b001401 0b001501 10223 100 2097152 2082359 349420 44264 11060
0b001801 0b001901 10223 100 2097152 2088405 343377 44264 11064
0b000301 0b000c01 10019 100 131072 2425784 6820 6838 2227
0b001b01 0b001c01 10218 100 2097152 2089749 343074 44264 11067
0b001b01 0b001c01 10219 100 2097152 2089750 343074 44264 10587
0b001b01 0b001c01 10220 100 2097152 2089772 343074 44264 10107
0b001b01 0b001c01 10221 100 2097152 2089774 343073 44264 8667
0b001b01 0b001c01 10222 100 2097152 2089775 343073 44264 8187
0b001b01 0b001c01 10223 100 2097152 2089776 343073 44264 7707
0b001501 0b001601 10218 100 2097152 2083235 349962 44264 7701
0b001501 0b001601 10219 100 2097152 2083236 349962 44264 8181
0b001501 0b001601 10220 100 2097152 2083237 349983 44264 8661
0b001501 0b001601 10221 100 2097152 2083238 350004 44264 9141
0b001501 0b001601 10222 100 2097152 2083239 350004 44264 9621
0b001501 0b001601 10223 100 2097152 2083262 349982 44264 11061
0b000501 0b000601 10159 100 131072 2362252 71734 11234 2277
0b000101 0b000201 10159 100 131072 2391576 42596 11234 369
0b000201 0b000301 10140 100 131072 2135124 299391 11234 3666
0b001d01 0b001e01 10218 100 2097152 2085308 350275 44264 11069
0b001d01 0b001e01 10219 100 2097152 2085310 350274 44264 9629
0b001d01 0b001e01 10220 100 2097152 2085311 350274 44264 9149
0b001d01 0b001e01 10221 100 2097152 2085312 350274 44264 8669
0b001d01 0b001e01 10222 100 2097152 2085313 350274 44264 8189
0b001d01 0b001e01 10223 100 2097152 2085335 350274 44264 7709
0b001601 0b001701 10218 100 2097152 2082161 354080 44264 7702
0b001601 0b001701 10219 100 2097152 2082162 354080 44264 8182
0b001601 0b001701 10220 100 2097152 2082163 354080 44264 8662
0b001601 0b001701 10221 100 2097152 2082164 354101 44264 9142
0b001601 0b001701 10222 100 2097152 2082186 354080 44264 9622
0b001601 0b001701 10223 100 2097152 2082187 354080 44264 10102
0b001a01 0b001b01 10218 100 2097152 2083561 353032 44264 7706
0b001a01 0b001b01 10219 100 2097152 2083562 353032 44264 8186
0b001a01 0b001b01 10220 100 2097152 2083564 353031 44264 9626
0b001a01 0b001b01 10221 100 2097152 2083565 353031 44264 10106
0b001a01 0b001b01 10222 100 2097152 2083566 353031 44264 10586
0b001a01 0b001b01 10223 100 2097152 2083567 353031 44264 11066
0b000d01 0b000e01 10170 100 131072 2433790 2930 2898 909
0b000b01 0b000c01 10170 100 131072 2431948 5258 2898 3787
0b000b01 0b000c01 10171 100 131072 2432391 5278 2898 2859
0b001e01 0b001f01 10218 100 2097152 2085878 351784 44264 7710
0b001e01 0b001f01 10219 100 2097152 2085879 351805 44264 8190
0b001e01 0b001f01 10220 100 2097152 2085880 351805 44264 8670
0b001e01 0b001f01 10221 100 2097152 2085881 351805 44264 9150
0b001e01 0b001f01 10222 100 2097152 2085882 351826 44264 9630
0b001e01 0b001f01 10223 100 2097152 2085904 351805 44264 10110
0b000c01 0b000d01 10168 100 131072 2435614 2969 2898 2252
0b001701 0b001001 10218 100 2097152 2083475 354896 44264 10583
0b001701 0b001001 10219 100 2097152 2083476 354896 44264 10103
0b001701 0b001001 10220 100 2097152 2083477 354896 44264 9623
0b001701 0b001001 10221 100 2097152 2083499 354896 44264 9143
0b001701 0b001001 10222 100 2097152 2083500 354896 44264 8663
0b001701 0b001001 10223 100 2097152 2083501 354896 44264 8183
0b000501 0b000e01 10019 100 131072 2432026 6888 6838 3189
0b000301 0b000401 10156 100 131072 2425788 15221 11234 3187
0b001901 0b001a01 10218 100 2097152 2083121 359696 44264 11065
0b001901 0b001a01 10219 100 2097152 2083122 359696 44264 10585
0b001901 0b001a01 10220 100 2097152 2083123 359696 44264 10105
0b001901 0b001a01 10221 100 2097152 2083124 359696 44264 9625
0b001901 0b001a01 10222 100 2097152 2083125 359696 44264 9145
0b001901 0b001a01 10223 100 2097152 2083169 359653 44264 7705
0b000c01 0b000d01 10169 100 131072 2440216 2947 2898 3804
0b000e01 0b000f01 10168 100 131072 2439730 3542 2898 926
0b001301 0b001401 10218 100 2097152 2082910 360446 44264 7699
0b001301 0b001401 10219 100 2097152 2082911 360467 44264 8179
0b001301 0b001401 10220 100 2097152 2082933 360446 44264 8659
0b001301 0b001401 10221 100 2097152 2082935 360445 44264 10099
0b001301 0b001401 10222 100 2097152 2082936 360445 44264 10579
0b001301 0b001401 10223 100 2097152 2082937 360466 44264 11059
0b000d01 0b000e01 10171 100 131072 2441593 3005 2898 2269
0b001f01 0b001801 10218 100 2097152 2085506 359048 44264 8191
0b001f01 0b001801 10219 100 2097152 2085528 359027 44264 8671
0b001f01 0b001801 10220 100 2097152 2085529 359027 44264 9151
0b001f01 0b001801 10221 100 2097152 2085530 359048 44264 9631
0b001f01 0b001801 10222 100 2097152 2085531 359048 44264 10111
0b001f01 0b001801 10223 100 2097152 2085532 359048 44264 10591
0b000e01 0b000f01 10169 100 131072 2441924 3567 2898 3214
0b000d01 0b000e01 10172 100 131072 2446173 2940 2898 3821
0b000f01 0b000801 10171 100 131072 2446282 3598 2898 943
0b000e01 0b000f01 10170 100 131072 2447608 3017 2898 2286
0b000c01 0b000501 10029 100 131072 2440679 10083 6838 2876
0b001101 0b001201 10218 100 2097152 2082488 369354 44264 7697
0b001101 0b001201 10219 100 2097152 2082511 369332 44264 9137
0b001101 0b001201 10220 100 2097152 2082512 369332 44264 9617
0b001101 0b001201 10221 100 2097152 2082513 369332 44264 10097
0b001101 0b001201 10222 100 2097152 2082514 369332 44264 10577
0b001101 0b001201 10223 100 2097152 2082536 369311 44264 11057
0b000f01 0b000801 10172 100 131072 2448501 3542 2898 3231
0b001c01 0b001d01 10218 100 2097152 2083705 368405 44264 7708
0b001c01 0b001d01 10219 100 2097152 2083706 368405 44264 8188
0b001c01 0b001d01 10220 100 2097152 2083728 368384 44264 8668
0b001c01 0b001d01 10221 100 2097152 2083729 368384 44264 9148
0b001c01 0b001d01 10222 100 2097152 2083731 368383 44264 10588
0b001c01 0b001d01 10223 100 2097152 2083732 368404 44264 11068
0b000401 0b000501 10149 100 131072 2203461 249097 11234 1876
0b000301 0b000401 10157 100 131072 2437525 15033 11234 3683
0b000401 0b000501 10150 100 131072 2206568 246142 11234 1892
0b000401 0b000501 10151 100 131072 2217203 239125 11234 2308
0b000401 0b000501 10152 100 131072 2217213 239119 11234 2324
0b000501 0b000601 10160 100 131072 2377666 78812 11234 2293
0b000f01 0b000801 10173 100 131072 2453635 2944 2898 2303
0b000501 0b000601 10161 100 131072 2377754 79080 11234 2309
0b000701 0b000001 10159 100 131072 2380799 76141 11234 3239
0b000701 0b000001 10160 100 131072 2380807 76134 11234 1767
0b000701 0b000001 10161 100 131072 2380809 76135 11234 3255
0b000601 0b000701 10145 100 131072 2169597 287943 11234 3254
0b000101 0b000201 10160 100 131072 2418806 38771 11234 1761
0b000101 0b000201 10161 100 131072 2418810 38771 11234 385
0b000401 0b000501 10153 100 131072 2218817 238958 11234 2340
0b000401 0b000501 10154 100 131072 2219276 238503 11234 1908
0b000801 0b000901 10169 100 131072 2455053 2944 2898 3240
0b000801 0b000901 10170 100 131072 2459589 2944 2898 2312
0b000e01 0b000701 10029 100 131072 2452123 11615 6838 3838
0b000901 0b000a01 10172 100 131072 2461007 2944 2898 3257
0b000801 0b000101 10029 100 131072 2452890 13454 6838 952
0b000901 0b000a01 10173 100 131072 2465543 2944 2898 2329
0b000a01 0b000b01 10170 100 131072 2466961 2944 2898 3274
0b000701 0b000001 10162 100 131072 2428307 41549 11234 1783
0b000001 0b000101 10146 100 131072 2186060 284237 11234 1248
0b000001 0b000101 10147 100 131072 2191620 279161 11234 2736
0b000001 0b000101 10148 100 131072 2191708 279077 11234 2752
0b000001 0b000101 10149 100 131072 2191973 278816 11234 2208
0b000a01 0b000b01 10171 100 131072 2471497 2944 2898 2346
0b000201 0b000301 10141 100 131072 2146488 328641 11234 3186
0b000b01 0b000c01 10172 100 131072 2472915 2944 2898 3291
0b000101 0b000201 10162 100 131072 2426251 53690 11234 2721
0b000101 0b000201 10163 100 131072 2426261 53681 11234 2737
0b000201 0b000301 10142 100 131072 2157684 323195 11234 3682
0b000201 0b000301 10143 100 131072 2160521 320602 11234 1282
0b000201 0b000301 10144 100 131072 2160896 320231 11234 1298
0b000201 0b000301 10145 100 131072 2160906 320225 11234 1314
0b000201 0b000301 10146 100 131072 2161596 319651 11234 1330
0b001201 0b001301 10224 100 2097152 2205699 275419 44264 8194
0b000c01 0b000d01 10170 100 131072 2478869 2876 2898 3308
0b000001 0b000101 10150 100 131072 2201117 281217 11234 384
0b000001 0b000101 10151 100 131072 2201127 281211 11234 400
0b000001 0b000101 10152 100 131072 2201949 280393 11234 416
0b000701 0b000001 10163 100 131072 2460550 21846 11234 3271
0b000001 0b000101 10153 100 131072 2203157 279273 11234 2768
0b000201 0b000b01 10021 100 131072 2460587 24861 15174 1778
0b000101 0b000a01 10019 100 131072 2473307 13342 6838 1265
0b000001 0b000101 10154 100 131072 2225597 262271 11234 2784
0b001401 0b001501 10224 100 2097152 2175190 312736 44264 9156
0b000301 0b000401 10158 100 131072 2478139 11337 11234 3203
0b000001 0b000101 10155 100 131072 2226389 263244 11234 2224
0b000001 0b000101 10156 100 131072 2229527 261804 11234 432
0b000b01 0b000c01 10173 100 131072 2488458 3030 2898 1803
0b000501 0b000601 10162 100 131072 2429156 62201 11234 1861
0b000501 0b000601 10163 100 131072 2429166 62195 11234 1877
0b000a01 0b000b01 10172 100 131072 2489659 2954 2898 1290
0b001d01 0b001e01 10224 100 2097152 2192172 303567 44264 9645
0b000b01 0b000401 10027 100 131072 2477451 18628 15174 2363
0b001201 0b001301 10225 100 2097152 2222904 273020 44264 8674
0b000c01 0b000d01 10171 100 131072 2494498 3041 2898 1820
0b000b01 0b000c01 10174 100 131072 2495623 2957 2898 1307
0b000001 0b000101 10157 100 131072 2238863 260442 11234 1264
0b001101 0b001201 10224 100 2097152 2131254 369279 44264 7713
0b001d01 0b001e01 10225 100 2097152 2198540 302744 44264 10125
0b000601 0b000701 10146 100 131072 2191247 310767 11234 1782
0b000601 0b000701 10147 100 131072 2191257 310845 11234 1798
0b000501 0b000601 10164 100 131072 2432030 70799 11234 309
0b000d01 0b000e01 10173 100 131072 2500549 3045 2898 1837
0b000601 0b000701 10148 100 131072 2193107 310373 11234 294
0b000601 0b000701 10149 100 131072 2193195 310289 11234 1254
0b000501 0b000601 10165 100 131072 2432538 70994 11234 325
0b000c01 0b000d01 10172 100 131072 2501590 2961 2898 1324
0b000d01 0b000601 10027 100 131072 2484755 19883 15174 3325
0b001901 0b001a01 10224 100 2097152 2146693 359599 44264 7721
0b001c01 0b001d01 10224 100 2097152 2138146 368332 44264 9164
0b000e01 0b000f01 10171 100 131072 2506604 3049 2898 1854
0b001801 0b001901 10224 100 2097152 2197639 312159 44264 7720
0b000d01 0b000e01 10174 100 131072 2507561 2965 2898 1341
0b001801 0b001901 10225 100 2097152 2198322 312026 44264 11080
0b001a01 0b001b01 10224 100 2097152 2183187 328351 44264 8202
0b000601 0b000701 10150 100 131072 2204735 307521 11234 3270
0b000601 0b000701 10151 100 131072 2204759 307501 11234 3286
0b000601 0b000701 10152 100 131072 2204769 307495 11234 3302
0b000601 0b000701 10153 100 131072 2205240 307028 11234 1270
0b000101 0b000201 10164 100 131072 2473791 41412 11234 2753
0b000101 0b000201 10165 100 131072 2473799 41492 11234 2225
0b000101 0b000201 10166 100 131072 2473801 41494 11234 2769
0b000f01 0b000801 10174 100 131072 2512663 3074 2898 1871
0b000e01 0b000f01 10172 100 131072 2513536 2969 2898 1358
0b000101 0b000a01 10020 100 131072 2502315 14735 6838 1281
0b001301 0b001c01 10032 100 2097152 2428880 88759 48204 9635
0b000701 0b000801 10019 100 131072 2506490 12708 6838 311
0b000801 0b000901 10171 100 131072 2518747 3079 2898 1880
0b000f01 0b000801 10175 100 131072 2519515 2987 2898 1375
0b000a01 0b000b01 10173 100 131072 2520060 2876 2898 1306
0b000401 0b000501 10155 100 131072 2270407 253068 11234 3188
0b001001 0b001101 10224 100 2097152 2200622 322799 44264 7712
0b001001 0b001101 10225 100 2097152 2200719 322724 44264 11072
0b001501 0b001e01 10032 100 2097152 2434788 88827 48204 10597
0b000801 0b000901 10172 100 131072 2522208 2900 2898 328
0b001601 0b001701 10224 100 2097152 2171406 353918 44264 10118
0b001c01 0b001501 10032 100 2097152 2435856 90487 48204 10124
0b001b01 0b001c01 10224 100 2097152 2190274 336215 44264 9163
0b001301 0b001401 10224 100 2097152 2158427 368432 44264 8675
0b000901 0b000a01 10174 100 131072 2524836 3097 2898 1897
0b000801 0b000901 10173 100 131072 2525512 2989 2898 1384
0b000b01 0b000c01 10175 100 131072 2525946 2876 2898 1323
0b001b01 0b001401 10032 100 2097152 2439605 90370 48204 9643
0b001401 0b001501 10225 100 2097152 2225033 305182 44264 9636
0b000901 0b000a01 10175 100 131072 2528118 2893 2898 345
0b000201 0b000301 10147 100 131072 2180240 351474 11234 882
0b000201 0b000301 10148 100 131072 2180250 351552 11234 898
0b001f01 0b001801 10224 100 2097152 2174507 359086 44264 10607
0b000401 0b000501 10156 100 131072 2273239 260860 11234 820
0b000401 0b000501 10157 100 131072 2273249 260854 11234 836
0b000501 0b000601 10166 100 131072 2455568 78821 11234 1893
0b000c01 0b000d01 10173 100 131072 2531832 2876 2898 1340
0b000701 0b000001 10164 100 131072 2505024 30175 11234 1799
0b000501 0b000e01 10020 100 131072 2526485 8860 6838 3205
0b001601 0b001f01 10032 100 2097152 2436254 99335 48204 11078
0b000701 0b000001 10165 100 131072 2505112 30795 11234 1815
0b001b01 0b001c01 10225 100 2097152 2199891 336301 44264 8683
0b001401 0b001d01 10032 100 2097152 2446390 90177 48204 10116
0b000a01 0b000b01 10174 100 131072 2534021 2876 2898 362
0b000501 0b000601 10167 100 131072 2455720 81053 11234 1909
0b001e01 0b001701 10032 100 2097152 2438593 99279 48204 11086
0b001501 0b001601 10224 100 2097152 2182729 355179 44264 9637
0b000701 0b000001 10166 100 131072 2506494 32149 11234 1271
0b001101 0b001a01 10032 100 2097152 2433037 105586 48204 8673
0b001701 0b001001 10224 100 2097152 2187677 351990 44264 10599
0b001a01 0b001301 10032 100 2097152 2445831 93997 48204 9162
0b001701 0b001801 10032 100 2097152 2439251 100862 48204 7719
0b001001 0b001901 10032 100 2097152 2441407 99028 48204 8192
0b000d01 0b000e01 10175 100 131072 2537718 2978 2898 1357
0b001f01 0b001001 10032 100 2097152 2440672 99844 48204 7727
0b000e01 0b000f01 10173 100 131072 2538355 2982 2898 3230
0b000301 0b000401 10159 100 131072 2483889 57504 11234 3699
0b001d01 0b001601 10032 100 2097152 2455124 86057 48204 10605
0b001e01 0b001f01 10224 100 2097152 2180704 360833 44264 10126
0b001f01 0b001801 10225 100 2097152 2185070 356910 44264 11087
0b001901 0b001201 10032 100 2097152 2434766 107811 48204 8681
0b000b01 0b000c01 10176 100 131072 2539907 2876 2898 379
0b000001 0b000101 10158 100 131072 2258781 284329 11234 3792
0b001801 0b001101 10032 100 2097152 2447564 95894 48204 8200
0b000a01 0b000301 10029 100 131072 2530943 12805 6838 1914
0b000301 0b000401 10160 100 131072 2484133 61052 11234 1299
0b000301 0b000401 10161 100 131072 2484143 61046 11234 1315
0b000301 0b000401 10162 100 131072 2484153 61040 11234 1331
0b000301 0b000401 10163 100 131072 2484257 61028 11234 1347
0b000401 0b000501 10158 100 131072 2297291 248497 11234 2356
0b000401 0b000501 10159 100 131072 2304252 241696 11234 852
0b000401 0b000501 10160 100 131072 2307340 238708 11234 3684
0b000401 0b000501 10161 100 131072 2307344 238708 11234 868
0b000401 0b000501 10162 100 131072 2324351 222025 11234 884
0b001c01 0b001d01 10225 100 2097152 2183254 363030 44264 9644
0b000401 0b000501 10163 100 131072 2335877 210683 11234 900
0b000e01 0b000f01 10174 100 131072 2543706 2981 2898 1374
0b000901 0b000201 10027 100 131072 2531511 15394 15174 1401
0b000f01 0b000801 10176 100 131072 2544347 2981 2898 3247
0b000c01 0b000d01 10174 100 131072 2545793 2876 2898 396
0b000001 0b000101 10159 100 131072 2261693 287453 11234 3808
0b001201 0b001b01 10032 100 2097152 2454853 94352 48204 9154
0b001a01 0b001b01 10225 100 2097152 2222816 327707 44264 8682
0b001601 0b001701 10225 100 2097152 2201426 350589 44264 10598
0b000f01 0b000801 10177 100 131072 2549697 2981 2898 1391
0b000801 0b000901 10174 100 131072 2550338 2981 2898 3256
0b000d01 0b000e01 10176 100 131072 2551679 2876 2898 413
0b000501 0b000601 10168 100 131072 2459338 99132 11234 2325
0b000501 0b000601 10169 100 131072 2459348 99126 11234 2341
0b000801 0b000901 10175 100 131072 2555688 2981 2898 1400
0b001501 0b001601 10225 100 2097152 2198925 359795 44264 10117
0b000901 0b000a01 10176 100 131072 2556329 2981 2898 3273
0b000601 0b000701 10154 100 131072 2218527 341298 11234 2838
0b000501 0b000601 10170 100 131072 2460785 99105 11234 2357
0b000601 0b000701 10155 100 131072 2229670 330615 11234 2854
0b000e01 0b000f01 10175 100 131072 2557565 2876 2898 430
0b001e01 0b001f01 10225 100 2097152 2195533 365211 44264 10606
0b000601 0b000701 10156 100 131072 2240955 319838 11234 2870
0b000601 0b000701 10157 100 131072 2261102 300535 11234 3318
0b000601 0b000701 10158 100 131072 2276019 286294 11234 310
0b000601 0b000701 10159 100 131072 2284047 278590 11234 1814
0b000601 0b000701 10160 100 131072 2285991 276726 11234 806
0b001701 0b001001 10225 100 2097152 2208225 354240 44264 11079
0b000a01 0b000b01 10175 100 131072 2562320 2876 2898 3290
0b001101 0b001201 10225 100 2097152 2203888 363029 44264 8193
0b000301 0b000401 10164 100 131072 2534724 34211 11234 899
0b001901 0b001a01 10225 100 2097152 2205247 363799 44264 8201
0b000301 0b000401 10165 100 131072 2534812 34479 11234 915
0b000401 0b000501 10164 100 131072 2408851 161275 11234 1252
0b000401 0b000501 10165 100 131072 2409203 160927 11234 1268
0b000b01 0b000c01 10177 100 131072 2568206 2876 2898 3307
0b001301 0b001401 10225 100 2097152 2197258 375296 44264 9155
0b000101 0b000201 10167 100 131072 2485344 87420 11234 401
0b000101 0b000201 10168 100 131072 2485354 87414 11234 417
0b000101 0b000201 10169 100 131072 2485364 87408 11234 433
0b000701 0b000801 10020 100 131072 2565323 7701 6838 327
0b000101 0b000201 10170 100 131072 2485440 87688 11234 2785
0b000401 0b000501 10166 100 131072 2432044 144232 11234 1284
0b000401 0b000501 10167 100 131072 2432054 144226 11234 1300
0b000901 0b000201 10028 100 131072 2561679 15083 15174 1417
0b000c01 0b000d01 10175 100 131072 2574092 2876 2898 3324
0b000f01 0b000001 10027 100 131072 2563451 15083 15174 447
0b000801 0b000901 10176 100 131072 2576034 2876 2898 344
0b000401 0b000501 10168 100 131072 2444019 138726 11234 3204
0b000701 0b000001 10167 100 131072 2515266 68008 11234 3287
0b000701 0b000001 10168 100 131072 2515276 68002 11234 3303
0b000701 0b000001 10169 100 131072 2515278 68004 11234 1287
0b000701 0b000001 10170 100 131072 2515286 68000 11234 3319
0b000001 0b000101 10160 100 131072 2284085 299405 11234 1760
0b000001 0b000101 10161 100 131072 2297549 286329 11234 2800
0b000001 0b000101 10162 100 131072 2309099 275191 11234 3824
0b000001 0b000101 10163 100 131072 2320295 264319 11234 2816
0b000901 0b000a01 10177 100 131072 2581920 2876 2898 361
0b000601 0b000701 10161 100 131072 2297793 287402 11234 1830
0b000501 0b000601 10171 100 131072 2537109 48136 11234 837
0b000501 0b000601 10172 100 131072 2537119 48130 11234 853
0b000401 0b000501 10169 100 131072 2455568 133065 11234 3700
0b000101 0b000201 10171 100 131072 2490878 98571 11234 2801
0b000a01 0b000b01 10176 100 131072 2587806 2876 2898 378
0b000101 0b000201 10172 100 131072 2492643 99542 11234 2241
0b000501 0b000e01 10021 100 131072 2585755 6820 6838 3221
0b000101 0b000201 10173 100 131072 2494341 99080 11234 449
0b000201 0b000301 10149 100 131072 2201071 392826 11234 3698
0b000201 0b000301 10150 100 131072 2202663 391354 11234 3714
0b000201 0b000301 10151 100 131072 2210122 384347 11234 1346
0b000201 0b000301 10152 100 131072 2210132 384341 11234 1362
0b000201 0b000301 10153 100 131072 2210224 384253 11234 1378
0b000201 0b000301 10154 100 131072 2214027 380654 11234 3730
0b000d01 0b000601 10028 100 131072 2579978 15083 15174 3341
0b000b01 0b000c01 10178 100 131072 2593692 2876 2898 395
0b000e01 0b000f01 10176 100 131072 2595585 2876 2898 3246
0b000201 0b000301 10155 100 131072 2225223 376002 11234 3746
0b000c01 0b000d01 10176 100 131072 2599578 2876 2898 412
0b000f01 0b000801 10178 100 131072 2601471 2876 2898 3263
0b000101 0b000201 10174 100 131072 2546120 60279 11234 3809
0b000d01 0b000e01 10177 100 131072 2605464 2876 2898 429
0b000801 0b000901 10177 100 131072 2607357 2876 2898 3272
0b000e01 0b000f01 10177 100 131072 2611350 2876 2898 446
0b000901 0b000a01 10178 100 131072 2613243 2876 2898 3289
0b000101 0b000201 10175 100 131072 2552156 65532 11234 3825
0b000201 0b000301 10156 100 131072 2248007 370240 11234 914
0b000201 0b000301 10157 100 131072 2248539 369712 11234 930
0b000201 0b000301 10158 100 131072 2262423 356412 11234 946
0b000a01 0b000b01 10177 100 131072 2619129 2876 2898 3306
0b000701 0b000001 10171 100 131072 2562835 59824 11234 2855
0b000b01 0b000c01 10179 100 131072 2625015 2876 2898 3323
0b000701 0b000001 10172 100 131072 2563295 66526 11234 2871
0b000f01 0b000001 10028 100 131072 2617236 15083 15174 463
0b000c01 0b000d01 10177 100 131072 2630901 2876 2898 3340
0b000701 0b000001 10173 100 131072 2564647 73290 11234 3335
0b000601 0b000701 10162 100 131072 2320469 317850 11234 2214
0b000601 0b000701 10163 100 131072 2320479 317844 11234 2230
0b000701 0b000001 10174 100 131072 2565647 74850 11234 1831
0b000701 0b000001 10175 100 131072 2565727 74862 11234 823
0b000501 0b000601 10173 100 131072 2548798 99160 11234 2373
0b000101 0b000201 10176 100 131072 2586500 61570 11234 1777
0b000501 0b000601 10174 100 131072 2548958 102029 11234 869
0b000101 0b000201 10177 100 131072 2586888 64270 11234 2817
0b000501 0b000601 10175 100 131072 2549058 102550 11234 3701
0b000501 0b000601 10176 100 131072 2549062 102547 11234 885
0b000d01 0b000601 10029 100 131072 2636787 15083 15174 3357
0b000001 0b000101 10164 100 131072 2368682 283530 11234 3168
0b000001 0b000101 10165 100 131072 2368692 283524 11234 3184
0b000001 0b000101 10166 100 131072 2369218 283002 11234 3200
0b000001 0b000101 10167 100 131072 2369228 282996 11234 3216
0b000701 0b000001 10176 100 131072 2588205 64084 11234 1847
0b000501 0b000601 10177 100 131072 2549386 102926 11234 901
0b000501 0b000601 10178 100 131072 2549570 102830 11234 917
0b000201 0b000301 10159 100 131072 2277878 374636 11234 1394
0b000101 0b000201 10178 100 131072 2587624 64939 11234 2833
0b000201 0b000301 10160 100 131072 2281904 370838 11234 2226
0b000001 0b000101 10168 100 131072 2391646 261350 11234 3232
0b000201 0b000301 10161 100 131072 2296869 356537 11234 2722
0b000001 0b000101 10169 100 131072 2414886 238774 11234 2832
0b000201 0b000301 10162 100 131072 2309157 344793 11234 3762
0b000001 0b000101 10170 100 131072 2426170 227786 11234 2848
0b000401 0b000501 10170 100 131072 2492486 161508 11234 3220
0b000201 0b000301 10163 100 131072 2321529 332841 11234 3778
0b000601 0b000701 10164 100 131072 2334003 320954 11234 1846
0b000001 0b000901 10022 100 131072 2643599 15078 15174 832
0b000301 0b000c01 10020 100 131072 2655752 6865 6838 2243
0b000301 0b000401 10166 100 131072 2596907 66579 11234 3715
0b000501 0b000e01 10022 100 131072 2657004 6863 6838 3237
0b000901 0b000a01 10179 100 131072 2661687 2876 2898 857
0b000301 0b000401 10167 100 131072 2597027 69016 11234 3731
0b000201 0b000b01 10022 100 131072 2651080 15078 15174 1794
0b000401 0b000501 10171 100 131072 2499089 169031 11234 2372
0b000c01 0b000d01 10178 100 131072 2665627 2876 2898 2268
0b000601 0b000f01 10022 100 131072 2654618 15078 15174 3718
0b000e01 0b000f01 10178 100 131072 2666877 2876 2898 3262
0b000301 0b000401 10168 100 131072 2597479 72864 11234 1363
0b000301 0b000401 10169 100 131072 2597489 72858 11234 1379
0b000301 0b000401 10170 100 131072 2597499 72852 11234 1395
0b000a01 0b000b01 10178 100 131072 2667573 2945 2898 874
0b000301 0b000401 10171 100 131072 2597691 73016 11234 3747
0b000b01 0b000c01 10180 100 131072 2669168 2936 2898 1819
0b000d01 0b000e01 10178 100 131072 2671513 2876 2898 2285
0b000301 0b000401 10172 100 131072 2604235 70796 11234 3763
0b000501 0b000601 10179 100 131072 2573136 101909 11234 1269
0b000501 0b000601 10180 100 131072 2573146 101902 11234 1285
0b000b01 0b000c01 10181 100 131072 2673528 2936 2898 891
0b000701 0b000001 10177 100 131072 2641329 35577 11234 2231
0b000701 0b000001 10178 100 131072 2641339 35571 11234 2247
0b000001 0b000101 10171 100 131072 2459950 217100 11234 3248
0b000001 0b000101 10172 100 131072 2459951 217103 11234 1776
0b000001 0b000101 10173 100 131072 2459960 217098 11234 3264
0b000c01 0b000d01 10179 100 131072 2675114 2936 2898 1836
0b000f01 0b000801 10179 100 131072 2672706 5665 2898 3743
0b000f01 0b000801 10180 100 131072 2672763 5653 2898 3279
0b000e01 0b000f01 10179 100 131072 2677399 2919 2898 2302
0b000c01 0b000d01 10180 100 131072 2679474 2936 2898 908
0b000d01 0b000e01 10179 100 131072 2681060 2936 2898 1853
0b000f01 0b000801 10181 100 131072 2683328 3003 2898 2319
0b000001 0b000101 10174 100 131072 2472866 214208 11234 1792
0b000801 0b000901 10178 100 131072 2681381 5717 2898 3752
0b000801 0b000901 10179 100 131072 2681426 5716 2898 3288
0b000d01 0b000e01 10180 100 131072 2685420 2936 2898 925
0b000701 0b000001 10179 100 131072 2657967 30559 11234 1863
0b000001 0b000101 10175 100 131072 2485406 203417 11234 3280
0b000e01 0b000f01 10180 100 131072 2687006 2936 2898 1870
0b000801 0b000901 10180 100 131072 2689341 2975 2898 2328
0b000e01 0b000f01 10181 100 131072 2691366 2936 2898 942
0b000f01 0b000801 10182 100 131072 2692952 2936 2898 1887
0b000901 0b000a01 10180 100 131072 2690108 5894 2898 3769
0b000901 0b000a01 10181 100 131072 2690152 5894 2898 3305
0b000501 0b000601 10181 100 131072 2579286 118084 11234 1301
0b000501 0b000601 10182 100 131072 2579296 118078 11234 1317
0b000301 0b000401 10173 100 131072 2621257 76346 11234 931
0b000301 0b000401 10174 100 131072 2621267 76337 11234 947
0b000401 0b000501 10172 100 131072 2544403 153968 11234 3716
0b000401 0b000501 10173 100 131072 2548195 150276 11234 1316
0b000401 0b000501 10174 100 131072 2548205 150270 11234 1332
0b000401 0b000501 10175 100 131072 2548215 150264 11234 1348
0b000901 0b000a01 10182 100 131072 2695326 3263 2898 2345
0b000401 0b000501 10176 100 131072 2548295 150188 11234 1364
0b000401 0b000501 10177 100 131072 2571945 126726 11234 916
0b000401 0b000501 10178 100 131072 2572301 126374 11234 932
0b000f01 0b000801 10183 100 131072 2697312 2936 2898 959
0b000801 0b000901 10181 100 131072 2698898 2936 2898 1896
0b000a01 0b000b01 10179 100 131072 2699012 7155 2898 3786
0b000a01 0b000b01 10180 100 131072 2699056 7200 2898 3322
0b000a01 0b000b01 10181 100 131072 2701599 6041 2898 2362
0b000901 0b000a01 10183 100 131072 2704844 2997 2898 1913
0b000501 0b000601 10183 100 131072 2591643 117197 11234 3717
0b000601 0b000701 10165 100 131072 2367303 341755 11234 2246
0b000601 0b000701 10166 100 131072 2367313 341749 11234 2262
0b000601 0b000701 10167 100 131072 2368635 340507 11234 1862
0b000601 0b000701 10168 100 131072 2421924 289094 11234 822
0b000601 0b000701 10169 100 131072 2422012 289010 11234 838
0b000601 0b000701 10170 100 131072 2425632 285522 11234 2278
0b000601 0b000701 10171 100 131072 2436996 274482 11234 2294
0b000b01 0b000c01 10182 100 131072 2709177 5543 2898 3803
0b000b01 0b000c01 10183 100 131072 2709266 5540 2898 3339
0b000001 0b000101 10176 100 131072 2538209 181922 11234 1808
0b000c01 0b000d01 10181 100 131072 2717730 5543 2898 3820
0b000c01 0b000d01 10182 100 131072 2717816 5543 2898 3356
0b000601 0b000701 10172 100 131072 2459488 263919 11234 2310
0b000601 0b000701 10173 100 131072 2459844 263567 11234 2326
0b000501 0b000601 10184 100 131072 2671130 52284 11234 2389
0b000b01 0b000401 10028 100 131072 2710650 15083 15174 2379
0b000001 0b000101 10177 100 131072 2538917 186570 11234 1824
0b000601 0b000f01 10023 100 131072 2711850 15078 15174 3734
0b000d01 0b000e01 10181 100 131072 2726283 2876 2898 3837
0b000301 0b000401 10175 100 131072 2655524 74216 11234 1411
0b000101 0b000201 10179 100 131072 2655222 74580 11234 3185
0b000101 0b000201 10180 100 131072 2655232 74574 11234 3201
0b000101 0b000201 10181 100 131072 2655242 74568 11234 3217
0b000101 0b000201 10182 100 131072 2655252 74562 11234 3233
0b000001 0b000101 10178 100 131072 2541653 188850 11234 1280
0b000101 0b000201 10183 100 131072 2656006 76188 11234 3249
0b000f01 0b000801 10184 100 131072 2729938 2876 2898 3759
0b000101 0b000201 10184 100 131072 2656670 76509 11234 2849
0b000101 0b000201 10185 100 131072 2656966 76393 11234 2865
0b000801 0b000901 10182 100 131072 2735824 2876 2898 3768
0b000301 0b000401 10176 100 131072 2656416 83737 11234 2739
0b000101 0b000a01 10021 100 131072 2733513 6820 6838 1297
0b000301 0b000401 10177 100 131072 2656960 85312 11234 3779
0b000301 0b000401 10178 100 131072 2657380 85424 11234 3795
0b000901 0b000a01 10184 100 131072 2741710 2939 2898 3785
0b000401 0b000501 10179 100 131072 2666496 78847 11234 3732
0b000a01 0b000b01 10182 100 131072 2743343 2934 2898 1322
0b000401 0b000501 10180 100 131072 2669053 77222 11234 3748
0b000a01 0b000b01 10183 100 131072 2747659 2934 2898 3802
0b000b01 0b000c01 10184 100 131072 2749287 2934 2898 1339
0b000b01 0b000c01 10185 100 131072 2753603 2934 2898 3819
0b000c01 0b000d01 10183 100 131072 2755231 2934 2898 1356
0b000401 0b000d01 10022 100 131072 2743163 15078 15174 2756
0b000c01 0b000d01 10184 100 131072 2759547 2934 2898 3836
0b000601 0b000701 10174 100 131072 2494367 269828 11234 1878
0b000601 0b000701 10175 100 131072 2494377 269822 11234 1894
0b000401 0b000501 10181 100 131072 2673353 91211 11234 1380
0b000401 0b000501 10182 100 131072 2673363 91205 11234 1396
0b000401 0b000501 10183 100 131072 2673373 91199 11234 1412
0b000401 0b000501 10184 100 131072 2673717 91462 11234 3764
0b000d01 0b000e01 10182 100 131072 2761175 5622 2898 1373
0b000d01 0b000e01 10183 100 131072 2761251 5611 2898 2781
0b000101 0b000201 10186 100 131072 2680060 86988 11234 3265
0b000101 0b000201 10187 100 131072 2680064 86985 11234 1793
0b000101 0b000201 10188 100 131072 2680070 86980 11234 3281
0b000401 0b000501 10185 100 131072 2678041 91185 11234 3780
0b000e01 0b000f01 10182 100 131072 2769807 5564 2898 1390
0b000e01 0b000f01 10183 100 131072 2769872 5564 2898 2798
0b000701 0b000001 10180 100 131072 2712068 69990 11234 2263
0b000701 0b000001 10181 100 131072 2712078 69984 11234 2279
0b000101 0b000201 10189 100 131072 2690084 92314 11234 1809
0b000201 0b000301 10164 100 131072 2381524 400876 11234 290
0b000201 0b000301 10165 100 131072 2381534 400954 11234 306
0b000701 0b000001 10182 100 131072 2712152 70530 11234 1879
0b000f01 0b000801 10185 100 131072 2778381 5564 2898 1407
0b000f01 0b000801 10186 100 131072 2778446 5564 2898 2815
0b001001 0b001101 10226 100 2097152 2441381 342574 44264 10592
0b001001 0b001101 10227 100 2097152 2441382 342595 44264 10112
0b001001 0b001101 10228 100 2097152 2441383 342595 44264 9632
0b001001 0b001101 10229 100 2097152 2441405 342574 44264 9152
0b001001 0b001101 10230 100 2097152 2441406 342574 44264 8672
0b000401 0b000501 10186 100 131072 2700613 83736 11234 948
0b000201 0b000b01 10023 100 131072 2770059 15078 15174 1810
0b001601 0b001701 10226 100 2097152 2436207 349365 44264 7718
0b001601 0b001701 10227 100 2097152 2436208 349365 44264 8198
0b001601 0b001701 10228 100 2097152 2436230 349344 44264 8678
0b001601 0b001701 10229 100 2097152 2436252 349344 44264 9158
0b001601 0b001701 10230 100 2097152 2436253 349365 44264 9638
0b001401 0b001501 10226 100 2097152 2446366 342222 44264 7716
0b001401 0b001501 10227 100 2097152 2446388 342222 44264 8196
0b001401 0b001501 10228 100 2097152 2446389 342222 44264 8676
0b001401 0b001501 10229 100 2097152 2446391 342221 44264 10596
0b001401 0b001501 10230 100 2097152 2446413 342200 44264 11076
0b000201 0b000301 10166 100 131072 2384960 404361 11234 322
0b000201 0b000301 10167 100 131072 2384970 404355 11234 338
0b000101 0b000201 10190 100 131072 2691833 97533 11234 3297
0b000201 0b000301 10168 100 131072 2390428 399085 11234 3794
0b000201 0b000301 10169 100 131072 2390516 399001 11234 3810
0b001801 0b001901 10226 100 2097152 2447565 342017 44264 8680
0b001801 0b001901 10227 100 2097152 2447566 342017 44264 9160
0b001801 0b001901 10228 100 2097152 2447588 341996 44264 9640
0b001801 0b001901 10229 100 2097152 2447589 341996 44264 10120
0b001801 0b001901 10230 100 2097152 2447590 341996 44264 10600
0b000201 0b000301 10170 100 131072 2413773 376504 11234 354
0b000b01 0b000c01 10186 100 131072 2788147 2876 2898 1835
0b001b01 0b001c01 10226 100 2097152 2439603 351662 44264 7723
0b001b01 0b001c01 10227 100 2097152 2439604 351662 44264 8203
0b001b01 0b001c01 10228 100 2097152 2439606 351682 44264 10123
0b001b01 0b001c01 10229 100 2097152 2439607 351682 44264 10603
0b001b01 0b001c01 10230 100 2097152 2439608 351682 44264 11083
0b000801 0b000901 10183 100 131072 2786955 5564 2898 1416
0b000801 0b000901 10184 100 131072 2787020 5564 2898 2824
0b001f01 0b001801 10226 100 2097152 2440694 352157 44264 8207
0b001f01 0b001801 10227 100 2097152 2440695 352157 44264 8687
0b001f01 0b001801 10228 100 2097152 2440696 352178 44264 9167
0b001f01 0b001801 10229 100 2097152 2440718 352157 44264 9647
0b001f01 0b001801 10230 100 2097152 2440719 352157 44264 10127
0b001201 0b001301 10226 100 2097152 2454852 338478 44264 7714
0b001201 0b001301 10227 100 2097152 2454854 338498 44264 9634
0b001201 0b001301 10228 100 2097152 2454855 338498 44264 10114
0b001201 0b001301 10229 100 2097152 2454856 338498 44264 10594
0b001201 0b001301 10230 100 2097152 2454857 338498 44264 11074
0b000c01 0b000d01 10185 100 131072 2794033 2876 2898 1852
0b000701 0b000001 10183 100 131072 2714028 83946 11234 839
0b000701 0b000001 10184 100 131072 2714038 84024 11234 855
0b000701 0b000001 10185 100 131072 2714164 84170 11234 2295
0b000901 0b000a01 10185 100 131072 2795594 2876 2898 2841
0b001a01 0b001b01 10226 100 2097152 2445827 352773 44264 11082
0b001a01 0b001b01 10227 100 2097152 2445828 352773 44264 10602
0b001a01 0b001b01 10228 100 2097152 2445829 352794 44264 10122
0b001a01 0b001b01 10229 100 2097152 2445830 352794 44264 9642
0b001a01 0b001b01 10230 100 2097152 2445832 352793 44264 7722
0b000701 0b000001 10186 100 131072 2714488 84378 11234 2311
0b000501 0b000601 10185 100 131072 2701381 98829 11234 3733
0b001701 0b001001 10226 100 2097152 2439252 360989 44264 8199
0b001701 0b001001 10227 100 2097152 2439253 360989 44264 8679
0b001c01 0b001d01 10226 100 2097152 2435833 364419 44264 11084
0b001c01 0b001d01 10227 100 2097152 2435834 364419 44264 10604
0b001c01 0b001d01 10228 100 2097152 2435857 364397 44264 8684
0b001c01 0b001d01 10229 100 2097152 2435858 364397 44264 8204
0b001c01 0b001d01 10230 100 2097152 2435859 364397 44264 7724
0b001701 0b001001 10228 100 2097152 2439275 360989 44264 9159
0b000201 0b000b01 10024 100 131072 2785408 15250 15174 1826
0b001701 0b001001 10229 100 2097152 2439276 361010 44264 9639
0b001701 0b001001 10230 100 2097152 2439277 361010 44264 10119
0b001d01 0b001e01 10226 100 2097152 2455120 345196 44264 7725
0b001d01 0b001e01 10227 100 2097152 2455121 345196 44264 8205
0b001d01 0b001e01 10228 100 2097152 2455122 345196 44264 8685
0b001d01 0b001e01 10229 100 2097152 2455123 345196 44264 9165
0b001d01 0b001e01 10230 100 2097152 2455146 345174 44264 11085
0b001101 0b001201 10226 100 2097152 2433011 367567 44264 11073
0b001101 0b001201 10227 100 2097152 2433033 367546 44264 10593
0b001101 0b001201 10228 100 2097152 2433034 367546 44264 10113
0b001101 0b001201 10229 100 2097152 2433035 367546 44264 9633
0b001101 0b001201 10230 100 2097152 2433036 367546 44264 9153
0b000201 0b000301 10171 100 131072 2425824 375105 11234 370
0b001901 0b001a01 10226 100 2097152 2434767 366620 44264 9161
0b001901 0b001a01 10227 100 2097152 2434768 366620 44264 9641
0b001901 0b001a01 10228 100 2097152 2434769 366620 44264 10121
0b001901 0b001a01 10229 100 2097152 2434770 366620 44264 10601
0b001901 0b001a01 10230 100 2097152 2434792 366599 44264 11081
0b000101 0b000201 10191 100 131072 2723141 78624 11234 1825
0b000501 0b000601 10186 100 131072 2701481 100845 11234 1333
0b000501 0b000601 10187 100 131072 2701491 100839 11234 1349
0b000501 0b000601 10188 100 131072 2701501 100833 11234 1365
0b000501 0b000601 10189 100 131072 2701511 100827 11234 1381
0b000601 0b000701 10176 100 131072 2505839 296843 11234 326
0b000601 0b000701 10177 100 131072 2506542 296144 11234 342
0b000501 0b000601 10190 100 131072 2701681 101013 11234 933
0b000501 0b000601 10191 100 131072 2701691 101007 11234 949
0b000d01 0b000e01 10184 100 131072 2799919 2876 2898 1869
0b000601 0b000701 10178 100 131072 2507648 295110 11234 3334
0b001501 0b001601 10226 100 2097152 2434784 368861 44264 7717
0b001501 0b001601 10227 100 2097152 2434785 368861 44264 8197
0b001501 0b001601 10228 100 2097152 2434786 368861 44264 8677
0b001501 0b001601 10229 100 2097152 2434787 368861 44264 9157
0b001501 0b001601 10230 100 2097152 2434789 368860 44264 11077
0b000601 0b000701 10179 100 131072 2537399 266387 11234 1910
0b000a01 0b000b01 10184 100 131072 2801480 2901 2898 2858
0b000b01 0b000c01 10187 100 131072 2803668 2908 2898 1851
0b000301 0b000401 10179 100 131072 2785410 22055 11234 307
0b000301 0b000401 10180 100 131072 2785498 22316 11234 323
0b001301 0b001401 10226 100 2097152 2428856 379207 44264 11075
0b001301 0b001401 10227 100 2097152 2428878 379186 44264 10595
0b001301 0b001401 10228 100 2097152 2428879 379186 44264 10115
0b001301 0b001401 10229 100 2097152 2428881 379185 44264 8195
0b001301 0b001401 10230 100 2097152 2428882 379185 44264 7715
0b000e01 0b000f01 10184 100 131072 2805805 2876 2898 1886
0b001e01 0b001f01 10226 100 2097152 2438594 369891 44264 9646
0b001e01 0b001f01 10227 100 2097152 2438595 369891 44264 9166
0b001e01 0b001f01 10228 100 2097152 2438596 369891 44264 8686
0b001e01 0b001f01 10229 100 2097152 2438597 369891 44264 8206
0b001e01 0b001f01 10230 100 2097152 2438619 369870 44264 7726
0b000b01 0b000c01 10188 100 131072 2807391 2907 2898 2875
0b000c01 0b000d01 10186 100 131072 2809586 2907 2898 1868
0b000701 0b000001 10187 100 131072 2726417 86113 11234 2327
0b000701 0b000001 10188 100 131072 2726427 86107 11234 2343
0b000001 0b000101 10179 100 131072 2581544 231444 11234 448
0b000201 0b000301 10172 100 131072 2437182 375833 11234 386
0b000101 0b000201 10192 100 131072 2728497 84563 11234 1841
0b000001 0b000101 10180 100 131072 2586284 226900 11234 3296
0b000001 0b000101 10181 100 131072 2586292 226896 11234 1296
0b000001 0b000101 10182 100 131072 2586294 226898 11234 3312
0b000001 0b000101 10183 100 131072 2586304 226892 11234 3328
0b000201 0b000301 10173 100 131072 2460591 353284 11234 402
0b000f01 0b000801 10187 100 131072 2811691 2876 2898 1903
0b000201 0b000301 10174 100 131072 2482951 331756 11234 2738
0b000201 0b000301 10175 100 131072 2482961 331750 11234 2754
0b000201 0b000301 10176 100 131072 2518213 297898 11234 2770
0b000201 0b000301 10177 100 131072 2518301 297814 11234 2242
0b000201 0b000301 10178 100 131072 2518305 297814 11234 2786
0b000901 0b000201 10029 100 131072 2795529 20895 15174 1433
0b000d01 0b000e01 10185 100 131072 2815503 2876 2898 1885
0b000801 0b000901 10185 100 131072 2817577 2876 2898 1912
0b000501 0b000601 10192 100 131072 2748353 74218 11234 3749
0b000701 0b000801 10021 100 131072 2805692 18531 6838 343
0b000e01 0b000f01 10185 100 131072 2821389 2876 2898 1902
0b000701 0b000801 10022 100 131072 2805702 18543 6838 359
0b000601 0b000f01 10024 100 131072 2803220 22860 15174 3750
0b000501 0b000601 10193 100 131072 2749285 76947 11234 3765
0b000601 0b000701 10180 100 131072 2561480 265236 11234 2342
0b000601 0b000701 10181 100 131072 2561490 265230 11234 2358
0b000201 0b000b01 10025 100 131072 2804775 23276 15174 1842
0b000601 0b000701 10182 100 131072 2562900 265556 11234 2374
0b000f01 0b000801 10188 100 131072 2827275 3987 2898 1919
0b000101 0b000a01 10022 100 131072 2816198 15954 6838 1313
0b000301 0b000c01 10021 100 131072 2819125 13617 6838 2259
0b000801 0b000901 10186 100 131072 2827233 5881 2898 360
0b000801 0b000901 10187 100 131072 2827255 5864 2898 376
0b000f01 0b000801 10189 100 131072 2829090 4063 2898 3775
0b000401 0b000501 10187 100 131072 2728743 104488 11234 2388
0b000001 0b000901 10023 100 131072 2800984 32264 15174 848
0b000001 0b000901 10024 100 131072 2801072 32200 15174 864
0b001201 0b001301 10231 100 2097152 2503543 330028 44264 7730
0b000b01 0b000c01 10189 100 131072 2831061 2876 2898 1867
0b000001 0b000101 10184 100 131072 2625669 210453 11234 2864
0b000701 0b000001 10189 100 131072 2767205 68990 11234 1895
0b000701 0b000001 10190 100 131072 2767215 68981 11234 1911
0b000001 0b000101 10185 100 131072 2635329 200993 11234 464
0b000001 0b000101 10186 100 131072 2640947 195499 11234 3344
0b000001 0b000101 10187 100 131072 2643507 192963 11234 1840
0b000001 0b000101 10188 100 131072 2655299 181319 11234 1856
0b000001 0b000101 10189 100 131072 2679916 157158 11234 2240
0b000001 0b000101 10190 100 131072 2679926 157152 11234 2256
0b000001 0b000101 10191 100 131072 2691536 145690 11234 1872
0b000201 0b000b01 10026 100 131072 2816070 22100 15174 1858
0b000a01 0b000b01 10185 100 131072 2835162 2970 2898 1338
0b000801 0b000901 10188 100 131072 2836163 3000 2898 3784
0b000401 0b000501 10188 100 131072 2732750 106857 11234 1428
0b000c01 0b000d01 10187 100 131072 2835752 4451 2898 2284
0b000c01 0b000d01 10188 100 131072 2836947 4464 2898 1884
0b000b01 0b000c01 10191 100 131072 2841142 5615 2898 1355
0b000b01 0b000c01 10190 100 131072 2841180 5600 2898 1883
0b000d01 0b000e01 10186 100 131072 2843213 4430 2898 2301
0b000901 0b000a01 10186 100 131072 2836124 12395 2898 377
0b000901 0b000a01 10187 100 131072 2836134 12387 2898 393
0b000901 0b000a01 10188 100 131072 2836258 12454 2898 873
0b000901 0b000a01 10189 100 131072 2836282 12432 2898 889
0b000701 0b000001 10191 100 131072 2805768 43049 11234 3351
0b000d01 0b000e01 10187 100 131072 2844421 4421 2898 1901
0b001401 0b001501 10231 100 2097152 2529869 319046 44264 8692
0b000901 0b000a01 10190 100 131072 2842173 7971 2898 3801
0b000401 0b000501 10189 100 131072 2745282 105629 11234 3796
0b000401 0b000501 10190 100 131072 2745814 105101 11234 3812
0b001b01 0b001c01 10231 100 2097152 2514548 337506 44264 8219
0b001401 0b001501 10232 100 2097152 2532985 319099 44264 9652
0b001a01 0b001b01 10231 100 2097152 2509302 344939 44264 7738
0b001d01 0b001e01 10231 100 2097152 2509488 345326 44264 9181
0b000e01 0b000f01 10186 100 131072 2850653 4430 2898 2318
0b000c01 0b000d01 10189 100 131072 2849767 5606 2898 1372
0b000c01 0b000d01 10190 100 131072 2849790 5606 2898 1900
0b000e01 0b000f01 10187 100 131072 2851852 4430 2898 1918
0b000601 0b000f01 10025 100 131072 2825581 31312 15174 3766
0b000201 0b000301 10179 100 131072 2549915 307368 11234 1410
0b000101 0b000201 10193 100 131072 2815998 43136 11234 465
0b001301 0b001401 10231 100 2097152 2484128 375468 44264 8211
0b000601 0b000f01 10026 100 131072 2829242 31625 15174 3782
0b000101 0b000201 10194 100 131072 2816194 45320 11234 3313
0b000101 0b000201 10195 100 131072 2816204 45314 11234 3329
0b000101 0b000201 10196 100 131072 2816214 45308 11234 3345
0b001501 0b001601 10231 100 2097152 2490936 370561 44264 9173
0b000f01 0b000801 10190 100 131072 2858093 3821 2898 2335
0b000301 0b000401 10181 100 131072 2792331 70828 11234 339
0b000301 0b000401 10182 100 131072 2792341 70846 11234 355
0b000f01 0b000801 10191 100 131072 2859903 3819 2898 3791
0b000d01 0b000e01 10188 100 131072 2858383 5606 2898 1389
0b000d01 0b000e01 10189 100 131072 2858406 5606 2898 1917
0b000301 0b000401 10183 100 131072 2792523 71998 11234 3811
0b000301 0b000401 10184 100 131072 2792533 71997 11234 3827
0b000a01 0b000b01 10186 100 131072 2851529 13271 2898 394
0b000a01 0b000b01 10187 100 131072 2851539 13263 2898 410
0b001601 0b001701 10231 100 2097152 2540918 323795 44264 9654
0b001f01 0b001801 10231 100 2097152 2538599 326305 44264 11103
0b000a01 0b000b01 10188 100 131072 2851722 13334 2898 890
0b000a01 0b000b01 10189 100 131072 2851732 13326 2898 906
0b000a01 0b000b01 10190 100 131072 2853154 12263 2898 3818
0b000301 0b000401 10185 100 131072 2793287 72764 11234 371
0b000f01 0b000801 10192 100 131072 2863877 2969 2898 3807
0b001001 0b001101 10231 100 2097152 2542677 324287 44264 10608
0b001001 0b001101 10232 100 2097152 2543526 324231 44264 7728
0b001601 0b001701 10232 100 2097152 2544191 323757 44264 10614
0b000801 0b000901 10189 100 131072 2864924 3991 2898 2344
0b000e01 0b000f01 10188 100 131072 2866999 2876 2898 1406
0b001e01 0b001f01 10231 100 2097152 2498749 371323 44264 9662
0b001f01 0b001801 10232 100 2097152 2544547 325774 44264 10143
0b000801 0b000901 10190 100 131072 2866732 4579 2898 3800
0b001301 0b001401 10232 100 2097152 2498934 373620 44264 8691
0b000801 0b000901 10191 100 131072 2869856 3628 2898 3816
0b001701 0b001801 10033 100 2097152 2788582 85418 48204 7735
0b000301 0b000401 10186 100 131072 2803939 70573 11234 387
0b001e01 0b001f01 10232 100 2097152 2504294 370728 44264 10142
0b000901 0b000a01 10191 100 131072 2871925 3386 2898 2361
0b000f01 0b000801 10193 100 131072 2872885 2900 2898 1423
0b001201 0b001301 10232 100 2097152 2545587 330093 44264 8690
0b000501 0b000601 10194 100 131072 2767574 109349 11234 1397
0b000501 0b000601 10195 100 131072 2767584 109343 11234 1413
0b000501 0b000601 10196 100 131072 2767594 109337 11234 1429
0b001901 0b001a01 10231 100 2097152 2512808 364198 44264 7737
0b001901 0b001a01 10232 100 2097152 2513358 364066 44264 11097
0b000501 0b000601 10197 100 131072 2768189 110246 11234 3781
0b000901 0b000a01 10192 100 131072 2874321 4317 2898 3817
0b000701 0b000001 10192 100 131072 2829726 50047 11234 2359
0b000701 0b000001 10193 100 131072 2829736 50041 11234 2375
0b000901 0b000a01 10193 100 131072 2876494 4063 2898 3833
0b001c01 0b001501 10033 100 2097152 2794298 86443 48204 10140
0b000a01 0b000b01 10191 100 131072 2878321 3011 2898 2378
0b000b01 0b000c01 10192 100 131072 2867810 13546 2898 411
0b000b01 0b000c01 10193 100 131072 2867820 13538 2898 427
0b000801 0b000901 10192 100 131072 2878795 2950 2898 1432
0b000b01 0b000c01 10194 100 131072 2868066 13697 2898 907
0b000b01 0b000c01 10195 100 131072 2868076 13688 2898 923
0b000b01 0b000c01 10196 100 131072 2868427 13426 2898 3835
0b001501 0b001e01 10033 100 2097152 2791622 90413 48204 10613
0b001a01 0b001b01 10232 100 2097152 2541633 340556 44264 8698
0b001601 0b001701 10233 100 2097152 2561730 320475 44264 10134
0b000501 0b000601 10198 100 131072 2772236 110343 11234 3797
0b000601 0b000701 10183 100 131072 2588255 294358 11234 854
0b000601 0b000701 10184 100 131072 2588265 294352 11234 870
0b000601 0b000701 10185 100 131072 2598071 284750 11234 3350
0b000701 0b000001 10194 100 131072 2831466 51751 11234 2391
0b001001 0b001101 10233 100 2097152 2565475 318014 44264 11088
0b001c01 0b001d01 10231 100 2097152 2520649 362947 44264 9660
0b000001 0b000101 10192 100 131072 2785068 98726 11234 2272
0b000001 0b000101 10193 100 131072 2785078 98720 11234 2288
0b000001 0b000101 10194 100 131072 2785692 98134 11234 1888
0b001801 0b001901 10231 100 2097152 2536603 347459 44264 10616
0b000a01 0b000b01 10192 100 131072 2881648 2884 2898 3834
0b000601 0b000701 10186 100 131072 2650968 233361 11234 2390
0b000601 0b000701 10187 100 131072 2653997 230440 11234 886
0b000601 0b000701 10188 100 131072 2654619 229822 11234 902
0b000601 0b000701 10189 100 131072 2655322 229167 11234 918
0b000601 0b000701 10190 100 131072 2655410 229083 11234 934
0b000001 0b000101 10195 100 131072 2801344 83266 11234 2304
0b000001 0b000101 10196 100 131072 2801876 82770 11234 2320
0b000601 0b000701 10191 100 131072 2678055 206910 11234 1286
0b000601 0b000701 10192 100 131072 2678065 206904 11234 1302
0b000001 0b000101 10197 100 131072 2815540 69482 11234 2336
0b000001 0b000101 10198 100 131072 2815550 69476 11234 2352
0b001d01 0b001e01 10232 100 2097152 2539577 345338 44264 10141
0b001101 0b001a01 10033 100 2097152 2786990 97994 48204 8689
0b000001 0b000101 10199 100 131072 2839205 45993 11234 1904
0b000601 0b000701 10193 100 131072 2700380 184985 11234 1318
0b000601 0b000701 10194 100 131072 2700390 184979 11234 1334
0b001f01 0b001801 10233 100 2097152 2563754 323864 44264 10623
0b001401 0b001501 10233 100 2097152 2575564 312653 44264 9172
0b001301 0b001c01 10033 100 2097152 2796362 93881 48204 9651
0b001b01 0b001c01 10232 100 2097152 2552215 338590 44264 9179
0b001e01 0b001f01 10233 100 2097152 2526625 364330 44264 10622
0b001b01 0b001c01 10233 100 2097152 2553533 338505 44264 8699
0b001c01 0b001d01 10232 100 2097152 2529499 362884 44264 9180
0b000201 0b000301 10180 100 131072 2575774 317285 11234 418
0b000201 0b000301 10181 100 131072 2575784 317279 11234 434
0b000201 0b000301 10182 100 131072 2575794 317273 11234 450
0b001d01 0b001e01 10233 100 2097152 2549294 343590 44264 9661
0b000201 0b000301 10183 100 131072 2576138 317017 11234 2802
0b001201 0b001301 10233 100 2097152 2569927 323134 44264 8210
0b001901 0b001201 10033 100 2097152 2792592 100705 48204 8697
0b001401 0b001d01 10033 100 2097152 2811075 82883 48204 10132
0b001801 0b001901 10232 100 2097152 2543123 351196 44264 7736
0b000c01 0b000d01 10191 100 131072 2884366 10751 2898 428
0b000c01 0b000d01 10192 100 131072 2884376 10743 2898 444
0b000c01 0b000d01 10193 100 131072 2884773 10726 2898 924
0b000c01 0b000d01 10194 100 131072 2884783 10718 2898 940
0b001701 0b001001 10231 100 2097152 2528334 367777 44264 10135
0b001101 0b001201 10231 100 2097152 2526431 369776 44264 7729
0b001101 0b001201 10232 100 2097152 2526453 369755 44264 11089
0b001801 0b001901 10233 100 2097152 2544990 351706 44264 11096
0b001801 0b001101 10033 100 2097152 2795861 101568 48204 8216
0b001901 0b001a01 10233 100 2097152 2543445 354650 44264 8217
0b001b01 0b001401 10033 100 2097152 2801634 97131 48204 9659
0b001001 0b001901 10033 100 2097152 2803251 96782 48204 8208
0b001c01 0b001d01 10233 100 2097152 2539202 363214 44264 8700
0b000b01 0b000401 10029 100 131072 2884342 18721 15174 2395
0b001501 0b001601 10232 100 2097152 2529353 373729 44264 10133
0b000201 0b000301 10184 100 131072 2579772 324687 11234 1426
0b001201 0b001b01 10033 100 2097152 2803592 101281 48204 9170
0b001f01 0b001001 10033 100 2097152 2811499 93507 48204 7743
0b001a01 0b001301 10033 100 2097152 2804397 101240 48204 9178
0b001501 0b001601 10233 100 2097152 2533225 373818 44264 9653
0b000501 0b000601 10199 100 131072 2853921 54184 11234 3813
0b000501 0b000601 10200 100 131072 2853931 54183 11234 3829
0b001d01 0b001601 10033 100 2097152 2803263 105369 48204 10621
0b000d01 0b000e01 10190 100 131072 2898127 10751 2898 445
0b000d01 0b000e01 10191 100 131072 2898137 10743 2898 461
0b001301 0b001401 10233 100 2097152 2542838 365938 44264 9171
0b000d01 0b000e01 10192 100 131072 2898509 10751 2898 941
0b000d01 0b000e01 10193 100 131072 2898519 10743 2898 957
0b000601 0b000701 10195 100 131072 2805336 103867 11234 1350
0b000601 0b000701 10196 100 131072 2805346 103861 11234 1366
0b000601 0b000701 10197 100 131072 2805356 103855 11234 1382
0b000601 0b000701 10198 100 131072 2805366 103849 11234 1398
0b000601 0b000701 10199 100 131072 2805704 103515 11234 950
0b001e01 0b001701 10033 100 2097152 2803330 106187 48204 11102
0b000601 0b000701 10200 100 131072 2879933 30274 11234 1414
0b000601 0b000701 10201 100 131072 2879943 30268 11234 1430
0b000601 0b000f01 10027 100 131072 2881445 29062 15174 3798
0b001701 0b001001 10232 100 2097152 2540882 369486 44264 11095
0b000101 0b000201 10197 100 131072 2839480 73349 11234 1857
0b000601 0b000f01 10028 100 131072 2885589 27356 15174 3814
0b001601 0b001f01 10033 100 2097152 2806659 106642 48204 11094
0b000101 0b000201 10198 100 131072 2839628 75233 11234 1873
0b000301 0b000401 10187 100 131072 2816025 99382 11234 403
0b001a01 0b001b01 10233 100 2097152 2572056 344415 44264 8218
0b000f01 0b000801 10194 100 131072 2913517 3635 2898 3823
0b000101 0b000201 10199 100 131072 2840084 77601 11234 2257
0b000101 0b000201 10200 100 131072 2840094 77595 11234 2273
0b000101 0b000201 10201 100 131072 2840236 77545 11234 1889
0b000201 0b000301 10185 100 131072 2592459 325369 11234 2818
0b000201 0b000301 10186 100 131072 2595195 322693 11234 2258
0b000201 0b000301 10187 100 131072 2596431 321513 11234 466
0b000201 0b000301 10188 100 131072 2609409 308779 11234 3826
0b001101 0b001201 10233 100 2097152 2546468 371763 44264 8209
0b000f01 0b000801 10195 100 131072 2915955 3723 2898 3839
0b000e01 0b000f01 10189 100 131072 2911888 8453 2898 462
0b000e01 0b000f01 10190 100 131072 2911898 8445 2898 478
0b000e01 0b000f01 10191 100 131072 2912270 8264 2898 958
0b000201 0b000301 10189 100 131072 2654168 267164 11234 2834
0b000201 0b000301 10190 100 131072 2655573 265847 11234 2850
0b000801 0b000901 10193 100 131072 2920162 2876 2898 3832
0b000601 0b000f01 10029 100 131072 2911115 15116 15174 3830
0b001701 0b001001 10233 100 2097152 2555025 371096 44264 10615
0b000301 0b000c01 10022 100 131072 2920898 6853 6838 2275
0b000301 0b000401 10188 100 131072 2816885 115496 11234 419
0b000c01 0b000d01 10195 100 131072 2930761 2876 2898 2300
0b000f01 0b000001 10029 100 131072 2923351 15083 15174 479
0b000301 0b000401 10189 100 131072 2817717 121113 11234 2755
0b000301 0b000401 10190 100 131072 2817727 121107 11234 2771
0b000d01 0b000e01 10194 100 131072 2936647 2876 2898 2317
0b000401 0b000501 10191 100 131072 2810475 131048 11234 324
0b000401 0b000501 10192 100 131072 2810824 130715 11234 340
0b000301 0b000401 10191 100 131072 2819121 122449 11234 2787
0b000301 0b000401 10192 100 131072 2819131 122443 11234 2803
0b000e01 0b000f01 10192 100 131072 2942533 2876 2898 2334
0b000201 0b000b01 10027 100 131072 2915839 31626 15174 1874
0b000f01 0b000801 10196 100 131072 2948419 2876 2898 2351
0b000201 0b000b01 10028 100 131072 2917871 33635 15174 1890
0b000301 0b000401 10193 100 131072 2860293 92334 11234 1427
0b000201 0b000b01 10029 100 131072 2920791 32152 15174 1906
0b000b01 0b000c01 10197 100 131072 2950475 2876 2898 1899
0b000801 0b000901 10194 100 131072 2954305 2876 2898 2360
0b000b01 0b000c01 10198 100 131072 2954516 2931 2898 1915
0b000c01 0b000d01 10196 100 131072 2956361 2924 2898 1916
0b000901 0b000a01 10194 100 131072 2960191 2876 2898 2377
0b000701 0b000001 10195 100 131072 2885623 81019 11234 871
0b000701 0b000001 10196 100 131072 2885633 81018 11234 887
0b000501 0b000601 10201 100 131072 2944533 22143 11234 341
0b000501 0b000601 10202 100 131072 2944549 22136 11234 357
0b000001 0b000101 10200 100 131072 2882783 84161 11234 2368
0b000001 0b000101 10201 100 131072 2882793 84155 11234 2384
0b000a01 0b000b01 10193 100 131072 2966077 2876 2898 2394
0b000401 0b000d01 10023 100 131072 2941840 45402 15174 2772
0b000401 0b000d01 10024 100 131072 2941850 45396 15174 2788
0b000401 0b000d01 10025 100 131072 2944580 45368 15174 2804
0b000401 0b000d01 10026 100 131072 2944590 45362 15174 2820
0b000601 0b000701 10202 100 131072 2969686 22138 11234 358
0b000601 0b000701 10203 100 131072 2969696 22132 11234 374
0b000101 0b000201 10202 100 131072 2886804 105536 11234 2289
0b000101 0b000201 10203 100 131072 2886814 105535 11234 2305
0b000101 0b000201 10204 100 131072 2886836 105522 11234 1905
0b000001 0b000901 10025 100 131072 2969652 26082 15174 880
0b000001 0b000901 10026 100 131072 2969662 26076 15174 896
0b000101 0b000201 10205 100 131072 2887620 108845 11234 2321
0b000701 0b000001 10197 100 131072 2887447 109217 11234 903
0b000701 0b000001 10198 100 131072 2887457 109216 11234 919
0b000101 0b000201 10206 100 131072 2887656 109077 11234 2337
0b000101 0b000201 10207 100 131072 2888032 109233 11234 2353
0b000101 0b000201 10208 100 131072 2888042 109227 11234 2369
0b000701 0b000001 10199 100 131072 2887499 110107 11234 935
0b000701 0b000001 10200 100 131072 2887509 110106 11234 951
0b000201 0b000301 10191 100 131072 2732812 265223 11234 3202
0b000201 0b000301 10192 100 131072 2732822 265217 11234 3218
0b000201 0b000301 10193 100 131072 2732832 265211 11234 3234
0b000201 0b000301 10194 100 131072 2732842 265205 11234 3250
0b000201 0b000301 10195 100 131072 2735204 262883 11234 3266
0b000201 0b000301 10196 100 131072 2736189 261902 11234 2866
0b000301 0b000401 10194 100 131072 2896069 102335 11234 435
0b000301 0b000401 10195 100 131072 2896079 102334 11234 451
0b000301 0b000401 10196 100 131072 2896089 102333 11234 467
0b000d01 0b000e01 10195 100 131072 2990252 8441 2898 2797
0b000d01 0b000e01 10196 100 131072 2990262 8433 2898 2813
0b000301 0b000401 10197 100 131072 2896165 102350 11234 2819
0b000201 0b000301 10197 100 131072 2770058 228513 11234 3282
0b000201 0b000301 10198 100 131072 2770068 228507 11234 3298
0b000201 0b000301 10199 100 131072 2792376 206423 11234 3314
0b000401 0b000501 10193 100 131072 2866169 132839 11234 356
0b000401 0b000501 10194 100 131072 2866197 132815 11234 372
0b000201 0b000301 10200 100 131072 2864524 134983 11234 3330
0b000201 0b000301 10201 100 131072 2864534 134977 11234 3346
0b000701 0b000001 10201 100 131072 2887975 111917 11234 1303
0b000701 0b000001 10202 100 131072 2887985 111916 11234 1319
0b000201 0b000301 10202 100 131072 2920695 79252 11234 2274
0b000201 0b000301 10203 100 131072 2920705 79246 11234 2290
0b000701 0b000001 10203 100 131072 2888375 112711 11234 1335
0b000701 0b000001 10204 100 131072 2888385 112710 11234 1351
0b000d01 0b000e01 10197 100 131072 2992958 8427 2898 2829
0b000d01 0b000e01 10198 100 131072 2992968 8419 2898 2845
0b000401 0b000501 10195 100 131072 2867531 134621 11234 3828
0b000901 0b000a01 10195 100 131072 2998744 5627 2898 905
0b000901 0b000a01 10196 100 131072 2998754 5619 2898 921
0b000701 0b000801 10023 100 131072 2994834 9571 6838 375
0b000701 0b000801 10024 100 131072 2994844 9563 6838 391
0b000401 0b000501 10196 100 131072 2869061 139467 11234 388
0b000e01 0b000f01 10193 100 131072 3001703 8441 2898 2814
0b000e01 0b000f01 10194 100 131072 3001713 8433 2898 2830
0b000301 0b000401 10198 100 131072 2920838 89540 11234 2835
0b000101 0b000201 10209 100 131072 2969954 41129 11234 2385
0b000301 0b000c01 10023 100 131072 3002957 9629 6838 2291
0b000301 0b000c01 10024 100 131072 3002967 9621 6838 2307
0b000e01 0b000f01 10195 100 131072 3004395 8441 2898 2846
0b000e01 0b000f01 10196 100 131072 3004405 8433 2898 2862
0b000a01 0b000b01 10194 100 131072 3007381 5627 2898 922
0b000a01 0b000b01 10195 100 131072 3007391 5619 2898 938
0b000801 0b000901 10195 100 131072 3007415 5627 2898 392
0b000801 0b000901 10196 100 131072 3007425 5619 2898 408
0b000401 0b000d01 10027 100 131072 3001525 15078 15174 2836
0b000f01 0b000801 10197 100 131072 3013154 8441 2898 2831
0b000f01 0b000801 10198 100 131072 3013164 8433 2898 2847
0b000901 0b000a01 10197 100 131072 3016052 5627 2898 409
0b000901 0b000a01 10198 100 131072 3016062 5619 2898 425
0b000c01 0b000d01 10197 100 131072 3015596 6136 2898 2316
0b000c01 0b000d01 10198 100 131072 3015606 6127 2898 2332
0b000b01 0b000c01 10199 100 131072 3016018 5874 2898 939
0b000b01 0b000c01 10200 100 131072 3016028 5866 2898 955
0b000d01 0b000e01 10199 100 131072 3019613 2960 2898 2861
0b000401 0b000501 10197 100 131072 2877522 145155 11234 404
0b000501 0b000601 10203 100 131072 3002018 22143 11234 373
0b000501 0b000601 10204 100 131072 3002028 22142 11234 389
0b000f01 0b000801 10199 100 131072 3015846 8441 2898 2863
0b000f01 0b000801 10200 100 131072 3015856 8433 2898 2879
0b000c01 0b000d01 10199 100 131072 3024902 3005 2898 956
0b000401 0b000d01 10028 100 131072 3013388 15078 15174 2852
0b000e01 0b000f01 10197 100 131072 3025583 3047 2898 2878
0b000a01 0b000b01 10196 100 131072 3024689 5627 2898 426
0b000a01 0b000b01 10197 100 131072 3024699 5619 2898 442
0b000d01 0b000e01 10200 100 131072 3024742 5790 2898 2333
0b000d01 0b000e01 10201 100 131072 3024752 5782 2898 2349
0b000801 0b000901 10197 100 131072 3024605 7034 2898 2840
0b000801 0b000901 10198 100 131072 3024615 7026 2898 2856
0b000301 0b000401 10199 100 131072 2924342 107917 11234 2851
0b000301 0b000401 10200 100 131072 2924430 108172 11234 2867
0b000401 0b000501 10198 100 131072 2918417 114402 11234 420
0b000801 0b000901 10199 100 131072 3027297 5690 2898 2872
0b000401 0b000501 10199 100 131072 2935391 97948 11234 436
0b000d01 0b000e01 10202 100 131072 3031476 2911 2898 2877
0b000501 0b000601 10205 100 131072 3011538 23712 11234 405
0b000001 0b000901 10027 100 131072 2999674 36666 15174 912
0b000001 0b000901 10028 100 131072 2999684 36660 15174 928
0b000001 0b000901 10029 100 131072 3000616 36162 15174 944
0b000b01 0b000c01 10201 100 131072 3033326 5627 2898 443
0b000b01 0b000c01 10202 100 131072 3033336 5619 2898 459
0b000e01 0b000f01 10198 100 131072 3033542 5665 2898 2350
0b000e01 0b000f01 10199 100 131072 3033552 5657 2898 2366
0b000901 0b000a01 10199 100 131072 3034649 6467 2898 2857
0b000901 0b000a01 10200 100 131072 3034659 6459 2898 2873
0b000901 0b000a01 10201 100 131072 3039350 6501 2898 937
0b000901 0b000a01 10202 100 131072 3039360 6492 2898 953
0b000501 0b000601 10206 100 131072 3025687 20591 11234 421
0b000a01 0b000b01 10198 100 131072 3044126 2955 2898 2874
0b000c01 0b000d01 10200 100 131072 3041963 5627 2898 460
0b000c01 0b000d01 10201 100 131072 3041973 5619 2898 476
0b000f01 0b000801 10201 100 131072 3042217 5627 2898 2367
0b000f01 0b000801 10202 100 131072 3042227 5619 2898 2383
0b000401 0b000d01 10029 100 131072 3035269 15078 15174 2868
0b000701 0b000001 10205 100 131072 2912213 139291 11234 1367
0b000701 0b000001 10206 100 131072 2912223 139290 11234 1383
0b000701 0b000001 10207 100 131072 2912233 139289 11234 1399
0b000701 0b000001 10208 100 131072 2912243 139288 11234 1415
0b000701 0b000001 10209 100 131072 2913217 138659 11234 1431
0b000a01 0b000b01 10199 100 131072 3048861 2876 2898 954
0b000d01 0b000e01 10203 100 131072 3050600 2876 2898 477
0b000201 0b000301 10204 100 131072 2995350 58470 11234 2306
0b000201 0b000301 10205 100 131072 2995360 58464 11234 2322
0b000001 0b000101 10202 100 131072 3002902 50971 11234 1312
0b000001 0b000101 10203 100 131072 3002912 50965 11234 1328
0b000001 0b000101 10204 100 131072 3004096 49833 11234 1344
0b000001 0b000101 10205 100 131072 3004106 49827 11234 1360
0b000801 0b000901 10200 100 131072 3050854 5627 2898 2376
0b000801 0b000901 10201 100 131072 3050864 5619 2898 2392
0b000201 0b000301 10206 100 131072 2999475 62091 11234 2338
0b000201 0b000301 10207 100 131072 2999743 62084 11234 2354
0b000201 0b000301 10208 100 131072 3000275 61897 11234 2370
0b000201 0b000301 10209 100 131072 3000285 61891 11234 2386
0b000901 0b000a01 10203 100 131072 3059491 2876 2898 2393
0b000301 0b000c01 10025 100 131072 3056830 9571 6838 2323
0b000301 0b000c01 10026 100 131072 3056840 9563 6838 2339
0b000501 0b000601 10207 100 131072 3035829 30995 11234 437
0b000501 0b000601 10208 100 131072 3036349 32591 11234 453
0b000601 0b000701 10204 100 131072 3027171 42432 11234 390
0b000601 0b000701 10205 100 131072 3027181 42426 11234 406
0b000601 0b000701 10206 100 131072 3038260 31847 11234 422
0b000101 0b000a01 10023 100 131072 3056883 15031 6838 1329
0b000101 0b000a01 10024 100 131072 3056893 15023 6838 1345
0b000101 0b000a01 10025 100 131072 3056939 15021 6838 1361
0b000101 0b000a01 10026 100 131072 3056949 15013 6838 1377
0b000c01 0b000d01 10202 100 131072 3069411 5627 2898 2348
0b000c01 0b000d01 10203 100 131072 3069421 5619 2898 2364
0b000301 0b000c01 10027 100 131072 3064576 11650 6838 2355
0b000301 0b000c01 10028 100 131072 3064837 11895 6838 2371
0b000301 0b000c01 10029 100 131072 3065182 11720 6838 2387
0b000601 0b000701 10207 100 131072 3049288 29736 11234 438
0b000d01 0b000e01 10204 100 131072 3078048 6046 2898 2365
0b000d01 0b000e01 10205 100 131072 3078058 6037 2898 2381
0b000701 0b000801 10025 100 131072 3072613 12091 6838 407
0b000701 0b000801 10026 100 131072 3072623 12083 6838 423
0b000c01 0b000d01 10204 100 131072 3079236 5333 2898 2380
0b000701 0b000801 10027 100 131072 3073117 11822 6838 439
0b000c01 0b000d01 10205 100 131072 3079742 5333 2898 2396
0b000a01 0b000b01 10200 100 131072 3074924 11087 2898 1354
0b000a01 0b000b01 10201 100 131072 3074934 11079 2898 1370
0b000a01 0b000b01 10202 100 131072 3074970 11087 2898 1386
0b000a01 0b000b01 10203 100 131072 3074980 11079 2898 1402
0b000701 0b000801 10028 100 131072 3082034 6820 6838 455
0b000d01 0b000e01 10206 100 131072 3087579 3005 2898 2397
0b000e01 0b000f01 10200 100 131072 3087104 5759 2898 2382
0b000e01 0b000f01 10201 100 131072 3087114 5751 2898 2398
0b000601 0b000701 10208 100 131072 3069834 24487 11234 454
0b000601 0b000701 10209 100 131072 3071950 23388 11234 470
0b000801 0b000901 10202 100 131072 3087714 9746 2898 424
0b000801 0b000901 10203 100 131072 3087724 9737 2898 440
0b000801 0b000901 10204 100 131072 3087949 9754 2898 456
0b000001 0b000101 10206 100 131072 3054514 44146 11234 1376
0b000001 0b000101 10207 100 131072 3054524 44140 11234 1392
0b000001 0b000101 10208 100 131072 3054534 44134 11234 1408
0b000001 0b000101 10209 100 131072 3054544 44129 11234 1424
0b000f01 0b000801 10203 100 131072 3095873 3013 2898 2399
0b000801 0b000901 10205 100 131072 3091864 7117 2898 472
0b000b01 0b000c01 10203 100 131072 3089021 11087 2898 1371
0b000b01 0b000c01 10204 100 131072 3089031 11079 2898 1387
0b000b01 0b000c01 10205 100 131072 3089067 11087 2898 1403
0b000b01 0b000c01 10206 100 131072 3089077 11079 2898 1419
0b000701 0b000801 10029 100 131072 3097331 6820 6838 471
0b000901 0b000a01 10204 100 131072 3100470 8273 2898 441
0b000901 0b000a01 10205 100 131072 3100480 8265 2898 457
0b000901 0b000a01 10206 100 131072 3100713 8139 2898 473
0b000101 0b000a01 10027 100 131072 3101670 12322 6838 1393
0b000101 0b000a01 10028 100 131072 3101680 12314 6838 1409
0b000101 0b000a01 10029 100 131072 3101690 12306 6838 1425
0b000c01 0b000d01 10206 100 131072 3103118 11087 2898 1388
0b000c01 0b000d01 10207 100 131072 3103128 11079 2898 1404
0b000c01 0b000d01 10208 100 131072 3103164 11087 2898 1420
0b000c01 0b000d01 10209 100 131072 3103174 11079 2898 1436
0b000a01 0b000b01 10204 100 131072 3111753 5921 2898 458
0b000a01 0b000b01 10205 100 131072 3111763 5913 2898 474
0b000a01 0b000b01 10206 100 131072 3117002 5979 2898 1418
0b000a01 0b000b01 10207 100 131072 3117012 5970 2898 1434
0b000b01 0b000c01 10207 100 131072 3120684 2981 2898 475
0b000d01 0b000e01 10207 100 131072 3117215 8357 2898 1405
0b000d01 0b000e01 10208 100 131072 3117225 8349 2898 1421
0b000d01 0b000e01 10209 100 131072 3117261 8336 2898 1437
0b000401 0b000501 10200 100 131072 3001414 125965 11234 452
0b000401 0b000501 10201 100 131072 3001424 125959 11234 468
0b000b01 0b000c01 10208 100 131072 3125991 2876 2898 1435
0b001001 0b001101 10234 100 2097152 2803252 325374 44264 8688
0b001001 0b001101 10235 100 2097152 2803274 325374 44264 9168
0b001001 0b001101 10236 100 2097152 2803296 325353 44264 9648
0b001001 0b001101 10237 100 2097152 2803297 325353 44264 10128
0b000301 0b000401 10201 100 131072 3001045 130266 11234 3219
0b000301 0b000401 10202 100 131072 3001055 130265 11234 3235
0b000301 0b000401 10203 100 131072 3001065 130264 11234 3251
0b000301 0b000401 10204 100 131072 3001075 130263 11234 3267
0b000301 0b000401 10205 100 131072 3001097 130250 11234 3283
0b000301 0b000401 10206 100 131072 3001581 131455 11234 3299
0b000301 0b000401 10207 100 131072 3001591 131454 11234 3315
0b000301 0b000401 10208 100 131072 3001809 131413 11234 3331
0b000301 0b000401 10209 100 131072 3002517 131050 11234 3347
0b000e01 0b000f01 10202 100 131072 3128582 5627 2898 1422
0b000e01 0b000f01 10203 100 131072 3128592 5619 2898 1438
0b001201 0b001301 10234 100 2097152 2803588 332278 44264 11090
0b001201 0b001301 10235 100 2097152 2803589 332299 44264 10610
0b001201 0b001301 10236 100 2097152 2803590 332299 44264 10130
0b001201 0b001301 10237 100 2097152 2803591 332299 44264 9650
0b000f01 0b000801 10204 100 131072 3137219 2876 2898 1439
0b000501 0b000601 10209 100 131072 3130389 11145 11234 469
0b001901 0b001a01 10234 100 2097152 2792593 350803 44264 9177
0b001901 0b001a01 10235 100 2097152 2792594 350803 44264 9657
0b001901 0b001a01 10236 100 2097152 2792595 350803 44264 10137
0b001901 0b001a01 10237 100 2097152 2792596 350803 44264 10617
0b001601 0b001701 10234 100 2097152 2806655 339823 44264 7734
0b001601 0b001701 10235 100 2097152 2806656 339823 44264 8214
0b001601 0b001701 10236 100 2097152 2806657 339823 44264 8694
0b001601 0b001701 10237 100 2097152 2806658 339844 44264 9174
0b001d01 0b001e01 10234 100 2097152 2803262 345377 44264 11101
0b001d01 0b001e01 10235 100 2097152 2803264 345376 44264 8701
0b001d01 0b001e01 10236 100 2097152 2803265 345376 44264 8221
0b001d01 0b001e01 10237 100 2097152 2803266 345376 44264 7741
0b001b01 0b001c01 10234 100 2097152 2801610 349175 44264 11099
0b001b01 0b001c01 10235 100 2097152 2801611 349175 44264 10619
0b001b01 0b001c01 10236 100 2097152 2801633 349175 44264 10139
0b001b01 0b001c01 10237 100 2097152 2801635 349174 44264 7739
0b001401 0b001501 10234 100 2097152 2811073 344339 44264 11092
0b001401 0b001501 10235 100 2097152 2811074 344339 44264 10612
0b001401 0b001501 10236 100 2097152 2811076 344338 44264 8212
0b001401 0b001501 10237 100 2097152 2811077 344338 44264 7732
0b001c01 0b001d01 10234 100 2097152 2794275 363513 44264 7740
0b001c01 0b001d01 10235 100 2097152 2794276 363513 44264 8220
0b001c01 0b001d01 10236 100 2097152 2794299 363491 44264 10620
0b001c01 0b001d01 10237 100 2097152 2794300 363512 44264 11100
0b001801 0b001901 10234 100 2097152 2795862 362547 44264 8696
0b001801 0b001901 10235 100 2097152 2795884 362526 44264 9176
0b001801 0b001901 10236 100 2097152 2795885 362547 44264 9656
0b001801 0b001901 10237 100 2097152 2795886 362547 44264 10136
0b001f01 0b001801 10234 100 2097152 2811495 349742 44264 9663
0b001f01 0b001801 10235 100 2097152 2811496 349763 44264 9183
0b001f01 0b001801 10236 100 2097152 2811497 349763 44264 8703
0b001f01 0b001801 10237 100 2097152 2811498 349763 44264 8223
0b001701 0b001001 10234 100 2097152 2788583 373704 44264 8215
0b001701 0b001001 10235 100 2097152 2788584 373725 44264 8695
0b001701 0b001001 10236 100 2097152 2788606 373725 44264 9175
0b001701 0b001001 10237 100 2097152 2788628 373704 44264 9655
0b001a01 0b001b01 10234 100 2097152 2804398 358820 44264 9658
0b001a01 0b001b01 10235 100 2097152 2804399 358820 44264 10138
0b001a01 0b001b01 10236 100 2097152 2804400 358820 44264 10618
0b001a01 0b001b01 10237 100 2097152 2804401 358820 44264 11098
0b001501 0b001601 10234 100 2097152 2791598 372048 44264 7733
0b001501 0b001601 10235 100 2097152 2791620 372027 44264 8213
0b001501 0b001601 10236 100 2097152 2791621 372027 44264 8693
0b001501 0b001601 10237 100 2097152 2791623 372026 44264 11093
0b001101 0b001201 10234 100 2097152 2786965 378585 44264 10609
0b001101 0b001201 10235 100 2097152 2786987 378564 44264 10129
0b001101 0b001201 10236 100 2097152 2786988 378564 44264 9649
0b001101 0b001201 10237 100 2097152 2786989 378564 44264 9169
0b001e01 0b001f01 10234 100 2097152 2803326 362475 44264 7742
0b001e01 0b001f01 10235 100 2097152 2803327 362475 44264 8222
0b001e01 0b001f01 10236 100 2097152 2803328 362475 44264 8702
0b001e01 0b001f01 10237 100 2097152 2803329 362475 44264 9182
0b001301 0b001401 10234 100 2097152 2796340 370007 44264 7731
0b001301 0b001401 10235 100 2097152 2796363 369985 44264 10131
0b001301 0b001401 10236 100 2097152 2796364 369985 44264 10611
0b001301 0b001401 10237 100 2097152 2796365 369985 44264 11091
0b001601 0b001701 10238 100 2097152 2864507 324561 44264 9190
0b001b01 0b001c01 10238 100 2097152 2857251 338324 44264 7755
0b001101 0b001a01 10034 100 2097152 3131636 66719 48204 8705
0b001401 0b001501 10238 100 2097152 2862606 338542 44264 8228
0b001301 0b001401 10238 100 2097152 2836581 365190 44264 7747
0b001301 0b001c01 10034 100 2097152 3138900 69002 48204 9667
0b001001 0b001101 10238 100 2097152 2899121 315985 44264 10144
0b001401 0b001501 10239 100 2097152 2875564 340065 44264 8708
0b001e01 0b001f01 10238 100 2097152 2857824 360362 44264 9198
0b001f01 0b001801 10238 100 2097152 2873082 346039 44264 9679
0b001b01 0b001c01 10239 100 2097152 2885199 334269 44264 8715
0b001c01 0b001d01 10238 100 2097152 2855064 364555 44264 8236
0b001201 0b001301 10238 100 2097152 2896307 324081 44264 8706
0b001501 0b001601 10238 100 2097152 2851925 369374 44264 8709
0b000401 0b000501 10202 100 131072 3134321 87154 11234 3236
0b000401 0b000501 10203 100 131072 3134331 87148 11234 3252
0b000401 0b000501 10204 100 131072 3134341 87142 11234 3268
0b000401 0b000501 10205 100 131072 3134351 87137 11234 3284
0b000401 0b000501 10206 100 131072 3134361 87136 11234 3300
0b001a01 0b001301 10034 100 2097152 3146406 75664 48204 9194
0b000401 0b000501 10207 100 131072 3136046 86482 11234 3316
0b000401 0b000501 10208 100 131072 3136056 86476 11234 3332
0b000401 0b000501 10209 100 131072 3136232 86304 11234 3348
0b001201 0b001301 10239 100 2097152 2899217 324736 44264 7746
0b001201 0b001301 10240 100 2097152 2899218 324757 44264 11106
0b001501 0b001601 10239 100 2097152 2855094 369374 44264 9669
0b001f01 0b001801 10239 100 2097152 2878032 346436 44264 10159
0b001901 0b001a01 10238 100 2097152 2887072 337480 44264 10633
0b001001 0b001101 10239 100 2097152 2908016 317783 44264 7744
0b001801 0b001901 10238 100 2097152 2867914 358547 44264 11112
0b001d01 0b001e01 10238 100 2097152 2886606 342731 44264 9677
0b001001 0b001101 10240 100 2097152 2913378 316843 44264 11104
0b001801 0b001901 10239 100 2097152 2873331 358411 44264 10152
0b001e01 0b001701 10034 100 2097152 3151649 81265 48204 11118
0b001701 0b001801 10034 100 2097152 3149488 83586 48204 7751
0b001801 0b001901 10240 100 2097152 2877010 357505 44264 7752
0b001901 0b001a01 10239 100 2097152 2897329 338457 44264 7753
0b001201 0b001301 10241 100 2097152 2921241 315319 44264 8226
0b001901 0b001201 10034 100 2097152 3161419 75754 48204 8713
0b001b01 0b001c01 10240 100 2097152 2907883 329296 44264 9195
0b001601 0b001701 10239 100 2097152 2906092 332001 44264 10150
0b001901 0b001a01 10240 100 2097152 2899706 338787 44264 11113
0b001f01 0b001801 10240 100 2097152 2893965 345156 44264 10639
0b001001 0b001101 10241 100 2097152 2929131 310155 44264 10624
0b001401 0b001501 10240 100 2097152 2901775 338296 44264 9668
0b001d01 0b001e01 10239 100 2097152 2895393 344879 44264 9197
0b001d01 0b001e01 10240 100 2097152 2896968 344889 44264 10157
0b001901 0b001a01 10241 100 2097152 2903043 338839 44264 8233
0b001601 0b001701 10240 100 2097152 2910053 332661 44264 9670
0b001201 0b001b01 10034 100 2097152 3168563 74379 48204 9186
0b001e01 0b001f01 10239 100 2097152 2885045 358169 44264 10638
0b001b01 0b001c01 10241 100 2097152 2919481 324320 44264 8235
0b001701 0b001001 10238 100 2097152 2867723 376292 44264 9671
0b001601 0b001701 10241 100 2097152 2911642 332393 44264 10630
0b001301 0b001401 10239 100 2097152 2878690 365404 44264 8707
0b001801 0b001901 10241 100 2097152 2890628 353879 44264 10632
0b001b01 0b001401 10034 100 2097152 3166228 79854 48204 9675
0b001e01 0b001f01 10240 100 2097152 2887925 358215 44264 10158
0b001401 0b001501 10241 100 2097152 2911786 335419 44264 9188
0b001d01 0b001e01 10241 100 2097152 2905426 342503 44264 8717
0b001701 0b001001 10239 100 2097152 2870958 377149 44264 10631
0b001601 0b001f01 10034 100 2097152 3166659 82020 48204 11110
0b001501 0b001601 10240 100 2097152 2883751 366069 44264 10149
0b001101 0b001201 10238 100 2097152 2869974 381264 44264 10625
0b001101 0b001201 10239 100 2097152 2870767 381352 44264 7745
0b001e01 0b001f01 10241 100 2097152 2895894 358326 44264 9678
0b001a01 0b001b01 10238 100 2097152 2880016 375248 44264 7754
0b001a01 0b001b01 10239 100 2097152 2880434 375557 44264 11114
0b001501 0b001601 10241 100 2097152 2891227 365040 44264 9189
0b001c01 0b001501 10034 100 2097152 3153818 103002 48204 10156
0b001801 0b001101 10034 100 2097152 3164271 94656 48204 8232
0b001f01 0b001801 10241 100 2097152 2916311 342931 44264 11119
0b001001 0b001901 10034 100 2097152 3165297 94537 48204 8224
0b001f01 0b001001 10034 100 2097152 3168811 93598 48204 7759
0b000501 0b000e01 10023 100 131072 3224485 39351 6838 3253
0b000501 0b000e01 10024 100 131072 3224495 39342 6838 3269
0b000501 0b000e01 10025 100 131072 3224505 39333 6838 3285
0b000501 0b000e01 10026 100 131072 3224515 39324 6838 3301
0b000501 0b000e01 10027 100 131072 3224525 39315 6838 3317
0b001701 0b001001 10240 100 2097152 2885215 378733 44264 10151
0b000501 0b000e01 10028 100 131072 3225538 38827 6838 3333
0b000501 0b000e01 10029 100 131072 3225548 38819 6838 3349
0b001a01 0b001b01 10240 100 2097152 2887994 378338 44264 8714
0b001c01 0b001d01 10239 100 2097152 2893253 375304 44264 9676
0b001101 0b001201 10240 100 2097152 2886499 382121 44264 11105
0b001301 0b001401 10240 100 2097152 2896071 372884 44264 8227
0b001c01 0b001d01 10240 100 2097152 2893815 375623 44264 9196
0b001c01 0b001d01 10241 100 2097152 2895048 375798 44264 8716
0b001501 0b001e01 10034 100 2097152 3158423 113209 48204 10629
0b001d01 0b001601 10034 100 2097152 3160800 113225 48204 10637
0b001401 0b001d01 10034 100 2097152 3169358 104785 48204 10148
0b001a01 0b001b01 10241 100 2097152 2901105 380078 44264 8234
0b001101 0b001201 10241 100 2097152 2900439 381646 44264 8225
0b001301 0b001401 10241 100 2097152 2908647 374367 44264 9187
0b000e01 0b000f01 10204 100 131072 3266846 16526 2898 3278
0b000e01 0b000f01 10205 100 131072 3266856 16518 2898 3294
0b000e01 0b000f01 10206 100 131072 3266866 16510 2898 3310
0b000e01 0b000f01 10207 100 131072 3266876 16502 2898 3326
0b000e01 0b000f01 10208 100 131072 3266886 16494 2898 3342
0b000e01 0b000f01 10209 100 131072 3267375 16112 2898 3358
0b001701 0b001001 10241 100 2097152 2912527 377954 44264 11111
0b000f01 0b000801 10205 100 131072 3286382 13880 2898 3295
0b000f01 0b000801 10206 100 131072 3286392 13872 2898 3311
0b000f01 0b000801 10207 100 131072 3286402 13864 2898 3327
0b000f01 0b000801 10208 100 131072 3286412 13856 2898 3343
0b000f01 0b000801 10209 100 131072 3286422 13848 2898 3359
0b000801 0b000901 10206 100 131072 3303272 11129 2898 3304
0b000801 0b000901 10207 100 131072 3303282 11121 2898 3320
0b000801 0b000901 10208 100 131072 3303292 11113 2898 3336
0b000801 0b000901 10209 100 131072 3303302 11105 2898 3352
0b000901 0b000a01 10207 100 131072 3317411 8378 2898 3321
0b000901 0b000a01 10208 100 131072 3317421 8370 2898 3337
0b000901 0b000a01 10209 100 131072 3317431 8362 2898 3353
0b000a01 0b000b01 10208 100 131072 3328799 5627 2898 3338
0b000a01 0b000b01 10209 100 131072 3328809 5619 2898 3354
0b000b01 0b000c01 10209 100 131072 3337436 2876 2898 3355
0b001001 0b001101 10242 100 2097152 3165319 316689 44264 8704
0b001001 0b001101 10243 100 2097152 3165341 316689 44264 9184
0b001001 0b001101 10244 100 2097152 3165342 316689 44264 9664
0b001b01 0b001c01 10242 100 2097152 3166229 317632 44264 10155
0b001b01 0b001c01 10243 100 2097152 3166230 317632 44264 10635
0b001b01 0b001c01 10244 100 2097152 3166231 317653 44264 11115
0b001201 0b001301 10242 100 2097152 3168560 319764 44264 10626
0b001201 0b001301 10243 100 2097152 3168561 319785 44264 10146
0b001201 0b001301 10244 100 2097152 3168562 319785 44264 9666
0b001d01 0b001e01 10242 100 2097152 3160798 329409 44264 7757
0b001d01 0b001e01 10243 100 2097152 3160799 329409 44264 8237
0b001d01 0b001e01 10244 100 2097152 3160822 329387 44264 11117
0b001401 0b001501 10242 100 2097152 3169357 338623 44264 7748
0b001401 0b001501 10243 100 2097152 3169359 338622 44264 10628
0b001401 0b001501 10244 100 2097152 3169360 338622 44264 11108
0b001601 0b001701 10242 100 2097152 3166656 342620 44264 7750
0b001601 0b001701 10243 100 2097152 3166657 342620 44264 8230
0b001601 0b001701 10244 100 2097152 3166658 342620 44264 8710
0b001e01 0b001f01 10242 100 2097152 3151650 358817 44264 8718
0b001e01 0b001f01 10243 100 2097152 3151651 358838 44264 8238
0b001e01 0b001f01 10244 100 2097152 3151652 358838 44264 7758
0b001901 0b001a01 10242 100 2097152 3161420 353002 44264 9193
0b001901 0b001a01 10243 100 2097152 3161442 352981 44264 9673
0b001901 0b001a01 10244 100 2097152 3161443 352981 44264 10153
0b001101 0b001201 10242 100 2097152 3131658 386324 44264 9185
0b001101 0b001201 10243 100 2097152 3131659 386324 44264 9665
0b001101 0b001201 10244 100 2097152 3131660 386324 44264 10145
0b001301 0b001401 10242 100 2097152 3138876 379771 44264 11107
0b001301 0b001401 10243 100 2097152 3138898 379750 44264 10627
0b001301 0b001401 10244 100 2097152 3138899 379750 44264 10147
0b001801 0b001901 10242 100 2097152 3164247 356454 44264 9672
0b001801 0b001901 10243 100 2097152 3164269 356454 44264 9192
0b001801 0b001901 10244 100 2097152 3164270 356454 44264 8712
0b001f01 0b001801 10242 100 2097152 3168812 352023 44264 8239
0b001f01 0b001801 10243 100 2097152 3168813 352023 44264 8719
0b001f01 0b001801 10244 100 2097152 3168814 352023 44264 9199
0b001501 0b001601 10242 100 2097152 3158422 364126 44264 11109
0b001501 0b001601 10243 100 2097152 3158424 364125 44264 8229
0b001501 0b001601 10244 100 2097152 3158425 364146 44264 7749
0b001a01 0b001b01 10242 100 2097152 3146407 380177 44264 9674
0b001a01 0b001b01 10243 100 2097152 3146408 380177 44264 10154
0b001a01 0b001b01 10244 100 2097152 3146409 380177 44264 10634
0b001701 0b001001 10242 100 2097152 3149489 379661 44264 8231
0b001701 0b001001 10243 100 2097152 3149490 379661 44264 8711
0b001701 0b001001 10244 100 2097152 3149512 379640 44264 9191
0b001d01 0b001e01 10245 100 2097152 3222629 311712 44264 8253
0b001401 0b001501 10245 100 2097152 3204781 333750 44264 7764
0b001c01 0b001d01 10242 100 2097152 3153795 385267 44264 11116
0b001c01 0b001d01 10243 100 2097152 3153796 385267 44264 10636
0b001c01 0b001d01 10244 100 2097152 3153819 385245 44264 7756
0b001101 0b001a01 10035 100 2097152 3485018 58725 48204 8721
0b001c01 0b001501 10035 100 2097152 3486871 64230 48204 10172
0b001301 0b001c01 10035 100 2097152 3491357 64551 48204 9683
0b001201 0b001301 10245 100 2097152 3240183 321856 44264 8722
0b001b01 0b001c01 10245 100 2097152 3245952 318554 44264 9211
0b001001 0b001101 10245 100 2097152 3247025 317564 44264 9680
0b001e01 0b001701 10035 100 2097152 3493219 72697 48204 11134
0b001601 0b001701 10245 100 2097152 3224309 342028 44264 8726
0b001701 0b001001 10245 100 2097152 3192078 375117 44264 9207
0b001601 0b001701 10246 100 2097152 3227478 341521 44264 9686
0b001001 0b001101 10246 100 2097152 3251117 319593 44264 10640
0b001501 0b001601 10245 100 2097152 3204158 367830 44264 8245
0b001f01 0b001801 10245 100 2097152 3221196 352310 44264 9215
0b001801 0b001901 10245 100 2097152 3222131 355195 44264 9688
0b001901 0b001a01 10245 100 2097152 3229471 349980 44264 11129
0b001a01 0b001b01 10245 100 2097152 3201365 378136 44264 8730
0b001401 0b001501 10246 100 2097152 3247104 333689 44264 8724
0b001501 0b001e01 10035 100 2097152 3510991 70314 48204 10645
0b001801 0b001901 10246 100 2097152 3227478 354623 44264 10168
0b001401 0b001501 10247 100 2097152 3249092 333682 44264 9684
0b001b01 0b001c01 10246 100 2097152 3258274 324761 44264 7771
0b001201 0b001301 10246 100 2097152 3254248 328801 44264 10642
0b001b01 0b001c01 10247 100 2097152 3259001 324848 44264 11131
0b001201 0b001301 10247 100 2097152 3255129 328801 44264 7762
0b001901 0b001a01 10246 100 2097152 3234752 349896 44264 10169
0b001501 0b001601 10246 100 2097152 3218639 368165 44264 8725
0b001901 0b001a01 10247 100 2097152 3237525 349610 44264 7769
0b001001 0b001101 10247 100 2097152 3265419 322452 44264 7760
0b001c01 0b001d01 10245 100 2097152 3198585 389860 44264 7772
0b001001 0b001101 10248 100 2097152 3266958 322234 44264 10160
0b001d01 0b001e01 10246 100 2097152 3271567 317726 44264 9693
0b001801 0b001901 10247 100 2097152 3236084 353299 44264 7768
0b001d01 0b001e01 10247 100 2097152 3272448 317726 44264 9213
0b001d01 0b001e01 10248 100 2097152 3273856 317287 44264 8733
0b001401 0b001d01 10035 100 2097152 3521659 70222 48204 10164
0b001601 0b001701 10247 100 2097152 3252830 339125 44264 10166
0b001b01 0b001c01 10248 100 2097152 3269342 323088 44264 8731
0b001d01 0b001e01 10249 100 2097152 3277153 315707 44264 10173
0b001801 0b001901 10248 100 2097152 3242131 351543 44264 10648
0b001601 0b001f01 10035 100 2097152 3525558 68961 48204 11126
0b001b01 0b001401 10035 100 2097152 3529594 65176 48204 9691
0b001201 0b001301 10248 100 2097152 3271630 323301 44264 11122
0b001901 0b001a01 10248 100 2097152 3247517 349659 44264 10649
0b001401 0b001501 10248 100 2097152 3271965 326056 44264 8244
0b001601 0b001701 10248 100 2097152 3259277 339147 44264 9206
0b001e01 0b001f01 10245 100 2097152 3232347 366297 44264 9694
0b001f01 0b001801 10246 100 2097152 3246224 353599 44264 10655
0b001101 0b001201 10245 100 2097152 3218116 381835 44264 10161
0b001201 0b001301 10249 100 2097152 3285095 315583 44264 8242
0b001b01 0b001c01 10249 100 2097152 3284193 316774 44264 8251
0b001f01 0b001801 10247 100 2097152 3249150 353754 44264 10175
0b001001 0b001101 10249 100 2097152 3293491 310838 44264 11120
0b001c01 0b001d01 10246 100 2097152 3210912 393800 44264 9692
0b001f01 0b001801 10248 100 2097152 3251689 353481 44264 11135
0b001801 0b001901 10249 100 2097152 3262252 343228 44264 11128
0b001301 0b001401 10245 100 2097152 3223398 382612 44264 8723
0b001401 0b001501 10249 100 2097152 3286024 320010 44264 9204
0b001f01 0b001801 10249 100 2097152 3257230 351351 44264 9695
0b001301 0b001401 10246 100 2097152 3225080 383593 44264 9203
0b001d01 0b001601 10035 100 2097152 3542073 66928 48204 10653
0b001a01 0b001b01 10246 100 2097152 3227562 382774 44264 10650
0b001301 0b001401 10247 100 2097152 3226963 384131 44264 7763
0b001301 0b001401 10248 100 2097152 3226985 384110 44264 11123
0b001601 0b001701 10249 100 2097152 3277035 334061 44264 10646
0b001701 0b001801 10035 100 2097152 3512286 100148 48204 7767
0b001901 0b001a01 10249 100 2097152 3262844 350090 44264 8249
0b001101 0b001201 10246 100 2097152 3228809 384919 44264 7761
0b001f01 0b001001 10035 100 2097152 3513500 100351 48204 7775
0b001801 0b001101 10035 100 2097152 3523845 91287 48204 8248
0b001e01 0b001f01 10246 100 2097152 3243282 374107 44264 9214
0b001a01 0b001301 10035 100 2097152 3517432 101332 48204 9210
0b001101 0b001201 10247 100 2097152 3233231 385602 44264 11121
0b001c01 0b001d01 10247 100 2097152 3222478 396755 44264 8732
0b001701 0b001001 10246 100 2097152 3235924 383495 44264 11127
0b001501 0b001601 10247 100 2097152 3243081 376556 44264 9685
0b001e01 0b001f01 10247 100 2097152 3244867 374943 44264 10174
0b001301 0b001401 10249 100 2097152 3239570 381558 44264 8243
0b001901 0b001201 10035 100 2097152 3523734 98356 48204 8729
0b001001 0b001901 10035 100 2097152 3532160 90250 48204 8240
0b001a01 0b001b01 10247 100 2097152 3238796 384767 44264 7770
0b001201 0b001b01 10035 100 2097152 3520992 103509 48204 9202
0b001701 0b001001 10247 100 2097152 3241103 384630 44264 10167
0b001a01 0b001b01 10248 100 2097152 3241503 384701 44264 11130
0b001101 0b001201 10248 100 2097152 3242296 385558 44264 10641
0b001e01 0b001f01 10248 100 2097152 3250939 377452 44264 8734
0b001501 0b001601 10248 100 2097152 3250215 378443 44264 9205
0b001a01 0b001b01 10249 100 2097152 3244892 384085 44264 8250
0b001701 0b001001 10248 100 2097152 3245724 384850 44264 9687
0b001701 0b001001 10249 100 2097152 3247045 384718 44264 10647
0b001c01 0b001d01 10248 100 2097152 3240189 398845 44264 9212
0b001501 0b001601 10249 100 2097152 3259830 380334 44264 10165
0b001c01 0b001d01 10249 100 2097152 3246811 398185 44264 8252
0b001101 0b001201 10249 100 2097152 3261937 383738 44264 8241
0b001e01 0b001f01 10249 100 2097152 3274642 383648 44264 10654
0b000301 0b000c01 10030 100 2097152 3624239 48635 48204 13443
0b000701 0b000801 10030 100 2097152 3656364 48647 48204 11527
0b000101 0b000a01 10030 100 2097152 3660745 48654 48204 12481
0b000201 0b000b01 10030 100 2097152 3570095 180222 180639 12962
0b000001 0b000901 10030 100 2097152 3613862 180222 180639 12000
0b001201 0b001301 10250 100 2097152 3520993 293345 44264 9682
0b001201 0b001301 10251 100 2097152 3520994 293366 44264 10162
0b001b01 0b001c01 10250 100 2097152 3529595 308550 44264 10171
0b001b01 0b001c01 10251 100 2097152 3529596 308550 44264 10651
0b001401 0b001501 10250 100 2097152 3521657 317617 44264 11124
0b001401 0b001501 10251 100 2097152 3521658 317617 44264 10644
0b001001 0b001101 10250 100 2097152 3532161 308751 44264 8720
0b001001 0b001101 10251 100 2097152 3532162 308772 44264 9200
0b001f01 0b001801 10250 100 2097152 3513477 330632 44264 8735
0b001f01 0b001801 10251 100 2097152 3513499 330611 44264 8255
0b000501 0b000e01 10030 100 2097152 3784694 65355 48204 14405
0b001601 0b001701 10250 100 2097152 3525559 331841 44264 8246
0b001601 0b001701 10251 100 2097152 3525581 331820 44264 7766
0b001d01 0b001e01 10250 100 2097152 3542072 317467 44264 11133
0b001d01 0b001e01 10251 100 2097152 3542074 317466 44264 7773
0b000d01 0b000601 10030 100 2097152 3676332 188914 180639 14413
0b001801 0b001901 10250 100 2097152 3523846 343755 44264 8728
0b001801 0b001901 10251 100 2097152 3523847 343755 44264 9208
0b001101 0b001201 10250 100 2097152 3485040 383724 44264 9201
0b001101 0b001201 10251 100 2097152 3485041 383724 44264 9681
0b001301 0b001401 10250 100 2097152 3491334 379745 44264 10643
0b001301 0b001401 10251 100 2097152 3491356 379724 44264 10163
0b001301 0b001c01 10036 100 2097152 3817348 54497 48204 9699
0b001001 0b001101 10252 100 2097152 3570205 304126 44264 9216
0b000401 0b000d01 10030 100 2097152 3695685 182032 180639 13924
0b001901 0b001a01 10250 100 2097152 3523711 354925 44264 9689
0b001901 0b001a01 10251 100 2097152 3523733 354904 44264 9209
0b001e01 0b001f01 10250 100 2097152 3493217 385456 44264 7774
0b001e01 0b001f01 10251 100 2097152 3493218 385477 44264 8254
0b001c01 0b001d01 10250 100 2097152 3486872 397648 44264 10652
0b001c01 0b001d01 10251 100 2097152 3486894 397648 44264 11132
0b001b01 0b001c01 10252 100 2097152 3582511 303552 44264 8747
0b001701 0b001001 10250 100 2097152 3512287 382186 44264 8247
0b001701 0b001001 10251 100 2097152 3512288 382186 44264 8727
0b001a01 0b001b01 10250 100 2097152 3517433 378347 44264 9690
0b001a01 0b001b01 10251 100 2097152 3517434 378347 44264 10170
0b001501 0b001601 10250 100 2097152 3510990 386430 44264 7765
0b001501 0b001601 10251 100 2097152 3510992 386450 44264 11125
0b000601 0b000f01 10030 100 2097152 3700546 201437 180639 14886
0b001601 0b001701 10252 100 2097152 3574998 327424 44264 8262
0b001201 0b001301 10252 100 2097152 3602961 309881 44264 10178
0b001d01 0b001e01 10252 100 2097152 3591455 322236 44264 7789
0b000e01 0b000701 10030 100 2097152 3826509 88332 48204 14894
0b001601 0b001701 10253 100 2097152 3589814 327525 44264 8742
0b001e01 0b001f01 10252 100 2097152 3537351 380422 44264 8270
0b001d01 0b001e01 10253 100 2097152 3594891 325005 44264 10189
0b001801 0b001901 10252 100 2097152 3576516 343755 44264 9224
0b001a01 0b001b01 10252 100 2097152 3546753 375517 44264 8746
0b001f01 0b001801 10252 100 2097152 3597529 326674 44264 11151
0b001501 0b001601 10252 100 2097152 3541541 383006 44264 7781
0b001c01 0b001501 10036 100 2097152 3841155 87191 48204 10188
0b001f01 0b001801 10253 100 2097152 3601654 326862 44264 9711
0b001401 0b001501 10252 100 2097152 3597780 331043 44264 9700
0b001101 0b001a01 10036 100 2097152 3843922 88709 48204 8737
0b001b01 0b001c01 10253 100 2097152 3613346 320734 44264 10667
0b001501 0b001601 10253 100 2097152 3554111 380583 44264 10181
0b001d01 0b001e01 10254 100 2097152 3607722 328235 44264 9709
0b001501 0b001e01 10036 100 2097152 3842285 93725 48204 10661
0b001001 0b001101 10253 100 2097152 3616861 319960 44264 7776
0b001901 0b001a01 10252 100 2097152 3580336 356805 44264 9705
0b001301 0b001401 10252 100 2097152 3565049 374412 44264 8739
0b001201 0b001301 10253 100 2097152 3616738 323561 44264 7778
0b001601 0b001701 10254 100 2097152 3612011 328635 44264 10662
0b001901 0b001a01 10253 100 2097152 3585111 356980 44264 10185
0b001001 0b001101 10254 100 2097152 3622429 321323 44264 11136
0b001801 0b001101 10036 100 2097152 3847120 96689 48204 8264
0b001201 0b001301 10254 100 2097152 3621843 324858 44264 11138
0b001d01 0b001e01 10255 100 2097152 3622243 325331 44264 8749
0b001401 0b001501 10253 100 2097152 3609020 338926 44264 8740
0b001001 0b001101 10255 100 2097152 3628743 320114 44264 10176
0b001901 0b001a01 10254 100 2097152 3592393 356695 44264 7785
0b001201 0b001301 10255 100 2097152 3625100 324242 44264 8738
0b001001 0b001101 10256 100 2097152 3633584 317671 44264 9696
0b001001 0b001101 10257 100 2097152 3634773 316835 44264 10656
0b001401 0b001501 10254 100 2097152 3611683 340224 44264 9220
0b001201 0b001301 10256 100 2097152 3630864 321317 44264 10658
0b001901 0b001a01 10255 100 2097152 3596684 355485 44264 10665
0b001101 0b001201 10252 100 2097152 3567599 385517 44264 9697
0b001601 0b001701 10255 100 2097152 3622647 330693 44264 9702
0b001f01 0b001801 10254 100 2097152 3620399 333462 44264 9231
0b001b01 0b001c01 10254 100 2097152 3626573 327461 44264 7787
0b001401 0b001501 10255 100 2097152 3614104 340224 44264 7780
0b001401 0b001501 10256 100 2097152 3614105 340224 44264 11140
0b001a01 0b001b01 10253 100 2097152 3582461 372254 44264 11146
0b001b01 0b001c01 10255 100 2097152 3627511 327408 44264 9227
0b001b01 0b001c01 10256 100 2097152 3629214 326850 44264 11147
0b001f01 0b001801 10255 100 2097152 3622820 333462 44264 10191
0b001b01 0b001c01 10257 100 2097152 3631987 325266 44264 8267
0b001d01 0b001e01 10256 100 2097152 3642044 315431 44264 9229
0b001701 0b001001 10252 100 2097152 3568926 388750 44264 11143
0b001201 0b001301 10257 100 2097152 3648685 309067 44264 8258
0b001701 0b001001 10253 100 2097152 3569347 388770 44264 8743
0b001401 0b001501 10257 100 2097152 3624138 334482 44264 8260
0b001c01 0b001d01 10252 100 2097152 3558918 399812 44264 9708
0b001901 0b001a01 10256 100 2097152 3608490 350368 44264 11145
0b001801 0b001901 10253 100 2097152 3602833 356153 44264 10664
0b001d01 0b001e01 10257 100 2097152 3648006 311190 44264 8269
0b001601 0b001701 10256 100 2097152 3631668 329242 44264 9222
0b001a01 0b001b01 10254 100 2097152 3587658 373376 44264 10186
0b001701 0b001001 10254 100 2097152 3572009 389083 44264 9703
0b001501 0b001601 10254 100 2097152 3583803 377753 44264 8741
0b001f01 0b001801 10256 100 2097152 3631401 330602 44264 8751
0b001101 0b001201 10253 100 2097152 3573720 389143 44264 10657
0b001301 0b001401 10253 100 2097152 3586059 377073 44264 10659
0b001a01 0b001b01 10255 100 2097152 3590145 373640 44264 7786
0b001501 0b001601 10255 100 2097152 3585784 378193 44264 9701
0b001301 0b001401 10254 100 2097152 3586940 377161 44264 7779
0b001801 0b001901 10254 100 2097152 3605914 358732 44264 10184
0b001901 0b001a01 10257 100 2097152 3625420 341719 44264 8265
0b001601 0b001701 10257 100 2097152 3643174 325137 44264 10182
0b001801 0b001901 10255 100 2097152 3608180 360580 44264 11144
0b001d01 0b001601 10036 100 2097152 3887530 84995 48204 10669
0b001c01 0b001d01 10253 100 2097152 3567516 405031 44264 9228
0b001a01 0b001b01 10256 100 2097152 3600186 372800 44264 10666
0b001801 0b001901 10256 100 2097152 3611591 361767 44264 9704
0b001e01 0b001701 10036 100 2097152 3862549 111037 48204 11150
0b001e01 0b001f01 10253 100 2097152 3584315 389909 44264 10670
0b001f01 0b001801 10257 100 2097152 3661300 313533 44264 10671
0b001301 0b001401 10255 100 2097152 3597941 377161 44264 11139
0b001801 0b001901 10257 100 2097152 3615444 361748 44264 7784
0b001701 0b001801 10036 100 2097152 3860411 116932 48204 7783
0b001401 0b001d01 10036 100 2097152 3874090 103475 48204 10180
0b001301 0b001401 10256 100 2097152 3603688 376167 44264 8259
0b001501 0b001601 10256 100 2097152 3601031 379688 44264 8261
0b001e01 0b001f01 10254 100 2097152 3592303 392482 44264 9710
0b001e01 0b001f01 10255 100 2097152 3593184 392591 44264 9230
0b001101 0b001201 10254 100 2097152 3590881 394951 44264 7777
0b001701 0b001001 10255 100 2097152 3594965 390948 44264 10183
0b001a01 0b001b01 10257 100 2097152 3615944 370507 44264 8266
0b001e01 0b001f01 10256 100 2097152 3594153 392503 44264 8750
0b001b01 0b001401 10036 100 2097152 3898790 88361 48204 9707
0b001101 0b001201 10255 100 2097152 3592202 395083 44264 10177
0b001e01 0b001f01 10257 100 2097152 3595870 391975 44264 10190
0b001501 0b001601 10257 100 2097152 3609044 378804 44264 9221
0b001901 0b001201 10036 100 2097152 3870611 117291 48204 8745
0b001601 0b001f01 10036 100 2097152 3900452 88028 48204 11142
0b000c01 0b000501 10030 100 2097152 3899324 90470 48204 13932
0b000801 0b000101 10030 100 2097152 3862368 129610 48204 12008
0b001701 0b001001 10256 100 2097152 3601434 391080 44264 9223
0b001001 0b001901 10036 100 2097152 3897483 95525 48204 8256
0b001301 0b001401 10257 100 2097152 3621774 374274 44264 9219
0b001f01 0b001001 10036 100 2097152 3881683 114698 48204 7791
0b001c01 0b001d01 10254 100 2097152 3586045 411319 44264 7788
0b001c01 0b001d01 10255 100 2097152 3586859 411232 44264 11148
0b000a01 0b000301 10030 100 2097152 3887853 110810 48204 12970
0b001201 0b001b01 10036 100 2097152 3871774 128506 48204 9218
0b001101 0b001201 10256 100 2097152 3607339 394247 44264 11137
0b001701 0b001001 10257 100 2097152 3614106 388705 44264 10663
0b001c01 0b001d01 10256 100 2097152 3595440 411232 44264 8748
0b000d01 0b000e01 10210 100 2097152 3676332 331326 44264 11533
0b000d01 0b000e01 10211 100 2097152 3676332 331327 44264 12013
0b000d01 0b000e01 10212 100 2097152 3676332 331328 44264 12493
0b000d01 0b000e01 10213 100 2097152 3676332 331329 44264 12973
0b000d01 0b000e01 10214 100 2097152 3676332 331330 44264 13453
0b000d01 0b000e01 10215 100 2097152 3676332 331352 44264 13933
0b000d01 0b000e01 10216 100 2097152 3676332 331353 44264 14893
0b001101 0b001201 10257 100 2097152 3618142 392751 44264 8257
0b001c01 0b001d01 10257 100 2097152 3603977 409647 44264 8268
0b001a01 0b001301 10036 100 2097152 3881647 139271 48204 9226
0b000f01 0b000001 10030 100 2097152 3845499 180394 180639 11535
0b000d01 0b000e01 10217 100 2097152 3880727 157539 44264 13949
0b000e01 0b000701 10031 100 2097152 4010695 48264 48204 14910
0b000901 0b000201 10030 100 2097152 3876486 184453 180639 12489
0b000b01 0b000401 10030 100 2097152 3896469 180234 180639 13451
0b001d01 0b001e01 10258 100 2097152 3887552 227909 44264 11149
0b001201 0b001301 10258 100 2097152 3871775 257291 44264 9698
0b001001 0b001101 10258 100 2097152 3897484 239368 44264 8736
0b001e01 0b001701 10037 100 2097152 4118471 48108 48204 11166
0b001401 0b001501 10258 100 2097152 3874089 304025 44264 10660
0b001301 0b001c01 10037 100 2097152 4132076 48108 48204 9715
0b001f01 0b001801 10258 100 2097152 3881705 298736 44264 8271
0b001301 0b001401 10258 100 2097152 3817370 370391 44264 10179
0b001101 0b001a01 10037 100 2097152 4139862 48249 48204 8753
0b001901 0b001a01 10258 100 2097152 3870612 329916 44264 9225
0b001801 0b001901 10258 100 2097152 3847119 361034 44264 8744
0b000f01 0b000801 10210 100 2097152 3845499 368373 44264 12015
0b000f01 0b000801 10211 100 2097152 3845499 368374 44264 12495
0b000f01 0b000801 10212 100 2097152 3845499 368375 44264 12975
0b000f01 0b000801 10213 100 2097152 3845499 368397 44264 13455
0b000f01 0b000801 10214 100 2097152 3845499 368398 44264 13935
0b000f01 0b000801 10215 100 2097152 3845499 368420 44264 14415
0b000f01 0b000801 10216 100 2097152 3845499 368421 44264 14895
0b001501 0b001601 10258 100 2097152 3842284 372940 44264 11141
0b001f01 0b001801 10259 100 2097152 3920783 298775 44264 8287
0b001b01 0b001c01 10258 100 2097152 3898791 321600 44264 10187
0b000f01 0b000801 10217 100 2097152 3904993 321284 44264 14911
0b001501 0b001e01 10037 100 2097152 4181124 50763 48204 10677
0b001601 0b001701 10258 100 2097152 3900430 331520 44264 7782
0b001101 0b001201 10258 100 2097152 3843944 388890 44264 9217
0b001201 0b001301 10259 100 2097152 3956126 280591 44264 9714
0b001d01 0b001e01 10259 100 2097152 3961740 277692 44264 9725
0b001e01 0b001f01 10258 100 2097152 3862550 379911 44264 7790
0b000801 0b000901 10210 100 2097152 3862368 380868 44264 11528
0b000801 0b000901 10211 100 2097152 3862368 380869 44264 12488
0b000801 0b000901 10212 100 2097152 3862368 380870 44264 12968
0b000801 0b000901 10213 100 2097152 3862368 380871 44264 13448
0b000801 0b000901 10214 100 2097152 3862368 380872 44264 13928
0b000801 0b000901 10215 100 2097152 3862368 380873 44264 14408
0b000801 0b000901 10216 100 2097152 3862368 380874 44264 14888
0b000801 0b000901 10217 100 2097152 3862378 380886 44264 11544
0b000901 0b000a01 10210 100 2097152 3876486 370639 44264 11529
0b000901 0b000a01 10211 100 2097152 3876486 370640 44264 12009
0b000901 0b000a01 10212 100 2097152 3876486 370641 44264 12969
0b000901 0b000a01 10213 100 2097152 3876486 370642 44264 13449
0b000901 0b000a01 10214 100 2097152 3876486 370643 44264 13929
0b000901 0b000a01 10215 100 2097152 3876486 370644 44264 14409
0b000901 0b000a01 10216 100 2097152 3876486 370666 44264 14889
0b000901 0b000a01 10217 100 2097152 3876496 370657 44264 12025
0b001401 0b001501 10259 100 2097152 3942471 306334 44264 8756
0b001c01 0b001d01 10258 100 2097152 3841156 408226 44264 10668
0b001801 0b001101 10037 100 2097152 4183451 66667 48204 8280
0b001b01 0b001c01 10259 100 2097152 3925280 325912 44264 8763
0b001901 0b001a01 10259 100 2097152 3923281 328226 44264 9241
0b001401 0b001d01 10037 100 2097152 4190771 62528 48204 10196
0b001701 0b001001 10258 100 2097152 3860410 393404 44264 8263
0b001a01 0b001b01 10258 100 2097152 3881646 374842 44264 9706
0b001101 0b001201 10259 100 2097152 3877341 384424 44264 9233
0b000a01 0b000b01 10210 100 2097152 3887853 375231 44264 11530
0b000a01 0b000b01 10211 100 2097152 3887853 375253 44264 12010
0b000a01 0b000b01 10212 100 2097152 3887853 375254 44264 12490
0b000a01 0b000b01 10213 100 2097152 3887853 375255 44264 13450
0b000a01 0b000b01 10214 100 2097152 3887853 375256 44264 13930
0b000a01 0b000b01 10215 100 2097152 3887853 375257 44264 14410
0b000a01 0b000b01 10216 100 2097152 3887853 375258 44264 14890
0b000a01 0b000b01 10217 100 2097152 3887863 375249 44264 12506
0b001201 0b001301 10260 100 2097152 3965873 298722 44264 10674
0b000b01 0b000c01 10210 100 2097152 3896469 369256 44264 11531
0b000b01 0b000c01 10211 100 2097152 3896469 369278 44264 12011
0b000b01 0b000c01 10212 100 2097152 3896469 369279 44264 12491
0b000b01 0b000c01 10213 100 2097152 3896469 369280 44264 12971
0b000b01 0b000c01 10214 100 2097152 3896469 369281 44264 13931
0b000b01 0b000c01 10215 100 2097152 3896469 369282 44264 14411
0b000b01 0b000c01 10216 100 2097152 3896469 369283 44264 14891
0b000b01 0b000c01 10217 100 2097152 3896479 369274 44264 12987
0b001601 0b001701 10259 100 2097152 3927557 338120 44264 7798
0b000c01 0b000d01 10210 100 2097152 3899324 369196 44264 11532
0b000c01 0b000d01 10211 100 2097152 3899324 369197 44264 12012
0b000c01 0b000d01 10212 100 2097152 3899324 369198 44264 12492
0b000c01 0b000d01 10213 100 2097152 3899324 369199 44264 12972
0b000c01 0b000d01 10214 100 2097152 3899324 369221 44264 13452
0b000c01 0b000d01 10215 100 2097152 3899324 369222 44264 14412
0b000c01 0b000d01 10216 100 2097152 3899324 369223 44264 14892
0b000c01 0b000d01 10217 100 2097152 3899334 369214 44264 13468
0b001001 0b001101 10259 100 2097152 3960686 312615 44264 11152
0b001601 0b001f01 10037 100 2097152 4218234 56161 48204 11158
0b001001 0b001101 10260 100 2097152 3961127 313516 44264 8752
0b001301 0b001401 10259 100 2097152 3915852 359390 44264 10195
0b001601 0b001701 10260 100 2097152 3937704 338006 44264 10198
0b001a01 0b001301 10037 100 2097152 4203538 75669 48204 9242
0b001001 0b001101 10261 100 2097152 3964102 315492 44264 9712
0b001c01 0b001d01 10259 100 2097152 3874855 407597 44264 9724
0b001d01 0b001e01 10260 100 2097152 3975557 309424 44264 9245
0b001801 0b001901 10259 100 2097152 3927213 357791 44264 11160
0b001b01 0b001c01 10260 100 2097152 3957725 328188 44264 11163
0b001801 0b001901 10260 100 2097152 3931526 357175 44264 9720
0b001401 0b001501 10260 100 2097152 3966142 325700 44264 10676
0b001401 0b001501 10261 100 2097152 3967111 326272 44264 7796
0b001901 0b001a01 10260 100 2097152 3961996 332684 44264 10681
0b001c01 0b001d01 10260 100 2097152 3889073 406408 44264 8764
0b001b01 0b001c01 10261 100 2097152 3964044 332320 44264 10203
0b001d01 0b001e01 10261 100 2097152 3980575 316027 44264 10205
0b001f01 0b001801 10260 100 2097152 3977234 321683 44264 10687
0b001701 0b001001 10259 100 2097152 3905432 393600 44264 8279
0b001b01 0b001c01 10262 100 2097152 3966795 332319 44264 7803
0b001501 0b001601 10259 100 2097152 3931356 368031 44264 10197
0b001501 0b001601 10260 100 2097152 3931833 368083 44264 9717
0b001601 0b001701 10261 100 2097152 3964566 336123 44264 8758
0b001301 0b001401 10260 100 2097152 3943309 358906 44264 7795
0b001601 0b001701 10262 100 2097152 3966987 335661 44264 9718
0b001201 0b001301 10261 100 2097152 3988842 314013 44264 7794
0b001201 0b001301 10262 100 2097152 3990295 313990 44264 10194
0b001401 0b001501 10262 100 2097152 3978112 326276 44264 11156
0b001001 0b001101 10262 100 2097152 3988923 315471 44264 10192
0b001b01 0b001c01 10263 100 2097152 3975996 328684 44264 10683
0b001201 0b001301 10263 100 2097152 3990912 313770 44264 8754
0b001801 0b001901 10261 100 2097152 3956871 348158 44264 9240
0b001901 0b001a01 10261 100 2097152 3967656 337480 44264 10201
0b001801 0b001901 10262 100 2097152 3959292 347058 44264 10200
0b001401 0b001501 10263 100 2097152 3982865 325000 44264 8276
0b001301 0b001401 10261 100 2097152 3949711 358391 44264 11155
0b001001 0b001101 10263 100 2097152 3995524 312831 44264 9232
0b001801 0b001901 10263 100 2097152 3965013 343890 44264 8760
0b001b01 0b001c01 10264 100 2097152 3989461 319708 44264 8283
0b001201 0b001301 10264 100 2097152 4004596 304619 44264 11154
0b001001 0b001101 10264 100 2097152 3999391 310262 44264 7792
0b001201 0b001301 10265 100 2097152 4013903 296655 44264 8274
0b001001 0b001101 10265 100 2097152 4005821 304757 44264 10672
0b001e01 0b001f01 10259 100 2097152 3916701 393859 44264 7806
0b001301 0b001401 10262 100 2097152 3952352 358397 44264 8755
0b001601 0b001701 10263 100 2097152 3975535 335297 44264 10678
0b001901 0b001201 10037 100 2097152 4211163 99813 48204 8761
0b001b01 0b001c01 10265 100 2097152 4003290 307860 44264 9243
0b001401 0b001501 10264 100 2097152 3990161 321473 44264 9716
0b001901 0b001a01 10262 100 2097152 3971770 340217 44264 11161
0b001301 0b001401 10263 100 2097152 3955191 357939 44264 10675
0b001801 0b001901 10264 100 2097152 3977843 336077 44264 10680
0b001801 0b001901 10265 100 2097152 3980353 334272 44264 7800
0b001c01 0b001501 10037 100 2097152 4223401 91691 48204 10204
0b001401 0b001501 10265 100 2097152 3999058 317063 44264 9236
0b001601 0b001701 10264 100 2097152 3983729 332560 44264 8278
0b001701 0b001001 10260 100 2097152 3920349 395950 44264 8759
0b001301 0b001401 10264 100 2097152 3960762 356860 44264 8275
0b001901 0b001a01 10263 100 2097152 3976368 342360 44264 9721
0b001e01 0b001f01 10260 100 2097152 3922906 396455 44264 10206
0b001601 0b001701 10265 100 2097152 3990858 328534 44264 9238
0b001f01 0b001801 10261 100 2097152 3987795 332251 44264 9727
0b001f01 0b001801 10262 100 2097152 3988785 332472 44264 9247
0b001a01 0b001b01 10259 100 2097152 3935641 385875 44264 8762
0b001f01 0b001801 10263 100 2097152 3989666 332317 44264 8767
0b001f01 0b001801 10264 100 2097152 3990855 331745 44264 10207
0b001f01 0b001801 10265 100 2097152 3991490 331375 44264 11167
0b001501 0b001601 10261 100 2097152 3950956 372012 44264 8757
0b001901 0b001a01 10264 100 2097152 3980202 343631 44264 7801
0b001501 0b001601 10262 100 2097152 3954917 373618 44264 9237
0b001a01 0b001b01 10260 100 2097152 3940151 388520 44264 9722
0b001d01 0b001601 10037 100 2097152 4252392 77397 48204 10685
0b001501 0b001601 10263 100 2097152 3957338 373838 44264 7797
0b001501 0b001601 10264 100 2097152 3957339 373859 44264 11157
0b001d01 0b001e01 10262 100 2097152 4000374 331004 44264 7805
0b001d01 0b001e01 10263 100 2097152 4001101 331202 44264 11165
0b001101 0b001201 10260 100 2097152 3939831 394091 44264 7793
0b001501 0b001601 10265 100 2097152 3961630 372561 44264 8277
0b001a01 0b001b01 10261 100 2097152 3945101 390368 44264 10202
0b001e01 0b001f01 10261 100 2097152 3938967 398772 44264 9726
0b001e01 0b001f01 10262 100 2097152 3939020 398720 44264 10686
0b001d01 0b001e01 10264 100 2097152 4009682 329793 44264 8765
0b001901 0b001a01 10265 100 2097152 3996018 343678 44264 8281
0b000e01 0b000f01 10210 100 2097152 3826509 515954 44264 11534
0b000e01 0b000f01 10211 100 2097152 3826509 515955 44264 12014
0b000e01 0b000f01 10212 100 2097152 3826509 515956 44264 12494
0b000e01 0b000f01 10213 100 2097152 3826509 515957 44264 12974
0b000e01 0b000f01 10214 100 2097152 3826509 515979 44264 13454
0b000e01 0b000f01 10215 100 2097152 3826509 515980 44264 13934
0b000e01 0b000f01 10216 100 2097152 3826509 515981 44264 14414
0b001101 0b001201 10261 100 2097152 3946762 396401 44264 11153
0b001101 0b001201 10262 100 2097152 3946819 396345 44264 8273
0b001a01 0b001b01 10262 100 2097152 3952098 391099 44264 7802
0b001d01 0b001e01 10265 100 2097152 4016634 326802 44264 8285
0b001a01 0b001b01 10263 100 2097152 3955179 391319 44264 10682
0b001701 0b001001 10261 100 2097152 3943656 402919 44264 10679
0b001e01 0b001f01 10263 100 2097152 3950584 397176 44264 8766
0b001101 0b001201 10263 100 2097152 3951867 395918 44264 10193
0b001301 0b001c01 10038 100 2097152 4239727 108537 48204 9731
0b001101 0b001201 10264 100 2097152 3954265 395303 44264 9713
0b001101 0b001201 10265 100 2097152 3954618 395303 44264 10673
0b001a01 0b001b01 10264 100 2097152 3961868 390769 44264 11162
0b001c01 0b001d01 10261 100 2097152 3937090 415803 44264 10684
0b001e01 0b001f01 10264 100 2097152 3960485 395415 44264 9246
0b001e01 0b001f01 10265 100 2097152 3962206 394751 44264 8286
0b001a01 0b001b01 10265 100 2097152 3970149 389550 44264 8282
0b001701 0b001001 10262 100 2097152 3956350 404262 44264 9719
0b001701 0b001001 10263 100 2097152 3963920 405053 44264 9239
0b000e01 0b000f01 10217 100 2097152 3853059 519347 44264 14430
0b001801 0b001101 10038 100 2097152 4222568 153572 48204 8296
0b001701 0b001001 10264 100 2097152 3971321 405177 44264 10199
0b001c01 0b001d01 10262 100 2097152 3957044 419875 44264 7804
0b001c01 0b001d01 10263 100 2097152 3957929 419959 44264 9244
0b001c01 0b001d01 10264 100 2097152 3959074 419695 44264 11164
0b001c01 0b001d01 10265 100 2097152 3960263 419497 44264 8284
0b001701 0b001001 10265 100 2097152 3976596 404148 44264 11159
0b001301 0b001401 10265 100 2097152 4023928 357038 44264 9235
0b000801 0b000101 10031 100 2097152 4216882 164705 48204 12024
0b001b01 0b001401 10037 100 2097152 4259498 126046 48204 9723
0b001701 0b001801 10037 100 2097152 4234960 154330 48204 7799
0b001501 0b001e01 10038 100 2097152 4294852 102272 48204 10693
0b001201 0b001b01 10038 100 2097152 4264775 134490 48204 9250
0b001f01 0b001001 10037 100 2097152 4245471 154164 48204 7807
0b001001 0b001101 10266 100 2097152 4319309 84773 44264 8768
0b000c01 0b000501 10031 100 2097152 4268760 136163 48204 13948
0b001101 0b001a01 10038 100 2097152 4277653 128766 48204 8769
0b001201 0b001b01 10037 100 2097152 4235844 179088 48204 9234
0b001401 0b001d01 10038 100 2097152 4278252 139320 48204 10212
0b001001 0b001901 10037 100 2097152 4256824 163991 48204 8272
0b001c01 0b001501 10038 100 2097152 4299374 124642 48204 10220
0b000901 0b000201 10031 100 2097152 4246247 180234 180639 12505
0b001701 0b001801 10038 100 2097152 4268687 159828 48204 7815
0b001901 0b001201 10038 100 2097152 4311913 118753 48204 8777
0b001b01 0b001401 10038 100 2097152 4331681 101177 48204 9739
0b000a01 0b000301 10031 100 2097152 4250137 190934 48204 12986
0b001601 0b001f01 10038 100 2097152 4334208 108857 48204 11174
0b001e01 0b001701 10038 100 2097152 4335313 108831 48204 11182
0b001a01 0b001301 10038 100 2097152 4254517 190096 48204 9258
0b001d01 0b001601 10038 100 2097152 4355903 94574 48204 10701
0b000d01 0b000601 10031 100 2097152 4271556 180576 180639 14429
0b001f01 0b001001 10038 100 2097152 4313570 145557 48204 7823
0b001001 0b001901 10038 100 2097152 4302042 158010 48204 8288
0b001101 0b001a01 10039 100 2097152 4407092 60550 48204 8785
0b000b01 0b000401 10031 100 2097152 4266118 208436 180639 13467
0b001201 0b001301 10266 100 2097152 4313986 163990 44264 8770
0b000e01 0b000f01 10218 100 2097152 4010668 499569 44264 11550
0b000e01 0b000f01 10219 100 2097152 4010669 499569 44264 12030
0b000e01 0b000f01 10220 100 2097152 4010670 499569 44264 12510
0b000e01 0b000f01 10221 100 2097152 4010671 499590 44264 12990
0b000e01 0b000f01 10222 100 2097152 4010672 499590 44264 13470
0b000e01 0b000f01 10223 100 2097152 4010694 499569 44264 13950
0b000e01 0b000f01 10224 100 2097152 4041276 471188 44264 13966
0b001d01 0b001e01 10266 100 2097152 4256309 280836 44264 10221
0b001b01 0b001c01 10266 100 2097152 4324526 214217 44264 8779
0b001f01 0b001801 10266 100 2097152 4277405 274722 44264 11183
0b000801 0b000901 10218 100 2097152 4216883 338318 44264 12504
0b000801 0b000901 10219 100 2097152 4216884 338318 44264 12984
0b000801 0b000901 10220 100 2097152 4216906 338297 44264 13464
0b000801 0b000901 10221 100 2097152 4216907 338318 44264 13944
0b000801 0b000901 10222 100 2097152 4216929 338297 44264 14424
0b000801 0b000901 10223 100 2097152 4216930 338297 44264 14904
0b000801 0b000901 10224 100 2097152 4229287 326907 44264 14920
0b001701 0b001001 10266 100 2097152 4169589 389620 44264 11175
0b001801 0b001901 10266 100 2097152 4301927 260950 44264 10696
0b001d01 0b001e01 10267 100 2097152 4285462 280944 44264 9741
0b000f01 0b000001 10031 100 2097152 4345473 230633 180639 11551
0b001d01 0b001e01 10268 100 2097152 4298491 279400 44264 8781
0b000901 0b000a01 10218 100 2097152 4246246 332316 44264 11545
0b000901 0b000a01 10219 100 2097152 4246248 332336 44264 12985
0b000901 0b000a01 10220 100 2097152 4246249 332336 44264 13465
0b000901 0b000a01 10221 100 2097152 4246250 332336 44264 13945
0b000901 0b000a01 10222 100 2097152 4246251 332336 44264 14425
0b000901 0b000a01 10223 100 2097152 4246252 332336 44264 14905
0b000901 0b000a01 10224 100 2097152 4246274 332315 44264 11561
0b000a01 0b000b01 10218 100 2097152 4250135 331059 44264 11546
0b000a01 0b000b01 10219 100 2097152 4250136 331059 44264 12026
0b000a01 0b000b01 10220 100 2097152 4250138 331058 44264 13466
0b000a01 0b000b01 10221 100 2097152 4250139 331058 44264 13946
0b000a01 0b000b01 10222 100 2097152 4250140 331100 44264 14426
0b000a01 0b000b01 10223 100 2097152 4250162 331079 44264 14906
0b000a01 0b000b01 10224 100 2097152 4250163 331079 44264 12042
0b001a01 0b001b01 10266 100 2097152 4191121 393023 44264 8778
0b000c01 0b000d01 10218 100 2097152 4268735 323165 44264 11548
0b000c01 0b000d01 10219 100 2097152 4268757 323144 44264 12028
0b000c01 0b000d01 10220 100 2097152 4268758 323144 44264 12508
0b000c01 0b000d01 10221 100 2097152 4268759 323165 44264 12988
0b000c01 0b000d01 10222 100 2097152 4268761 323164 44264 14428
0b000c01 0b000d01 10223 100 2097152 4268762 323164 44264 14908
0b000c01 0b000d01 10224 100 2097152 4268769 323158 44264 13004
0b001c01 0b001d01 10266 100 2097152 4183194 409487 44264 9740
0b000b01 0b000c01 10218 100 2097152 4266094 327129 44264 11547
0b000b01 0b000c01 10219 100 2097152 4266116 327108 44264 12027
0b000b01 0b000c01 10220 100 2097152 4266117 327108 44264 12507
0b000b01 0b000c01 10221 100 2097152 4266119 327107 44264 13947
0b000b01 0b000c01 10222 100 2097152 4266120 327107 44264 14427
0b000b01 0b000c01 10223 100 2097152 4266121 327128 44264 14907
0b000b01 0b000c01 10224 100 2097152 4266127 327123 44264 12523
0b000d01 0b000e01 10218 100 2097152 4271530 322949 44264 11549
0b000d01 0b000e01 10219 100 2097152 4271531 322952 44264 12029
0b000d01 0b000e01 10220 100 2097152 4271532 322955 44264 12509
0b000d01 0b000e01 10221 100 2097152 4271533 322958 44264 12989
0b000d01 0b000e01 10222 100 2097152 4271555 322940 44264 13469
0b000d01 0b000e01 10223 100 2097152 4271557 322942 44264 14909
0b000d01 0b000e01 10224 100 2097152 4271565 322938 44264 13485
0b001f01 0b001801 10267 100 2097152 4322371 279961 44264 10223
0b001601 0b001701 10266 100 2097152 4302397 304424 44264 10214
0b001601 0b001701 10267 100 2097152 4302926 304666 44264 9734
0b001401 0b001501 10266 100 2097152 4305225 303747 44264 7812
0b001501 0b001601 10266 100 2097152 4251815 359867 44264 8773
0b001001 0b001101 10267 100 2097152 4349585 263039 44264 10688
0b001401 0b001501 10267 100 2097152 4311112 310181 44264 11172
0b001901 0b001a01 10266 100 2097152 4288014 335905 44264 11177
0b001401 0b001501 10268 100 2097152 4313759 312551 44264 8772
0b001901 0b001a01 10267 100 2097152 4291711 336454 44264 9737
0b001401 0b001501 10269 100 2097152 4316140 313272 44264 10692
0b000a01 0b000301 10032 100 2097152 4581594 48657 48204 13002
0b001401 0b001501 10270 100 2097152 4320632 313269 44264 8292
0b001101 0b001201 10266 100 2097152 4253128 380933 44264 8289
0b001e01 0b001f01 10266 100 2097152 4234897 400198 44264 10702
0b001201 0b001301 10267 100 2097152 4336932 301671 44264 7810
0b001b01 0b001c01 10267 100 2097152 4338479 304923 44264 10219
0b001e01 0b001f01 10267 100 2097152 4242442 401014 44264 9742
0b001901 0b001a01 10268 100 2097152 4308039 336605 44264 9257
0b001301 0b001401 10266 100 2097152 4267605 377524 44264 10691
0b001901 0b001a01 10269 100 2097152 4309360 336473 44264 10217
0b000e01 0b000701 10032 100 2097152 4597509 49015 48204 14926
0b000c01 0b000501 10032 100 2097152 4596236 51448 48204 13964
0b001901 0b001a01 10270 100 2097152 4316930 334074 44264 10697
0b001901 0b001a01 10271 100 2097152 4317635 333722 44264 7817
0b001c01 0b001d01 10267 100 2097152 4254202 402020 44264 8780
0b001701 0b001001 10267 100 2097152 4278720 378178 44264 10215
0b001601 0b001701 10268 100 2097152 4325978 331670 44264 8774
0b001101 0b001201 10267 100 2097152 4276311 383116 44264 11169
0b001001 0b001101 10268 100 2097152 4363622 298354 44264 9728
0b001f01 0b001801 10268 100 2097152 4340749 321300 44264 9743
0b001f01 0b001801 10269 100 2097152 4340750 321300 44264 10703
0b001301 0b001401 10267 100 2097152 4282217 380337 44264 9251
0b001101 0b001201 10268 100 2097152 4282604 382218 44264 9729
0b001501 0b001601 10267 100 2097152 4296393 369823 44264 7813
0b001801 0b001901 10267 100 2097152 4323056 344136 44264 9736
0b001601 0b001701 10269 100 2097152 4331545 337196 44264 9254
0b001b01 0b001c01 10268 100 2097152 4346207 324149 44264 7819
0b001601 0b001701 10270 100 2097152 4332799 337681 44264 10694
0b001601 0b001701 10271 100 2097152 4334186 337746 44264 7814
0b001201 0b001301 10268 100 2097152 4346173 326451 44264 11170
0b001201 0b001301 10269 100 2097152 4346174 326451 44264 8290
0b001801 0b001901 10268 100 2097152 4324267 348866 44264 9256
0b001601 0b001701 10272 100 2097152 4337201 336668 44264 8294
0b001801 0b001901 10269 100 2097152 4324993 350319 44264 8776
0b001801 0b001901 10270 100 2097152 4325610 350956 44264 10216
0b001801 0b001901 10271 100 2097152 4325875 351000 44264 11176
0b001b01 0b001c01 10269 100 2097152 4349508 327449 44264 10699
0b001f01 0b001801 10270 100 2097152 4350770 326350 44264 8783
0b001201 0b001301 10270 100 2097152 4350795 329839 44264 10210
0b001501 0b001601 10268 100 2097152 4307398 373580 44264 11173
0b001001 0b001101 10269 100 2097152 4371983 309400 44264 9248
0b001201 0b001301 10271 100 2097152 4352578 330169 44264 9730
0b001201 0b001301 10272 100 2097152 4352931 330147 44264 10690
0b001401 0b001501 10271 100 2097152 4383976 299237 44264 9252
0b001101 0b001201 10269 100 2097152 4307404 376739 44264 10209
0b001701 0b001001 10268 100 2097152 4303699 380942 44264 8775
0b001b01 0b001c01 10270 100 2097152 4355647 329032 44264 11179
0b001501 0b001601 10269 100 2097152 4310875 374068 44264 8293
0b001f01 0b001801 10271 100 2097152 4358910 326351 44264 9263
0b001c01 0b001d01 10268 100 2097152 4288923 397034 44264 11180
0b001f01 0b001801 10272 100 2097152 4359967 325999 44264 8303
0b001401 0b001501 10272 100 2097152 4388554 297761 44264 9732
0b001101 0b001201 10270 100 2097152 4311365 375463 44264 9249
0b001701 0b001001 10269 100 2097152 4305658 381425 44264 9735
0b001101 0b001201 10271 100 2097152 4312663 374826 44264 7809
0b001101 0b001201 10272 100 2097152 4313588 374342 44264 10689
0b001501 0b001601 10270 100 2097152 4314644 373890 44264 9733
0b001e01 0b001f01 10268 100 2097152 4287991 401027 44264 9262
0b001b01 0b001c01 10271 100 2097152 4362709 327603 44264 8299
0b001301 0b001401 10268 100 2097152 4305865 384632 44264 7811
0b001501 0b001601 10271 100 2097152 4318102 373293 44264 10213
0b001501 0b001601 10272 100 2097152 4319131 373145 44264 9253
0b001301 0b001401 10269 100 2097152 4307295 385139 44264 10211
0b001301 0b001401 10270 100 2097152 4307692 385183 44264 8771
0b001001 0b001101 10270 100 2097152 4379508 314578 44264 10208
0b001701 0b001001 10270 100 2097152 4313842 381382 44264 10695
0b001501 0b001e01 10039 100 2097152 4632422 64925 48204 10709
0b001301 0b001401 10271 100 2097152 4312225 385424 44264 11171
0b001d01 0b001e01 10269 100 2097152 4379929 318052 44264 7821
0b001e01 0b001f01 10269 100 2097152 4299612 398739 44264 10222
0b001301 0b001401 10272 100 2097152 4313568 385490 44264 8291
0b001d01 0b001e01 10270 100 2097152 4380898 318799 44264 9261
0b001701 0b001001 10271 100 2097152 4319299 380678 44264 8295
0b001001 0b001101 10271 100 2097152 4383754 316414 44264 11168
0b001c01 0b001d01 10269 100 2097152 4302124 398226 44264 7820
0b001d01 0b001e01 10271 100 2097152 4381779 318979 44264 11181
0b001d01 0b001e01 10272 100 2097152 4382770 318759 44264 8301
0b001a01 0b001301 10039 100 2097152 4647654 54527 48204 9274
0b001701 0b001001 10272 100 2097152 4322402 379885 44264 9255
0b001c01 0b001d01 10270 100 2097152 4307690 398205 44264 10700
0b001c01 0b001d01 10271 100 2097152 4312179 397434 44264 8300
0b001a01 0b001b01 10267 100 2097152 4297690 412848 44264 10698
0b001c01 0b001d01 10272 100 2097152 4314160 396686 44264 9260
0b001c01 0b001501 10039 100 2097152 4646412 70660 48204 10236
0b001b01 0b001c01 10272 100 2097152 4417942 301371 44264 9259
0b001b01 0b001c01 10273 100 2097152 4417952 301362 44264 9275
0b001401 0b001501 10273 100 2097152 4435868 283865 44264 9748
0b000f01 0b000001 10032 100 2097152 4513247 210380 180639 11567
0b001a01 0b001b01 10268 100 2097152 4308146 416406 44264 10218
0b001001 0b001101 10272 100 2097152 4402645 321948 44264 7808
0b001101 0b001201 10273 100 2097152 4379150 346391 44264 8305
0b001c01 0b001d01 10273 100 2097152 4351274 380680 44264 9756
0b001a01 0b001b01 10269 100 2097152 4314997 417058 44264 11178
0b001d01 0b001e01 10273 100 2097152 4420582 313019 44264 10237
0b001e01 0b001f01 10270 100 2097152 4334388 400919 44264 7822
0b001a01 0b001b01 10270 100 2097152 4321738 416478 44264 9738
0b000901 0b000201 10032 100 2097152 4558211 180871 180639 12521
0b001901 0b001a01 10272 100 2097152 4423825 315531 44264 8297
0b001f01 0b001801 10273 100 2097152 4446075 294905 44264 11199
0b001901 0b001201 10039 100 2097152 4678322 63611 48204 8793
0b001a01 0b001b01 10271 100 2097152 4326843 415536 44264 7818
0b001e01 0b001f01 10271 100 2097152 4342485 402855 44264 8782
0b001e01 0b001f01 10272 100 2097152 4346446 403295 44264 8302
0b001701 0b001801 10039 100 2097152 4674942 79164 48204 7831
0b001401 0b001d01 10039 100 2097152 4695444 60256 48204 10228
0b001a01 0b001b01 10272 100 2097152 4342706 413138 44264 8298
0b001201 0b001b01 10039 100 2097152 4689838 68881 48204 9266
0b000b01 0b000401 10032 100 2097152 4584206 180234 180639 13483
0b001301 0b001c01 10039 100 2097152 4685757 79493 48204 9747
0b001201 0b001301 10273 100 2097152 4433676 331989 44264 8786
0b001801 0b001901 10272 100 2097152 4392300 374001 44264 7816
0b001601 0b001701 10273 100 2097152 4453487 313750 44264 10710
0b001601 0b001f01 10039 100 2097152 4683988 84831 48204 11190
0b001901 0b001a01 10273 100 2097152 4463062 310531 44264 8313
0b001801 0b001101 10039 100 2097152 4688976 85155 48204 8312
0b000d01 0b000601 10032 100 2097152 4594935 180689 180639 14445
0b001e01 0b001701 10039 100 2097152 4703768 80096 48204 11198
0b001001 0b001901 10039 100 2097152 4702987 82736 48204 8304
0b001d01 0b001601 10039 100 2097152 4708905 77554 48204 10717
0b000f01 0b000801 10218 100 2097152 4345474 442786 44264 12031
0b000f01 0b000801 10219 100 2097152 4345475 442786 44264 12511
0b000f01 0b000801 10220 100 2097152 4345476 442786 44264 12991
0b000f01 0b000801 10221 100 2097152 4345498 442765 44264 13471
0b000f01 0b000801 10222 100 2097152 4345499 442765 44264 13951
0b000f01 0b000801 10223 100 2097152 4345500 442786 44264 14431
0b001001 0b001101 10273 100 2097152 4462137 331603 44264 7824
0b001b01 0b001401 10039 100 2097152 4741226 59497 48204 9755
0b001f01 0b001001 10039 100 2097152 4738317 66019 48204 7839
0b001701 0b001001 10273 100 2097152 4447154 368460 44264 11191
0b001e01 0b001f01 10273 100 2097152 4400134 415740 44264 10718
0b001501 0b001601 10273 100 2097152 4427026 389423 44264 10229
0b001801 0b001901 10273 100 2097152 4431525 385267 44264 7832
0b000f01 0b000801 10224 100 2097152 4375416 447675 44264 14447
0b001b01 0b001c01 10274 100 2097152 4587154 241808 44264 8795
0b001a01 0b001b01 10273 100 2097152 4409429 425202 44264 8794
0b000801 0b000101 10032 100 2097152 4791270 48609 48204 12040
0b000901 0b000a01 10225 100 2097152 4558212 287296 44264 13001
0b000901 0b000a01 10226 100 2097152 4558213 287296 44264 13481
0b000901 0b000a01 10227 100 2097152 4558235 287296 44264 13961
0b000901 0b000a01 10228 100 2097152 4558236 287296 44264 14441
0b000901 0b000a01 10229 100 2097152 4558237 287296 44264 14921
0b000901 0b000a01 10230 100 2097152 4559204 286418 44264 14937
0b001301 0b001401 10273 100 2097152 4447623 402668 44264 9267
0b000a01 0b000b01 10225 100 2097152 4581572 284860 44264 11562
0b000a01 0b000b01 10226 100 2097152 4581595 285060 44264 13482
0b000a01 0b000b01 10227 100 2097152 4581596 285064 44264 13962
0b000a01 0b000b01 10228 100 2097152 4581597 285067 44264 14442
0b000a01 0b000b01 10229 100 2097152 4581598 285070 44264 14922
0b000a01 0b000b01 10230 100 2097152 4581599 285073 44264 11578
0b001901 0b001a01 10274 100 2097152 4565887 300903 44264 10713
0b000b01 0b000c01 10225 100 2097152 4584204 282659 44264 11563
0b000b01 0b000c01 10226 100 2097152 4584205 282659 44264 12043
0b000b01 0b000c01 10227 100 2097152 4584207 282679 44264 13963
0b000b01 0b000c01 10228 100 2097152 4584250 282637 44264 14443
0b000b01 0b000c01 10229 100 2097152 4584251 282637 44264 14923
0b000b01 0b000c01 10230 100 2097152 4584252 282637 44264 12059
0b000d01 0b000e01 10225 100 2097152 4594910 277051 44264 11565
0b000d01 0b000e01 10226 100 2097152 4594911 277051 44264 12045
0b000d01 0b000e01 10227 100 2097152 4594912 277051 44264 12525
0b000d01 0b000e01 10228 100 2097152 4594934 277030 44264 13005
0b000d01 0b000e01 10229 100 2097152 4594936 277029 44264 14925
0b000d01 0b000e01 10230 100 2097152 4594944 277043 44264 13021
0b000e01 0b000f01 10225 100 2097152 4597489 277032 44264 11566
0b000e01 0b000f01 10226 100 2097152 4597493 277029 44264 12046
0b000e01 0b000f01 10227 100 2097152 4597497 277026 44264 12526
0b000e01 0b000f01 10228 100 2097152 4597501 277023 44264 13006
0b000e01 0b000f01 10229 100 2097152 4597505 277041 44264 13486
0b000e01 0b000f01 10230 100 2097152 4597515 277032 44264 13502
0b000c01 0b000d01 10225 100 2097152 4596233 279320 44264 11564
0b000c01 0b000d01 10226 100 2097152 4596234 279320 44264 12044
0b000c01 0b000d01 10227 100 2097152 4596235 279320 44264 12524
0b000c01 0b000d01 10228 100 2097152 4596237 279319 44264 14444
0b000c01 0b000d01 10229 100 2097152 4596259 279319 44264 14924
0b000c01 0b000d01 10230 100 2097152 4596260 279319 44264 12540
0b001301 0b001401 10274 100 2097152 4480986 402746 44264 8787
0b000a01 0b000301 10033 100 2097152 4848518 48355 48204 13018
0b001a01 0b001b01 10274 100 2097152 4470652 428488 44264 8810
0b001001 0b001101 10274 100 2097152 4562219 339744 44264 11184
0b001c01 0b001d01 10274 100 2097152 4541753 375820 44264 8796
0b000c01 0b000501 10033 100 2097152 4869896 48613 48204 13980
0b001601 0b001701 10274 100 2097152 4614692 304680 44264 8790
0b000e01 0b000701 10033 100 2097152 4874975 48590 48204 14942
0b001d01 0b001e01 10274 100 2097152 4595691 328259 44264 9757
0b001f01 0b001801 10274 100 2097152 4638105 290900 44264 10719
0b001401 0b001501 10274 100 2097152 4648139 288149 44264 10708
0b001f01 0b001801 10275 100 2097152 4646466 290856 44264 9759
0b001801 0b001901 10274 100 2097152 4555137 386316 44264 11192
0b001101 0b001201 10274 100 2097152 4615634 330026 44264 10705
0b001e01 0b001f01 10274 100 2097152 4540155 419273 44264 10238
0b001401 0b001501 10275 100 2097152 4665564 305573 44264 9268
0b001601 0b001701 10275 100 2097152 4669226 306665 44264 7830
0b001e01 0b001f01 10275 100 2097152 4569416 416061 44264 9758
0b001901 0b001a01 10275 100 2097152 4670202 321509 44264 9753
0b001f01 0b001801 10276 100 2097152 4692028 299709 44264 9279
0b001701 0b001001 10274 100 2097152 4609831 383508 44264 10231
0b001001 0b001101 10275 100 2097152 4659908 333536 44264 10224
0b001e01 0b001f01 10276 100 2097152 4580901 412585 44264 8798
0b001101 0b001201 10275 100 2097152 4664986 329079 44264 9745
0b001701 0b001001 10275 100 2097152 4610602 383618 44264 9751
0b000f01 0b000801 10225 100 2097152 4513248 480983 44264 12047
0b000f01 0b000801 10226 100 2097152 4513249 480983 44264 12527
0b000f01 0b000801 10227 100 2097152 4513271 480962 44264 13007
0b000f01 0b000801 10228 100 2097152 4513272 480962 44264 13487
0b000f01 0b000801 10229 100 2097152 4513273 480962 44264 13967
0b000f01 0b000801 10230 100 2097152 4515474 479950 44264 13983
0b001201 0b001301 10274 100 2097152 4637071 360109 44264 8306
0b001801 0b001901 10275 100 2097152 4605342 391996 44264 10232
0b001b01 0b001c01 10275 100 2097152 4713548 284933 44264 10715
0b001501 0b001e01 10040 100 2097152 4939298 62241 48204 10725
0b001901 0b001a01 10276 100 2097152 4676143 326089 44264 9273
0b001501 0b001601 10274 100 2097152 4611982 392862 44264 7829
0b001901 0b001a01 10277 100 2097152 4679576 327431 44264 10233
0b001901 0b001a01 10278 100 2097152 4679885 327519 44264 11193
0b001d01 0b001e01 10275 100 2097152 4659232 349551 44264 8797
0b001f01 0b001801 10277 100 2097152 4701361 308355 44264 10239
0b001301 0b001401 10275 100 2097152 4641613 368205 44264 7827
0b001601 0b001701 10276 100 2097152 4687953 322504 44264 8310
0b001101 0b001201 10276 100 2097152 4684393 331474 44264 9265
0b001601 0b001701 10277 100 2097152 4691544 324326 44264 9750
0b001501 0b001601 10275 100 2097152 4624303 392862 44264 11189
0b001601 0b001701 10278 100 2097152 4694405 324309 44264 10230
0b001401 0b001501 10276 100 2097152 4693507 325507 44264 7828
0b001601 0b001701 10279 100 2097152 4695286 323978 44264 9270
0b001501 0b001601 10276 100 2097152 4629320 391854 44264 8789
0b001401 0b001501 10277 100 2097152 4695885 327288 44264 8788
0b001001 0b001101 10276 100 2097152 4687651 337236 44264 8784
0b001501 0b001601 10277 100 2097152 4636911 389350 44264 8309
0b001001 0b001101 10277 100 2097152 4690093 337259 44264 9744
0b001401 0b001501 10278 100 2097152 4700659 328212 44264 11188
0b001201 0b001301 10275 100 2097152 4662437 367198 44264 11186
0b001401 0b001501 10279 100 2097152 4702068 328014 44264 8308
0b001001 0b001101 10278 100 2097152 4698234 335608 44264 10704
0b001201 0b001301 10276 100 2097152 4667832 367084 44264 9746
0b001101 0b001201 10277 100 2097152 4697096 339686 44264 10225
0b001b01 0b001c01 10276 100 2097152 4727562 310036 44264 10235
0b001301 0b001401 10276 100 2097152 4675634 362376 44264 11187
0b001301 0b001401 10277 100 2097152 4675635 362397 44264 8307
0b001d01 0b001e01 10276 100 2097152 4688967 349560 44264 11197
0b001001 0b001101 10279 100 2097152 4705297 333517 44264 9264
0b001701 0b001001 10276 100 2097152 4660658 381496 44264 8791
0b001301 0b001401 10278 100 2097152 4683644 359141 44264 10227
0b001701 0b001801 10040 100 2097152 4978901 64374 48204 7847
0b001301 0b001401 10279 100 2097152 4686088 357798 44264 10707
0b001101 0b001201 10278 100 2097152 4703178 343794 44264 11185
0b000801 0b000101 10033 100 2097152 4997241 53480 48204 12056
0b001c01 0b001d01 10275 100 2097152 4673366 378372 44264 7836
0b001d01 0b001e01 10277 100 2097152 4703360 348636 44264 7837
0b000b01 0b000401 10033 100 2097152 4869665 182900 180639 13499
0b001301 0b001401 10280 100 2097152 4705191 347408 44264 9283
0b001b01 0b001c01 10277 100 2097152 4735065 317582 44264 11195
0b001701 0b001001 10277 100 2097152 4671751 382724 44264 9271
0b001701 0b001001 10278 100 2097152 4673490 382591 44264 10711
0b001a01 0b001b01 10275 100 2097152 4626929 430387 44264 11194
0b000f01 0b000001 10033 100 2097152 4877531 180324 180639 11583
0b001c01 0b001d01 10276 100 2097152 4679967 378530 44264 10716
0b001701 0b001001 10279 100 2097152 4676879 381667 44264 8311
0b001201 0b001301 10277 100 2097152 4687153 373512 44264 10226
0b001a01 0b001b01 10276 100 2097152 4631175 430982 44264 9754
0b001d01 0b001e01 10278 100 2097152 4712623 349762 44264 8317
0b000d01 0b000601 10033 100 2097152 4878566 184763 180639 14461
0b001801 0b001901 10276 100 2097152 4665059 398285 44264 9752
0b001801 0b001901 10277 100 2097152 4665060 398306 44264 10712
0b001d01 0b001e01 10279 100 2097152 4713856 349520 44264 9277
0b001c01 0b001d01 10277 100 2097152 4687689 378046 44264 11196
0b001201 0b001301 10278 100 2097152 4690499 375447 44264 7826
0b001b01 0b001c01 10278 100 2097152 4745389 321149 44264 7835
0b001201 0b001301 10279 100 2097152 4690940 375623 44264 10706
0b001501 0b001601 10278 100 2097152 4686223 381012 44264 9269
0b001c01 0b001d01 10278 100 2097152 4693322 376709 44264 8316
0b001501 0b001601 10279 100 2097152 4689325 380727 44264 9749
0b001d01 0b001e01 10280 100 2097152 4734964 342986 44264 9773
0b001a01 0b001b01 10277 100 2097152 4648843 429159 44264 10234
0b001f01 0b001801 10278 100 2097152 4748350 329743 44264 8799
0b001901 0b001a01 10279 100 2097152 4769311 308788 44264 7833
0b001801 0b001901 10278 100 2097152 4680130 399498 44264 8792
0b001b01 0b001c01 10279 100 2097152 4758854 321109 44264 8315
0b001101 0b001201 10279 100 2097152 4727603 352634 44264 7825
0b001a01 0b001b01 10278 100 2097152 4654014 427772 44264 10714
0b001b01 0b001c01 10280 100 2097152 4761729 320377 44264 9291
0b001a01 0b001b01 10279 100 2097152 4654367 427772 44264 7834
0b001f01 0b001801 10279 100 2097152 4752751 330623 44264 8319
0b001a01 0b001301 10040 100 2097152 5005242 80321 48204 9290
0b001301 0b001401 10281 100 2097152 4768675 317466 44264 8803
0b000a01 0b000b01 10231 100 2097152 4848519 239965 44264 13498
0b000a01 0b000b01 10232 100 2097152 4848541 240032 44264 13978
0b000a01 0b000b01 10233 100 2097152 4848542 240032 44264 14458
0b000a01 0b000b01 10234 100 2097152 4848543 240053 44264 14938
0b000a01 0b000b01 10235 100 2097152 4848632 239965 44264 14954
0b001601 0b001701 10280 100 2097152 4789469 300367 44264 10726
0b001801 0b001901 10279 100 2097152 4688271 401615 44264 9272
0b001d01 0b001e01 10281 100 2097152 4758710 336181 44264 10253
0b001601 0b001f01 10040 100 2097152 5020175 77197 48204 11206
0b001901 0b001a01 10280 100 2097152 4788733 308889 44264 8329
0b001e01 0b001f01 10277 100 2097152 4700357 397857 44264 10734
0b001e01 0b001f01 10278 100 2097152 4700991 398016 44264 7838
0b001f01 0b001801 10280 100 2097152 4771829 327394 44264 11215
0b001501 0b001601 10280 100 2097152 4720082 380176 44264 10245
0b001c01 0b001d01 10279 100 2097152 4722323 378737 44264 9276
0b001c01 0b001d01 10280 100 2097152 4722333 378728 44264 9292
0b001e01 0b001f01 10279 100 2097152 4702707 398479 44264 9278
0b001201 0b001301 10280 100 2097152 4728551 372755 44264 8322
0b001501 0b001601 10281 100 2097152 4722743 379496 44264 9765
0b001e01 0b001f01 10280 100 2097152 4704539 398408 44264 8318
0b000c01 0b000d01 10231 100 2097152 4869873 234530 44264 11580
0b000c01 0b000d01 10232 100 2097152 4869874 234530 44264 12060
0b000c01 0b000d01 10233 100 2097152 4869897 234508 44264 14460
0b000c01 0b000d01 10234 100 2097152 4869898 234529 44264 14940
0b000c01 0b000d01 10235 100 2097152 4869899 234529 44264 12076
0b000b01 0b000c01 10231 100 2097152 4869442 235945 44264 11579
0b000e01 0b000f01 10231 100 2097152 4874971 230901 44264 11582
0b000e01 0b000f01 10232 100 2097152 4874972 230922 44264 12062
0b000e01 0b000f01 10233 100 2097152 4874973 230922 44264 12542
0b000e01 0b000f01 10234 100 2097152 4874974 230922 44264 13022
0b000e01 0b000f01 10235 100 2097152 4874997 230900 44264 13038
0b001201 0b001b01 10040 100 2097152 5018877 86984 48204 9282
0b000b01 0b000c01 10232 100 2097152 4869670 237401 44264 13979
0b000b01 0b000c01 10233 100 2097152 4869674 237401 44264 14459
0b000b01 0b000c01 10234 100 2097152 4869678 237401 44264 14939
0b000b01 0b000c01 10235 100 2097152 4869682 237401 44264 11595
0b000d01 0b000e01 10231 100 2097152 4878563 231913 44264 11581
0b000d01 0b000e01 10232 100 2097152 4878564 231913 44264 12061
0b000d01 0b000e01 10233 100 2097152 4878565 231934 44264 12541
0b000d01 0b000e01 10234 100 2097152 4878588 231912 44264 14941
0b000d01 0b000e01 10235 100 2097152 4878589 231912 44264 12557
0b001201 0b001301 10281 100 2097152 4744943 368661 44264 8802
0b000801 0b000901 10225 100 2097152 4791271 323500 44264 12520
0b000801 0b000901 10226 100 2097152 4791272 323500 44264 13000
0b000801 0b000901 10227 100 2097152 4791273 323500 44264 13480
0b000801 0b000901 10228 100 2097152 4791274 323521 44264 13960
0b000801 0b000901 10229 100 2097152 4791296 323500 44264 14440
0b001101 0b001a01 10040 100 2097152 5027897 90733 48204 8801
0b001601 0b001701 10281 100 2097152 4819459 299932 44264 10246
0b001e01 0b001701 10040 100 2097152 5041537 80803 48204 11214
0b001901 0b001a01 10281 100 2097152 4819802 304485 44264 7849
0b001e01 0b001f01 10281 100 2097152 4736611 392671 44264 10254
0b001001 0b001101 10280 100 2097152 4807346 323315 44264 7840
0b001001 0b001901 10040 100 2097152 5061556 75150 48204 8320
0b001d01 0b001601 10040 100 2097152 5061507 76519 48204 10733
0b001101 0b001201 10280 100 2097152 4777141 361423 44264 8321
0b001001 0b001101 10281 100 2097152 4818624 321674 44264 11200
0b001a01 0b001b01 10280 100 2097152 4742366 398303 44264 8314
0b001c01 0b001501 10040 100 2097152 5040608 100463 48204 10252
0b001301 0b001c01 10040 100 2097152 5037926 103687 48204 9763
0b001c01 0b001d01 10281 100 2097152 4768260 377704 44264 9772
0b001401 0b001d01 10040 100 2097152 5045795 103971 48204 10244
0b001801 0b001901 10280 100 2097152 4743990 406885 44264 11208
0b001f01 0b001801 10281 100 2097152 4818884 333438 44264 10735
0b000301 0b000401 10210 100 2097152 3624239 1530461 176699 11523
0b000301 0b000401 10211 100 2097152 3624239 1530465 176699 12003
0b001b01 0b001c01 10281 100 2097152 4837641 316916 44264 8811
0b000301 0b000401 10212 100 2097152 3624239 1530553 176699 12483
0b000301 0b000401 10213 100 2097152 3624239 1530557 176699 12963
0b000301 0b000401 10214 100 2097152 3624239 1530561 176699 13923
0b000301 0b000401 10215 100 2097152 3624239 1530565 176699 14403
0b000301 0b000401 10216 100 2097152 3624239 1530569 176699 14883
0b001401 0b001501 10280 100 2097152 4803733 351445 44264 9764
0b000801 0b000901 10230 100 2097152 4826101 330429 44264 14456
0b001701 0b001001 10280 100 2097152 4770247 387968 44264 10727
0b000101 0b000201 10210 100 2097152 3660745 1498802 176699 11521
0b000101 0b000201 10211 100 2097152 3660745 1498822 176699 12001
0b000101 0b000201 10212 100 2097152 3660745 1498910 176699 12961
0b000101 0b000201 10213 100 2097152 3660745 1498914 176699 13441
0b000101 0b000201 10214 100 2097152 3660745 1498918 176699 13921
0b000101 0b000201 10215 100 2097152 3660745 1498922 176699 14401
0b000101 0b000201 10216 100 2097152 3660745 1498926 176699 14881
0b001101 0b001201 10281 100 2097152 4796750 363445 44264 7841
0b001901 0b001201 10040 100 2097152 5082638 78292 48204 8809
0b001801 0b001901 10281 100 2097152 4757116 406238 44264 7848
0b001801 0b001101 10040 100 2097152 5086384 79749 48204 8328
0b001b01 0b001401 10040 100 2097152 5065167 102096 48204 9771
0b001f01 0b001001 10040 100 2097152 5102017 68386 48204 7855
0b000e01 0b000701 10034 100 2097152 5113510 63089 48204 14958
0b001701 0b001001 10281 100 2097152 4786874 389954 44264 11207
0b001a01 0b001b01 10281 100 2097152 4776603 400916 44264 8330
0b000c01 0b000501 10034 100 2097152 5110081 77869 48204 13996
0b001c01 0b001d01 10282 100 2097152 4831972 375949 44264 8812
0b001401 0b001501 10281 100 2097152 4853301 363720 44264 9284
0b000201 0b000301 10210 100 2097152 3570095 1651273 176699 11522
0b000201 0b000301 10211 100 2097152 3570095 1651277 176699 12002
0b000201 0b000301 10212 100 2097152 3570095 1651281 176699 12482
0b000201 0b000301 10213 100 2097152 3570095 1651285 176699 13442
0b000201 0b000301 10214 100 2097152 3570095 1651289 176699 13922
0b000201 0b000301 10215 100 2097152 3570095 1651377 176699 14402
0b000201 0b000301 10216 100 2097152 3570095 1651561 176699 14882
0b000f01 0b000801 10231 100 2097152 4877532 344838 44264 12063
0b000f01 0b000801 10232 100 2097152 4877533 344838 44264 12543
0b000f01 0b000801 10233 100 2097152 4877534 344838 44264 13023
0b000f01 0b000801 10234 100 2097152 4877556 344817 44264 13503
0b000f01 0b000801 10235 100 2097152 4877566 344808 44264 13519
0b001b01 0b001c01 10282 100 2097152 4902150 322438 44264 8827
0b001d01 0b001e01 10282 100 2097152 4920583 313167 44264 8813
0b001901 0b001a01 10282 100 2097152 4944463 299601 44264 11209
0b001401 0b001501 10282 100 2097152 4886742 363720 44264 8804
0b001a01 0b001b01 10282 100 2097152 4869800 396626 44264 10730
0b001101 0b001201 10282 100 2097152 4904973 362143 44264 11201
0b000801 0b000101 10034 100 2097152 5225380 48636 48204 12072
0b000b01 0b000401 10034 100 2097152 5091494 185087 180639 13515
0b000701 0b000001 10210 100 2097152 3656364 1621163 176699 12007
0b000701 0b000001 10211 100 2097152 3656364 1621182 176699 12487
0b000701 0b000001 10212 100 2097152 3656364 1621270 176699 12967
0b000701 0b000001 10213 100 2097152 3656364 1621274 176699 13447
0b000701 0b000001 10214 100 2097152 3656364 1621278 176699 13927
0b000701 0b000001 10215 100 2097152 3656364 1621282 176699 14407
0b000701 0b000001 10216 100 2097152 3656364 1621286 176699 14887
0b000301 0b000c01 10031 100 2097152 5224390 56882 48204 13459
0b000b01 0b000c01 10236 100 2097152 5091583 192621 44264 13995
0b000b01 0b000c01 10237 100 2097152 5091584 192642 44264 14475
0b000b01 0b000c01 10238 100 2097152 5091606 192621 44264 14955
0b000b01 0b000c01 10239 100 2097152 5091616 192612 44264 14971
0b000d01 0b000601 10034 100 2097152 5107415 180281 180639 14477
0b000f01 0b000001 10034 100 2097152 5108882 180644 180639 11599
0b000c01 0b000d01 10236 100 2097152 5108397 181523 44264 11596
0b001201 0b001301 10282 100 2097152 4948670 344710 44264 10722
0b001901 0b001a01 10283 100 2097152 5000348 293767 44264 10249
0b000d01 0b000e01 10236 100 2097152 5107413 186917 44264 11597
0b000d01 0b000e01 10237 100 2097152 5107414 186917 44264 12077
0b000d01 0b000e01 10238 100 2097152 5107437 186916 44264 14957
0b000d01 0b000e01 10239 100 2097152 5107438 186916 44264 12093
0b000e01 0b000f01 10236 100 2097152 5113486 185207 44264 11598
0b000e01 0b000f01 10237 100 2097152 5113487 185207 44264 12078
0b000e01 0b000f01 10238 100 2097152 5113509 185186 44264 12558
0b000e01 0b000f01 10239 100 2097152 5113519 185198 44264 12574
0b000c01 0b000d01 10237 100 2097152 5110085 191514 44264 14476
0b000c01 0b000d01 10238 100 2097152 5110089 191511 44264 14956
0b000c01 0b000d01 10239 100 2097152 5110093 191508 44264 11612
0b000901 0b000201 10033 100 2097152 5117781 186409 180639 12537
0b001f01 0b001801 10282 100 2097152 4962438 343005 44264 10255
0b001701 0b001001 10282 100 2097152 4922382 386799 44264 8807
0b001501 0b001601 10282 100 2097152 4974147 336688 44264 9285
0b001001 0b001101 10282 100 2097152 4996349 318510 44264 10240
0b001001 0b001101 10283 100 2097152 4997230 318510 44264 9760
0b001e01 0b001f01 10282 100 2097152 4926960 391043 44264 9774
0b001301 0b001401 10282 100 2097152 5000190 319076 44264 8323
0b001601 0b001701 10282 100 2097152 5007854 316780 44264 7846
0b001f01 0b001801 10283 100 2097152 4988487 344461 44264 9775
0b001801 0b001901 10282 100 2097152 4932015 401672 44264 10728
0b000001 0b000101 10210 100 2097152 3613862 1721245 176699 11520
0b000001 0b000101 10211 100 2097152 3613862 1721253 176699 12480
0b000001 0b000101 10212 100 2097152 3613862 1721261 176699 12960
0b000001 0b000101 10213 100 2097152 3613862 1721269 176699 13440
0b000001 0b000101 10214 100 2097152 3613862 1721277 176699 13920
0b000001 0b000101 10215 100 2097152 3613862 1721281 176699 14400
0b000001 0b000101 10216 100 2097152 3613862 1721289 176699 14880
0b001201 0b001301 10283 100 2097152 4997075 339250 44264 9762
0b000901 0b000a01 10231 100 2097152 5117782 220385 44264 13017
0b000901 0b000a01 10232 100 2097152 5117783 220385 44264 13497
0b000901 0b000a01 10233 100 2097152 5117805 220364 44264 13977
0b000901 0b000a01 10234 100 2097152 5117806 220364 44264 14457
0b001f01 0b001801 10284 100 2097152 4996496 343999 44264 8815
0b001801 0b001901 10283 100 2097152 4940332 401368 44264 9768
0b000401 0b000d01 10031 100 2097152 5157810 187425 180639 13940
0b000901 0b000a01 10235 100 2097152 5159540 189080 44264 14473
0b000c01 0b000501 10035 100 2097152 5287214 61610 48204 14012
0b001101 0b001201 10283 100 2097152 4996454 354359 44264 10241
0b000e01 0b000701 10035 100 2097152 5297363 53890 48204 14974
0b001601 0b001701 10283 100 2097152 5024184 329491 44264 8806
0b000201 0b000b01 10031 100 2097152 5162665 191611 180639 12978
0b001301 0b001401 10283 100 2097152 5032645 322354 44264 11203
0b001501 0b001601 10283 100 2097152 5022024 334241 44264 7845
0b000801 0b000901 10231 100 2097152 4997242 360633 44264 12536
0b000801 0b000901 10232 100 2097152 4997243 360654 44264 13016
0b000801 0b000901 10233 100 2097152 4997244 360654 44264 13496
0b000801 0b000901 10234 100 2097152 4997245 360654 44264 13976
0b000801 0b000901 10235 100 2097152 4998434 360016 44264 13992
0b001501 0b001601 10284 100 2097152 5026183 334241 44264 8805
0b001601 0b001701 10284 100 2097152 5029271 333807 44264 8326
0b001c01 0b001d01 10283 100 2097152 5001491 363691 44264 10732
0b001501 0b001601 10285 100 2097152 5031881 333428 44264 11205
0b001501 0b001601 10286 100 2097152 5033092 332988 44264 8325
0b001401 0b001501 10283 100 2097152 5012828 354947 44264 7844
0b001001 0b001101 10284 100 2097152 5045164 323091 44264 8800
0b001201 0b001301 10284 100 2097152 5039792 333938 44264 10242
0b001d01 0b001e01 10283 100 2097152 5054748 323855 44264 7853
0b001901 0b001a01 10284 100 2097152 5066354 314758 44264 9769
0b001901 0b001a01 10285 100 2097152 5066376 314737 44264 10729
0b001201 0b001301 10285 100 2097152 5049982 332702 44264 11202
0b001001 0b001101 10285 100 2097152 5057485 325576 44264 9280
0b001001 0b001101 10286 100 2097152 5059091 325291 44264 10720
0b001101 0b001201 10284 100 2097152 5030362 356412 44264 9761
0b001301 0b001c01 10041 100 2097152 5339335 50426 48204 9779
0b001701 0b001801 10041 100 2097152 5327644 63147 48204 7863
0b001701 0b001001 10283 100 2097152 5013467 377766 44264 8327
0b001b01 0b001c01 10283 100 2097152 5060326 331379 44264 11211
0b001101 0b001201 10285 100 2097152 5036852 357139 44264 10721
0b001801 0b001901 10284 100 2097152 4994747 401139 44264 9288
0b001701 0b001001 10284 100 2097152 5018880 377634 44264 9767
0b000f01 0b000801 10236 100 2097152 5108904 288475 44264 12079
0b000f01 0b000801 10237 100 2097152 5108905 288475 44264 12559
0b000f01 0b000801 10238 100 2097152 5108906 288475 44264 13039
0b000f01 0b000801 10239 100 2097152 5108916 288466 44264 13055
0b001d01 0b001e01 10284 100 2097152 5068745 329879 44264 11213
0b001e01 0b001f01 10283 100 2097152 5004549 394203 44264 10750
0b001701 0b001001 10285 100 2097152 5021724 377122 44264 10247
0b001101 0b001201 10286 100 2097152 5041824 357272 44264 9281
0b001701 0b001001 10286 100 2097152 5022274 376837 44264 9287
0b000a01 0b000301 10034 100 2097152 5341177 58541 48204 13034
0b001a01 0b001b01 10283 100 2097152 4994721 408053 44264 9770
0b000b01 0b000c01 10240 100 2097152 5357286 46457 44264 13003
0b001d01 0b001e01 10285 100 2097152 5073041 330753 44264 8333
0b001e01 0b001f01 10284 100 2097152 5011793 395258 44264 8814
0b001901 0b001a01 10286 100 2097152 5092896 314160 44264 9289
0b001401 0b001501 10284 100 2097152 5041020 369348 44264 11204
0b001401 0b001501 10285 100 2097152 5041042 369348 44264 8324
0b001c01 0b001d01 10284 100 2097152 5055657 355861 44264 11212
0b001801 0b001901 10285 100 2097152 5012726 400981 44264 10248
0b001301 0b001401 10284 100 2097152 5063675 352406 44264 10243
0b001401 0b001501 10286 100 2097152 5046896 369439 44264 10724
0b001201 0b001301 10286 100 2097152 5083247 333771 44264 7842
0b001b01 0b001c01 10284 100 2097152 5081012 338572 44264 10251
0b001a01 0b001b01 10284 100 2097152 5010017 409922 44264 10250
0b001a01 0b001b01 10285 100 2097152 5010414 409745 44264 11210
0b001401 0b001501 10287 100 2097152 5055609 366887 44264 9300
0b000501 0b000601 10210 100 2097152 3784694 1639914 176699 11525
0b000501 0b000601 10211 100 2097152 3784694 1640198 176699 12005
0b000501 0b000601 10212 100 2097152 3784694 1640570 176699 12485
0b000501 0b000601 10213 100 2097152 3784694 1640834 176699 12965
0b000501 0b000601 10214 100 2097152 3784694 1640838 176699 13445
0b000501 0b000601 10215 100 2097152 3784694 1640842 176699 13925
0b000501 0b000601 10216 100 2097152 3784694 1640846 176699 14885
0b001b01 0b001c01 10285 100 2097152 5084796 340847 44264 10731
0b001c01 0b001d01 10285 100 2097152 5069548 356390 44264 7852
0b001b01 0b001c01 10286 100 2097152 5085149 340957 44264 7851
0b000101 0b000a01 10031 100 2097152 5338125 88947 48204 12497
0b001301 0b001401 10285 100 2097152 5068956 358503 44264 7843
0b001301 0b001401 10286 100 2097152 5069573 358788 44264 10723
0b000d01 0b000e01 10240 100 2097152 5292930 142305 44264 11613
0b001601 0b001701 10285 100 2097152 5070245 365662 44264 9286
0b000e01 0b000f01 10240 100 2097152 5297340 139264 44264 11614
0b000e01 0b000f01 10241 100 2097152 5297341 139264 44264 12094
0b000e01 0b000f01 10242 100 2097152 5297364 139242 44264 12110
0b001601 0b001701 10286 100 2097152 5073062 366718 44264 9766
0b001801 0b001901 10286 100 2097152 5046285 394175 44264 7864
0b001701 0b001001 10287 100 2097152 5092846 348844 44264 10743
0b001c01 0b001d01 10286 100 2097152 5082973 359162 44264 8332
0b001d01 0b001e01 10286 100 2097152 5104070 338634 44264 9293
0b001d01 0b001e01 10287 100 2097152 5104080 338625 44264 9309
0b001401 0b001501 10288 100 2097152 5089151 354233 44264 8820
0b001c01 0b001d01 10287 100 2097152 5085116 359132 44264 9308
0b001601 0b001f01 10041 100 2097152 5368319 76248 48204 11222
0b001f01 0b001801 10285 100 2097152 5100382 344666 44264 11231
0b001f01 0b001801 10286 100 2097152 5101224 345057 44264 10751
0b001f01 0b001801 10287 100 2097152 5104196 345254 44264 9295
0b001b01 0b001c01 10287 100 2097152 5108871 340996 44264 9307
0b001f01 0b001801 10288 100 2097152 5105957 345078 44264 8335
0b001301 0b001401 10287 100 2097152 5088573 362581 44264 9299
0b001e01 0b001f01 10285 100 2097152 5055006 396494 44264 7854
0b001d01 0b001601 10041 100 2097152 5368192 86363 48204 10749
0b001e01 0b001f01 10286 100 2097152 5065395 396423 44264 8334
0b001e01 0b001f01 10287 100 2097152 5066386 396313 44264 9294
0b001701 0b001001 10288 100 2097152 5122401 341224 44264 10263
0b001701 0b001001 10289 100 2097152 5125350 339926 44264 11223
0b001901 0b001a01 10287 100 2097152 5139716 326045 44264 8345
0b001301 0b001401 10288 100 2097152 5104316 362547 44264 8339
0b001f01 0b001801 10289 100 2097152 5132292 336004 44264 10271
0b000d01 0b000e01 10241 100 2097152 5304610 165204 44264 14973
0b000d01 0b000e01 10242 100 2097152 5304611 165204 44264 11629
0b001e01 0b001f01 10288 100 2097152 5080960 390980 44264 9790
0b001801 0b001901 10287 100 2097152 5081103 391015 44264 8808
0b001b01 0b001401 10041 100 2097152 5405784 66716 48204 9787
0b001601 0b001701 10287 100 2097152 5103268 370942 44264 10262
0b001501 0b001601 10287 100 2097152 5144081 330287 44264 10261
0b001b01 0b001c01 10288 100 2097152 5143679 331049 44264 8331
0b001301 0b001401 10289 100 2097152 5116614 359050 44264 8819
0b001601 0b001701 10288 100 2097152 5105249 370968 44264 9782
0b001a01 0b001b01 10286 100 2097152 5081109 395133 44264 7850
0b001e01 0b001f01 10289 100 2097152 5097901 382488 44264 10270
0b000601 0b000701 10210 100 2097152 3700546 1781679 176699 11526
0b000601 0b000701 10211 100 2097152 3700546 1781683 176699 12006
0b000601 0b000701 10212 100 2097152 3700546 1781687 176699 12486
0b000601 0b000701 10213 100 2097152 3700546 1781691 176699 12966
0b000601 0b000701 10214 100 2097152 3700546 1781695 176699 13446
0b000601 0b000701 10215 100 2097152 3700546 1781699 176699 13926
0b000601 0b000701 10216 100 2097152 3700546 1781703 176699 14406
0b001901 0b001a01 10288 100 2097152 5153885 328359 44264 11225
0b001e01 0b001701 10041 100 2097152 5401634 83986 48204 11230
0b001101 0b001201 10287 100 2097152 5133671 351976 44264 7857
0b001201 0b001301 10287 100 2097152 5141574 347059 44264 8338
0b000d01 0b000601 10035 100 2097152 5304609 186230 180639 14493
0b000d01 0b000e01 10243 100 2097152 5348245 142749 44264 13965
0b001101 0b001a01 10041 100 2097152 5371265 119900 48204 8817
0b000c01 0b000d01 10240 100 2097152 5284282 207209 44264 13484
0b001201 0b001b01 10041 100 2097152 5402106 90301 48204 9298
0b001901 0b001a01 10289 100 2097152 5166364 326573 44264 7865
0b001501 0b001601 10288 100 2097152 5158188 335013 44264 9781
0b001101 0b001201 10288 100 2097152 5143308 350128 44264 11217
0b001d01 0b001e01 10288 100 2097152 5148974 344468 44264 9789
0b000c01 0b000d01 10241 100 2097152 5287236 206611 44264 14492
0b000c01 0b000d01 10242 100 2097152 5287237 206614 44264 14972
0b000c01 0b000d01 10243 100 2097152 5287247 206608 44264 14988
0b001001 0b001101 10287 100 2097152 5161225 334089 44264 10736
0b000e01 0b000f01 10243 100 2097152 5438245 58312 44264 11630
0b001d01 0b001e01 10289 100 2097152 5152776 343988 44264 10269
0b001801 0b001901 10288 100 2097152 5102233 395186 44264 11224
0b001a01 0b001301 10041 100 2097152 5410066 88524 48204 9306
0b001b01 0b001c01 10289 100 2097152 5180529 319020 44264 8347
0b001a01 0b001b01 10287 100 2097152 5100632 400502 44264 8346
0b001401 0b001501 10289 100 2097152 5170273 337408 44264 9780
0b001501 0b001e01 10041 100 2097152 5419345 91998 48204 10741
0b001c01 0b001d01 10288 100 2097152 5144623 366760 44264 9788
0b001601 0b001701 10289 100 2097152 5141036 370958 44264 10742
0b001101 0b001201 10289 100 2097152 5169143 343613 44264 8337
0b001001 0b001101 10288 100 2097152 5173413 340118 44264 7856
0b001401 0b001d01 10041 100 2097152 5419091 94553 48204 10260
0b001c01 0b001501 10041 100 2097152 5422594 92334 48204 10268
0b001201 0b001301 10288 100 2097152 5163205 353091 44264 7858
0b001201 0b001301 10289 100 2097152 5163940 353258 44264 8818
0b000801 0b000101 10035 100 2097152 5400389 119294 48204 12088
0b001001 0b001101 10289 100 2097152 5179838 341086 44264 11216
0b000c01 0b000d01 10244 100 2097152 5406753 116058 44264 13020
0b001001 0b001901 10041 100 2097152 5394243 130843 48204 8336
0b001a01 0b001b01 10288 100 2097152 5121640 405696 44264 8826
0b001c01 0b001d01 10289 100 2097152 5157567 370449 44264 8828
0b000f01 0b000801 10240 100 2097152 5301704 230611 44264 12095
0b000f01 0b000801 10241 100 2097152 5301705 230611 44264 12575
0b000f01 0b000801 10242 100 2097152 5301727 230611 44264 12591
0b001a01 0b001b01 10289 100 2097152 5127297 405584 44264 7866
0b000401 0b000501 10210 100 2097152 3695685 1837961 176699 11524
0b000401 0b000501 10211 100 2097152 3695685 1837965 176699 12004
0b000401 0b000501 10212 100 2097152 3695685 1837969 176699 12484
0b000401 0b000501 10213 100 2097152 3695685 1837973 176699 12964
0b000401 0b000501 10214 100 2097152 3695685 1838061 176699 13444
0b000401 0b000501 10215 100 2097152 3695685 1838065 176699 14404
0b000401 0b000501 10216 100 2097152 3695685 1838069 176699 14884
0b000001 0b000901 10031 100 2097152 5280537 255681 180639 12016
0b000701 0b000001 10217 100 2097152 3917851 1618835 176699 14903
0b001d01 0b001e01 10290 100 2097152 5210931 330106 44264 8829
0b000901 0b000201 10034 100 2097152 5360885 180709 180639 12553
0b000f01 0b000001 10035 100 2097152 5301703 240915 180639 11615
0b001901 0b001201 10041 100 2097152 5475128 68139 48204 8825
0b000a01 0b000b01 10236 100 2097152 5341178 203465 44264 13514
0b000a01 0b000b01 10237 100 2097152 5341179 203465 44264 13994
0b000a01 0b000b01 10238 100 2097152 5341180 203486 44264 14474
0b000901 0b000a01 10236 100 2097152 5360907 186023 44264 13033
0b000901 0b000a01 10237 100 2097152 5360908 186044 44264 13513
0b000901 0b000a01 10238 100 2097152 5360909 186044 44264 13993
0b000901 0b000a01 10239 100 2097152 5361460 185846 44264 14009
0b000801 0b000901 10236 100 2097152 5225381 323768 44264 12552
0b000801 0b000901 10237 100 2097152 5225382 323768 44264 13032
0b000801 0b000901 10238 100 2097152 5225383 323768 44264 13512
0b000801 0b000901 10239 100 2097152 5225393 323759 44264 13528
0b001801 0b001901 10289 100 2097152 5155332 395746 44264 10744
0b000a01 0b000b01 10239 100 2097152 5351630 202426 44264 14490
0b001501 0b001601 10289 100 2097152 5220031 346874 44264 9301
0b000e01 0b000f01 10244 100 2097152 5472825 94991 44264 11646
0b000101 0b000201 10217 100 2097152 3994988 1579239 176699 12017
0b000e01 0b000701 10036 100 2097152 5472824 101469 48204 14990
0b001f01 0b001001 10041 100 2097152 5454510 123140 48204 7871
0b000e01 0b000f01 10245 100 2097152 5494004 85229 44264 13982
0b001b01 0b001c01 10290 100 2097152 5269436 313176 44264 10747
0b000f01 0b000801 10243 100 2097152 5439615 149728 44264 12111
0b000f01 0b000801 10244 100 2097152 5439625 149719 44264 12127
0b000a01 0b000301 10035 100 2097152 5549940 48646 48204 13050
0b000501 0b000e01 10031 100 2097152 5536760 63364 48204 14421
0b001501 0b001601 10290 100 2097152 5253472 346874 44264 8821
0b000701 0b000801 10031 100 2097152 5485235 117560 48204 11543
0b001c01 0b001d01 10290 100 2097152 5227598 375113 44264 8844
0b001e01 0b001f01 10290 100 2097152 5236760 372629 44264 8830
0b001801 0b001101 10041 100 2097152 5454045 155499 48204 8344
0b001201 0b001301 10290 100 2097152 5270126 348999 44264 11218
0b000801 0b000101 10036 100 2097152 5535325 90222 48204 12104
0b001301 0b001401 10290 100 2097152 5296390 331510 44264 10739
0b000a01 0b000b01 10240 100 2097152 5430082 202844 44264 12522
0b000f01 0b000801 10245 100 2097152 5582243 51133 44264 13999
0b000301 0b000401 10217 100 2097152 4001673 1635847 176699 12979
0b001001 0b001101 10290 100 2097152 5312191 332550 44264 8816
0b001a01 0b001b01 10290 100 2097152 5247074 398976 44264 11226
0b000601 0b000f01 10031 100 2097152 5428550 221369 180639 14902
0b001101 0b001201 10290 100 2097152 5317869 333369 44264 10257
0b001101 0b001201 10291 100 2097152 5318750 333259 44264 9777
0b000e01 0b000f01 10246 100 2097152 5603134 50836 44264 14446
0b001f01 0b001801 10290 100 2097152 5321013 337838 44264 9791
0b000d01 0b000e01 10244 100 2097152 5494501 166140 44264 13501
0b001901 0b001a01 10290 100 2097152 5336697 330468 44264 10745
0b000d01 0b000e01 10245 100 2097152 5496861 170525 44264 14989
0b000d01 0b000e01 10246 100 2097152 5496871 170537 44264 15005
0b001401 0b001501 10290 100 2097152 5322276 346802 44264 8340
0b001701 0b001001 10290 100 2097152 5356685 317978 44264 8823
0b001901 0b001a01 10291 100 2097152 5344710 330485 44264 9785
0b000d01 0b000e01 10247 100 2097152 5525821 151214 44264 13037
0b000d01 0b000601 10036 100 2097152 5496857 185870 180639 14509
0b001701 0b001001 10291 100 2097152 5366088 316738 44264 8343
0b001601 0b001701 10290 100 2097152 5313845 371826 44264 9302
0b001a01 0b001b01 10291 100 2097152 5297125 394870 44264 10266
0b000b01 0b000c01 10241 100 2097152 5547654 149010 44264 14011
0b000b01 0b000c01 10242 100 2097152 5547676 148989 44264 14491
0b000801 0b000901 10240 100 2097152 5400390 298479 44264 12568
0b000801 0b000901 10241 100 2097152 5400391 298479 44264 13048
0b000801 0b000901 10242 100 2097152 5400401 298470 44264 13064
0b001101 0b001201 10292 100 2097152 5386071 313744 44264 9297
0b001101 0b001201 10293 100 2097152 5387392 313194 44264 10737
0b001201 0b001301 10291 100 2097152 5353823 349316 44264 10258
0b001401 0b001501 10291 100 2097152 5358009 346798 44264 11220
0b000801 0b000101 10037 100 2097152 5592353 112903 48204 12120
0b000801 0b000101 10038 100 2097152 5592363 112894 48204 12136
0b000b01 0b000c01 10243 100 2097152 5557066 148993 44264 14507
0b000501 0b000601 10217 100 2097152 3992804 1713896 176699 13941
0b001801 0b001901 10290 100 2097152 5308453 400018 44264 10264
0b001501 0b001601 10291 100 2097152 5370785 337833 44264 7861
0b001301 0b001401 10291 100 2097152 5376740 332433 44264 10259
0b000a01 0b000b01 10241 100 2097152 5549962 159789 44264 13530
0b000a01 0b000b01 10242 100 2097152 5549963 159789 44264 14010
0b000a01 0b000b01 10243 100 2097152 5550316 159546 44264 14026
0b000901 0b000a01 10240 100 2097152 5539228 175796 44264 12041
0b001301 0b001401 10292 100 2097152 5385694 332456 44264 11219
0b001101 0b001a01 10042 100 2097152 5647751 70620 48204 8833
0b001901 0b001a01 10292 100 2097152 5398896 322878 44264 9305
0b000b01 0b000401 10035 100 2097152 5547653 184866 180639 13531
0b001601 0b001701 10291 100 2097152 5359275 373812 44264 7862
0b001801 0b001901 10291 100 2097152 5335958 397175 44264 9784
0b001b01 0b001c01 10291 100 2097152 5422949 313320 44264 10267
0b001b01 0b001c01 10292 100 2097152 5423169 313277 44264 11227
0b001601 0b001701 10292 100 2097152 5363434 373878 44264 8822
0b001901 0b001a01 10293 100 2097152 5416717 322024 44264 10265
0b001801 0b001901 10292 100 2097152 5343505 395789 44264 8824
0b000701 0b000001 10218 100 2097152 4061969 1677581 176699 14919
0b000e01 0b000f01 10247 100 2097152 5663651 76539 44264 13518
0b001601 0b001701 10293 100 2097152 5369090 373151 44264 8342
0b000f01 0b000801 10246 100 2097152 5652929 91071 44264 14927
0b001d01 0b001e01 10291 100 2097152 5414528 329751 44264 11229
0b001301 0b001401 10293 100 2097152 5420028 325227 44264 7859
0b001e01 0b001f01 10291 100 2097152 5381613 363653 44264 7870
0b001201 0b001301 10292 100 2097152 5389784 357818 44264 9778
0b000901 0b000a01 10241 100 2097152 5552160 196305 44264 13049
0b000901 0b000a01 10242 100 2097152 5552161 196305 44264 13529
0b000901 0b000a01 10243 100 2097152 5552171 196296 44264 13545
0b000f01 0b000801 10247 100 2097152 5656980 93014 44264 14463
0b001001 0b001901 10042 100 2097152 5685836 65466 48204 8352
0b000901 0b000201 10035 100 2097152 5552159 201986 180639 12569
0b001001 0b001101 10291 100 2097152 5399524 355995 44264 9776
0b001201 0b001301 10293 100 2097152 5397001 358895 44264 10738
0b000e01 0b000f01 10248 100 2097152 5680045 76259 44264 13054
0b001001 0b001101 10292 100 2097152 5401856 356898 44264 10256
0b001001 0b001101 10293 100 2097152 5402121 356898 44264 9296
0b001d01 0b001e01 10292 100 2097152 5428948 332139 44264 7869
0b001f01 0b001801 10291 100 2097152 5401762 359350 44264 10767
0b001901 0b001a01 10294 100 2097152 5443470 319432 44264 7881
0b001e01 0b001f01 10292 100 2097152 5406804 358993 44264 8350
0b001101 0b001201 10294 100 2097152 5498324 269442 44264 10753
0b001f01 0b001801 10292 100 2097152 5410061 359460 44264 8831
0b001701 0b001001 10292 100 2097152 5438917 331905 44264 9303
0b000b01 0b000c01 10244 100 2097152 5635936 134994 44264 12539
0b001801 0b001901 10293 100 2097152 5393801 380636 44264 7880
0b001c01 0b001d01 10291 100 2097152 5392771 383243 44264 9804
0b001d01 0b001e01 10293 100 2097152 5445145 330995 44264 8349
0b001701 0b001001 10293 100 2097152 5442790 333510 44264 9783
0b001501 0b001601 10292 100 2097152 5413378 363374 44264 11221
0b001501 0b001601 10293 100 2097152 5413400 363353 44264 8341
0b000e01 0b000701 10037 100 2097152 5670396 106883 48204 15006
0b000e01 0b000701 10038 100 2097152 5670418 106971 48204 15022
0b001d01 0b001e01 10294 100 2097152 5447258 330647 44264 9325
0b001c01 0b001d01 10292 100 2097152 5394715 383257 44264 11228
0b001201 0b001b01 10042 100 2097152 5702825 77252 48204 9314
0b001a01 0b001b01 10292 100 2097152 5384122 396129 44264 9786
0b001a01 0b001b01 10293 100 2097152 5384123 396150 44264 10746
0b001101 0b001201 10295 100 2097152 5516541 270387 44264 7873
0b001501 0b001601 10294 100 2097152 5425506 361544 44264 9317
0b000c01 0b000d01 10245 100 2097152 5699675 87743 44264 14508
0b000a01 0b000b01 10244 100 2097152 5718034 71724 44264 12058
0b000801 0b000901 10243 100 2097152 5535326 254631 44264 12584
0b000801 0b000901 10244 100 2097152 5535348 254610 44264 12600
0b001401 0b001501 10292 100 2097152 5430469 362220 44264 7860
0b001101 0b001201 10296 100 2097152 5523934 269155 44264 11233
0b001401 0b001501 10293 100 2097152 5431371 362748 44264 10740
0b000c01 0b000501 10036 100 2097152 5699674 95120 48204 14028
0b001001 0b001101 10294 100 2097152 5444700 350100 44264 10752
0b001501 0b001601 10295 100 2097152 5446394 354635 44264 8837
0b001f01 0b001801 10293 100 2097152 5447577 355209 44264 11247
0b000601 0b000701 10217 100 2097152 3868256 1937245 176699 14422
0b001e01 0b001f01 10293 100 2097152 5445714 359802 44264 9310
0b001e01 0b001f01 10294 100 2097152 5445724 359793 44264 9326
0b000c01 0b000d01 10246 100 2097152 5709069 97094 44264 14524
0b001c01 0b001d01 10293 100 2097152 5428653 377810 44264 10748
0b001c01 0b001d01 10294 100 2097152 5429116 377744 44264 7868
0b001001 0b001101 10295 100 2097152 5466635 344534 44264 10272
0b001001 0b001101 10296 100 2097152 5468286 343764 44264 11232
0b001601 0b001701 10294 100 2097152 5457565 355247 44264 10758
0b001b01 0b001c01 10293 100 2097152 5479252 338097 44264 7867
0b001901 0b001a01 10295 100 2097152 5500429 319150 44264 11241
0b001c01 0b001d01 10295 100 2097152 5452877 368817 44264 9324
0b000f01 0b000801 10248 100 2097152 5743200 79495 44264 13535
0b001801 0b001901 10294 100 2097152 5448058 374850 44264 11240
0b000901 0b000a01 10244 100 2097152 5701880 121440 44264 13065
0b000901 0b000a01 10245 100 2097152 5701890 121452 44264 13081
0b001401 0b001501 10294 100 2097152 5454164 369083 44264 9316
0b001801 0b001901 10295 100 2097152 5449291 374696 44264 10760
0b001701 0b001001 10294 100 2097152 5477220 347794 44264 10279
0b001801 0b001901 10296 100 2097152 5452460 373640 44264 9304
0b001f01 0b001801 10294 100 2097152 5464828 362431 44264 8351
0b001701 0b001001 10295 100 2097152 5479227 348581 44264 9799
0b001f01 0b001801 10295 100 2097152 5465709 362629 44264 9311
0b001301 0b001401 10294 100 2097152 5491643 339553 44264 8355
0b001901 0b001201 10042 100 2097152 5742304 89889 48204 8841
0b001601 0b001701 10295 100 2097152 5477378 356027 44264 10278
0b001801 0b001901 10297 100 2097152 5471306 365034 44264 10280
0b001401 0b001d01 10042 100 2097152 5712183 124475 48204 10276
0b001f01 0b001801 10296 100 2097152 5474950 362254 44264 9807
0b001701 0b001001 10296 100 2097152 5488630 348665 44264 11239
0b001c01 0b001d01 10296 100 2097152 5477738 359577 44264 8348
0b000f01 0b000801 10249 100 2097152 5759314 78144 44264 13071
0b000c01 0b000d01 10247 100 2097152 5773940 64673 44264 12556
0b001401 0b001501 10295 100 2097152 5469873 369814 44264 8356
0b000b01 0b000c01 10245 100 2097152 5712762 128165 44264 14027
0b000b01 0b000c01 10246 100 2097152 5712872 128165 44264 14043
0b000801 0b000901 10245 100 2097152 5605805 236451 44264 11560
0b001b01 0b001c01 10294 100 2097152 5495417 347629 44264 9323
0b001301 0b001401 10295 100 2097152 5501600 341498 44264 9315
0b001f01 0b001801 10297 100 2097152 5483399 359856 44264 10287
0b001501 0b001601 10296 100 2097152 5510691 333225 44264 9797
0b001401 0b001501 10296 100 2097152 5475510 369066 44264 9796
0b001401 0b001501 10297 100 2097152 5478674 367948 44264 8836
0b001c01 0b001d01 10297 100 2097152 5502559 346178 44264 8364
0b001701 0b001801 10042 100 2097152 5736097 112751 48204 7879
0b001501 0b001601 10297 100 2097152 5517938 331664 44264 10277
0b001d01 0b001e01 10295 100 2097152 5514393 336486 44264 9805
0b001601 0b001701 10296 100 2097152 5496211 356783 44264 9798
0b001b01 0b001c01 10295 100 2097152 5504144 350299 44264 8363
0b001d01 0b001e01 10296 100 2097152 5516654 337790 44264 10285
0b000a01 0b000b01 10245 100 2097152 5751476 105084 44264 13546
0b000a01 0b000b01 10246 100 2097152 5751486 105075 44264 13562
0b001301 0b001401 10296 100 2097152 5519306 338533 44264 7875
0b001301 0b001401 10297 100 2097152 5520208 338160 44264 8835
0b001901 0b001a01 10296 100 2097152 5528096 330925 44264 8361
0b001701 0b001001 10297 100 2097152 5515004 345506 44264 10759
0b001e01 0b001f01 10295 100 2097152 5496452 364888 44264 9806
0b001f01 0b001001 10042 100 2097152 5748276 115730 48204 7887
0b001e01 0b001f01 10296 100 2097152 5499774 365988 44264 10286
0b000801 0b000901 10246 100 2097152 5636386 231309 44264 14008
0b001e01 0b001701 10042 100 2097152 5747289 122080 48204 11246
0b000b01 0b000c01 10247 100 2097152 5792768 76963 44264 12075
0b001101 0b001201 10297 100 2097152 5612554 258583 44264 8353
0b001a01 0b001b01 10294 100 2097152 5468771 402922 44264 8362
0b001a01 0b001301 10042 100 2097152 5724784 147980 48204 9322
0b001d01 0b001e01 10297 100 2097152 5531026 341833 44264 8845
0b001301 0b001c01 10042 100 2097152 5750612 122376 48204 9795
0b001201 0b001301 10294 100 2097152 5488657 386476 44264 7874
0b001801 0b001101 10042 100 2097152 5830269 49656 48204 8360
0b001601 0b001f01 10042 100 2097152 5779762 100175 48204 11238
0b001e01 0b001f01 10297 100 2097152 5514353 366661 44264 10766
0b001b01 0b001c01 10296 100 2097152 5530346 351206 44264 8843
0b001b01 0b001c01 10297 100 2097152 5535891 350414 44264 7883
0b000d01 0b000e01 10248 100 2097152 5841623 45395 44264 12573
0b001201 0b001301 10295 100 2097152 5496446 390788 44264 11234
0b001a01 0b001b01 10295 100 2097152 5485254 406041 44264 11242
0b001901 0b001a01 10297 100 2097152 5554088 338417 44264 10761
0b001a01 0b001b01 10296 100 2097152 5494175 406520 44264 8842
0b001a01 0b001b01 10297 100 2097152 5495947 406354 44264 7882
0b001c01 0b001d01 10298 100 2097152 5585622 318569 44264 10764
0b001001 0b001101 10297 100 2097152 5580660 324952 44264 7872
0b001501 0b001e01 10042 100 2097152 5797129 108681 48204 10757
0b001c01 0b001501 10042 100 2097152 5739279 167516 48204 10284
0b001e01 0b001f01 10298 100 2097152 5544047 362840 44264 8846
0b001b01 0b001401 10042 100 2097152 5783261 127377 48204 9803
0b001201 0b001301 10296 100 2097152 5515766 395669 44264 8354
0b001301 0b001401 10298 100 2097152 5622135 291378 44264 11235
0b000901 0b000a01 10246 100 2097152 5845266 70226 44264 11577
0b000c01 0b000d01 10248 100 2097152 5872741 44783 44264 12092
0b000a01 0b000301 10036 100 2097152 5751475 179015 48204 13066
0b001601 0b001701 10297 100 2097152 5569915 365096 44264 9318
0b000e01 0b000f01 10249 100 2097152 5890028 45463 44264 12590
0b000901 0b000a01 10247 100 2097152 5870705 71396 44264 14025
0b001f01 0b001801 10298 100 2097152 5612399 335352 44264 8847
0b001d01 0b001601 10042 100 2097152 5809473 140804 48204 10765
0b001201 0b001301 10297 100 2097152 5546277 404186 44264 8834
0b000801 0b000901 10247 100 2097152 5747010 205614 44264 14936
0b000a01 0b000301 10037 100 2097152 5826330 127797 48204 13082
0b000a01 0b000301 10038 100 2097152 5826352 127801 48204 13098
0b000801 0b000901 10248 100 2097152 5753004 203185 44264 14472
0b000c01 0b000501 10037 100 2097152 5843937 112751 48204 14044
0b000c01 0b000501 10038 100 2097152 5844047 112752 48204 14060
0b001d01 0b001e01 10298 100 2097152 5605721 351292 44264 8861
0b000f01 0b000001 10037 100 2097152 5499567 465158 180639 11647
0b000d01 0b000e01 10249 100 2097152 5920534 44812 44264 12109
0b000b01 0b000401 10036 100 2097152 5712761 252946 180639 13547
0b001601 0b001701 10298 100 2097152 5603356 362478 44264 8838
0b000f01 0b000001 10038 100 2097152 5570826 404751 180639 11663
0b001301 0b001401 10299 100 2097152 5706149 273348 44264 10275
0b000a01 0b000b01 10247 100 2097152 5918502 64601 44264 11594
0b000f01 0b000801 10250 100 2097152 5938501 47007 44264 12607
0b000801 0b000901 10249 100 2097152 5825705 160217 44264 13544
0b001401 0b001501 10298 100 2097152 5630910 356068 44264 10756
0b001d01 0b001601 10043 100 2097152 5907201 80385 48204 10781
0b000801 0b000901 10250 100 2097152 5840468 148425 44264 13080
0b001501 0b001601 10298 100 2097152 5672088 327823 44264 8357
0b001b01 0b001c01 10298 100 2097152 5649060 351702 44264 11243
0b001001 0b001101 10298 100 2097152 5677673 329689 44264 8832
0b000a01 0b000b01 10248 100 2097152 5945111 64966 44264 14042
0b000e01 0b000f01 10250 100 2097152 5968356 44907 44264 12126
0b001801 0b001901 10298 100 2097152 5661861 355926 44264 9800
0b000f01 0b000001 10036 100 2097152 5439614 578315 180639 11631
0b001301 0b001401 10300 100 2097152 5758906 266285 44264 10755
0b001701 0b001001 10298 100 2097152 5688681 342228 44264 9319
0b001501 0b001601 10299 100 2097152 5707817 323357 44264 11237
0b000801 0b000901 10251 100 2097152 5988518 47476 44264 12616
0b000201 0b000301 10217 100 2097152 4063949 1976031 176699 12498
0b001b01 0b001c01 10299 100 2097152 5695005 345952 44264 10283
0b001c01 0b001d01 10299 100 2097152 5739456 302486 44264 11244
0b000101 0b000201 10218 100 2097152 4384597 1658710 176699 12033
0b001401 0b001d01 10043 100 2097152 5982507 63050 48204 10292
0b000b01 0b000c01 10248 100 2097152 5986113 63416 44264 11611
0b001501 0b001e01 10043 100 2097152 5989988 65568 48204 10773
0b000f01 0b000801 10251 100 2097152 6016273 45019 44264 12143
0b001201 0b001301 10298 100 2097152 5654248 409208 44264 10274
0b001201 0b001301 10299 100 2097152 5655019 409208 44264 9794
0b001901 0b001a01 10298 100 2097152 5711481 357029 44264 10281
0b001601 0b001701 10299 100 2097152 5711628 357065 44264 7878
0b001a01 0b001b01 10298 100 2097152 5670175 402631 44264 10762
0b001101 0b001a01 10043 100 2097152 6010372 65032 48204 8849
0b000b01 0b000c01 10249 100 2097152 6013087 63355 44264 14059
0b001a01 0b001b01 10299 100 2097152 5678205 403006 44264 9802
0b001401 0b001501 10299 100 2097152 5721160 360225 44264 11236
0b000001 0b000101 10217 100 2097152 4028903 2054888 176699 11536
0b001601 0b001f01 10043 100 2097152 6034184 49506 48204 11254
0b001101 0b001201 10298 100 2097152 5758529 325775 44264 9793
0b001101 0b001201 10299 100 2097152 5761764 327007 44264 10273
0b001101 0b001201 10300 100 2097152 5762029 327007 44264 9313
0b001701 0b001001 10299 100 2097152 5740322 349552 44264 8839
0b001701 0b001001 10300 100 2097152 5745251 348936 44264 8359
0b000901 0b000a01 10248 100 2097152 5955634 140412 44264 14953
0b000c01 0b000d01 10249 100 2097152 6052539 45252 44264 11628
0b001201 0b001301 10300 100 2097152 5703596 395359 44264 10754
0b001901 0b001a01 10299 100 2097152 5736143 363323 44264 9801
0b001f01 0b001801 10299 100 2097152 5768807 332835 44264 8367
0b000901 0b000a01 10249 100 2097152 5959199 147324 44264 14489
0b001501 0b001601 10300 100 2097152 5795699 311005 44264 7877
0b001c01 0b001501 10043 100 2097152 6043967 63194 48204 10300
0b001401 0b001501 10300 100 2097152 5748265 360225 44264 7876
0b001001 0b001101 10299 100 2097152 5773832 337538 44264 9312
0b000d01 0b000601 10037 100 2097152 5790428 323717 180639 14525
0b001b01 0b001c01 10300 100 2097152 5783087 330897 44264 9339
0b001b01 0b001c01 10301 100 2097152 5783283 330834 44264 10763
0b001001 0b001101 10300 100 2097152 5779310 339277 44264 9792
0b001901 0b001a01 10300 100 2097152 5754312 365966 44264 8377
0b001c01 0b001d01 10300 100 2097152 5820359 300704 44264 7884
0b001e01 0b001f01 10299 100 2097152 5764097 357426 44264 7886
0b001101 0b001201 10301 100 2097152 5797810 325049 44264 10769
0b001801 0b001901 10299 100 2097152 5764122 359974 44264 10776
0b001a01 0b001b01 10300 100 2097152 5721381 404125 44264 8858
0b000801 0b000101 10039 100 2097152 6064302 67484 48204 12152
0b001801 0b001901 10300 100 2097152 5772531 360036 44264 8840
0b000901 0b000a01 10250 100 2097152 5988932 147273 44264 13561
0b000901 0b000a01 10251 100 2097152 5991903 145293 44264 13097
0b001e01 0b001f01 10300 100 2097152 5779150 359270 44264 8366
0b001d01 0b001e01 10299 100 2097152 5779024 360159 44264 9821
0b001e01 0b001f01 10301 100 2097152 5780915 359050 44264 9342
0b001101 0b001201 10302 100 2097152 5814179 328238 44264 10289
0b001d01 0b001e01 10300 100 2097152 5780982 361766 44264 11245
0b001101 0b001201 10303 100 2097152 5815060 328128 44264 11249
0b001901 0b001a01 10301 100 2097152 5777447 367216 44264 7897
0b000d01 0b000e01 10250 100 2097152 6100801 44164 44264 11645
0b001701 0b001801 10043 100 2097152 6071703 73510 48204 7895
0b001a01 0b001b01 10301 100 2097152 5741751 404154 44264 10282
0b000d01 0b000601 10038 100 2097152 5809173 337664 180639 14541
0b001701 0b001001 10301 100 2097152 5815822 333410 44264 10775
0b001f01 0b001801 10300 100 2097152 5808526 341089 44264 9327
0b001f01 0b001801 10301 100 2097152 5808536 341080 44264 9343
0b000c01 0b000501 10039 100 2097152 6079452 71669 48204 14076
0b001301 0b001401 10301 100 2097152 5875774 275623 44264 9331
0b001601 0b001701 10300 100 2097152 5779763 372732 44264 8358
0b001501 0b001601 10301 100 2097152 5826257 326586 44264 9333
0b001301 0b001401 10302 100 2097152 5878143 276819 44264 7891
0b000401 0b000501 10217 100 2097152 4079713 2081449 176699 13460
0b001201 0b001301 10301 100 2097152 5770776 392236 44264 10770
0b001601 0b001701 10301 100 2097152 5790060 375245 44264 9334
0b001801 0b001901 10301 100 2097152 5805796 359934 44264 11256
0b001c01 0b001d01 10301 100 2097152 5846056 319712 44264 9340
0b001701 0b001001 10302 100 2097152 5836415 329502 44264 10295
0b001301 0b001401 10303 100 2097152 5890244 276977 44264 11251
0b001a01 0b001b01 10302 100 2097152 5765912 401575 44264 7898
0b001501 0b001601 10302 100 2097152 5842697 329397 44264 8373
0b001301 0b001c01 10043 100 2097152 6067237 108710 48204 9811
0b001501 0b001601 10303 100 2097152 5847586 329129 44264 9813
0b001501 0b001601 10304 100 2097152 5849632 328645 44264 8853
0b001601 0b001701 10302 100 2097152 5804039 375689 44264 8854
0b001d01 0b001e01 10301 100 2097152 5809870 372922 44264 7885
0b001f01 0b001001 10043 100 2097152 6124533 58334 48204 7903
0b001101 0b001201 10304 100 2097152 5882935 300206 44264 8369
0b001201 0b001301 10302 100 2097152 5789938 394661 44264 7890
0b001701 0b001001 10303 100 2097152 5856004 329125 44264 9815
0b001c01 0b001d01 10302 100 2097152 5857453 328336 44264 8380
0b001301 0b001401 10304 100 2097152 5914445 273131 44264 8371
0b001001 0b001101 10301 100 2097152 5828024 361504 44264 10288
0b001901 0b001a01 10302 100 2097152 5825918 364247 44264 11257
0b001201 0b001301 10303 100 2097152 5796099 394440 44264 11250
0b001201 0b001b01 10043 100 2097152 6092046 98960 48204 9330
0b001901 0b001a01 10303 100 2097152 5826997 364114 44264 10777
0b001b01 0b001c01 10302 100 2097152 5874703 316955 44264 8379
0b000e01 0b000f01 10251 100 2097152 6147975 44164 44264 11662
0b001901 0b001a01 10304 100 2097152 5829110 363322 44264 9321
0b001b01 0b001401 10043 100 2097152 6084221 108387 48204 9819
0b001101 0b001201 10305 100 2097152 5908622 285964 44264 7889
0b001001 0b001101 10302 100 2097152 5830818 364232 44264 9808
0b001e01 0b001701 10043 100 2097152 6145758 49679 48204 11262
0b001801 0b001901 10302 100 2097152 5831348 364127 44264 9320
0b001901 0b001a01 10305 100 2097152 5839350 357663 44264 10297
0b001401 0b001501 10301 100 2097152 5834206 364238 44264 8372
0b000a01 0b000b01 10249 100 2097152 6099056 99788 44264 14970
0b001d01 0b001e01 10302 100 2097152 5824704 376244 44264 9341
0b001701 0b001001 10304 100 2097152 5872379 329030 44264 11255
0b001801 0b001901 10303 100 2097152 5840214 366658 44264 9816
0b001901 0b001201 10043 100 2097152 6135577 71813 48204 8857
0b001001 0b001901 10043 100 2097152 6097197 110395 48204 8368
0b001001 0b001101 10303 100 2097152 5840305 369513 44264 11248
0b001e01 0b001f01 10302 100 2097152 5853889 356886 44264 9822
0b001801 0b001901 10304 100 2097152 5846265 366701 44264 10296
0b001c01 0b001d01 10303 100 2097152 5875998 338176 44264 9820
0b001e01 0b001f01 10303 100 2097152 5857454 357039 44264 10302
0b001501 0b001601 10305 100 2097152 5909805 305547 44264 10293
0b001d01 0b001e01 10303 100 2097152 5839668 376266 44264 10301
0b001d01 0b001e01 10304 100 2097152 5840325 376072 44264 8365
0b001801 0b001901 10305 100 2097152 5851858 365069 44264 7896
0b001b01 0b001c01 10303 100 2097152 5894305 324106 44264 11259
0b001801 0b001101 10043 100 2097152 6104652 114637 48204 8376
0b000a01 0b000b01 10250 100 2097152 6109533 110085 44264 14506
0b001401 0b001501 10302 100 2097152 5846108 373391 44264 9332
0b001a01 0b001b01 10303 100 2097152 5822589 400489 44264 11258
0b001d01 0b001e01 10305 100 2097152 5851747 372571 44264 8381
0b001c01 0b001d01 10304 100 2097152 5884562 339956 44264 8860
0b001301 0b001401 10305 100 2097152 5953473 271860 44264 8851
0b001201 0b001301 10304 100 2097152 5835203 391025 44264 8850
0b000a01 0b000301 10039 100 2097152 6140206 88054 48204 13114
0b001c01 0b001d01 10305 100 2097152 5889315 339824 44264 7900
0b001b01 0b001c01 10304 100 2097152 5903705 326107 44264 8859
0b001b01 0b001c01 10305 100 2097152 5905311 326042 44264 7899
0b000a01 0b000b01 10251 100 2097152 6139215 95234 44264 13578
0b001e01 0b001f01 10304 100 2097152 5875869 359911 44264 8862
0b001601 0b001701 10303 100 2097152 5846926 388995 44264 9814
0b001f01 0b001801 10302 100 2097152 5864350 373500 44264 9823
0b001001 0b001101 10304 100 2097152 5863520 376197 44264 10768
0b001601 0b001701 10304 100 2097152 5852612 390350 44264 10294
0b001001 0b001101 10305 100 2097152 5867016 376046 44264 7888
0b001f01 0b001801 10303 100 2097152 5868772 377790 44264 10303
0b001401 0b001501 10303 100 2097152 5860849 390181 44264 7892
0b001401 0b001501 10304 100 2097152 5861378 390554 44264 8852
0b001201 0b001301 10305 100 2097152 5874147 383960 44264 8370
0b001a01 0b001301 10043 100 2097152 6195442 63278 48204 9338
0b001a01 0b001b01 10304 100 2097152 5862031 400428 44264 8378
0b001701 0b001001 10305 100 2097152 5938021 324821 44264 9335
0b001f01 0b001801 10304 100 2097152 5882947 384802 44264 11263
0b001f01 0b001801 10305 100 2097152 5884024 384958 44264 10783
0b000b01 0b000401 10037 100 2097152 5859570 411599 180639 13563
0b000b01 0b000c01 10250 100 2097152 6201854 69862 44264 14987
0b000b01 0b000401 10038 100 2097152 5859580 415469 180639 13579
0b001e01 0b001f01 10305 100 2097152 5908820 368916 44264 10782
0b001801 0b001901 10306 100 2097152 5950761 328400 44264 8856
0b000901 0b000201 10038 100 2097152 5792977 494585 180639 12617
0b001701 0b001001 10306 100 2097152 5968844 320949 44264 8855
0b000b01 0b000c01 10251 100 2097152 6222628 69686 44264 14523
0b001a01 0b001b01 10305 100 2097152 5895515 396843 44264 10778
0b001f01 0b001801 10306 100 2097152 5909897 383268 44264 8863
0b000301 0b000401 10218 100 2097152 4444081 1854288 176699 12995
0b000901 0b000201 10036 100 2097152 5701879 596787 180639 12585
0b001401 0b001501 10305 100 2097152 5913648 405407 44264 9812
0b001401 0b001501 10306 100 2097152 5916523 405349 44264 11252
0b001e01 0b001f01 10306 100 2097152 5960023 376343 44264 8878
0b001901 0b001201 10044 100 2097152 6282171 60392 48204 8873
0b000c01 0b000d01 10250 100 2097152 6274726 69219 44264 15004
0b000501 0b000601 10218 100 2097152 4407933 1940063 176699 13957
0b001901 0b001a01 10306 100 2097152 6020797 332829 44264 9817
0b001c01 0b001d01 10306 100 2097152 6003772 352515 44264 11260
0b001601 0b001701 10305 100 2097152 5953287 405902 44264 10774
0b000c01 0b000d01 10251 100 2097152 6295324 69175 44264 14540
0b001301 0b001401 10306 100 2097152 6066466 302513 44264 10291
0b000f01 0b000001 10039 100 2097152 6195149 180234 180639 11679
0b000901 0b000201 10037 100 2097152 5792967 588539 180639 12601
0b001101 0b001201 10306 100 2097152 6114380 267840 44264 9329
0b001501 0b001601 10306 100 2097152 6084395 298202 44264 11253
0b001101 0b001201 10307 100 2097152 6121597 269115 44264 9809
0b000d01 0b000e01 10251 100 2097152 6346955 44962 44264 15021
0b001601 0b001701 10306 100 2097152 5990596 409430 44264 10790
0b001b01 0b001c01 10306 100 2097152 6075816 327850 44264 10779
0b001301 0b001401 10307 100 2097152 6101965 308441 44264 10771
0b001601 0b001701 10307 100 2097152 6002921 407886 44264 8374
0b001501 0b001601 10307 100 2097152 6110171 302548 44264 10309
0b001401 0b001501 10307 100 2097152 6028201 384694 44264 10772
0b001501 0b001601 10308 100 2097152 6111500 302606 44264 7893
0b001001 0b001101 10306 100 2097152 6033919 386582 44264 9328
0b001401 0b001d01 10044 100 2097152 6371989 49445 48204 10308
0b001e01 0b001f01 10307 100 2097152 6058566 363887 44264 10798
0b001201 0b001b01 10044 100 2097152 6385230 48641 48204 9346
0b000b01 0b000401 10039 100 2097152 6237459 196618 180639 13595
0b001d01 0b001e01 10306 100 2097152 6044952 390073 44264 11261
0b001d01 0b001e01 10307 100 2097152 6048567 390419 44264 10317
0b000901 0b000201 10039 100 2097152 6039004 404342 180639 12633
0b001901 0b001a01 10307 100 2097152 6127106 319691 44264 10793
0b001f01 0b001801 10307 100 2097152 6086700 376710 44264 11279
0b001b01 0b001c01 10307 100 2097152 6128516 337279 44264 8875
0b001701 0b001001 10307 100 2097152 6155505 312942 44264 8375
0b001301 0b001401 10308 100 2097152 6166022 303653 44264 10787
0b001c01 0b001d01 10307 100 2097152 6116994 356518 44264 9356
0b001c01 0b001d01 10308 100 2097152 6117127 356562 44264 10780
0b001801 0b001901 10307 100 2097152 6148223 325911 44264 7912
0b001801 0b001901 10308 100 2097152 6152625 326438 44264 9336
0b001801 0b001901 10309 100 2097152 6152635 326429 44264 9352
0b001001 0b001101 10307 100 2097152 6092884 386582 44264 8848
0b001a01 0b001b01 10306 100 2097152 6071520 412885 44264 10298
0b001601 0b001f01 10044 100 2097152 6385607 100172 48204 11270
0b001701 0b001001 10308 100 2097152 6168315 317930 44264 9351
0b001e01 0b001f01 10308 100 2097152 6142193 345038 44264 9838
0b001901 0b001a01 10308 100 2097152 6168740 320135 44264 11273
0b001b01 0b001c01 10308 100 2097152 6148915 340887 44264 10299
0b001301 0b001401 10309 100 2097152 6187609 303521 44264 7907
0b001201 0b001301 10306 100 2097152 6087314 403980 44264 9810
0b001a01 0b001b01 10307 100 2097152 6078414 413520 44264 8874
0b000e01 0b000701 10039 100 2097152 6394927 99298 48204 15038
0b001301 0b001401 10310 100 2097152 6193549 302334 44264 11267
0b001201 0b001301 10307 100 2097152 6091781 405256 44264 10290
0b001101 0b001201 10308 100 2097152 6192538 310142 44264 10305
0b001501 0b001601 10309 100 2097152 6201454 301468 44264 8389
0b001701 0b001001 10309 100 2097152 6182738 320294 44264 8871
0b001601 0b001701 10308 100 2097152 6109714 398984 44264 7894
0b001d01 0b001e01 10308 100 2097152 6124073 385586 44264 7901
0b001101 0b001201 10309 100 2097152 6198060 314806 44264 9825
0b001b01 0b001c01 10309 100 2097152 6170497 343202 44264 7915
0b001701 0b001001 10310 100 2097152 6198447 319902 44264 11271
0b001a01 0b001b01 10308 100 2097152 6102476 416210 44264 9818
0b001301 0b001401 10311 100 2097152 6229238 289531 44264 8867
0b001001 0b001901 10044 100 2097152 6471457 50073 48204 8384
0b001f01 0b001801 10308 100 2097152 6141430 381671 44264 8383
0b001f01 0b001801 10309 100 2097152 6142975 381711 44264 9359
0b001501 0b001601 10310 100 2097152 6222509 303315 44264 9349
0b001e01 0b001f01 10309 100 2097152 6185802 340791 44264 7902
0b001501 0b001e01 10044 100 2097152 6415905 112131 48204 10789
0b001c01 0b001d01 10309 100 2097152 6178957 351853 44264 9836
0b001901 0b001a01 10309 100 2097152 6198485 332454 44264 9337
0b001101 0b001201 10310 100 2097152 6212828 318519 44264 11265
0b001101 0b001a01 10044 100 2097152 6482476 49822 48204 8865
0b001b01 0b001c01 10310 100 2097152 6194016 340632 44264 9355
0b001301 0b001401 10312 100 2097152 6261117 273580 44264 8387
0b001301 0b001401 10313 100 2097152 6261730 273144 44264 9347
0b001a01 0b001b01 10309 100 2097152 6123288 414103 44264 8394
0b001101 0b001201 10311 100 2097152 6222299 316617 44264 8385
0b001e01 0b001f01 10310 100 2097152 6203958 337750 44264 9358
0b001201 0b001301 10308 100 2097152 6125869 415999 44264 10786
0b001401 0b001501 10308 100 2097152 6154407 387676 44264 9348
0b001c01 0b001d01 10310 100 2097152 6194668 352162 44264 8396
0b001001 0b001101 10308 100 2097152 6152242 394777 44264 10784
0b000d01 0b000601 10039 100 2097152 6367509 180255 180639 14557
0b001401 0b001501 10309 100 2097152 6157972 389413 44264 7908
0b001101 0b001201 10312 100 2097152 6242727 306424 44264 10785
0b001101 0b001201 10313 100 2097152 6246072 304004 44264 7905
0b001701 0b001001 10311 100 2097152 6238931 312859 44264 9831
0b001e01 0b001f01 10311 100 2097152 6218944 333874 44264 10318
0b001501 0b001601 10311 100 2097152 6254040 298788 44264 7909
0b001601 0b001701 10309 100 2097152 6155853 397052 44264 9350
0b001e01 0b001f01 10312 100 2097152 6219407 333725 44264 8382
0b001d01 0b001e01 10309 100 2097152 6168778 384803 44264 9357
0b001501 0b001601 10312 100 2097152 6254942 298678 44264 8869
0b001901 0b001a01 10310 100 2097152 6209882 343762 44264 9833
0b001901 0b001a01 10311 100 2097152 6210602 344121 44264 8393
0b001701 0b001001 10312 100 2097152 6245972 309871 44264 10311
0b001e01 0b001f01 10313 100 2097152 6227328 329325 44264 8398
0b001d01 0b001601 10044 100 2097152 6476699 82133 48204 10797
0b001a01 0b001b01 10310 100 2097152 6147673 411816 44264 7914
0b001901 0b001a01 10312 100 2097152 6215976 344028 44264 10313
0b001301 0b001c01 10044 100 2097152 6494304 66768 48204 9827
0b001401 0b001501 10310 100 2097152 6170231 392138 44264 11268
0b001b01 0b001c01 10311 100 2097152 6226088 336553 44264 11275
0b001901 0b001a01 10313 100 2097152 6219937 342928 44264 7913
0b001001 0b001101 10309 100 2097152 6168927 398935 44264 10304
0b001c01 0b001501 10044 100 2097152 6492812 75693 48204 10316
0b001201 0b001301 10309 100 2097152 6145427 426150 44264 10306
0b001201 0b001301 10310 100 2097152 6146198 426436 44264 11266
0b001c01 0b001d01 10311 100 2097152 6221421 351331 44264 11276
0b001801 0b001901 10310 100 2097152 6240860 332484 44264 9832
0b001d01 0b001e01 10310 100 2097152 6188799 385577 44264 8397
0b001601 0b001701 10310 100 2097152 6175104 400906 44264 8390
0b001e01 0b001701 10044 100 2097152 6438035 139062 48204 11278
0b001601 0b001701 10311 100 2097152 6179725 401346 44264 9830
0b001801 0b001101 10044 100 2097152 6526111 55182 48204 8392
0b001401 0b001501 10311 100 2097152 6190586 392045 44264 8388
0b001601 0b001701 10312 100 2097152 6181287 401369 44264 8870
0b001801 0b001901 10311 100 2097152 6249572 334201 44264 10312
0b001c01 0b001d01 10312 100 2097152 6232822 353483 44264 8876
0b001001 0b001101 10310 100 2097152 6185877 400686 44264 7904
0b001401 0b001501 10312 100 2097152 6195618 391172 44264 9828
0b001c01 0b001d01 10313 100 2097152 6234363 353504 44264 7916
0b001001 0b001101 10311 100 2097152 6188139 400405 44264 9824
0b001701 0b001801 10044 100 2097152 6511708 77162 48204 7911
0b001b01 0b001401 10044 100 2097152 6521696 68075 48204 9835
0b001a01 0b001301 10044 100 2097152 6533949 60433 48204 9354
0b001001 0b001101 10312 100 2097152 6204419 398030 44264 11264
0b001801 0b001901 10312 100 2097152 6270759 332616 44264 11272
0b001801 0b001901 10313 100 2097152 6271992 332264 44264 10792
0b001f01 0b001001 10044 100 2097152 6529603 76718 48204 7919
0b001b01 0b001c01 10312 100 2097152 6265469 341833 44264 8395
0b001d01 0b001e01 10311 100 2097152 6217184 391257 44264 9837
0b001501 0b001601 10313 100 2097152 6322065 287426 44264 9829
0b001501 0b001601 10314 100 2097152 6324882 287074 44264 11269
0b001601 0b001701 10313 100 2097152 6218362 394047 44264 10310
0b001401 0b001501 10313 100 2097152 6228343 385002 44264 8868
0b001f01 0b001801 10310 100 2097152 6213785 401078 44264 9839
0b001801 0b001901 10314 100 2097152 6296175 321374 44264 8872
0b001a01 0b001b01 10311 100 2097152 6193175 424777 44264 11274
0b001a01 0b001b01 10312 100 2097152 6194121 424932 44264 10794
0b001f01 0b001801 10311 100 2097152 6217503 401959 44264 10319
0b001201 0b001301 10311 100 2097152 6186151 433411 44264 8386
0b001301 0b001401 10314 100 2097152 6500047 123746 44264 10307
0b001d01 0b001e01 10312 100 2097152 6227528 396754 44264 8877
0b001a01 0b001b01 10313 100 2097152 6200023 424398 44264 10314
0b001d01 0b001e01 10313 100 2097152 6232149 398095 44264 7917
0b001201 0b001301 10312 100 2097152 6197596 435848 44264 7906
0b001101 0b001201 10314 100 2097152 6423511 213548 44264 9345
0b001b01 0b001c01 10313 100 2097152 6295368 342505 44264 10795
0b001f01 0b001801 10312 100 2097152 6238790 402013 44264 8879
0b000301 0b000401 10219 100 2097152 4633261 2009628 176699 13011
0b001201 0b001301 10313 100 2097152 6210400 435721 44264 8866
0b001001 0b001101 10313 100 2097152 6265852 395821 44264 9344
0b001601 0b001f01 10045 100 2097152 6614966 48108 48204 11286
0b000701 0b000001 10219 100 2097152 4649534 2019184 176699 14935
0b001901 0b001201 10045 100 2097152 6620559 49198 48204 8889
0b001401 0b001d01 10045 100 2097152 6626803 48108 48204 10324
0b001701 0b001001 10313 100 2097152 6362199 319589 44264 10791
0b001001 0b001101 10314 100 2097152 6292803 392460 44264 8864
0b001f01 0b001801 10313 100 2097152 6280746 406962 44264 10799
0b001201 0b001b01 10045 100 2097152 6640069 49376 48204 9362
0b000201 0b000301 10218 100 2097152 4429491 2284145 176699 12514
0b001701 0b001001 10314 100 2097152 6403036 325393 44264 10807
0b001101 0b001a01 10045 100 2097152 6688273 48108 48204 8881
0b001e01 0b001f01 10314 100 2097152 6441996 294415 44264 10334
0b001701 0b001001 10315 100 2097152 6413817 324007 44264 8391
0b001801 0b001901 10315 100 2097152 6466420 279381 44264 11288
0b001c01 0b001d01 10314 100 2097152 6406676 348797 44264 10796
0b001301 0b001401 10315 100 2097152 6544878 213741 44264 10803
0b001f01 0b001801 10314 100 2097152 6339376 424215 44264 8895
0b001a01 0b001b01 10314 100 2097152 6356636 409818 44264 9834
0b001d01 0b001e01 10314 100 2097152 6359297 407858 44264 11277
0b001201 0b001301 10314 100 2097152 6345573 441921 44264 8882
0b001001 0b001901 10045 100 2097152 6740864 48108 48204 8400
0b001101 0b001201 10315 100 2097152 6550029 241590 44264 10801
0b001601 0b001701 10314 100 2097152 6415729 378136 44264 10326
0b001601 0b001701 10315 100 2097152 6417116 378136 44264 7910
0b001b01 0b001c01 10314 100 2097152 6436881 358715 44264 9371
0b000101 0b000201 10219 100 2097152 4842889 1956718 176699 12049
0b001401 0b001501 10314 100 2097152 6413416 389072 44264 10788
0b001d01 0b001601 10045 100 2097152 6758513 49693 48204 10813
0b001801 0b001901 10316 100 2097152 6527696 281734 44264 9368
0b001e01 0b001f01 10315 100 2097152 6512669 298591 44264 7918
0b001c01 0b001d01 10315 100 2097152 6468805 342531 44264 8892
0b001b01 0b001401 10045 100 2097152 6769494 48108 48204 9851
0b001e01 0b001701 10045 100 2097152 6770165 54656 48204 11294
0b001d01 0b001e01 10315 100 2097152 6424444 401874 44264 10333
0b001e01 0b001f01 10316 100 2097152 6531046 296608 44264 10814
0b000501 0b000601 10219 100 2097152 4650694 2177692 176699 13973
0b001901 0b001a01 10314 100 2097152 6477144 353535 44264 7929
0b001201 0b001301 10315 100 2097152 6393722 440988 44264 9826
0b001901 0b001a01 10315 100 2097152 6482073 355668 44264 9353
0b001901 0b001a01 10316 100 2097152 6482083 355659 44264 9369
0b001b01 0b001c01 10315 100 2097152 6487415 361862 44264 10315
0b001a01 0b001b01 10315 100 2097152 6449807 401493 44264 10810
0b001501 0b001601 10315 100 2097152 6545093 308212 44264 9365
0b001e01 0b001f01 10317 100 2097152 6556591 296716 44264 9374
0b001101 0b001201 10316 100 2097152 6570872 283316 44264 10321
0b001501 0b001e01 10045 100 2097152 6805498 48694 48204 10805
0b001b01 0b001c01 10316 100 2097152 6494944 361884 44264 8891
0b001301 0b001401 10316 100 2097152 6574587 282645 44264 10323
0b001c01 0b001d01 10316 100 2097152 6516709 341606 44264 7932
0b001301 0b001401 10317 100 2097152 6575644 283701 44264 11283
0b001501 0b001601 10316 100 2097152 6550395 309247 44264 7925
0b001001 0b001101 10315 100 2097152 6489255 373161 44264 9360
0b001f01 0b001801 10315 100 2097152 6425463 438989 44264 10815
0b001801 0b001901 10317 100 2097152 6591880 277131 44264 7928
0b001601 0b001701 10316 100 2097152 6505932 367364 44264 8406
0b001701 0b001801 10045 100 2097152 6798292 77943 48204 7927
0b001001 0b001101 10316 100 2097152 6506042 371005 44264 8880
0b001c01 0b001d01 10317 100 2097152 6537658 339534 44264 9372
0b001501 0b001601 10317 100 2097152 6565379 311864 44264 11285
0b001d01 0b001e01 10316 100 2097152 6476522 401154 44264 9373
0b001401 0b001501 10315 100 2097152 6472685 405273 44264 10804
0b001101 0b001201 10317 100 2097152 6584303 294401 44264 8401
0b001901 0b001a01 10317 100 2097152 6524540 355821 44264 8409
0b001501 0b001601 10318 100 2097152 6571515 310661 44264 10325
0b001701 0b001001 10316 100 2097152 6555915 326550 44264 9367
0b001e01 0b001f01 10318 100 2097152 6577386 306770 44264 8414
0b001101 0b001201 10318 100 2097152 6589573 295732 44264 7921
0b000601 0b000701 10218 100 2097152 4455142 2430775 176699 14438
0b001a01 0b001b01 10316 100 2097152 6491885 394026 44264 11290
0b001301 0b001401 10318 100 2097152 6597392 289124 44264 9363
0b001101 0b001201 10319 100 2097152 6591554 295336 44264 9841
0b001001 0b001101 10317 100 2097152 6521359 366318 44264 11280
0b001501 0b001601 10319 100 2097152 6585641 303619 44264 8405
0b001501 0b001601 10320 100 2097152 6589800 300649 44264 9845
0b001f01 0b001001 10045 100 2097152 6814270 77488 48204 7935
0b001501 0b001601 10321 100 2097152 6616355 277637 44264 8885
0b001101 0b001201 10320 100 2097152 6605459 289269 44264 11281
0b001601 0b001701 10317 100 2097152 6528834 369600 44264 9366
0b001c01 0b001d01 10318 100 2097152 6564082 334891 44264 9852
0b001c01 0b001d01 10319 100 2097152 6565651 334334 44264 11292
0b001b01 0b001c01 10317 100 2097152 6540401 362170 44264 8411
0b001401 0b001501 10316 100 2097152 6494140 409365 44264 7924
0b001801 0b001901 10318 100 2097152 6617873 288516 44264 9848
0b001301 0b001401 10319 100 2097152 6622572 284118 44264 8403
0b001401 0b001501 10317 100 2097152 6498893 409369 44264 11284
0b001001 0b001101 10318 100 2097152 6554800 355714 44264 9840
0b001001 0b001101 10319 100 2097152 6558853 354038 44264 10320
0b001801 0b001901 10319 100 2097152 6622472 290782 44264 10328
0b001301 0b001401 10320 100 2097152 6636454 278487 44264 7923
0b001301 0b001c01 10045 100 2097152 6837750 80595 48204 9843
0b001301 0b001401 10321 100 2097152 6649131 270035 44264 8883
0b001b01 0b001c01 10318 100 2097152 6562499 362249 44264 7931
0b001e01 0b001f01 10319 100 2097152 6611451 313626 44264 9854
0b001a01 0b001b01 10317 100 2097152 6535308 391105 44264 8890
0b001101 0b001201 10321 100 2097152 6664683 262350 44264 9361
0b001601 0b001f01 10046 100 2097152 6880253 49906 48204 11302
0b001101 0b001a01 10046 100 2097152 6880057 50285 48204 8897
0b001401 0b001501 10318 100 2097152 6521779 408821 44264 8884
0b001601 0b001701 10318 100 2097152 6555838 375984 44264 7926
0b001701 0b001001 10317 100 2097152 6579020 353500 44264 8407
0b001601 0b001701 10319 100 2097152 6556630 376073 44264 8886
0b001c01 0b001d01 10320 100 2097152 6610312 322836 44264 8412
0b001701 0b001001 10318 100 2097152 6580107 354178 44264 11287
0b001801 0b001901 10320 100 2097152 6643813 290782 44264 8888
0b001a01 0b001301 10045 100 2097152 6840751 95108 48204 9370
0b001a01 0b001301 10046 100 2097152 6840761 95102 48204 9386
0b001501 0b001e01 10046 100 2097152 6880968 56313 48204 10821
0b001601 0b001701 10320 100 2097152 6561842 375614 44264 10806
0b001e01 0b001f01 10320 100 2097152 6627292 310986 44264 8894
0b001701 0b001001 10319 100 2097152 6584081 355224 44264 9847
0b001c01 0b001501 10045 100 2097152 6852317 87585 48204 10332
0b001701 0b001001 10320 100 2097152 6585666 355180 44264 8887
0b001001 0b001101 10320 100 2097152 6609331 332442 44264 7920
0b001e01 0b001f01 10321 100 2097152 6633254 308677 44264 7934
0b001301 0b001401 10322 100 2097152 6790504 151499 44264 8899
0b001401 0b001501 10319 100 2097152 6537707 407198 44264 8404
0b001401 0b001501 10320 100 2097152 6537884 407220 44264 9364
0b001d01 0b001e01 10317 100 2097152 6533820 412311 44264 9853
0b001f01 0b001801 10316 100 2097152 6488789 457433 44264 11295
0b001a01 0b001b01 10318 100 2097152 6556654 389868 44264 9850
0b001a01 0b001b01 10319 100 2097152 6557733 389581 44264 8410
0b001401 0b001d01 10046 100 2097152 6860242 87136 48204 10340
0b000701 0b000001 10220 100 2097152 4926575 2021475 176699 14951
0b001f01 0b001801 10317 100 2097152 6490241 458005 44264 9855
0b001a01 0b001b01 10320 100 2097152 6563014 387733 44264 10330
0b001a01 0b001b01 10321 100 2097152 6565875 386303 44264 7930
0b001201 0b001301 10316 100 2097152 6505690 450266 44264 10322
0b001901 0b001a01 10318 100 2097152 6576354 381703 44264 9849
0b001c01 0b001d01 10321 100 2097152 6640883 318534 44264 10812
0b001701 0b001001 10321 100 2097152 6615419 351410 44264 10327
0b001d01 0b001e01 10318 100 2097152 6549840 417240 44264 8413
0b001201 0b001301 10317 100 2097152 6515876 453545 44264 9842
0b001801 0b001901 10321 100 2097152 6690718 282849 44264 10808
0b001901 0b001a01 10319 100 2097152 6586783 389891 44264 10329
0b001601 0b001701 10321 100 2097152 6612501 370561 44264 9846
0b001201 0b001b01 10046 100 2097152 6930043 56817 48204 9378
0b001901 0b001201 10046 100 2097152 6937605 50031 48204 8905
0b001201 0b001301 10318 100 2097152 6534357 455393 44264 11282
0b001001 0b001901 10046 100 2097152 6935530 57455 48204 8416
0b001401 0b001501 10321 100 2097152 6592781 400614 44264 9844
0b001201 0b001301 10319 100 2097152 6541926 455459 44264 8402
0b001d01 0b001e01 10319 100 2097152 6575762 423021 44264 11293
0b001b01 0b001c01 10319 100 2097152 6620962 378189 44264 11291
0b001b01 0b001c01 10320 100 2097152 6622063 378629 44264 10811
0b001201 0b001301 10320 100 2097152 6552161 454465 44264 10802
0b001b01 0b001c01 10321 100 2097152 6627431 379400 44264 10331
0b001201 0b001301 10321 100 2097152 6553086 454135 44264 7922
0b001901 0b001a01 10320 100 2097152 6606385 400870 44264 11289
0b001901 0b001a01 10321 100 2097152 6607266 400980 44264 10809
0b001d01 0b001601 10046 100 2097152 6962427 48129 48204 10829
0b001d01 0b001e01 10320 100 2097152 6589315 424429 44264 8893
0b001d01 0b001e01 10321 100 2097152 6590877 424275 44264 7933
0b001001 0b001101 10321 100 2097152 6684798 331230 44264 10800
0b001701 0b001801 10046 100 2097152 6934832 84563 48204 7943
0b001f01 0b001801 10318 100 2097152 6544718 475073 44264 9375
0b000401 0b000501 10218 100 2097152 4477564 2543054 176699 13476
0b001b01 0b001401 10046 100 2097152 6949532 72039 48204 9867
0b001f01 0b001001 10046 100 2097152 6944941 84687 48204 7951
0b001f01 0b001801 10319 100 2097152 6555828 477495 44264 10335
0b001801 0b001901 10322 100 2097152 6766601 266748 44264 8904
0b001f01 0b001801 10320 100 2097152 6556142 477643 44264 8399
0b001f01 0b001801 10321 100 2097152 6559663 476895 44264 8415
0b001301 0b001c01 10046 100 2097152 6972431 71882 48204 9859
0b001e01 0b001701 10046 100 2097152 7001793 53593 48204 11310
0b001c01 0b001501 10046 100 2097152 7009841 49645 48204 10348
0b001001 0b001101 10322 100 2097152 6731439 335387 44264 10816
0b001b01 0b001c01 10322 100 2097152 6692455 378089 44264 9387
0b000301 0b000401 10220 100 2097152 4899883 2173858 176699 13027
0b001a01 0b001b01 10322 100 2097152 6739391 340889 44264 8906
0b001101 0b001201 10322 100 2097152 6865426 225608 44264 9377
0b001c01 0b001d01 10322 100 2097152 6798606 294061 44264 9388
0b001d01 0b001e01 10322 100 2097152 6677921 415887 44264 10349
0b001901 0b001201 10047 100 2097152 7036359 58493 48204 8921
0b001201 0b001301 10322 100 2097152 6672767 430401 44264 8898
0b001f01 0b001801 10322 100 2097152 6666084 450203 44264 11311
0b001e01 0b001f01 10322 100 2097152 6829328 293139 44264 10350
0b001101 0b001201 10323 100 2097152 6890687 231896 44264 11297
0b001801 0b001101 10045 100 2097152 7036825 91513 48204 8408
0b001501 0b001601 10322 100 2097152 6906515 222901 44264 7941
0b001801 0b001101 10046 100 2097152 7039568 91504 48204 8424
0b000101 0b000201 10220 100 2097152 5053731 2083261 176699 12065
0b001201 0b001b01 10047 100 2097152 7094044 48108 48204 9394
0b001701 0b001001 10322 100 2097152 6796875 348181 44264 10343
0b001801 0b001901 10323 100 2097152 6867462 279311 44264 10824
0b001901 0b001a01 10322 100 2097152 6748811 401124 44264 11305
0b001801 0b001901 10324 100 2097152 6879245 281081 44264 7944
0b001e01 0b001f01 10323 100 2097152 6857202 303458 44264 10830
0b001a01 0b001b01 10323 100 2097152 6833689 327380 44264 7946
0b001c01 0b001d01 10323 100 2097152 6859838 301470 44264 8908
0b001501 0b001601 10323 100 2097152 6911272 251409 44264 11301
0b000001 0b000101 10218 100 2097152 4579116 2589483 176699 11552
0b001301 0b001401 10323 100 2097152 6938869 229500 44264 9379
0b001301 0b001401 10324 100 2097152 6938879 229491 44264 9395
0b001101 0b001201 10324 100 2097152 6913524 256117 44264 9857
0b001101 0b001201 10325 100 2097152 6915901 257305 44264 10337
0b001701 0b001001 10323 100 2097152 6827831 348180 44264 11303
0b001401 0b001501 10322 100 2097152 6761629 416510 44264 10820
0b001f01 0b001801 10323 100 2097152 6739421 440543 44264 10351
0b001e01 0b001f01 10324 100 2097152 6880686 307408 44264 9390
0b001601 0b001701 10322 100 2097152 6811216 377973 44264 10822
0b001901 0b001a01 10323 100 2097152 6791982 399384 44264 8425
0b001a01 0b001b01 10324 100 2097152 6883371 320625 44264 8426
0b001101 0b001201 10326 100 2097152 6944783 261864 44264 7937
0b001901 0b001a01 10324 100 2097152 6812440 395295 44264 9385
0b001601 0b001f01 10047 100 2097152 7165691 49620 48204 11318
0b001701 0b001001 10324 100 2097152 6876306 339244 44264 8423
0b001c01 0b001d01 10324 100 2097152 6905581 310244 44264 8428
0b001001 0b001101 10323 100 2097152 6885475 333054 44264 9376
0b000201 0b000301 10219 100 2097152 4742092 2480860 176699 12530
0b001301 0b001401 10325 100 2097152 6958966 266825 44264 10339
0b001d01 0b001e01 10323 100 2097152 6814346 413340 44264 8909
0b001501 0b001601 10324 100 2097152 6933610 296001 44264 8901
0b001001 0b001101 10324 100 2097152 6894768 335730 44264 7936
0b001501 0b001e01 10047 100 2097152 7181149 49567 48204 10837
0b001701 0b001001 10325 100 2097152 6901444 332476 44264 9383
0b001c01 0b001d01 10325 100 2097152 6921355 313347 44264 9868
0b001201 0b001301 10323 100 2097152 6794629 441415 44264 10818
0b001b01 0b001c01 10323 100 2097152 6854310 385119 44264 10827
0b001c01 0b001d01 10326 100 2097152 6927758 312360 44264 7948
0b001601 0b001701 10323 100 2097152 6856315 385372 44264 9382
0b001501 0b001601 10325 100 2097152 6942912 302210 44264 10341
0b001401 0b001501 10323 100 2097152 6820612 425533 44264 9860
0b001801 0b001901 10325 100 2097152 6949232 298131 44264 11304
0b001601 0b001701 10324 100 2097152 6862652 385397 44264 7942
0b001a01 0b001b01 10325 100 2097152 6933352 315155 44264 8922
0b001801 0b001901 10326 100 2097152 6951256 298505 44264 9864
0b001501 0b001601 10326 100 2097152 6947915 302448 44264 8421
0b001501 0b001601 10327 100 2097152 6948114 302338 44264 9381
0b001901 0b001a01 10325 100 2097152 6872021 382957 44264 7945
0b001701 0b001001 10326 100 2097152 6935713 319271 44264 8903
0b001e01 0b001f01 10325 100 2097152 6940321 316902 44264 10846
0b001701 0b001001 10327 100 2097152 6940466 317709 44264 10823
0b001a01 0b001301 10047 100 2097152 7210745 48108 48204 9402
0b001001 0b001901 10047 100 2097152 7218560 48797 48204 8432
0b001e01 0b001f01 10326 100 2097152 6949141 323021 44264 9870
0b000501 0b000601 10220 100 2097152 4921519 2351053 176699 13989
0b001601 0b001701 10325 100 2097152 6885186 387821 44264 10342
0b001f01 0b001801 10324 100 2097152 6830664 443517 44264 10831
0b001501 0b001601 10328 100 2097152 6996405 278225 44264 9861
0b001401 0b001d01 10047 100 2097152 7228801 48108 48204 10356
0b001601 0b001701 10326 100 2097152 6892270 388089 44264 8422
0b001a01 0b001b01 10326 100 2097152 6961067 319741 44264 9866
0b001601 0b001701 10327 100 2097152 6893459 387891 44264 9862
0b001601 0b001701 10328 100 2097152 6897002 386989 44264 8902
0b001101 0b001201 10327 100 2097152 7019038 266687 44264 10817
0b001401 0b001501 10324 100 2097152 6862355 425569 44264 11300
0b001d01 0b001e01 10324 100 2097152 6861325 426981 44264 7949
0b001701 0b001001 10328 100 2097152 6986072 304483 44264 9863
0b001b01 0b001c01 10324 100 2097152 6888921 403273 44264 11307
0b001901 0b001a01 10326 100 2097152 6909399 384806 44264 9865
0b001501 0b001601 10329 100 2097152 7062496 232247 44264 10357
0b001301 0b001401 10326 100 2097152 6992760 302687 44264 11299
0b001001 0b001101 10325 100 2097152 6937295 360652 44264 11296
0b001e01 0b001f01 10327 100 2097152 6970090 328125 44264 8430
0b001701 0b001801 10047 100 2097152 7251059 48755 48204 7959
0b001901 0b001a01 10327 100 2097152 6916264 383947 44264 10345
0b001f01 0b001801 10325 100 2097152 6856317 446183 44264 9391
0b001a01 0b001b01 10327 100 2097152 6979684 324519 44264 10346
0b001001 0b001101 10326 100 2097152 6942315 364213 44264 9856
0b001301 0b001401 10327 100 2097152 7000395 306537 44264 8419
0b001001 0b001101 10327 100 2097152 6943856 364851 44264 8896
0b001c01 0b001d01 10327 100 2097152 7002161 308252 44264 11308
0b001c01 0b001d01 10328 100 2097152 7003702 308032 44264 10828
0b001d01 0b001e01 10325 100 2097152 6880202 431566 44264 9389
0b001401 0b001501 10325 100 2097152 6889526 422827 44264 9380
0b001301 0b001401 10328 100 2097152 7009636 306537 44264 10819
0b001301 0b001401 10329 100 2097152 7010231 306295 44264 7939
0b001201 0b001301 10324 100 2097152 6857198 461438 44264 10338
0b001b01 0b001401 10047 100 2097152 7283818 48108 48204 9883
0b001801 0b001901 10327 100 2097152 7022435 309835 44264 7960
0b001801 0b001901 10328 100 2097152 7022801 309778 44264 9384
0b001401 0b001501 10326 100 2097152 6909700 424288 44264 8420
0b001f01 0b001801 10326 100 2097152 6887166 448247 44264 8431
0b001c01 0b001d01 10329 100 2097152 7047323 289316 44264 9884
0b001101 0b001201 10328 100 2097152 7069866 267528 44264 10833
0b001d01 0b001e01 10326 100 2097152 6901983 436211 44264 9869
0b001001 0b001101 10328 100 2097152 6969839 368613 44264 10336
0b001d01 0b001e01 10327 100 2097152 6902995 436300 44264 11309
0b001a01 0b001b01 10328 100 2097152 7010265 329667 44264 11306
0b001a01 0b001b01 10329 100 2097152 7011256 329469 44264 10826
0b001401 0b001501 10327 100 2097152 6917951 426092 44264 7940
0b001801 0b001901 10329 100 2097152 7036333 308395 44264 10344
0b001901 0b001a01 10328 100 2097152 6976577 369716 44264 10825
0b001c01 0b001d01 10330 100 2097152 7073554 272941 44264 9404
0b001401 0b001501 10328 100 2097152 6922176 426048 44264 8900
0b001201 0b001301 10325 100 2097152 6881714 467397 44264 8418
0b001e01 0b001f01 10328 100 2097152 7016754 334450 44264 8910
0b001e01 0b001f01 10329 100 2097152 7018162 334429 44264 7950
0b001b01 0b001c01 10325 100 2097152 6929423 425199 44264 8907
0b001201 0b001301 10326 100 2097152 6888315 468057 44264 7938
0b001201 0b001301 10327 100 2097152 6889900 468013 44264 9858
0b000701 0b000001 10221 100 2097152 5179609 2179773 176699 14967
0b001101 0b001a01 10047 100 2097152 7311717 49222 48204 8913
0b001701 0b001001 10329 100 2097152 7058396 304407 44264 11319
0b001d01 0b001601 10047 100 2097152 7314744 48884 48204 10845
0b001201 0b001301 10328 100 2097152 6897738 465918 44264 11298
0b001901 0b001a01 10329 100 2097152 6995995 369483 44264 8441
0b001401 0b001501 10329 100 2097152 6945013 423210 44264 8916
0b001d01 0b001e01 10328 100 2097152 6936158 435065 44264 8429
0b001f01 0b001801 10327 100 2097152 6928087 446341 44264 9871
0b001301 0b001401 10330 100 2097152 7106178 272145 44264 8915
0b001f01 0b001801 10328 100 2097152 6933169 445660 44264 11327
0b001d01 0b001e01 10329 100 2097152 6950418 432927 44264 10365
0b001f01 0b001801 10329 100 2097152 6941288 443086 44264 8911
0b000601 0b000701 10219 100 2097152 4778634 2608587 176699 14454
0b001801 0b001101 10047 100 2097152 7338423 49789 48204 8440
0b001b01 0b001c01 10326 100 2097152 6950324 440203 44264 8427
0b001e01 0b001701 10047 100 2097152 7342305 50195 48204 11326
0b001b01 0b001c01 10327 100 2097152 6953757 441390 44264 10347
0b001601 0b001701 10329 100 2097152 7013566 382829 44264 10838
0b001b01 0b001c01 10328 100 2097152 6955188 441500 44264 7947
0b001001 0b001101 10329 100 2097152 7032638 367044 44264 7952
0b001501 0b001601 10330 100 2097152 7249155 151166 44264 9877
0b001f01 0b001001 10047 100 2097152 7355601 50833 48204 7967
0b001301 0b001c01 10047 100 2097152 7360923 48354 48204 9875
0b001101 0b001201 10329 100 2097152 7131348 278721 44264 8417
0b001101 0b001201 10330 100 2097152 7134082 279529 44264 8433
0b001801 0b001901 10330 100 2097152 7119297 298067 44264 11320
0b001c01 0b001d01 10331 100 2097152 7242439 179227 44264 10844
0b001e01 0b001f01 10330 100 2097152 7096818 325457 44264 10366
0b001201 0b001301 10329 100 2097152 6990646 435653 44264 8914
0b001b01 0b001c01 10329 100 2097152 6989870 438103 44264 9403
0b001c01 0b001501 10047 100 2097152 7398157 49529 48204 10364
0b001401 0b001501 10330 100 2097152 7024581 425531 44264 9876
0b000001 0b000101 10219 100 2097152 4726637 2729774 176699 11568
0b001d01 0b001601 10048 100 2097152 7424676 49061 48204 10861
0b001801 0b001901 10331 100 2097152 7182974 298609 44264 10360
0b001a01 0b001b01 10330 100 2097152 7152945 329117 44264 11322
0b001c01 0b001d01 10332 100 2097152 7295204 187714 44264 11324
0b001701 0b001001 10330 100 2097152 7192199 302895 44264 10839
0b001301 0b001401 10331 100 2097152 7239054 270878 44264 10835
0b001501 0b001601 10331 100 2097152 7290934 224232 44264 11317
0b001a01 0b001b01 10331 100 2097152 7194376 328189 44264 8442
0b001b01 0b001c01 10330 100 2097152 7083290 440700 44264 8923
0b001101 0b001201 10331 100 2097152 7221539 304955 44264 9393
0b001001 0b001101 10330 100 2097152 7148066 380652 44264 10352
0b001d01 0b001e01 10330 100 2097152 7095677 437035 44264 9405
0b001301 0b001401 10332 100 2097152 7261863 270906 44264 9411
0b001901 0b001a01 10330 100 2097152 7149783 384202 44264 10841
0b001601 0b001701 10330 100 2097152 7132426 402644 44264 7958
0b001101 0b001201 10332 100 2097152 7233508 308853 44264 7953
0b001201 0b001301 10330 100 2097152 7097862 445068 44264 8930
0b001901 0b001a01 10331 100 2097152 7163336 385896 44264 7961
0b001f01 0b001801 10330 100 2097152 7125477 427818 44264 10367
0b001e01 0b001f01 10331 100 2097152 7230696 324442 44264 8926
0b001701 0b001001 10331 100 2097152 7244697 310462 44264 9399
0b001e01 0b001f01 10332 100 2097152 7233726 324514 44264 10862
0b001001 0b001101 10331 100 2097152 7179021 380854 44264 11312
0b001601 0b001f01 10048 100 2097152 7518176 49383 48204 11334
0b001201 0b001301 10331 100 2097152 7125593 447478 44264 11314
0b001801 0b001901 10332 100 2097152 7277191 297545 44264 10840
0b001201 0b001b01 10048 100 2097152 7529504 48108 48204 9410
0b000501 0b000601 10221 100 2097152 5190960 2391900 176699 14005
0b001c01 0b001d01 10333 100 2097152 7357632 225105 44264 8924
0b000401 0b000501 10219 100 2097152 4767450 2818336 176699 13492
0b001701 0b001801 10048 100 2097152 7538080 49356 48204 7975
0b001a01 0b001b01 10332 100 2097152 7257988 330608 44264 7962
0b001401 0b001501 10331 100 2097152 7171379 423437 44264 9396
0b001401 0b001501 10332 100 2097152 7171389 423449 44264 9412
0b001301 0b001401 10333 100 2097152 7321646 273590 44264 10355
0b001b01 0b001c01 10331 100 2097152 7145162 450091 44264 9419
0b001701 0b001001 10332 100 2097152 7276017 320327 44264 10359
0b001501 0b001601 10332 100 2097152 7315363 281124 44264 9397
0b001801 0b001901 10333 100 2097152 7302824 299148 44264 7976
0b001f01 0b001801 10331 100 2097152 7163670 438672 44264 10847
0b001701 0b001001 10333 100 2097152 7283369 320346 44264 8439
0b001801 0b001901 10334 100 2097152 7305510 298822 44264 9400
0b001701 0b001001 10334 100 2097152 7284360 319972 44264 9879
0b001701 0b001001 10335 100 2097152 7287001 318454 44264 8919
0b001e01 0b001f01 10333 100 2097152 7291316 316578 44264 7966
0b001d01 0b001e01 10331 100 2097152 7164318 448237 44264 8925
0b001201 0b001301 10332 100 2097152 7172651 442309 44264 9874
0b001b01 0b001c01 10332 100 2097152 7164079 452075 44264 7963
0b001201 0b001301 10333 100 2097152 7176216 441230 44264 10354
0b001001 0b001101 10332 100 2097152 7236930 381020 44264 9392
0b001101 0b001201 10333 100 2097152 7300957 320152 44264 11313
0b001e01 0b001f01 10334 100 2097152 7314778 313978 44264 9406
0b001a01 0b001b01 10333 100 2097152 7297215 333445 44264 9882
0b001101 0b001201 10334 100 2097152 7309538 321560 44264 9873
0b001f01 0b001801 10332 100 2097152 7191104 443631 44264 9407
0b001a01 0b001b01 10334 100 2097152 7303221 332588 44264 10362
0b001201 0b001301 10334 100 2097152 7209657 428303 44264 7954
0b001701 0b001001 10336 100 2097152 7395510 242483 44264 11335
0b001701 0b001001 10337 100 2097152 7399405 239139 44264 10855
0b000301 0b000401 10221 100 2097152 5224378 2417775 176699 11539
0b000301 0b000401 10222 100 2097152 5224382 2417775 176699 12019
0b000301 0b000401 10223 100 2097152 5224386 2417775 176699 12499
0b000301 0b000401 10224 100 2097152 5224394 2417771 176699 13939
0b000301 0b000401 10225 100 2097152 5224482 2417947 176699 14419
0b000301 0b000401 10226 100 2097152 5224666 2417855 176699 14899
0b001301 0b001401 10334 100 2097152 7352121 292585 44264 8435
0b001601 0b001701 10331 100 2097152 7232621 412183 44264 8918
0b001001 0b001101 10333 100 2097152 7257994 386915 44264 8912
0b001e01 0b001f01 10335 100 2097152 7341204 306494 44264 9886
0b001401 0b001d01 10048 100 2097152 7598246 50239 48204 10372
0b001001 0b001101 10334 100 2097152 7261185 387581 44264 10832
0b001501 0b001601 10333 100 2097152 7336998 316580 44264 8437
0b001301 0b001401 10335 100 2097152 7359382 295489 44264 7955
0b001901 0b001a01 10332 100 2097152 7250373 405704 44264 11321
0b001b01 0b001c01 10333 100 2097152 7207006 449527 44264 8443
0b001c01 0b001d01 10334 100 2097152 7393537 263001 44264 8444
0b001001 0b001901 10048 100 2097152 7606725 50742 48204 8448
0b001901 0b001a01 10333 100 2097152 7252771 406167 44264 9881
0b001101 0b001201 10335 100 2097152 7341462 319236 44264 10353
0b001f01 0b001001 10048 100 2097152 7610904 50104 48204 7983
0b001601 0b001701 10332 100 2097152 7248132 413668 44264 10358
0b001301 0b001401 10336 100 2097152 7366666 295466 44264 11315
0b001f01 0b001801 10333 100 2097152 7218321 447967 44264 11343
0b001c01 0b001d01 10335 100 2097152 7399698 267005 44264 7964
0b001601 0b001701 10333 100 2097152 7253373 414368 44264 8438
0b001601 0b001701 10334 100 2097152 7253462 414280 44264 9398
0b001e01 0b001f01 10336 100 2097152 7374233 293706 44264 8446
0b001d01 0b001e01 10332 100 2097152 7218835 450665 44264 8445
0b001501 0b001601 10334 100 2097152 7347053 324083 44264 7957
0b000701 0b000001 10222 100 2097152 5354263 2319019 176699 14983
0b001e01 0b001f01 10337 100 2097152 7386355 286891 44264 10382
0b001a01 0b001b01 10335 100 2097152 7349303 326269 44264 10842
0b001501 0b001601 10335 100 2097152 7351234 324919 44264 8917
0b001901 0b001a01 10334 100 2097152 7270367 410154 44264 8457
0b001c01 0b001d01 10336 100 2097152 7412287 269465 44264 9900
0b001001 0b001101 10335 100 2097152 7293565 389216 44264 9872
0b001801 0b001901 10335 100 2097152 7377438 306565 44264 9880
0b000101 0b000201 10221 100 2097152 5277026 2408918 176699 12081
0b001601 0b001701 10335 100 2097152 7277640 409977 44264 9878
0b001801 0b001901 10336 100 2097152 7381839 307247 44264 11336
0b001201 0b001301 10335 100 2097152 7288735 401480 44264 10834
0b001a01 0b001b01 10336 100 2097152 7363949 327359 44264 8938
0b001d01 0b001e01 10333 100 2097152 7237712 454277 44264 9885
0b001501 0b001601 10336 100 2097152 7371233 321662 44264 8933
0b001801 0b001901 10337 100 2097152 7387384 306455 44264 8920
0b001a01 0b001b01 10337 100 2097152 7368488 326649 44264 8458
0b001b01 0b001c01 10334 100 2097152 7251517 444277 44264 8939
0b001101 0b001a01 10048 100 2097152 7647919 48413 48204 8929
0b001301 0b001c01 10048 100 2097152 7617970 78832 48204 9891
0b001d01 0b001e01 10334 100 2097152 7243128 454912 44264 7965
0b001c01 0b001d01 10337 100 2097152 7430983 268044 44264 9420
0b001101 0b001201 10336 100 2097152 7391222 314911 44264 8449
0b001601 0b001701 10336 100 2097152 7297753 413167 44264 10374
0b001b01 0b001401 10048 100 2097152 7633670 78426 48204 9899
0b001101 0b001201 10337 100 2097152 7402692 312043 44264 7969
0b001f01 0b001801 10334 100 2097152 7260233 455080 44264 10863
0b001301 0b001401 10337 100 2097152 7429309 287563 44264 8931
0b001401 0b001501 10333 100 2097152 7298457 420967 44264 11316
0b001201 0b001301 10336 100 2097152 7340404 383436 44264 10850
0b001f01 0b001801 10335 100 2097152 7275172 455146 44264 9887
0b001d01 0b001e01 10335 100 2097152 7279919 454448 44264 10381
0b001401 0b001501 10334 100 2097152 7309942 424729 44264 8436
0b001901 0b001201 10048 100 2097152 7696849 48108 48204 8937
0b001401 0b001501 10335 100 2097152 7319183 426621 44264 10836
0b001401 0b001501 10336 100 2097152 7319536 426489 44264 7956
0b001501 0b001601 10337 100 2097152 7450696 299725 44264 10373
0b001501 0b001601 10338 100 2097152 7453122 299412 44264 9893
0b001b01 0b001c01 10335 100 2097152 7307213 445452 44264 10363
0b001f01 0b001801 10336 100 2097152 7301225 452634 44264 8447
0b001401 0b001501 10337 100 2097152 7334936 423783 44264 9892
0b001d01 0b001e01 10336 100 2097152 7313423 450886 44264 11325
0b001e01 0b001f01 10338 100 2097152 7535722 229568 44264 9422
0b001901 0b001a01 10335 100 2097152 7335280 435938 44264 7977
0b001901 0b001a01 10336 100 2097152 7335589 435850 44264 9401
0b001001 0b001101 10336 100 2097152 7365813 408292 44264 11328
0b001901 0b001a01 10337 100 2097152 7347738 436176 44264 10361
0b001b01 0b001c01 10336 100 2097152 7342942 442284 44264 11323
0b000501 0b000601 10222 100 2097152 5351834 2434122 176699 14021
0b001b01 0b001c01 10337 100 2097152 7343735 442086 44264 10843
0b001601 0b001701 10337 100 2097152 7366638 419399 44264 10854
0b001d01 0b001e01 10337 100 2097152 7339649 446420 44264 9901
0b001d01 0b001e01 10338 100 2097152 7349505 444506 44264 9421
0b001201 0b001301 10337 100 2097152 7413079 383142 44264 8434
0b001201 0b001301 10338 100 2097152 7416621 382614 44264 8450
0b001401 0b001501 10338 100 2097152 7381333 418395 44264 8932
0b001f01 0b001801 10337 100 2097152 7354214 447984 44264 8927
0b001801 0b001101 10048 100 2097152 7756869 48108 48204 8456
0b001501 0b001e01 10048 100 2097152 7748814 56743 48204 10853
0b001c01 0b001d01 10338 100 2097152 7527000 281249 44264 8940
0b001101 0b001201 10338 100 2097152 7531728 280582 44264 10369
0b001e01 0b001701 10048 100 2097152 7767319 49445 48204 11342
0b001701 0b001001 10338 100 2097152 7647814 169760 44264 8935
0b001c01 0b001501 10048 100 2097152 7755675 64742 48204 10380
0b001a01 0b001301 10048 100 2097152 7774449 48108 48204 9418
0b001601 0b001701 10338 100 2097152 7403331 420327 44264 9894
0b000401 0b000d01 10032 100 2097152 7645175 180222 180639 13956
0b001001 0b001101 10337 100 2097152 7409444 415772 44264 7968
0b001301 0b001401 10338 100 2097152 7545940 284554 44264 8947
0b001101 0b001201 10339 100 2097152 7562885 281308 44264 11329
0b001a01 0b001b01 10338 100 2097152 7536995 307996 44264 10858
0b001e01 0b001f01 10339 100 2097152 7615565 232674 44264 8942
0b000601 0b000701 10220 100 2097152 5066339 2786406 176699 14470
0b001901 0b001a01 10338 100 2097152 7420374 434117 44264 11337
0b000401 0b000501 10220 100 2097152 5055575 2803103 176699 13508
0b001a01 0b001b01 10339 100 2097152 7552242 308353 44264 7978
0b000101 0b000201 10222 100 2097152 5338117 2525603 176699 11537
0b000101 0b000201 10223 100 2097152 5338133 2525588 176699 12977
0b000101 0b000201 10224 100 2097152 5338141 2525581 176699 13457
0b000101 0b000201 10225 100 2097152 5338149 2525574 176699 13937
0b000101 0b000201 10226 100 2097152 5338153 2525658 176699 14417
0b000101 0b000201 10227 100 2097152 5338161 2525654 176699 14897
0b001801 0b001901 10338 100 2097152 7556305 310537 44264 10376
0b001301 0b001401 10339 100 2097152 7576081 294542 44264 11331
0b000d01 0b000e01 10252 100 2097152 7828407 44164 44264 13981
0b001f01 0b001801 10338 100 2097152 7425285 451542 44264 10383
0b001501 0b001601 10339 100 2097152 7597826 289335 44264 9413
0b001501 0b001601 10340 100 2097152 7597848 289314 44264 9429
0b001601 0b001701 10339 100 2097152 7476747 412216 44264 10870
0b001101 0b001201 10340 100 2097152 7620960 273019 44264 9409
0b001c01 0b001d01 10339 100 2097152 7598263 296997 44264 9436
0b000301 0b000401 10227 100 2097152 5402728 2501121 176699 13043
0b001801 0b001901 10339 100 2097152 7590446 316573 44264 7992
0b001d01 0b001e01 10339 100 2097152 7485928 423350 44264 11341
0b001901 0b001a01 10339 100 2097152 7484593 424885 44264 10377
0b001c01 0b001d01 10340 100 2097152 7619164 296974 44264 7980
0b001101 0b001201 10341 100 2097152 7651776 266734 44264 10849
0b001b01 0b001c01 10338 100 2097152 7485072 433726 44264 11339
0b001201 0b001301 10339 100 2097152 7545371 373474 44264 7970
0b001301 0b001401 10340 100 2097152 7620456 298836 44264 10371
0b000e01 0b000f01 10252 100 2097152 7875581 44164 44264 13998
0b001801 0b001901 10340 100 2097152 7605352 317530 44264 10856
0b001401 0b001501 10339 100 2097152 7512942 411451 44264 10852
0b001001 0b001101 10338 100 2097152 7498104 426905 44264 10848
0b000201 0b000301 10220 100 2097152 5162557 2768151 176699 11538
0b000201 0b000301 10221 100 2097152 5162577 2768135 176699 12018
0b000201 0b000301 10222 100 2097152 5162669 2768047 176699 13458
0b000201 0b000301 10223 100 2097152 5162673 2768047 176699 13938
0b000201 0b000301 10224 100 2097152 5162677 2768047 176699 14418
0b000201 0b000301 10225 100 2097152 5162681 2768131 176699 14898
0b001e01 0b001f01 10340 100 2097152 7672510 263822 44264 8462
0b001301 0b001401 10341 100 2097152 7640970 298343 44264 7971
0b001101 0b001201 10342 100 2097152 7685791 257540 44264 9889
0b001401 0b001501 10340 100 2097152 7535779 409321 44264 9428
0b001c01 0b001d01 10341 100 2097152 7659543 290436 44264 8460
0b001801 0b001901 10341 100 2097152 7637745 317499 44264 9416
0b001701 0b001001 10339 100 2097152 7664810 294299 44264 10375
0b001b01 0b001c01 10339 100 2097152 7525575 433814 44264 8459
0b001201 0b001b01 10049 100 2097152 7896989 63299 48204 9426
0b001e01 0b001701 10049 100 2097152 7912288 49418 48204 11358
0b000f01 0b000801 10252 100 2097152 7922755 44164 44264 14015
0b001401 0b001d01 10049 100 2097152 7922302 50754 48204 10388
0b001501 0b001e01 10049 100 2097152 7927403 50061 48204 10869
0b001801 0b001901 10342 100 2097152 7669298 308497 44264 11352
0b001e01 0b001f01 10341 100 2097152 7694999 286170 44264 9902
0b001a01 0b001b01 10340 100 2097152 7659087 322755 44264 11338
0b001001 0b001101 10339 100 2097152 7558169 425893 44264 9408
0b000301 0b000c01 10032 100 2097152 7933726 50718 48204 13475
0b001a01 0b001b01 10341 100 2097152 7661948 323129 44264 9898
0b001701 0b001001 10340 100 2097152 7670751 314384 44264 8455
0b001701 0b001001 10341 100 2097152 7670752 314384 44264 9415
0b001c01 0b001d01 10342 100 2097152 7698804 290670 44264 8956
0b001e01 0b001f01 10342 100 2097152 7701050 289096 44264 7982
0b001c01 0b001d01 10343 100 2097152 7699812 290653 44264 9916
0b001301 0b001401 10342 100 2097152 7693225 302342 44264 10851
0b001a01 0b001b01 10342 100 2097152 7683531 321215 44264 8474
0b001601 0b001701 10340 100 2097152 7599497 406089 44264 9414
0b001901 0b001a01 10340 100 2097152 7577746 427951 44264 10857
0b000001 0b000101 10220 100 2097152 5060865 2947670 176699 11584
0b001801 0b001901 10343 100 2097152 7718323 292561 44264 10872
0b001201 0b001301 10340 100 2097152 7624119 389133 44264 11330
0b000801 0b000901 10252 100 2097152 7969929 44164 44264 14024
0b001d01 0b001e01 10340 100 2097152 7585747 429436 44264 8941
0b001101 0b001201 10343 100 2097152 7777115 239349 44264 11345
0b001b01 0b001c01 10340 100 2097152 7580622 437498 44264 9435
0b001801 0b001901 10344 100 2097152 7733328 285081 44264 9896
0b001a01 0b001b01 10343 100 2097152 7699342 320171 44264 8954
0b001701 0b001001 10342 100 2097152 7690627 330705 44264 9895
0b001f01 0b001801 10339 100 2097152 7558148 463387 44264 8943
0b001501 0b001601 10341 100 2097152 7722434 301951 44264 11333
0b000701 0b000001 10223 100 2097152 5485239 2539319 176699 12023
0b000701 0b000001 10224 100 2097152 5485243 2539583 176699 12503
0b001f01 0b001801 10340 100 2097152 7561250 463806 44264 10879
0b000701 0b000001 10225 100 2097152 5485247 2539931 176699 12983
0b000701 0b000001 10226 100 2097152 5485251 2540283 176699 13463
0b000701 0b000001 10227 100 2097152 5485255 2540547 176699 13943
0b000701 0b000001 10228 100 2097152 5485259 2540811 176699 14423
0b001201 0b001301 10341 100 2097152 7634108 392702 44264 9890
0b001301 0b001401 10343 100 2097152 7726850 300143 44264 10867
0b001e01 0b001f01 10343 100 2097152 7737377 290702 44264 10398
0b001b01 0b001c01 10341 100 2097152 7591606 438179 44264 7979
0b001001 0b001101 10340 100 2097152 7599354 430811 44264 10368
0b000c01 0b000d01 10252 100 2097152 7987454 44164 44264 13500
0b001f01 0b001801 10341 100 2097152 7570569 463071 44264 11359
0b001101 0b001201 10344 100 2097152 7807987 229844 44264 8465
0b001001 0b001101 10341 100 2097152 7607342 430744 44264 9888
0b001001 0b001101 10342 100 2097152 7608465 430502 44264 8928
0b001b01 0b001401 10049 100 2097152 7988087 51218 48204 9915
0b001001 0b001901 10049 100 2097152 7988145 51459 48204 8464
0b001901 0b001a01 10341 100 2097152 7604982 434802 44264 7993
0b001901 0b001a01 10342 100 2097152 7607342 435105 44264 9417
0b001501 0b001601 10342 100 2097152 7737681 305053 44264 8453
0b001f01 0b001001 10049 100 2097152 7993156 52204 48204 7999
0b000201 0b000b01 10032 100 2097152 7866731 180481 180639 12994
0b001501 0b001601 10343 100 2097152 7749035 303160 44264 7973
0b001601 0b001701 10341 100 2097152 7656588 396422 44264 8454
0b001101 0b001201 10345 100 2097152 7828226 224971 44264 7985
0b001701 0b001001 10343 100 2097152 7713930 340076 44264 10391
0b001401 0b001501 10341 100 2097152 7647716 406733 44264 8452
0b001801 0b001901 10345 100 2097152 7805208 250306 44264 8936
0b001c01 0b001d01 10344 100 2097152 7788236 272638 44264 11340
0b000901 0b000a01 10252 100 2097152 8017103 44164 44264 14041
0b001c01 0b001d01 10345 100 2097152 7788831 272484 44264 10860
0b001501 0b001601 10344 100 2097152 7761729 301119 44264 9909
0b001001 0b001101 10343 100 2097152 7641003 422785 44264 11344
0b001001 0b001101 10344 100 2097152 7641554 422587 44264 10864
0b001401 0b001501 10342 100 2097152 7657881 407789 44264 7972
0b001201 0b001301 10342 100 2097152 7663708 404141 44264 10370
0b000301 0b000401 10228 100 2097152 5601596 2469773 176699 13059
0b001401 0b001501 10343 100 2097152 7665142 407063 44264 11332
0b001601 0b001701 10342 100 2097152 7674146 398207 44264 7974
0b001e01 0b001f01 10344 100 2097152 7789079 286102 44264 9918
0b001601 0b001f01 10049 100 2097152 8027395 49267 48204 11350
0b001601 0b001701 10343 100 2097152 7679163 398735 44264 8934
0b000d01 0b000e01 10253 100 2097152 8034628 44164 44264 13517
0b001b01 0b001c01 10342 100 2097152 7638819 440467 44264 10379
0b001001 0b001101 10345 100 2097152 7664018 415370 44264 7984
0b001e01 0b001f01 10345 100 2097152 7797021 283441 44264 9438
0b001301 0b001c01 10049 100 2097152 8029820 52429 48204 9907
0b000101 0b000201 10228 100 2097152 5522693 2562579 176699 12097
0b000501 0b000601 10223 100 2097152 5536656 2548772 176699 11541
0b000501 0b000601 10224 100 2097152 5536660 2548772 176699 12021
0b000501 0b000601 10225 100 2097152 5536664 2548772 176699 12501
0b000501 0b000601 10226 100 2097152 5536668 2548772 176699 12981
0b000501 0b000601 10227 100 2097152 5536756 2548948 176699 13461
0b000501 0b000601 10228 100 2097152 5536764 2548944 176699 14901
0b001e01 0b001f01 10346 100 2097152 7808567 276846 44264 10878
0b001f01 0b001801 10342 100 2097152 7631766 456337 44264 9423
0b000201 0b000301 10226 100 2097152 5307200 2781792 176699 12546
0b000701 0b000001 10229 100 2097152 5577303 2511755 176699 14999
0b001a01 0b001b01 10344 100 2097152 7774228 315474 44264 7994
0b001301 0b001401 10344 100 2097152 7799231 291302 44264 8451
0b001301 0b001401 10345 100 2097152 7802245 290489 44264 8467
0b001601 0b001701 10344 100 2097152 7695905 397855 44264 8950
0b001801 0b001901 10346 100 2097152 7879837 214535 44264 10392
0b001901 0b001a01 10343 100 2097152 7660477 435659 44264 8473
0b000b01 0b000c01 10252 100 2097152 8050222 47037 44264 13019
0b001a01 0b001b01 10345 100 2097152 7786924 311913 44264 10378
0b001501 0b001601 10345 100 2097152 7802738 296749 44264 8949
0b001d01 0b001e01 10341 100 2097152 7651495 450838 44264 10397
0b001a01 0b001301 10049 100 2097152 8045457 57008 48204 9434
0b001301 0b001401 10346 100 2097152 7825567 278784 44264 9427
0b000a01 0b000b01 10252 100 2097152 8064277 45596 44264 14058
0b001f01 0b001801 10343 100 2097152 7650708 459814 44264 9903
0b001d01 0b001e01 10342 100 2097152 7659548 452554 44264 8461
0b001401 0b001501 10344 100 2097152 7715106 397218 44264 9908
0b000101 0b000201 10229 100 2097152 5628557 2484571 176699 12113
0b001501 0b001601 10346 100 2097152 7823427 290805 44264 10389
0b001d01 0b001601 10049 100 2097152 8064325 49956 48204 10877
0b001401 0b001501 10345 100 2097152 7719882 396623 44264 8948
0b001101 0b001a01 10049 100 2097152 8041977 78039 48204 8945
0b001b01 0b001c01 10343 100 2097152 7678582 443261 44264 10859
0b001d01 0b001e01 10343 100 2097152 7669713 452554 44264 7981
0b001701 0b001801 10049 100 2097152 8075363 48683 48204 7991
0b000e01 0b000f01 10253 100 2097152 8081802 44164 44264 13534
0b001901 0b001a01 10344 100 2097152 7687013 438978 44264 9897
0b001201 0b001301 10343 100 2097152 7709143 419008 44264 8466
0b001901 0b001a01 10345 100 2097152 7692096 438956 44264 11353
0b001f01 0b001801 10344 100 2097152 7670949 460144 44264 8463
0b001c01 0b001501 10049 100 2097152 8082296 49469 48204 10396
0b001d01 0b001e01 10344 100 2097152 7684762 451146 44264 9917
0b001f01 0b001801 10345 100 2097152 7676256 459678 44264 10399
0b001901 0b001201 10049 100 2097152 8058524 77777 48204 8953
0b001b01 0b001c01 10344 100 2097152 7694318 443146 44264 8955
0b001201 0b001301 10344 100 2097152 7717745 420109 44264 7986
0b001b01 0b001c01 10345 100 2097152 7698147 442684 44264 8475
0b000c01 0b000d01 10253 100 2097152 8100269 47176 44264 13036
0b001d01 0b001e01 10345 100 2097152 7702037 447951 44264 9437
0b001a01 0b001b01 10346 100 2097152 7857501 296213 44264 11354
0b000601 0b000701 10221 100 2097152 5290706 2865035 176699 14486
0b001601 0b001701 10345 100 2097152 7753431 402774 44264 10390
0b001701 0b001001 10344 100 2097152 7789047 367431 44264 10871
0b001601 0b001701 10346 100 2097152 7755544 402642 44264 9910
0b000b01 0b000c01 10253 100 2097152 8112883 45664 44264 14075
0b001c01 0b001d01 10346 100 2097152 7921808 241539 44264 11356
0b001101 0b001201 10346 100 2097152 7928019 237369 44264 10865
0b001301 0b001401 10347 100 2097152 7921855 244083 44264 7987
0b001201 0b001301 10345 100 2097152 7747967 423178 44264 8946
0b000f01 0b000801 10253 100 2097152 8128976 44164 44264 13551
0b001001 0b001101 10346 100 2097152 7820584 357479 44264 8944
0b001e01 0b001f01 10347 100 2097152 7980474 200683 44264 10894
0b000d01 0b000e01 10254 100 2097152 8150455 44164 44264 13053
0b001801 0b001101 10049 100 2097152 8134103 62790 48204 8472
0b001701 0b001001 10345 100 2097152 7819774 380202 44264 11351
0b000101 0b000201 10230 100 2097152 5708266 2496825 176699 12129
0b000101 0b000201 10231 100 2097152 5708276 2497167 176699 12145
0b000001 0b000901 10032 100 2097152 8027568 180383 180639 12032
0b001a01 0b001b01 10347 100 2097152 7912488 295764 44264 10394
0b001701 0b001001 10346 100 2097152 7826668 382219 44264 9911
0b000c01 0b000501 10040 100 2097152 8161557 48108 48204 14092
0b001c01 0b001d01 10347 100 2097152 7962399 251307 44264 8476
0b001f01 0b001801 10346 100 2097152 7768300 448071 44264 9439
0b000801 0b000901 10253 100 2097152 8176150 44588 44264 13560
0b001e01 0b001f01 10348 100 2097152 8018193 206282 44264 8958
0b000701 0b000001 10230 100 2097152 5780289 2446537 176699 15015
0b000701 0b000001 10231 100 2097152 5780399 2446783 176699 15031
0b001101 0b001a01 10050 100 2097152 8181073 48954 48204 8961
0b001501 0b001601 10347 100 2097152 7948110 287897 44264 9445
0b000e01 0b000f01 10254 100 2097152 8197629 44164 44264 13070
0b001201 0b001301 10346 100 2097152 7815320 428294 44264 10386
0b001401 0b001501 10346 100 2097152 7833504 413554 44264 8964
0b000701 0b000001 10232 100 2097152 5808511 2442831 176699 14439
0b001101 0b001201 10347 100 2097152 7987072 270678 44264 9425
0b001d01 0b001e01 10346 100 2097152 7811259 447441 44264 8957
0b001301 0b001401 10348 100 2097152 8016262 246464 44264 11347
0b000401 0b000501 10221 100 2097152 5157710 3111228 176699 11540
0b000601 0b000f01 10032 100 2097152 8088718 180222 180639 14918
0b000401 0b000501 10222 100 2097152 5157714 3111228 176699 12020
0b000401 0b000501 10223 100 2097152 5157802 3111228 176699 12500
0b000401 0b000501 10224 100 2097152 5157806 3111228 176699 12980
0b000401 0b000501 10225 100 2097152 5157814 3111224 176699 14420
0b000401 0b000501 10226 100 2097152 5157818 3111308 176699 14900
0b001701 0b001001 10347 100 2097152 7891973 382211 44264 10887
0b001201 0b001301 10347 100 2097152 7847203 428272 44264 11346
0b000901 0b000a01 10253 100 2097152 8210961 76318 44264 12057
0b001801 0b001901 10347 100 2097152 8024545 263202 44264 8952
0b001601 0b001701 10347 100 2097152 7890171 398084 44264 9430
0b001601 0b001701 10348 100 2097152 7890181 398075 44264 9446
0b001c01 0b001d01 10348 100 2097152 8021130 267289 44264 9452
0b001b01 0b001c01 10346 100 2097152 7848001 443385 44264 10875
0b001401 0b001501 10347 100 2097152 7873633 421479 44264 11348
0b001801 0b001901 10348 100 2097152 8028066 267844 44264 10888
0b001a01 0b001b01 10348 100 2097152 8008707 287942 44264 10874
0b000901 0b000a01 10254 100 2097152 8223748 76296 44264 13577
0b001001 0b001101 10347 100 2097152 7962119 338431 44264 10384
0b001c01 0b001d01 10349 100 2097152 8032795 268300 44264 7996
0b001f01 0b001801 10347 100 2097152 7851249 452335 44264 8959
0b000f01 0b000801 10254 100 2097152 8244803 61069 44264 13087
0b001b01 0b001c01 10347 100 2097152 7863605 444022 44264 7995
0b001901 0b001a01 10346 100 2097152 7869852 438771 44264 10393
0b001801 0b001901 10349 100 2097152 8036650 272377 44264 11368
0b000101 0b000201 10232 100 2097152 6086801 2223014 176699 11553
0b001201 0b001b01 10050 100 2097152 8260760 49080 48204 9442
0b000501 0b000e01 10032 100 2097152 8272048 48108 48204 14437
0b001101 0b001201 10348 100 2097152 8033175 287500 44264 10385
0b001001 0b001101 10348 100 2097152 7988146 335989 44264 9424
0b001101 0b001201 10349 100 2097152 8041096 290869 44264 9905
0b000101 0b000201 10233 100 2097152 6134796 2198584 176699 12161
0b001301 0b001401 10349 100 2097152 8070859 263130 44264 10387
0b000f01 0b000801 10255 100 2097152 8271950 62682 44264 14943
0b001201 0b001301 10348 100 2097152 7921520 413365 44264 10866
0b001a01 0b001b01 10349 100 2097152 8042794 296474 44264 8010
0b001901 0b001201 10050 100 2097152 8290757 48874 48204 8969
0b000001 0b000101 10221 100 2097152 5280556 3061023 176699 12496
0b000001 0b000101 10222 100 2097152 5280644 3060939 176699 12976
0b000001 0b000101 10223 100 2097152 5280648 3060939 176699 13456
0b000001 0b000101 10224 100 2097152 5280652 3060939 176699 13936
0b000001 0b000101 10225 100 2097152 5280656 3060939 176699 14416
0b000001 0b000101 10226 100 2097152 5280660 3060939 176699 14896
0b001701 0b001001 10348 100 2097152 7964716 378007 44264 11367
0b000501 0b000601 10229 100 2097152 5797804 2548464 176699 14037
0b001001 0b001101 10349 100 2097152 8024342 328838 44264 9904
0b001201 0b001301 10349 100 2097152 7946341 412238 44264 9906
0b001901 0b001a01 10347 100 2097152 7910029 448583 44264 8009
0b001e01 0b001f01 10349 100 2097152 8105343 255933 44264 10414
0b001501 0b001601 10348 100 2097152 8057459 304441 44264 8469
0b001c01 0b001d01 10350 100 2097152 8085259 278607 44264 9932
0b001401 0b001501 10348 100 2097152 7942323 423678 44264 7988
0b000a01 0b000b01 10253 100 2097152 8290289 76338 44264 12074
0b000001 0b000101 10227 100 2097152 5292536 3075019 176699 11600
0b000e01 0b000f01 10255 100 2097152 8323166 44660 44264 14462
0b001101 0b001201 10350 100 2097152 8066798 302111 44264 11361
0b001101 0b001201 10351 100 2097152 8067151 302176 44264 10881
0b001d01 0b001e01 10347 100 2097152 7898270 471456 44264 9453
0b000801 0b000901 10254 100 2097152 8308882 61755 44264 13096
0b001001 0b001101 10350 100 2097152 8048370 325293 44264 8000
0b001901 0b001a01 10348 100 2097152 7925892 450541 44264 10873
0b001e01 0b001f01 10350 100 2097152 8115112 263374 44264 8478
0b000a01 0b000b01 10254 100 2097152 8303054 76319 44264 13594
0b001001 0b001101 10351 100 2097152 8057016 323116 44264 10400
0b001501 0b001601 10349 100 2097152 8068680 312607 44264 7989
0b001301 0b001401 10350 100 2097152 8105475 277121 44264 9443
0b001101 0b001201 10352 100 2097152 8082398 300490 44264 8001
0b001801 0b001901 10350 100 2097152 8091113 294079 44264 9432
0b001401 0b001d01 10050 100 2097152 8336999 49266 48204 10404
0b001701 0b001001 10349 100 2097152 8008596 379163 44264 9431
0b001501 0b001601 10350 100 2097152 8075215 315159 44264 11349
0b001e01 0b001f01 10351 100 2097152 8125277 265860 44264 7998
0b000101 0b000a01 10032 100 2097152 8344589 48108 48204 12513
0b001f01 0b001801 10348 100 2097152 7939342 453575 44264 8479
0b001d01 0b001e01 10348 100 2097152 7919148 478342 44264 7997
0b000801 0b000901 10255 100 2097152 8337642 63212 44264 14952
0b001e01 0b001f01 10352 100 2097152 8138918 263488 44264 9934
0b001c01 0b001d01 10351 100 2097152 8124853 278614 44264 10876
0b001a01 0b001b01 10350 100 2097152 8099146 308050 44264 8490
0b001901 0b001a01 10349 100 2097152 7958254 449160 44264 9433
0b000401 0b000501 10227 100 2097152 5279591 3128767 176699 13524
0b001e01 0b001f01 10353 100 2097152 8152998 258825 44264 9454
0b001801 0b001901 10351 100 2097152 8113532 298945 44264 9912
0b000301 0b000401 10229 100 2097152 5933500 2479793 176699 13075
0b001c01 0b001d01 10352 100 2097152 8140474 273378 44264 8972
0b000201 0b000301 10227 100 2097152 5544604 2870416 176699 12562
0b000b01 0b000c01 10254 100 2097152 8369637 45482 44264 12091
0b001c01 0b001d01 10353 100 2097152 8143841 271464 44264 8492
0b000f01 0b000801 10256 100 2097152 8370836 45467 44264 14479
0b001b01 0b001c01 10348 100 2097152 7963298 456957 44264 9451
0b001301 0b001401 10351 100 2097152 8131161 289980 44264 8483
0b001301 0b001c01 10050 100 2097152 8361589 60976 48204 9923
0b001801 0b001901 10352 100 2097152 8127056 296246 44264 8008
0b000301 0b000401 10230 100 2097152 5957137 2466688 176699 13091
0b000301 0b000401 10231 100 2097152 5957163 2466838 176699 13107
0b001601 0b001701 10349 100 2097152 8045744 378727 44264 8470
0b001901 0b001a01 10350 100 2097152 7980805 445780 44264 11369
0b001401 0b001501 10349 100 2097152 7998577 428153 44264 10868
0b001801 0b001901 10353 100 2097152 8138944 290320 44264 10408
0b001301 0b001401 10352 100 2097152 8140864 289958 44264 8003
0b001601 0b001701 10350 100 2097152 8055205 378067 44264 7990
0b001201 0b001301 10350 100 2097152 8019474 413831 44264 11362
0b001501 0b001601 10351 100 2097152 8115334 318737 44264 9925
0b001701 0b001001 10350 100 2097152 8056020 378871 44264 8471
0b000901 0b000a01 10255 100 2097152 8373647 62709 44264 13113
0b001501 0b001601 10352 100 2097152 8119515 318737 44264 8965
0b000601 0b000701 10222 100 2097152 5427618 3011943 176699 11542
0b001601 0b001701 10351 100 2097152 8065858 376245 44264 9926
0b001a01 0b001b01 10351 100 2097152 8123026 319155 44264 8970
0b001d01 0b001e01 10349 100 2097152 7952989 489658 44264 8477
0b000a01 0b000b01 10255 100 2097152 8395707 47185 44264 12538
0b001f01 0b001801 10349 100 2097152 7984179 459216 44264 9919
0b001b01 0b001c01 10349 100 2097152 7984852 461654 44264 11355
0b000601 0b000701 10223 100 2097152 5427902 3019139 176699 12022
0b000601 0b000701 10224 100 2097152 5428274 3018771 176699 12502
0b001501 0b001601 10353 100 2097152 8134775 313598 44264 10405
0b001601 0b001f01 10050 100 2097152 8393384 55616 48204 11366
0b001a01 0b001b01 10352 100 2097152 8129001 320111 44264 9914
0b001801 0b001101 10050 100 2097152 8395927 54143 48204 8488
0b001f01 0b001001 10050 100 2097152 8394147 57200 48204 8015
0b001a01 0b001b01 10353 100 2097152 8134062 319407 44264 11370
0b000601 0b000701 10225 100 2097152 5428538 3025391 176699 12982
0b000601 0b000701 10226 100 2097152 5428542 3025391 176699 13462
0b000601 0b000701 10227 100 2097152 5428546 3025475 176699 13942
0b001801 0b001901 10354 100 2097152 8219381 235606 44264 9448
0b001201 0b001301 10351 100 2097152 8040841 415345 44264 8482
0b001901 0b001a01 10351 100 2097152 8013894 442840 44264 10889
0b001301 0b001401 10353 100 2097152 8174155 284396 44264 8963
0b001401 0b001501 10350 100 2097152 8030003 430923 44264 10884
0b001701 0b001001 10351 100 2097152 8080908 380807 44264 8951
0b001901 0b001a01 10352 100 2097152 8021419 441960 44264 9913
0b000c01 0b000d01 10254 100 2097152 8418129 45716 44264 12108
0b000801 0b000901 10256 100 2097152 8419313 46208 44264 14488
0b000901 0b000a01 10256 100 2097152 8403864 61683 44264 14969
0b001201 0b001301 10352 100 2097152 8056207 413861 44264 8002
0b001d01 0b001e01 10350 100 2097152 7976066 494302 44264 10413
0b001b01 0b001c01 10350 100 2097152 8007756 465334 44264 8491
0b001401 0b001501 10351 100 2097152 8042315 430844 44264 9924
0b001701 0b001001 10352 100 2097152 8096770 378827 44264 8967
0b001e01 0b001f01 10354 100 2097152 8261710 214076 44264 8974
0b001801 0b001901 10355 100 2097152 8306594 171406 44264 8968
0b001a01 0b001301 10050 100 2097152 8410424 68425 48204 9450
0b001901 0b001a01 10353 100 2097152 8042614 437006 44264 8489
0b001d01 0b001601 10050 100 2097152 8406477 73788 48204 10893
0b001601 0b001701 10352 100 2097152 8102497 379013 44264 8966
0b001001 0b001101 10352 100 2097152 8159488 322565 44264 10880
0b001d01 0b001e01 10351 100 2097152 7992484 494341 44264 8973
0b001d01 0b001e01 10352 100 2097152 7993475 494011 44264 9933
0b001b01 0b001c01 10351 100 2097152 8022523 465814 44264 8971
0b000b01 0b000c01 10255 100 2097152 8445902 45226 44264 12555
0b001101 0b001201 10353 100 2097152 8199903 295433 44264 8481
0b001f01 0b001801 10350 100 2097152 8031089 465991 44264 10415
0b001601 0b001701 10353 100 2097152 8117242 380659 44264 10406
0b001601 0b001701 10354 100 2097152 8117291 380611 44264 10886
0b001001 0b001901 10050 100 2097152 8437901 63819 48204 8480
0b001501 0b001601 10354 100 2097152 8250068 256261 44264 8981
0b000701 0b000001 10233 100 2097152 6497235 2011059 176699 15047
0b000d01 0b000e01 10255 100 2097152 8466855 45775 44264 12125
0b000901 0b000a01 10257 100 2097152 8468531 46170 44264 14505
0b000a01 0b000b01 10256 100 2097152 8468557 46262 44264 14986
0b000a01 0b000301 10040 100 2097152 8439366 76932 48204 13130
0b001b01 0b001401 10050 100 2097152 8452122 65404 48204 9931
0b001801 0b001901 10356 100 2097152 8446405 72938 44264 9928
0b001901 0b001a01 10354 100 2097152 8097382 424042 44264 10409
0b000501 0b000601 10230 100 2097152 5959698 2561978 176699 14053
0b001c01 0b001d01 10354 100 2097152 8294396 228331 44264 10892
0b001401 0b001501 10352 100 2097152 8093543 430657 44264 8468
0b000501 0b000601 10231 100 2097152 5959809 2564779 176699 14069
0b001501 0b001e01 10050 100 2097152 8429740 95675 48204 10885
0b001401 0b001501 10353 100 2097152 8095744 430635 44264 8484
0b001501 0b001601 10355 100 2097152 8298122 228787 44264 11365
0b001701 0b001001 10353 100 2097152 8159215 370076 44264 10407
0b001901 0b001201 10051 100 2097152 8481010 49265 48204 8985
0b001701 0b001001 10354 100 2097152 8161196 369856 44264 9927
0b001701 0b001801 10050 100 2097152 8436282 97049 48204 8007
0b000701 0b000801 10032 100 2097152 8442571 92944 48204 11559
0b001301 0b001401 10354 100 2097152 8246624 288821 44264 10403
0b001401 0b001501 10354 100 2097152 8107361 428175 44264 9444
0b001001 0b001101 10353 100 2097152 8202986 334406 44264 11360
0b001d01 0b001e01 10353 100 2097152 8063884 475285 44264 11357
0b000c01 0b000d01 10255 100 2097152 8494138 45164 44264 12572
0b001c01 0b001d01 10355 100 2097152 8310637 230349 44264 8012
0b001201 0b001301 10353 100 2097152 8139311 403340 44264 8962
0b001001 0b001101 10354 100 2097152 8211897 336980 44264 9920
0b000301 0b000401 10232 100 2097152 6042990 2512102 176699 12515
0b001f01 0b001801 10351 100 2097152 8078191 481194 44264 9935
0b001b01 0b001c01 10352 100 2097152 8092712 466686 44264 8011
0b001f01 0b001801 10352 100 2097152 8079672 481408 44264 11375
0b000e01 0b000f01 10256 100 2097152 8515640 45823 44264 12142
0b000b01 0b000401 10040 100 2097152 8382383 180604 180639 13611
0b000a01 0b000b01 10257 100 2097152 8517711 46176 44264 14522
0b001501 0b001e01 10051 100 2097152 8463936 99985 48204 10901
0b000b01 0b000c01 10256 100 2097152 8517829 46260 44264 15003
0b001f01 0b001801 10353 100 2097152 8083472 481150 44264 9455
0b001a01 0b001b01 10354 100 2097152 8233037 331681 44264 8986
0b000201 0b000301 10228 100 2097152 5577237 2989239 176699 12034
0b001501 0b001601 10356 100 2097152 8369011 198493 44264 8005
0b001b01 0b001c01 10353 100 2097152 8101847 465872 44264 10395
0b001301 0b001401 10355 100 2097152 8278485 289723 44264 11363
0b001f01 0b001801 10354 100 2097152 8088423 479764 44264 10895
0b001201 0b001301 10354 100 2097152 8168398 403360 44264 10882
0b001401 0b001501 10355 100 2097152 8168948 415147 44264 8004
0b000801 0b000901 10257 100 2097152 8538525 45889 44264 11576
0b000d01 0b000e01 10256 100 2097152 8542312 45117 44264 12589
0b001e01 0b001f01 10355 100 2097152 8372736 221379 44264 9470
0b000601 0b000701 10228 100 2097152 5493849 3100672 176699 14502
0b001801 0b001901 10357 100 2097152 8500090 96381 44264 10424
0b000501 0b000601 10232 100 2097152 6154131 2455685 176699 14085
0b000f01 0b000801 10257 100 2097152 8564473 45948 44264 12159
0b001401 0b001d01 10051 100 2097152 8538455 72759 48204 10420
0b000b01 0b000c01 10257 100 2097152 8566897 46172 44264 14539
0b000c01 0b000d01 10256 100 2097152 8567099 46256 44264 15020
0b001601 0b001f01 10051 100 2097152 8529919 83397 48204 11382
0b001001 0b001101 10355 100 2097152 8277194 337001 44264 10896
0b001601 0b001701 10355 100 2097152 8239017 375828 44264 9462
0b001b01 0b001c01 10354 100 2097152 8156724 462674 44264 11371
0b001d01 0b001601 10051 100 2097152 8525737 95152 48204 10909
0b001101 0b001201 10354 100 2097152 8303560 321281 44264 10401
0b001e01 0b001701 10050 100 2097152 8542179 82734 48204 11374
0b001d01 0b001e01 10354 100 2097152 8166357 460684 44264 11373
0b001301 0b001401 10356 100 2097152 8337895 289234 44264 10883
0b000901 0b000a01 10258 100 2097152 8587424 44164 44264 11593
0b001e01 0b001f01 10356 100 2097152 8400500 234584 44264 8014
0b000e01 0b000f01 10257 100 2097152 8590439 45114 44264 12606
0b001c01 0b001501 10050 100 2097152 8570729 67287 48204 10412
0b001701 0b001001 10355 100 2097152 8291265 352893 44264 9447
0b001701 0b001001 10356 100 2097152 8291275 352884 44264 9463
0b000501 0b000601 10233 100 2097152 6164172 2480856 176699 13477
0b000301 0b000401 10233 100 2097152 6231270 2419875 176699 13123
0b001f01 0b001801 10355 100 2097152 8184167 470335 44264 10911
0b001401 0b001501 10356 100 2097152 8265736 390766 44264 11364
0b001101 0b001201 10355 100 2097152 8327145 329575 44264 9441
0b001a01 0b001b01 10355 100 2097152 8311633 345662 44264 10410
0b000c01 0b000d01 10257 100 2097152 8616079 46168 44264 14556
0b000801 0b000101 10040 100 2097152 8613431 48886 48204 12168
0b000d01 0b000e01 10257 100 2097152 8616365 46252 44264 15037
0b001b01 0b001c01 10355 100 2097152 8211262 457465 44264 10411
0b001d01 0b001e01 10355 100 2097152 8216716 460618 44264 8493
0b000a01 0b000b01 10258 100 2097152 8634598 44164 44264 11610
0b001001 0b001101 10356 100 2097152 8345733 336672 44264 11376
0b000f01 0b000801 10258 100 2097152 8638563 44164 44264 12623
0b001501 0b001601 10357 100 2097152 8476169 211310 44264 9941
0b001e01 0b001701 10051 100 2097152 8630051 59323 48204 11390
0b001c01 0b001d01 10356 100 2097152 8423265 267626 44264 9468
0b001f01 0b001001 10051 100 2097152 8638094 53222 48204 8031
0b001f01 0b001801 10356 100 2097152 8227485 467014 44264 8975
0b001c01 0b001d01 10357 100 2097152 8425575 269958 44264 9948
0b001101 0b001201 10356 100 2097152 8356190 339452 44264 9921
0b000701 0b000001 10234 100 2097152 6888927 1814975 176699 14455
0b001201 0b001b01 10051 100 2097152 8659730 48108 48204 9458
0b001a01 0b001b01 10356 100 2097152 8361622 349441 44264 8026
0b001c01 0b001501 10051 100 2097152 8671737 48668 48204 10428
0b001101 0b001201 10357 100 2097152 8376673 346250 44264 8017
0b001301 0b001401 10357 100 2097152 8436315 287703 44264 11379
0b000e01 0b000701 10040 100 2097152 8665627 58802 48204 15054
0b001c01 0b001d01 10358 100 2097152 8449516 275938 44264 11372
0b000b01 0b000c01 10258 100 2097152 8681772 44164 44264 11627
0b001e01 0b001f01 10357 100 2097152 8445657 279962 44264 8494
0b001a01 0b001b01 10357 100 2097152 8379443 346933 44264 10890
0b000801 0b000901 10258 100 2097152 8685737 44164 44264 12632
0b001901 0b001a01 10355 100 2097152 8298920 431202 44264 10905
0b001101 0b001201 10358 100 2097152 8383142 347636 44264 10417
0b001901 0b001a01 10356 100 2097152 8312037 430164 44264 11385
0b001201 0b001301 10355 100 2097152 8323685 420597 44264 10402
0b001001 0b001101 10357 100 2097152 8390769 354029 44264 9440
0b001c01 0b001d01 10359 100 2097152 8476100 270563 44264 8508
0b001301 0b001401 10358 100 2097152 8459196 287927 44264 8499
0b001b01 0b001c01 10356 100 2097152 8299659 449245 44264 10891
0b001801 0b001901 10358 100 2097152 8536341 216537 44264 8024
0b001401 0b001501 10357 100 2097152 8385606 367375 44264 9460
0b001d01 0b001e01 10356 100 2097152 8291429 462087 44264 9469
0b001c01 0b001d01 10360 100 2097152 8491347 263527 44264 8988
0b001201 0b001301 10356 100 2097152 8334975 425038 44264 9922
0b001301 0b001401 10359 100 2097152 8473078 287800 44264 8019
0b001b01 0b001c01 10357 100 2097152 8312850 449915 44264 9467
0b001301 0b001401 10360 100 2097152 8481859 284916 44264 9459
0b001d01 0b001e01 10357 100 2097152 8304105 464002 44264 8013
0b001a01 0b001b01 10358 100 2097152 8429595 338700 44264 11386
0b001e01 0b001f01 10358 100 2097152 8473378 295590 44264 10430
0b001601 0b001701 10356 100 2097152 8364910 404535 44264 8486
0b001201 0b001301 10357 100 2097152 8342641 426854 44264 8978
0b000c01 0b000d01 10258 100 2097152 8728946 44164 44264 11644
0b001701 0b001001 10357 100 2097152 8427481 346109 44264 8487
0b001501 0b001601 10358 100 2097152 8527210 260308 44264 8485
0b001b01 0b001c01 10358 100 2097152 8342278 448806 44264 8027
0b001601 0b001701 10357 100 2097152 8384297 407020 44264 8006
0b001401 0b001501 10358 100 2097152 8424151 368066 44264 8500
0b001501 0b001601 10359 100 2097152 8529389 263216 44264 8501
0b001701 0b001001 10358 100 2097152 8445113 347666 44264 9943
0b001a01 0b001b01 10359 100 2097152 8459744 335876 44264 10906
0b001e01 0b001f01 10359 100 2097152 8489835 306788 44264 8990
0b001e01 0b001f01 10360 100 2097152 8490496 306920 44264 9950
0b001c01 0b001d01 10361 100 2097152 8562408 236827 44264 8028
0b001201 0b001301 10358 100 2097152 8371919 428663 44264 11378
0b001201 0b001301 10359 100 2097152 8372337 428598 44264 10898
0b001a01 0b001b01 10360 100 2097152 8466389 334732 44264 9930
0b001401 0b001501 10359 100 2097152 8433832 367890 44264 8020
0b001301 0b001401 10361 100 2097152 8545661 256504 44264 8979
0b001501 0b001601 10360 100 2097152 8538546 270102 44264 9461
0b001101 0b001201 10359 100 2097152 8453080 356199 44264 8497
0b001a01 0b001b01 10361 100 2097152 8482630 327732 44264 8506
0b001201 0b001301 10360 100 2097152 8385898 424436 44264 8018
0b001901 0b001a01 10357 100 2097152 8388202 425349 44264 9449
0b001301 0b001c01 10051 100 2097152 8763023 51027 48204 9939
0b000d01 0b000e01 10258 100 2097152 8776120 44164 44264 11661
0b001301 0b001401 10362 100 2097152 8574768 249644 44264 10899
0b001a01 0b001b01 10362 100 2097152 8524434 301641 44264 10426
0b001401 0b001501 10360 100 2097152 8461561 364656 44264 8980
0b001001 0b001901 10051 100 2097152 8776600 49753 48204 8496
0b001e01 0b001f01 10361 100 2097152 8528425 300562 44264 10910
0b001f01 0b001801 10357 100 2097152 8364286 465469 44264 10431
0b001801 0b001901 10359 100 2097152 8562395 268632 44264 9944
0b001701 0b001001 10359 100 2097152 8484520 347068 44264 8983
0b001d01 0b001e01 10358 100 2097152 8366876 466708 44264 9949
0b001001 0b001101 10358 100 2097152 8454357 379246 44264 8016
0b001801 0b001901 10360 100 2097152 8564090 269842 44264 11384
0b001101 0b001201 10360 100 2097152 8485063 351677 44264 10897
0b001801 0b001901 10361 100 2097152 8567632 270701 44264 9464
0b001901 0b001a01 10358 100 2097152 8415487 425314 44264 9929
0b001801 0b001901 10362 100 2097152 8571197 270062 44264 10904
0b001701 0b001801 10051 100 2097152 8794327 49468 48204 8023
0b001c01 0b001d01 10362 100 2097152 8622408 222236 44264 11388
0b000d01 0b000601 10040 100 2097152 8665257 180234 180639 14573
0b001701 0b001001 10360 100 2097152 8500911 344802 44264 10423
0b001701 0b001001 10361 100 2097152 8500912 344802 44264 10903
0b001001 0b001101 10359 100 2097152 8464725 381955 44264 8960
0b001f01 0b001801 10358 100 2097152 8381496 468654 44264 8495
0b001e01 0b001f01 10362 100 2097152 8566931 287625 44264 10926
0b001901 0b001a01 10359 100 2097152 8426312 428574 44264 8025
0b001601 0b001701 10358 100 2097152 8437081 418903 44264 9942
0b000601 0b000701 10229 100 2097152 5685737 3170356 176699 14518
0b001d01 0b001e01 10359 100 2097152 8389275 466996 44264 10429
0b001b01 0b001401 10051 100 2097152 8804131 52609 48204 9947
0b001b01 0b001c01 10359 100 2097152 8410206 448193 44264 8507
0b001601 0b001701 10359 100 2097152 8441262 420003 44264 8982
0b001901 0b001a01 10360 100 2097152 8432274 429873 44264 10425
0b001001 0b001101 10360 100 2097152 8478607 384794 44264 8976
0b001a01 0b001301 10051 100 2097152 8816561 50608 48204 9466
0b000e01 0b000f01 10258 100 2097152 8823294 44164 44264 11678
0b001601 0b001701 10360 100 2097152 8451383 421169 44264 10422
0b001f01 0b001801 10359 100 2097152 8405416 471534 44264 9951
0b001101 0b001201 10361 100 2097152 8540402 342658 44264 11377
0b001d01 0b001e01 10360 100 2097152 8416862 466514 44264 8989
0b001d01 0b001e01 10361 100 2097152 8418315 466162 44264 8509
0b001f01 0b001801 10360 100 2097152 8414833 471556 44264 9471
0b001401 0b001501 10361 100 2097152 8520536 365984 44264 9940
0b001901 0b001a01 10361 100 2097152 8457997 430111 44264 9465
0b000101 0b000201 10234 100 2097152 7171609 1718471 176699 11569
0b001101 0b001201 10362 100 2097152 8551887 338345 44264 9937
0b001501 0b001601 10361 100 2097152 8587105 304338 44264 8021
0b001b01 0b001c01 10360 100 2097152 8445191 447331 44264 8987
0b000601 0b000701 10230 100 2097152 5709710 3184087 176699 13958
0b000201 0b000301 10229 100 2097152 5757155 3142433 176699 12578
0b001201 0b001301 10361 100 2097152 8498346 403169 44264 8498
0b001601 0b001701 10361 100 2097152 8483275 418586 44264 10902
0b001b01 0b001c01 10361 100 2097152 8456479 446164 44264 11387
0b000901 0b000201 10040 100 2097152 8732911 180285 180639 12649
0b001801 0b001901 10363 100 2097152 8657512 257922 44264 10920
0b000401 0b000501 10228 100 2097152 5640530 3275700 176699 12996
0b001f01 0b001801 10361 100 2097152 8452010 466060 44264 11391
0b001101 0b001201 10363 100 2097152 8617205 302089 44264 10913
0b000001 0b000101 10228 100 2097152 5539696 3380915 176699 14912
0b001001 0b001101 10361 100 2097152 8532301 391095 44264 10416
0b001001 0b001101 10362 100 2097152 8534062 390919 44264 9936
0b001a01 0b001b01 10363 100 2097152 8733132 193105 44264 10922
0b001601 0b001701 10362 100 2097152 8509339 418747 44264 8998
0b000001 0b000101 10229 100 2097152 5545628 3386075 176699 11616
0b001a01 0b001b01 10364 100 2097152 8745211 189144 44264 11402
0b001f01 0b001801 10362 100 2097152 8478796 459273 44264 8991
0b001201 0b001301 10362 100 2097152 8533285 404843 44264 8994
0b001901 0b001a01 10362 100 2097152 8504730 434775 44264 8505
0b001801 0b001101 10051 100 2097152 8853160 87536 48204 8504
0b001101 0b001a01 10051 100 2097152 8849690 93086 48204 8977
0b001a01 0b001301 10052 100 2097152 8891118 53242 48204 9482
0b001401 0b001501 10362 100 2097152 8571218 377100 44264 11380
0b001701 0b001001 10362 100 2097152 8617855 331434 44264 9479
0b001101 0b001201 10364 100 2097152 8685415 269397 44264 11393
0b001801 0b001901 10364 100 2097152 8697509 258877 44264 8984
0b001101 0b001a01 10052 100 2097152 8866411 90142 48204 8993
0b001901 0b001a01 10363 100 2097152 8522353 434977 44264 9945
0b001e01 0b001f01 10363 100 2097152 8680344 277251 44264 8510
0b001701 0b001001 10363 100 2097152 8627923 331399 44264 11383
0b001501 0b001601 10362 100 2097152 8641026 339940 44264 10421
0b001601 0b001701 10363 100 2097152 8570514 411036 44264 8022
0b001c01 0b001d01 10363 100 2097152 8751914 230420 44264 10908
0b001d01 0b001e01 10362 100 2097152 8543996 449605 44264 8029
0b001101 0b001201 10365 100 2097152 8747808 249795 44264 9457
0b001501 0b001601 10363 100 2097152 8659512 346095 44264 11381
0b001901 0b001201 10052 100 2097152 8959396 48178 48204 9001
0b001c01 0b001d01 10364 100 2097152 8765775 243092 44264 9484
0b001401 0b001501 10363 100 2097152 8630139 383828 44264 10900
0b001301 0b001401 10363 100 2097152 8747292 266769 44264 10419
0b001b01 0b001c01 10362 100 2097152 8567728 446992 44264 9003
0b001701 0b001001 10364 100 2097152 8692384 327752 44264 11399
0b001601 0b001701 10364 100 2097152 8623899 399720 44264 10918
0b001901 0b001a01 10364 100 2097152 8599481 426314 44264 10441
0b000301 0b000401 10234 100 2097152 6716646 2314834 176699 12531
0b001e01 0b001f01 10364 100 2097152 8756526 275874 44264 9486
0b001f01 0b001801 10363 100 2097152 8597125 438325 44264 9487
0b001e01 0b001f01 10365 100 2097152 8771117 274109 44264 8030
0b001701 0b001801 10052 100 2097152 8984560 61410 48204 8039
0b001d01 0b001601 10052 100 2097152 8985344 61810 48204 10925
0b001201 0b001b01 10052 100 2097152 9000613 48342 48204 9474
0b001001 0b001101 10363 100 2097152 8647168 401819 44264 9456
0b001001 0b001101 10364 100 2097152 8647178 401810 44264 9472
0b001c01 0b001d01 10365 100 2097152 8794094 255389 44264 8044
0b000f01 0b000001 10040 100 2097152 8870468 180239 180639 11695
0b001101 0b001201 10366 100 2097152 8836613 214503 44264 8033
0b001201 0b001301 10363 100 2097152 8627851 423502 44264 10418
0b001f01 0b001801 10364 100 2097152 8616326 438335 44264 11407
0b001d01 0b001e01 10363 100 2097152 8614224 448203 44264 10445
0b001301 0b001401 10364 100 2097152 8772505 291743 44264 8995
0b001601 0b001f01 10052 100 2097152 9008617 59031 48204 11398
0b000401 0b000501 10229 100 2097152 5735529 3335113 176699 13540
0b001601 0b001701 10365 100 2097152 8690489 380409 44264 9958
0b001501 0b001601 10364 100 2097152 8723415 352113 44264 10437
0b001c01 0b001d01 10366 100 2097152 8817060 260034 44264 9964
0b001401 0b001d01 10052 100 2097152 9017071 61785 48204 10436
0b001501 0b001e01 10052 100 2097152 9016977 63890 48204 10917
0b001701 0b001001 10365 100 2097152 8772455 318772 44264 8503
0b001001 0b001101 10365 100 2097152 8694326 397963 44264 8032
0b001f01 0b001001 10052 100 2097152 9048236 48929 48204 8047
0b001a01 0b001b01 10365 100 2097152 8843811 258418 44264 9946
0b001801 0b001901 10365 100 2097152 8832765 270040 44264 10440
0b001501 0b001601 10365 100 2097152 8755991 347390 44264 9477
0b001401 0b001501 10364 100 2097152 8727028 386300 44264 11396
0b001c01 0b001d01 10367 100 2097152 8861409 254670 44264 8524
0b001e01 0b001f01 10366 100 2097152 8836594 281523 44264 9966
0b001301 0b001401 10365 100 2097152 8803592 324038 44264 11395
0b001301 0b001401 10366 100 2097152 8803945 324302 44264 10915
0b001b01 0b001c01 10363 100 2097152 8660305 470207 44264 10427
0b001501 0b001601 10366 100 2097152 8795227 336297 44264 8517
0b001801 0b001901 10366 100 2097152 8846805 285745 44264 8040
0b001401 0b001501 10365 100 2097152 8750133 384060 44264 8516
0b001a01 0b001b01 10366 100 2097152 8857896 277136 44264 8042
0b001c01 0b001d01 10368 100 2097152 8895532 241012 44264 9004
0b001201 0b001301 10364 100 2097152 8698652 439009 44264 9938
0b001501 0b001601 10367 100 2097152 8804732 333683 44264 8037
0b001301 0b001401 10367 100 2097152 8813344 326128 44264 8035
0b001c01 0b001d01 10369 100 2097152 8905653 234280 44264 11404
0b001001 0b001901 10052 100 2097152 9094237 48152 48204 8512
0b000101 0b000201 10235 100 2097152 7459421 1683351 176699 11585
0b001901 0b001a01 10365 100 2097152 8755888 388408 44264 8041
0b001a01 0b001b01 10367 100 2097152 8865157 280836 44264 10442
0b001e01 0b001f01 10367 100 2097152 8859281 287460 44264 10446
0b001401 0b001501 10366 100 2097152 8763888 384302 44264 8036
0b001601 0b001701 10366 100 2097152 8790528 357674 44264 8502
0b001601 0b001701 10367 100 2097152 8795615 357736 44264 8518
0b001401 0b001501 10367 100 2097152 8769785 383686 44264 9476
0b001101 0b001201 10367 100 2097152 8926406 228005 44264 10433
0b001101 0b001201 10368 100 2097152 8927991 228401 44264 9953
0b001501 0b001601 10368 100 2097152 8829227 327215 44264 8997
0b001c01 0b001d01 10370 100 2097152 9017730 139386 44264 9020
0b001d01 0b001e01 10364 100 2097152 8693901 468675 44264 9485
0b001b01 0b001401 10052 100 2097152 9105239 57819 48204 9963
0b001201 0b001301 10365 100 2097152 8725933 440293 44264 8034
0b001601 0b001701 10368 100 2097152 8811658 355360 44264 9478
0b001101 0b001201 10369 100 2097152 8943706 225271 44264 8513
0b001d01 0b001e01 10365 100 2097152 8698543 471097 44264 9965
0b001f01 0b001801 10365 100 2097152 8728629 443653 44264 8511
0b001201 0b001301 10366 100 2097152 8733788 440341 44264 10434
0b001e01 0b001f01 10368 100 2097152 8886386 290353 44264 9006
0b001e01 0b001f01 10369 100 2097152 8887487 290351 44264 8526
0b001401 0b001501 10368 100 2097152 8805175 376391 44264 8996
0b001c01 0b001501 10052 100 2097152 9133522 52154 48204 10444
0b001001 0b001101 10366 100 2097152 8795789 391211 44264 9952
0b001801 0b001901 10367 100 2097152 8879960 310499 44264 9960
0b001401 0b001501 10369 100 2097152 8827422 371547 44264 10916
0b001301 0b001c01 10052 100 2097152 9140671 58815 48204 9955
0b001701 0b001001 10366 100 2097152 8858994 341586 44264 9959
0b001801 0b001901 10368 100 2097152 8889399 312413 44264 9480
0b001b01 0b001c01 10364 100 2097152 8710848 491613 44264 9483
0b001301 0b001401 10368 100 2097152 8870179 332970 44264 9475
0b001b01 0b001c01 10365 100 2097152 8714073 492282 44264 8043
0b001501 0b001601 10369 100 2097152 8889530 317257 44264 9957
0b001d01 0b001e01 10366 100 2097152 8728464 480001 44264 11389
0b001701 0b001001 10367 100 2097152 8864275 345810 44264 8999
0b000701 0b000001 10235 100 2097152 7390231 1822418 176699 14471
0b001001 0b001101 10367 100 2097152 8834598 385345 44264 8992
0b001b01 0b001c01 10366 100 2097152 8729386 492370 44264 10907
0b001401 0b001501 10370 100 2097152 8859750 363094 44264 9956
0b001801 0b001101 10052 100 2097152 9175292 48108 48204 8520
0b001901 0b001a01 10366 100 2097152 8829363 394824 44264 8521
0b001701 0b001001 10368 100 2097152 8875562 349484 44264 10439
0b001f01 0b001801 10366 100 2097152 8771978 456524 44264 10447
0b001801 0b001901 10369 100 2097152 8921080 308127 44264 11400
0b001901 0b001a01 10367 100 2097152 8834037 395435 44264 9961
0b001d01 0b001e01 10367 100 2097152 8749673 482046 44264 8525
0b001901 0b001a01 10368 100 2097152 8836942 395126 44264 11401
0b001001 0b001101 10368 100 2097152 8848723 384601 44264 10432
0b001001 0b001101 10369 100 2097152 8848724 384601 44264 10912
0b001901 0b001a01 10369 100 2097152 8841343 394444 44264 9481
0b001301 0b001401 10369 100 2097152 8904525 332945 44264 8515
0b001901 0b001a01 10370 100 2097152 8844269 393631 44264 10921
0b001601 0b001701 10369 100 2097152 8894453 344224 44264 8038
0b001d01 0b001e01 10368 100 2097152 8757884 481822 44264 9005
0b001801 0b001901 10370 100 2097152 8941079 304122 44264 9000
0b001501 0b001e01 10053 100 2097152 9201979 49672 48204 10933
0b001701 0b001001 10369 100 2097152 8904871 349461 44264 10919
0b001a01 0b001b01 10368 100 2097152 8942515 315127 44264 8522
0b000001 0b000101 10230 100 2097152 5742560 3515663 176699 14928
0b001b01 0b001c01 10367 100 2097152 8771305 487263 44264 11403
0b001f01 0b001801 10367 100 2097152 8799633 459362 44264 9007
0b001f01 0b001801 10368 100 2097152 8800426 459230 44264 9967
0b001e01 0b001701 10052 100 2097152 9211475 50295 48204 11406
0b001301 0b001401 10370 100 2097152 8941138 322513 44264 9011
0b001a01 0b001b01 10369 100 2097152 8945786 319183 44264 9002
0b001501 0b001601 10370 100 2097152 8951328 314336 44264 11397
0b001301 0b001401 10371 100 2097152 8947370 319362 44264 9491
0b001201 0b001301 10367 100 2097152 8812289 454790 44264 8514
0b001e01 0b001f01 10370 100 2097152 8996611 275498 44264 8046
0b001701 0b001001 10370 100 2097152 8931096 344401 44264 9015
0b001101 0b001201 10370 100 2097152 9051997 226205 44264 9473
0b001101 0b001201 10371 100 2097152 9052007 226196 44264 9489
0b001d01 0b001e01 10369 100 2097152 8802245 477083 44264 8045
0b001f01 0b001801 10369 100 2097152 8831997 451424 44264 10927
0b001b01 0b001c01 10368 100 2097152 8798630 486761 44264 10923
0b001a01 0b001b01 10370 100 2097152 8959563 327407 44264 9018
0b001a01 0b001b01 10371 100 2097152 8960340 327555 44264 9962
0b001901 0b001a01 10371 100 2097152 8918444 371954 44264 10937
0b001101 0b001a01 10053 100 2097152 9222953 74355 48204 9009
0b001b01 0b001c01 10369 100 2097152 8813372 486262 44264 8523
0b001f01 0b001801 10370 100 2097152 8857566 443456 44264 10943
0b000501 0b000601 10234 100 2097152 7023628 2278032 176699 13493
0b001701 0b001801 10053 100 2097152 9241687 61142 48204 8055
0b001a01 0b001301 10053 100 2097152 9238797 65830 48204 9498
0b001201 0b001301 10368 100 2097152 8839750 466477 44264 10914
0b001b01 0b001c01 10370 100 2097152 8829085 483441 44264 10443
0b001d01 0b001e01 10370 100 2097152 8847654 466701 44264 11405
0b001301 0b001401 10372 100 2097152 9054363 264364 44264 10435
0b001101 0b001201 10372 100 2097152 9095299 226135 44264 8049
0b000201 0b000301 10230 100 2097152 6046317 3287679 176699 12050
0b001001 0b001101 10370 100 2097152 8952299 381685 44264 9488
0b001601 0b001701 10370 100 2097152 8983976 351837 44264 10438
0b001f01 0b001001 10053 100 2097152 9275119 62882 48204 8063
0b001601 0b001f01 10053 100 2097152 9268674 70303 48204 11414
0b001001 0b001101 10371 100 2097152 8962332 381993 44264 11392
0b001901 0b001201 10053 100 2097152 9248211 99905 48204 9017
0b001801 0b001901 10371 100 2097152 9038460 310687 44264 9496
0b001701 0b001001 10371 100 2097152 9026629 329767 44264 10935
0b001e01 0b001f01 10371 100 2097152 9065437 295385 44264 10462
0b001801 0b001901 10372 100 2097152 9048980 312157 44264 8056
0b001b01 0b001401 10053 100 2097152 9290905 71112 48204 9979
0b001a01 0b001b01 10372 100 2097152 9028805 334401 44264 10458
0b001201 0b001301 10369 100 2097152 8886070 477274 44264 11394
0b001801 0b001901 10373 100 2097152 9057671 311013 44264 11416
0b001201 0b001301 10370 100 2097152 8893242 478023 44264 9954
0b001e01 0b001701 10053 100 2097152 9317365 57209 48204 11422
0b001e01 0b001f01 10372 100 2097152 9083877 298352 44264 10942
0b001f01 0b001801 10371 100 2097152 8960605 422024 44264 8527
0b001201 0b001b01 10053 100 2097152 9281212 101923 48204 9490
0b001201 0b001b01 10054 100 2097152 9281222 101917 48204 9506
0b001b01 0b001c01 10371 100 2097152 8929247 463496 44264 10939
0b001201 0b001301 10371 100 2097152 8922304 477078 44264 10930
0b001701 0b001001 10372 100 2097152 9073908 326203 44264 9975
0b001b01 0b001c01 10372 100 2097152 8937365 463519 44264 11419
0b001c01 0b001501 10053 100 2097152 9315536 87318 48204 10460
0b001001 0b001101 10372 100 2097152 9023146 380016 44264 11408
0b001601 0b001701 10371 100 2097152 9050164 356357 44264 10934
0b001401 0b001d01 10053 100 2097152 9321737 87884 48204 10452
0b001301 0b001401 10373 100 2097152 9169236 243071 44264 8051
0b000301 0b000401 10235 100 2097152 7225962 2188667 176699 12547
0b001301 0b001401 10374 100 2097152 9177139 243089 44264 10451
0b001201 0b001301 10372 100 2097152 8957822 471854 44264 11410
0b001601 0b001701 10372 100 2097152 9078538 353460 44264 10454
0b001801 0b001101 10053 100 2097152 9385639 48108 48204 8536
0b001501 0b001601 10371 100 2097152 9116338 318134 44264 11413
0b001301 0b001c01 10053 100 2097152 9374275 62405 48204 9971
0b001101 0b001201 10373 100 2097152 9190010 249270 44264 9969
0b000401 0b000501 10230 100 2097152 5968717 3473393 176699 13556
0b001401 0b001501 10371 100 2097152 9067258 377680 44264 9012
0b001c01 0b001d01 10371 100 2097152 9202496 245980 44264 9980
0b001601 0b001701 10373 100 2097152 9106391 345543 44264 9494
0b001f01 0b001801 10372 100 2097152 9035410 421734 44264 9503
0b001501 0b001601 10372 100 2097152 9137203 324730 44264 8533
0b001d01 0b001e01 10371 100 2097152 9011877 450412 44264 9501
0b001e01 0b001f01 10373 100 2097152 9165586 297300 44264 9502
0b001601 0b001701 10374 100 2097152 9134534 331573 44264 8534
0b001e01 0b001f01 10374 100 2097152 9172650 296441 44264 9982
0b001601 0b001701 10375 100 2097152 9141425 327763 44264 8054
0b001201 0b001301 10373 100 2097152 9010584 459489 44264 9010
0b001901 0b001a01 10372 100 2097152 9105815 366008 44264 10457
0b001401 0b001d01 10054 100 2097152 9423238 48628 48204 10468
0b001a01 0b001b01 10373 100 2097152 9147306 327731 44264 8058
0b001c01 0b001d01 10372 100 2097152 9205471 269736 44264 9500
0b001601 0b001701 10376 100 2097152 9159452 315809 44264 9014
0b001501 0b001601 10373 100 2097152 9151200 329984 44264 8053
0b001701 0b001001 10373 100 2097152 9151212 332877 44264 8519
0b001001 0b001101 10373 100 2097152 9100175 385295 44264 8048
0b001601 0b001f01 10054 100 2097152 9437482 48706 48204 11430
0b001501 0b001601 10374 100 2097152 9156481 330005 44264 9493
0b001601 0b001701 10377 100 2097152 9209797 279400 44264 9974
0b001701 0b001001 10374 100 2097152 9156361 334113 44264 8535
0b001c01 0b001d01 10373 100 2097152 9209365 281331 44264 8060
0b001f01 0b001801 10373 100 2097152 9070658 425611 44264 11423
0b001201 0b001301 10374 100 2097152 9054126 443843 44264 8050
0b000601 0b000701 10231 100 2097152 6117155 3382566 176699 14534
0b001b01 0b001c01 10373 100 2097152 9051965 447924 44264 9499
0b001901 0b001a01 10373 100 2097152 9135560 366008 44264 8057
0b001101 0b001201 10374 100 2097152 9226410 278456 44264 8529
0b001701 0b001001 10375 100 2097152 9170028 335407 44264 9495
0b001901 0b001a01 10374 100 2097152 9145399 364045 44264 8537
0b001d01 0b001e01 10372 100 2097152 9052493 456973 44264 8061
0b001501 0b001601 10375 100 2097152 9184576 325341 44264 9013
0b001501 0b001601 10376 100 2097152 9188686 323608 44264 10453
0b001101 0b001201 10375 100 2097152 9236334 282393 44264 10449
0b001101 0b001201 10376 100 2097152 9236335 282414 44264 10929
0b001701 0b001801 10054 100 2097152 9472198 53989 48204 8071
0b001501 0b001601 10377 100 2097152 9225854 301361 44264 9973
0b001401 0b001501 10372 100 2097152 9130640 396600 44264 11412
0b000701 0b000001 10236 100 2097152 7855755 1671935 176699 14487
0b001401 0b001501 10373 100 2097152 9131257 396578 44264 10932
0b001301 0b001401 10375 100 2097152 9270089 257996 44264 8531
0b001c01 0b001d01 10374 100 2097152 9224766 305183 44264 10924
0b001801 0b001901 10374 100 2097152 9231512 301306 44264 10456
0b001e01 0b001f01 10375 100 2097152 9234729 298387 44264 8542
0b001401 0b001501 10374 100 2097152 9142482 397194 44264 8052
0b001e01 0b001f01 10376 100 2097152 9242716 297111 44264 9022
0b000601 0b000701 10232 100 2097152 6149847 3391074 176699 14550
0b001d01 0b001e01 10373 100 2097152 9080104 462016 44264 9981
0b001901 0b001a01 10375 100 2097152 9193469 348804 44264 9977
0b001d01 0b001e01 10374 100 2097152 9081866 462036 44264 10461
0b001e01 0b001f01 10377 100 2097152 9254661 291951 44264 10958
0b001901 0b001a01 10376 100 2097152 9204822 344316 44264 9497
0b001f01 0b001801 10374 100 2097152 9121127 434314 44264 9983
0b001901 0b001a01 10377 100 2097152 9232217 329902 44264 11417
0b001e01 0b001f01 10378 100 2097152 9282338 281721 44264 8062
0b001401 0b001501 10375 100 2097152 9166068 398425 44264 9972
0b001b01 0b001c01 10374 100 2097152 9138042 432732 44264 8059
0b001d01 0b001e01 10375 100 2097152 9119089 455087 44264 8541
0b001001 0b001901 10053 100 2097152 9487099 87294 48204 8528
0b001201 0b001301 10375 100 2097152 9157421 417562 44264 10450
0b001201 0b001301 10376 100 2097152 9159402 416990 44264 9970
0b001b01 0b001c01 10375 100 2097152 9149003 429868 44264 10459
0b001001 0b001901 10054 100 2097152 9493484 87601 48204 8544
0b001201 0b001301 10377 100 2097152 9171987 412106 44264 8530
0b001d01 0b001e01 10376 100 2097152 9139554 448372 44264 9021
0b000101 0b000201 10236 100 2097152 8011545 1577154 176699 11601
0b001f01 0b001801 10375 100 2097152 9149751 440015 44264 10463
0b001d01 0b001e01 10377 100 2097152 9142943 446832 44264 11421
0b001801 0b001901 10375 100 2097152 9262005 330156 44264 9016
0b001a01 0b001b01 10374 100 2097152 9227197 365100 44264 8538
0b001801 0b001901 10376 100 2097152 9262666 330595 44264 9976
0b001d01 0b001e01 10378 100 2097152 9160126 437042 44264 9037
0b001301 0b001401 10376 100 2097152 9307637 289541 44264 9507
0b001c01 0b001d01 10375 100 2097152 9261578 335678 44264 11420
0b001301 0b001401 10377 100 2097152 9309237 290406 44264 10931
0b001a01 0b001b01 10375 100 2097152 9232482 367296 44264 9978
0b001a01 0b001301 10054 100 2097152 9552148 49018 48204 9514
0b001001 0b001101 10374 100 2097152 9203590 397961 44264 9968
0b001a01 0b001b01 10376 100 2097152 9235078 367692 44264 11418
0b001401 0b001501 10376 100 2097152 9206159 398471 44264 9492
0b001a01 0b001b01 10377 100 2097152 9240910 366965 44264 10938
0b001001 0b001101 10375 100 2097152 9213095 397961 44264 9008
0b001701 0b001001 10376 100 2097152 9264780 347972 44264 11415
0b001101 0b001201 10377 100 2097152 9336994 276101 44264 9505
0b001f01 0b001001 10054 100 2097152 9567069 50538 48204 8079
0b000001 0b000101 10231 100 2097152 6020939 3598648 176699 11632
0b000001 0b000101 10232 100 2097152 6020949 3598726 176699 11648
0b000001 0b000101 10233 100 2097152 6020959 3598720 176699 11664
0b001f01 0b001801 10376 100 2097152 9179749 440752 44264 9023
0b001f01 0b001801 10377 100 2097152 9180848 440754 44264 8543
0b001501 0b001e01 10054 100 2097152 9530845 91344 48204 10949
0b001101 0b001201 10378 100 2097152 9347335 276101 44264 11409
0b001d01 0b001601 10053 100 2097152 9532959 91330 48204 10941
0b001001 0b001101 10376 100 2097152 9228056 396953 44264 10448
0b001801 0b001901 10377 100 2097152 9286431 338652 44264 10936
0b001c01 0b001d01 10376 100 2097152 9288401 346453 44264 10940
0b001501 0b001601 10378 100 2097152 9405864 232205 44264 10469
0b001e01 0b001701 10054 100 2097152 9592785 50429 48204 11438
0b001801 0b001901 10378 100 2097152 9304032 341116 44264 10952
0b001801 0b001901 10379 100 2097152 9305839 341004 44264 8072
0b001401 0b001501 10377 100 2097152 9240480 406743 44264 8532
0b001c01 0b001d01 10377 100 2097152 9302644 346467 44264 8540
0b001301 0b001c01 10054 100 2097152 9579402 72253 48204 9987
0b001a01 0b001b01 10378 100 2097152 9293408 358512 44264 10954
0b001c01 0b001501 10054 100 2097152 9581881 71945 48204 10476
0b001001 0b001101 10377 100 2097152 9257342 399876 44264 10928
0b001a01 0b001b01 10379 100 2097152 9300318 357543 44264 9034
0b001901 0b001201 10054 100 2097152 9595171 74933 48204 9033
0b001501 0b001601 10379 100 2097152 9447948 222598 44264 9029
0b001101 0b001201 10379 100 2097152 9406172 266883 44264 11425
0b001401 0b001501 10378 100 2097152 9266661 406743 44264 9028
0b001b01 0b001401 10054 100 2097152 9602788 72024 48204 9995
0b001001 0b001101 10378 100 2097152 9278507 397192 44264 9024
0b001401 0b001501 10379 100 2097152 9269742 406039 44264 9508
0b001b01 0b001c01 10376 100 2097152 9260652 418498 44264 8539
0b001201 0b001301 10378 100 2097152 9324444 355714 44264 8066
0b001201 0b001b01 10055 100 2097152 9616105 66583 48204 9522
0b001d01 0b001601 10054 100 2097152 9637864 48608 48204 10957
0b001b01 0b001c01 10377 100 2097152 9267979 420346 44264 9019
0b001301 0b001401 10378 100 2097152 9366354 322042 44264 11411
0b001901 0b001a01 10378 100 2097152 9352157 337738 44264 9513
0b001801 0b001101 10054 100 2097152 9624612 69539 48204 8552
0b001101 0b001201 10380 100 2097152 9436757 258193 44264 8545
0b001101 0b001a01 10054 100 2097152 9614066 82911 48204 9025
0b001201 0b001301 10379 100 2097152 9351126 350927 44264 9026
0b001601 0b001701 10378 100 2097152 9464943 238203 44264 8550
0b001901 0b001a01 10379 100 2097152 9364147 341193 44264 8073
0b001901 0b001a01 10380 100 2097152 9371694 341236 44264 11433
0b001b01 0b001c01 10378 100 2097152 9289980 423030 44264 9035
0b000201 0b000301 10231 100 2097152 6301676 3412524 176699 12594
0b001001 0b001101 10379 100 2097152 9341011 377082 44264 8064
0b001701 0b001001 10377 100 2097152 9338823 379665 44264 10455
0b001001 0b001101 10380 100 2097152 9359406 371475 44264 10944
0b001101 0b001201 10381 100 2097152 9488480 244275 44264 8065
0b001101 0b001a01 10055 100 2097152 9678709 57192 48204 9041
0b001301 0b001401 10379 100 2097152 9402392 337951 44264 10947
0b001a01 0b001301 10055 100 2097152 9692905 49979 48204 9530
0b001c01 0b001d01 10378 100 2097152 9395753 349005 44264 10956
0b001401 0b001501 10380 100 2097152 9365027 382087 44264 9988
0b001e01 0b001f01 10379 100 2097152 9465299 284347 44264 9518
0b001c01 0b001d01 10379 100 2097152 9403894 349137 44264 11436
0b001001 0b001101 10381 100 2097152 9403121 352092 44264 9984
0b000501 0b000601 10235 100 2097152 7588796 2166726 176699 13509
0b001601 0b001701 10379 100 2097152 9484194 287065 44264 8070
0b001701 0b001001 10378 100 2097152 9377584 395338 44264 11431
0b001d01 0b001e01 10379 100 2097152 9412631 362934 44264 10477
0b001c01 0b001d01 10380 100 2097152 9439690 341062 44264 9996
0b001f01 0b001801 10378 100 2097152 9341987 439977 44264 11439
0b001401 0b001501 10381 100 2097152 9415317 366931 44264 8068
0b001801 0b001901 10380 100 2097152 9460154 322543 44264 9512
0b000601 0b000701 10233 100 2097152 6351006 3432155 176699 13974
0b001601 0b001701 10380 100 2097152 9489496 296724 44264 9510
0b001301 0b001401 10380 100 2097152 9432686 354077 44264 11427
0b001201 0b001301 10380 100 2097152 9442290 351156 44264 9986
0b001d01 0b001601 10055 100 2097152 9747768 48108 48204 10973
0b001b01 0b001c01 10379 100 2097152 9366216 437875 44264 10475
0b001f01 0b001801 10379 100 2097152 9363832 442685 44264 10479
0b001d01 0b001e01 10380 100 2097152 9451486 357261 44264 9997
0b001001 0b001101 10382 100 2097152 9508445 301488 44264 9504
0b001701 0b001001 10379 100 2097152 9409531 404492 44264 10951
0b000701 0b000001 10237 100 2097152 8158751 1656383 176699 14503
0b001501 0b001601 10380 100 2097152 9530250 285623 44264 11429
0b001801 0b001901 10381 100 2097152 9499279 317435 44264 11432
0b001e01 0b001f01 10380 100 2097152 9512476 308503 44264 8078
0b001701 0b001801 10055 100 2097152 9774269 48197 48204 8087
0b001b01 0b001c01 10380 100 2097152 9386145 437945 44264 9515
0b001b01 0b001c01 10381 100 2097152 9386155 437936 44264 9531
0b001f01 0b001801 10380 100 2097152 9385239 440643 44264 10959
0b001c01 0b001d01 10381 100 2097152 9502899 323142 44264 9516
0b001d01 0b001e01 10381 100 2097152 9474876 351278 44264 10493
0b001d01 0b001e01 10382 100 2097152 9478217 349918 44264 9517
0b001a01 0b001b01 10380 100 2097152 9474833 354289 44264 10474
0b001d01 0b001e01 10383 100 2097152 9493706 342262 44264 8077
0b001301 0b001401 10381 100 2097152 9473083 367541 44264 9027
0b001701 0b001001 10380 100 2097152 9435008 408077 44264 10471
0b001801 0b001901 10382 100 2097152 9529197 313901 44264 8088
0b001301 0b001c01 10055 100 2097152 9796456 49617 48204 10003
0b001601 0b001701 10381 100 2097152 9512927 333930 44264 9030
0b001601 0b001701 10382 100 2097152 9515304 335712 44264 10470
0b001501 0b001601 10381 100 2097152 9542686 310610 44264 8069
0b001c01 0b001501 10055 100 2097152 9807101 49798 48204 10492
0b001a01 0b001b01 10381 100 2097152 9504578 358513 44264 8074
0b001701 0b001001 10381 100 2097152 9454944 408214 44264 9511
0b001401 0b001501 10382 100 2097152 9531095 332189 44264 8548
0b001201 0b001301 10381 100 2097152 9507876 358611 44264 8546
0b001801 0b001901 10383 100 2097152 9558451 309904 44264 9992
0b001301 0b001401 10382 100 2097152 9500979 367524 44264 8067
0b001601 0b001f01 10055 100 2097152 9818883 49952 48204 11446
0b001a01 0b001b01 10382 100 2097152 9512454 357589 44264 8554
0b001601 0b001701 10383 100 2097152 9530225 340662 44264 9990
0b001f01 0b001001 10055 100 2097152 9823989 50065 48204 8095
0b001901 0b001a01 10381 100 2097152 9535828 338292 44264 10473
0b001001 0b001101 10383 100 2097152 9615762 259127 44264 11424
0b001701 0b001001 10382 100 2097152 9469117 406740 44264 8551
0b001001 0b001101 10384 100 2097152 9620617 257973 44264 8080
0b000201 0b000301 10232 100 2097152 6384516 3494692 176699 12610
0b000201 0b000301 10233 100 2097152 6384526 3494686 176699 12626
0b001201 0b001301 10382 100 2097152 9521737 358632 44264 10466
0b001201 0b001301 10383 100 2097152 9521759 358611 44264 10946
0b000401 0b000501 10231 100 2097152 6274179 3608403 176699 13572
0b001701 0b001001 10383 100 2097152 9478271 404979 44264 9031
0b000401 0b000501 10232 100 2097152 6278059 3607963 176699 13588
0b001e01 0b001f01 10381 100 2097152 9545130 340675 44264 9998
0b001101 0b001201 10382 100 2097152 9604561 282454 44264 9985
0b001e01 0b001f01 10382 100 2097152 9546912 343294 44264 10478
0b001801 0b001901 10384 100 2097152 9592776 298569 44264 10472
0b001f01 0b001801 10381 100 2097152 9465896 426502 44264 9519
0b001701 0b001001 10384 100 2097152 9492207 400592 44264 9991
0b001a01 0b001b01 10383 100 2097152 9545283 349120 44264 9994
0b001d01 0b001e01 10384 100 2097152 9600266 295344 44264 11437
0b001f01 0b001801 10382 100 2097152 9472101 426326 44264 9999
0b001c01 0b001d01 10382 100 2097152 9573784 325496 44264 8076
0b001a01 0b001b01 10384 100 2097152 9565129 341155 44264 11434
0b000401 0b000501 10233 100 2097152 6301379 3606467 176699 13012
0b001b01 0b001c01 10382 100 2097152 9478047 433383 44264 8075
0b001f01 0b001801 10383 100 2097152 9489198 422958 44264 11455
0b001501 0b001601 10382 100 2097152 9567503 345462 44264 9989
0b001801 0b001901 10385 100 2097152 9623511 291872 44264 9032
0b001001 0b001901 10055 100 2097152 9878867 48248 48204 8560
0b001101 0b001201 10383 100 2097152 9628019 301369 44264 10465
0b001401 0b001501 10383 100 2097152 9600188 335107 44264 9524
0b001d01 0b001e01 10385 100 2097152 9652121 284502 44264 8557
0b001401 0b001501 10384 100 2097152 9602653 334820 44264 10948
0b001f01 0b001801 10384 100 2097152 9536126 408371 44264 8559
0b001b01 0b001401 10055 100 2097152 9897413 48108 48204 10011
0b001e01 0b001701 10055 100 2097152 9898620 48348 48204 11454
0b001f01 0b001801 10385 100 2097152 9542837 405357 44264 9039
0b001f01 0b001801 10386 100 2097152 9549622 401437 44264 10975
0b001e01 0b001f01 10383 100 2097152 9577186 375509 44264 8558
0b000201 0b000301 10234 100 2097152 6446356 3509772 176699 12642
0b000501 0b000601 10236 100 2097152 7861688 2097088 176699 13525
0b001301 0b001401 10383 100 2097152 9577993 380741 44264 10467
0b001901 0b001201 10055 100 2097152 9918393 49263 48204 9049
0b001301 0b001401 10384 100 2097152 9587103 380608 44264 8547
0b001901 0b001a01 10382 100 2097152 9577403 391546 44264 8553
0b001201 0b001301 10384 100 2097152 9626446 342659 44264 11426
0b001601 0b001701 10384 100 2097152 9627299 349391 44264 10950
0b001e01 0b001f01 10384 100 2097152 9590936 386510 44264 9038
0b001101 0b001201 10384 100 2097152 9660228 320729 44264 10945
0b001901 0b001a01 10383 100 2097152 9584095 399617 44264 8569
0b001301 0b001401 10385 100 2097152 9604176 379579 44264 9523
0b000601 0b000701 10234 100 2097152 6550774 3434735 176699 14566
0b001601 0b001701 10385 100 2097152 9641079 347381 44264 10486
0b001e01 0b001f01 10385 100 2097152 9600178 389589 44264 9054
0b001501 0b001e01 10055 100 2097152 9940483 49507 48204 10965
0b001501 0b001601 10383 100 2097152 9607640 382598 44264 9509
0b001c01 0b001d01 10383 100 2097152 9654665 336778 44264 10012
0b001001 0b001101 10385 100 2097152 9721498 272668 44264 10464
0b001d01 0b001e01 10386 100 2097152 9756041 239899 44264 11453
0b001801 0b001101 10055 100 2097152 9947507 48931 48204 8568
0b001901 0b001a01 10384 100 2097152 9596271 407682 44264 9993
0b001d01 0b001e01 10387 100 2097152 9783762 226545 44264 10013
0b001701 0b001001 10385 100 2097152 9646224 364724 44264 11447
0b001401 0b001d01 10055 100 2097152 9961744 49300 48204 10484
0b001601 0b001701 10386 100 2097152 9673556 338185 44264 9046
0b001401 0b001501 10385 100 2097152 9677822 336709 44264 10004
0b001e01 0b001f01 10386 100 2097152 9625199 392583 44264 10974
0b001a01 0b001b01 10385 100 2097152 9699987 318312 44264 9050
0b001201 0b001301 10385 100 2097152 9673114 346794 44264 9042
0b001601 0b001701 10387 100 2097152 9689482 331170 44264 10966
0b001201 0b001301 10386 100 2097152 9676065 346462 44264 11442
0b001c01 0b001d01 10384 100 2097152 9682160 341470 44264 8556
0b001a01 0b001b01 10386 100 2097152 9708350 319652 44264 8090
0b001c01 0b001d01 10385 100 2097152 9691335 340084 44264 9036
0b001401 0b001501 10386 100 2097152 9691406 341254 44264 11428
0b001a01 0b001b01 10387 100 2097152 9715940 318531 44264 11450
0b001d01 0b001e01 10388 100 2097152 9829051 205619 44264 9533
0b001201 0b001301 10387 100 2097152 9697960 340672 44264 8562
0b001101 0b001201 10385 100 2097152 9697161 342848 44264 8561
0b001901 0b001a01 10385 100 2097152 9628093 416847 44264 10953
0b001c01 0b001d01 10386 100 2097152 9716020 330821 44264 9052
0b001e01 0b001701 10056 100 2097152 9998950 48108 48204 11470
0b001a01 0b001b01 10388 100 2097152 9738911 310151 44264 9066
0b001b01 0b001c01 10383 100 2097152 9595307 455291 44264 8555
0b000301 0b000401 10236 100 2097152 7933718 2127471 176699 11555
0b000301 0b000401 10237 100 2097152 7933722 2127819 176699 12035
0b000301 0b000401 10238 100 2097152 7933730 2128079 176699 13955
0b000301 0b000401 10239 100 2097152 7933734 2128343 176699 14435
0b001301 0b001401 10386 100 2097152 9683168 380042 44264 8083
0b000301 0b000401 10240 100 2097152 7933822 2130195 176699 14915
0b001901 0b001a01 10386 100 2097152 9648158 416868 44264 10969
0b001501 0b001601 10384 100 2097152 9650233 414859 44264 8549
0b001201 0b001301 10388 100 2097152 9735765 329910 44264 8082
0b001901 0b001a01 10387 100 2097152 9649853 416406 44264 8089
0b001b01 0b001c01 10384 100 2097152 9605780 461847 44264 11435
0b001601 0b001701 10388 100 2097152 9798886 272987 44264 10982
0b001b01 0b001c01 10385 100 2097152 9610885 463364 44264 10955
0b001501 0b001601 10385 100 2097152 9656836 419257 44264 10485
0b001101 0b001201 10386 100 2097152 9721103 357275 44264 8081
0b001701 0b001001 10386 100 2097152 9706156 372258 44264 8567
0b001001 0b001101 10386 100 2097152 9775932 308619 44264 11440
0b001401 0b001501 10387 100 2097152 9743353 343806 44264 10964
0b001301 0b001401 10387 100 2097152 9705063 384134 44264 9043
0b001f01 0b001801 10387 100 2097152 9752656 336862 44264 9535
0b001101 0b001201 10387 100 2097152 9733891 360662 44264 10961
0b001501 0b001601 10386 100 2097152 9676414 426039 44264 9045
0b001501 0b001601 10387 100 2097152 9678791 426479 44264 9525
0b001601 0b001701 10389 100 2097152 9856306 251419 44264 8086
0b000001 0b000101 10234 100 2097152 6378393 3732866 176699 11680
0b000401 0b000501 10234 100 2097152 6437087 3674555 176699 13604
0b001d01 0b001e01 10389 100 2097152 9902290 217965 44264 8093
0b001b01 0b001c01 10386 100 2097152 9654930 467720 44264 10971
0b001101 0b001201 10388 100 2097152 9758223 364667 44264 10001
0b001b01 0b001c01 10387 100 2097152 9660871 467280 44264 9051
0b001001 0b001901 10056 100 2097152 10081424 48911 48204 8576
0b001301 0b001401 10388 100 2097152 9745894 384884 44264 9539
0b001501 0b001e01 10056 100 2097152 10090169 48636 48204 10981
0b001401 0b001501 10388 100 2097152 9789773 351493 44264 11444
0b001801 0b001901 10386 100 2097152 9784974 359358 44264 11448
0b001001 0b001101 10387 100 2097152 9817033 327733 44264 10960
0b001b01 0b001c01 10388 100 2097152 9685698 461462 44264 9547
0b001c01 0b001d01 10387 100 2097152 9827100 323520 44264 9532
0b001c01 0b001d01 10388 100 2097152 9827110 323511 44264 9548
0b001a01 0b001b01 10389 100 2097152 9877130 279190 44264 10490
0b001701 0b001801 10056 100 2097152 10110735 48907 48204 8103
0b001601 0b001701 10390 100 2097152 9915975 249149 44264 10006
0b001501 0b001601 10388 100 2097152 9750124 420843 44264 10005
0b001101 0b001201 10389 100 2097152 9812943 360354 44264 9521
0b001c01 0b001d01 10389 100 2097152 9849083 326531 44264 10028
0b001901 0b001a01 10388 100 2097152 9785707 392691 44264 9529
0b001001 0b001101 10388 100 2097152 9846095 333520 44264 10480
0b001701 0b001001 10387 100 2097152 9789230 392967 44264 9527
0b001801 0b001901 10387 100 2097152 9809527 373658 44264 10488
0b001f01 0b001801 10388 100 2097152 9871845 320238 44264 11471
0b001501 0b001601 10389 100 2097152 9785258 412968 44264 8085
0b001001 0b001101 10389 100 2097152 9866168 332284 44264 9520
0b001201 0b001301 10389 100 2097152 9890025 312530 44264 10002
0b001401 0b001501 10389 100 2097152 9843634 359233 44264 9044
0b001f01 0b001801 10389 100 2097152 9888815 315945 44264 10015
0b001e01 0b001f01 10387 100 2097152 9778575 427162 44264 10494
0b001001 0b001101 10390 100 2097152 9877064 329529 44264 8096
0b001801 0b001901 10388 100 2097152 9825476 381456 44264 8104
0b001f01 0b001801 10390 100 2097152 9893216 314075 44264 10495
0b001901 0b001a01 10389 100 2097152 9819724 391816 44264 11449
0b001801 0b001901 10389 100 2097152 9828892 382885 44264 10968
0b001001 0b001101 10391 100 2097152 9886260 326339 44264 9040
0b001001 0b001101 10392 100 2097152 9895809 320883 44264 10000
0b001401 0b001501 10390 100 2097152 9871513 356765 44264 8084
0b001c01 0b001d01 10390 100 2097152 9914440 320311 44264 8092
0b000301 0b000401 10241 100 2097152 8092002 2143399 176699 12563
0b001101 0b001201 10390 100 2097152 9877899 358604 44264 11441
0b001901 0b001a01 10390 100 2097152 9846108 391352 44264 8105
0b001601 0b001701 10391 100 2097152 9993248 245013 44264 9526
0b001101 0b001201 10391 100 2097152 9881600 358687 44264 8097
0b000401 0b000d01 10033 100 2097152 10064819 180224 180639 13972
0b001001 0b001101 10393 100 2097152 10013958 233028 44264 11456
0b001e01 0b001f01 10388 100 2097152 9811757 435341 44264 10014
0b001f01 0b001801 10391 100 2097152 9955705 298231 44264 8575
0b001301 0b001401 10389 100 2097152 9869497 384838 44264 8563
0b001201 0b001301 10390 100 2097152 9932398 322614 44264 10482
0b001501 0b001601 10390 100 2097152 9859909 396516 44264 10501
0b001901 0b001a01 10391 100 2097152 9871365 386336 44264 10009
0b001301 0b001c01 10056 100 2097152 10205565 54809 48204 10019
0b001501 0b001601 10391 100 2097152 9866294 395060 44264 8565
0b001701 0b001001 10388 100 2097152 9849867 415121 44264 9047
0b001201 0b001b01 10056 100 2097152 10176307 89128 48204 9538
0b001e01 0b001f01 10389 100 2097152 9829164 436745 44264 10510
0b001e01 0b001f01 10390 100 2097152 9831145 436525 44264 9534
0b001301 0b001401 10390 100 2097152 9883379 386251 44264 10483
0b001301 0b001401 10391 100 2097152 9883380 386251 44264 10963
0b001a01 0b001301 10056 100 2097152 10181408 89185 48204 9546
0b001d01 0b001e01 10390 100 2097152 9994453 276321 44264 10029
0b001701 0b001001 10389 100 2097152 9854026 416771 44264 10487
0b001e01 0b001f01 10391 100 2097152 9838978 434087 44264 8094
0b001901 0b001a01 10392 100 2097152 9894355 379209 44264 10489
0b001001 0b001101 10394 100 2097152 10185207 88937 44264 9536
0b001a01 0b001b01 10390 100 2097152 9971959 303667 44264 8570
0b000101 0b000201 10237 100 2097152 8344593 1932946 176699 12993
0b000101 0b000201 10238 100 2097152 8344597 1933210 176699 13473
0b000101 0b000201 10239 100 2097152 8344601 1934530 176699 13953
0b000401 0b000501 10235 100 2097152 6645899 3633875 176699 13028
0b000101 0b000201 10240 100 2097152 8344605 1935850 176699 14433
0b000101 0b000201 10241 100 2097152 8344609 1937170 176699 14913
0b001b01 0b001c01 10389 100 2097152 9832132 449721 44264 10491
0b001f01 0b001801 10392 100 2097152 9980456 301829 44264 9055
0b001101 0b001a01 10056 100 2097152 10215609 70674 48204 9057
0b000d01 0b000e01 10259 100 2097152 10248053 44164 44264 13997
0b001901 0b001a01 10393 100 2097152 9930125 362976 44264 8585
0b001701 0b001001 10390 100 2097152 9873897 420441 44264 10007
0b001f01 0b001801 10393 100 2097152 9992777 301806 44264 9071
0b001401 0b001501 10391 100 2097152 9948531 348950 44264 10020
0b001a01 0b001b01 10391 100 2097152 9986722 312119 44264 8586
0b001201 0b001301 10391 100 2097152 9970666 328347 44264 9058
0b001501 0b001601 10392 100 2097152 9938305 368880 44264 9541
0b001801 0b001101 10056 100 2097152 10256946 50439 48204 8584
0b001201 0b001301 10392 100 2097152 9983967 328445 44264 10962
0b001d01 0b001e01 10391 100 2097152 10014054 299841 44264 10509
0b001f01 0b001801 10394 100 2097152 10020792 293812 44264 10991
0b001801 0b001901 10390 100 2097152 9895408 421151 44264 9528
0b001401 0b001501 10392 100 2097152 9970721 348937 44264 8564
0b001f01 0b001001 10056 100 2097152 10276075 49424 48204 8111
0b001b01 0b001c01 10390 100 2097152 9866101 460461 44264 8091
0b001a01 0b001b01 10392 100 2097152 10006963 320699 44264 10010
0b001801 0b001901 10391 100 2097152 9901437 426893 44264 10008
0b001401 0b001501 10393 100 2097152 9986765 344906 44264 9540
0b000601 0b000701 10235 100 2097152 6831396 3502033 176699 13990
0b001b01 0b001c01 10391 100 2097152 9873053 461214 44264 8571
0b001d01 0b001e01 10392 100 2097152 10026640 309278 44264 8573
0b000e01 0b000f01 10259 100 2097152 10295227 44164 44264 14014
0b001d01 0b001e01 10393 100 2097152 10034429 311390 44264 9053
0b001e01 0b001f01 10392 100 2097152 9939633 408993 44264 8574
0b001301 0b001401 10392 100 2097152 9972115 376746 44264 11443
0b001801 0b001901 10392 100 2097152 9915166 434724 44264 11464
0b001401 0b001d01 10056 100 2097152 10272640 80271 48204 10500
0b001d01 0b001e01 10394 100 2097152 10049851 311985 44264 9069
0b001201 0b001301 10393 100 2097152 10043019 320103 44264 8578
0b001c01 0b001501 10056 100 2097152 10284863 80879 48204 10508
0b001501 0b001601 10393 100 2097152 10017541 348569 44264 10021
0b001b01 0b001c01 10392 100 2097152 9909294 457446 44264 11451
0b001601 0b001701 10392 100 2097152 10068102 303232 44264 8566
0b000201 0b000301 10235 100 2097152 6802617 3576799 176699 12066
0b001501 0b001601 10394 100 2097152 10035670 344653 44264 11445
0b001101 0b001201 10392 100 2097152 9997176 384185 44264 10481
0b001101 0b001201 10393 100 2097152 9999448 384774 44264 8577
0b001c01 0b001d01 10391 100 2097152 10053608 331157 44264 8572
0b000f01 0b000801 10259 100 2097152 10342401 44164 44264 14031
0b001a01 0b001b01 10393 100 2097152 10047950 338915 44264 10970
0b001401 0b001501 10394 100 2097152 10066220 322216 44264 8100
0b001b01 0b001401 10056 100 2097152 10330672 59046 48204 10027
0b001601 0b001701 10393 100 2097152 10079103 315402 44264 10502
0b001801 0b001901 10393 100 2097152 9951204 450167 44264 9048
0b001201 0b001301 10394 100 2097152 10081388 321124 44264 8098
0b001801 0b001901 10394 100 2097152 9954069 450471 44264 10984
0b001701 0b001001 10391 100 2097152 9949978 456855 44264 11463
0b001401 0b001501 10395 100 2097152 10092207 315392 44264 9060
0b001e01 0b001f01 10393 100 2097152 9993000 414877 44264 10990
0b001301 0b001401 10393 100 2097152 10022918 387816 44264 9059
0b001001 0b001101 10395 100 2097152 10267998 145503 44264 9056
0b001301 0b001401 10394 100 2097152 10025537 388168 44264 11459
0b001c01 0b001d01 10392 100 2097152 10070637 344840 44264 11452
0b001201 0b001301 10395 100 2097152 10097563 321075 44264 10978
0b001a01 0b001b01 10394 100 2097152 10068036 350686 44264 10986
0b000101 0b000201 10242 100 2097152 8370565 2049362 176699 11617
0b001a01 0b001b01 10395 100 2097152 10069269 350840 44264 8106
0b001c01 0b001d01 10393 100 2097152 10077259 347019 44264 10972
0b001001 0b001101 10396 100 2097152 10273807 151839 44264 10496
0b000501 0b000601 10237 100 2097152 8212675 2215369 176699 14101
0b001301 0b001401 10395 100 2097152 10041642 387051 44264 8579
0b001e01 0b001f01 10394 100 2097152 10013317 417331 44264 10030
0b001601 0b001f01 10056 100 2097152 10383333 48241 48204 11462
0b000801 0b000901 10259 100 2097152 10389575 44164 44264 14040
0b001601 0b001701 10394 100 2097152 10105463 331283 44264 9062
0b001201 0b001301 10396 100 2097152 10125900 312979 44264 10018
0b001601 0b001701 10395 100 2097152 10108280 331855 44264 9542
0b001401 0b001501 10396 100 2097152 10133788 308386 44264 9556
0b001f01 0b001801 10395 100 2097152 10208747 235407 44264 10511
0b001301 0b001401 10396 100 2097152 10068685 382189 44264 8099
0b001701 0b001001 10392 100 2097152 9979700 471186 44264 10967
0b001e01 0b001f01 10395 100 2097152 10037680 417081 44264 9550
0b000001 0b000101 10235 100 2097152 6671728 3785727 176699 14944
0b000201 0b000b01 10033 100 2097152 10280549 181087 180639 13010
0b001001 0b001101 10397 100 2097152 10297348 165769 44264 10016
0b001701 0b001001 10393 100 2097152 9991470 475631 44264 10503
0b000501 0b000601 10238 100 2097152 8271948 2199368 176699 11557
0b000501 0b000601 10239 100 2097152 8271952 2199452 176699 12037
0b000501 0b000601 10240 100 2097152 8272040 2199632 176699 12517
0b000501 0b000601 10241 100 2097152 8272044 2199632 176699 12997
0b000501 0b000601 10242 100 2097152 8272136 2199632 176699 14917
0b001c01 0b001d01 10394 100 2097152 10125660 346975 44264 10988
0b001b01 0b001c01 10393 100 2097152 10021309 452694 44264 9067
0b001d01 0b001e01 10395 100 2097152 10153630 321237 44264 9549
0b001d01 0b001e01 10396 100 2097152 10153640 321228 44264 9565
0b001d01 0b001601 10056 100 2097152 10427288 48210 48204 10989
0b001c01 0b001d01 10395 100 2097152 10131161 345571 44264 9068
0b001901 0b001a01 10394 100 2097152 10133345 344820 44264 8601
0b000901 0b000a01 10259 100 2097152 10436749 44164 44264 14057
0b001b01 0b001c01 10394 100 2097152 10031012 451792 44264 8107
0b001901 0b001201 10056 100 2097152 10404381 80659 48204 9065
0b001b01 0b001c01 10395 100 2097152 10037481 450076 44264 11467
0b001101 0b001201 10394 100 2097152 10087561 400030 44264 11457
0b001c01 0b001d01 10396 100 2097152 10150170 339749 44264 9564
0b001301 0b001c01 10057 100 2097152 10441889 48310 48204 10035
0b001501 0b001601 10395 100 2097152 10144276 348898 44264 11461
0b001701 0b001001 10394 100 2097152 10014751 478751 44264 9063
0b001901 0b001a01 10395 100 2097152 10147342 346840 44264 11465
0b001d01 0b001e01 10397 100 2097152 10178624 316208 44264 10045
0b001b01 0b001c01 10396 100 2097152 10052072 444638 44264 9083
0b001101 0b001a01 10057 100 2097152 10416511 80667 48204 9073
0b001701 0b001001 10395 100 2097152 10023662 478772 44264 10983
0b001201 0b001301 10397 100 2097152 10239513 263325 44264 11458
0b001001 0b001101 10398 100 2097152 10328509 174881 44264 8112
0b001201 0b001301 10398 100 2097152 10243297 261852 44264 8114
0b001f01 0b001801 10396 100 2097152 10250108 258269 44264 10031
0b000b01 0b000c01 10259 100 2097152 10464646 46529 44264 13035
0b001601 0b001701 10396 100 2097152 10173977 338587 44264 10022
0b000701 0b000001 10238 100 2097152 8450051 2062847 176699 12039
0b000701 0b000001 10239 100 2097152 8450055 2063111 176699 12519
0b001701 0b001001 10396 100 2097152 10050068 474459 44264 11479
0b001901 0b001a01 10396 100 2097152 10186195 342967 44264 10505
0b000a01 0b000b01 10259 100 2097152 10483923 45347 44264 14074
0b001d01 0b001601 10057 100 2097152 10475645 57740 48204 11005
0b001f01 0b001801 10397 100 2097152 10268919 264869 44264 10527
0b001f01 0b001801 10398 100 2097152 10270680 264829 44264 9551
0b001e01 0b001f01 10396 100 2097152 10123265 413503 44264 8110
0b001d01 0b001e01 10398 100 2097152 10237761 301401 44264 8109
0b001601 0b001701 10397 100 2097152 10201236 339070 44264 8102
0b001801 0b001901 10395 100 2097152 10092528 448759 44264 9544
0b001701 0b001001 10397 100 2097152 10074883 467601 44264 10999
0b001901 0b001a01 10397 100 2097152 10209942 337441 44264 8121
0b001901 0b001a01 10398 100 2097152 10214787 336161 44264 10985
0b000301 0b000401 10242 100 2097152 8418030 2135715 176699 12579
0b001e01 0b001f01 10397 100 2097152 10141815 412822 44264 11006
0b000c01 0b000d01 10259 100 2097152 10514185 46642 44264 13052
0b001b01 0b001c01 10397 100 2097152 10159330 409761 44264 10507
0b000301 0b000401 10243 100 2097152 8519308 2050097 176699 13139
0b001501 0b001601 10396 100 2097152 10205877 363924 44264 9061
0b001601 0b001f01 10057 100 2097152 10496184 73934 48204 11478
0b001401 0b001501 10397 100 2097152 10257345 319342 44264 8580
0b000b01 0b000c01 10260 100 2097152 10532280 45403 44264 14091
0b001101 0b001201 10395 100 2097152 10147776 437808 44264 10977
0b001201 0b001301 10399 100 2097152 10384371 207089 44264 10498
0b001401 0b001501 10398 100 2097152 10272641 319314 44264 10980
0b001201 0b001301 10400 100 2097152 10387232 206165 44264 8594
0b001601 0b001701 10398 100 2097152 10259435 337174 44264 10518
0b001a01 0b001b01 10396 100 2097152 10214550 382725 44264 11466
0b001601 0b001701 10399 100 2097152 10264364 336470 44264 8582
0b001501 0b001601 10397 100 2097152 10231288 369938 44264 8101
0b001701 0b001001 10398 100 2097152 10168134 433738 44264 10023
0b000d01 0b000e01 10260 100 2097152 10563837 44164 44264 13069
0b000701 0b000001 10240 100 2097152 8456939 2154427 176699 12999
0b000701 0b000001 10241 100 2097152 8456943 2154427 176699 13479
0b000701 0b000001 10242 100 2097152 8457031 2154431 176699 13959
0b001d01 0b001e01 10399 100 2097152 10355921 263652 44264 10525
0b001801 0b001901 10396 100 2097152 10162652 457991 44264 8120
0b000501 0b000601 10243 100 2097152 8411368 2211404 176699 13541
0b001f01 0b001001 10057 100 2097152 10539778 90480 48204 8127
0b001901 0b001a01 10399 100 2097152 10319569 312080 44264 9545
0b001701 0b001801 10057 100 2097152 10543316 90339 48204 8119
0b001601 0b001701 10400 100 2097152 10310195 324238 44264 9558
0b001c01 0b001d01 10397 100 2097152 10263384 372294 44264 10044
0b001001 0b001101 10399 100 2097152 10409843 226045 44264 11472
0b001a01 0b001b01 10397 100 2097152 10240470 397466 44264 8122
0b001101 0b001201 10396 100 2097152 10182625 455324 44264 10497
0b001901 0b001a01 10400 100 2097152 10331340 310100 44264 10025
0b001f01 0b001801 10399 100 2097152 10351636 291304 44264 8591
0b001d01 0b001e01 10400 100 2097152 10387775 257609 44264 8589
0b001301 0b001401 10397 100 2097152 10258022 390143 44264 10499
0b001b01 0b001c01 10398 100 2097152 10268445 381395 44264 9563
0b001501 0b001e01 10057 100 2097152 10594965 58787 48204 10997
0b001901 0b001a01 10401 100 2097152 10352900 300861 44264 11481
0b000601 0b000f01 10033 100 2097152 10474778 180222 180639 14934
0b000e01 0b000f01 10260 100 2097152 10611011 44164 44264 13086
0b001801 0b001901 10397 100 2097152 10195093 460974 44264 11480
0b001701 0b001001 10399 100 2097152 10241271 414792 44264 9543
0b001b01 0b001c01 10399 100 2097152 10278636 378289 44264 8587
0b001c01 0b001501 10057 100 2097152 10572101 85633 48204 10524
0b001201 0b001301 10401 100 2097152 10488050 174388 44264 9074
0b001201 0b001301 10402 100 2097152 10490601 173356 44264 11474
0b001101 0b001201 10397 100 2097152 10201462 463130 44264 9537
0b001a01 0b001b01 10398 100 2097152 10260711 405152 44264 10026
0b001d01 0b001e01 10401 100 2097152 10418487 247423 44264 11469
0b001401 0b001501 10399 100 2097152 10351871 314141 44264 11460
0b001601 0b001701 10401 100 2097152 10369120 298094 44264 10038
0b001801 0b001901 10398 100 2097152 10207770 461058 44264 10024
0b001301 0b001401 10398 100 2097152 10273603 396527 44264 9555
0b001b01 0b001c01 10400 100 2097152 10301851 368807 44264 8603
0b001801 0b001901 10399 100 2097152 10210301 460904 44264 10504
0b001101 0b001201 10398 100 2097152 10209603 464119 44264 8113
0b000c01 0b000501 10041 100 2097152 10580693 94237 48204 14108
0b001901 0b001a01 10402 100 2097152 10407550 274802 44264 11001
0b000301 0b000401 10244 100 2097152 8569486 2113271 176699 12051
0b001101 0b001201 10399 100 2097152 10219702 462997 44264 10017
0b001e01 0b001f01 10398 100 2097152 10273784 411304 44264 10046
0b001a01 0b001b01 10399 100 2097152 10276574 408896 44264 10506
0b000001 0b000101 10236 100 2097152 6951060 3734599 176699 14960
0b001501 0b001601 10398 100 2097152 10300491 388521 44264 10037
0b001d01 0b001e01 10402 100 2097152 10479742 213625 44264 9085
0b001a01 0b001301 10057 100 2097152 10634659 60051 48204 9562
0b000001 0b000901 10033 100 2097152 10515908 181832 180639 12048
0b001d01 0b001e01 10403 100 2097152 10492929 204839 44264 9581
0b001a01 0b001b01 10400 100 2097152 10289293 411687 44264 9082
0b001801 0b001101 10057 100 2097152 10645950 59641 48204 8600
0b001101 0b001201 10400 100 2097152 10249996 456112 44264 11473
0b001401 0b001501 10400 100 2097152 10392728 313527 44264 10036
0b000201 0b000301 10236 100 2097152 7140002 3568014 176699 12082
0b001a01 0b001b01 10401 100 2097152 10296111 411690 44264 8602
0b001401 0b001d01 10057 100 2097152 10651175 60493 48204 10516
0b000101 0b000201 10243 100 2097152 8665327 2048212 176699 12177
0b001301 0b001401 10399 100 2097152 10302023 414154 44264 9075
0b001e01 0b001701 10057 100 2097152 10668920 48108 48204 11486
0b001f01 0b001801 10400 100 2097152 10410887 307518 44264 11007
0b001b01 0b001401 10057 100 2097152 10668873 52082 48204 10043
0b001501 0b001601 10399 100 2097152 10322668 399524 44264 8581
0b001401 0b001501 10401 100 2097152 10413744 312470 44264 9076
0b001101 0b001201 10401 100 2097152 10277154 449503 44264 9553
0b001201 0b001b01 10057 100 2097152 10667602 61304 48204 9554
0b001401 0b001501 10402 100 2097152 10416715 312536 44264 11476
0b001b01 0b001c01 10401 100 2097152 10389875 340109 44264 10987
0b001c01 0b001d01 10398 100 2097152 10329572 400505 44264 8108
0b001801 0b001901 10400 100 2097152 10285295 446921 44264 9064
0b000601 0b000701 10236 100 2097152 7275582 3456871 176699 14006
0b001301 0b001401 10400 100 2097152 10315422 419148 44264 10979
0b001d01 0b001e01 10404 100 2097152 10638688 97871 44264 10061
0b001601 0b001701 10402 100 2097152 10478508 259292 44264 10998
0b001501 0b001601 10400 100 2097152 10334681 404504 44264 9557
0b001401 0b001501 10403 100 2097152 10431703 308641 44264 8596
0b001c01 0b001d01 10399 100 2097152 10337277 403163 44264 8588
0b001f01 0b001801 10401 100 2097152 10433658 307452 44264 10047
0b001801 0b001901 10401 100 2097152 10297593 443625 44264 9080
0b001f01 0b001801 10402 100 2097152 10434584 307187 44264 11487
0b000901 0b000a01 10260 100 2097152 10700750 44164 44264 12073
0b000f01 0b000801 10261 100 2097152 10658010 88033 44264 14959
0b000f01 0b000801 10260 100 2097152 10658185 88030 44264 13103
0b001101 0b001201 10402 100 2097152 10310395 436195 44264 8593
0b001201 0b001301 10403 100 2097152 10588594 160727 44264 10994
0b001001 0b001101 10400 100 2097152 10453896 298421 44264 10976
0b001f01 0b001801 10403 100 2097152 10457771 296585 44264 9567
0b001801 0b001901 10402 100 2097152 10317614 437650 44264 11000
0b001401 0b001501 10404 100 2097152 10453884 301421 44264 8116
0b001b01 0b001c01 10402 100 2097152 10421732 336324 44264 11003
0b001b01 0b001c01 10403 100 2097152 10423119 335862 44264 8123
0b001e01 0b001f01 10399 100 2097152 10316905 447066 44264 10526
0b000401 0b000501 10236 100 2097152 7076751 3690275 176699 13044
0b001901 0b001a01 10403 100 2097152 10544297 227102 44264 9561
0b001c01 0b001d01 10400 100 2097152 10369750 409771 44264 11468
0b001501 0b001601 10401 100 2097152 10368752 419986 44264 10517
0b001701 0b001001 10400 100 2097152 10374344 414476 44264 8583
0b001201 0b001b01 10058 100 2097152 10729667 59404 48204 9570
0b001001 0b001101 10401 100 2097152 10470111 319699 44264 10512
0b001601 0b001701 10403 100 2097152 10536395 253554 44264 11014
0b000a01 0b000b01 10260 100 2097152 10747924 44164 44264 12090
0b001301 0b001401 10401 100 2097152 10366132 431495 44264 8595
0b000701 0b000001 10243 100 2097152 8597531 2201598 176699 14519
0b001e01 0b001f01 10400 100 2097152 10338928 460794 44264 8590
0b001f01 0b001801 10404 100 2097152 10557647 252664 44264 11023
0b001e01 0b001f01 10401 100 2097152 10348829 464358 44264 9070
0b001701 0b001001 10401 100 2097152 10397515 416280 44264 10519
0b001101 0b001201 10403 100 2097152 10428656 389641 44264 10513
0b001f01 0b001801 10405 100 2097152 10573128 248562 44264 11503
0b001901 0b001201 10057 100 2097152 10735226 86825 48204 9081
0b001501 0b001601 10402 100 2097152 10391446 430689 44264 8117
0b001601 0b001701 10404 100 2097152 10572811 252673 44264 9078
0b001901 0b001201 10058 100 2097152 10744228 87574 48204 9097
0b000301 0b000401 10245 100 2097152 8902598 1930123 176699 12595
0b001e01 0b001f01 10402 100 2097152 10364846 467944 44264 9086
0b000801 0b000901 10260 100 2097152 10749053 88033 44264 14968
0b000801 0b000901 10261 100 2097152 10749225 88033 44264 13112
0b001a01 0b001301 10058 100 2097152 10774409 62814 48204 9578
0b001001 0b001101 10402 100 2097152 10496512 342165 44264 9072
0b001201 0b001301 10404 100 2097152 10640959 197797 44264 10514
0b000b01 0b000c01 10261 100 2097152 10795098 44164 44264 12107
0b001101 0b001201 10404 100 2097152 10466127 374615 44264 10033
0b001301 0b001401 10402 100 2097152 10405522 435715 44264 8115
0b001001 0b001901 10057 100 2097152 10791830 49813 48204 8592
0b001501 0b001601 10403 100 2097152 10410609 435507 44264 9077
0b001901 0b001a01 10404 100 2097152 10623653 226617 44264 8137
0b001001 0b001101 10403 100 2097152 10505444 346632 44264 10992
0b001601 0b001701 10405 100 2097152 10604236 250843 44264 8118
0b001701 0b001001 10402 100 2097152 10439756 418048 44264 9079
0b000701 0b000001 10244 100 2097152 8727439 2131303 176699 15063
0b001d01 0b001e01 10405 100 2097152 10714678 145817 44264 10541
0b001101 0b001201 10405 100 2097152 10506400 354411 44264 8129
0b001701 0b001001 10403 100 2097152 10443145 417740 44264 9559
0b001301 0b001401 10403 100 2097152 10421648 440115 44264 10995
0b001501 0b001601 10404 100 2097152 10445184 435385 44264 9573
0b001001 0b001101 10404 100 2097152 10527537 356404 44264 11488
0b000c01 0b000d01 10260 100 2097152 10842272 44164 44264 12124
0b001d01 0b001e01 10406 100 2097152 10733087 155018 44264 8125
0b001101 0b001a01 10058 100 2097152 10841687 48108 48204 9089
0b001901 0b001a01 10405 100 2097152 10659077 232114 44264 11497
0b001801 0b001901 10403 100 2097152 10447164 444400 44264 10520
0b001d01 0b001e01 10407 100 2097152 10743450 154600 44264 8605
0b001001 0b001101 10405 100 2097152 10545494 359392 44264 11008
0b001f01 0b001801 10406 100 2097152 10688098 217615 44264 10063
0b001701 0b001801 10058 100 2097152 10858089 48108 48204 8135
0b001901 0b001a01 10406 100 2097152 10671838 234384 44264 10041
0b001901 0b001a01 10407 100 2097152 10674215 233944 44264 10521
0b001d01 0b001e01 10408 100 2097152 10782531 128544 44264 11485
0b001b01 0b001c01 10404 100 2097152 10600285 312257 44264 11483
0b001401 0b001501 10405 100 2097152 10673140 246233 44264 9572
0b001701 0b001001 10404 100 2097152 10515574 412059 44264 10039
0b000901 0b000a01 10261 100 2097152 10840096 88033 44264 14985
0b000901 0b000a01 10262 100 2097152 10840268 88033 44264 13129
0b001c01 0b001d01 10401 100 2097152 10477013 454072 44264 9084
0b000d01 0b000e01 10261 100 2097152 10889446 44164 44264 12141
0b001101 0b001201 10406 100 2097152 10638898 295600 44264 11489
0b001a01 0b001b01 10402 100 2097152 10481175 463896 44264 8618
0b001201 0b001301 10405 100 2097152 10676732 270233 44264 8130
0b001c01 0b001d01 10402 100 2097152 10485814 461511 44264 8124
0b001b01 0b001c01 10405 100 2097152 10640946 306449 44264 8139
0b001c01 0b001d01 10403 100 2097152 10490567 464195 44264 11484
0b001901 0b001a01 10408 100 2097152 10758274 199518 44264 11017
0b001c01 0b001d01 10404 100 2097152 10493209 465315 44264 10060
0b001001 0b001101 10406 100 2097152 10604882 354921 44264 10032
0b001e01 0b001701 10058 100 2097152 10914085 48108 48204 11502
0b001c01 0b001d01 10405 100 2097152 10499720 466131 44264 9100
0b001401 0b001501 10406 100 2097152 10719187 248916 44264 9092
0b001f01 0b001801 10407 100 2097152 10766981 202284 44264 10543
0b001401 0b001501 10407 100 2097152 10723965 248099 44264 10052
0b001801 0b001901 10404 100 2097152 10511387 462290 44264 10040
0b001201 0b001301 10406 100 2097152 10685709 288185 44264 10034
0b001601 0b001701 10406 100 2097152 10692022 283006 44264 10054
0b000a01 0b000b01 10261 100 2097152 10931139 44164 44264 15002
0b001a01 0b001b01 10403 100 2097152 10497192 478706 44264 11482
0b001301 0b001401 10404 100 2097152 10505848 472415 44264 11475
0b000a01 0b000301 10041 100 2097152 10931311 48145 48204 13146
0b000e01 0b000f01 10261 100 2097152 10936620 44164 44264 12158
0b001a01 0b001b01 10404 100 2097152 10500188 480573 44264 9098
0b001001 0b001101 10407 100 2097152 10633268 347788 44264 8128
0b001301 0b001401 10405 100 2097152 10508159 472986 44264 8131
0b001401 0b001501 10408 100 2097152 10737580 244657 44264 10996
0b001e01 0b001f01 10403 100 2097152 10477877 509269 44264 9566
0b001e01 0b001f01 10404 100 2097152 10477887 509281 44264 9582
0b000101 0b000201 10244 100 2097152 8923621 2064235 176699 14929
0b000701 0b000001 10245 100 2097152 8859103 2130339 176699 14535
0b001101 0b001201 10407 100 2097152 10708601 281281 44264 8609
0b000701 0b000001 10246 100 2097152 8896807 2098495 176699 13975
0b001001 0b001101 10408 100 2097152 10659073 338044 44264 9552
0b001901 0b001a01 10409 100 2097152 10844653 154086 44264 8617
0b001f01 0b001801 10408 100 2097152 10802732 196506 44264 8607
0b001b01 0b001c01 10406 100 2097152 10688480 311394 44264 10523
0b001801 0b001901 10405 100 2097152 10536798 467244 44264 10536
0b001801 0b001901 10406 100 2097152 10538519 467218 44264 9560
0b000101 0b000201 10245 100 2097152 8934713 2076615 176699 11633
0b001f01 0b001801 10409 100 2097152 10816197 194989 44264 9087
0b001e01 0b001f01 10405 100 2097152 10497842 513769 44264 10062
0b001501 0b001601 10405 100 2097152 10579697 434165 44264 8597
0b001601 0b001701 10407 100 2097152 10725202 289563 44264 8598
0b001b01 0b001c01 10407 100 2097152 10703990 313903 44264 9099
0b000b01 0b000c01 10262 100 2097152 10978313 44164 44264 15019
0b001b01 0b001c01 10408 100 2097152 10710811 312891 44264 8619
0b001201 0b001301 10407 100 2097152 10709118 315029 44264 11490
0b001a01 0b001b01 10405 100 2097152 10532172 493166 44264 10522
0b001301 0b001c01 10058 100 2097152 10976904 48913 48204 10051
0b000f01 0b000801 10262 100 2097152 10983794 44164 44264 12175
0b001f01 0b001801 10410 100 2097152 10835800 192374 44264 9103
0b001901 0b001a01 10410 100 2097152 10894574 134930 44264 10537
0b001701 0b001001 10405 100 2097152 10599619 432370 44264 10535
0b001601 0b001701 10408 100 2097152 10742195 290061 44264 9574
0b001501 0b001e01 10058 100 2097152 10985247 49658 48204 11013
0b001701 0b001001 10406 100 2097152 10603844 434111 44264 8599
0b001b01 0b001c01 10409 100 2097152 10731916 306949 44264 9579
0b001a01 0b001b01 10406 100 2097152 10550393 497808 44264 8138
0b001101 0b001201 10408 100 2097152 10755327 294598 44264 10993
0b001a01 0b001b01 10407 100 2097152 10553958 498204 44264 11002
0b001c01 0b001501 10058 100 2097152 11002884 49527 48204 10540
0b001401 0b001501 10409 100 2097152 10800637 255081 44264 8612
0b001e01 0b001f01 10406 100 2097152 10542172 516300 44264 8126
0b000c01 0b000d01 10261 100 2097152 11025487 44164 44264 15036
0b001301 0b001401 10406 100 2097152 10594470 477474 44264 10515
0b001801 0b001101 10058 100 2097152 11002248 70620 48204 8616
0b001301 0b001401 10407 100 2097152 10596407 477341 44264 8611
0b001601 0b001701 10409 100 2097152 10791748 282110 44264 10534
0b001701 0b001001 10407 100 2097152 10637443 442802 44264 9575
0b001001 0b001101 10409 100 2097152 10816805 265311 44264 10528
0b001d01 0b001e01 10409 100 2097152 10934095 150383 44264 9101
0b001201 0b001301 10408 100 2097152 10749600 343984 44264 8610
0b001401 0b001501 10410 100 2097152 10844247 249805 44264 8132
0b000501 0b000601 10244 100 2097152 8919240 2175827 176699 13013
0b001b01 0b001c01 10410 100 2097152 10792081 303552 44264 9595
0b001601 0b001701 10410 100 2097152 10825145 270978 44264 8134
0b001101 0b001201 10409 100 2097152 10792820 304564 44264 10529
0b000001 0b000101 10237 100 2097152 7362392 3741343 176699 14976
0b001401 0b001501 10411 100 2097152 10864773 242920 44264 11012
0b001601 0b001701 10411 100 2097152 10849126 259010 44264 9094
0b001801 0b001901 10407 100 2097152 10636665 474571 44264 8136
0b001001 0b001101 10410 100 2097152 10860814 251465 44264 9088
0b001001 0b001101 10411 100 2097152 10863895 250166 44264 9568
0b000d01 0b000e01 10262 100 2097152 11072661 44164 44264 15053
0b001901 0b001a01 10411 100 2097152 10976687 140096 44264 10057
0b001701 0b001001 10408 100 2097152 10670224 449036 44264 10055
0b001601 0b001701 10412 100 2097152 10883579 235778 44264 9590
0b001401 0b001d01 10058 100 2097152 11074954 48702 48204 10532
0b001501 0b001601 10406 100 2097152 10660744 464672 44264 10533
0b001301 0b001401 10408 100 2097152 10665448 463416 44264 9091
0b001301 0b001401 10409 100 2097152 10666967 462975 44264 11491
0b001f01 0b001001 10058 100 2097152 11061482 69712 48204 8143
0b000801 0b000101 10041 100 2097152 11030968 104093 48204 12184
0b001501 0b001601 10407 100 2097152 10669022 467219 44264 11477
0b001f01 0b001801 10411 100 2097152 10990156 148837 44264 9583
0b001f01 0b001801 10412 100 2097152 10990178 148816 44264 9599
0b001a01 0b001b01 10408 100 2097152 10644450 497125 44264 10042
0b001c01 0b001d01 10406 100 2097152 10652850 488891 44264 9580
0b001f01 0b001801 10413 100 2097152 11014621 130468 44264 10079
0b000601 0b000701 10237 100 2097152 7585870 3563395 176699 14022
0b001301 0b001401 10410 100 2097152 10697720 451627 44264 9571
0b001001 0b001901 10058 100 2097152 11040965 108640 48204 8608
0b001601 0b001701 10413 100 2097152 11016872 133360 44264 8614
0b001c01 0b001d01 10407 100 2097152 10659935 490519 44264 8604
0b001901 0b001a01 10412 100 2097152 11007052 144718 44264 10553
0b001e01 0b001f01 10407 100 2097152 10622583 529607 44264 10542
0b001901 0b001a01 10413 100 2097152 11008747 144210 44264 9577
0b001a01 0b001b01 10409 100 2097152 10656771 497155 44264 11498
0b001001 0b001101 10412 100 2097152 10930643 223639 44264 10048
0b001d01 0b001e01 10410 100 2097152 10950335 207434 44264 8141
0b001701 0b001801 10059 100 2097152 11099133 64281 48204 8151
0b001c01 0b001d01 10408 100 2097152 10673668 490427 44264 8620
0b001101 0b001a01 10059 100 2097152 11115289 49356 48204 9105
0b000101 0b000201 10246 100 2097152 9261233 1911266 176699 14945
0b001701 0b001001 10409 100 2097152 10720038 456784 44264 11495
0b000301 0b000401 10246 100 2097152 9337006 1840983 176699 12067
0b001501 0b001e01 10059 100 2097152 11110703 67424 48204 11029
0b001a01 0b001b01 10410 100 2097152 10685362 493886 44264 11018
0b001301 0b001401 10411 100 2097152 10752331 426981 44264 11011
0b001e01 0b001f01 10408 100 2097152 10648394 531001 44264 8606
0b001d01 0b001e01 10411 100 2097152 10957772 224466 44264 11501
0b001501 0b001601 10408 100 2097152 10709265 473925 44264 10053
0b001601 0b001701 10414 100 2097152 11128426 57187 44264 10550
0b001e01 0b001f01 10409 100 2097152 10656762 530338 44264 11022
0b001d01 0b001e01 10412 100 2097152 10961534 228250 44264 10077
0b001101 0b001201 10410 100 2097152 10855086 335722 44264 11009
0b001b01 0b001401 10058 100 2097152 11144585 49687 48204 10059
0b001401 0b001501 10412 100 2097152 10981273 213667 44264 11492
0b001701 0b001001 10410 100 2097152 10740810 456572 44264 11015
0b001d01 0b001e01 10413 100 2097152 10968861 230054 44264 9117
0b001401 0b001501 10413 100 2097152 10984155 215120 44264 8148
0b001501 0b001601 10409 100 2097152 10729224 475228 44264 9093
0b001a01 0b001301 10059 100 2097152 11155967 49762 48204 9594
0b000e01 0b000701 10041 100 2097152 11119835 86015 48204 15070
0b001501 0b001601 10410 100 2097152 10732261 475272 44264 11493
0b001c01 0b001d01 10409 100 2097152 10732994 479831 44264 11004
0b000501 0b000601 10245 100 2097152 9073652 2141512 176699 13557
0b001501 0b001601 10411 100 2097152 10743354 473486 44264 8613
0b001e01 0b001f01 10410 100 2097152 10696377 521224 44264 9102
0b001901 0b001a01 10414 100 2097152 11114246 105431 44264 8153
0b001e01 0b001f01 10411 100 2097152 10700778 519816 44264 9598
0b001301 0b001401 10412 100 2097152 10840233 380990 44264 9587
0b001301 0b001401 10413 100 2097152 10841766 379986 44264 10531
0b001801 0b001901 10408 100 2097152 10721415 502105 44264 11016
0b001201 0b001301 10409 100 2097152 10821307 403582 44264 10530
0b001501 0b001601 10412 100 2097152 10758315 469438 44264 8133
0b001201 0b001301 10410 100 2097152 10825061 405373 44264 9090
0b001c01 0b001d01 10410 100 2097152 10761066 473760 44264 11020
0b001c01 0b001d01 10411 100 2097152 10761991 473452 44264 8140
0b001901 0b001a01 10415 100 2097152 11152615 85415 44264 8633
0b001701 0b001001 10411 100 2097152 10792959 447612 44264 11031
0b001f01 0b001801 10414 100 2097152 11155200 85800 44264 10559
0b001201 0b001301 10411 100 2097152 10834812 406711 44264 9106
0b001e01 0b001f01 10412 100 2097152 10739569 501970 44264 10078
0b001601 0b001f01 10058 100 2097152 11139251 107210 48204 11494
0b001101 0b001201 10411 100 2097152 10886951 359673 44264 11505
0b001201 0b001301 10412 100 2097152 10843752 406246 44264 10050
0b001801 0b001901 10409 100 2097152 10744120 509655 44264 10056
0b001801 0b001901 10410 100 2097152 10744781 509655 44264 11496
0b001b01 0b001c01 10411 100 2097152 10948081 308805 44264 8635
0b001001 0b001101 10413 100 2097152 11034999 224895 44264 10544
0b001201 0b001301 10413 100 2097152 10863821 401247 44264 8146
0b001801 0b001901 10411 100 2097152 10757366 509941 44264 9576
0b001701 0b001001 10412 100 2097152 10828494 439006 44264 9095
0b001301 0b001401 10414 100 2097152 10949975 319363 44264 8147
0b001101 0b001201 10412 100 2097152 10907896 366541 44264 11025
0b001401 0b001d01 10059 100 2097152 11224762 50287 48204 10548
0b001e01 0b001701 10059 100 2097152 11185248 97501 48204 11518
0b001601 0b001701 10415 100 2097152 11186200 104941 44264 10070
0b001b01 0b001c01 10412 100 2097152 10978908 313861 44264 11499
0b001b01 0b001c01 10413 100 2097152 10983771 313223 44264 9115
0b001301 0b001401 10415 100 2097152 11027157 274038 44264 11507
0b001301 0b001c01 10059 100 2097152 11253008 48996 48204 10067
0b001e01 0b001f01 10413 100 2097152 10863505 441131 44264 10558
0b001201 0b001301 10414 100 2097152 10937508 368464 44264 11506
0b001001 0b001101 10414 100 2097152 11083255 232744 44264 9584
0b001d01 0b001601 10058 100 2097152 11215835 100340 48204 11021
0b001401 0b001501 10414 100 2097152 11076758 240014 44264 8628
0b001801 0b001901 10412 100 2097152 10813321 503795 44264 11032
0b001e01 0b001f01 10414 100 2097152 10891115 426083 44264 8142
0b001e01 0b001f01 10415 100 2097152 10901060 419483 44264 8622
0b001c01 0b001d01 10412 100 2097152 10915552 406519 44264 11500
0b001301 0b001401 10416 100 2097152 11096594 227265 44264 8627
0b001d01 0b001601 10059 100 2097152 11237836 86454 48204 11037
0b001801 0b001901 10413 100 2097152 10824700 500425 44264 11512
0b001b01 0b001c01 10414 100 2097152 11028348 301097 44264 10539
0b001601 0b001f01 10059 100 2097152 11210543 120756 48204 11510
0b001201 0b001301 10415 100 2097152 10992892 338425 44264 8626
0b001101 0b001201 10413 100 2097152 10962813 371402 44264 10049
0b001901 0b001a01 10416 100 2097152 11226530 110984 44264 11033
0b001c01 0b001d01 10413 100 2097152 10950405 390151 44264 8156
0b001a01 0b001b01 10411 100 2097152 10853280 490300 44264 8154
0b001b01 0b001c01 10415 100 2097152 11051211 295135 44264 8155
0b001501 0b001601 10413 100 2097152 10922383 424571 44264 9589
0b001b01 0b001c01 10416 100 2097152 11055172 293155 44264 11019
0b001f01 0b001801 10415 100 2097152 11182405 169955 44264 8623
0b001101 0b001201 10414 100 2097152 10984066 368366 44264 8145
0b001e01 0b001f01 10416 100 2097152 11037915 317411 44264 11038
0b001201 0b001301 10416 100 2097152 11052935 304570 44264 11010
0b000201 0b000301 10237 100 2097152 7688954 3672026 176699 12098
0b001001 0b001101 10415 100 2097152 11122270 239050 44264 10064
0b001101 0b001201 10415 100 2097152 11000127 363310 44264 9569
0b001d01 0b001e01 10414 100 2097152 11126666 237053 44264 10557
0b001e01 0b001f01 10417 100 2097152 11087488 277391 44264 9118
0b001601 0b001701 10416 100 2097152 11207462 159298 44264 9110
0b001f01 0b001801 10416 100 2097152 11190110 177659 44264 11039
0b000701 0b000001 10247 100 2097152 9502731 1865279 176699 14551
0b001f01 0b001001 10059 100 2097152 11320208 48953 48204 8159
0b001e01 0b001f01 10418 100 2097152 11160779 210855 44264 8158
0b001301 0b001401 10417 100 2097152 11227899 143798 44264 10547
0b001801 0b001901 10414 100 2097152 10908723 463140 44264 10072
0b001801 0b001901 10415 100 2097152 10909207 462898 44264 8152
0b001701 0b001001 10413 100 2097152 10965203 407929 44264 11511
0b001001 0b001101 10416 100 2097152 11134204 239089 44264 8144
0b001201 0b001301 10417 100 2097152 11100394 273220 44264 10546
0b001301 0b001401 10418 100 2097152 11233444 141030 44264 9107
0b001a01 0b001b01 10412 100 2097152 10892805 482456 44264 9114
0b001a01 0b001b01 10413 100 2097152 10894201 481831 44264 11514
0b001501 0b001601 10414 100 2097152 10971113 408314 44264 9109
0b001b01 0b001c01 10417 100 2097152 11156936 223388 44264 11515
0b001c01 0b001501 10059 100 2097152 11332455 48108 48204 10556
0b000601 0b000701 10238 100 2097152 7788966 3592151 176699 14038
0b001501 0b001601 10415 100 2097152 10975074 406355 44264 10069
0b001701 0b001001 10414 100 2097152 10978038 403543 44264 10071
0b001d01 0b001e01 10415 100 2097152 11144751 237077 44264 9597
0b001a01 0b001b01 10414 100 2097152 10909232 474346 44264 10058
0b001b01 0b001c01 10418 100 2097152 11182258 201700 44264 11035
0b001a01 0b001b01 10415 100 2097152 10911169 473159 44264 10538
0b001601 0b001701 10417 100 2097152 11219850 165465 44264 8630
0b001d01 0b001e01 10416 100 2097152 11153464 234341 44264 8621
0b001c01 0b001d01 10414 100 2097152 11020903 368311 44264 9116
0b001401 0b001501 10415 100 2097152 11131874 259690 44264 9108
0b001c01 0b001d01 10415 100 2097152 11026712 365693 44264 8636
0b001601 0b001701 10418 100 2097152 11230763 161813 44264 8150
0b001401 0b001501 10416 100 2097152 11132952 259669 44264 11508
0b001c01 0b001d01 10416 100 2097152 11028827 364459 44264 10076
0b001801 0b001901 10416 100 2097152 10972275 421745 44264 10552
0b001d01 0b001e01 10417 100 2097152 11167105 227202 44264 8637
0b001201 0b001301 10418 100 2097152 11193818 200565 44264 11026
0b001c01 0b001d01 10417 100 2097152 11041875 354976 44264 9596
0b001f01 0b001801 10417 100 2097152 11220611 177075 44264 9119
0b001a01 0b001b01 10416 100 2097152 10960802 438068 44264 11034
0b001701 0b001001 10415 100 2097152 11017775 383746 44264 8615
0b001101 0b001201 10416 100 2097152 11075878 327340 44264 8625
0b001801 0b001101 10059 100 2097152 11355370 48641 48204 8632
0b001401 0b001501 10417 100 2097152 11152357 251968 44264 9588
0b001001 0b001101 10417 100 2097152 11179832 224754 44264 11504
0b001801 0b001901 10417 100 2097152 11014196 390719 44264 9096
0b000501 0b000601 10246 100 2097152 9445120 1960176 176699 13573
0b001101 0b001201 10417 100 2097152 11085126 321595 44264 10545
0b001701 0b001001 10416 100 2097152 11035266 372768 44264 9591
0b001801 0b001901 10418 100 2097152 11031184 376856 44264 9112
0b001a01 0b001b01 10417 100 2097152 11001749 406758 44264 8634
0b001501 0b001601 10416 100 2097152 11055421 356712 44264 10549
0b001901 0b001a01 10417 100 2097152 11256785 155507 44264 10073
0b001001 0b001101 10418 100 2097152 11200392 212427 44264 11024
0b001901 0b001a01 10418 100 2097152 11257446 155528 44264 11513
0b001501 0b001601 10417 100 2097152 11058728 354330 44264 8629
0b001a01 0b001b01 10418 100 2097152 11032514 380798 44264 10554
0b001f01 0b001801 10418 100 2097152 11249471 164144 44264 11519
0b001401 0b001501 10418 100 2097152 11182322 231992 44264 11028
0b001101 0b001201 10418 100 2097152 11117071 297290 44264 9585
0b001301 0b001401 10419 100 2097152 11360515 55082 44264 11027
0b001201 0b001b01 10059 100 2097152 11366447 49204 48204 9586
0b001401 0b001501 10419 100 2097152 11197282 219065 44264 10068
0b001901 0b001a01 10419 100 2097152 11270317 146259 44264 9593
0b000301 0b000401 10247 100 2097152 9717210 1700015 176699 12611
0b001601 0b001701 10419 100 2097152 11319185 97886 44264 11030
0b001801 0b001901 10419 100 2097152 11142003 275481 44264 9592
0b000701 0b000001 10248 100 2097152 9543931 1874407 176699 14567
0b001101 0b001201 10419 100 2097152 11157292 261536 44264 10065
0b001501 0b001601 10418 100 2097152 11097062 322270 44264 8149
0b001201 0b001301 10419 100 2097152 11337225 82247 44264 10066
0b001701 0b001001 10417 100 2097152 11076868 343549 44264 10551
0b001a01 0b001b01 10419 100 2097152 11119793 301194 44264 10074
0b001d01 0b001e01 10418 100 2097152 11238453 186154 44264 8157
0b001001 0b001101 10419 100 2097152 11270510 154454 44264 9104
0b001701 0b001001 10418 100 2097152 11111146 315953 44264 9111
0b001501 0b001601 10419 100 2097152 11197950 229807 44264 11509
0b001701 0b001001 10419 100 2097152 11153242 277809 44264 8631
0b001f01 0b001801 10419 100 2097152 11323553 107957 44264 8639
0b001b01 0b001c01 10419 100 2097152 11387338 46238 44264 10555
0b001b01 0b001401 10059 100 2097152 11386588 49346 48204 10075
0b001e01 0b001f01 10419 100 2097152 11390815 46284 44264 8638
0b001d01 0b001e01 10419 100 2097152 11325081 117219 44264 11517
0b000101 0b000201 10247 100 2097152 9622597 1821515 176699 11649
0b000101 0b000201 10248 100 2097152 9622685 1821955 176699 11665
0b000101 0b000201 10249 100 2097152 9622695 1821948 176699 11681
0b001c01 0b001d01 10418 100 2097152 11295779 158085 44264 11516
0b001001 0b001901 10059 100 2097152 11404531 49956 48204 8624
0b001901 0b001201 10059 100 2097152 11407925 50143 48204 9113
0b001c01 0b001d01 10419 100 2097152 11351337 111120 44264 11036
0b000301 0b000401 10248 100 2097152 9882218 1629263 176699 12627
0b000301 0b000401 10249 100 2097152 9882228 1629521 176699 12643
0b000401 0b000501 10237 100 2097152 7645163 3873003 176699 11556
0b000401 0b000501 10238 100 2097152 7645167 3873003 176699 12036
0b000401 0b000501 10239 100 2097152 7645171 3873003 176699 12516
0b000401 0b000501 10240 100 2097152 7645439 3872739 176699 14436
0b000401 0b000501 10241 100 2097152 7645531 3872651 176699 14916
0b000301 0b000401 10250 100 2097152 9959138 1564163 176699 12659
0b000001 0b000101 10238 100 2097152 7676292 3865127 176699 14992
0b000701 0b000001 10249 100 2097152 9786171 1781055 176699 13991
0b000501 0b000e01 10033 100 2097152 11521188 48108 48204 14453
0b000e01 0b000f01 10262 100 2097152 11572306 44164 44264 14478
0b000701 0b000001 10250 100 2097152 9988519 1674091 176699 14583
0b000f01 0b000801 10263 100 2097152 11619480 44164 44264 14495
0b000101 0b000201 10250 100 2097152 10114269 1552930 176699 11697
0b000301 0b000401 10251 100 2097152 10382426 1290947 176699 12083
0b000201 0b000301 10238 100 2097152 7866730 3843314 176699 11554
0b000201 0b000301 10239 100 2097152 7866732 3843316 176699 13474
0b000201 0b000301 10240 100 2097152 7866733 3843403 176699 13954
0b000201 0b000301 10241 100 2097152 7866821 3843319 176699 14434
0b000201 0b000301 10242 100 2097152 7866825 3843319 176699 14914
0b000801 0b000901 10262 100 2097152 11666654 44164 44264 14504
0b000401 0b000501 10242 100 2097152 7906859 3846623 176699 13060
0b000501 0b000601 10247 100 2097152 9885592 1870060 176699 13589
0b000901 0b000a01 10263 100 2097152 11713828 44164 44264 14521
0b000301 0b000c01 10033 100 2097152 11713058 48108 48204 13491
0b000701 0b000001 10251 100 2097152 10336439 1439979 176699 14007
0b000501 0b000601 10248 100 2097152 9889032 1887456 176699 13605
0b000601 0b000701 10239 100 2097152 8088438 3700903 176699 11558
0b000601 0b000701 10240 100 2097152 8088442 3700903 176699 12038
0b000601 0b000701 10241 100 2097152 8088446 3700903 176699 12518
0b000601 0b000701 10242 100 2097152 8088450 3700987 176699 12998
0b000601 0b000701 10243 100 2097152 8088714 3700727 176699 13478
0b000501 0b000601 10249 100 2097152 9910856 1892011 176699 13029
0b000a01 0b000b01 10262 100 2097152 11761002 44164 44264 14538
0b000c01 0b000d01 10262 100 2097152 11764176 44182 44264 13516
0b000101 0b000201 10251 100 2097152 10460465 1355858 176699 14961
0b000701 0b000801 10033 100 2097152 11792351 48108 48204 11575
0b000b01 0b000c01 10263 100 2097152 11808176 44170 44264 14555
0b000301 0b000401 10252 100 2097152 10711026 1143131 176699 12099
0b000d01 0b000e01 10263 100 2097152 11811368 44170 44264 13533
0b000801 0b000901 10263 100 2097152 11843469 44164 44264 11592
0b000c01 0b000d01 10263 100 2097152 11855356 44170 44264 14572
0b000e01 0b000f01 10263 100 2097152 11858548 44164 44264 13550
0b000101 0b000201 10252 100 2097152 10688669 1241226 176699 14977
0b000901 0b000a01 10264 100 2097152 11890643 44164 44264 11609
0b000f01 0b000801 10264 100 2097152 11905722 44164 44264 13567
0b000501 0b000601 10250 100 2097152 10114652 1836940 176699 13621
0b000a01 0b000b01 10263 100 2097152 11937817 44164 44264 11626
0b000201 0b000301 10243 100 2097152 8088282 3897334 176699 12114
0b000701 0b000001 10252 100 2097152 10735463 1259059 176699 14023
0b000801 0b000901 10264 100 2097152 11952896 44164 44264 13576
0b000401 0b000501 10243 100 2097152 8074379 3926655 176699 13076
0b000601 0b000701 10244 100 2097152 8349278 3668655 176699 14054
0b000201 0b000301 10244 100 2097152 8116138 3909694 176699 12130
0b000b01 0b000c01 10264 100 2097152 11984991 44164 44264 11643
0b000901 0b000a01 10265 100 2097152 12000070 44164 44264 13593
0b000501 0b000601 10251 100 2097152 10282784 1764512 176699 13045
0b000001 0b000101 10239 100 2097152 8027836 4020579 176699 12512
0b000001 0b000101 10240 100 2097152 8028188 4020231 176699 12992
0b000001 0b000101 10241 100 2097152 8028544 4022083 176699 13472
0b000001 0b000101 10242 100 2097152 8028812 4021819 176699 13952
0b000001 0b000101 10243 100 2097152 8029080 4021555 176699 14432
0b000c01 0b000d01 10264 100 2097152 12032165 44164 44264 11660
0b000101 0b000201 10253 100 2097152 11106745 972742 176699 14993
0b000d01 0b000601 10041 100 2097152 11902536 180234 180639 14589
0b000101 0b000201 10254 100 2097152 11138071 947024 176699 12193
0b000a01 0b000b01 10264 100 2097152 12047244 44164 44264 13610
0b000101 0b000a01 10033 100 2097152 12051425 48108 48204 12529
0b000001 0b000101 10244 100 2097152 8092068 4020895 176699 15008
0b000301 0b000401 10253 100 2097152 10982466 1136427 176699 13155
0b000d01 0b000e01 10264 100 2097152 12079339 44164 44264 11677
0b000a01 0b000b01 10265 100 2097152 12102543 44164 44264 12554
0b000e01 0b000f01 10264 100 2097152 12126513 44164 44264 11694
0b000201 0b000301 10245 100 2097152 8208101 3968779 176699 12146
0b000201 0b000301 10246 100 2097152 8208453 3968431 176699 12162
0b000b01 0b000c01 10265 100 2097152 12149717 44164 44264 12571
0b000601 0b000701 10245 100 2097152 8524686 3710823 176699 14070
0b000601 0b000701 10246 100 2097152 8527598 3711787 176699 14086
0b000c01 0b000d01 10265 100 2097152 12196891 44164 44264 12588
0b000001 0b000101 10245 100 2097152 8229836 4025915 176699 15024
0b000001 0b000101 10246 100 2097152 8230192 4025647 176699 15040
0b000b01 0b000401 10041 100 2097152 12094418 180234 180639 13627
0b000001 0b000101 10247 100 2097152 8254352 4021567 176699 14448
0b000d01 0b000e01 10265 100 2097152 12244065 44164 44264 12605
0b000201 0b000301 10247 100 2097152 8312825 4005327 176699 11570
0b000e01 0b000f01 10265 100 2097152 12291239 44164 44264 12622
0b000601 0b000701 10247 100 2097152 8612826 3726943 176699 14102
0b000201 0b000301 10248 100 2097152 8336390 4005586 176699 12178
0b000f01 0b000001 10041 100 2097152 12173687 180234 180639 11711
0b000501 0b000601 10252 100 2097152 10677940 1679795 176699 14117
0b000601 0b000701 10248 100 2097152 8648038 3716363 176699 13494
0b000501 0b000601 10253 100 2097152 10770036 1610552 176699 13061
0b000f01 0b000801 10265 100 2097152 12338413 44164 44264 12639
0b000801 0b000901 10265 100 2097152 12385587 44164 44264 12648
0b000101 0b000201 10255 100 2097152 11544429 958914 176699 15009
0b000601 0b000701 10249 100 2097152 8848501 3707368 176699 14582
0b000301 0b000401 10254 100 2097152 11363990 1198199 176699 12115
0b000701 0b000001 10253 100 2097152 11152275 1436322 176699 14039
0b000401 0b000501 10244 100 2097152 8416303 4179911 176699 13092
0b000001 0b000101 10248 100 2097152 8511304 4085259 176699 15056
0b000401 0b000501 10245 100 2097152 8426835 4184783 176699 13108
0b000401 0b000501 10246 100 2097152 8427011 4184611 176699 13124
0b000901 0b000201 10041 100 2097152 12432761 180234 180639 12665
0b000701 0b000001 10254 100 2097152 11208860 1421162 176699 15079
0b000401 0b000501 10247 100 2097152 8558102 4210864 176699 12532
0b000401 0b000501 10248 100 2097152 8565997 4211069 176699 13620
0b000001 0b000101 10249 100 2097152 8706912 4076151 176699 14464
0b000701 0b000001 10255 100 2097152 11384127 1460523 176699 14055
0b000401 0b000501 10249 100 2097152 8654155 4215843 176699 13140
0b000201 0b000301 10249 100 2097152 8893090 4134910 176699 11586
0b000201 0b000301 10250 100 2097152 8916206 4137050 176699 12658
0b000501 0b000601 10254 100 2097152 11521176 1544232 176699 11573
0b000501 0b000601 10255 100 2097152 11521180 1544496 176699 12053
0b000501 0b000601 10256 100 2097152 11521184 1544760 176699 12533
0b000501 0b000601 10257 100 2097152 11521192 1545108 176699 14933
0b000001 0b000101 10250 100 2097152 9053717 4063798 176699 11696
0b000601 0b000701 10250 100 2097152 9304670 3815163 176699 13510
0b000601 0b000f01 10034 100 2097152 13069310 180222 180639 14950
0b000201 0b000301 10251 100 2097152 9145782 4137470 176699 11602
0b000001 0b000101 10251 100 2097152 9215659 4071540 176699 14480
0b000401 0b000501 10250 100 2097152 9034490 4254000 176699 12548
0b000f01 0b000801 10266 100 2097152 13252542 44164 44264 14975
0b000501 0b000601 10258 100 2097152 11756492 1582863 176699 13077
0b000801 0b000901 10266 100 2097152 13299716 44164 44264 14984
0b000301 0b000401 10255 100 2097152 11713054 1639487 176699 11571
0b000301 0b000401 10256 100 2097152 11713146 1640275 176699 13971
0b000301 0b000401 10257 100 2097152 11713150 1640275 176699 14451
0b000301 0b000401 10258 100 2097152 11713154 1640275 176699 14931
0b000901 0b000a01 10266 100 2097152 13346890 44164 44264 15001
0b000a01 0b000b01 10266 100 2097152 13394064 44164 44264 15018
0b000b01 0b000c01 10266 100 2097152 13441238 44164 44264 15035
0b000c01 0b000d01 10266 100 2097152 13488412 44164 44264 15052
0b000401 0b000d01 10034 100 2097152 13356431 180222 180639 13988
0b000701 0b000001 10256 100 2097152 11792355 1816891 176699 12055
0b000701 0b000001 10257 100 2097152 11792359 1817262 176699 12535
0b000701 0b000001 10258 100 2097152 11792447 1820167 176699 13015
0b000701 0b000001 10259 100 2097152 11792451 1820514 176699 13495
0b000501 0b000601 10259 100 2097152 12004044 1609696 176699 13093
0b000601 0b000701 10251 100 2097152 9758532 3855345 176699 13526
0b000001 0b000101 10252 100 2097152 9530700 4087735 176699 14496
0b000d01 0b000e01 10266 100 2097152 13535586 84127 44264 15069
0b000d01 0b000e01 10267 100 2097152 13539663 84128 44264 14013
0b000401 0b000501 10251 100 2097152 9417639 4206455 176699 12564
0b000101 0b000201 10256 100 2097152 12051429 1615118 176699 13009
0b000e01 0b000701 10042 100 2097152 13622723 48108 48204 15086
0b000e01 0b000f01 10266 100 2097152 13626801 44164 44264 14030
0b000101 0b000201 10257 100 2097152 12053637 1664383 176699 13489
0b000101 0b000201 10258 100 2097152 12053641 1664380 176699 13969
0b000f01 0b000801 10267 100 2097152 13673975 44164 44264 14047
0b000101 0b000201 10259 100 2097152 12053645 1664462 176699 14449
0b000201 0b000301 10252 100 2097152 9591709 4144827 176699 11618
0b000801 0b000901 10267 100 2097152 13721149 44164 44264 14056
0b000001 0b000901 10034 100 2097152 13612256 180222 180639 12064
0b000301 0b000401 10259 100 2097152 11988626 1839027 176699 12131
0b000901 0b000a01 10267 100 2097152 13768323 61048 44264 14073
0b000301 0b000401 10260 100 2097152 12028842 1804506 176699 12147
0b000201 0b000b01 10034 100 2097152 13669557 180222 180639 13026
0b000901 0b000a01 10268 100 2097152 13795488 62138 44264 12089
0b000601 0b000701 10252 100 2097152 9961786 3923367 176699 13542
0b000001 0b000101 10253 100 2097152 9818144 4068411 176699 14512
0b000a01 0b000b01 10267 100 2097152 13832381 63957 44264 14090
0b000101 0b000201 10260 100 2097152 12115973 1784554 176699 15025
0b000701 0b000001 10260 100 2097152 12020943 1879974 176699 14071
0b000b01 0b000c01 10267 100 2097152 13852789 48156 44264 13051
0b000a01 0b000b01 10268 100 2097152 13860636 64001 44264 12106
0b000c01 0b000d01 10267 100 2097152 13903955 47443 44264 13068
0b000b01 0b000c01 10268 100 2097152 13899348 63383 44264 14107
0b000301 0b000401 10261 100 2097152 12179890 1807359 176699 12163
0b000301 0b000401 10262 100 2097152 12179900 1807353 176699 12179
0b000b01 0b000c01 10269 100 2097152 13927647 62220 44264 12123
0b000d01 0b000e01 10268 100 2097152 13954408 44710 44264 13085
0b000c01 0b000501 10042 100 2097152 13965741 48108 48204 14124
0b000c01 0b000d01 10268 100 2097152 13992877 44433 44264 12140
0b000e01 0b000f01 10267 100 2097152 14002128 44740 44264 13102
0b000d01 0b000e01 10269 100 2097152 14040320 44446 44264 12157
0b000101 0b000201 10261 100 2097152 12258761 1835362 176699 15041
0b000101 0b000201 10262 100 2097152 12258849 1835542 176699 15057
0b000f01 0b000801 10268 100 2097152 14049878 44754 44264 13119
0b000301 0b000401 10263 100 2097152 12321162 1780786 176699 11587
0b000101 0b000201 10263 100 2097152 12278929 1839627 176699 14465
0b000e01 0b000f01 10268 100 2097152 14087776 44460 44264 12174
0b000801 0b000901 10268 100 2097152 14097642 44789 44264 13128
0b000301 0b000401 10264 100 2097152 12344986 1819927 176699 12195
0b000701 0b000001 10261 100 2097152 12238519 1936607 176699 14087
0b000f01 0b000801 10269 100 2097152 14135246 44474 44264 12191
0b000701 0b000001 10262 100 2097152 12242395 1938339 176699 14103
0b000901 0b000a01 10269 100 2097152 14145441 44164 44264 13145
0b000501 0b000601 10260 100 2097152 12599224 1593176 176699 13109
0b000701 0b000001 10263 100 2097152 12342779 1879467 176699 14119
0b000801 0b000101 10042 100 2097152 14182730 48108 48204 12200
0b000501 0b000601 10261 100 2097152 12614628 1624300 176699 13125
0b000501 0b000601 10262 100 2097152 12614638 1624294 176699 13141
0b000a01 0b000301 10042 100 2097152 14192615 48108 48204 13162
0b000701 0b000001 10264 100 2097152 12367411 1914299 176699 13511
0b000701 0b000001 10265 100 2097152 12558879 1765186 176699 14599
0b000101 0b000201 10264 100 2097152 12599573 1740838 176699 15073
0b000501 0b000601 10263 100 2097152 12771976 1581620 176699 12549
0b000401 0b000501 10252 100 2097152 10064199 4306399 176699 11572
0b000401 0b000501 10253 100 2097152 10064551 4308511 176699 12052
0b000401 0b000501 10254 100 2097152 10065087 4307979 176699 14452
0b000401 0b000501 10255 100 2097152 10067027 4308243 176699 14932
0b000501 0b000601 10264 100 2097152 12780076 1597096 176699 13637
0b000501 0b000601 10265 100 2097152 12873008 1527724 176699 13157
0b000601 0b000701 10253 100 2097152 10431054 3988875 176699 14118
0b000501 0b000e01 10034 100 2097152 14376076 48108 48204 14469
0b000301 0b000401 10265 100 2097152 13031010 1404819 176699 11603
0b000301 0b000401 10266 100 2097152 13056266 1403123 176699 12675
0b000e01 0b000f01 10269 100 2097152 14427194 44164 44264 14494
0b000201 0b000301 10253 100 2097152 10280817 4219703 176699 13490
0b000201 0b000301 10254 100 2097152 10282141 4220671 176699 13970
0b000201 0b000301 10255 100 2097152 10283465 4221635 176699 14450
0b000201 0b000301 10256 100 2097152 10284789 4222343 176699 14930
0b000f01 0b000801 10270 100 2097152 14474368 44164 44264 14511
0b000301 0b000401 10267 100 2097152 13286262 1233111 176699 11619
0b000601 0b000701 10254 100 2097152 10474326 4047507 176699 11574
0b000601 0b000701 10255 100 2097152 10474414 4047507 176699 12054
0b000601 0b000701 10256 100 2097152 10474682 4047243 176699 12534
0b000601 0b000701 10257 100 2097152 10474686 4047243 176699 13014
0b000101 0b000201 10265 100 2097152 12786073 1738858 176699 14481
0b000401 0b000501 10256 100 2097152 10238411 4298739 176699 12580
0b000301 0b000c01 10034 100 2097152 14503530 48108 48204 13507
0b000701 0b000001 10266 100 2097152 13122843 1439951 176699 13527
0b000801 0b000901 10269 100 2097152 14521542 44164 44264 14520
0b000701 0b000801 10034 100 2097152 14524843 48108 48204 11591
0b000c01 0b000d01 10269 100 2097152 14554648 44164 44264 13532
0b000901 0b000a01 10270 100 2097152 14568716 47691 44264 14537
0b000801 0b000901 10270 100 2097152 14575961 45920 44264 11608
0b000501 0b000601 10266 100 2097152 13291500 1346532 176699 12565
0b000201 0b000301 10257 100 2097152 10422937 4217067 176699 11634
0b000d01 0b000e01 10270 100 2097152 14601822 44164 44264 13549
0b000a01 0b000b01 10269 100 2097152 14619417 47852 44264 14554
0b000901 0b000a01 10271 100 2097152 14624891 46004 44264 11625
0b000101 0b000201 10266 100 2097152 13120525 1554162 176699 11713
0b000601 0b000701 10258 100 2097152 10625782 4062195 176699 13558
0b000e01 0b000f01 10270 100 2097152 14648996 44164 44264 13566
0b000b01 0b000c01 10270 100 2097152 14670279 48024 44264 14571
0b000a01 0b000b01 10270 100 2097152 14673905 46092 44264 11642
0b000301 0b000401 10268 100 2097152 13739546 980639 176699 11635
0b000101 0b000201 10267 100 2097152 13290209 1443683 176699 14497
0b000001 0b000101 10254 100 2097152 10516176 4218927 176699 12528
0b000f01 0b000801 10271 100 2097152 14696170 44164 44264 13583
0b000c01 0b000d01 10270 100 2097152 14721313 47826 44264 14588
0b000b01 0b000c01 10271 100 2097152 14723007 46165 44264 11659
0b000101 0b000a01 10034 100 2097152 14738113 48108 48204 12545
0b000801 0b000901 10271 100 2097152 14743344 44164 44264 13592
0b000101 0b000201 10268 100 2097152 13621445 1190446 176699 14513
0b000c01 0b000d01 10271 100 2097152 14772182 44164 44264 11676
0b000a01 0b000b01 10271 100 2097152 14789231 47439 44264 12570
0b000901 0b000a01 10272 100 2097152 14790518 46165 44264 13609
0b000d01 0b000e01 10271 100 2097152 14819356 44164 44264 11693
0b000101 0b000201 10269 100 2097152 13889565 982051 176699 14529
0b000a01 0b000b01 10272 100 2097152 14839693 46173 44264 13626
0b000b01 0b000c01 10272 100 2097152 14839680 46260 44264 12587
0b000201 0b000301 10258 100 2097152 10716549 4184175 176699 12194
0b000001 0b000101 10255 100 2097152 10614376 4287027 176699 13008
0b000001 0b000101 10256 100 2097152 10614380 4287111 176699 13488
0b000001 0b000101 10257 100 2097152 10614472 4287107 176699 13968
0b000e01 0b000f01 10271 100 2097152 14866530 44164 44264 11710
0b000101 0b000201 10270 100 2097152 14233848 679623 176699 12209
0b000c01 0b000d01 10272 100 2097152 14888950 44164 44264 12604
0b000701 0b000001 10267 100 2097152 13616887 1325379 176699 13543
0b000501 0b000601 10267 100 2097152 13627104 1321139 176699 12581
0b000701 0b000001 10268 100 2097152 13673841 1277025 176699 15095
0b000d01 0b000601 10042 100 2097152 14772149 180234 180639 14605
0b000d01 0b000e01 10272 100 2097152 14936124 44164 44264 12621
0b000401 0b000501 10257 100 2097152 10556755 4424163 176699 12596
0b000401 0b000501 10258 100 2097152 10572415 4443947 176699 13156
0b000e01 0b000f01 10272 100 2097152 14983298 44164 44264 12638
0b000b01 0b000401 10042 100 2097152 14888876 180234 180639 13643
0b000f01 0b000801 10272 100 2097152 15030472 44164 44264 12655
0b000001 0b000101 10258 100 2097152 10802139 4282740 176699 14528
0b000f01 0b000001 10042 100 2097152 14913704 180234 180639 11727
0b000701 0b000001 10269 100 2097152 13888163 1215987 176699 13559
0b000801 0b000901 10272 100 2097152 15077646 44164 44264 12664
0b000001 0b000101 10259 100 2097152 10861752 4279839 176699 15072
0b000401 0b000501 10259 100 2097152 10685767 4459039 176699 12068
0b000301 0b000401 10269 100 2097152 14243733 947348 176699 13171
0b000601 0b000701 10259 100 2097152 11098077 4109172 176699 13030
0b000501 0b000601 10268 100 2097152 14016859 1218861 176699 14133
0b000001 0b000101 10260 100 2097152 10992452 4283855 176699 14544
0b000001 0b000101 10261 100 2097152 10998312 4284431 176699 13984
0b000401 0b000501 10260 100 2097152 10835731 4453111 176699 12612
0b000901 0b000201 10042 100 2097152 15124820 180234 180639 12681
0b000201 0b000301 10259 100 2097152 10990866 4316934 176699 14946
0b000201 0b000301 10260 100 2097152 11014338 4321678 176699 11650
0b000601 0b000701 10260 100 2097152 11218174 4125079 176699 13574
0b000301 0b000401 10270 100 2097152 14505822 998262 176699 13987
0b000201 0b000301 10261 100 2097152 11175509 4367803 176699 14962
0b000301 0b000401 10271 100 2097152 14508110 1053530 176699 14467
0b000601 0b000701 10261 100 2097152 11408306 4154479 176699 13590
0b000301 0b000401 10272 100 2097152 14510142 1072855 176699 14947
0b000501 0b000601 10269 100 2097152 14373608 1229319 176699 11589
0b000701 0b000001 10270 100 2097152 14422939 1199463 176699 14135
0b000501 0b000601 10270 100 2097152 14376072 1250940 176699 12069
0b000501 0b000601 10271 100 2097152 14378280 1253384 176699 14949
0b000401 0b000501 10261 100 2097152 11180999 4474391 176699 12084
0b000001 0b000101 10262 100 2097152 11371020 4306891 176699 14560
0b000401 0b000d01 10035 100 2097152 15507094 180222 180639 14004
0b000301 0b000401 10273 100 2097152 14643014 1056975 176699 11651
0b000d01 0b000e01 10273 100 2097152 15690326 44164 44264 14029
0b000001 0b000101 10263 100 2097152 11421348 4322111 176699 14576
0b000701 0b000001 10271 100 2097152 14524931 1238203 176699 12071
0b000701 0b000001 10272 100 2097152 14524935 1238287 176699 12551
0b000701 0b000001 10273 100 2097152 14524939 1238287 176699 13031
0b000e01 0b000f01 10273 100 2097152 15737500 44164 44264 14046
0b000501 0b000601 10272 100 2097152 14540160 1259100 176699 12597
0b000101 0b000201 10271 100 2097152 14904413 897682 176699 13025
0b000101 0b000201 10272 100 2097152 14904501 904286 176699 13505
0b000601 0b000f01 10035 100 2097152 15634674 180222 180639 14966
0b000101 0b000201 10273 100 2097152 14904589 929150 176699 13985
0b000001 0b000101 10264 100 2097152 11570236 4266439 176699 14000
0b000f01 0b000801 10273 100 2097152 15784674 54979 44264 14063
0b000201 0b000301 10262 100 2097152 11447122 4393802 176699 11666
0b000201 0b000301 10263 100 2097152 11447650 4393278 176699 11682
0b000201 0b000301 10264 100 2097152 11447660 4393272 176699 11698
0b000f01 0b000801 10274 100 2097152 15817906 56339 44264 14991
0b000401 0b000501 10262 100 2097152 11420235 4460827 176699 12628
0b000701 0b000001 10274 100 2097152 14690987 1205459 176699 13575
0b000001 0b000101 10265 100 2097152 11665620 4231231 176699 14592
0b000801 0b000901 10273 100 2097152 15842663 56501 44264 14072
0b000301 0b000401 10274 100 2097152 14903734 996435 176699 12211
0b000601 0b000701 10262 100 2097152 11758662 4157399 176699 13606
0b000801 0b000901 10274 100 2097152 15877255 56413 44264 15000
0b000601 0b000701 10263 100 2097152 11779498 4163051 176699 13622
0b000001 0b000901 10035 100 2097152 15766144 180222 180639 12080
0b000901 0b000a01 10273 100 2097152 15902174 61222 44264 14089
0b000601 0b000701 10264 100 2097152 11805877 4169112 176699 13046
0b000201 0b000b01 10035 100 2097152 15805105 180222 180639 13042
0b000001 0b000101 10266 100 2097152 11779428 4225903 176699 14016
0b000a01 0b000b01 10273 100 2097152 15966406 48386 44264 14106
0b000201 0b000301 10265 100 2097152 11670209 4352679 176699 11714
0b000901 0b000a01 10274 100 2097152 15936678 94928 44264 15017
0b000401 0b000501 10263 100 2097152 11514491 4518767 176699 12644
0b000401 0b000501 10264 100 2097152 11514759 4518503 176699 12660
0b000901 0b000a01 10275 100 2097152 15949376 88641 44264 12105
0b000401 0b000501 10265 100 2097152 11526311 4520659 176699 12676
0b000b01 0b000c01 10273 100 2097152 15988337 62193 44264 13067
0b000b01 0b000c01 10274 100 2097152 16017802 63815 44264 14123
0b000c01 0b000d01 10273 100 2097152 16053540 45351 44264 13084
0b000a01 0b000b01 10274 100 2097152 16034616 84017 44264 15034
0b000a01 0b000b01 10275 100 2097152 16041027 83907 44264 12122
0b000c01 0b000501 10043 100 2097152 16084627 48108 48204 14140
0b000d01 0b000e01 10274 100 2097152 16101901 44164 44264 13101
0b000e01 0b000f01 10274 100 2097152 16149075 44164 44264 13118
0b000601 0b000701 10265 100 2097152 11954602 4246847 176699 13638
0b000b01 0b000c01 10275 100 2097152 16121643 82222 44264 15051
0b000201 0b000301 10266 100 2097152 11819333 4386507 176699 14978
0b000b01 0b000c01 10276 100 2097152 16127944 82196 44264 12139
0b000401 0b000501 10266 100 2097152 11676383 4538603 176699 12100
0b000001 0b000101 10267 100 2097152 11997532 4238647 176699 14032
0b000f01 0b000801 10275 100 2097152 16196249 44164 44264 13135
0b000701 0b000001 10275 100 2097152 15210259 1048599 176699 13047
0b000501 0b000601 10273 100 2097152 14983928 1284680 176699 12613
0b000501 0b000601 10274 100 2097152 15019372 1254844 176699 13173
0b000801 0b000901 10275 100 2097152 16243423 44164 44264 13144
0b000c01 0b000d01 10274 100 2097152 16206875 82238 44264 15068
0b000c01 0b000d01 10275 100 2097152 16213150 82216 44264 12156
0b000601 0b000701 10266 100 2097152 12050306 4254623 176699 13062
0b000201 0b000301 10267 100 2097152 11932905 4377567 176699 14994
0b000901 0b000a01 10276 100 2097152 16290597 44164 44264 13161
0b000601 0b000701 10267 100 2097152 12085780 4253593 176699 14598
0b000d01 0b000e01 10275 100 2097152 16292123 82258 44264 15085
0b000d01 0b000e01 10276 100 2097152 16298376 82099 44264 12173
0b000a01 0b000301 10043 100 2097152 16337771 48108 48204 13178
0b000301 0b000401 10275 100 2097152 15310810 1083639 176699 14963
0b000401 0b000501 10267 100 2097152 11857167 4546091 176699 12116
0b000e01 0b000701 10043 100 2097152 16377391 48108 48204 15102
0b000101 0b000201 10274 100 2097152 15087889 1339218 176699 14545
0b000e01 0b000f01 10275 100 2097152 16383485 44164 44264 12190
0b000201 0b000301 10268 100 2097152 12082497 4369787 176699 15010
0b000201 0b000301 10269 100 2097152 12088105 4368287 176699 12210
0b000701 0b000001 10276 100 2097152 15346263 1114247 176699 13591
0b000501 0b000601 10275 100 2097152 15147816 1314855 176699 12085
0b000f01 0b000801 10276 100 2097152 16430659 44164 44264 12207
0b000301 0b000401 10276 100 2097152 15339026 1177951 176699 11667
0b000801 0b000101 10043 100 2097152 16477833 48108 48204 12216
0b000101 0b000201 10275 100 2097152 15144601 1426266 176699 15089
0b000601 0b000701 10268 100 2097152 12360745 4283080 176699 14134
0b000701 0b000001 10277 100 2097152 15565795 1081687 176699 13607
0b000001 0b000101 10268 100 2097152 12356931 4304728 176699 11712
0b000601 0b000701 10269 100 2097152 12383598 4285231 176699 13078
0b000401 0b000501 10268 100 2097152 12121903 4570303 176699 13172
0b000501 0b000601 10276 100 2097152 15291852 1422612 176699 12629
0b000101 0b000201 10276 100 2097152 15279317 1503946 176699 14561
0b000101 0b000201 10277 100 2097152 15285753 1523690 176699 14001
0b000401 0b000501 10269 100 2097152 12277662 4552680 176699 13636
0b000201 0b000301 10270 100 2097152 12506353 4329703 176699 15026
0b000301 0b000401 10277 100 2097152 15546322 1297315 176699 14979
0b000201 0b000301 10271 100 2097152 12616005 4308199 176699 12674
0b000001 0b000101 10269 100 2097152 12591607 4361772 176699 14048
0b000001 0b000101 10270 100 2097152 12633032 4370019 176699 15088
0b000401 0b000501 10270 100 2097152 12565199 4526651 176699 12132
0b000501 0b000601 10277 100 2097152 15658400 1489699 176699 12101
0b000001 0b000101 10271 100 2097152 12847660 4379971 176699 14064
0b000701 0b000001 10278 100 2097152 15919071 1362635 176699 13623
0b000101 0b000201 10278 100 2097152 15680921 1688626 176699 14577
0b000701 0b000001 10279 100 2097152 15945559 1444451 176699 13639
0b000701 0b000001 10280 100 2097152 15977999 1435827 176699 13063
0b000101 0b000201 10279 100 2097152 15746469 1681702 176699 14593
0b000601 0b000701 10270 100 2097152 13068418 4370039 176699 11590
0b000601 0b000701 10271 100 2097152 13068686 4369775 176699 12070
0b000601 0b000701 10272 100 2097152 13068954 4369511 176699 12550
0b000301 0b000401 10278 100 2097152 15843934 1633451 176699 11683
0b000301 0b000401 10279 100 2097152 15843944 1633709 176699 11699
0b000301 0b000401 10280 100 2097152 15843954 1633967 176699 11715
0b000701 0b000801 10035 100 2097152 17441467 48108 48204 11607
0b000801 0b000901 10276 100 2097152 17492585 44164 44264 11624
0b000101 0b000201 10280 100 2097152 15839685 1720110 176699 14017
0b000901 0b000a01 10277 100 2097152 17539759 44164 44264 11641
0b000501 0b000601 10278 100 2097152 15884072 1719220 176699 12645
0b000a01 0b000b01 10276 100 2097152 17586933 44164 44264 11658
0b000101 0b000201 10281 100 2097152 15899861 1735058 176699 14609
0b000601 0b000701 10273 100 2097152 13342365 4334196 176699 13094
0b000b01 0b000c01 10277 100 2097152 17634107 44164 44264 11675
0b000701 0b000001 10281 100 2097152 16204459 1483159 176699 13655
0b000101 0b000201 10282 100 2097152 16008341 1706774 176699 14033
0b000c01 0b000d01 10276 100 2097152 17681281 44164 44264 11692
0b000301 0b000401 10281 100 2097152 16025898 1737199 176699 11731
0b000d01 0b000e01 10277 100 2097152 17728455 44164 44264 11709
0b000501 0b000601 10279 100 2097152 16036268 1775388 176699 12661
0b000501 0b000601 10280 100 2097152 16036278 1775382 176699 12677
0b000501 0b000601 10281 100 2097152 16049980 1767891 176699 12693
0b000e01 0b000f01 10276 100 2097152 17775629 44164 44264 11726
0b000701 0b000001 10282 100 2097152 16307939 1539931 176699 13079
0b000601 0b000701 10274 100 2097152 13616750 4255391 176699 13110
0b000701 0b000001 10283 100 2097152 16342383 1553343 176699 14615
0b000501 0b000601 10282 100 2097152 16135745 1762427 176699 14149
0b000101 0b000201 10283 100 2097152 16239189 1661558 176699 14049
0b000401 0b000501 10271 100 2097152 13355551 4554919 176699 11588
0b000401 0b000501 10272 100 2097152 13356435 4554039 176699 14468
0b000401 0b000501 10273 100 2097152 13356439 4554039 176699 14948
0b000501 0b000601 10283 100 2097152 16217996 1719631 176699 12117
0b000501 0b000e01 10035 100 2097152 17913484 48108 48204 14485
0b000301 0b000401 10282 100 2097152 16208850 1775579 176699 14995
0b000701 0b000001 10284 100 2097152 16428509 1569937 176699 15111
0b000f01 0b000001 10043 100 2097152 17822803 180234 180639 11743
0b000e01 0b000f01 10277 100 2097152 17964602 44164 44264 14510
0b000301 0b000401 10283 100 2097152 16313482 1712459 176699 15011
0b000101 0b000201 10284 100 2097152 16528951 1521325 176699 12225
0b000f01 0b000801 10277 100 2097152 18011776 44164 44264 14527
0b000001 0b000101 10272 100 2097152 13612631 4450448 176699 12544
0b000201 0b000301 10272 100 2097152 13721030 4343658 176699 13506
0b000201 0b000301 10273 100 2097152 13721031 4343661 176699 13986
0b000201 0b000301 10274 100 2097152 13721117 4343663 176699 14466
0b000001 0b000101 10273 100 2097152 13615624 4452035 176699 13024
0b000001 0b000101 10274 100 2097152 13615975 4451688 176699 13504
0b000501 0b000601 10284 100 2097152 16406268 1661551 176699 12133
0b000301 0b000401 10284 100 2097152 16388889 1696768 176699 13187
0b000801 0b000901 10277 100 2097152 18058950 44164 44264 14536
0b000101 0b000201 10285 100 2097152 16664669 1441894 176699 11729
0b000301 0b000401 10285 100 2097152 16455294 1654191 176699 15027
0b000101 0b000a01 10035 100 2097152 18066089 48108 48204 12561
0b000301 0b000401 10286 100 2097152 16459402 1655762 176699 12227
0b000301 0b000c01 10035 100 2097152 18067698 48108 48204 13523
0b000701 0b000001 10285 100 2097152 16646835 1475487 176699 14151
0b000701 0b000001 10286 100 2097152 16671839 1456091 176699 13095
0b000901 0b000a01 10278 100 2097152 18106124 45678 44264 14553
0b000c01 0b000d01 10277 100 2097152 18118816 44164 44264 13548
0b000a01 0b000b01 10277 100 2097152 18117207 53760 44264 12586
0b000a01 0b000b01 10278 100 2097152 18154812 53673 44264 14570
0b000d01 0b000e01 10278 100 2097152 18165990 44164 44264 13565
0b000b01 0b000c01 10278 100 2097152 18173977 53841 44264 12603
0b000501 0b000601 10285 100 2097152 16695216 1540016 176699 13189
0b000e01 0b000f01 10278 100 2097152 18213164 44164 44264 13582
0b000301 0b000401 10287 100 2097152 16839066 1424395 176699 15043
0b000b01 0b000c01 10279 100 2097152 18211495 53753 44264 14587
0b000101 0b000201 10286 100 2097152 16956389 1319446 176699 14065
0b000201 0b000301 10275 100 2097152 13903537 4372559 176699 15042
0b000501 0b000601 10286 100 2097152 16833352 1446395 176699 13653
0b000101 0b000201 10287 100 2097152 17006061 1275395 176699 15105
0b000c01 0b000d01 10278 100 2097152 18230828 53921 44264 12620
0b000f01 0b000801 10278 100 2097152 18260338 44164 44264 13599
0b000301 0b000401 10288 100 2097152 16927214 1377843 176699 12691
0b000c01 0b000d01 10279 100 2097152 18268258 53833 44264 14604
0b000d01 0b000e01 10279 100 2097152 18287759 45727 44264 12637
0b000801 0b000901 10278 100 2097152 18307512 44164 44264 13608
0b000101 0b000201 10288 100 2097152 17230641 1121154 176699 14081
0b000501 0b000601 10287 100 2097152 17094860 1259804 176699 12149
0b000401 0b000501 10274 100 2097152 13830663 4548735 176699 12148
0b000e01 0b000f01 10279 100 2097152 18336496 44164 44264 12654
0b000001 0b000101 10275 100 2097152 13903927 4482004 176699 14080
0b000401 0b000501 10275 100 2097152 13836358 4550952 176699 12164
0b000901 0b000a01 10279 100 2097152 18354686 44164 44264 13625
0b000601 0b000701 10275 100 2097152 14195410 4205023 176699 13126
0b000f01 0b000801 10279 100 2097152 18383670 44164 44264 12671
0b000a01 0b000b01 10279 100 2097152 18401860 44164 44264 13642
0b000201 0b000301 10276 100 2097152 14097133 4373875 176699 15058
0b000201 0b000301 10277 100 2097152 14097401 4373611 176699 15074
0b000801 0b000901 10279 100 2097152 18430844 44164 44264 12680
0b000601 0b000701 10276 100 2097152 14241938 4247167 176699 13142
0b000601 0b000701 10277 100 2097152 14241948 4247245 176699 13158
0b000201 0b000301 10278 100 2097152 14121566 4375290 176699 14482
0b000d01 0b000601 10043 100 2097152 18325101 180234 180639 14621
0b000701 0b000001 10287 100 2097152 17441471 1091791 176699 12087
0b000701 0b000001 10288 100 2097152 17441475 1091791 176699 12567
0b000601 0b000701 10278 100 2097152 14356606 4252015 176699 12566
0b000401 0b000501 10276 100 2097152 13990259 4628503 176699 12180
0b000401 0b000501 10277 100 2097152 13990269 4628497 176699 12196
0b000b01 0b000401 10043 100 2097152 18449034 180234 180639 13659
0b000601 0b000701 10279 100 2097152 14380182 4250443 176699 13654
0b000601 0b000701 10280 100 2097152 14403742 4250119 176699 13174
0b000901 0b000201 10043 100 2097152 18478018 180270 180639 12697
0b000501 0b000601 10288 100 2097152 17913480 773618 176699 11605
0b000501 0b000601 10289 100 2097152 17913488 773611 176699 14965
0b000101 0b000201 10289 100 2097152 18070669 621931 176699 13041
0b000101 0b000201 10290 100 2097152 18070673 621930 176699 13521
0b000701 0b000001 10289 100 2097152 17679571 1020231 176699 13111
0b000201 0b000301 10279 100 2097152 14343421 4362419 176699 15090
0b000001 0b000901 10036 100 2097152 18536272 180222 180639 12096
0b000401 0b000501 10278 100 2097152 14104958 4630648 176699 11604
0b000901 0b000a01 10280 100 2097152 18719504 44164 44264 12121
0b000001 0b000101 10276 100 2097152 14178136 4589283 176699 14096
0b000001 0b000101 10277 100 2097152 14183744 4600023 176699 14112
0b000101 0b000201 10291 100 2097152 18388941 402607 176699 14097
0b000401 0b000501 10279 100 2097152 14167923 4627171 176699 12212
0b000a01 0b000b01 10280 100 2097152 18766678 44164 44264 12138
0b000001 0b000101 10278 100 2097152 14225256 4605543 176699 14128
0b000701 0b000001 10290 100 2097152 17875151 971655 176699 13127
0b000b01 0b000c01 10280 100 2097152 18813852 44164 44264 12155
0b000601 0b000f01 10036 100 2097152 18690109 180222 180639 14982
0b000201 0b000b01 10036 100 2097152 18695610 180222 180639 13058
0b000301 0b000401 10289 100 2097152 18067702 809007 176699 14003
0b000301 0b000401 10290 100 2097152 18067790 811123 176699 14483
0b000001 0b000101 10279 100 2097152 14284720 4603927 176699 13520
0b000c01 0b000d01 10280 100 2097152 18861026 46671 44264 12172
0b000201 0b000301 10280 100 2097152 14527941 4381371 176699 14498
0b000f01 0b000801 10280 100 2097152 18873341 44164 44264 15007
0b000b01 0b000c01 10281 100 2097152 18878842 45417 44264 13083
0b000001 0b000101 10280 100 2097152 14327075 4601024 176699 14608
0b000601 0b000701 10281 100 2097152 14641042 4289987 176699 12582
0b000d01 0b000e01 10280 100 2097152 18910707 46799 44264 12189
0b000801 0b000901 10280 100 2097152 18920515 44164 44264 15016
0b000c01 0b000d01 10281 100 2097152 18927269 45476 44264 13100
0b000e01 0b000f01 10280 100 2097152 18960516 46925 44264 12206
0b000901 0b000a01 10281 100 2097152 18967689 44164 44264 15033
0b000d01 0b000e01 10281 100 2097152 18975755 45539 44264 13117
0b000f01 0b000801 10281 100 2097152 19010451 47054 44264 12223
0b000a01 0b000b01 10281 100 2097152 19014863 44164 44264 15050
0b000401 0b000d01 10036 100 2097152 18879719 180222 180639 14020
0b000401 0b000501 10280 100 2097152 14438839 4625815 176699 11620
0b000e01 0b000f01 10281 100 2097152 19024304 45935 44264 13134
0b000401 0b000501 10281 100 2097152 14462399 4623083 176699 12692
0b000b01 0b000c01 10282 100 2097152 19062037 44164 44264 15067
0b000d01 0b000e01 10282 100 2097152 19062951 44493 44264 14045
0b000801 0b000101 10044 100 2097152 19060515 48108 48204 12232
0b000201 0b000301 10281 100 2097152 14677697 4437639 176699 11730
0b000f01 0b000801 10282 100 2097152 19073249 44829 44264 13151
0b000401 0b000501 10282 100 2097152 14522383 4620967 176699 11636
0b000c01 0b000d01 10282 100 2097152 19109211 44164 44264 15084
0b000001 0b000101 10281 100 2097152 14565804 4587771 176699 13536
0b000e01 0b000f01 10282 100 2097152 19110454 44493 44264 14062
0b000801 0b000901 10281 100 2097152 19121088 44866 44264 13160
0b000201 0b000301 10282 100 2097152 14736902 4440122 176699 14514
0b000d01 0b000e01 10283 100 2097152 19156385 44164 44264 15101
0b000f01 0b000801 10283 100 2097152 19157957 44509 44264 14079
0b000901 0b000a01 10282 100 2097152 19168964 44883 44264 13177
0b000301 0b000401 10291 100 2097152 18279106 936339 176699 15059
0b000801 0b000901 10282 100 2097152 19205476 44526 44264 14088
0b000e01 0b000701 10044 100 2097152 19203559 48108 48204 15118
0b000a01 0b000301 10044 100 2097152 19216857 48108 48204 13194
0b000601 0b000701 10282 100 2097152 14951253 4327092 176699 12598
0b000601 0b000701 10283 100 2097152 14955393 4326828 176699 14614
0b000201 0b000301 10283 100 2097152 14814901 4467463 176699 14530
0b000901 0b000a01 10283 100 2097152 19253012 44164 44264 14105
0b000201 0b000301 10284 100 2097152 14874626 4463726 176699 14546
0b000401 0b000501 10283 100 2097152 14723195 4616935 176699 11652
0b000a01 0b000b01 10282 100 2097152 19300186 44164 44264 14122
0b000201 0b000301 10285 100 2097152 14916481 4457143 176699 12226
0b000b01 0b000c01 10283 100 2097152 19347360 44164 44264 14139
0b000501 0b000601 10290 100 2097152 18382408 1029112 176699 12165
0b000c01 0b000501 10044 100 2097152 19394534 48108 48204 14156
0b000501 0b000601 10291 100 2097152 18390320 1075036 176699 12181
0b000601 0b000701 10284 100 2097152 15238730 4299559 176699 14150
0b000001 0b000101 10282 100 2097152 14945276 4617563 176699 13552
0b000001 0b000101 10283 100 2097152 14953876 4617483 176699 15104
0b000101 0b000201 10292 100 2097152 18770429 898206 176699 14113
0b000201 0b000301 10286 100 2097152 15308064 4370500 176699 12690
0b000701 0b000001 10291 100 2097152 18403443 1293395 176699 13143
0b000001 0b000101 10284 100 2097152 15096948 4601699 176699 11728
0b000001 0b000101 10285 100 2097152 15107160 4598967 176699 13568
0b000401 0b000501 10284 100 2097152 15072120 4647734 176699 13652
0b000101 0b000201 10293 100 2097152 18786777 993599 176699 14129
0b000401 0b000501 10285 100 2097152 15194091 4633255 176699 13188
0b000301 0b000401 10292 100 2097152 18474018 1389971 176699 15075
0b000301 0b000401 10293 100 2097152 18474028 1390313 176699 15091
0b000601 0b000701 10285 100 2097152 15605937 4277044 176699 11606
0b000601 0b000701 10286 100 2097152 15630022 4292275 176699 12086
0b000701 0b000001 10292 100 2097152 18492115 1433439 176699 13159
0b000701 0b000801 10036 100 2097152 19885991 48108 48204 11623
0b000701 0b000001 10293 100 2097152 18492203 1444967 176699 13175
0b000301 0b000401 10294 100 2097152 18499866 1459530 176699 14499
0b000101 0b000201 10294 100 2097152 18833809 1130502 176699 14145
0b000801 0b000901 10283 100 2097152 19937109 44164 44264 11640
0b000501 0b000601 10292 100 2097152 18621772 1390452 176699 12197
0b000501 0b000601 10293 100 2097152 18621782 1391854 176699 12213
0b000901 0b000a01 10284 100 2097152 19984283 44164 44264 11657
0b000601 0b000701 10287 100 2097152 15802270 4249867 176699 12614
0b000a01 0b000b01 10283 100 2097152 20031457 44164 44264 11674
0b000401 0b000501 10286 100 2097152 15564650 4549936 176699 14484
0b000b01 0b000c01 10284 100 2097152 20078631 44164 44264 11691
0b000401 0b000501 10287 100 2097152 15586007 4545775 176699 14964
0b000001 0b000101 10286 100 2097152 15625412 4511283 176699 14144
0b000201 0b000301 10287 100 2097152 15811797 4327699 176699 13522
0b000201 0b000301 10288 100 2097152 15836749 4327835 176699 14002
0b000501 0b000e01 10036 100 2097152 20117596 48108 48204 14501
0b000c01 0b000d01 10283 100 2097152 20125805 44164 44264 11708
0b000701 0b000001 10294 100 2097152 18611631 1564115 176699 12583
0b000701 0b000001 10295 100 2097152 18633635 1547719 176699 13671
0b000301 0b000c01 10036 100 2097152 20142506 48108 48204 13539
0b000e01 0b000f01 10283 100 2097152 20168714 47016 44264 14526
0b000d01 0b000e01 10284 100 2097152 20172979 47224 44264 11725
0b000101 0b000201 10295 100 2097152 18891657 1329790 176699 13537
0b000701 0b000001 10296 100 2097152 18656871 1565239 176699 13191
0b000401 0b000501 10288 100 2097152 15702999 4526767 176699 11668
0b000c01 0b000d01 10284 100 2097152 20193624 45325 44264 13564
0b000101 0b000201 10296 100 2097152 18931109 1314002 176699 14625
0b000501 0b000601 10294 100 2097152 18738616 1513196 176699 11621
0b000001 0b000101 10287 100 2097152 15766232 4491923 176699 12560
0b000001 0b000101 10288 100 2097152 15766236 4491923 176699 13040
0b000f01 0b000801 10284 100 2097152 20218740 46920 44264 14543
0b000e01 0b000f01 10284 100 2097152 20223213 47301 44264 11742
0b000d01 0b000e01 10285 100 2097152 20241959 45411 44264 13581
0b000301 0b000401 10295 100 2097152 18708850 1583419 176699 15107
0b000101 0b000a01 10036 100 2097152 20261165 48108 48204 12577
0b000801 0b000901 10284 100 2097152 20268670 44164 44264 14552
0b000e01 0b000f01 10285 100 2097152 20290380 44164 44264 13598
0b000001 0b000101 10289 100 2097152 15899456 4455171 176699 13584
0b000a01 0b000b01 10284 100 2097152 20312283 48025 44264 12602
0b000901 0b000a01 10285 100 2097152 20315844 46095 44264 14569
0b000f01 0b000801 10285 100 2097152 20337554 44164 44264 13615
0b000501 0b000601 10295 100 2097152 18798104 1584172 176699 12229
0b000401 0b000501 10289 100 2097152 15903179 4490071 176699 12228
0b000b01 0b000c01 10285 100 2097152 20363318 47766 44264 12619
0b000a01 0b000b01 10285 100 2097152 20364949 46165 44264 14586
0b000801 0b000901 10285 100 2097152 20384728 44164 44264 13624
0b000f01 0b000001 10044 100 2097152 20273524 180234 180639 11759
0b000b01 0b000c01 10286 100 2097152 20414124 46164 44264 14603
0b000c01 0b000d01 10285 100 2097152 20414094 46259 44264 12636
0b000901 0b000a01 10286 100 2097152 20431902 44164 44264 13641
0b000601 0b000701 10288 100 2097152 16271618 4206079 176699 12630
0b000601 0b000701 10289 100 2097152 16277226 4206103 176699 13190
0b000c01 0b000d01 10286 100 2097152 20463298 46167 44264 14620
0b000d01 0b000e01 10286 100 2097152 20463363 46262 44264 12653
0b000a01 0b000b01 10286 100 2097152 20479076 44164 44264 13658
0b000701 0b000001 10297 100 2097152 18934039 1617503 176699 12599
0b000e01 0b000f01 10286 100 2097152 20512635 44164 44264 12670
0b000301 0b000401 10296 100 2097152 18912322 1648879 176699 14515
0b000f01 0b000801 10286 100 2097152 20559809 44164 44264 12687
0b000101 0b000201 10297 100 2097152 19111633 1532010 176699 12241
0b000101 0b000201 10298 100 2097152 19156585 1493546 176699 13553
0b000801 0b000901 10286 100 2097152 20606983 44164 44264 12696
0b000601 0b000701 10290 100 2097152 16465681 4205912 176699 12102
0b000d01 0b000601 10044 100 2097152 20512475 180234 180639 14637
0b000b01 0b000401 10044 100 2097152 20526250 180234 180639 13675
0b000001 0b000101 10290 100 2097152 16261868 4465347 176699 13056
0b000201 0b000301 10289 100 2097152 16430117 4342607 176699 14562
0b000401 0b000501 10290 100 2097152 16397459 4420339 176699 14980
0b000901 0b000201 10044 100 2097152 20654157 180234 180639 12713
0b000501 0b000601 10296 100 2097152 19067664 1767876 176699 11637
0b000301 0b000401 10297 100 2097152 19118346 1741259 176699 11747
0b000501 0b000601 10297 100 2097152 19088492 1788560 176699 12709
0b000601 0b000701 10291 100 2097152 16717474 4169407 176699 12646
0b000501 0b000601 10298 100 2097152 19146360 1790156 176699 11653
0b000401 0b000501 10291 100 2097152 16519987 4418791 176699 11684
0b000701 0b000001 10298 100 2097152 19254677 1692365 176699 15127
0b000001 0b000101 10291 100 2097152 16463520 4484427 176699 13600
0b000201 0b000301 10290 100 2097152 16573877 4378711 176699 15106
0b000301 0b000401 10298 100 2097152 19180034 1774183 176699 14531
0b000701 0b000001 10299 100 2097152 19281355 1674111 176699 12615
0b000701 0b000001 10300 100 2097152 19285231 1693727 176699 14631
0b000301 0b000401 10299 100 2097152 19267975 1745970 176699 13203
0b000301 0b000401 10300 100 2097152 19285374 1734167 176699 14547
0b000101 0b000201 10299 100 2097152 19565849 1519554 176699 13569
0b000001 0b000101 10292 100 2097152 16650492 4442295 176699 13616
0b000301 0b000401 10301 100 2097152 19341362 1755007 176699 14563
0b000301 0b000401 10302 100 2097152 19376634 1725446 176699 12243
0b000701 0b000001 10301 100 2097152 19541299 1568931 176699 14167
0b000501 0b000601 10299 100 2097152 19343140 1813568 176699 11669
0b000401 0b000501 10292 100 2097152 16846647 4350959 176699 14996
0b000101 0b000201 10300 100 2097152 19574369 1623530 176699 15121
0b000201 0b000301 10291 100 2097152 16786273 4411903 176699 14578
0b000201 0b000301 10292 100 2097152 16812453 4406847 176699 14018
0b000301 0b000401 10303 100 2097152 19681574 1548471 176699 12707
0b000501 0b000601 10300 100 2097152 19445652 1788576 176699 14165
0b000101 0b000201 10301 100 2097152 19701657 1568230 176699 11745
0b000601 0b000701 10292 100 2097152 17151109 4143416 176699 12118
0b000101 0b000201 10302 100 2097152 19709137 1607102 176699 13585
0b000701 0b000001 10302 100 2097152 19925307 1447739 176699 12103
0b000301 0b000401 10304 100 2097152 20167594 1256271 176699 14019
0b000701 0b000001 10303 100 2097152 20055147 1388931 176699 12631
0b000501 0b000601 10301 100 2097152 19722864 1731972 176699 13669
0b000001 0b000901 10037 100 2097152 21376056 180222 180639 12112
0b000501 0b000601 10302 100 2097152 19830356 1737807 176699 13205
0b000901 0b000a01 10287 100 2097152 21559288 44164 44264 12137
0b000401 0b000d01 10037 100 2097152 21426875 180222 180639 14036
0b000101 0b000201 10303 100 2097152 20139705 1470131 176699 14161
0b000a01 0b000b01 10287 100 2097152 21606462 44164 44264 12154
0b000d01 0b000e01 10287 100 2097152 21610107 44164 44264 14061
0b000101 0b000201 10304 100 2097152 20261169 1426166 176699 13057
0b000b01 0b000c01 10287 100 2097152 21653636 44164 44264 12171
0b000e01 0b000f01 10287 100 2097152 21657281 44164 44264 14078
0b000101 0b000201 10305 100 2097152 20357637 1353510 176699 13601
0b000301 0b000401 10305 100 2097152 20775734 935427 176699 14579
0b000701 0b000001 10304 100 2097152 20480707 1256743 176699 12647
0b000701 0b000001 10305 100 2097152 20486339 1256707 176699 13207
0b000c01 0b000d01 10287 100 2097152 21700810 44164 44264 12188
0b000f01 0b000801 10287 100 2097152 21704455 44164 44264 14095
0b000001 0b000101 10293 100 2097152 17284716 4466995 176699 13632
0b000501 0b000601 10303 100 2097152 20134792 1619027 176699 14981
0b000301 0b000401 10306 100 2097152 20955598 833235 176699 15123
0b000d01 0b000e01 10288 100 2097152 21747984 44164 44264 12205
0b000801 0b000901 10287 100 2097152 21751629 44164 44264 14104
0b000501 0b000601 10304 100 2097152 20232776 1571266 176699 11685
0b000601 0b000701 10293 100 2097152 17606302 4198479 176699 12662
0b000701 0b000001 10306 100 2097152 20674603 1146395 176699 12119
0b000201 0b000301 10293 100 2097152 17372557 4465079 176699 14594
0b000e01 0b000f01 10288 100 2097152 21795158 44164 44264 12222
0b000901 0b000a01 10288 100 2097152 21798803 44164 44264 14121
0b000501 0b000601 10305 100 2097152 20396260 1458940 176699 12245
0b000001 0b000101 10294 100 2097152 17393020 4474839 176699 13648
0b000201 0b000b01 10037 100 2097152 21690375 180222 180639 13074
0b000101 0b000201 10306 100 2097152 20730225 1147811 176699 13073
0b000701 0b000001 10307 100 2097152 20889891 990067 176699 12663
0b000001 0b000101 10295 100 2097152 17416836 4463883 176699 13072
0b000f01 0b000801 10288 100 2097152 21842332 44164 44264 12239
0b000a01 0b000b01 10288 100 2097152 21845977 44910 44264 14138
0b000201 0b000301 10294 100 2097152 17431181 4466247 176699 14610
0b000301 0b000401 10307 100 2097152 21201186 700447 176699 14595
0b000301 0b000401 10308 100 2097152 21222310 684979 176699 14035
0b000601 0b000f01 10037 100 2097152 21756829 180222 180639 14998
0b000b01 0b000c01 10288 100 2097152 21873607 69499 44264 13099
0b000401 0b000501 10293 100 2097152 17480395 4462875 176699 11700
0b000401 0b000501 10294 100 2097152 17480663 4462611 176699 11716
0b000401 0b000501 10295 100 2097152 17480931 4462347 176699 11732
0b000801 0b000101 10045 100 2097152 21889506 62241 48204 12248
0b000b01 0b000c01 10289 100 2097152 21893897 69455 44264 14155
0b000f01 0b000801 10289 100 2097152 21940061 44164 44264 15023
0b000101 0b000201 10307 100 2097152 20950957 1039066 176699 13617
0b000c01 0b000d01 10288 100 2097152 21946116 44948 44264 13116
0b000701 0b000001 10308 100 2097152 21297535 696003 176699 12135
0b000001 0b000901 10038 100 2097152 21824038 183834 180639 12128
0b000501 0b000601 10306 100 2097152 20820808 1198724 176699 14997
0b000c01 0b000501 10045 100 2097152 21966362 62241 48204 14172
0b000801 0b000901 10288 100 2097152 21987235 45107 44264 15032
0b000d01 0b000e01 10289 100 2097152 21994074 44164 44264 13133
0b000201 0b000b01 10038 100 2097152 21881076 180222 180639 13090
0b000901 0b000a01 10289 100 2097152 22010882 65699 44264 12153
0b000201 0b000301 10295 100 2097152 17562805 4516627 176699 14034
0b000601 0b000701 10294 100 2097152 17814666 4265127 176699 12678
0b000601 0b000701 10295 100 2097152 17814676 4265121 176699 12694
0b000501 0b000601 10307 100 2097152 20941788 1138084 176699 11701
0b000601 0b000701 10296 100 2097152 17820881 4259220 176699 12710
0b000101 0b000201 10308 100 2097152 21095797 988926 176699 13633
0b000e01 0b000f01 10289 100 2097152 22041248 44164 44264 13150
0b000401 0b000d01 10038 100 2097152 21910329 180222 180639 14052
0b000901 0b000a01 10290 100 2097152 22035352 65634 44264 15049
0b000b01 0b000c01 10290 100 2097152 22064308 45942 44264 13115
0b000701 0b000001 10309 100 2097152 21807791 318803 176699 12679
0b000f01 0b000801 10290 100 2097152 22088422 44164 44264 13167
0b000d01 0b000e01 10290 100 2097152 22093561 46490 44264 14077
0b000a01 0b000b01 10289 100 2097152 22079591 66163 44264 12170
0b000201 0b000301 10296 100 2097152 17637929 4508679 176699 14626
0b000c01 0b000d01 10289 100 2097152 22113260 45365 44264 13132
0b000a01 0b000b01 10290 100 2097152 22103996 66097 44264 15066
0b000601 0b000701 10297 100 2097152 17901182 4270651 176699 14166
0b000801 0b000901 10289 100 2097152 22135596 44164 44264 13176
0b000001 0b000901 10039 100 2097152 21996578 183846 180639 12144
0b000001 0b000101 10296 100 2097152 17690628 4496215 176699 13664
0b000e01 0b000f01 10290 100 2097152 22143061 46594 44264 14094
0b000601 0b000f01 10038 100 2097152 22022572 180222 180639 15014
0b000d01 0b000e01 10291 100 2097152 22161635 45380 44264 13149
0b000601 0b000701 10298 100 2097152 17940637 4271748 176699 12134
0b000b01 0b000c01 10291 100 2097152 22148764 65820 44264 12187
0b000201 0b000301 10297 100 2097152 17718125 4504523 176699 14050
0b000b01 0b000c01 10292 100 2097152 22173103 65754 44264 15083
0b000501 0b000601 10308 100 2097152 21200616 1046044 176699 15013
0b000e01 0b000f01 10291 100 2097152 22210025 46172 44264 13166
0b000901 0b000a01 10291 100 2097152 22182770 87550 44264 13193
0b000901 0b000a01 10292 100 2097152 22183434 87541 44264 12169
0b000f01 0b000801 10291 100 2097152 22192665 82445 44264 14111
0b000c01 0b000d01 10290 100 2097152 22217594 65880 44264 12204
0b000401 0b000501 10296 100 2097152 17766107 4518287 176699 11748
0b000f01 0b000801 10292 100 2097152 22205804 96615 44264 15039
0b000c01 0b000d01 10291 100 2097152 22241867 65814 44264 15100
0b000a01 0b000b01 10291 100 2097152 22273985 44164 44264 12186
0b000601 0b000701 10299 100 2097152 18070829 4249424 176699 12150
0b000a01 0b000301 10045 100 2097152 22273330 48108 48204 13210
0b000f01 0b000801 10293 100 2097152 22259207 70033 44264 13183
0b000801 0b000901 10290 100 2097152 22278120 69592 44264 14120
0b000d01 0b000e01 10292 100 2097152 22286484 65940 44264 12221
0b000301 0b000401 10309 100 2097152 21840646 518211 176699 14611
0b000b01 0b000c01 10293 100 2097152 22321159 44164 44264 12203
0b000d01 0b000e01 10293 100 2097152 22310691 66276 44264 15117
0b000001 0b000101 10297 100 2097152 17850880 4539111 176699 13088
0b000901 0b000a01 10293 100 2097152 22350722 48365 44264 14137
0b000e01 0b000f01 10292 100 2097152 22355434 45126 44264 12238
0b000801 0b000901 10291 100 2097152 22305429 96507 44264 15048
0b000c01 0b000d01 10292 100 2097152 22368333 44537 44264 12220
0b000801 0b000901 10292 100 2097152 22332250 83452 44264 13192
0b000201 0b000301 10298 100 2097152 17903757 4514819 176699 14066
0b000601 0b000f01 10039 100 2097152 22249700 181843 180639 15030
0b000e01 0b000701 10045 100 2097152 22379977 59585 48204 15134
0b000a01 0b000b01 10292 100 2097152 22402097 47626 44264 14154
0b000001 0b000101 10298 100 2097152 17898736 4554931 176699 14624
0b000d01 0b000e01 10294 100 2097152 22415880 44164 44264 12237
0b000f01 0b000801 10294 100 2097152 22403570 57758 44264 12255
0b000901 0b000a01 10294 100 2097152 22404946 76879 44264 15065
0b000601 0b000701 10300 100 2097152 18238242 4246875 176699 13206
0b000301 0b000401 10310 100 2097152 21900438 589035 176699 14627
0b000f01 0b000801 10295 100 2097152 22434553 59972 44264 15055
0b000901 0b000a01 10295 100 2097152 22418712 76806 44264 13209
0b000b01 0b000c01 10294 100 2097152 22452733 44826 44264 14171
0b000e01 0b000f01 10293 100 2097152 22463054 45555 44264 12254
0b000801 0b000101 10046 100 2097152 22464338 48108 48204 12264
0b000601 0b000701 10301 100 2097152 18282757 4237476 176699 13670
0b000a01 0b000b01 10293 100 2097152 22484835 44742 44264 15082
0b000801 0b000901 10293 100 2097152 22497565 47036 44264 15064
0b000a01 0b000301 10046 100 2097152 22498528 48108 48204 13226
0b000c01 0b000501 10046 100 2097152 22500569 48108 48204 14188
0b000001 0b000101 10299 100 2097152 18001456 4554995 176699 15120
0b000f01 0b000801 10296 100 2097152 22511619 45596 44264 12271
0b000401 0b000501 10297 100 2097152 17987439 4573523 176699 15012
0b000001 0b000101 10300 100 2097152 18006047 4566720 176699 11744
0b000601 0b000701 10302 100 2097152 18357674 4218967 176699 12166
0b000b01 0b000c01 10295 100 2097152 22532587 44164 44264 15099
0b000901 0b000a01 10296 100 2097152 22547611 44164 44264 15081
0b000201 0b000301 10299 100 2097152 18053286 4541154 176699 12242
0b000401 0b000501 10298 100 2097152 18028951 4571319 176699 15028
0b000801 0b000101 10047 100 2097152 22560255 48108 48204 12280
0b000c01 0b000d01 10293 100 2097152 22579791 44164 44264 15116
0b000a01 0b000b01 10294 100 2097152 22594815 44164 44264 15098
0b000201 0b000301 10300 100 2097152 18109573 4553111 176699 11746
0b000d01 0b000e01 10295 100 2097152 22626965 44164 44264 15133
0b000101 0b000201 10309 100 2097152 21754721 925546 176699 13649
0b000401 0b000501 10299 100 2097152 18088667 4593059 176699 13204
0b000b01 0b000c01 10296 100 2097152 22641989 44164 44264 15115
0b000401 0b000501 10300 100 2097152 18112495 4591067 176699 15044
0b000001 0b000101 10301 100 2097152 18125332 4582551 176699 14160
0b000001 0b000101 10302 100 2097152 18130940 4580811 176699 13104
0b000401 0b000501 10301 100 2097152 18118174 4600368 176699 12244
0b000601 0b000701 10303 100 2097152 18508345 4212840 176699 14630
0b000e01 0b000701 10046 100 2097152 22674139 48108 48204 15150
0b000c01 0b000d01 10294 100 2097152 22689193 44164 44264 15132
0b000d01 0b000e01 10296 100 2097152 22736367 44164 44264 15149
0b000e01 0b000701 10047 100 2097152 22783571 48108 48204 15166
0b000201 0b000301 10301 100 2097152 18278845 4571987 176699 14082
0b000201 0b000301 10302 100 2097152 18284466 4570150 176699 15122
0b000401 0b000501 10302 100 2097152 18266471 4598463 176699 15060
0b000401 0b000501 10303 100 2097152 18308067 4590035 176699 12708
0b000601 0b000701 10304 100 2097152 18690108 4239449 176699 11622
0b000201 0b000301 10303 100 2097152 18354805 4584967 176699 14098
0b000701 0b000801 10037 100 2097152 22932597 48108 48204 11639
0b000801 0b000901 10294 100 2097152 22983745 44164 44264 11656
0b000101 0b000201 10310 100 2097152 21870869 1183350 176699 13665
0b000901 0b000a01 10297 100 2097152 23030919 44164 44264 11673
0b000001 0b000101 10303 100 2097152 18536276 4542979 176699 12576
0b000a01 0b000b01 10295 100 2097152 23078123 44164 44264 11690
0b000101 0b000a01 10037 100 2097152 23082295 48108 48204 12593
0b000501 0b000601 10309 100 2097152 21946280 1205272 176699 11717
0b000501 0b000601 10310 100 2097152 21946290 1205702 176699 11733
0b000501 0b000601 10311 100 2097152 21946300 1205960 176699 11749
0b000201 0b000301 10304 100 2097152 18661298 4508110 176699 12706
0b000b01 0b000c01 10297 100 2097152 23125297 47604 44264 11707
0b000a01 0b000b01 10296 100 2097152 23133443 45877 44264 12618
0b000101 0b000201 10311 100 2097152 21883729 1305742 176699 13089
0b000201 0b000301 10305 100 2097152 18695613 4494023 176699 13538
0b000001 0b000101 10304 100 2097152 18702812 4493495 176699 13120
0b000401 0b000501 10304 100 2097152 18632278 4566044 176699 13668
0b000c01 0b000d01 10295 100 2097152 23175941 47758 44264 11724
0b000b01 0b000c01 10298 100 2097152 23182330 45961 44264 12635
0b000301 0b000c01 10037 100 2097152 23192676 48612 48204 13555
0b000201 0b000301 10306 100 2097152 18794558 4452106 176699 14114
0b000101 0b000201 10312 100 2097152 21954757 1294514 176699 12257
0b000301 0b000401 10311 100 2097152 22082442 1178907 176699 14051
0b000d01 0b000e01 10297 100 2097152 23226739 47936 44264 11741
0b000001 0b000101 10305 100 2097152 18849816 4451795 176699 13136
0b000c01 0b000d01 10296 100 2097152 23231331 77105 44264 12652
0b000c01 0b000d01 10297 100 2097152 23244328 77457 44264 13580
0b000e01 0b000f01 10294 100 2097152 23277715 44684 44264 11758
0b000501 0b000601 10312 100 2097152 22031613 1325859 176699 14181
0b000201 0b000b01 10039 100 2097152 23192511 180222 180639 13106
0b000d01 0b000e01 10298 100 2097152 23311476 75827 44264 12669
0b000d01 0b000e01 10299 100 2097152 23324825 75801 44264 13597
0b000401 0b000501 10305 100 2097152 18881923 4522355 176699 14500
0b000b01 0b000c01 10299 100 2097152 23375743 44164 44264 13131
0b000401 0b000d01 10039 100 2097152 23264389 180467 180639 14068
0b000501 0b000e01 10037 100 2097152 23407318 48529 48204 14517
0b000c01 0b000d01 10298 100 2097152 23422947 45045 44264 13148
0b000e01 0b000f01 10295 100 2097152 23390343 80831 44264 12686
0b000301 0b000401 10312 100 2097152 22149618 1331363 176699 14643
0b000601 0b000701 10305 100 2097152 19414530 4080871 176699 12182
0b000e01 0b000f01 10296 100 2097152 23403666 95676 44264 13614
0b000f01 0b000001 10045 100 2097152 23325439 180234 180639 11775
0b000701 0b000001 10310 100 2097152 22082803 1428995 176699 12695
0b000701 0b000001 10311 100 2097152 22082813 1428989 176699 12711
0b000d01 0b000e01 10300 100 2097152 23447896 69023 44264 14093
0b000701 0b000001 10312 100 2097152 22083111 1435291 176699 12727
0b000e01 0b000f01 10297 100 2097152 23458887 77299 44264 14542
0b000f01 0b000801 10297 100 2097152 23474214 64248 44264 12703
0b000601 0b000701 10306 100 2097152 19468366 4070319 176699 12198
0b000d01 0b000e01 10301 100 2097152 23471032 69126 44264 13165
0b000801 0b000901 10295 100 2097152 23541502 46270 44264 12712
0b000f01 0b000801 10298 100 2097152 23502382 93978 44264 13631
0b000e01 0b000f01 10298 100 2097152 23519959 81989 44264 14110
0b000e01 0b000f01 10299 100 2097152 23543198 75560 44264 13182
0b000f01 0b000801 10299 100 2097152 23539226 81192 44264 14559
0b000801 0b000901 10296 100 2097152 23599400 70581 44264 13640
0b000401 0b000501 10306 100 2097152 19218455 4454287 176699 15076
0b000801 0b000901 10297 100 2097152 23623458 71683 44264 14568
0b000f01 0b000801 10300 100 2097152 23604988 90587 44264 14127
0b000f01 0b000801 10301 100 2097152 23621798 82751 44264 13199
0b000301 0b000401 10313 100 2097152 22225658 1512499 176699 14067
0b000901 0b000a01 10298 100 2097152 23672991 68221 44264 13657
0b000901 0b000a01 10299 100 2097152 23698151 69692 44264 14585
0b000901 0b000201 10045 100 2097152 23590782 180234 180639 12729
0b000801 0b000901 10298 100 2097152 23698615 82535 44264 14136
0b000801 0b000901 10299 100 2097152 23707589 82394 44264 13208
0b000a01 0b000b01 10297 100 2097152 23744252 65445 44264 13674
0b000101 0b000201 10313 100 2097152 22189883 1638300 176699 13681
0b000a01 0b000b01 10298 100 2097152 23770883 66939 44264 14602
0b000901 0b000a01 10300 100 2097152 23784160 82005 44264 14153
0b000901 0b000a01 10301 100 2097152 23792993 81879 44264 13225
0b000b01 0b000c01 10300 100 2097152 23840832 45411 44264 14619
0b000a01 0b000b01 10299 100 2097152 23869205 44919 44264 14170
0b000501 0b000601 10313 100 2097152 22287434 1630862 176699 11765
0b000301 0b000401 10314 100 2097152 22324448 1599089 176699 13219
0b000a01 0b000301 10047 100 2097152 23877912 48611 48204 13242
0b000c01 0b000d01 10299 100 2097152 23889283 45707 44264 14636
0b000401 0b000d01 10040 100 2097152 23741167 198723 180639 14084
0b000701 0b000001 10313 100 2097152 22174843 1774563 176699 14183
0b000001 0b000101 10306 100 2097152 19699848 4257727 176699 13152
0b000b01 0b000c01 10301 100 2097152 23917134 44939 44264 14187
0b000201 0b000301 10307 100 2097152 19671645 4297275 176699 14130
0b000d01 0b000e01 10302 100 2097152 23942930 44164 44264 14109
0b000b01 0b000401 10045 100 2097152 23812707 185563 180639 13691
0b000c01 0b000501 10047 100 2097152 23965113 48636 48204 14204
0b000e01 0b000f01 10300 100 2097152 23990134 44164 44264 14126
0b000601 0b000701 10307 100 2097152 20015234 4031951 176699 12214
0b000601 0b000701 10308 100 2097152 20016646 4032211 176699 12230
0b000201 0b000301 10308 100 2097152 19783386 4285310 176699 14146
0b000f01 0b000801 10302 100 2097152 24037338 44164 44264 14143
0b000701 0b000001 10314 100 2097152 22215425 1866961 176699 12151
0b000d01 0b000601 10045 100 2097152 23938030 180234 180639 14653
0b000801 0b000901 10300 100 2097152 24084542 44164 44264 14152
0b000001 0b000101 10307 100 2097152 19928564 4217727 176699 13168
0b000001 0b000101 10308 100 2097152 19940180 4216591 176699 13184
0b000901 0b000a01 10302 100 2097152 24131746 44164 44264 14169
0b000301 0b000401 10315 100 2097152 22421616 1755629 176699 14083
0b000401 0b000501 10307 100 2097152 19866999 4350999 176699 15092
0b000401 0b000501 10308 100 2097152 19867351 4350651 176699 15108
0b000a01 0b000b01 10300 100 2097152 24178920 44164 44264 14186
0b000201 0b000301 10309 100 2097152 19967321 4276851 176699 14162
0b000601 0b000701 10309 100 2097152 20254822 4005627 176699 11638
0b000001 0b000901 10040 100 2097152 24085426 180241 180639 12160
0b000b01 0b000c01 10302 100 2097152 24226124 44164 44264 14203
0b000701 0b000801 10038 100 2097152 24263489 48111 48204 11655
0b000901 0b000a01 10303 100 2097152 24268707 44164 44264 12185
0b000401 0b000501 10309 100 2097152 19962406 4351824 176699 14516
0b000101 0b000201 10314 100 2097152 22393031 1940956 176699 13105
0b000c01 0b000501 10048 100 2097152 24273328 62921 48204 14220
0b000801 0b000901 10301 100 2097152 24314640 44164 44264 11672
0b000a01 0b000b01 10301 100 2097152 24315881 44164 44264 12202
0b000401 0b000d01 10041 100 2097152 24180285 180457 180639 14100
0b000501 0b000e01 10038 100 2097152 24317270 49378 48204 14533
0b000601 0b000701 10310 100 2097152 20385286 3984119 176699 12246
0b000701 0b000001 10315 100 2097152 22323293 2058989 176699 12167
0b000001 0b000101 10309 100 2097152 20178756 4211387 176699 12592
0b000001 0b000101 10310 100 2097152 20184364 4205999 176699 13680
0b000901 0b000a01 10304 100 2097152 24361844 44164 44264 11689
0b000b01 0b000c01 10303 100 2097152 24363085 44164 44264 12219
0b000d01 0b000e01 10303 100 2097152 24363782 45893 44264 14125
0b000301 0b000401 10316 100 2097152 22549676 1867829 176699 13235
0b000e01 0b000f01 10301 100 2097152 24369688 48820 44264 14558
0b000001 0b000101 10311 100 2097152 20225120 4194395 176699 13200
0b000101 0b000a01 10038 100 2097152 24393183 48638 48204 12609
0b000c01 0b000d01 10300 100 2097152 24410289 44164 44264 12236
0b000a01 0b000b01 10302 100 2097152 24409018 52396 44264 11706
0b000e01 0b000f01 10302 100 2097152 24412715 48912 44264 14142
0b000f01 0b000801 10303 100 2097152 24421548 48731 44264 14575
0b000201 0b000301 10310 100 2097152 20224457 4259507 176699 13554
0b000a01 0b000b01 10303 100 2097152 24444831 53888 44264 12634
0b000201 0b000301 10311 100 2097152 20248121 4253227 176699 14642
0b000101 0b000201 10315 100 2097152 22456707 2044712 176699 14641
0b000d01 0b000e01 10304 100 2097152 24457493 44342 44264 12253
0b000f01 0b000801 10304 100 2097152 24464667 49054 44264 14159
0b000201 0b000b01 10040 100 2097152 24337027 180454 180639 13122
0b000b01 0b000c01 10304 100 2097152 24464454 54018 44264 11723
0b000801 0b000901 10302 100 2097152 24473319 48420 44264 14584
0b000301 0b000401 10317 100 2097152 22597450 1932551 176699 12259
0b000501 0b000601 10314 100 2097152 22551717 1980335 176699 14197
0b000301 0b000c01 10038 100 2097152 24486974 48446 48204 13571
0b000e01 0b000f01 10303 100 2097152 24504845 44548 44264 12270
0b000501 0b000601 10315 100 2097152 22564002 1991626 176699 15029
0b000001 0b000901 10041 100 2097152 24385322 180222 180639 12176
0b000801 0b000901 10303 100 2097152 24516761 48939 44264 14168
0b000901 0b000a01 10305 100 2097152 24524779 50094 44264 14601
0b000401 0b000501 10310 100 2097152 20295279 4291099 176699 15124
0b000b01 0b000c01 10305 100 2097152 24501759 89068 44264 12651
0b000f01 0b000801 10305 100 2097152 24552433 44739 44264 12287
0b000c01 0b000d01 10301 100 2097152 24521512 79533 44264 11740
0b000b01 0b000c01 10306 100 2097152 24520521 81285 44264 13147
0b000001 0b000101 10312 100 2097152 20456768 4145403 176699 11760
0b000301 0b000401 10318 100 2097152 22665694 1941975 176699 11763
0b000701 0b000001 10316 100 2097152 22442572 2167842 176699 15143
0b000a01 0b000b01 10304 100 2097152 24577883 48365 44264 14618
0b000101 0b000201 10316 100 2097152 22515486 2116570 176699 12273
0b000c01 0b000d01 10302 100 2097152 24538460 108112 44264 13596
0b000801 0b000101 10048 100 2097152 24600212 48108 48204 12296
0b000d01 0b000e01 10305 100 2097152 24604085 48026 44264 11757
0b000001 0b000101 10313 100 2097152 20554552 4098147 176699 12608
0b000101 0b000201 10317 100 2097152 22559461 2095394 176699 15137
0b000601 0b000701 10311 100 2097152 20695719 3962082 176699 14646
0b000901 0b000a01 10306 100 2097152 24568584 92307 44264 12201
0b000901 0b000a01 10307 100 2097152 24568710 92248 44264 14185
0b000b01 0b000c01 10307 100 2097152 24629288 46716 44264 14635
0b000d01 0b000e01 10306 100 2097152 24649612 48984 44264 13613
0b000e01 0b000f01 10304 100 2097152 24655121 46043 44264 11774
0b000101 0b000a01 10039 100 2097152 24655709 48108 48204 12625
0b000701 0b000001 10317 100 2097152 22488127 2217671 176699 13223
0b000c01 0b000d01 10303 100 2097152 24593867 117070 44264 12668
0b000101 0b000201 10318 100 2097152 22575777 2138739 176699 11761
0b000c01 0b000d01 10304 100 2097152 24604846 115480 44264 13164
0b000101 0b000201 10319 100 2097152 22611373 2109702 176699 12289
0b000601 0b000f01 10040 100 2097152 24558668 180222 180639 15046
0b000501 0b000601 10316 100 2097152 22603310 2136554 176699 15045
0b000e01 0b000f01 10305 100 2097152 24701606 45672 44264 13630
0b000c01 0b000d01 10305 100 2097152 24679044 72174 44264 14652
0b000601 0b000701 10312 100 2097152 20838550 3916487 176699 11654
0b000201 0b000301 10312 100 2097152 20646653 4108695 176699 12258
0b000701 0b000001 10318 100 2097152 22523273 2234629 176699 13687
0b000201 0b000301 10313 100 2097152 20653171 4106405 176699 13570
0b000a01 0b000b01 10305 100 2097152 24663901 111216 44264 12218
0b000a01 0b000b01 10306 100 2097152 24663968 111279 44264 14202
0b000601 0b000701 10313 100 2097152 20880062 3901251 176699 12726
0b000501 0b000601 10317 100 2097152 22684736 2097160 176699 13221
0b000d01 0b000e01 10307 100 2097152 24713977 80955 44264 12685
0b000a01 0b000b01 10307 100 2097152 24706827 90657 44264 12650
0b000d01 0b000e01 10308 100 2097152 24723366 80789 44264 13181
0b000301 0b000c01 10039 100 2097152 24762616 48108 48204 13587
0b000401 0b000501 10311 100 2097152 20564211 4248047 176699 14532
0b000501 0b000601 10318 100 2097152 22706572 2113375 176699 15061
0b000701 0b000801 10039 100 2097152 24758077 63037 48204 11671
0b000601 0b000701 10314 100 2097152 20939526 3884087 176699 11670
0b000f01 0b000801 10306 100 2097152 24741900 82342 44264 15071
0b000f01 0b000801 10307 100 2097152 24750288 82868 44264 13647
0b000c01 0b000d01 10306 100 2097152 24813764 48376 44264 13612
0b000101 0b000201 10320 100 2097152 22710893 2157350 176699 14177
0b000101 0b000201 10321 100 2097152 22714791 2158976 176699 13121
0b000501 0b000e01 10039 100 2097152 24815268 62265 48204 14549
0b000701 0b000001 10319 100 2097152 22579681 2298361 176699 12183
0b000001 0b000101 10314 100 2097152 20950052 3928419 176699 15136
0b000001 0b000101 10315 100 2097152 20958506 3920249 176699 12624
0b000201 0b000301 10314 100 2097152 20837431 4042105 176699 12722
0b000e01 0b000f01 10306 100 2097152 24797942 81470 44264 12702
0b000f01 0b000001 10046 100 2097152 24704174 180307 180639 11791
0b000701 0b000801 10040 100 2097152 24826623 58897 48204 11687
0b000001 0b000101 10316 100 2097152 20981998 3909969 176699 14640
0b000e01 0b000f01 10307 100 2097152 24807165 88920 44264 13198
0b000301 0b000401 10319 100 2097152 22853842 2046363 176699 14099
0b000b01 0b000c01 10308 100 2097152 24778157 124317 44264 12235
0b000b01 0b000c01 10309 100 2097152 24778287 124401 44264 14219
0b000501 0b000601 10319 100 2097152 22721552 2184872 176699 12261
0b000d01 0b000e01 10309 100 2097152 24865150 46227 44264 13629
0b000b01 0b000c01 10310 100 2097152 24800524 113121 44264 12667
0b000301 0b000401 10320 100 2097152 22857626 2066055 176699 15139
0b000401 0b000501 10312 100 2097152 20709494 4220044 176699 13684
0b000101 0b000a01 10040 100 2097152 24881765 48643 48204 12641
0b000601 0b000701 10315 100 2097152 21159718 3771155 176699 11686
0b000d01 0b000601 10046 100 2097152 24754228 188255 180639 14669
0b000e01 0b000f01 10308 100 2097152 24880543 72338 44264 14574
0b000f01 0b000801 10308 100 2097152 24882422 79498 44264 12719
0b000301 0b000401 10321 100 2097152 22942812 2021641 176699 14115
0b000c01 0b000501 10049 100 2097152 24905728 62765 48204 14236
0b000601 0b000701 10316 100 2097152 21237238 3731775 176699 14182
0b000801 0b000901 10304 100 2097152 24824154 146749 44264 11688
0b000701 0b000001 10320 100 2097152 22724225 2250641 176699 14647
0b000001 0b000101 10317 100 2097152 21113240 3862547 176699 14176
0b000a01 0b000b01 10308 100 2097152 24933418 44330 44264 12666
0b000501 0b000601 10320 100 2097152 22867974 2110046 176699 15077
0b000701 0b000001 10321 100 2097152 22725287 2253007 176699 15159
0b000e01 0b000f01 10309 100 2097152 24914387 65671 44264 13646
0b000701 0b000801 10041 100 2097152 24933883 48639 48204 11703
0b000c01 0b000d01 10307 100 2097152 24905514 78024 44264 12252
0b000801 0b000901 10305 100 2097152 24827282 156288 44264 15080
0b000c01 0b000d01 10308 100 2097152 24916685 78666 44264 12684
0b000f01 0b000801 10309 100 2097152 24899095 98071 44264 13215
0b000801 0b000901 10306 100 2097152 24836196 165799 44264 13656
0b000b01 0b000c01 10311 100 2097152 24980788 44796 44264 12683
0b000501 0b000601 10321 100 2097152 22901142 2135550 176699 12725
0b000201 0b000301 10315 100 2097152 21088443 3950101 176699 13586
0b000f01 0b000801 10310 100 2097152 24955891 97958 44264 14591
0b000601 0b000701 10317 100 2097152 21457876 3598477 176699 13686
0b000701 0b000001 10322 100 2097152 22834719 2221647 176699 15175
0b000201 0b000b01 10041 100 2097152 24876807 180399 180639 13138
0b000001 0b000901 10042 100 2097152 24881052 180290 180639 12192
0b000401 0b000501 10313 100 2097152 20862615 4201799 176699 11764
0b000601 0b000f01 10041 100 2097152 24742904 323529 180639 15062
0b000d01 0b000e01 10310 100 2097152 24986548 80227 44264 12269
0b000f01 0b000801 10311 100 2097152 24983068 83873 44264 13663
0b000c01 0b000d01 10309 100 2097152 25028624 46886 44264 12700
0b000d01 0b000e01 10311 100 2097152 24998391 78948 44264 12701
0b000801 0b000901 10307 100 2097152 24888560 191096 44264 11704
0b000901 0b000a01 10308 100 2097152 24973913 108624 44264 11705
0b000301 0b000c01 10040 100 2097152 25041554 48654 48204 13603
0b000b01 0b000c01 10312 100 2097152 25060246 45410 44264 13163
0b000001 0b000101 10318 100 2097152 21447088 3665775 176699 12640
0b000f01 0b000801 10312 100 2097152 25069443 46326 44264 15087
0b000d01 0b000e01 10312 100 2097152 25078550 47135 44264 12717
0b000401 0b000501 10314 100 2097152 20957227 4169095 176699 14548
0b000a01 0b000b01 10309 100 2097152 25085547 46274 44264 11722
0b000901 0b000a01 10309 100 2097152 24986580 147246 44264 15097
0b000601 0b000701 10318 100 2097152 21571173 3573624 176699 13222
0b000201 0b000301 10316 100 2097152 21200909 3958107 176699 15138
0b000e01 0b000f01 10310 100 2097152 25069785 91229 44264 12286
0b000901 0b000a01 10310 100 2097152 25005005 157757 44264 13673
0b000101 0b000a01 10041 100 2097152 25115903 48108 48204 12657
0b000401 0b000501 10315 100 2097152 21016955 4150571 176699 13220
0b000301 0b000401 10322 100 2097152 23172448 1995081 176699 12723
0b000c01 0b000d01 10310 100 2097152 25093248 75559 44264 13628
0b000401 0b000501 10316 100 2097152 21022581 4148165 176699 14564
0b000501 0b000e01 10040 100 2097152 25129332 48639 48204 14565
0b000b01 0b000c01 10313 100 2097152 25134861 46312 44264 11739
0b000e01 0b000f01 10311 100 2097152 25080349 102108 44264 12718
0b000c01 0b000d01 10311 100 2097152 25108696 75567 44264 13180
0b000801 0b000901 10308 100 2097152 24964960 221248 44264 12728
0b000401 0b000d01 10042 100 2097152 24903215 292436 180639 14116
0b000901 0b000a01 10311 100 2097152 25064352 138118 44264 12217
0b000901 0b000a01 10312 100 2097152 25082666 124403 44264 11721
0b000801 0b000901 10309 100 2097152 24985562 225648 44264 11720
0b000601 0b000f01 10042 100 2097152 24822987 388800 180639 15078
0b000401 0b000501 10317 100 2097152 21099409 4114181 176699 14580
0b000401 0b000501 10318 100 2097152 21105090 4110968 176699 12260
0b000501 0b000601 10322 100 2097152 23201362 2020633 176699 13685
0b000a01 0b000b01 10310 100 2097152 25136836 85917 44264 15114
0b000501 0b000e01 10041 100 2097152 25173756 50445 48204 14581
0b000801 0b000901 10310 100 2097152 25000176 225433 44264 13224
0b000201 0b000301 10317 100 2097152 21272897 3954207 176699 11762
0b000c01 0b000d01 10312 100 2097152 25184213 46206 44264 11756
0b000e01 0b000f01 10312 100 2097152 25128695 104051 44264 12734
0b000f01 0b000801 10313 100 2097152 25164024 84469 44264 12303
0b000201 0b000301 10318 100 2097152 21319249 3936923 176699 13602
0b000401 0b000d01 10043 100 2097152 24967463 292380 180639 14132
0b000301 0b000401 10323 100 2097152 23249704 2013193 176699 14131
0b000401 0b000501 10319 100 2097152 21233055 4030203 176699 12724
0b000501 0b000e01 10042 100 2097152 25216600 50514 48204 14597
0b000801 0b000901 10311 100 2097152 25056859 211127 44264 14600
0b000601 0b000701 10319 100 2097152 21807052 3462209 176699 11702
0b000b01 0b000c01 10314 100 2097152 25225793 46271 44264 15131
0b000801 0b000901 10312 100 2097152 25069951 203337 44264 13672
0b000e01 0b000f01 10313 100 2097152 25180981 99326 44264 14590
0b000801 0b000901 10313 100 2097152 25118779 163992 44264 15096
0b000601 0b000f01 10043 100 2097152 24981060 307086 180639 15094
0b000d01 0b000e01 10313 100 2097152 25171847 121675 44264 13645
0b000601 0b000701 10320 100 2097152 21858210 3436307 176699 12262
0b000101 0b000201 10322 100 2097152 23199347 2101100 176699 13137
0b000801 0b000101 10049 100 2097152 25251503 49591 48204 12312
0b000301 0b000c01 10041 100 2097152 25259212 48530 48204 13619
0b000001 0b000101 10319 100 2097152 21740460 3568179 176699 12656
0b000901 0b000a01 10313 100 2097152 25214250 103711 44264 11737
0b000701 0b000801 10042 100 2097152 25272301 49323 48204 11719
0b000001 0b000101 10320 100 2097152 21746056 3578055 176699 13216
0b000c01 0b000d01 10313 100 2097152 25275074 54929 44264 15148
0b000f01 0b000801 10314 100 2097152 25185467 144673 44264 12735
0b000e01 0b000f01 10314 100 2097152 25227211 112567 44264 14606
0b000a01 0b000b01 10311 100 2097152 25165772 178975 44264 13690
0b000a01 0b000b01 10312 100 2097152 25167021 180191 44264 12682
0b000d01 0b000e01 10314 100 2097152 25187303 175465 44264 13197
0b000c01 0b000d01 10314 100 2097152 25310752 56591 44264 13644
0b000101 0b000a01 10042 100 2097152 25311679 58918 48204 12673
0b000901 0b000201 10046 100 2097152 25189218 182506 180639 12745
0b000901 0b000a01 10314 100 2097152 25228649 146856 44264 13241
0b000d01 0b000e01 10315 100 2097152 25198691 185777 44264 14141
0b000e01 0b000f01 10315 100 2097152 25270124 118134 44264 14622
0b000a01 0b000b01 10313 100 2097152 25205480 183602 44264 12234
0b000a01 0b000b01 10314 100 2097152 25210079 182634 44264 11738
0b000f01 0b000801 10315 100 2097152 25214797 186985 44264 15103
0b000001 0b000101 10321 100 2097152 21882998 3519937 176699 12672
0b000b01 0b000c01 10315 100 2097152 25350222 53006 44264 12699
0b000801 0b000901 10314 100 2097152 25324634 85725 44264 11736
0b000201 0b000301 10319 100 2097152 21612846 3803714 176699 14178
0b000e01 0b000f01 10316 100 2097152 25296532 127168 44264 13662
0b000801 0b000901 10315 100 2097152 25333150 94238 44264 12744
0b000601 0b000701 10321 100 2097152 22082912 3347905 176699 11718
0b000d01 0b000e01 10316 100 2097152 25233459 197535 44264 11773
0b000f01 0b000801 10316 100 2097152 25235756 202925 44264 12751
0b000a01 0b000301 10048 100 2097152 25378515 63986 48204 13258
0b000901 0b000a01 10315 100 2097152 25271026 175923 44264 14617
0b000a01 0b000b01 10315 100 2097152 25320971 125999 44264 11754
0b000901 0b000a01 10316 100 2097152 25276328 175923 44264 13689
0b000c01 0b000d01 10315 100 2097152 25406238 46274 44264 12716
0b000d01 0b000e01 10317 100 2097152 25262883 191205 44264 14157
0b000901 0b000a01 10317 100 2097152 25285811 171237 44264 15113
0b000101 0b000201 10323 100 2097152 23304651 2153412 176699 13153
0b000201 0b000301 10320 100 2097152 21714187 3750105 176699 13618
0b000401 0b000d01 10044 100 2097152 25265937 198519 180639 14148
0b000101 0b000a01 10043 100 2097152 25405975 66735 48204 12689
0b000701 0b000801 10043 100 2097152 25433857 48108 48204 11735
0b000a01 0b000b01 10316 100 2097152 25373607 110332 44264 12698
0b000801 0b000901 10316 100 2097152 25404822 79706 44264 15112
0b000901 0b000a01 10318 100 2097152 25413399 79272 44264 11753
0b000d01 0b000e01 10318 100 2097152 25333043 176275 44264 15165
0b000b01 0b000c01 10316 100 2097152 25392092 119431 44264 12251
0b000401 0b000501 10320 100 2097152 21714171 3797811 176699 14596
0b000f01 0b000801 10317 100 2097152 25283347 229479 44264 14607
0b000e01 0b000f01 10317 100 2097152 25365778 149553 44264 13214
0b000b01 0b000c01 10317 100 2097152 25395723 121235 44264 11755
0b000f01 0b000801 10318 100 2097152 25291186 229935 44264 15119
0b000301 0b000c01 10042 100 2097152 25467332 60788 48204 13635
0b000201 0b000b01 10042 100 2097152 25303487 225270 180639 13154
0b000b01 0b000401 10046 100 2097152 25347757 184830 180639 13707
0b000d01 0b000e01 10319 100 2097152 25370383 163386 44264 13661
0b000901 0b000a01 10319 100 2097152 25487568 49720 44264 15129
0b000e01 0b000f01 10318 100 2097152 25387478 151099 44264 14158
0b000001 0b000101 10322 100 2097152 22129634 3414917 176699 12688
0b000401 0b000501 10321 100 2097152 21791843 3754187 176699 15140
0b000801 0b000901 10317 100 2097152 25441721 106594 44264 12760
0b000701 0b000001 10323 100 2097152 23498441 2063649 176699 12199
0b000e01 0b000701 10048 100 2097152 25512358 50391 48204 15182
0b000501 0b000e01 10043 100 2097152 25515022 50176 48204 14613
0b000f01 0b000801 10319 100 2097152 25342818 227962 44264 14623
0b000701 0b000001 10324 100 2097152 23541725 2034528 176699 12215
0b000d01 0b000e01 10320 100 2097152 25455552 127211 44264 12733
0b000d01 0b000e01 10321 100 2097152 25467496 119512 44264 14173
0b000e01 0b000f01 10319 100 2097152 25434004 154269 44264 11790
0b000b01 0b000c01 10318 100 2097152 25449980 139449 44264 11771
0b000401 0b000501 10322 100 2097152 21904673 3701341 176699 14612
0b000f01 0b000801 10320 100 2097152 25391298 219303 44264 14639
0b000101 0b000a01 10044 100 2097152 25547591 63981 48204 12705
0b000b01 0b000c01 10319 100 2097152 25486949 128234 44264 12715
0b000201 0b000301 10321 100 2097152 21993063 3630145 176699 13634
0b000e01 0b000f01 10320 100 2097152 25457128 168994 44264 14174
0b000801 0b000901 10318 100 2097152 25485005 145961 44264 11752
0b000b01 0b000c01 10320 100 2097152 25531767 99510 44264 13179
0b000f01 0b000801 10321 100 2097152 25426740 205140 44264 13679
0b000501 0b000e01 10044 100 2097152 25609054 48108 48204 14629
0b000c01 0b000d01 10316 100 2097152 25514533 148259 44264 12268
0b000201 0b000301 10322 100 2097152 22087763 3583413 176699 13650
0b000301 0b000c01 10043 100 2097152 25626248 48610 48204 13651
0b000901 0b000201 10047 100 2097152 25430428 248434 180639 12761
0b000901 0b000a01 10320 100 2097152 25634006 46380 44264 11769
0b000f01 0b000801 10322 100 2097152 25518341 169934 44264 13231
0b000c01 0b000d01 10317 100 2097152 25519998 172157 44264 11772
0b000a01 0b000b01 10317 100 2097152 25449959 246138 44264 14634
0b000f01 0b000801 10323 100 2097152 25541587 158085 44264 14175
0b000201 0b000b01 10043 100 2097152 25461103 242886 180639 13170
0b000801 0b000901 10319 100 2097152 25515866 195566 44264 14616
0b000a01 0b000b01 10318 100 2097152 25455261 259062 44264 13706
0b000c01 0b000d01 10318 100 2097152 25531160 188839 44264 13660
0b000f01 0b000801 10324 100 2097152 25629132 92651 44264 14191
0b000301 0b000c01 10044 100 2097152 25674216 49326 48204 13667
0b000a01 0b000b01 10319 100 2097152 25460088 263872 44264 15130
0b000801 0b000901 10320 100 2097152 25524161 204356 44264 15128
0b000e01 0b000f01 10321 100 2097152 25536809 195126 44264 13678
0b000d01 0b000e01 10322 100 2097152 25665832 67530 44264 12285
0b000a01 0b000b01 10320 100 2097152 25475750 267791 44264 12714
0b000a01 0b000b01 10321 100 2097152 25495711 266596 44264 11770
0b000f01 0b000001 10047 100 2097152 25591283 188124 180639 11807
0b000e01 0b000f01 10322 100 2097152 25568238 213762 44264 14638
0b000f01 0b000801 10325 100 2097152 25734975 49457 44264 13695
0b000a01 0b000b01 10322 100 2097152 25540298 248806 44264 15146
0b000901 0b000a01 10321 100 2097152 25714472 76339 44264 14633
0b000d01 0b000e01 10323 100 2097152 25695165 96871 44264 11789
0b000901 0b000201 10048 100 2097152 25551355 246579 180639 12777
0b000e01 0b000f01 10323 100 2097152 25585773 213883 44264 12750
0b000401 0b000501 10323 100 2097152 22361897 3440121 176699 14628
0b000e01 0b000f01 10324 100 2097152 25590018 213599 44264 14190
0b000d01 0b000e01 10324 100 2097152 25723009 82953 44264 13677
0b000901 0b000a01 10322 100 2097152 25731527 76335 44264 15145
0b000c01 0b000d01 10319 100 2097152 25592439 227077 44264 11788
0b000801 0b000901 10321 100 2097152 25573820 245955 44264 14632
0b000a01 0b000b01 10323 100 2097152 25614582 213073 44264 12730
0b000501 0b000601 10323 100 2097152 23675782 2158230 176699 15093
0b000c01 0b000d01 10320 100 2097152 25618193 226852 44264 12732
0b000501 0b000e01 10045 100 2097152 25805058 48227 48204 14645
0b000c01 0b000d01 10321 100 2097152 25634287 220593 44264 13196
0b000a01 0b000b01 10324 100 2097152 25683396 174245 44264 11786
0b000401 0b000501 10324 100 2097152 22492513 3368461 176699 14644
0b000e01 0b000f01 10325 100 2097152 25660202 208578 44264 14654
0b000901 0b000a01 10323 100 2097152 25822785 46525 44264 14649
0b000c01 0b000d01 10322 100 2097152 25677868 193297 44264 13676
0b000b01 0b000c01 10321 100 2097152 25699107 173046 44264 14651
0b000301 0b000401 10324 100 2097152 23929563 1946130 176699 13251
0b000801 0b000901 10322 100 2097152 25613641 265421 44264 14648
0b000c01 0b000d01 10323 100 2097152 25726552 159595 44264 13692
0b000f01 0b000801 10326 100 2097152 25785040 109956 44264 14655
0b000b01 0b000401 10047 100 2097152 25717333 180440 180639 13723
0b000801 0b000901 10323 100 2097152 25634920 267137 44264 13688
0b000501 0b000e01 10046 100 2097152 25863984 48636 48204 14661
0b000001 0b000901 10043 100 2097152 25565130 350650 180639 12208
0b000301 0b000401 10325 100 2097152 23971960 1944825 176699 14147
0b000d01 0b000e01 10325 100 2097152 25822526 100087 44264 11805
0b000c01 0b000d01 10324 100 2097152 25875163 52063 44264 14668
0b000b01 0b000c01 10322 100 2097152 25706999 220896 44264 13195
0b000a01 0b000b01 10325 100 2097152 25793851 135418 44264 14650
0b000001 0b000901 10044 100 2097152 25579293 350615 180639 12224
0b000e01 0b000f01 10326 100 2097152 25736402 199278 44264 12302
0b000a01 0b000b01 10326 100 2097152 25810902 129852 44264 15162
0b000f01 0b000801 10327 100 2097152 25802696 146997 44264 12767
0b000f01 0b000801 10328 100 2097152 25806657 148977 44264 14207
0b000801 0b000901 10324 100 2097152 25691315 268435 44264 13240
0b000a01 0b000b01 10327 100 2097152 25872320 91073 44264 14666
0b000801 0b000901 10325 100 2097152 25702682 268421 44264 14184
0b000c01 0b000d01 10325 100 2097152 25930935 46914 44264 13212
0b000201 0b000301 10323 100 2097152 22683307 3294997 176699 13666
0b000901 0b000a01 10324 100 2097152 25882072 103313 44264 14665
0b000801 0b000901 10326 100 2097152 25724793 263911 44264 14200
0b000301 0b000401 10326 100 2097152 24071736 1926285 176699 14163
0b000f01 0b000801 10329 100 2097152 25871790 127254 44264 14671
0b000e01 0b000f01 10327 100 2097152 25795076 204402 44264 11806
0b000b01 0b000c01 10323 100 2097152 25726970 275188 44264 15147
0b000701 0b000001 10325 100 2097152 24050225 1953593 176699 12231
0b000e01 0b000f01 10328 100 2097152 25809002 207512 44264 13694
0b000f01 0b000801 10330 100 2097152 25938690 81040 44264 12319
0b000701 0b000001 10326 100 2097152 24051897 1975145 176699 12247
0b000301 0b000c01 10045 100 2097152 25981344 48635 48204 13683
0b000d01 0b000e01 10326 100 2097152 25848055 186563 44264 12749
0b000601 0b000f01 10044 100 2097152 25837052 197915 180639 15110
0b000a01 0b000b01 10328 100 2097152 25988395 46327 44264 14682
0b000801 0b000901 10327 100 2097152 25787442 250224 44264 13704
0b000d01 0b000e01 10327 100 2097152 25857920 196411 44264 13213
0b000e01 0b000f01 10329 100 2097152 25856295 199198 44264 14670
0b000b01 0b000c01 10324 100 2097152 25746581 309821 44264 12731
0b000d01 0b000e01 10328 100 2097152 25874205 196365 44264 13693
0b000c01 0b000d01 10326 100 2097152 26005198 71615 44264 15164
0b000d01 0b000e01 10329 100 2097152 25889157 188898 44264 13709
0b000801 0b000101 10050 100 2097152 26022740 62233 48204 12328
0b000b01 0b000c01 10325 100 2097152 25765317 328515 44264 11787
0b000801 0b000901 10328 100 2097152 25898006 212881 44264 14664
0b000d01 0b000601 10047 100 2097152 25930236 184286 180639 14685
0b000f01 0b000801 10331 100 2097152 26019524 95015 44264 13711
0b000d01 0b000e01 10330 100 2097152 25980859 136581 44264 13229
0b000301 0b000401 10327 100 2097152 24247182 1877619 176699 14179
0b000e01 0b000f01 10330 100 2097152 25915630 209661 44264 14686
0b000b01 0b000c01 10326 100 2097152 25792114 339057 44264 15163
0b000e01 0b000f01 10331 100 2097152 25925623 211636 44264 11822
0b000901 0b000a01 10325 100 2097152 25905067 233817 44264 13705
0b000601 0b000701 10322 100 2097152 23154592 2989093 176699 11734
0b000601 0b000701 10323 100 2097152 23155032 2988741 176699 11750
0b000601 0b000701 10324 100 2097152 23155300 2988561 176699 11766
0b000d01 0b000e01 10331 100 2097152 26079853 65728 44264 15181
0b000801 0b000901 10329 100 2097152 25952703 199172 44264 12776
0b000801 0b000901 10330 100 2097152 25958644 196202 44264 14216
0b000c01 0b000d01 10327 100 2097152 26032989 123570 44264 13708
0b000f01 0b000801 10332 100 2097152 26038007 123683 44264 15135
0b000101 0b000201 10324 100 2097152 23960615 2201788 176699 13169
0b000b01 0b000c01 10327 100 2097152 25830665 339043 44264 12747
0b000801 0b000901 10331 100 2097152 26002054 174488 44264 14680
0b000501 0b000601 10324 100 2097152 24016789 2163392 176699 14213
0b000f01 0b000801 10333 100 2097152 26058533 123767 44264 14687
0b000a01 0b000b01 10329 100 2097152 26141894 46286 44264 13722
0b000b01 0b000c01 10328 100 2097152 25860681 330469 44264 11803
0b000901 0b000a01 10326 100 2097152 25918790 273479 44264 12233
0b000c01 0b000d01 10328 100 2097152 26059412 144022 44264 12748
0b000d01 0b000e01 10332 100 2097152 26159599 46273 44264 13725
0b000f01 0b000801 10334 100 2097152 26128331 80172 44264 14703
0b000201 0b000301 10324 100 2097152 23057259 3152993 176699 13682
0b000f01 0b000001 10048 100 2097152 26002488 223951 180639 11823
0b000901 0b000a01 10327 100 2097152 25932918 298192 44264 12249
0b000b01 0b000c01 10329 100 2097152 25932279 300055 44264 14667
0b000b01 0b000c01 10330 100 2097152 25943764 293455 44264 15179
0b000401 0b000d01 10045 100 2097152 25919825 320552 180639 14164
0b000b01 0b000c01 10331 100 2097152 25966403 276537 44264 14683
0b000a01 0b000b01 10330 100 2097152 26195279 53568 44264 12250
0b000701 0b000001 10327 100 2097152 24372415 1876563 176699 12263
0b000b01 0b000c01 10332 100 2097152 26037732 213791 44264 14699
0b000e01 0b000701 10049 100 2097152 26148591 105684 48204 15198
0b000601 0b000701 10325 100 2097152 23360512 2897153 176699 14198
0b000d01 0b000e01 10333 100 2097152 26206474 55652 44264 12765
0b000801 0b000901 10332 100 2097152 26117549 151762 44264 13720
0b000301 0b000c01 10046 100 2097152 26213262 62251 48204 13699
0b000e01 0b000f01 10332 100 2097152 26037628 240462 44264 12766
0b000c01 0b000d01 10329 100 2097152 26096872 187903 44264 11804
0b000901 0b000a01 10328 100 2097152 25962760 324256 44264 13257
0b000a01 0b000b01 10331 100 2097152 26234120 53566 44264 12266
0b000701 0b000801 10044 100 2097152 26146725 141524 48204 11751
0b000301 0b000401 10328 100 2097152 24504358 1788139 176699 14659
0b000401 0b000501 10325 100 2097152 23483991 2808951 176699 14660
0b000901 0b000a01 10329 100 2097152 25974113 328766 44264 14201
0b000b01 0b000c01 10333 100 2097152 26251857 53354 44264 12267
0b000701 0b000801 10046 100 2097152 26146871 160519 48204 11783
0b000d01 0b000e01 10334 100 2097152 26243387 66658 44264 14189
0b000e01 0b000f01 10333 100 2097152 26057341 253697 44264 13230
0b000701 0b000801 10045 100 2097152 26146813 171055 48204 11767
0b000801 0b000901 10333 100 2097152 26164700 154257 44264 15144
0b000901 0b000a01 10330 100 2097152 25991714 330067 44264 14217
0b000e01 0b000f01 10334 100 2097152 26073580 261131 44264 13710
0b000e01 0b000f01 10335 100 2097152 26081065 261127 44264 13726
0b000f01 0b000801 10335 100 2097152 26281130 61651 44264 12783
0b000901 0b000201 10049 100 2097152 26154885 188815 180639 12793
0b000b01 0b000c01 10334 100 2097152 26290726 53502 44264 12283
0b000501 0b000e01 10047 100 2097152 26295952 48626 48204 14677
0b000d01 0b000e01 10335 100 2097152 26287785 57480 44264 11821
0b000001 0b000101 10323 100 2097152 23508683 2843828 176699 11776
0b000a01 0b000301 10049 100 2097152 26290056 62314 48204 13274
0b000001 0b000101 10324 100 2097152 23514808 2841931 176699 12704
0b000001 0b000101 10325 100 2097152 23514818 2841925 176699 12720
0b000201 0b000301 10325 100 2097152 23252311 3104969 176699 12274
0b000201 0b000b01 10044 100 2097152 26165443 192827 180639 13186
0b000801 0b000901 10334 100 2097152 26185340 173312 44264 14696
0b000001 0b000101 10326 100 2097152 23521412 2837975 176699 12736
0b000901 0b000a01 10331 100 2097152 26040676 330038 44264 13721
0b000e01 0b000f01 10336 100 2097152 26120450 257544 44264 13246
0b000b01 0b000401 10048 100 2097152 26191190 188040 180639 13739
0b000a01 0b000b01 10332 100 2097152 26305919 76293 44264 14218
0b000101 0b000201 10325 100 2097152 24149331 2233532 176699 13185
0b000f01 0b000001 10049 100 2097152 26140299 248132 180639 11839
0b000401 0b000d01 10046 100 2097152 26001031 396300 180639 14180
0b000c01 0b000d01 10330 100 2097152 26134211 263981 44264 15180
0b000801 0b000901 10335 100 2097152 26211543 191334 44264 14712
0b000001 0b000901 10045 100 2097152 26006858 399518 180639 12240
0b000101 0b000201 10326 100 2097152 24159811 2246704 176699 13201
0b000501 0b000601 10325 100 2097152 24221038 2190378 176699 15109
0b000501 0b000601 10326 100 2097152 24221078 2191310 176699 15125
0b000a01 0b000b01 10333 100 2097152 26324821 95188 44264 14234
0b000b01 0b000c01 10335 100 2097152 26361310 71785 44264 13211
0b000901 0b000a01 10332 100 2097152 26113897 326936 44264 14681
0b000301 0b000401 10329 100 2097152 24758388 1683601 176699 12275
0b000a01 0b000b01 10334 100 2097152 26373754 71186 44264 13738
0b000001 0b000901 10046 100 2097152 26030052 421056 180639 12256
0b000f01 0b000801 10336 100 2097152 26314078 147673 44264 13247
0b000e01 0b000f01 10337 100 2097152 26208882 256321 44264 13742
0b000401 0b000d01 10047 100 2097152 26127811 346772 180639 14196
0b000701 0b000001 10328 100 2097152 24660811 1817023 176699 14663
0b000b01 0b000c01 10336 100 2097152 26385252 95720 44264 14235
0b000501 0b000601 10327 100 2097152 24339289 2141831 176699 14229
0b000901 0b000a01 10333 100 2097152 26157856 327352 44264 14233
0b000a01 0b000b01 10335 100 2097152 26443873 48988 44264 14698
0b000101 0b000a01 10045 100 2097152 26359779 136437 48204 12721
0b000101 0b000a01 10046 100 2097152 26359789 136431 48204 12737
0b000101 0b000a01 10047 100 2097152 26362397 135151 48204 12753
0b000d01 0b000e01 10336 100 2097152 26400341 98645 44264 14205
0b000d01 0b000e01 10337 100 2097152 26401202 99522 44264 15197
0b000801 0b000901 10336 100 2097152 26291289 209823 44264 11768
0b000e01 0b000f01 10338 100 2097152 26265136 237564 44264 12782
0b000b01 0b000c01 10337 100 2097152 26423049 80655 44264 14251
0b000901 0b000a01 10334 100 2097152 26179552 324603 44264 14697
0b000f01 0b000801 10337 100 2097152 26337751 168031 44264 13727
0b000c01 0b000d01 10331 100 2097152 26172748 335193 44264 12764
0b000f01 0b000801 10338 100 2097152 26345232 171639 44264 13743
0b000701 0b000001 10329 100 2097152 24784323 1743823 176699 12743
0b000e01 0b000f01 10339 100 2097152 26313055 219962 44264 14206
0b000301 0b000401 10330 100 2097152 24882546 1653231 176699 12739
0b000601 0b000701 10326 100 2097152 23921306 2616335 176699 11782
0b000801 0b000901 10337 100 2097152 26320878 219536 44264 11784
0b000801 0b000901 10338 100 2097152 26320888 219527 44264 11800
0b000401 0b000501 10326 100 2097152 23926547 2616239 176699 13236
0b000b01 0b000c01 10338 100 2097152 26495901 50110 44264 14715
0b000e01 0b000f01 10340 100 2097152 26347588 205164 44264 14702
0b000e01 0b000f01 10341 100 2097152 26348275 204742 44264 11838
0b000c01 0b000501 10050 100 2097152 26483982 70222 48204 14252
0b000001 0b000901 10047 100 2097152 26251988 304114 180639 12272
0b000c01 0b000d01 10332 100 2097152 26194190 362611 44264 11820
0b000f01 0b000801 10339 100 2097152 26381034 175979 44264 13263
0b000801 0b000901 10339 100 2097152 26345791 214517 44264 12792
0b000e01 0b000701 10050 100 2097152 26503734 67383 48204 15214
0b000d01 0b000e01 10338 100 2097152 26477593 93599 44264 14221
0b000c01 0b000501 10051 100 2097152 26506714 70491 48204 14268
0b000001 0b000101 10327 100 2097152 23952446 2627421 176699 14192
0b000401 0b000501 10327 100 2097152 24001280 2580454 176699 13700
0b000e01 0b000f01 10342 100 2097152 26501996 91464 44264 14222
0b000701 0b000801 10047 100 2097152 26540651 63626 48204 11799
0b000901 0b000a01 10335 100 2097152 26272321 332674 44264 13737
0b000101 0b000201 10327 100 2097152 24393373 2214886 176699 13697
0b000d01 0b000e01 10339 100 2097152 26510951 98553 44264 12781
0b000b01 0b000401 10049 100 2097152 26447980 180768 180639 13755
0b000601 0b000701 10327 100 2097152 24121274 2509771 176699 14662
0b000d01 0b000e01 10340 100 2097152 26559811 75248 44264 11837
0b000c01 0b000d01 10333 100 2097152 26235374 411585 44264 14684
0b000501 0b000601 10328 100 2097152 24589388 2059527 176699 15141
0b000101 0b000201 10328 100 2097152 24422525 2227246 176699 13217
0b000201 0b000301 10326 100 2097152 23774026 2875902 176699 12738
0b000e01 0b000f01 10343 100 2097152 26574202 75980 44264 14238
0b000c01 0b000d01 10334 100 2097152 26240259 414264 44264 15196
0b000f01 0b000801 10340 100 2097152 26468243 191840 44264 13759
0b000c01 0b000d01 10335 100 2097152 26245980 414869 44264 14700
0b000c01 0b000d01 10336 100 2097152 26254563 413637 44264 14716
0b000901 0b000a01 10336 100 2097152 26321967 351141 44264 15161
0b000201 0b000301 10327 100 2097152 23831193 2845351 176699 13698
0b000801 0b000901 10340 100 2097152 26464761 217920 44264 13256
0b000c01 0b000d01 10337 100 2097152 26278553 404576 44264 13724
0b000701 0b000001 10330 100 2097152 24972023 1723719 176699 14199
0b000c01 0b000d01 10338 100 2097152 26308251 389322 44264 12284
0b000a01 0b000b01 10336 100 2097152 26488248 214486 44264 14250
0b000f01 0b000801 10341 100 2097152 26505740 202781 44264 12799
0b000c01 0b000d01 10339 100 2097152 26347268 363374 44264 12300
0b000e01 0b000f01 10344 100 2097152 26612514 98458 44264 12798
0b000e01 0b000f01 10345 100 2097152 26638069 85861 44264 11854
0b000301 0b000c01 10047 100 2097152 26679554 48618 48204 13715
0b000c01 0b000d01 10340 100 2097152 26436105 293282 44264 13228
0b000901 0b000a01 10337 100 2097152 26361662 369003 44264 14713
0b000801 0b000901 10341 100 2097152 26508792 223992 44264 13736
0b000f01 0b000001 10050 100 2097152 26556057 180272 180639 11855
0b000301 0b000401 10331 100 2097152 25162026 1577335 176699 15155
0b000801 0b000901 10342 100 2097152 26519881 224518 44264 13752
0b000301 0b000401 10332 100 2097152 25230114 1514855 176699 11779
0b000c01 0b000d01 10341 100 2097152 26549021 197701 44264 14732
0b000f01 0b000801 10342 100 2097152 26536057 212574 44264 14223
0b000d01 0b000e01 10341 100 2097152 26657533 91679 44264 15213
0b000901 0b000201 10050 100 2097152 26563318 188065 180639 12809
0b000b01 0b000c01 10339 100 2097152 26705774 46294 44264 14267
0b000a01 0b000b01 10337 100 2097152 26499226 259483 44264 12746
0b000a01 0b000b01 10338 100 2097152 26499236 259474 44264 12762
0b000201 0b000b01 10045 100 2097152 26385903 374086 180639 13202
0b000a01 0b000b01 10339 100 2097152 26500558 260374 44264 12778
0b000a01 0b000b01 10340 100 2097152 26507165 260368 44264 14714
0b000f01 0b000801 10343 100 2097152 26555792 213214 44264 14719
0b000c01 0b000d01 10342 100 2097152 26731182 56160 44264 13740
0b000701 0b000001 10331 100 2097152 25059363 1730159 176699 13703
0b000801 0b000901 10343 100 2097152 26560023 229962 44264 13272
0b000101 0b000201 10329 100 2097152 24605181 2192806 176699 11777
0b000f01 0b000801 10344 100 2097152 26596500 203006 44264 14239
0b000901 0b000a01 10338 100 2097152 26405887 393959 44264 14729
0b000c01 0b000501 10052 100 2097152 26755078 48602 48204 14284
0b000901 0b000a01 10339 100 2097152 26409386 395521 44264 12265
0b000201 0b000b01 10046 100 2097152 26409525 397688 180639 13218
0b000e01 0b000701 10051 100 2097152 26752222 62304 48204 15230
0b000f01 0b000801 10345 100 2097152 26653222 168903 44264 14255
0b000101 0b000201 10330 100 2097152 24651330 2178829 176699 12305
0b000f01 0b000801 10346 100 2097152 26714012 120720 44264 12815
0b000401 0b000501 10328 100 2097152 24420545 2416013 176699 13252
0b000a01 0b000b01 10341 100 2097152 26608005 235525 44264 13754
0b000601 0b000f01 10045 100 2097152 26414456 437092 180639 15126
0b000601 0b000f01 10046 100 2097152 26415398 438006 180639 15142
0b000301 0b000401 10333 100 2097152 25419600 1438385 176699 14195
0b000901 0b000a01 10340 100 2097152 26454148 404727 44264 12281
0b000801 0b000901 10344 100 2097152 26607287 253732 44264 11816
0b000d01 0b000e01 10342 100 2097152 26686139 180529 44264 13741
0b000701 0b000001 10332 100 2097152 25147837 1719345 176699 13239
0b000d01 0b000e01 10343 100 2097152 26700583 194758 44264 12301
0b000a01 0b000b01 10342 100 2097152 26676118 219557 44264 15178
0b000301 0b000401 10334 100 2097152 25445541 1453972 176699 13267
0b000601 0b000701 10328 100 2097152 24535092 2364781 176699 14214
0b000401 0b000501 10329 100 2097152 24533041 2366913 176699 12276
0b000d01 0b000e01 10344 100 2097152 26713652 194737 44264 12317
0b000f01 0b000001 10051 100 2097152 26726970 185501 180639 11871
0b000d01 0b000e01 10345 100 2097152 26732397 185344 44264 13245
0b000901 0b000a01 10341 100 2097152 26504122 414136 44264 11785
0b000201 0b000b01 10047 100 2097152 26652781 274064 180639 13234
0b000d01 0b000e01 10346 100 2097152 26790352 141273 44264 13757
0b000a01 0b000b01 10343 100 2097152 26733675 200351 44264 14730
0b000801 0b000901 10345 100 2097152 26663093 276425 44264 13768
0b000f01 0b000801 10347 100 2097152 26854558 91072 44264 15151
0b000401 0b000501 10330 100 2097152 24610679 2335771 176699 11780
0b000f01 0b000801 10348 100 2097152 26856414 91237 44264 15167
0b000e01 0b000f01 10346 100 2097152 26869678 86429 44264 13758
0b000901 0b000a01 10342 100 2097152 26543424 422288 44264 11801
0b000901 0b000a01 10343 100 2097152 26543434 422279 44264 11817
0b000601 0b000f01 10047 100 2097152 26651925 325303 180639 15158
0b000901 0b000a01 10344 100 2097152 26559112 418768 44264 12297
0b000701 0b000001 10333 100 2097152 25297557 1682373 176699 12279
0b000101 0b000201 10331 100 2097152 24881481 2108019 176699 15153
0b000101 0b000201 10332 100 2097152 24894977 2100126 176699 14657
0b000801 0b000901 10346 100 2097152 26711531 295361 44264 12808
0b000501 0b000601 10329 100 2097152 24932548 2092946 176699 13701
0b000a01 0b000b01 10344 100 2097152 26802856 225365 44264 14746
0b000b01 0b000401 10050 100 2097152 26846540 187260 180639 13771
0b000f01 0b000801 10349 100 2097152 26959117 75270 44264 13775
0b000a01 0b000b01 10345 100 2097152 26807917 227829 44264 12282
0b000401 0b000d01 10048 100 2097152 26860995 188050 180639 14212
0b000f01 0b000801 10350 100 2097152 26980238 76760 44264 15183
0b000901 0b000a01 10345 100 2097152 26685691 375411 44264 13273
0b000501 0b000601 10330 100 2097152 24971533 2094567 176699 14245
0b000801 0b000901 10347 100 2097152 26751641 314603 44264 14232
0b000e01 0b000f01 10347 100 2097152 26898351 172246 44264 12318
0b000101 0b000201 10333 100 2097152 24978827 2093697 176699 14193
0b000201 0b000301 10328 100 2097152 24504429 2568303 176699 14658
0b000b01 0b000c01 10340 100 2097152 26761749 324500 44264 12763
0b000b01 0b000c01 10341 100 2097152 26761789 324702 44264 12779
0b000e01 0b000f01 10348 100 2097152 26911399 179260 44264 12334
0b000b01 0b000c01 10342 100 2097152 26762999 328860 44264 13227
0b000901 0b000a01 10346 100 2097152 26735794 357503 44264 13753
0b000b01 0b000c01 10343 100 2097152 26763942 330365 44264 12795
0b000a01 0b000b01 10346 100 2097152 26861885 232506 44264 12298
0b000e01 0b000f01 10349 100 2097152 26920751 176178 44264 13262
0b000d01 0b000e01 10347 100 2097152 27052055 46232 44264 14237
0b000e01 0b000f01 10350 100 2097152 26934635 164070 44264 13774
0b000801 0b000901 10348 100 2097152 26772016 326776 44264 14728
0b000601 0b000701 10329 100 2097152 24784936 2314929 176699 13238
0b000901 0b000a01 10347 100 2097152 26747409 352383 44264 13769
0b000001 0b000101 10328 100 2097152 24613454 2489845 176699 15152
0b000b01 0b000c01 10344 100 2097152 26770543 336546 44264 14731
0b000701 0b000001 10334 100 2097152 25565789 1545105 176699 15191
0b000a01 0b000301 10050 100 2097152 27064112 48636 48204 13290
0b000901 0b000a01 10348 100 2097152 26792995 327500 44264 13289
0b000801 0b000901 10349 100 2097152 26802516 336443 44264 14248
0b000e01 0b000f01 10351 100 2097152 27101297 46168 44264 14254
0b000901 0b000a01 10349 100 2097152 26864029 289031 44264 11833
0b000801 0b000901 10350 100 2097152 26825135 337027 44264 14264
0b000b01 0b000c01 10345 100 2097152 26810223 352440 44264 13243
0b000001 0b000901 10048 100 2097152 26982940 180222 180639 12288
0b000201 0b000301 10329 100 2097152 24635066 2532558 176699 12290
0b000801 0b000901 10351 100 2097152 26837742 333971 44264 12824
0b000a01 0b000301 10051 100 2097152 27123505 48635 48204 13306
0b000a01 0b000b01 10347 100 2097152 26921268 252246 44264 11802
0b000401 0b000501 10331 100 2097152 24926691 2258239 176699 15156
0b000001 0b000101 10329 100 2097152 24708838 2480045 176699 13232
0b000201 0b000301 10330 100 2097152 24657865 2531699 176699 15154
0b000901 0b000201 10051 100 2097152 27009902 180234 180639 12825
0b000901 0b000a01 10350 100 2097152 26942528 255927 44264 13785
0b000f01 0b000801 10351 100 2097152 27073607 127581 44264 12335
0b000101 0b000201 10334 100 2097152 25304134 1917673 176699 12321
0b000501 0b000601 10331 100 2097152 25067424 2161684 176699 11781
0b000801 0b000901 10352 100 2097152 26948640 289864 44264 15160
0b000801 0b000901 10353 100 2097152 26950661 288831 44264 15176
0b000201 0b000301 10331 100 2097152 24717526 2527274 176699 11778
0b000301 0b000401 10335 100 2097152 26355380 889669 176699 13283
0b000101 0b000201 10335 100 2097152 25327151 1918229 176699 13233
0b000201 0b000301 10332 100 2097152 24724115 2521333 176699 12306
0b000a01 0b000b01 10348 100 2097152 26968722 278673 44264 11818
0b000a01 0b000b01 10349 100 2097152 26968732 278664 44264 11834
0b000801 0b000101 10051 100 2097152 27204198 48635 48204 12344
0b000601 0b000701 10330 100 2097152 24909464 2346625 176699 12278
0b000a01 0b000b01 10350 100 2097152 26980890 276627 44264 12314
0b000001 0b000101 10330 100 2097152 24760912 2500375 176699 13696
0b000301 0b000401 10336 100 2097152 26360290 901123 176699 12291
0b000801 0b000901 10354 100 2097152 27037397 226286 44264 13784
0b000801 0b000901 10355 100 2097152 27060008 206831 44264 15192
0b000d01 0b000601 10051 100 2097152 26749732 517303 180639 14749
0b000b01 0b000c01 10346 100 2097152 26898685 369353 44264 15195
0b000f01 0b000801 10352 100 2097152 27093669 186897 44264 12351
0b000601 0b000701 10331 100 2097152 24945523 2337378 176699 14678
0b000f01 0b000801 10353 100 2097152 27099939 189703 44264 13279
0b000f01 0b000801 10354 100 2097152 27101715 189107 44264 13791
0b000f01 0b000801 10355 100 2097152 27150475 152271 44264 14271
0b000b01 0b000c01 10347 100 2097152 26929855 378203 44264 13259
0b000b01 0b000c01 10348 100 2097152 26937036 378239 44264 14747
0b000d01 0b000601 10048 100 2097152 26649969 674958 180639 14701
0b000901 0b000a01 10351 100 2097152 27069254 259375 44264 14249
0b000801 0b000101 10052 100 2097152 27283576 48611 48204 12360
0b000601 0b000701 10332 100 2097152 25039702 2300711 176699 12742
0b000a01 0b000b01 10351 100 2097152 27096307 245275 44264 13770
0b000a01 0b000b01 10352 100 2097152 27102802 243973 44264 13786
0b000501 0b000601 10332 100 2097152 25170536 2176322 176699 13237
0b000d01 0b000601 10050 100 2097152 26671210 681453 180639 14733
0b000c01 0b000d01 10343 100 2097152 27089259 264520 44264 12780
0b000c01 0b000d01 10344 100 2097152 27089501 266039 44264 12796
0b000201 0b000301 10333 100 2097152 24871283 2492461 176699 14194
0b000501 0b000601 10333 100 2097152 25219068 2145227 176699 12277
0b000901 0b000201 10052 100 2097152 27174723 196326 180639 12841
0b000d01 0b000601 10049 100 2097152 26663859 708896 180639 14717
0b000a01 0b000b01 10353 100 2097152 27156070 217304 44264 11850
0b000c01 0b000d01 10345 100 2097152 27094869 279481 44264 13244
0b000c01 0b000d01 10346 100 2097152 27097317 281918 44264 12812
0b000901 0b000a01 10352 100 2097152 27101802 279826 44264 14745
0b000a01 0b000b01 10354 100 2097152 27201465 186962 44264 13802
0b000b01 0b000c01 10349 100 2097152 27031231 359082 44264 14763
0b000c01 0b000d01 10347 100 2097152 27110099 285426 44264 14748
0b000b01 0b000c01 10350 100 2097152 27038756 356794 44264 12299
0b000001 0b000101 10331 100 2097152 24887491 2534084 176699 11792
0b000801 0b000901 10356 100 2097152 27292652 129950 44264 13288
0b000801 0b000901 10357 100 2097152 27293832 131103 44264 13800
0b000b01 0b000c01 10351 100 2097152 27097401 332227 44264 12315
0b000801 0b000901 10358 100 2097152 27305756 125250 44264 14280
0b000201 0b000b01 10048 100 2097152 27248390 185781 180639 13250
0b000a01 0b000b01 10355 100 2097152 27331639 111547 44264 14266
0b000901 0b000a01 10353 100 2097152 27141969 308104 44264 14265
0b000501 0b000601 10334 100 2097152 25266268 2189852 176699 12741
0b000c01 0b000d01 10348 100 2097152 27165673 300740 44264 13260
0b000a01 0b000b01 10356 100 2097152 27384638 84218 44264 14762
0b000401 0b000501 10332 100 2097152 25170539 2318935 176699 12740
0b000601 0b000701 10333 100 2097152 25225005 2270872 176699 13702
0b000901 0b000a01 10354 100 2097152 27165172 334910 44264 14281
0b000901 0b000a01 10355 100 2097152 27166172 335477 44264 12313
0b000b01 0b000c01 10352 100 2097152 27176524 333503 44264 11819
0b000a01 0b000b01 10357 100 2097152 27453083 62273 44264 14282
0b000d01 0b000e01 10348 100 2097152 27356789 170552 44264 12797
0b000d01 0b000e01 10349 100 2097152 27358550 175853 44264 12813
0b000001 0b000101 10332 100 2097152 24977876 2569143 176699 14656
0b000001 0b000101 10333 100 2097152 24981334 2569205 176699 15168
0b000d01 0b000e01 10350 100 2097152 27377360 185226 44264 13261
0b000d01 0b000e01 10351 100 2097152 27382245 183598 44264 12829
0b000d01 0b000601 10052 100 2097152 27398535 180234 180639 14765
0b000c01 0b000d01 10349 100 2097152 27271048 310474 44264 15212
0b000d01 0b000e01 10352 100 2097152 27469423 121175 44264 13277
0b000b01 0b000c01 10353 100 2097152 27250405 342883 44264 11835
0b000b01 0b000c01 10354 100 2097152 27250415 342895 44264 11851
0b000b01 0b000c01 10355 100 2097152 27260527 339509 44264 12331
0b000901 0b000a01 10356 100 2097152 27241514 359257 44264 15177
0b000901 0b000a01 10357 100 2097152 27242502 359195 44264 15193
0b000a01 0b000b01 10358 100 2097152 27503092 103253 44264 14298
0b000a01 0b000b01 10359 100 2097152 27504659 103087 44264 12330
0b000001 0b000101 10334 100 2097152 25059406 2554533 176699 15184
0b000901 0b000a01 10358 100 2097152 27266693 352201 44264 13801
0b000901 0b000a01 10359 100 2097152 27269849 350717 44264 15209
0b000c01 0b000d01 10350 100 2097152 27311068 313926 44264 13276
0b000301 0b000401 10337 100 2097152 26652938 974831 176699 12755
0b000c01 0b000d01 10351 100 2097152 27318285 313947 44264 14764
0b000d01 0b000e01 10353 100 2097152 27584532 54871 44264 15229
0b000101 0b000201 10336 100 2097152 26088013 1552998 176699 12337
0b000501 0b000601 10335 100 2097152 25549070 2110466 176699 15157
0b000901 0b000a01 10360 100 2097152 27425612 253896 44264 13305
0b000d01 0b000e01 10354 100 2097152 27628004 51902 44264 13293
0b000901 0b000a01 10361 100 2097152 27427945 252136 44264 13817
0b000901 0b000a01 10362 100 2097152 27434016 246769 44264 14297
0b000e01 0b000f01 10352 100 2097152 27530351 151932 44264 12814
0b000e01 0b000701 10052 100 2097152 27642413 55837 48204 15246
0b000b01 0b000c01 10356 100 2097152 27376384 324203 44264 11867
0b000c01 0b000d01 10352 100 2097152 27393323 312593 44264 14780
0b000c01 0b000d01 10353 100 2097152 27398560 314133 44264 12316
0b000e01 0b000f01 10353 100 2097152 27537413 179703 44264 12830
0b000a01 0b000301 10052 100 2097152 27682518 48636 48204 13322
0b000f01 0b000801 10356 100 2097152 27685293 58963 44264 12831
0b000c01 0b000d01 10354 100 2097152 27432638 314133 44264 12332
0b000b01 0b000c01 10357 100 2097152 27437181 324265 44264 13275
0b000b01 0b000c01 10358 100 2097152 27446196 323067 44264 14283
0b000e01 0b000f01 10354 100 2097152 27565596 207842 44264 13278
0b000d01 0b000e01 10355 100 2097152 27715703 58354 44264 12333
0b000e01 0b000f01 10355 100 2097152 27568853 207824 44264 12846
0b000f01 0b000801 10357 100 2097152 27720126 60109 44264 12847
0b000b01 0b000c01 10359 100 2097152 27471866 312766 44264 14779
0b000e01 0b000f01 10356 100 2097152 27593608 200736 44264 13294
0b000701 0b000001 10335 100 2097152 26257285 1537448 176699 15207
0b000b01 0b000c01 10360 100 2097152 27518366 284972 44264 14299
0b000801 0b000901 10359 100 2097152 27747266 56431 44264 12840
0b000d01 0b000e01 10356 100 2097152 27749781 58356 44264 12349
0b000b01 0b000401 10053 100 2097152 27391437 419518 180639 13819
0b000a01 0b000b01 10360 100 2097152 27603781 210017 44264 15194
0b000a01 0b000b01 10361 100 2097152 27604707 211271 44264 15210
0b000701 0b000001 10336 100 2097152 26260675 1557515 176699 14215
0b000c01 0b000d01 10355 100 2097152 27513037 310884 44264 11836
0b000c01 0b000501 10053 100 2097152 27772273 58898 48204 14300
0b000b01 0b000c01 10361 100 2097152 27609355 225014 44264 14315
0b000b01 0b000c01 10362 100 2097152 27610756 224382 44264 12347
0b000e01 0b000f01 10357 100 2097152 27682916 155901 44264 13310
0b000801 0b000901 10360 100 2097152 27783245 56424 44264 12856
0b000a01 0b000b01 10362 100 2097152 27621904 226844 44264 13818
0b000a01 0b000b01 10363 100 2097152 27623576 227483 44264 15226
0b000d01 0b000e01 10357 100 2097152 27826931 46288 44264 11853
0b000101 0b000201 10337 100 2097152 26355551 1520797 176699 11793
0b000a01 0b000b01 10364 100 2097152 27683091 197694 44264 13834
0b000a01 0b000b01 10365 100 2097152 27683795 197166 44264 14314
0b000601 0b000f01 10048 100 2097152 27662546 223995 180639 15174
0b000d01 0b000601 10053 100 2097152 27635242 251435 180639 14781
0b000e01 0b000f01 10358 100 2097152 27777067 110675 44264 12350
0b000b01 0b000401 10051 100 2097152 27344592 544704 180639 13787
0b000c01 0b000501 10054 100 2097152 27806348 83119 48204 14316
0b000b01 0b000401 10052 100 2097152 27349785 547172 180639 13803
0b000c01 0b000d01 10356 100 2097152 27596298 312123 44264 11852
0b000c01 0b000d01 10357 100 2097152 27596320 312123 44264 11868
0b000c01 0b000501 10055 100 2097152 27837379 72697 48204 14332
0b000c01 0b000d01 10358 100 2097152 27603046 309767 44264 12348
0b000201 0b000301 10334 100 2097152 25374764 2539540 176699 12754
0b000e01 0b000f01 10359 100 2097152 27811147 105504 44264 12366
0b000401 0b000501 10333 100 2097152 25535627 2408827 176699 13716
0b000e01 0b000f01 10360 100 2097152 27876229 69067 44264 11870
0b000f01 0b000801 10358 100 2097152 27776448 168881 44264 13295
0b000f01 0b000801 10359 100 2097152 27779687 176317 44264 12863
0b000b01 0b000c01 10363 100 2097152 27816808 147777 44264 15211
0b000b01 0b000c01 10364 100 2097152 27818988 147780 44264 15227
0b000c01 0b000d01 10359 100 2097152 27703597 265911 44264 11884
0b000b01 0b000c01 10365 100 2097152 27854069 143305 44264 15243
0b000f01 0b000801 10360 100 2097152 27797354 202677 44264 13311
0b000d01 0b000601 10054 100 2097152 27708926 291106 180639 14797
0b000b01 0b000c01 10366 100 2097152 27883971 123456 44264 14331
0b000c01 0b000d01 10360 100 2097152 27764456 254344 44264 13292
0b000c01 0b000d01 10361 100 2097152 27787642 250477 44264 14796
0b000801 0b000901 10361 100 2097152 27948339 99530 44264 13304
0b000c01 0b000501 10056 100 2097152 28010437 48659 48204 14348
0b000f01 0b000801 10361 100 2097152 27841827 217395 44264 13327
0b000c01 0b000d01 10362 100 2097152 27838148 230181 44264 12364
0b000801 0b000901 10362 100 2097152 27959014 112526 44264 12872
0b000d01 0b000e01 10358 100 2097152 27911431 180688 44264 11869
0b000d01 0b000e01 10359 100 2097152 27911453 180667 44264 11885
0b000f01 0b000801 10362 100 2097152 27889551 205364 44264 15199
0b000f01 0b000801 10363 100 2097152 27890752 204669 44264 12367
0b000901 0b000a01 10363 100 2097152 28050879 46279 44264 13321
0b000f01 0b000801 10364 100 2097152 27919661 180667 44264 12383
0b000d01 0b000e01 10360 100 2097152 27915823 185430 44264 12365
0b000801 0b000901 10363 100 2097152 28003041 112479 44264 13320
0b000901 0b000201 10053 100 2097152 27806707 320693 180639 12857
0b000f01 0b000001 10052 100 2097152 27948306 180582 180639 11887
0b000c01 0b000d01 10363 100 2097152 27967595 175510 44264 15228
0b000c01 0b000d01 10364 100 2097152 27969778 174428 44264 15244
0b000a01 0b000301 10053 100 2097152 28100168 48656 48204 13338
0b000c01 0b000d01 10365 100 2097152 28000384 150002 44264 15260
0b000101 0b000201 10338 100 2097152 26582877 1571166 176699 14209
0b000d01 0b000e01 10361 100 2097152 27972518 187147 44264 11901
0b000801 0b000901 10364 100 2097152 28062232 98771 44264 13336
0b000b01 0b000401 10055 100 2097152 27883795 282671 180639 13851
0b000901 0b000a01 10364 100 2097152 28118530 49071 44264 13337
0b000801 0b000901 10365 100 2097152 28097925 80266 44264 15208
0b000801 0b000101 10053 100 2097152 28098431 88245 48204 12376
0b000801 0b000101 10054 100 2097152 28103338 88316 48204 12392
0b000701 0b000001 10337 100 2097152 26574127 1626431 176699 15223
0b000a01 0b000301 10054 100 2097152 28170611 48658 48204 13354
0b000d01 0b000e01 10362 100 2097152 28021810 199330 44264 13309
0b000d01 0b000601 10055 100 2097152 28041129 180234 180639 14813
0b000b01 0b000401 10054 100 2097152 27851758 377724 180639 13835
0b000901 0b000a01 10365 100 2097152 28164013 73579 44264 13353
0b000901 0b000201 10054 100 2097152 27842679 401860 180639 12873
0b000201 0b000301 10335 100 2097152 25681902 2568174 176699 12770
0b000901 0b000a01 10366 100 2097152 28181201 72292 44264 15225
0b000d01 0b000e01 10363 100 2097152 28071339 189326 44264 12381
0b000e01 0b000f01 10361 100 2097152 28095129 167744 44264 11886
0b000e01 0b000f01 10362 100 2097152 28095139 167756 44264 11902
0b000001 0b000101 10335 100 2097152 25782447 2489776 176699 11808
0b000701 0b000001 10338 100 2097152 26634055 1643915 176699 14679
0b000e01 0b000f01 10363 100 2097152 28104263 175648 44264 12382
0b000a01 0b000301 10055 100 2097152 28240602 48637 48204 13370
0b000a01 0b000b01 10366 100 2097152 28256503 44164 44264 15242
0b000d01 0b000e01 10364 100 2097152 28146115 178515 44264 15245
0b000d01 0b000e01 10365 100 2097152 28147216 177987 44264 15261
0b000d01 0b000e01 10366 100 2097152 28153396 173062 44264 15277
0b000f01 0b000801 10365 100 2097152 28282921 46390 44264 12399
0b000e01 0b000f01 10364 100 2097152 28162675 169863 44264 11918
0b000901 0b000201 10055 100 2097152 28074550 264725 180639 12889
0b000b01 0b000c01 10367 100 2097152 28303677 44164 44264 15259
0b000e01 0b000f01 10365 100 2097152 28224150 137708 44264 13326
0b000e01 0b000f01 10366 100 2097152 28263675 106724 44264 12398
0b000801 0b000101 10055 100 2097152 28332321 48640 48204 12408
0b000c01 0b000d01 10366 100 2097152 28350851 44164 44264 15276
0b000201 0b000301 10336 100 2097152 25800974 2618718 176699 12786
0b000d01 0b000e01 10367 100 2097152 28398025 44164 44264 15293
0b000f01 0b000801 10366 100 2097152 28364868 80178 44264 13343
0b000f01 0b000801 10367 100 2097152 28373409 80156 44264 12415
0b000e01 0b000701 10053 100 2097152 28327640 140282 48204 15262
0b000e01 0b000701 10054 100 2097152 28328213 141434 48204 15278
0b000e01 0b000701 10055 100 2097152 28329468 141458 48204 15294
0b000701 0b000001 10339 100 2097152 26817536 1664018 176699 15239
0b000801 0b000901 10366 100 2097152 28448056 44414 44264 13352
0b000801 0b000101 10056 100 2097152 28456575 48636 48204 12424
0b000e01 0b000701 10056 100 2097152 28445199 64791 48204 15310
0b000901 0b000a01 10367 100 2097152 28495480 44164 44264 13369
0b000401 0b000501 10334 100 2097152 25878733 2680293 176699 13268
0b000701 0b000001 10340 100 2097152 26902883 1659258 176699 14231
0b000601 0b000701 10334 100 2097152 26117562 2450739 176699 14694
0b000a01 0b000301 10056 100 2097152 28542654 48108 48204 13386
0b000401 0b000501 10335 100 2097152 25900813 2703409 176699 13732
0b000601 0b000701 10335 100 2097152 26183221 2505772 176699 14230
0b000f01 0b000001 10055 100 2097152 28335548 394069 180639 11935
0b000f01 0b000001 10054 100 2097152 28265905 510516 180639 11919
0b000f01 0b000001 10053 100 2097152 28265883 532562 180639 11903
0b000001 0b000101 10336 100 2097152 26229449 2574718 176699 11824
0b000301 0b000401 10338 100 2097152 27075742 1735239 176699 14675
0b000501 0b000601 10336 100 2097152 26545796 2281404 176699 13253
0b000501 0b000601 10337 100 2097152 26557214 2369474 176699 14261
0b000701 0b000001 10341 100 2097152 27102875 1831635 176699 13255
0b000501 0b000601 10338 100 2097152 26580215 2373465 176699 14277
0b000101 0b000201 10339 100 2097152 27106309 1875134 176699 15169
0b000301 0b000401 10339 100 2097152 27115758 1883911 176699 13299
0b000501 0b000601 10339 100 2097152 26584744 2437203 176699 13717
0b000001 0b000101 10337 100 2097152 26391441 2690034 176699 11840
0b000601 0b000701 10336 100 2097152 26484130 2623587 176699 14246
0b000701 0b000001 10342 100 2097152 27259099 1881331 176699 12295
0b000301 0b000401 10340 100 2097152 27170634 1978351 176699 12307
0b000701 0b000001 10343 100 2097152 27285911 1878079 176699 14695
0b000101 0b000201 10340 100 2097152 27191893 1973858 176699 13249
0b000301 0b000401 10341 100 2097152 27175150 1995635 176699 13315
0b000201 0b000301 10337 100 2097152 26346740 2854980 176699 12802
0b000001 0b000101 10338 100 2097152 26480844 2731135 176699 14672
0b000401 0b000501 10336 100 2097152 26295507 2929735 176699 14676
0b000301 0b000401 10342 100 2097152 27192574 2037927 176699 15171
0b000501 0b000601 10340 100 2097152 26806690 2454826 176699 14293
0b000501 0b000601 10341 100 2097152 26839568 2427556 176699 13269
0b000501 0b000e01 10048 100 2097152 29228252 48108 48204 14693
0b000301 0b000401 10343 100 2097152 27247810 2045775 176699 11795
0b000701 0b000001 10344 100 2097152 27343423 1965167 176699 12759
0b000001 0b000101 10339 100 2097152 26531156 2779675 176699 12752
0b000e01 0b000f01 10367 100 2097152 29279370 44164 44264 14718
0b000001 0b000901 10049 100 2097152 29143440 180333 180639 12304
0b000301 0b000401 10344 100 2097152 27248458 2098539 176699 12323
0b000401 0b000501 10337 100 2097152 26382240 2964766 176699 13748
0b000201 0b000b01 10049 100 2097152 29168761 180471 180639 13266
0b000101 0b000201 10341 100 2097152 27255843 2095308 176699 12353
0b000101 0b000a01 10048 100 2097152 29313841 48504 48204 12769
0b000501 0b000601 10342 100 2097152 26902964 2459528 176699 12293
0b000f01 0b000801 10368 100 2097152 29326544 44164 44264 14735
0b000901 0b000a01 10368 100 2097152 29326783 44411 44264 12329
0b000701 0b000001 10345 100 2097152 27498887 1891423 176699 13719
0b000101 0b000201 10342 100 2097152 27264297 2127502 176699 13713
0b000b01 0b000c01 10368 100 2097152 29352242 46855 44264 13291
0b000501 0b000601 10343 100 2097152 26949460 2454559 176699 11797
0b000801 0b000901 10367 100 2097152 29373718 44164 44264 14744
0b000401 0b000501 10338 100 2097152 26444999 2983223 176699 12292
0b000c01 0b000d01 10367 100 2097152 29402107 44164 44264 13308
0b000a01 0b000b01 10367 100 2097152 29365355 82339 44264 12794
0b000a01 0b000b01 10368 100 2097152 29374204 82824 44264 12346
0b000901 0b000a01 10369 100 2097152 29420892 45789 44264 14761
0b000301 0b000401 10345 100 2097152 27366754 2114315 176699 14211
0b000d01 0b000e01 10368 100 2097152 29449281 44164 44264 13325
0b000a01 0b000b01 10369 100 2097152 29469691 46185 44264 14778
0b000101 0b000201 10343 100 2097152 27335197 2187387 176699 12369
0b000001 0b000101 10340 100 2097152 26698752 2824255 176699 14208
0b000b01 0b000c01 10369 100 2097152 29450704 87949 44264 12811
0b000701 0b000001 10346 100 2097152 27701260 1838810 176699 15255
0b000e01 0b000f01 10368 100 2097152 29496455 44164 44264 13342
0b000b01 0b000c01 10370 100 2097152 29460038 97541 44264 12363
0b000001 0b000101 10341 100 2097152 26739339 2830316 176699 11856
0b000401 0b000501 10339 100 2097152 26538787 3030931 176699 12756
0b000201 0b000301 10338 100 2097152 26611269 2967315 176699 13714
0b000b01 0b000c01 10371 100 2097152 29518886 68353 44264 14795
0b000f01 0b000801 10369 100 2097152 29543629 44164 44264 13359
0b000501 0b000601 10344 100 2097152 27187940 2401455 176699 15173
0b000c01 0b000d01 10368 100 2097152 29541663 83977 44264 12828
0b000301 0b000c01 10048 100 2097152 29581594 48654 48204 13731
0b000001 0b000101 10342 100 2097152 26792532 2838435 176699 13712
0b000801 0b000901 10368 100 2097152 29590803 44164 44264 13368
0b000401 0b000d01 10049 100 2097152 29484079 180222 180639 14228
0b000c01 0b000d01 10369 100 2097152 29560589 117530 44264 12380
0b000901 0b000a01 10370 100 2097152 29637977 44164 44264 13385
0b000d01 0b000e01 10369 100 2097152 29628650 56799 44264 12845
0b000101 0b000201 10344 100 2097152 27424585 2265623 176699 11809
0b000c01 0b000d01 10370 100 2097152 29590249 117600 44264 14812
0b000001 0b000101 10343 100 2097152 26870192 2846307 176699 13248
0b000401 0b000501 10340 100 2097152 26631758 3086880 176699 13764
0b000c01 0b000d01 10371 100 2097152 29633258 90918 44264 13756
0b000a01 0b000301 10057 100 2097152 29685151 48108 48204 13402
0b000e01 0b000f01 10369 100 2097152 29688459 46759 44264 12862
0b000001 0b000101 10344 100 2097152 26915481 2848642 176699 11872
0b000d01 0b000e01 10370 100 2097152 29667311 107506 44264 14253
0b000f01 0b000801 10370 100 2097152 29738228 44381 44264 12879
0b000d01 0b000e01 10371 100 2097152 29681129 107313 44264 12397
0b000601 0b000f01 10049 100 2097152 29592405 196697 180639 15190
0b000d01 0b000e01 10372 100 2097152 29727186 84007 44264 13773
0b000201 0b000301 10339 100 2097152 26754393 3070267 176699 12818
0b000801 0b000901 10369 100 2097152 29785619 45968 44264 12888
0b000f01 0b000801 10371 100 2097152 29792112 47511 44264 15215
0b000101 0b000201 10345 100 2097152 27550029 2306014 176699 14673
0b000501 0b000601 10345 100 2097152 27492484 2366856 176699 12757
0b000301 0b000401 10346 100 2097152 27734164 2129269 176699 13331
0b000101 0b000201 10346 100 2097152 27553549 2310134 176699 15185
0b000e01 0b000f01 10370 100 2097152 29777827 98077 44264 14270
0b000401 0b000501 10341 100 2097152 26742371 3137043 176699 15172
0b000401 0b000501 10342 100 2097152 26747979 3139023 176699 11796
0b000801 0b000901 10370 100 2097152 29842633 44541 44264 15224
0b000201 0b000301 10340 100 2097152 26800997 3088187 176699 11794
0b000d01 0b000601 10056 100 2097152 29710859 183082 180639 14829
0b000e01 0b000f01 10371 100 2097152 29791452 111434 44264 12414
0b000e01 0b000f01 10372 100 2097152 29814203 100103 44264 13790
0b000201 0b000301 10341 100 2097152 26833169 3090615 176699 12322
0b000901 0b000a01 10371 100 2097152 29890184 44164 44264 15241
0b000101 0b000201 10347 100 2097152 27616949 2321562 176699 15201
0b000f01 0b000801 10372 100 2097152 29878914 76859 44264 14287
0b000001 0b000101 10345 100 2097152 27113904 2848415 176699 15200
0b000a01 0b000b01 10370 100 2097152 29937358 44164 44264 15258
0b000801 0b000901 10371 100 2097152 29958783 48365 44264 14296
0b000f01 0b000801 10373 100 2097152 29905896 103471 44264 12431
0b000901 0b000201 10056 100 2097152 29834597 180249 180639 12905
0b000f01 0b000801 10374 100 2097152 29917316 97557 44264 13807
0b000b01 0b000c01 10372 100 2097152 29984532 44164 44264 15275
0b000601 0b000701 10337 100 2097152 27028504 3021117 176699 13718
0b000901 0b000a01 10372 100 2097152 30010158 47644 44264 14313
0b000801 0b000101 10057 100 2097152 30012377 48114 48204 12440
0b000801 0b000901 10372 100 2097152 30017883 45897 44264 13816
0b000c01 0b000d01 10372 100 2097152 30031706 44164 44264 15292
0b000a01 0b000b01 10371 100 2097152 30060812 47807 44264 14330
0b000901 0b000a01 10373 100 2097152 30066790 45980 44264 13833
0b000701 0b000001 10347 100 2097152 28470932 1649514 176699 15271
0b000401 0b000501 10343 100 2097152 26902523 3219755 176699 13284
0b000d01 0b000e01 10373 100 2097152 30078880 44164 44264 15309
0b000701 0b000001 10348 100 2097152 28472657 1656133 176699 15287
0b000701 0b000001 10349 100 2097152 28473936 1657050 176699 15303
0b000601 0b000701 10338 100 2097152 27069110 3062671 176699 14262
0b000201 0b000301 10342 100 2097152 26992510 3144246 176699 15170
0b000701 0b000001 10350 100 2097152 28513000 1624354 176699 15319
0b000201 0b000301 10343 100 2097152 26998113 3146483 176699 14674
0b000301 0b000401 10347 100 2097152 27917314 2236671 176699 12771
0b000b01 0b000c01 10373 100 2097152 30111629 47978 44264 14347
0b000a01 0b000b01 10372 100 2097152 30115780 46067 44264 13850
0b000e01 0b000701 10057 100 2097152 30126054 48108 48204 15326
0b000701 0b000001 10351 100 2097152 28571311 1624663 176699 14711
0b000c01 0b000501 10057 100 2097152 30162617 48583 48204 14364
0b000701 0b000001 10352 100 2097152 28692003 1545651 176699 14247
0b000201 0b000301 10344 100 2097152 27075534 3171262 176699 14210
0b000501 0b000601 10346 100 2097152 27834181 2426995 176699 14309
0b000401 0b000501 10344 100 2097152 27036810 3266820 176699 13780
0b000b01 0b000401 10056 100 2097152 30164857 180234 180639 13867
0b000701 0b000001 10353 100 2097152 29110727 1278715 176699 14263
0b000301 0b000401 10348 100 2097152 28151834 2257607 176699 13347
0b000501 0b000601 10347 100 2097152 27892477 2517099 176699 14325
0b000501 0b000601 10348 100 2097152 27913086 2502098 176699 14341
0b000201 0b000301 10345 100 2097152 27193146 3228294 176699 12834
0b000601 0b000701 10339 100 2097152 27232118 3220587 176699 11798
0b000501 0b000601 10349 100 2097152 27947464 2508408 176699 13733
0b000301 0b000401 10349 100 2097152 28222279 2237034 176699 13363
0b000201 0b000301 10346 100 2097152 27224817 3238347 176699 12338
0b000501 0b000601 10350 100 2097152 28062106 2435546 176699 14357
0b000701 0b000801 10048 100 2097152 30455715 48108 48204 11815
0b000301 0b000401 10350 100 2097152 28253086 2292395 176699 12787
0b000801 0b000901 10373 100 2097152 30506833 44164 44264 11832
0b000401 0b000501 10345 100 2097152 27248059 3334879 176699 13300
0b000901 0b000a01 10374 100 2097152 30554007 44164 44264 11849
0b000401 0b000501 10346 100 2097152 27264423 3336959 176699 12308
0b000301 0b000401 10351 100 2097152 28292249 2312696 176699 13379
0b000601 0b000701 10340 100 2097152 27327937 3285096 176699 14710
0b000201 0b000301 10347 100 2097152 27374059 3271013 176699 12850
0b000a01 0b000b01 10373 100 2097152 30601181 44164 44264 11866
0b000601 0b000701 10341 100 2097152 27349868 3309609 176699 13254
0b000301 0b000401 10352 100 2097152 28422702 2241378 176699 12803
0b000601 0b000701 10342 100 2097152 27367305 3321276 176699 12294
0b000b01 0b000c01 10374 100 2097152 30648355 44164 44264 11883
0b000601 0b000701 10343 100 2097152 27375765 3326984 176699 14726
0b000601 0b000701 10344 100 2097152 27375775 3327062 176699 14742
0b000601 0b000701 10345 100 2097152 27375785 3327056 176699 14758
0b000c01 0b000d01 10373 100 2097152 30695529 44164 44264 11900
0b000101 0b000201 10348 100 2097152 28189686 2595470 176699 12385
0b000d01 0b000e01 10374 100 2097152 30742703 44164 44264 11917
0b000301 0b000401 10353 100 2097152 28593772 2219189 176699 13395
0b000e01 0b000f01 10373 100 2097152 30789877 44164 44264 11934
0b000701 0b000001 10354 100 2097152 30052631 795699 176699 13735
0b000101 0b000201 10349 100 2097152 28194664 2664907 176699 12401
0b000601 0b000701 10346 100 2097152 27459130 3408647 176699 12758
0b000101 0b000201 10350 100 2097152 28275233 2628935 176699 11825
0b000201 0b000301 10348 100 2097152 27644021 3260279 176699 12354
0b000501 0b000601 10351 100 2097152 28562036 2352688 176699 13285
0b000701 0b000001 10355 100 2097152 30134791 813663 176699 14279
0b000501 0b000601 10352 100 2097152 28607232 2343988 176699 13749
0b000f01 0b000001 10056 100 2097152 30837051 180234 180639 11951
0b000701 0b000001 10356 100 2097152 30177172 849170 176699 15335
0b000001 0b000101 10346 100 2097152 27797743 3248020 176699 15216
0b000001 0b000101 10347 100 2097152 27821200 3258255 176699 14224
0b000401 0b000501 10347 100 2097152 27630779 3456991 176699 12772
0b000101 0b000201 10351 100 2097152 28383971 2705420 176699 12417
0b000601 0b000701 10347 100 2097152 27581779 3513230 176699 14774
0b000201 0b000301 10349 100 2097152 27879358 3238190 176699 11810
0b000101 0b000201 10352 100 2097152 28508221 2623018 176699 12433
0b000301 0b000401 10354 100 2097152 29204730 2117143 176699 12819
0b000101 0b000201 10353 100 2097152 28807177 2574515 176699 11841
0b000201 0b000301 10350 100 2097152 28130410 3274714 176699 12866
0b000201 0b000301 10351 100 2097152 28157053 3269847 176699 14226
0b000401 0b000501 10348 100 2097152 27892306 3594988 176699 13796
0b000401 0b000501 10349 100 2097152 27899967 3596131 176699 13812
0b000401 0b000501 10350 100 2097152 27899977 3596125 176699 13828
0b000201 0b000301 10352 100 2097152 28247549 3273543 176699 12882
0b000601 0b000701 10348 100 2097152 27889687 3655566 176699 14790
0b000201 0b000301 10353 100 2097152 28342285 3263203 176699 12898
0b000501 0b000601 10353 100 2097152 29350016 2265456 176699 13765
0b000101 0b000201 10354 100 2097152 29084485 2541814 176699 11857
0b000001 0b000101 10348 100 2097152 28131898 3531393 176699 11888
0b000601 0b000701 10349 100 2097152 28003042 3674767 176699 14806
0b000101 0b000201 10355 100 2097152 29214989 2506678 176699 14689
0b000501 0b000601 10354 100 2097152 29431232 2359222 176699 12309
0b000001 0b000101 10349 100 2097152 28203568 3604375 176699 15232
0b000501 0b000601 10355 100 2097152 29572728 2349250 176699 12773
0b000101 0b000201 10356 100 2097152 29526017 2400874 176699 14225
0b000401 0b000501 10351 100 2097152 28232492 3698426 176699 13844
0b000401 0b000501 10352 100 2097152 28232502 3698420 176699 13860
0b000001 0b000101 10350 100 2097152 28280980 3664975 176699 14688
0b000601 0b000701 10350 100 2097152 28224373 3729388 176699 14822
0b000101 0b000201 10357 100 2097152 29572665 2414038 176699 11873
0b000101 0b000201 10358 100 2097152 29633977 2426574 176699 13729
0b000101 0b000201 10359 100 2097152 29719509 2346650 176699 13265
0b000101 0b000201 10360 100 2097152 29767133 2322843 176699 11889
0b000501 0b000601 10356 100 2097152 29721648 2385608 176699 13781
0b000701 0b000001 10357 100 2097152 30616043 1508943 176699 14727
0b000301 0b000401 10355 100 2097152 29736269 2411244 176699 13411
0b000201 0b000301 10354 100 2097152 28984453 3180227 176699 15186
0b000101 0b000201 10361 100 2097152 29965329 2237878 176699 15217
0b000001 0b000101 10351 100 2097152 28484564 3753563 176699 15248
0b000201 0b000b01 10050 100 2097152 32069169 180222 180639 13282
0b000501 0b000601 10357 100 2097152 29882424 2372723 176699 15189
0b000301 0b000401 10356 100 2097152 29827670 2436083 176699 12835
0b000101 0b000201 10362 100 2097152 30063501 2204531 176699 12449
0b000501 0b000601 10358 100 2097152 29890012 2388684 176699 11813
0b000701 0b000001 10358 100 2097152 30662487 1628935 176699 13271
0b000b01 0b000c01 10375 100 2097152 32252401 44164 44264 13307
0b000701 0b000001 10359 100 2097152 30691591 1623559 176699 12311
0b000001 0b000101 10352 100 2097152 28565151 3750292 176699 14240
0b000701 0b000001 10360 100 2097152 30705759 1624587 176699 14743
0b000701 0b000001 10361 100 2097152 30705847 1625031 176699 14759
0b000701 0b000001 10362 100 2097152 30705857 1625025 176699 14775
0b000c01 0b000d01 10374 100 2097152 32299575 44164 44264 13324
0b000d01 0b000e01 10375 100 2097152 32346749 44164 44264 13341
0b000301 0b000401 10357 100 2097152 29892194 2499927 176699 11811
0b000301 0b000401 10358 100 2097152 29926794 2483442 176699 12339
0b000e01 0b000f01 10374 100 2097152 32393923 44164 44264 13358
0b000601 0b000f01 10050 100 2097152 32258157 180222 180639 15206
0b000401 0b000501 10353 100 2097152 28813991 3655819 176699 14692
0b000501 0b000601 10359 100 2097152 30125288 2357260 176699 13301
0b000701 0b000001 10363 100 2097152 30870787 1611803 176699 12775
0b000001 0b000901 10050 100 2097152 32318160 180222 180639 12320
0b000501 0b000e01 10049 100 2097152 32472820 48108 48204 14709
0b000f01 0b000801 10375 100 2097152 32441097 88402 44264 13375
0b000f01 0b000801 10376 100 2097152 32441389 88418 44264 15231
0b000901 0b000a01 10375 100 2097152 32501392 45415 44264 12345
0b000001 0b000101 10353 100 2097152 28801455 3748732 176699 11904
0b000001 0b000101 10354 100 2097152 28801465 3748726 176699 11920
0b000001 0b000101 10355 100 2097152 28801475 3748720 176699 11936
0b000e01 0b000f01 10375 100 2097152 32523938 44418 44264 14734
0b000701 0b000001 10364 100 2097152 31098019 1480275 176699 14791
0b000501 0b000601 10360 100 2097152 30214210 2367226 176699 14373
0b000a01 0b000b01 10374 100 2097152 32549817 44164 44264 12362
0b000201 0b000301 10355 100 2097152 29354161 3244219 176699 12370
0b000f01 0b000801 10377 100 2097152 32571366 46200 44264 14751
0b000801 0b000901 10374 100 2097152 32532509 90929 44264 13384
0b000801 0b000901 10375 100 2097152 32532817 91213 44264 15240
0b000601 0b000701 10351 100 2097152 28830210 3801343 176699 13270
0b000501 0b000601 10361 100 2097152 30306640 2330751 176699 13797
0b000401 0b000501 10354 100 2097152 29002679 3638483 176699 13316
0b000b01 0b000c01 10376 100 2097152 32596991 44164 44264 12379
0b000201 0b000301 10356 100 2097152 29394809 3253471 176699 13730
0b000801 0b000901 10376 100 2097152 32620576 48124 44264 14760
0b000301 0b000401 10359 100 2097152 30139766 2543031 176699 15187
0b000c01 0b000d01 10375 100 2097152 32644165 44164 44264 12396
0b000001 0b000101 10356 100 2097152 28937520 3753643 176699 13264
0b000301 0b000c01 10049 100 2097152 32651290 48108 48204 13747
0b000301 0b000401 10360 100 2097152 30147606 2557535 176699 14691
0b000901 0b000a01 10376 100 2097152 32626448 111691 44264 13401
0b000d01 0b000e01 10376 100 2097152 32691339 47322 44264 12413
0b000901 0b000a01 10377 100 2097152 32627040 112195 44264 15257
0b000101 0b000201 10363 100 2097152 31048773 1691387 176699 15233
0b000c01 0b000d01 10376 100 2097152 32702408 45738 44264 13772
0b000901 0b000a01 10378 100 2097152 32671710 89751 44264 14777
0b000401 0b000501 10355 100 2097152 29151995 3621751 176699 12324
0b000301 0b000401 10361 100 2097152 30249806 2523975 176699 14227
0b000501 0b000601 10362 100 2097152 30585948 2201467 176699 13317
0b000e01 0b000f01 10376 100 2097152 32741671 47472 44264 12430
0b000a01 0b000301 10058 100 2097152 32741149 48108 48204 13418
0b000401 0b000501 10356 100 2097152 29173795 3616167 176699 13332
0b000601 0b000701 10352 100 2097152 28929698 3863803 176699 14278
0b000d01 0b000e01 10377 100 2097152 32751156 45813 44264 13789
0b000701 0b000001 10365 100 2097152 31548263 1250491 176699 14807
0b000101 0b000201 10364 100 2097152 31082465 1726670 176699 14241
0b000a01 0b000b01 10375 100 2097152 32742245 67739 44264 15274
0b000501 0b000601 10363 100 2097152 30604392 2205823 176699 12325
0b000201 0b000301 10357 100 2097152 29525594 3295598 176699 12386
0b000601 0b000701 10353 100 2097152 28956690 3868079 176699 14294
0b000a01 0b000b01 10376 100 2097152 32764471 67695 44264 14794
0b000701 0b000001 10366 100 2097152 31680819 1152671 176699 14823
0b000f01 0b000801 10378 100 2097152 32792153 47635 44264 12447
0b000e01 0b000f01 10377 100 2097152 32799979 45892 44264 13806
0b000401 0b000501 10357 100 2097152 29233511 3619651 176699 15188
0b000b01 0b000c01 10377 100 2097152 32812994 67779 44264 15291
0b000801 0b000101 10058 100 2097152 32842798 48108 48204 12456
0b000f01 0b000801 10379 100 2097152 32848881 44164 44264 13823
0b000401 0b000501 10358 100 2097152 29296595 3603043 176699 11812
0b000b01 0b000c01 10378 100 2097152 32835176 67735 44264 14811
0b000301 0b000401 10362 100 2097152 30424450 2498295 176699 12851
0b000401 0b000501 10359 100 2097152 29350007 3578027 176699 12340
0b000601 0b000701 10354 100 2097152 29024957 3905680 176699 13734
0b000701 0b000001 10367 100 2097152 31956771 977787 176699 14839
0b000801 0b000901 10377 100 2097152 32896055 44164 44264 13832
0b000301 0b000401 10363 100 2097152 30466174 2480215 176699 12355
0b000c01 0b000d01 10377 100 2097152 32883783 67819 44264 15308
0b000401 0b000d01 10050 100 2097152 32776791 180222 180639 14244
0b000c01 0b000d01 10378 100 2097152 32905921 67775 44264 14828
0b000001 0b000101 10357 100 2097152 29167000 3812959 176699 14704
0b000901 0b000a01 10379 100 2097152 32943229 44164 44264 13849
0b000201 0b000301 10358 100 2097152 29693218 3319830 176699 11826
0b000a01 0b000b01 10377 100 2097152 32990403 44164 44264 13866
0b000d01 0b000e01 10378 100 2097152 32954612 83924 44264 15325
0b000d01 0b000e01 10379 100 2097152 32960023 83662 44264 14269
0b000e01 0b000701 10058 100 2097152 33041546 48635 48204 15342
0b000e01 0b000f01 10378 100 2097152 33046695 44164 44264 14286
0b000301 0b000401 10364 100 2097152 30648082 2482278 176699 12867
0b000f01 0b000801 10380 100 2097152 33093869 44164 44264 14303
0b000d01 0b000601 10057 100 2097152 32976706 180234 180639 14845
0b000801 0b000901 10378 100 2097152 33141043 44164 44264 14312
0b000001 0b000101 10358 100 2097152 29311600 3889503 176699 12768
0b000b01 0b000401 10057 100 2097152 33037577 180234 180639 13883
0b000901 0b000a01 10380 100 2097152 33188217 44164 44264 14329
0b000201 0b000301 10359 100 2097152 29859053 3383883 176699 14690
0b000201 0b000301 10360 100 2097152 29866693 3382851 176699 15202
0b000101 0b000a01 10049 100 2097152 33204113 48108 48204 12785
0b000501 0b000601 10364 100 2097152 31090780 2209020 176699 12789
0b000601 0b000701 10355 100 2097152 29264526 4038299 176699 14310
0b000001 0b000101 10359 100 2097152 29393320 3909827 176699 13728
0b000a01 0b000b01 10378 100 2097152 33235391 68377 44264 14346
0b000601 0b000701 10356 100 2097152 29270134 4039767 176699 13286
0b000a01 0b000b01 10379 100 2097152 33255231 69135 44264 12810
0b000201 0b000301 10361 100 2097152 29941521 3384983 176699 15218
0b000101 0b000201 10365 100 2097152 31666301 1667030 176699 11905
0b000301 0b000401 10365 100 2097152 30907310 2460463 176699 12371
0b000b01 0b000c01 10379 100 2097152 33306778 69219 44264 14363
0b000201 0b000301 10362 100 2097152 30017856 3370464 176699 12914
0b000b01 0b000c01 10380 100 2097152 33327376 68407 44264 12827
0b000401 0b000501 10360 100 2097152 29866443 3534331 176699 13348
0b000601 0b000701 10357 100 2097152 29365502 4035875 176699 12310
0b000c01 0b000501 10058 100 2097152 33379007 48108 48204 14380
0b000601 0b000701 10358 100 2097152 29407029 4035008 176699 11814
0b000c01 0b000d01 10379 100 2097152 33398793 44164 44264 12844
0b000701 0b000001 10368 100 2097152 32634563 823067 176699 13287
0b000101 0b000201 10366 100 2097152 31810953 1671518 176699 15249
0b000d01 0b000e01 10380 100 2097152 33445967 44164 44264 12861
0b000701 0b000801 10049 100 2097152 33445047 48108 48204 11831
0b000001 0b000101 10360 100 2097152 29543080 3966015 176699 15264
0b000101 0b000201 10367 100 2097152 31948965 1574514 176699 14705
0b000e01 0b000f01 10379 100 2097152 33493141 44164 44264 12878
0b000801 0b000901 10379 100 2097152 33496165 44164 44264 11848
0b000f01 0b000801 10381 100 2097152 33540315 44164 44264 12895
0b000901 0b000a01 10381 100 2097152 33543339 44164 44264 11865
0b000501 0b000601 10365 100 2097152 31490304 2099611 176699 13813
0b000801 0b000901 10380 100 2097152 33587489 44164 44264 12904
0b000a01 0b000b01 10380 100 2097152 33590513 44164 44264 11882
0b000301 0b000401 10366 100 2097152 31120558 2550247 176699 11827
0b000b01 0b000c01 10381 100 2097152 33637687 44164 44264 11899
0b000501 0b000601 10366 100 2097152 31499108 2189512 176699 13829
0b000501 0b000601 10367 100 2097152 31499118 2189590 176699 13845
0b000c01 0b000d01 10380 100 2097152 33684861 44164 44264 11916
0b000701 0b000001 10369 100 2097152 32796511 953287 176699 14295
0b000d01 0b000e01 10381 100 2097152 33732035 44164 44264 11933
0b000401 0b000501 10361 100 2097152 30156995 3624315 176699 12788
0b000901 0b000201 10057 100 2097152 33634663 180234 180639 12921
0b000e01 0b000f01 10380 100 2097152 33779209 44164 44264 11950
0b000701 0b000001 10370 100 2097152 32827779 999519 176699 14311
0b000601 0b000701 10359 100 2097152 29862350 4004471 176699 12774
0b000601 0b000701 10360 100 2097152 29896951 3993978 176699 14838
0b000301 0b000401 10367 100 2097152 31408134 2579595 176699 12883
0b000401 0b000501 10362 100 2097152 30348101 3639889 176699 13876
0b000301 0b000401 10368 100 2097152 31429910 2563427 176699 14243
0b000501 0b000601 10368 100 2097152 31933928 2071024 176699 13861
0b000501 0b000601 10369 100 2097152 31933938 2071102 176699 13877
0b000f01 0b000001 10057 100 2097152 33826383 180234 180639 11967
0b000701 0b000001 10371 100 2097152 32933647 1076259 176699 13751
0b000301 0b000401 10369 100 2097152 31524102 2486463 176699 12899
0b000101 0b000201 10368 100 2097152 32241137 1772318 176699 15265
0b000401 0b000501 10363 100 2097152 30412451 3618323 176699 13364
0b000401 0b000501 10364 100 2097152 30462323 3620727 176699 13380
0b000101 0b000201 10369 100 2097152 32318453 1768203 176699 14257
0b000301 0b000401 10370 100 2097152 31608498 2539703 176699 12915
0b000401 0b000501 10365 100 2097152 30548491 3606779 176699 12804
0b000401 0b000d01 10051 100 2097152 33996347 180222 180639 14260
0b000401 0b000501 10366 100 2097152 30607955 3580235 176699 13396
0b000d01 0b000e01 10382 100 2097152 34179579 44164 44264 14285
0b000401 0b000501 10367 100 2097152 30667090 3571968 176699 12820
0b000201 0b000301 10363 100 2097152 30788166 3460238 176699 12402
0b000701 0b000001 10372 100 2097152 33093191 1157295 176699 15351
0b000e01 0b000f01 10381 100 2097152 34226753 44164 44264 14302
0b000601 0b000701 10361 100 2097152 30264186 4017259 176699 14326
0b000f01 0b000801 10382 100 2097152 34273927 44164 44264 14319
0b000401 0b000501 10368 100 2097152 30815971 3531627 176699 13412
0b000201 0b000301 10364 100 2097152 30862581 3488391 176699 12418
0b000001 0b000101 10361 100 2097152 30123456 4231719 176699 15280
0b000801 0b000901 10381 100 2097152 34321101 44164 44264 14328
0b000001 0b000101 10362 100 2097152 30131800 4236579 176699 15296
0b000001 0b000101 10363 100 2097152 30133996 4236499 176699 15312
0b000101 0b000201 10370 100 2097152 32553197 1835378 176699 11921
0b000101 0b000201 10371 100 2097152 32553207 1835636 176699 11937
0b000101 0b000201 10372 100 2097152 32553217 1835982 176699 11953
0b000001 0b000101 10364 100 2097152 30140364 4250915 176699 15328
0b000201 0b000301 10365 100 2097152 30907178 3487650 176699 11842
0b000901 0b000a01 10382 100 2097152 34368275 44164 44264 14345
0b000701 0b000001 10373 100 2097152 33305835 1147255 176699 14327
0b000a01 0b000b01 10381 100 2097152 34415449 44164 44264 14362
0b000001 0b000101 10365 100 2097152 30198984 4260831 176699 14720
0b000601 0b000701 10362 100 2097152 30412586 4077295 176699 14342
0b000301 0b000401 10371 100 2097152 32167690 2327475 176699 15203
0b000001 0b000101 10366 100 2097152 30240664 4261827 176699 14256
0b000b01 0b000c01 10382 100 2097152 34462623 44164 44264 14379
0b000601 0b000701 10363 100 2097152 30418194 4092199 176699 14358
0b000701 0b000001 10374 100 2097152 33312911 1199543 176699 13303
0b000101 0b000201 10373 100 2097152 32694173 1824922 176699 13281
0b000701 0b000001 10375 100 2097152 33404387 1131879 176699 12327
0b000601 0b000701 10364 100 2097152 30458882 4090995 176699 13750
0b000c01 0b000501 10059 100 2097152 34509797 48108 48204 14396
0b000601 0b000701 10365 100 2097152 30500662 4086851 176699 14374
0b000001 0b000101 10367 100 2097152 30392452 4247535 176699 14272
0b000201 0b000301 10366 100 2097152 31092401 3568591 176699 12434
0b000201 0b000b01 10051 100 2097152 34522105 180222 180639 13298
0b000001 0b000901 10051 100 2097152 34539276 180222 180639 12336
0b000201 0b000301 10367 100 2097152 31134249 3591611 176699 12450
0b000101 0b000201 10374 100 2097152 32893916 1831999 176699 12465
0b000b01 0b000c01 10383 100 2097152 34705337 44164 44264 13323
0b000301 0b000401 10372 100 2097152 32601390 2149299 176699 12387
0b000901 0b000a01 10383 100 2097152 34722508 44164 44264 12361
0b000401 0b000501 10369 100 2097152 31324883 3441955 176699 12836
0b000101 0b000201 10375 100 2097152 32982969 1784458 176699 14721
0b000c01 0b000d01 10381 100 2097152 34752511 44164 44264 13340
0b000a01 0b000b01 10382 100 2097152 34769682 44164 44264 12378
0b000d01 0b000e01 10383 100 2097152 34799685 44164 44264 13357
0b000b01 0b000c01 10384 100 2097152 34816856 44164 44264 12395
0b000501 0b000601 10370 100 2097152 32644172 2223328 176699 13333
0b000e01 0b000f01 10382 100 2097152 34846859 44164 44264 13374
0b000c01 0b000d01 10382 100 2097152 34864030 44164 44264 12412
0b000301 0b000401 10373 100 2097152 32792267 2124758 176699 13427
0b000f01 0b000801 10383 100 2097152 34894033 44164 44264 13391
0b000d01 0b000e01 10384 100 2097152 34911204 44164 44264 12429
0b000801 0b000901 10382 100 2097152 34941207 44164 44264 13400
0b000e01 0b000f01 10383 100 2097152 34958378 44164 44264 12446
0b000701 0b000001 10376 100 2097152 33869831 1135971 176699 12791
0b000601 0b000701 10366 100 2097152 30917734 4089343 176699 13302
0b000201 0b000301 10368 100 2097152 31384702 3638710 176699 11858
0b000301 0b000401 10374 100 2097152 32824202 2204235 176699 12403
0b000901 0b000a01 10384 100 2097152 34988381 44164 44264 13417
0b000601 0b000701 10367 100 2097152 30954230 4087867 176699 13766
0b000f01 0b000801 10384 100 2097152 35005552 44164 44264 12463
0b000101 0b000201 10376 100 2097152 33306157 1753706 176699 13745
0b000a01 0b000301 10059 100 2097152 35035555 48108 48204 13434
0b000701 0b000001 10377 100 2097152 33893939 1202935 176699 14855
0b000801 0b000101 10059 100 2097152 35052726 48108 48204 12472
0b000001 0b000101 10368 100 2097152 30851340 4249843 176699 13744
0b000501 0b000601 10371 100 2097152 32776756 2328888 176699 12341
0b000501 0b000601 10372 100 2097152 32792972 2354436 176699 13349
0b000301 0b000401 10375 100 2097152 33016058 2163259 176699 11843
0b000001 0b000101 10369 100 2097152 30951464 4257367 176699 14288
0b000101 0b000201 10377 100 2097152 33512105 1697250 176699 15281
0b000001 0b000101 10370 100 2097152 31020295 4251248 176699 11952
0b000001 0b000101 10371 100 2097152 31029352 4249235 176699 15344
0b000501 0b000601 10373 100 2097152 32856172 2422519 176699 15205
0b000501 0b000601 10374 100 2097152 32902648 2422296 176699 11829
0b000201 0b000301 10369 100 2097152 31629309 3710699 176699 11874
0b000501 0b000601 10375 100 2097152 32931044 2412960 176699 12357
0b000301 0b000401 10376 100 2097152 33245946 2153999 176699 14707
0b000301 0b000401 10377 100 2097152 33252554 2170951 176699 15219
0b000301 0b000401 10378 100 2097152 33329514 2099599 176699 15235
0b000601 0b000f01 10051 100 2097152 35281701 180222 180639 15222
0b000301 0b000401 10379 100 2097152 33391330 2079295 176699 12931
0b000701 0b000001 10378 100 2097152 34284455 1201355 176699 14343
0b000201 0b000301 10370 100 2097152 31724677 3769431 176699 14706
0b000f01 0b000801 10385 100 2097152 35464933 44164 44264 15247
0b000401 0b000501 10370 100 2097152 32150523 3391667 176699 13428
0b000801 0b000901 10383 100 2097152 35512107 44164 44264 15256
0b000901 0b000a01 10385 100 2097152 35559281 44164 44264 15273
0b000601 0b000701 10368 100 2097152 31618482 3995487 176699 13782
0b000a01 0b000b01 10383 100 2097152 35606455 44164 44264 15290
0b000401 0b000501 10371 100 2097152 32266763 3409867 176699 12852
0b000b01 0b000c01 10385 100 2097152 35653629 44164 44264 15307
0b000201 0b000301 10371 100 2097152 31929901 3806759 176699 14242
0b000c01 0b000d01 10383 100 2097152 35700803 44164 44264 15324
0b000701 0b000001 10379 100 2097152 34492891 1264135 176699 14359
0b000d01 0b000e01 10385 100 2097152 35747977 44164 44264 15341
0b000701 0b000001 10380 100 2097152 34513403 1285135 176699 14375
0b000501 0b000601 10376 100 2097152 33403784 2395768 176699 13365
0b000201 0b000301 10372 100 2097152 31989713 3810571 176699 11890
0b000601 0b000701 10369 100 2097152 31793464 4014313 176699 12326
0b000701 0b000001 10381 100 2097152 34552887 1269211 176699 13767
0b000401 0b000501 10372 100 2097152 32395131 3431107 176699 11828
0b000501 0b000601 10377 100 2097152 33430125 2410957 176699 14389
0b000e01 0b000701 10059 100 2097152 35795151 48108 48204 15358
0b000401 0b000501 10373 100 2097152 32413246 3432356 176699 12356
0b000701 0b000001 10382 100 2097152 34590523 1273347 176699 14391
0b000201 0b000301 10373 100 2097152 32063561 3808007 176699 13746
0b000201 0b000301 10374 100 2097152 32092986 3805598 176699 11906
0b000301 0b000c01 10050 100 2097152 35874578 48108 48204 13763
0b000601 0b000701 10370 100 2097152 31924988 4015637 176699 12790
0b000c01 0b000d01 10384 100 2097152 35925696 44164 44264 13788
0b000201 0b000301 10375 100 2097152 32206217 3782483 176699 15234
0b000d01 0b000e01 10386 100 2097152 35972870 44164 44264 13805
0b000201 0b000301 10376 100 2097152 32271042 3763862 176699 12466
0b000e01 0b000f01 10384 100 2097152 36020044 44164 44264 13822
0b000701 0b000001 10383 100 2097152 35010087 1091927 176699 13319
0b000101 0b000201 10378 100 2097152 34358185 1752138 176699 15297
0b000f01 0b000801 10386 100 2097152 36067218 44164 44264 13839
0b000601 0b000701 10371 100 2097152 32110266 4038727 176699 13798
0b000301 0b000401 10380 100 2097152 34251414 1903967 176699 12419
0b000801 0b000901 10384 100 2097152 36114392 44164 44264 13848
0b000701 0b000001 10384 100 2097152 35045107 1116279 176699 13783
0b000101 0b000201 10379 100 2097152 34371389 1798398 176699 15313
0b000501 0b000601 10378 100 2097152 33784320 2387904 176699 12805
0b000401 0b000501 10374 100 2097152 32685807 3488139 176699 15204
0b000101 0b000201 10380 100 2097152 34373505 1803658 176699 15329
0b000101 0b000201 10381 100 2097152 34394289 1804682 176699 15345
0b000901 0b000a01 10386 100 2097152 36161566 44164 44264 13865
0b000101 0b000201 10382 100 2097152 34462825 1752062 176699 14737
0b000401 0b000501 10375 100 2097152 32708151 3508279 176699 14708
0b000301 0b000401 10381 100 2097152 34353982 1877975 176699 12435
0b000001 0b000101 10372 100 2097152 32127996 4106319 176699 14736
0b000a01 0b000b01 10384 100 2097152 36208740 44164 44264 13882
0b000501 0b000e01 10050 100 2097152 36219440 48108 48204 14725
0b000201 0b000301 10377 100 2097152 32743170 3538550 176699 15250
0b000301 0b000401 10382 100 2097152 34397838 1884643 176699 11859
0b000101 0b000201 10383 100 2097152 34505501 1777266 176699 14273
0b000601 0b000701 10372 100 2097152 32281706 4009959 176699 11830
0b000201 0b000301 10378 100 2097152 32812145 3501455 176699 14258
0b000e01 0b000f01 10385 100 2097152 36270558 44164 44264 14750
0b000101 0b000201 10384 100 2097152 34642997 1698983 176699 14289
0b000701 0b000801 10050 100 2097152 36294675 48108 48204 11847
0b000f01 0b000801 10387 100 2097152 36317732 44901 44264 14767
0b000801 0b000901 10385 100 2097152 36345793 69899 44264 11864
0b000401 0b000501 10376 100 2097152 32925755 3491979 176699 12868
0b000501 0b000601 10379 100 2097152 33991000 2433220 176699 13893
0b000001 0b000101 10373 100 2097152 32294432 4136807 176699 13280
0b000801 0b000901 10386 100 2097152 36365643 69855 44264 14776
0b000b01 0b000401 10058 100 2097152 36255914 180234 180639 13899
0b000401 0b000501 10377 100 2097152 32949399 3489063 176699 12372
0b000601 0b000701 10373 100 2097152 32485558 3978019 176699 13318
0b000001 0b000101 10374 100 2097152 32333356 4140475 176699 14752
0b000001 0b000101 10375 100 2097152 32333888 4141883 176699 14768
0b000001 0b000101 10376 100 2097152 32333898 4141877 176699 14784
0b000901 0b000a01 10387 100 2097152 36418702 69939 44264 11881
0b000701 0b000001 10385 100 2097152 35616979 872895 176699 13799
0b000501 0b000601 10380 100 2097152 34033784 2467868 176699 13381
0b000901 0b000a01 10388 100 2097152 36438508 69895 44264 14793
0b000601 0b000701 10374 100 2097152 32584446 3947671 176699 14390
0b000501 0b000601 10381 100 2097152 34086060 2457126 176699 13397
0b000101 0b000201 10385 100 2097152 35104193 1440631 176699 13761
0b000a01 0b000b01 10385 100 2097152 36491651 69979 44264 11898
0b000601 0b000701 10375 100 2097152 32640401 3921360 176699 13814
0b000a01 0b000b01 10386 100 2097152 36511413 69935 44264 14810
0b000301 0b000401 10383 100 2097152 34664002 1919315 176699 12451
0b000501 0b000601 10382 100 2097152 34158280 2426412 176699 12821
0b000301 0b000401 10384 100 2097152 34728870 1860139 176699 12467
0b000001 0b000101 10377 100 2097152 32485600 4118431 176699 12784
0b000701 0b000001 10386 100 2097152 35810787 808995 176699 12343
0b000401 0b000501 10378 100 2097152 33133370 3497804 176699 12884
0b000b01 0b000c01 10386 100 2097152 36564640 70019 44264 11915
0b000501 0b000601 10383 100 2097152 34191200 2451528 176699 13413
0b000101 0b000201 10386 100 2097152 35211841 1437866 176699 14305
0b000b01 0b000c01 10387 100 2097152 36584358 69975 44264 14827
0b000101 0b000a01 10050 100 2097152 36607041 48421 48204 12801
0b000601 0b000701 10376 100 2097152 32790425 3888544 176699 13334
0b000601 0b000701 10377 100 2097152 32813225 3876388 176699 12342
0b000001 0b000101 10378 100 2097152 32581304 4110999 176699 14800
0b000501 0b000601 10384 100 2097152 34242068 2460383 176699 12837
0b000a01 0b000b01 10387 100 2097152 36658472 44164 44264 12826
0b000c01 0b000d01 10385 100 2097152 36637669 70245 44264 11932
0b000501 0b000601 10385 100 2097152 34350608 2357780 176699 13429
0b000401 0b000501 10379 100 2097152 33220821 3495569 176699 13892
0b000c01 0b000d01 10386 100 2097152 36657343 71296 44264 14844
0b000101 0b000201 10387 100 2097152 35274553 1454498 176699 11969
0b000701 0b000001 10387 100 2097152 35943635 789687 176699 12807
0b000b01 0b000c01 10388 100 2097152 36705646 45162 44264 12843
0b000d01 0b000e01 10387 100 2097152 36710924 45117 44264 11949
0b000c01 0b000d01 10387 100 2097152 36753818 44258 44264 12860
0b000001 0b000901 10052 100 2097152 36622792 180222 180639 12352
0b000e01 0b000f01 10386 100 2097152 36759051 44368 44264 11966
0b000401 0b000501 10380 100 2097152 33370783 3473371 176699 12388
0b000d01 0b000e01 10388 100 2097152 36801086 44263 44264 12877
0b000901 0b000a01 10389 100 2097152 36806024 44164 44264 12377
0b000201 0b000301 10379 100 2097152 33336341 3533795 176699 11922
0b000301 0b000401 10385 100 2097152 35026422 1865367 176699 11875
0b000e01 0b000f01 10387 100 2097152 36848359 44164 44264 12894
0b000a01 0b000b01 10388 100 2097152 36853198 44164 44264 12394
0b000001 0b000101 10379 100 2097152 32801764 4101679 176699 14816
0b000d01 0b000601 10058 100 2097152 36731649 180234 180639 14861
0b000001 0b000101 10380 100 2097152 32836500 4095203 176699 14832
0b000f01 0b000801 10388 100 2097152 36895533 44164 44264 12911
0b000b01 0b000c01 10389 100 2097152 36900372 44164 44264 12411
0b000601 0b000701 10378 100 2097152 33159950 3796399 176699 14854
0b000701 0b000001 10388 100 2097152 36152003 825347 176699 13815
0b000f01 0b000001 10058 100 2097152 36806429 180234 180639 11983
0b000801 0b000901 10387 100 2097152 36942707 44164 44264 12920
0b000c01 0b000d01 10388 100 2097152 36947546 44164 44264 12428
0b000001 0b000101 10381 100 2097152 32937568 4057839 176699 14848
0b000501 0b000601 10386 100 2097152 34769848 2230740 176699 12853
0b000d01 0b000e01 10389 100 2097152 36994720 44164 44264 12445
0b000201 0b000301 10380 100 2097152 33485481 3591571 176699 15266
0b000e01 0b000f01 10388 100 2097152 37041894 44164 44264 12462
0b000601 0b000701 10379 100 2097152 33302810 3789631 176699 12806
0b000401 0b000501 10381 100 2097152 33673815 3435555 176699 11844
0b000301 0b000401 10386 100 2097152 35343018 1777766 176699 11891
0b000201 0b000301 10381 100 2097152 33526489 3597987 176699 14722
0b000f01 0b000801 10389 100 2097152 37089068 44164 44264 12479
0b000901 0b000201 10058 100 2097152 36989881 180234 180639 12937
0b000301 0b000401 10387 100 2097152 35497118 1790199 176699 14723
0b000601 0b000701 10380 100 2097152 33592925 3784224 176699 13830
0b000701 0b000001 10389 100 2097152 36466587 921347 176699 13335
0b000401 0b000501 10382 100 2097152 33990739 3425963 176699 12900
0b000201 0b000301 10382 100 2097152 33817907 3606597 176699 12930
0b000101 0b000201 10388 100 2097152 36237325 1198823 176699 14753
0b000401 0b000501 10383 100 2097152 34013575 3425655 176699 12916
0b000001 0b000101 10382 100 2097152 33460640 3983167 176699 13296
0b000601 0b000701 10381 100 2097152 33691630 3771131 176699 13846
0b000601 0b000701 10382 100 2097152 33691718 3771047 176699 13862
0b000301 0b000401 10388 100 2097152 35739670 1804023 176699 14259
0b000401 0b000501 10384 100 2097152 34151211 3413647 176699 12932
0b000701 0b000001 10390 100 2097152 36564771 1007787 176699 13831
0b000201 0b000301 10383 100 2097152 34016465 3569839 176699 15282
0b000301 0b000401 10389 100 2097152 35803294 1852951 176699 11907
0b000201 0b000301 10384 100 2097152 34089666 3575386 176699 14274
0b000301 0b000401 10390 100 2097152 35901594 1804511 176699 11923
0b000501 0b000601 10387 100 2097152 35679640 2041524 176699 12869
0b000001 0b000101 10383 100 2097152 33752808 3972843 176699 14304
0b000401 0b000d01 10052 100 2097152 37546703 180222 180639 14276
0b000601 0b000701 10383 100 2097152 34007962 3721099 176699 13878
0b000601 0b000701 10384 100 2097152 34008050 3721015 176699 13894
0b000701 0b000001 10391 100 2097152 36681979 1074227 176699 13351
0b000d01 0b000e01 10390 100 2097152 37729935 44164 44264 14301
0b000001 0b000101 10384 100 2097152 33830308 3946551 176699 14320
0b000701 0b000001 10392 100 2097152 36692623 1087155 176699 12359
0b000501 0b000601 10388 100 2097152 35829248 1986542 176699 11845
0b000e01 0b000f01 10389 100 2097152 37777109 44164 44264 14318
0b000301 0b000401 10391 100 2097152 35991710 1854111 176699 15251
0b000f01 0b000801 10390 100 2097152 37824283 44164 44264 14335
0b000101 0b000201 10389 100 2097152 36434249 1455702 176699 13297
0b000501 0b000601 10389 100 2097152 35848612 2062448 176699 12373
0b000101 0b000201 10390 100 2097152 36476841 1435914 176699 14769
0b000801 0b000901 10388 100 2097152 37871457 44164 44264 14344
0b000401 0b000501 10385 100 2097152 34498175 3418935 176699 15220
0b000201 0b000301 10385 100 2097152 34391585 3532747 176699 11938
0b000201 0b000301 10386 100 2097152 34391853 3532483 176699 11954
0b000201 0b000301 10387 100 2097152 34392209 3532131 176699 11970
0b000001 0b000101 10385 100 2097152 34009627 3915180 176699 11968
0b000001 0b000101 10386 100 2097152 34012916 3913479 176699 13760
0b000901 0b000a01 10390 100 2097152 37918631 44164 44264 14361
0b000001 0b000901 10053 100 2097152 37782788 180222 180639 12368
0b000101 0b000201 10391 100 2097152 36478781 1496218 176699 14785
0b000101 0b000201 10392 100 2097152 36478791 1496476 176699 14801
0b000901 0b000a01 10391 100 2097152 37966020 46165 44264 12393
0b000a01 0b000b01 10389 100 2097152 37965805 46418 44264 14378
0b000301 0b000401 10392 100 2097152 36284730 1741722 176699 15267
0b000a01 0b000b01 10390 100 2097152 38015195 46161 44264 12410
0b000b01 0b000c01 10390 100 2097152 38015233 46262 44264 14395
0b000201 0b000b01 10052 100 2097152 37892961 180222 180639 13314
0b000301 0b000401 10393 100 2097152 36316610 1799151 176699 14275
0b000501 0b000601 10390 100 2097152 36176956 1955052 176699 15221
0b000b01 0b000c01 10391 100 2097152 38064366 76378 44264 12427
0b000b01 0b000c01 10392 100 2097152 38076193 76788 44264 13339
0b000701 0b000001 10393 100 2097152 36959359 1201879 176699 14871
0b000201 0b000301 10388 100 2097152 34770437 3421819 176699 14738
0b000401 0b000501 10386 100 2097152 34753699 3458335 176699 12404
0b000c01 0b000d01 10389 100 2097152 38143754 76818 44264 12444
0b000001 0b000101 10387 100 2097152 34456100 3776211 176699 14336
0b000c01 0b000d01 10390 100 2097152 38155991 76796 44264 13356
0b000001 0b000101 10388 100 2097152 34515464 3756531 176699 13312
0b000401 0b000d01 10053 100 2097152 38118771 180222 180639 14292
0b000d01 0b000e01 10391 100 2097152 38223582 76838 44264 12461
0b000101 0b000201 10393 100 2097152 36695313 1609798 176699 14817
0b000601 0b000f01 10052 100 2097152 38135018 180222 180639 15238
0b000d01 0b000e01 10392 100 2097152 38235797 87355 44264 13373
0b000501 0b000601 10391 100 2097152 36420744 1932564 176699 12885
0b000d01 0b000e01 10393 100 2097152 38302003 56640 44264 14317
0b000701 0b000001 10394 100 2097152 37095451 1269135 176699 12823
0b000f01 0b000801 10391 100 2097152 38318250 46539 44264 15263
0b000501 0b000601 10392 100 2097152 36441472 1935396 176699 12389
0b000e01 0b000f01 10390 100 2097152 38303430 74645 44264 12478
0b000801 0b000901 10389 100 2097152 38367799 44164 44264 15272
0b000e01 0b000f01 10391 100 2097152 38326162 95303 44264 13390
0b000201 0b000301 10389 100 2097152 35062873 3365691 176699 13762
0b000601 0b000701 10385 100 2097152 34870510 3559019 176699 13350
0b000e01 0b000f01 10392 100 2097152 38361653 77419 44264 14334
0b000901 0b000a01 10392 100 2097152 38414973 44164 44264 15289
0b000301 0b000c01 10051 100 2097152 38431574 48108 48204 13779
0b000f01 0b000801 10392 100 2097152 38424475 71940 44264 13407
0b000a01 0b000b01 10391 100 2097152 38462147 44164 44264 15306
0b000f01 0b000801 10393 100 2097152 38442082 71895 44264 14351
0b000401 0b000501 10387 100 2097152 35031447 3488487 176699 12420
0b000c01 0b000d01 10391 100 2097152 38482692 45824 44264 13804
0b000201 0b000301 10390 100 2097152 35212365 3339019 176699 15298
0b000b01 0b000c01 10393 100 2097152 38509321 44997 44264 15323
0b000801 0b000901 10390 100 2097152 38499425 71979 44264 13416
0b000d01 0b000e01 10394 100 2097152 38531526 45918 44264 13821
0b000501 0b000601 10393 100 2097152 36634184 1945460 176699 12901
0b000801 0b000901 10391 100 2097152 38516987 71935 44264 14360
0b000c01 0b000d01 10392 100 2097152 38557328 45036 44264 15340
0b000701 0b000001 10395 100 2097152 37380159 1242743 176699 13847
0b000e01 0b000f01 10393 100 2097152 38580454 46002 44264 13838
0b000001 0b000101 10389 100 2097152 35008812 3622915 176699 12800
0b000501 0b000601 10394 100 2097152 36719400 1919708 176699 13909
0b000601 0b000701 10386 100 2097152 35108654 3530527 176699 12358
0b000901 0b000a01 10393 100 2097152 38574414 72019 44264 13433
0b000301 0b000401 10394 100 2097152 36873146 1776999 176699 11939
0b000d01 0b000e01 10395 100 2097152 38605374 45078 44264 15357
0b000401 0b000501 10388 100 2097152 35182327 3473027 176699 11860
0b000901 0b000a01 10394 100 2097152 38591932 71347 44264 14377
0b000701 0b000001 10396 100 2097152 37465771 1201723 176699 13863
0b000701 0b000001 10397 100 2097152 37465781 1201717 176699 13879
0b000001 0b000101 10390 100 2097152 35099884 3568419 176699 14864
0b000101 0b000201 10394 100 2097152 36906453 1761874 176699 14833
0b000f01 0b000801 10394 100 2097152 38629466 44164 44264 13855
0b000101 0b000201 10395 100 2097152 36934713 1739222 176699 14849
0b000101 0b000a01 10051 100 2097152 38634737 48108 48204 12817
0b000601 0b000701 10387 100 2097152 35150418 3536347 176699 13366
0b000801 0b000901 10392 100 2097152 38676640 44164 44264 13864
0b000a01 0b000b01 10392 100 2097152 38666289 69716 44264 14394
0b000501 0b000601 10395 100 2097152 36847164 1904715 176699 12405
0b000a01 0b000b01 10393 100 2097152 38685855 71557 44264 12842
0b000901 0b000a01 10395 100 2097152 38723814 45624 44264 13881
0b000101 0b000201 10396 100 2097152 36998417 1793515 176699 14865
0b000b01 0b000c01 10394 100 2097152 38760422 47225 44264 12859
0b000a01 0b000b01 10394 100 2097152 38772448 45692 44264 13898
0b000601 0b000701 10388 100 2097152 35327954 3510451 176699 11846
0b000701 0b000001 10398 100 2097152 37732071 1107379 176699 13895
0b000701 0b000001 10399 100 2097152 37732081 1107370 176699 13911
0b000401 0b000501 10389 100 2097152 35402955 3446287 176699 14724
0b000301 0b000401 10395 100 2097152 37080062 1772639 176699 15283
0b000601 0b000701 10389 100 2097152 35347014 3506355 176699 12374
0b000c01 0b000d01 10393 100 2097152 38810657 44164 44264 12876
0b000401 0b000501 10390 100 2097152 35426515 3430111 176699 15236
0b000401 0b000501 10391 100 2097152 35432123 3428383 176699 15252
0b000401 0b000501 10392 100 2097152 35473635 3415379 176699 12948
0b000701 0b000801 10051 100 2097152 38841415 48108 48204 11863
0b000501 0b000e01 10051 100 2097152 38852252 48108 48204 14741
0b000d01 0b000e01 10396 100 2097152 38857831 44164 44264 12893
0b000301 0b000401 10396 100 2097152 37127486 1802635 176699 14739
0b000801 0b000901 10393 100 2097152 38892533 44164 44264 11880
0b000901 0b000a01 10396 100 2097152 38939707 44164 44264 11897
0b000e01 0b000f01 10394 100 2097152 38903370 86584 44264 14766
0b000e01 0b000f01 10395 100 2097152 38905005 86570 44264 12910
0b000001 0b000101 10391 100 2097152 35488820 3509523 176699 14352
0b000b01 0b000401 10059 100 2097152 38821150 180234 180639 13915
0b000a01 0b000b01 10395 100 2097152 38986881 44164 44264 11914
0b000501 0b000601 10396 100 2097152 37112380 1948352 176699 11861
0b000b01 0b000c01 10395 100 2097152 39034055 44164 44264 11931
0b000f01 0b000801 10395 100 2097152 38992964 86584 44264 14783
0b000f01 0b000801 10396 100 2097152 38994585 86584 44264 12927
0b000101 0b000201 10397 100 2097152 37446817 1634118 176699 13313
0b000c01 0b000d01 10394 100 2097152 39081229 44164 44264 11948
0b000301 0b000401 10397 100 2097152 37427514 1724139 176699 12947
0b000801 0b000901 10394 100 2097152 39082558 86584 44264 14792
0b000801 0b000901 10395 100 2097152 39084179 86584 44264 12936
0b000d01 0b000e01 10397 100 2097152 39128403 44164 44264 11965
0b000901 0b000a01 10397 100 2097152 39172152 44164 44264 14809
0b000e01 0b000f01 10396 100 2097152 39175577 44164 44264 11982
0b000001 0b000101 10392 100 2097152 35760036 3468947 176699 14368
0b000601 0b000701 10390 100 2097152 35802562 3436971 176699 13382
0b000001 0b000101 10393 100 2097152 35801548 3459823 176699 14384
0b000a01 0b000b01 10396 100 2097152 39219326 44164 44264 14826
0b000001 0b000101 10394 100 2097152 35825108 3452107 176699 13776
0b000201 0b000b01 10053 100 2097152 39083945 198079 180639 13330
0b000301 0b000401 10398 100 2097152 37589314 1693883 176699 15299
0b000501 0b000601 10397 100 2097152 37419712 1870684 176699 12917
0b000701 0b000001 10400 100 2097152 38432539 861627 176699 13367
0b000101 0b000201 10398 100 2097152 37728661 1590634 176699 14321
0b000b01 0b000c01 10396 100 2097152 39266500 69679 44264 14843
0b000501 0b000601 10398 100 2097152 37442240 1897236 176699 12933
0b000401 0b000501 10393 100 2097152 36158391 3187463 176699 12436
0b000b01 0b000c01 10397 100 2097152 39285034 70379 44264 13355
0b000901 0b000201 10059 100 2097152 39173773 184446 180639 12953
0b000201 0b000301 10391 100 2097152 36113333 3245755 176699 15314
0b000301 0b000401 10399 100 2097152 37668062 1710531 176699 14291
0b000501 0b000601 10399 100 2097152 37567868 1815140 176699 12949
0b000401 0b000501 10394 100 2097152 36234967 3154163 176699 12452
0b000f01 0b000001 10059 100 2097152 39222751 180234 180639 11999
0b000c01 0b000d01 10395 100 2097152 39339189 70459 44264 14860
0b000101 0b000201 10399 100 2097152 37779869 1643774 176699 14337
0b000401 0b000501 10395 100 2097152 36285491 3141499 176699 11876
0b000c01 0b000d01 10396 100 2097152 39358423 69709 44264 13372
0b000201 0b000301 10392 100 2097152 36172797 3269411 176699 15330
0b000701 0b000001 10401 100 2097152 38642191 800559 176699 12375
0b000001 0b000101 10395 100 2097152 36105024 3341407 176699 13328
0b000201 0b000301 10393 100 2097152 36180173 3267379 176699 15346
0b000101 0b000201 10400 100 2097152 37927817 1527074 176699 11985
0b000201 0b000301 10394 100 2097152 36217897 3247707 176699 14754
0b000701 0b000001 10402 100 2097152 38689775 776619 176699 13383
0b000001 0b000101 10396 100 2097152 36164396 3302271 176699 13792
0b000d01 0b000e01 10398 100 2097152 39431142 44164 44264 13389
0b000101 0b000201 10401 100 2097152 37929405 1558030 176699 13777
0b000201 0b000301 10395 100 2097152 36285777 3228511 176699 14290
0b000e01 0b000f01 10397 100 2097152 39478316 44164 44264 13406
0b000301 0b000401 10400 100 2097152 37927342 1610271 176699 11955
0b000301 0b000401 10401 100 2097152 37927352 1610265 176699 11971
0b000301 0b000401 10402 100 2097152 37927362 1610259 176699 11987
0b000401 0b000501 10396 100 2097152 36439158 3098936 176699 13908
0b000701 0b000001 10403 100 2097152 38856379 687935 176699 12391
0b000201 0b000301 10396 100 2097152 36344990 3201682 176699 14306
0b000401 0b000d01 10054 100 2097152 39381603 180222 180639 14308
0b000601 0b000701 10391 100 2097152 36175234 3387975 176699 12822
0b000f01 0b000801 10397 100 2097152 39525490 44164 44264 13423
0b000d01 0b000601 10059 100 2097152 39412658 180234 180639 14877
0b000d01 0b000e01 10399 100 2097152 39564835 44164 44264 14333
0b000801 0b000901 10396 100 2097152 39572664 44164 44264 13432
0b000401 0b000501 10397 100 2097152 36586327 3062551 176699 12468
0b000001 0b000101 10397 100 2097152 36492884 3157659 176699 13808
0b000e01 0b000f01 10398 100 2097152 39612009 44164 44264 14350
0b000501 0b000601 10400 100 2097152 37920120 1736112 176699 15237
0b000101 0b000201 10402 100 2097152 38235321 1463174 176699 14353
0b000701 0b000001 10404 100 2097152 39242543 456759 176699 13399
0b000001 0b000901 10054 100 2097152 39445760 254814 180639 12384
0b000f01 0b000801 10398 100 2097152 39659183 44164 44264 14367
0b000201 0b000301 10397 100 2097152 36547834 3170678 176699 13778
0b000301 0b000401 10403 100 2097152 38195266 1526071 176699 14755
0b000901 0b000a01 10398 100 2097152 39703584 48115 44264 12409
0b000801 0b000901 10397 100 2097152 39706357 46133 44264 14376
0b000301 0b000c01 10052 100 2097152 39721522 48108 48204 13795
0b000101 0b000201 10403 100 2097152 38275005 1518034 176699 13329
0b000201 0b000301 10398 100 2097152 36652717 3140659 176699 14322
0b000001 0b000101 10398 100 2097152 36736332 3063363 176699 12816
0b000901 0b000a01 10399 100 2097152 39755500 46165 44264 14393
0b000a01 0b000b01 10397 100 2097152 39754709 46966 44264 12426
0b000001 0b000901 10055 100 2097152 39547324 254822 180639 12400
0b000c01 0b000d01 10397 100 2097152 39772640 45312 44264 13820
0b000601 0b000701 10392 100 2097152 36427230 3392451 176699 13910
0b000701 0b000001 10405 100 2097152 39566219 258303 176699 12839
0b000201 0b000301 10399 100 2097152 36732061 3101179 176699 11986
0b000601 0b000f01 10053 100 2097152 39659242 180222 180639 15254
0b000901 0b000a01 10400 100 2097152 39805156 44164 44264 12425
0b000b01 0b000c01 10398 100 2097152 39804685 44739 44264 12443
0b000101 0b000a01 10052 100 2097152 39802705 48635 48204 12833
0b000501 0b000601 10401 100 2097152 38215044 1644416 176699 12421
0b000d01 0b000e01 10400 100 2097152 39820962 45375 44264 13837
0b000401 0b000501 10398 100 2097152 36894799 2990959 176699 11892
0b000601 0b000701 10393 100 2097152 36504662 3381155 176699 13398
0b000f01 0b000801 10399 100 2097152 39842474 45804 44264 15279
0b000c01 0b000d01 10398 100 2097152 39852434 44766 44264 12460
0b000e01 0b000f01 10399 100 2097152 39869347 45674 44264 13854
0b000601 0b000701 10394 100 2097152 36546196 3381361 176699 13414
0b000801 0b000901 10398 100 2097152 39891288 45827 44264 15288
0b000a01 0b000b01 10398 100 2097152 39852330 86185 44264 12442
0b000a01 0b000b01 10399 100 2097152 39854350 86220 44264 12858
0b000d01 0b000e01 10401 100 2097152 39900210 44834 44264 12477
0b000301 0b000401 10404 100 2097152 38554394 1405371 176699 15315
0b000601 0b000701 10395 100 2097152 36587702 3375247 176699 12838
0b000f01 0b000801 10400 100 2097152 39918031 44991 44264 13871
0b000201 0b000b01 10054 100 2097152 39796049 180222 180639 13346
0b000901 0b000a01 10401 100 2097152 39940125 45893 44264 15305
0b000001 0b000101 10399 100 2097152 36980360 3015102 176699 13824
0b000601 0b000701 10396 100 2097152 36645738 3358651 176699 13430
0b000001 0b000101 10400 100 2097152 36989673 3016017 176699 11984
0b000801 0b000901 10399 100 2097152 39966032 45032 44264 13880
0b000a01 0b000b01 10400 100 2097152 39989028 47182 44264 15322
0b000b01 0b000c01 10399 100 2097152 39941525 117284 44264 12459
0b000901 0b000a01 10402 100 2097152 40014074 45124 44264 13897
0b000401 0b000501 10399 100 2097152 37123794 2940104 176699 11908
0b000b01 0b000c01 10400 100 2097152 39943580 121620 44264 12875
0b000601 0b000701 10397 100 2097152 36705461 3360336 176699 12854
0b000b01 0b000c01 10401 100 2097152 39979281 125042 44264 13371
0b000201 0b000301 10400 100 2097152 37173125 2932639 176699 12946
0b000a01 0b000b01 10401 100 2097152 40062208 46179 44264 13914
0b000501 0b000601 10402 100 2097152 38522944 1592927 176699 12437
0b000b01 0b000c01 10402 100 2097152 40039220 83419 44264 15339
0b000c01 0b000d01 10399 100 2097152 40061819 117575 44264 12476
0b000401 0b000501 10400 100 2097152 37290327 2889471 176699 14740
0b000601 0b000701 10398 100 2097152 36914893 3278732 176699 14870
0b000c01 0b000d01 10400 100 2097152 40068210 129458 44264 12892
0b000501 0b000601 10403 100 2097152 38658364 1569988 176699 11877
0b000501 0b000e01 10052 100 2097152 40182808 48108 48204 14757
0b000c01 0b000d01 10401 100 2097152 40107333 129239 44264 13388
0b000c01 0b000d01 10402 100 2097152 40125649 117041 44264 15356
0b000601 0b000701 10399 100 2097152 37003598 3245343 176699 12870
0b000d01 0b000e01 10402 100 2097152 40200678 53497 44264 12909
0b000201 0b000301 10401 100 2097152 37439158 2844222 176699 14770
0b000d01 0b000e01 10403 100 2097152 40239582 53406 44264 13405
0b000001 0b000101 10401 100 2097152 37390944 2902342 176699 13344
0b000e01 0b000f01 10400 100 2097152 40233926 71948 44264 14782
0b000101 0b000201 10404 100 2097152 39001353 1317599 176699 14369
0b000e01 0b000f01 10401 100 2097152 40257185 94964 44264 12926
0b000f01 0b000801 10401 100 2097152 40308884 48369 44264 14799
0b000e01 0b000f01 10402 100 2097152 40295998 75583 44264 13422
0b000701 0b000001 10406 100 2097152 39888827 503647 176699 13415
0b000501 0b000601 10404 100 2097152 38859636 1536396 176699 15253
0b000801 0b000901 10400 100 2097152 40360263 47871 44264 14808
0b000001 0b000101 10402 100 2097152 37575568 2836946 176699 13840
0b000501 0b000601 10405 100 2097152 38863516 1556076 176699 15269
0b000f01 0b000801 10402 100 2097152 40355159 71868 44264 12943
0b000f01 0b000801 10403 100 2097152 40374591 71740 44264 13439
0b000901 0b000a01 10403 100 2097152 40411144 45834 44264 14825
0b000401 0b000501 10401 100 2097152 37659255 2809075 176699 11924
0b000801 0b000901 10401 100 2097152 40430037 45372 44264 12952
0b000401 0b000501 10402 100 2097152 37709115 2791163 176699 11940
0b000001 0b000101 10403 100 2097152 37759216 2743946 176699 13360
0b000a01 0b000b01 10402 100 2097152 40459988 44164 44264 14842
0b000b01 0b000c01 10403 100 2097152 40507162 44164 44264 14859
0b000101 0b000201 10405 100 2097152 39231993 1339698 176699 14385
0b000101 0b000201 10406 100 2097152 39280225 1299890 176699 13793
0b000401 0b000501 10403 100 2097152 37848831 2732371 176699 15268
0b000201 0b000301 10402 100 2097152 37915765 2672603 176699 14786
0b000c01 0b000d01 10403 100 2097152 40554336 44164 44264 14876
0b000301 0b000401 10405 100 2097152 39362098 1238835 176699 15331
0b000701 0b000001 10407 100 2097152 39930567 683207 176699 13431
0b000201 0b000301 10403 100 2097152 37978009 2661971 176699 14802
0b000201 0b000301 10404 100 2097152 37978277 2661707 176699 14818
0b000401 0b000501 10404 100 2097152 38029462 2629784 176699 15284
0b000301 0b000401 10406 100 2097152 39445218 1225299 176699 15347
0b000701 0b000001 10408 100 2097152 39965959 725483 176699 12855
0b000301 0b000401 10407 100 2097152 39468614 1260779 176699 14771
0b000601 0b000f01 10054 100 2097152 40399042 332850 180639 15270
0b000301 0b000401 10408 100 2097152 39517298 1225638 176699 14307
0b000101 0b000201 10407 100 2097152 39449441 1297530 176699 13345
0b000601 0b000f01 10055 100 2097152 40422602 332826 180639 15286
0b000701 0b000001 10409 100 2097152 40068807 700303 176699 12871
0b000101 0b000201 10408 100 2097152 39469677 1300854 176699 13809
0b000501 0b000601 10406 100 2097152 39348864 1433476 176699 12453
0b000601 0b000701 10400 100 2097152 37724174 3058535 176699 12886
0b000201 0b000301 10405 100 2097152 38308121 2480359 176699 14834
0b000301 0b000401 10409 100 2097152 39549682 1243523 176699 14323
0b000f01 0b000801 10404 100 2097152 40734902 64681 44264 15295
0b000501 0b000601 10407 100 2097152 39392140 1430891 176699 12469
0b000f01 0b000801 10405 100 2097152 40758438 65594 44264 15311
0b000701 0b000001 10410 100 2097152 40251951 576135 176699 12887
0b000001 0b000101 10404 100 2097152 38367596 2473062 176699 12832
0b000501 0b000601 10408 100 2097152 39430000 1424159 176699 11893
0b000601 0b000701 10401 100 2097152 37818800 3037133 176699 11862
0b000801 0b000901 10402 100 2097152 40802593 65720 44264 15304
0b000101 0b000a01 10053 100 2097152 40843668 48635 48204 12849
0b000801 0b000901 10403 100 2097152 40827042 65654 44264 15320
0b000601 0b000701 10402 100 2097152 37914070 2987187 176699 12390
0b000101 0b000201 10409 100 2097152 39653553 1248787 176699 13825
0b000701 0b000801 10052 100 2097152 40858943 48108 48204 11879
0b000201 0b000b01 10055 100 2097152 40749981 180222 180639 13362
0b000901 0b000a01 10404 100 2097152 40871323 69063 44264 15321
0b000a01 0b000b01 10403 100 2097152 40895313 46944 44264 12874
0b000801 0b000901 10404 100 2097152 40910061 46183 44264 11896
0b000901 0b000a01 10405 100 2097152 40895706 71152 44264 15337
0b000201 0b000301 10406 100 2097152 38671337 2296983 176699 14850
0b000201 0b000301 10407 100 2097152 38676945 2294111 176699 14866
0b000401 0b000501 10405 100 2097152 38653155 2333815 176699 11956
0b000901 0b000a01 10406 100 2097152 40959254 50271 44264 11913
0b000a01 0b000b01 10404 100 2097152 40943396 66184 44264 15338
0b000b01 0b000c01 10404 100 2097152 40933213 80680 44264 13387
0b000301 0b000401 10410 100 2097152 39796386 1235667 176699 14339
0b000b01 0b000c01 10405 100 2097152 40945267 94049 44264 12891
0b000001 0b000101 10405 100 2097152 38625912 2428446 176699 13856
0b000401 0b000d01 10055 100 2097152 40745946 312690 180639 14324
0b000a01 0b000b01 10405 100 2097152 40969868 88851 44264 15354
0b000701 0b000001 10411 100 2097152 40785719 285487 176699 12903
0b000b01 0b000c01 10406 100 2097152 41012590 61924 44264 15355
0b000a01 0b000b01 10406 100 2097152 41012535 68944 44264 11930
0b000001 0b000101 10406 100 2097152 38670504 2412290 176699 13872
0b000001 0b000101 10407 100 2097152 38670514 2412284 176699 13888
0b000c01 0b000d01 10404 100 2097152 41016903 66972 44264 13404
0b000c01 0b000d01 10405 100 2097152 41042326 68097 44264 12908
0b000101 0b000201 10410 100 2097152 39998472 1125239 176699 13841
0b000401 0b000501 10406 100 2097152 38855711 2268535 176699 15300
0b000b01 0b000c01 10407 100 2097152 41084489 45289 44264 11947
0b000d01 0b000e01 10404 100 2097152 41061646 73695 44264 14349
0b000401 0b000d01 10056 100 2097152 40796215 362901 180639 14340
0b000401 0b000501 10407 100 2097152 38933131 2231187 176699 14756
0b000001 0b000101 10408 100 2097152 38842460 2324542 176699 13904
0b000c01 0b000d01 10406 100 2097152 41132788 46178 44264 11964
0b000701 0b000001 10412 100 2097152 40904267 275779 176699 12407
0b000e01 0b000f01 10403 100 2097152 41138351 46520 44264 14366
0b000601 0b000701 10403 100 2097152 38356318 2843311 176699 12902
0b000d01 0b000e01 10405 100 2097152 41086885 114842 44264 13421
0b000501 0b000601 10409 100 2097152 39888768 1322432 176699 11909
0b000601 0b000701 10404 100 2097152 38379878 2831351 176699 12406
0b000501 0b000e01 10053 100 2097152 41167328 48636 48204 14773
0b000f01 0b000801 10406 100 2097152 41187881 45466 44264 14383
0b000d01 0b000e01 10406 100 2097152 41113433 128123 44264 12925
0b000401 0b000d01 10057 100 2097152 41035063 243433 180639 14356
0b000801 0b000901 10405 100 2097152 41236357 44164 44264 14392
0b000d01 0b000e01 10407 100 2097152 41162126 121411 44264 14365
0b000d01 0b000e01 10408 100 2097152 41181976 113047 44264 11981
0b000e01 0b000f01 10404 100 2097152 41204737 109056 44264 13438
0b000201 0b000301 10408 100 2097152 39322305 1994479 176699 14338
0b000601 0b000701 10405 100 2097152 38582654 2748027 176699 12918
0b000401 0b000501 10408 100 2097152 39286207 2045107 176699 15316
0b000d01 0b000e01 10409 100 2097152 41281506 54816 44264 14381
0b000001 0b000901 10056 100 2097152 41183056 180222 180639 12416
0b000e01 0b000f01 10405 100 2097152 41218974 152347 44264 14798
0b000201 0b000301 10409 100 2097152 39426653 1950511 176699 14354
0b000101 0b000201 10411 100 2097152 40296296 1095067 176699 13361
0b000501 0b000601 10410 100 2097152 40066908 1328764 176699 11925
0b000201 0b000301 10410 100 2097152 39490445 1919163 176699 13794
0b000901 0b000a01 10407 100 2097152 41366288 44164 44264 12441
0b000601 0b000701 10406 100 2097152 38754889 2659140 176699 12422
0b000e01 0b000f01 10406 100 2097152 41244566 177723 44264 12942
0b000f01 0b000801 10407 100 2097152 41374331 48369 44264 14815
0b000001 0b000101 10409 100 2097152 39297176 2155802 176699 13376
0b000a01 0b000b01 10407 100 2097152 41413462 44164 44264 12458
0b000301 0b000c01 10053 100 2097152 41412618 48648 48204 13811
0b000e01 0b000f01 10407 100 2097152 41286547 177423 44264 14382
0b000401 0b000501 10409 100 2097152 39540623 1927687 176699 11972
0b000401 0b000501 10410 100 2097152 39540633 1927681 176699 11988
0b000e01 0b000f01 10408 100 2097152 41298033 171658 44264 11998
0b000801 0b000901 10406 100 2097152 41425710 46268 44264 14824
0b000f01 0b000801 10408 100 2097152 41425299 54146 44264 12959
0b000e01 0b000f01 10409 100 2097152 41339332 140133 44264 14398
0b000301 0b000401 10411 100 2097152 40286390 1198378 176699 14787
0b000201 0b000301 10411 100 2097152 39701505 1786935 176699 14370
0b000101 0b000201 10412 100 2097152 40415524 1083399 176699 13857
0b000b01 0b000c01 10408 100 2097152 41460636 46003 44264 12475
0b000c01 0b000d01 10407 100 2097152 41464276 46093 44264 13836
0b000f01 0b000801 10409 100 2097152 41466980 48996 44264 14399
0b000901 0b000a01 10408 100 2097152 41474988 44164 44264 14841
0b000101 0b000201 10413 100 2097152 40506172 1027139 176699 13377
0b000d01 0b000e01 10410 100 2097152 41513379 44164 44264 13853
0b000401 0b000501 10411 100 2097152 39724347 1834411 176699 14772
0b000a01 0b000b01 10408 100 2097152 41522162 44164 44264 14858
0b000001 0b000101 10410 100 2097152 39469404 2099410 176699 13392
0b000601 0b000701 10407 100 2097152 39063742 2531359 176699 11878
0b000e01 0b000f01 10410 100 2097152 41560553 44164 44264 13870
0b000201 0b000b01 10056 100 2097152 41394373 214494 180639 13378
0b000501 0b000e01 10054 100 2097152 41561768 48108 48204 14789
0b000b01 0b000c01 10409 100 2097152 41569336 45676 44264 14875
0b000701 0b000801 10053 100 2097152 41598111 48108 48204 11895
0b000f01 0b000801 10410 100 2097152 41607727 47888 44264 13887
0b000b01 0b000c01 10410 100 2097152 41611877 45664 44264 13403
0b000e01 0b000f01 10411 100 2097152 41612886 46019 44264 14814
0b000001 0b000101 10411 100 2097152 39702312 1986094 176699 13408
0b000701 0b000001 10413 100 2097152 41202639 498471 176699 12919
0b000401 0b000501 10412 100 2097152 39962775 1740899 176699 15332
0b000c01 0b000d01 10408 100 2097152 41660551 44164 44264 13420
0b000f01 0b000801 10411 100 2097152 41661915 46178 44264 14831
0b000601 0b000701 10408 100 2097152 39293406 2439927 176699 12934
0b000001 0b000101 10412 100 2097152 39827532 1906926 176699 12848
0b000801 0b000901 10407 100 2097152 41649229 91007 44264 11912
0b000201 0b000b01 10057 100 2097152 41536321 214587 180639 13394
0b000d01 0b000e01 10411 100 2097152 41707725 44164 44264 13437
0b000601 0b000701 10409 100 2097152 39342486 2413263 176699 12950
0b000801 0b000901 10408 100 2097152 41658625 100669 44264 13896
0b000701 0b000001 10414 100 2097152 41214239 570523 176699 12423
0b000101 0b000a01 10054 100 2097152 41737468 48243 48204 12865
0b000801 0b000901 10409 100 2097152 41711103 74507 44264 14840
0b000b01 0b000c01 10411 100 2097152 41753918 44600 44264 13419
0b000201 0b000301 10412 100 2097152 40321962 1498426 176699 14386
0b000901 0b000a01 10409 100 2097152 41743246 86979 44264 11929
0b000501 0b000601 10411 100 2097152 40471340 1359168 176699 11941
0b000a01 0b000b01 10409 100 2097152 41788721 50073 44264 12890
0b000c01 0b000d01 10409 100 2097152 41801528 44352 44264 13436
0b000901 0b000a01 10410 100 2097152 41762304 105946 44264 13913
0b000301 0b000401 10412 100 2097152 40591378 1283295 176699 14803
0b000901 0b000a01 10411 100 2097152 41788620 92824 44264 14857
0b000a01 0b000b01 10410 100 2097152 41833235 48331 44264 11946
0b000b01 0b000c01 10412 100 2097152 41841804 49616 44264 12907
0b000301 0b000401 10413 100 2097152 40642990 1252471 176699 14819
0b000301 0b000401 10414 100 2097152 40643000 1252901 176699 14835
0b000501 0b000601 10412 100 2097152 40503288 1404004 176699 11957
0b000a01 0b000b01 10411 100 2097152 41884454 46171 44264 14874
0b000b01 0b000c01 10413 100 2097152 41884576 49462 44264 11963
0b000c01 0b000d01 10410 100 2097152 41894430 49197 44264 12924
0b000501 0b000601 10413 100 2097152 40584212 1381835 176699 15285
0b000001 0b000901 10057 100 2097152 41787772 180222 180639 12432
0b000201 0b000301 10413 100 2097152 40583125 1387367 176699 13810
0b000601 0b000701 10410 100 2097152 39862470 2110347 176699 12438
0b000c01 0b000d01 10411 100 2097152 41937048 49113 44264 11980
0b000701 0b000001 10415 100 2097152 41333691 653579 176699 12935
0b000001 0b000101 10413 100 2097152 40395484 1598462 176699 13424
0b000d01 0b000e01 10412 100 2097152 41946637 49281 44264 12941
0b000901 0b000a01 10412 100 2097152 41971004 44164 44264 12457
0b000301 0b000c01 10054 100 2097152 41973502 48108 48204 13827
0b000d01 0b000e01 10413 100 2097152 41989171 49857 44264 11997
0b000e01 0b000f01 10412 100 2097152 41998928 45959 44264 12958
0b000301 0b000401 10415 100 2097152 40791490 1254547 176699 14851
0b000501 0b000601 10414 100 2097152 40662256 1399077 176699 15301
0b000a01 0b000b01 10412 100 2097152 42018178 44164 44264 12474
0b000701 0b000001 10416 100 2097152 41417039 647143 176699 12439
0b000401 0b000501 10413 100 2097152 40603943 1463383 176699 15348
0b000c01 0b000d01 10412 100 2097152 42024620 44788 44264 13852
0b000101 0b000201 10414 100 2097152 41057368 1033487 176699 13873
0b000201 0b000301 10414 100 2097152 40773541 1317543 176699 13826
0b000601 0b000701 10411 100 2097152 40118881 1982028 176699 12454
0b000d01 0b000e01 10414 100 2097152 42072418 44164 44264 13869
0b000401 0b000501 10414 100 2097152 40732403 1403379 176699 14788
0b000101 0b000201 10415 100 2097152 41085804 1050183 176699 13889
0b000101 0b000201 10416 100 2097152 41085814 1050174 176699 13905
0b000301 0b000c01 10055 100 2097152 42094094 48108 48204 13843
0b000201 0b000301 10415 100 2097152 40905350 1248806 176699 13842
0b000601 0b000701 10412 100 2097152 40231362 1929387 176699 11894
0b000301 0b000401 10416 100 2097152 40971330 1191895 176699 14867
0b000e01 0b000f01 10413 100 2097152 42119592 44164 44264 13886
0b000001 0b000101 10414 100 2097152 40694452 1480862 176699 12864
0b000501 0b000e01 10055 100 2097152 42138792 48633 48204 14805
0b000c01 0b000d01 10413 100 2097152 42145212 44164 44264 13868
0b000301 0b000c01 10056 100 2097152 42157166 48108 48204 13859
0b000001 0b000101 10415 100 2097152 40772120 1438986 176699 12880
0b000f01 0b000801 10412 100 2097152 42166766 45231 44264 13903
0b000701 0b000801 10054 100 2097152 42163759 48636 48204 11911
0b000601 0b000f01 10056 100 2097152 41969057 261114 180639 15302
0b000001 0b000101 10416 100 2097152 40831096 1400162 176699 12896
0b000101 0b000a01 10055 100 2097152 42178324 57177 48204 12881
0b000e01 0b000f01 10414 100 2097152 42190435 46917 44264 14830
0b000d01 0b000e01 10415 100 2097152 42192386 47565 44264 13885
0b000001 0b000901 10058 100 2097152 42067192 180829 180639 12448
0b000201 0b000301 10416 100 2097152 41126721 1126687 176699 13858
0b000c01 0b000d01 10414 100 2097152 42208284 45541 44264 13884
0b000a01 0b000b01 10413 100 2097152 42238511 45680 44264 12906
0b000701 0b000001 10417 100 2097152 41736343 548227 176699 12951
0b000001 0b000101 10417 100 2097152 41074216 1210762 176699 12912
0b000e01 0b000f01 10415 100 2097152 42242961 47712 44264 13902
0b000901 0b000a01 10413 100 2097152 42251031 46274 44264 12473
0b000501 0b000601 10415 100 2097152 40989980 1310941 176699 11973
0b000d01 0b000e01 10416 100 2097152 42256835 45633 44264 13901
0b000301 0b000c01 10057 100 2097152 42256418 48108 48204 13875
0b000801 0b000901 10410 100 2097152 42215007 92183 44264 13912
0b000801 0b000901 10411 100 2097152 42215405 92182 44264 11928
0b000101 0b000a01 10056 100 2097152 42214116 94978 48204 12897
0b000601 0b000f01 10057 100 2097152 42064343 261100 180639 15318
0b000f01 0b000801 10413 100 2097152 42233181 97269 44264 15327
0b000301 0b000401 10417 100 2097152 41319794 1010951 176699 14355
0b000101 0b000a01 10057 100 2097152 42234268 98224 48204 12913
0b000b01 0b000c01 10414 100 2097152 42287201 45305 44264 12923
0b000101 0b000201 10417 100 2097152 41455988 882847 176699 13393
0b000e01 0b000f01 10416 100 2097152 42305478 46226 44264 13918
0b000f01 0b000801 10414 100 2097152 42240362 111360 44264 14847
0b000301 0b000401 10418 100 2097152 41380174 974139 176699 14371
0b000901 0b000a01 10414 100 2097152 42310597 46168 44264 11945
0b000101 0b000a01 10058 100 2097152 42287988 71506 48204 12929
0b000301 0b000401 10419 100 2097152 41491450 868707 176699 14387
0b000c01 0b000d01 10415 100 2097152 42307536 62497 44264 13900
0b000501 0b000601 10416 100 2097152 41127256 1251349 176699 15317
0b000101 0b000201 10418 100 2097152 41571824 808791 176699 13409
0b000201 0b000301 10417 100 2097152 41501933 894095 176699 13874
0b000c01 0b000d01 10416 100 2097152 42335516 62442 44264 12940
0b000a01 0b000b01 10414 100 2097152 42312104 87123 44264 12922
0b000601 0b000701 10413 100 2097152 40785350 1614135 176699 12470
0b000101 0b000201 10419 100 2097152 41691416 713111 176699 13425
0b000f01 0b000801 10415 100 2097152 42293683 111207 44264 13919
0b000801 0b000901 10412 100 2097152 42333460 73573 44264 15336
0b000f01 0b000801 10416 100 2097152 42328453 88187 44264 15343
0b000801 0b000901 10413 100 2097152 42354732 77078 44264 14856
0b000601 0b000701 10414 100 2097152 40857169 1576016 176699 11910
0b000d01 0b000e01 10417 100 2097152 42373043 62560 44264 13917
0b000701 0b000001 10418 100 2097152 41975827 463818 176699 12455
0b000301 0b000c01 10058 100 2097152 42399038 48639 48204 13891
0b000b01 0b000c01 10415 100 2097152 42402237 46622 44264 12939
0b000001 0b000101 10418 100 2097152 41704120 747194 176699 12928
0b000501 0b000601 10417 100 2097152 41334324 1121965 176699 15333
0b000d01 0b000e01 10418 100 2097152 42400968 62525 44264 12957
0b000a01 0b000b01 10415 100 2097152 42335502 133396 44264 12938
0b000801 0b000901 10414 100 2097152 42419650 52249 44264 15352
0b000901 0b000a01 10415 100 2097152 42410043 67638 44264 15353
0b000701 0b000801 10055 100 2097152 42436195 48637 48204 11927
0b000701 0b000001 10419 100 2097152 42103919 388378 176699 12471
0b000001 0b000101 10419 100 2097152 41990280 502342 176699 12944
0b000a01 0b000b01 10416 100 2097152 42359775 134283 44264 11962
0b000a01 0b000b01 10417 100 2097152 42362504 132501 44264 12954
0b000501 0b000601 10418 100 2097152 41471320 1026733 176699 11989
0b000901 0b000a01 10416 100 2097152 42434820 67950 44264 14873
0b000101 0b000a01 10059 100 2097152 42454324 48642 48204 12945
0b000501 0b000601 10419 100 2097152 41706684 815195 176699 15349
0b000801 0b000901 10415 100 2097152 42487842 44825 44264 11944
0b000601 0b000701 10415 100 2097152 41214210 1324618 176699 11926
0b000b01 0b000c01 10416 100 2097152 42471908 67052 44264 12955
0b000401 0b000501 10415 100 2097152 41487778 1051462 176699 14804
0b000c01 0b000d01 10417 100 2097152 42450687 92305 44264 13916
0b000c01 0b000d01 10418 100 2097152 42451869 92419 44264 12956
0b000201 0b000301 10418 100 2097152 42093865 467805 176699 13890
0b000b01 0b000c01 10417 100 2097152 42497068 66260 44264 11979
0b000201 0b000301 10419 100 2097152 42138997 434029 176699 13906
0b000901 0b000a01 10417 100 2097152 42535677 44164 44264 11961
0b000701 0b000801 10056 100 2097152 42541838 48638 48204 11943
0b000501 0b000e01 10056 100 2097152 42542250 48657 48204 14821
0b000c01 0b000d01 10419 100 2097152 42566338 44164 44264 11996
0b000301 0b000c01 10059 100 2097152 42564680 48642 48204 13907
0b000601 0b000701 10416 100 2097152 41398682 1214754 176699 11942
0b000001 0b000901 10059 100 2097152 42442655 180241 180639 12464
0b000a01 0b000b01 10418 100 2097152 42582851 44164 44264 11978
0b000801 0b000901 10416 100 2097152 42593486 44164 44264 11960
0b000e01 0b000f01 10417 100 2097152 42593917 44164 44264 14846
0b000201 0b000b01 10058 100 2097152 42341845 314622 180639 13410
0b000601 0b000f01 10058 100 2097152 42381615 279000 180639 15334
0b000701 0b000801 10057 100 2097152 42616446 48636 48204 11959
0b000401 0b000d01 10058 100 2097152 42333755 332850 180639 14372
0b000901 0b000a01 10418 100 2097152 42640660 44952 44264 11977
0b000b01 0b000c01 10418 100 2097152 42630025 58779 44264 11995
0b000401 0b000d01 10059 100 2097152 42357323 332818 180639 14388
0b000201 0b000b01 10059 100 2097152 42383625 314606 180639 13426
0b000f01 0b000801 10417 100 2097152 42641091 67427 44264 14863
0b000d01 0b000e01 10419 100 2097152 42669615 44164 44264 14397
0b000801 0b000901 10417 100 2097152 42668092 51210 44264 11976
0b000b01 0b000c01 10419 100 2097152 42659477 61579 44264 13435
0b000f01 0b000801 10418 100 2097152 42663625 68462 44264 15359
0b000a01 0b000b01 10419 100 2097152 42688622 45602 44264 11994
0b000601 0b000f01 10059 100 2097152 42459299 278702 180639 15350
0b000401 0b000501 10416 100 2097152 41877683 862501 176699 14820
0b000401 0b000501 10417 100 2097152 41898471 851053 176699 14836
0b000401 0b000501 10418 100 2097152 41898911 850965 176699 14852
0b000601 0b000701 10417 100 2097152 41833518 922818 176699 11958
0b000801 0b000901 10418 100 2097152 42711528 48921 44264 14872
0b000901 0b000a01 10419 100 2097152 42722312 45899 44264 11993
0b000601 0b000701 10418 100 2097152 41910302 865538 176699 11974
0b000401 0b000501 10419 100 2097152 42049047 728733 176699 14868
0b000701 0b000801 10058 100 2097152 42759346 72657 48204 11975
0b000601 0b000701 10419 100 2097152 42303931 530221 176699 11990
0b000701 0b000801 10059 100 2097152 42778850 72645 48204 11991
0b000501 0b000e01 10057 100 2097152 42743194 117366 48204 14837
0b000501 0b000e01 10058 100 2097152 42752534 126678 48204 14853
0b000801 0b000901 10419 100 2097152 42835013 44164 44264 11992
0b000501 0b000e01 10059 100 2097152 42752886 126498 48204 14869
0b000e01 0b000f01 10418 100 2097152 42863570 69553 44264 14862
0b000e01 0b000f01 10419 100 2097152 42882222 70267 44264 14878
0b000f01 0b000801 10419 100 2097152 42936133 44908 44264 14879
